0,0,0,0,0,0,0,0,0,0,0
-0.0851141981036819,-0.0428883400100041,0.0182150004150113,-0.049677170528048,0.0119226619093546,0.0034774431412731,0.0347741589223207,0.0528238100407132,-0.048517951749266,-0.040900991754381,0.0334493087870273
-0.0486839966085526,-0.00965165072764118,0.016322532841422,-0.0262579330080865,0.0261163070358722,-0.00965167891785838,0.0560644603053017,0.039458179641346,-0.0370449109915161,-0.0154709361625398,0.0339224248971448
-0.0884260346168232,-0.0312968967820947,0.0136612503144873,-0.0521610290623149,0.0342776529847011,-0.0139097725575666,0.0639596137380393,0.033780743722155,-0.0613511983697276,-0.0547692430271712,0.0454546300148591
-0.0845622253560014,-0.013909731921903,-0.00165590913247568,-0.0513330762151654,0.033449690354828,0.00264948048533488,0.0574049607672033,0.0266050955435946,-0.0598332874750881,-0.0472486490579244,0.0610477483850722
-0.0963744422000674,-0.00894197052993861,0.00198709095258345,-0.0591158329248984,0.0462003148901308,0.00298066554749477,0.0620967123706589,0.0412323783729987,-0.076005938054829,-0.0615998742297981,0.0496771912719531
-0.101838972421447,-0.00695486597518821,-0.0178838185965033,-0.0546448875821454,0.0616004198558185,-0.00198711036779327,0.0476902750968892,0.0337807437183317,-0.0735220838708478,-0.0615998742297981,0.0466965597952811
-0.14257456138663,-0.0213613740073192,-0.0208644550300366,-0.0710383538474376,0.0645810853316596,-0.0218582140210243,0.0740192811402139,0.0397420514360498,-0.103825104915419,-0.0769998427882979,0.058619085703327
-0.142077785911941,-0.0114258512327268,-0.0298063643271254,-0.0481868554280725,0.0511680906934198,-0.018877548472852,0.0894192658121746,0.0357678462868435,-0.112270209143206,-0.0765030696094752,0.0397417530215111
-0.178342395622846,-0.0466969571260929,-0.0268257278935921,-0.0794834728544887,0.0640843077615704,-0.0213614364298446,0.0914063606083095,0.0596130771491889,-0.125186250902569,-0.0824643477651578,0.0531545946645235
-0.174368191823328,-0.0387485389060836,-0.0352708644523362,-0.075012527508301,0.085942521246893,-0.0347744314057661,0.108793440072806,0.0680582630851042,-0.132637813453068,-0.0824643477651578,0.0700448396997176
-0.150522968994962,-0.0332840013734241,-0.0412321373138222,-0.0496771705352692,0.0909102970391304,-0.0496777591506923,0.0988579660984509,0.0387485001497636,-0.131147500940946,-0.0750127500724198,0.0665674363120288
-0.153006846367704,-0.0491808378090806,-0.0397418190978434,-0.0690512670258133,0.0928974073557878,-0.0457035384184618,0.0784902444422939,0.0317936411393626,-0.125683021738967,-0.0725288841795519,0.0645803486610273
-0.142077785908026,-0.0412324195826945,-0.0357676371886262,-0.0596126046233939,0.0924006297765463,-0.0442132056440786,0.0576257490794171,0.0511678912231841,-0.122205625878529,-0.0432192665919767,0.0561352261456586
-0.134129378310045,-0.0601099128564125,-0.00645804560947533,-0.0675609519056037,0.106310401994811,-0.0625939765219676,0.0670644493606655,0.0635872823063641,-0.126179792573332,-0.0447095861288358,0.0437159283303574
-0.125684195232459,-0.0620970174115827,-0.00496772739376614,-0.0481868554102585,0.0938909625143659,-0.0576262006087641,0.0601096175751553,0.0611034040913779,-0.11773468834227,-0.0332838030044867,0.0655738924894969
-0.129161623555751,-0.0581228083025846,0.0109290002474232,-0.0471933120008933,0.0958780728316882,-0.0581229782003502,0.0839547551254752,0.079980878544322,-0.0923993756828496,-0.0278192980401779,0.0526578227543068
-0.11475513476813,-0.0352711059108912,0.0407353645584537,-0.040238508129132,0.106310401993766,-0.0496777591456895,0.0774966970429485,0.0725292438968888,-0.0859413548007427,-0.0307999371174696,0.0521610508415538
-0.125684195213484,-0.0377549866041459,0.0596127286243861,-0.0506707139260457,0.104323291676254,-0.0417293176857312,0.0859418499219672,0.0884260644888415,-0.082463958941821,-0.0163935149373193,0.038748209192993
-0.11475513474737,-0.0104322989356554,0.0680578651831303,-0.0298063023030057,0.104820069255638,-0.0437164280515129,0.0909095869113425,0.0774970003472295,-0.0923993756853296,-0.0119225563203808,0.044212700231258
-0.0953808912333639,-0.0109290750743271,0.0819675018658109,-0.0129160643375183,0.074019859337878,-0.0278195451179213,0.0834579814286189,0.0725292439147824,-0.0814704172788577,-0.00894191724842919,0.0407352968423285
-0.0948841157580037,0.00844519434942087,0.0824642746043505,-0.0263289003780755,0.071039193862678,-0.0178839932869282,0.0685547704567843,0.0745163464880658,-0.0829607297909796,-0.00943869042785328,0.0357675777164556
-0.111277706424012,-0.00198710456731474,0.0938900475890382,-0.0144063794586018,0.0536519785854848,-0.0253356571604075,0.0784902444382826,0.0824647567854636,-0.104818646607631,-0.0119225563207213,0.0546449103963876
-0.00943873417833929,0.0635873456979366,0.0968706840203216,0.0481868553081503,0.0501745355304615,-0.00248388796494504,0.055141880551091,0.0442130322424281,-0.0516641671000534,0.0238451125379876,-0.0208644204202934
0.0029806526886702,0.0884261526338933,0.0909094111609955,0.0765028424866382,0.0427228718432628,0.0039742207235067,0.0516644646585765,0.0432194809560655,-0.061102813003299,0.0372579883654798,-0.0263289114604285
-0.023348447503394,0.0760067491602779,0.0685546379111849,0.0620964630431666,0.044213204581308,-0.00198711037246255,0.0591160701429485,0.0402388270976634,-0.0765027089566708,0.0223547929845195,-0.048186875619568
-0.019871019180103,0.0556389274695689,0.0516643647919109,0.0581222894054101,0.0437164270019951,0.00198711035993468,0.0432193117795853,0.0283162116558305,-0.10978635500589,0.0213612466274905,-0.0392449811870026
-0.0193742437048094,0.0635873456875647,0.0476901828868934,0.064580321569885,0.037755096052877,0.0223549915970184,0.0178838531257141,0.0447098078764149,-0.0988573965946515,0.0332838029338294,-0.0412320688380889
-0.00248387756391266,0.0735228684590109,0.0198709095190115,0.0581222894071705,0.0382518736322728,0.0173872156848571,0.0208644953173612,0.0367613975820633,-0.0869348965113972,0.0317934833984623,-0.0327869463180226
0.00347742814295282,0.067561554788592,0.0188773640417372,0.063586778161997,0.0566326440611359,0.00347744311971566,0.00496773694652469,0.0332839680811711,-0.0789865631162049,0.0417289469878636,-0.044709472220797
-0.0104322851477017,0.0640841218175945,0.00546450009792609,0.0591158328195764,0.0660714180730406,0.0054645534856641,0.00447096324756679,0.0233484552124693,-0.0819671881355741,0.05961278140968,-0.0442127003080718
-0.00596130586988919,0.0591163604284107,0.0104322274824976,0.0546448874707297,0.0581229768037513,0.0109291069909332,-0.00198709484406839,0.0308000898604739,-0.0774962505995324,0.0551418227942725,-0.0516642789982093
-0.0109290606191934,0.0765035252870672,-0.0129160912338021,0.0407352797306542,0.0660714180751298,0.0223549915959759,-4.84285389568129e-11,0.0372581732247177,-0.0735220839038623,0.0556385959728721,-0.0581223138612456
-0.118729338569579,0.00496776135227819,-0.00943868206465462,-0.0213611833308306,0.0700456387093946,0.013909772548048,0.0322902904258208,0.0690518144086238,-0.133134584295582,0.0208644734722657,0.0104322101765355
-0.150522968960897,-0.0317936729222506,-0.0298063643503163,-0.0397417364070485,0.0755101920802681,-0.00397422074736437,0.0357677063183352,0.0804776541987278,-0.147044167739865,0.00844514400269247,0.0203676484306891
-0.139097133025236,-0.0268259115320178,-0.0129160912254321,-0.0516642573336135,0.0834586333480378,0.00496777589602666,0.0392451222099844,0.0745163464805528,-0.125186250906264,0.0104322367208347,0.0193741046049479
-0.127671297109106,-0.0054645375641641,0.00596127284791065,-0.0596126046114899,0.0924006297738516,-0.0168904381404136,0.0536515594773798,0.0834583080626127,-0.120218542537279,0.0158967416838482,0.0288127709479416
-0.15449717278847,-0.0303033445043156,-0.0233483187312402,-0.0705415821218201,0.0839554109263417,-0.0397422073344378,0.0745160548419878,0.0625937310521979,-0.1475409385763,0.000993546299746573,0.0496771912786892
-0.15946492753466,-0.0357678820280921,-0.0183805913406683,-0.0750125274664567,0.0919038521950611,-0.0531552023024792,0.068057996759461,0.057625974616578,-0.145057084393162,0.0029806390135434,0.0606061733604409
-0.155987499206284,-0.0273226876621115,-0.0153999549090251,-0.0889221352089451,0.0730263041868142,-0.0397422073288093,0.0665676756614738,0.0566324233304948,-0.156979584487106,-0.0094386904740259,0.0521610508435068
-0.157477825630721,-0.0293097922171976,-0.00447095465768754,-0.111276861936005,0.0770005248221236,-0.0665681972831853,0.0740192811444033,0.0690518144155784,-0.177843959634823,-0.02632897853863,0.041728840674785
-0.150522968977865,-0.0283162399392769,-0.0139096366896561,-0.0904124503165852,0.0839554109329178,-0.0735230835628376,0.107799892674958,0.0750131221319262,-0.175360105448555,-0.0089419172624462,0.0501739631901537
-0.144064887803954,-0.0372582104364098,-0.0153999549067152,-0.0799802445106237,0.0899167418844573,-0.0953812975946914,0.115251498156651,0.0799808785644998,-0.189766459724025,-0.0119225563342407,0.0591158576155769
-0.133632602821598,-0.0243420308209869,-0.0218580005071461,-0.0864382766800599,0.0879296315674198,-0.106807182193741,0.116741819254061,0.0869357375665506,-0.182314897165581,-0.0342773494042086,0.0655738924817446
-0.138103582098477,-0.026825911517283,-0.0139096366853513,-0.0854447332701039,0.0740198593478255,-0.117736289214254,0.120219235145903,0.0799808785646782,-0.162940834513626,-0.0298063907942201,0.0586190857041347
-0.12369709331715,-0.0183807171562946,-0.0124193184692824,-0.0670641801779439,0.0645810853420107,-0.127671841040453,0.100845060883857,0.0928970452850813,-0.177347188787699,-0.0183806076689677,0.0591158576170084
-0.144064887779819,-0.0263291353746261,-0.023845091458455,-0.0645803216532689,0.0601100871295846,-0.106310404595526,0.0769999233315588,0.0943873722150246,-0.184798751341628,-0.0317934834900998,0.065077120569161
-0.150522968965998,-0.0521614946201988,-0.0213612277632816,-0.0819673313410744,0.0725295266100297,-0.102832961455882,0.0700450915460485,0.121213256938589,-0.190263230553803,-0.049677317966574,0.05663199805584
-0.175858518186244,-0.0725293163109078,-0.02384509145838,-0.0914059937385815,0.0630907526030871,-0.1102846253303,0.0581225227722073,0.148535917318793,-0.237953230922647,-0.0735224305459561,0.0789867341214701
-0.217587658157291,-0.0829616152340305,-0.0253354096741343,-0.105315601490722,0.0750134145050266,-0.128665396222072,0.0640838071634143,0.165426289175307,-0.231991980874808,-0.0750127500850145,0.111773680352229
-0.20119406749315,-0.0859422720669744,-0.0283160461055974,-0.0869350484022062,0.0750134145050266,-0.103826516633644,0.0521612383892434,0.146052039079112,-0.230998439200626,-0.0705417914782057,0.112767224177957
-0.197716639167415,-0.0710389879031983,-0.0273225006282932,-0.0993543410301974,0.0606068647015139,-0.0899167440763827,0.0178838531592362,0.137110077503905,-0.218082397436881,-0.083457894138982,0.0919028038421504
-0.17337464091085,-0.0397420911780968,-0.00496772738658283,-0.0919027654578345,0.0690520835466023,-0.0675617524531303,-0.0109290213871081,0.136613301860705,-0.192250313915651,-0.0725288842113716,0.067064208210308
-0.164432682357857,-0.0437163002897795,-0.0203676822901477,-0.0859415049936657,0.0710391938636398,-0.0695488628187452,-0.018380626875395,0.125187462070309,-0.191256772241397,-0.0606063279040904,0.0486836474342236
-0.144064887880489,-0.0407356434542555,-0.022851545984046,-0.0804770162397871,0.080477967870808,-0.0531552022898671,-0.0268257797567491,0.124690686427222,-0.191753543078398,-0.0700450183041985,0.0665674362881299
-0.158471376661816,-0.0541485992054768,-0.0208644550294974,-0.0879285918156587,0.080477967870808,-0.047690648784942,-0.0124193424829793,0.127671340284558,-0.190760001403999,-0.0700450183041985,0.0774964183695699
-0.197219863732147,-0.080477734572876,-0.012419318471518,-0.116244579015198,0.0765037472367331,-0.0675617524540162,0.0208644953416935,0.134626199289451,-0.226030730862689,-0.0879288527472152,0.0998511544310547
-0.179832722080683,-0.055638927605455,-0.00496772738824783,-0.0988575693273925,0.0566326440644597,-0.0670649748626802,0.0208644953416935,0.121710032575317,-0.227521043375353,-0.0640837401156866,0.10332855781914
-0.184800476832629,-0.059613136717893,0.0347740916883273,-0.105315601496669,0.0735230817580671,-0.0720327507802615,0.0263290060306862,0.115748724859274,-0.197218022294799,-0.0630901937576103,0.0988576106071619
-0.112271257401858,-0.0303033445170671,0.0352708644269269,-0.078986701116845,0.069052083545641,-0.0531552022970176,0.00347741585365002,0.0859421862790584,-0.177347188814522,-0.0303031639255441,0.0596126295091298
-0.135619704714496,-0.0422259718526186,0.0114257729557823,-0.089915678626904,0.0556390888984269,-0.0725295283737552,0.0139096635314819,0.118232603095327,-0.193740626444689,-0.0397418543189386,0.089418944267766
-0.144064887792081,-0.0660712265191909,-0.0109290002980781,-0.0879285918059083,0.0740198593356346,-0.0715359731914063,0.033780611498874,0.119226154381664,-0.205166355696817,-0.0432192665752749,0.0998511544372324
-0.151516519909033,-0.0700454356248336,-0.0158967276825001,-0.0809737879408683,0.067064973228164,-0.0700456404172733,0.0352709325972321,0.0928970452738875,-0.22106302247526,-0.0293096175856581,0.12021880285665
-0.195232761752732,-0.0973681232858238,-0.00496772742687213,-0.0889221352268207,0.060606864697098,-0.0854457457564435,0.054148333161556,0.118729378703476,-0.245901564346071,-0.0452063593303755,0.149528345711212
-0.152510070949284,-0.0526582707982697,0.011425772945927,-0.095876939095652,0.0496777579515642,-0.0844521905732399,0.0432193117797925,0.087432513163468,-0.225533960038906,-0.0173870613225621,0.11922525903669
-0.148039091671472,-0.0556389276329125,0.0268257278355419,-0.0973672542111587,0.0625939750110728,-0.0958780751758853,0.0526580120563427,0.0829615323772923,-0.218579168319461,-0.0432192666590892,0.130651013027257
-0.0899163610875015,-0.0447098525711701,0.0238450914038089,-0.0606061480300265,0.054645533740644,-0.0809747474225161,0.0352709326033857,0.0611034040678241,-0.162444063716593,-0.00745159779001603,0.111773680354057
-0.0755098722993328,-0.0387485389028907,0.0293095915293951,-0.0650770933768788,0.0710391938591405,-0.0839554129706884,0.0362644800014807,0.0670647117831056,-0.137108751016039,-0.00745159779001603,0.073025471152907
-0.0457033438018118,-0.00198710463845056,-0.0039741819407039,-0.0447094534654588,0.0566326440625127,-0.0690520852210717,0.0188774005307336,0.0447098078316682,-0.117734688381455,0.0268257515315586,0.0432191563917202
-0.0213613455447842,0.0129161795174607,-0.00496772741791821,-0.0193740965288412,0.0566326440625127,-0.0501745367528787,0.0372580274145501,0.0392452757536731,-0.0953800007391655,0.0307999369618744,0.0233482798695226
-0.00844518319904697,0.020864597741833,0.0278192733459954,-0.0124192926581142,0.0774973023988841,-0.0362647641833592,0.0258322323385131,0.0183806987400602,-0.0710382297172737,0.0481869982092001,-0.00695480680197402
-0.0109290605753266,0.0173871647676054,0.0412321373019569,-3.13541415053464e-11,0.0819683006108829,-0.0516648695144517,0.0223548164458064,0.0352710706000252,-0.0854445840007732,0.0546450495418854,-0.00645803488922105
-0.0114258360498651,0.00695486586210112,0.0283160460954406,-0.00596126048695497,0.077994079976998,-0.0665681972600032,0.0447096329063404,0.0466969104058917,-0.0675608338758917,0.0332838028750398,-0.0332837181758196
-0.0114258360498651,0.0203678216269157,0.0402385918205726,-0.0158966945988281,0.0834586333495689,-0.0447099832331942,0.0501741435923111,0.0327871924096076,-0.0620963546617308,0.0298063906165961,-0.0367611215640538
0.00198710174613081,0.00298065678073822,0.0317934552669281,0.00546448870490721,0.0869360764055893,-0.0233485468044023,0.0491805961936391,0.0352710706289091,-0.0561351046244367,0.0407354005370096,-0.0596126295655593
0.00397420364713574,0.00248388064159433,0.012419318467976,0.0213611832645997,0.0611036422785474,-0.00894199665414748,0.0288128745380456,0.0104322884647698,-0.0601092713209734,0.0476902250541716,-0.0884254005054834
-0.0760066478736331,-0.00993552283805177,0.00447095464738123,-0.00794834733382815,0.0536519785847603,-0.0347744314326169,0.0397418959104399,0.0571291989142661,-0.129657188550822,-0.00248386601744544,-0.0461997879611557
-0.0804776271518702,-0.0268259115687656,0.0178838185843075,-0.00447094539730128,0.0437164269993359,-0.0377550969811644,0.0342773852202382,0.0551420963427088,-0.156979584601763,-0.00645805145393885,-0.0144063855365251
-0.0476904458438226,-0.02632913543045,0.0298063643126797,0.0153999227890195,0.0352712081483953,-0.035271209023807,0.0452064066038151,0.0625937309960435,-0.162444063804535,-0.0233483395176534,-0.0278192271873819
-0.117239012352576,-0.0735228686232149,0.0193741367983066,-0.0273224438285093,0.0397422063608215,-0.0506713143519915,0.0620967123723617,0.092897045227391,-0.21957271004995,-0.0715353379167283,0.0114257539330414
-0.139097133249098,-0.0789874061521823,0.00645804559608032,-0.0521610290921863,0.0332840978303727,-0.0536519799019149,0.0740192811471924,0.113264846598083,-0.239940314372415,-0.088922399164054,0.0342772619172698
-0.0854453819739361,-0.0486840616797598,0.00546450011823602,-0.0347740194276477,0.036761540883485,-0.0367615417973773,0.0571289753730406,0.0914067183059242,-0.199205105734886,-0.0720321110736428,-0.0149031574797322
-0.0571291799402757,-0.0442130764339775,0.0153999548933794,-0.0337804760182578,0.0422260942548808,-0.0352712090224,0.0332838378141485,0.0909099426623302,-0.211127605816407,-0.0501740912287859,-0.0332837182621094
0.074516320845053,0.011922627239509,0.0233483187053346,0.0273224436917774,0.0263292117125036,-0.0178839933336656,-0.0084451529208377,0.0531549937651223,-0.130153959450004,0.0104322366122729,-0.100844698445298
0.0452065678745295,0.0317936727769492,0.0298063643055702,0.0114257491423269,0.0168904377019523,-0.00645810874012921,-0.000496773733001443,0.0804776541564945,-0.154992501283497,-0.0233483395258343,-0.0943866635737868
-0.108793829901112,-0.0640841222742311,0.0109290002231073,-0.0556384311169769,0.0442132045661134,-0.0730263060594679,0.0357677062718893,0.161948859536254,-0.218579168532884,-0.0640837403057153,0.00745157843473601
-0.0432194671455284,-0.0372582107664084,0.0158967276114293,-0.0521610291793297,0.0650778629019863,-0.03825187463348,0.0352709325732884,0.137606853039337,-0.167908543099234,-0.0163935151255917,-0.0407352970611482
-0.0561356295091755,-0.0452066289968224,0.00447095462881189,-0.0625932349907203,0.0501745355149464,-0.0342776539021667,0.0457031802531402,0.150523019750832,-0.166915001424016,-0.0283160714400988,-0.0352708060223378
-0.107800278861709,-0.0869358246518729,-0.0084451365773148,-0.0923995372775875,0.052658423412638,-0.039742207408697,0.0655741282062455,0.164929513405848,-0.210134064260899,-0.0412321740872639,-0.00546449124967188
-0.0412323651995385,-0.0591163608636329,-0.0059612728828162,-0.0715351256623037,0.044213204566137,-0.0298066555829153,0.0581225227220796,0.134626199174501,-0.178340730678589,0.00794837066925891,-0.0213611924576788
-0.060109833261236,-0.0844519439690654,-0.00447095466665701,-0.0650770934907867,0.0501745355173917,-0.0308002107663065,0.061599938613248,0.138600404317514,-0.195230939156471,0.000993546165839687,-0.000496772137345086
-0.0263291010333212,-0.0437163006413865,0.0238450914283948,-0.0615996915596885,0.017387215279223,-0.016393660627839,0.0640838071104425,0.121710032438564,-0.174863334868058,0.0158967415271682,-0.0233482801636364
-0.131645501734581,-0.122703706775277,0.00993545474151439,-0.0968704826231839,0.0193743255957382,-0.0417293178152123,0.0953805501499979,0.172877923662054,-0.206159897615042,-0.0412321740298612,0.0541481382044029
-0.252361942052133,-0.178839410448764,-0.0158967276613791,-0.142076707756586,0.0397422063509687,-0.0586197559126628,0.128664388005965,0.218084507201366,-0.27670135639482,-0.097864316432751,0.132638100463732
-0.327375038787286,-0.240936427808977,-0.0347740917307313,-0.161947575961126,0.0551423113133445,-0.0973684080348377,0.157477262532391,0.235968430345841,-0.292598023184049,-0.107799780014299,0.173870169230528
-0.222555413105895,-0.183310395503377,-0.019870909558566,-0.14108316430085,0.0457035373097848,-0.0576262006574919,0.128167614314933,0.192252173843035,-0.274217502162001,-0.0839546673519777,0.127173609517227
-0.0963744428113584,-0.10978752708312,-0.0223547732525396,-0.0571287462749998,0.0377550960414454,-0.042226095328015,0.0705418651839959,0.142077833824686,-0.193740626730665,-0.0203677006327269,0.045703015743658
-0.0884260352022052,-0.0799809587329135,-0.0213612277754756,-0.0536513443372661,0.0412325390993769,-0.0407357625539445,0.0650773544953051,0.123697135040361,-0.179831043282674,-0.00894191749784057,0.0178837886280583
-0.142574562036991,-0.0998520043089484,-0.017883818603598,-0.0938898524948412,0.0481874252113346,-0.0551423127135698,0.0730257336703933,0.15400044924539,-0.206159897699237,-0.0561353695530937,0.0635868045632764
-0.140090684664817,-0.0864390485656556,-0.0109290002609978,-0.0919027656754705,0.0332840978267877,-0.0546455351223902,0.067064449280835,0.165426289043083,-0.202185731004915,-0.0690514722040019,0.064083576476137
-0.0839550559950147,-0.0312968971358167,-0.0178838186042285,-0.082960874979882,0.0223549910815151,-0.0298066555501189,0.0611031648955627,0.140587506885924,-0.158966668162795,-0.0640837404155836,0.00943866608686103
-0.179335947103771,-0.109787527025279,-0.0457030919603507,-0.112270405560879,0.0342776529922865,-0.0511680919654662,0.0829612076560671,0.181819885270495,-0.222553335276571,-0.116244924231767,0.0953802070643833
-0.186787579244927,-0.0963745712480013,-0.0332837734893592,-0.132638045499053,0.0129162170797955,-0.0442132056760363,0.112270855850022,0.195232827607782,-0.271236877422424,-0.154496459092794,0.112270452070437
-0.153006846918861,-0.0606066892458768,-0.0193741368058382,-0.157973402486528,-0.00596133093657053,-0.0457035384499192,0.109786987355438,0.201194135319409,-0.300049586007929,-0.155490005452258,0.0998511542563758
-0.0710388935436631,0.00943874632461544,-0.00894190929115035,-0.137605762577127,-0.00298066546129933,-0.0362647642091885,0.0794837917315609,0.159961756933784,-0.252856356513428,-0.117735243870225,0.0844512249636455
0.00943873347149926,0.0650776739339907,0.00298063643686206,-0.0958769393217382,-0.0139097722076166,-3.55743351443394e-11,0.0814708865274756,0.131645545282941,-0.19572771019879,-0.076999843141872,0.033780489884802
-0.112271257550234,0.00298065670222381,3.59895446777614e-12,-0.169895923243349,-0.0104323291523442,-0.0114258846339048,0.13313535127413,0.172877923723342,-0.277198127304091,-0.158470644289535,0.12021880278474
-0.0993550951905126,-0.0154000604426073,-0.00894190929213995,-0.178837813941597,0.00149033275614791,-0.000496777626920727,0.135619219769196,0.188774744294584,-0.278688439815924,-0.157973871109914,0.141083223123523
0.0452065679442613,0.0486840614798978,-0.00447095464366287,-0.104818829862254,0.00496777581125413,0.0253356571358294,0.0784902443700504,0.133632647919071,-0.16741177232366,-0.0705417916061015,0.0531545945861639
-0.0347742835582763,0.0134129556200427,-0.0198709095490877,-0.12270261124368,0.0208646583543909,0.00993555180441391,0.0874321709536462,0.14704559028171,-0.197714793387324,-0.0933933578563053,0.0889221722934665
-0.0601098327660132,-0.0129161797312378,-0.00745159108109575,-0.105812373274007,0.0303034323620103,-0.0124194398094576,0.0844515287602686,0.159464981364255,-0.21609531435502,-0.0784901624989026,0.101341470116739
-0.0705421177521359,-0.0034774330851125,0.00596127286433526,-0.108793003504984,0.0471938700572319,-0.0193743260883803,0.0869353972540978,0.154497224937011,-0.189766459979298,-0.0670643793649197,0.109289820716662
-0.0327871815921591,0.0312968966722146,-0.00943868204108955,-0.0789867011634539,0.0506713131142493,-0.00645810869914569,0.0417289906976583,0.0963744747419632,-0.140089376158202,-0.0124193295872127,0.0576255418488386
-0.0551420779795255,-0.00943874672339393,-0.0273225006363476,-0.0521610290600664,0.0635875301799306,-0.00993555183857053,0.0427225380955334,0.0745163464570635,-0.10432187585123,-9.76796421525705e-11,0.0312966304683823
-0.0869357083491078,-0.0372582104711126,-0.0382515008899952,-0.0635867782749866,0.0675617508129609,-0.0163936605291903,0.0516644646783871,0.0834583080420933,-0.132141042698002,-0.0238451126670115,0.0293095428172107
-0.123697093498147,-0.0412324195817046,-0.0367611826746014,-0.0834576464810037,0.0755101920835795,-0.0243421019871476,0.0486838224844324,0.111774519692936,-0.159960209579153,-0.051664410715869,0.0447094721136754
-0.126180970871832,-0.0566324798805346,-0.0213612277752213,-0.0740189840865374,0.0794844127174644,-0.0218582140305198,0.0372580274090272,0.114258397909445,-0.145553855311363,-0.0317934835742357,0.0278192270811311
-0.120219665169497,-0.0476905093758502,-0.0213612277752213,-0.0650770933882894,0.071535971445896,-0.0213614364394131,0.0253354586295811,0.08494863497111,-0.132637813545741,-0.0213612468052272,0.014406385436205
-0.197716639121785,-0.0715357640243014,-0.018877364082148,-0.0919027654391579,0.0591165319607027,-0.0263292123531377,0.057128975395873,0.113761622285928,-0.18976645972748,-0.0660708328644811,0.0471933316964286
-0.152510070851167,-0.0635873457977477,0.00943868202316325,-0.10978654683654,0.048187425213602,-0.0308002106770376,0.0432193118194676,0.103826109425602,-0.173373022097314,-0.0561353692740328,-0.0158967012287016
-0.142574561355012,-0.0591163605473406,0.00248386368224285,-0.115251035589877,0.0422260942619199,-0.0268259899441401,0.0322902904395176,0.0948841478469693,-0.164431147029889,-0.065077286487061,-0.00794835062413128
-0.114755134734602,-0.0546453752952345,0.00546450011307628,-0.107799460013267,0.0352712081537847,-0.00943877425066372,0.00149032109176306,0.0755098977685917,-0.157973126150443,-0.057128915615331,-0.0332837181677081
-0.0899163609748731,-0.0506711661833839,0.0248386369272385,-0.0760060708978215,0.0566326440627026,-0.00347744315031673,0.00298064218884375,0.0859421862779298,-0.116741146670376,-0.0337805762131483,-0.037257893468406
-0.0352710587283768,-0.0178839410057711,0.0283160461000608,-0.0516642573535943,0.0457035373153408,0.00844521903987083,-0.019374174276636,0.0794841029163259,-0.0889219798081007,-0.00894191725862425,-0.034277261990374
-0.0551420777289887,-0.0317936728919619,0.0457030919547242,-0.0556384309950933,0.0476906476315709,0.00695488626486226,-0.00149032112428121,0.0859421862807342,-0.103328334082872,-0.00198709275612119,-0.0158967012213679
-0.0442130172738773,-0.0203678217008189,0.0397418190923382,-0.0561352027004962,0.0501745355280162,0.0158968829048766,0.00248386846754861,0.0770002247112378,-0.0760059380385539,0.0144064221704943,-0.0447094721686894
-0.137110031219102,-0.0794841822963907,0.0253354096707726,-0.0914059937762292,0.064084307740631,-0.00645810871415432,0.0238451375156598,0.105316436357018,-0.132637813494399,-0.0362644420820524,0.00447094716798296
-0.0973679932382564,-0.0521614946642431,0.039741819089293,-0.0546448876142278,0.0933941849144819,0.00198711033306496,0.00248386843269488,0.0884260644741847,-0.0854445840353459,0.000993546331575224,-0.0486836475497549
-0.102832523461504,-0.0839551675664313,0.0342773189640367,-0.0695480387691099,0.096871627971084,-0.0173872157404205,0.014406437205547,0.0760066733954466,-0.109289584227858,0.00645805130005883,-0.0432191565093861
-0.125684195324796,-0.0864390482619409,0.0278192733653612,-0.0466965403197306,0.096871627971084,-0.0193743261068692,0.0258322322869556,0.100348679894228,-0.137605521960926,0.00993546355547903,-0.00248385964701586
-0.113761583934391,-0.0839551675676374,0.0367611826602902,-0.0278192155417903,0.0854457436422488,-0.0104323294602888,0.0327870640749656,0.100845455537594,-0.122205626020616,0.0144064221625229,-0.041232068861432
-0.122703542487724,-0.0864390482631469,0.0298063643208396,-0.0367611062340547,0.0928974073294475,-0.0154001053714078,0.0298064218772192,0.110284192757676,-0.138102292804452,0.00993546354758701,-0.0576255419876848
-0.141581010542967,-0.109787526804882,0.0218580005024048,-0.0784899294584185,0.0765037472152599,-0.0218582140635181,0.045206406539811,0.106309987611921,-0.177843959771747,-0.0173870612876337,-0.049180419474243
-0.160458478578849,-0.126677915527037,0.0253354096744927,-0.0943866240145654,0.0829618557484864,-0.0382518745765737,0.042722538041929,0.104819660682016,-0.192747084871842,-0.0332838030147599,-0.0506707352132271
-0.127671297235934,-0.10829719839346,0.0327870007494383,-0.0799802445678808,0.0606068646799457,-0.0198711036913576,0.0238451374916991,0.1003486798915,-0.159463438804074,-0.0288128444073629,-0.0839544533696287
-0.124690644385333,-0.136613438312107,0.028812818839981,-0.0725286689881312,0.0705424162627589,-0.046697093621531,0.00546451062211561,0.0968712503911413,-0.174366563914642,-0.0377547616382948,-0.0640835768516841
-0.0312968549653521,-0.083458391383304,0.0278192733621665,-0.0422255949615634,0.0506713130990318,-0.0263292123677815,-0.015399984726914,0.0740195708205643,-0.129657188541762,0.00198709268894426,-0.109289820885844
-0.113264808367017,-0.130652124586032,0.0173870458534635,-0.0889221352329753,0.0213614359251808,-0.0521616471099364,0.0109290213484484,0.115251949214616,-0.203676043215441,-0.0412321738776958,-0.0268256833210683
-0.118729338591408,-0.106806869905364,0.0233483187172897,-0.0859415050011127,0.0402389839365853,-0.0268259899401065,0.0119225687458289,0.124193910792107,-0.183308438882609,-0.0303031639454792,-0.0173870169806315
-0.105316400756186,-0.0998520039585975,0.0124193184676017,-0.0779931577204787,0.0531552010007235,-0.016393660518111,0.0163935320365755,0.115748724867409,-0.157973126172232,-0.0352708957391327,-0.0149031574173939
-0.0899163610516222,-0.0933939141546355,0.0183805913281878,-0.0824641030610162,0.0789876351265308,-0.0144065501526628,0.00894192654931864,0.0884260644634723,-0.153998959479836,-0.0253354321717182,0.0158967011924519
-0.0844518308242218,-0.0839551675130938,0.0193741368054322,-0.0839544181767813,0.0809747454426661,-0.0308002106667504,0.0183806268404858,0.0824647567460588,-0.144560313575447,-0.0109290099718313,0.0337804900570725
-0.0640840363441448,-0.0556389275824901,0.023845091453774,-0.0685544953100576,0.0973684055568537,-0.0233485467913948,0.00645805807060085,0.0784905515994924,-0.108792813301414,0.0193741539339278,0.0233482798931121
-0.0770001986923353,-0.0402388672765077,0.026825727886407,-0.0814705596462093,0.0928974073417568,-0.00993555182532328,0.0283161008401727,0.0924002696075011,-0.133631355158983,0.0124193294240961,0.0397417530184288
-0.0889228100850041,-0.0690518833301247,0.00397418191254664,-0.0874318201056506,0.097368405557388,-0.0278195451188594,0.0377548011177674,0.0933938208943712,-0.158469896995485,0.00894191717398984,0.0670642082237833
-0.0973679931625898,-0.0655744503558238,0.0089419092992182,-0.0869350484004325,0.0839554109194687,-0.0228517692035714,0.0476902751036615,0.0904131670364257,-0.158469896995485,0.0198709271223309,0.0774964183911659
-0.114755134784658,-0.0705422117459517,0.00496772738736079,-0.0978640259129294,0.0779940799666471,-0.0347744313987618,0.0422257644130067,0.0760066733803051,-0.155489271974093,0.0059612781173255,0.10332855784644
-0.0655743627128316,-0.0407356433963744,-6.07847105982273e-14,-0.071535125533758,0.0755101920686587,-0.0213614364329717,0.0437160855104584,0.0546453207292408,-0.122205625879708,0.0079483708352055,0.0730254711736474
-0.0630904853379675,-0.0397420911185375,0.000993545477033425,-0.0710383538284906,0.076503747226679,-0.0228517692069171,0.0332838378352227,0.0546453207292408,-0.0993541673840354,0.00745159765660575,0.0700448396979969
-0.0521614248847245,-0.0347743297292487,0.00347740917078193,-0.0864382766875813,0.0720327490130777,-0.0154001053368773,0.0213612690574252,0.0347742950096045,-0.0735220838684393,0.0188773807800519,0.0526578227516151
-0.0993550949757762,-0.0591163605380483,-0.00149031821288997,-0.111276861930946,0.0601100871128472,-0.0268259899404817,0.0576257490663274,0.0799808785662391,-0.0899155214795377,-0.00943869040087819,0.0834576813342216
-0.065077587211764,-0.0546453752881131,-0.000496772735705558,-0.0919027654346402,0.0362647633066889,-0.0188775484776884,0.0735225074402414,0.0740195708469979,-0.0745156255396005,-0.00596127814738212,0.0645803486435197
-0.0397420380025838,-0.0625937935108073,-0.00546450012282718,-0.0789867011039299,0.0183807704542067,-0.00943877423893817,0.0804773392236361,0.0760066734203829,-0.0740188547029003,-0.00447095861228997,0.0576255418658098
-0.0462001191790704,-0.0675615548987328,0.000496772740818913,-0.0799802445147478,0.0243421014074557,-0.0218582140220772,0.0541483331570115,0.0700453657038833,-0.0655737504679501,-0.0134128758429867,0.0461997878701914
-0.0402388134820568,-0.0625937935076608,0.00248386369632753,-0.0760060708749232,0.0188775480326648,-0.0134129949651129,0.041728990685462,0.07898732728343,-0.0675608338161706,-0.0168902880937341,0.0452062440449179
-0.0342775077799479,-0.0561357036996085,0.000993545480483443,-0.0774963859906145,0.0163936601358042,-0.0178839932888252,0.0481870487733463,0.0779937759973467,-0.0670640629789771,-0.0293096175809764,0.031296630487714
0.00645808114500335,-0.0546453752824601,0.00943868204203294,-0.0561352026762925,0.00298066548570547,-0.00943877423327853,0.0501741435701402,0.0745163464925459,-0.0606060421007826,-0.00496773182894916,0.00794835059627891
-0.067561464735632,-0.117735945000362,-0.00745159108642124,-0.103825286407375,0.0163936601313169,-0.0293098778890109,0.0824644339845608,0.105813211996576,-0.114257292548239,-0.0352708957993807,0.0566319980249716
-0.0596130571376515,-0.128168243919741,-0.013909636688607,-0.0988575693553781,0.0139097722361775,-0.0427228728587409,0.0914063605637053,0.101342231208344,-0.128663646814283,-0.058122462029114,0.0526578227237067
-0.0700453421156475,-0.132639229170053,-0.0183805913376242,-0.101838199587536,0.0149033273948384,-0.040735762493793,0.0963740975554159,0.110780968427703,-0.152508646981369,-0.0591160083873997,0.0601094014160757
-0.0591162816659331,-0.116742392720637,-0.0208644550300227,-0.102831742997911,0.0154001049741512,-0.0382518745360187,0.0730257337224613,0.101342231210274,-0.16691500125649,-0.0457031325595539,0.04272238447763
-0.0779937497043248,-0.125187587082339,-0.0337805462380992,-0.119721980968003,0.0303034323562053,-0.0298066554847244,0.0601096175447279,0.114258397932987,-0.18926968891503,-0.0720321110662642,0.0596126295171602
-0.123697093393582,-0.135123109864483,-0.0263289551579789,-0.117734894148632,0.0432196494178742,-0.0516648695170368,0.0541483331591258,0.123200359510706,-0.198708334814387,-0.0794837087429042,0.0581223137788985
-0.134129378374353,-0.145058632643479,-0.033780546237874,-0.114754263916326,0.0511680906862137,-0.0417293176900045,0.0804773392257505,0.117239051792378,-0.207650209886796,-0.0774966160246053,0.0824641375041802
-0.136116480273207,-0.14853606561712,-0.0298063643275764,-0.118231665851129,0.0725295265976839,-0.0387486521412069,0.0774966970313007,0.10630998763904,-0.217088855793472,-0.0804772550971852,0.0988576106175724
-0.161948804992158,-0.173871648720412,-0.0322902280209495,-0.123199382904234,0.071039193859425,-0.0392454297327827,0.0799805655260227,0.11177451971187,-0.227521043377064,-0.0725288842244076,0.108793048873284
-0.129658399182079,-0.14853606564333,-0.023845091463735,-0.12369615460896,0.0874328539861483,-0.0303034330890163,0.0730257337362815,0.106309987631641,-0.214605001626777,-0.0735224305810183,0.0874318566184741
0.0218581206846861,-0.0417291957476723,0.00745159108410942,-0.0307998457791985,0.0889231867240154,0.00496777588843904,0.00347741584848199,0.044709807861426,-0.106805730036749,0.0054645049120654,-0.0268256833727751
0.00447097906096716,-0.0442130764434442,-0.000993545476420138,-0.0307998457791985,0.0844521885120166,0.0223549915884816,-4.28789781459216e-11,0.0412323783587575,-0.114754063429245,0.0149031953146601,-0.0273224552854656
-0.0283162023255451,-0.0511679423900637,0.020367682280141,-0.0273224438417235,0.0675617508083193,0.00347744311474375,0.00447096324848589,0.0442130322165507,-0.119225000963661,-0.00695482458087082,-0.022354736158105
-0.0248387740015942,-0.0457034048630574,0.0104322275067979,-0.0129160643961098,0.0814715230242576,0.0119226621692273,0.0248386848916889,0.046696910432108,-0.106308959199291,-0.00943869047419654,-0.0193741046823267
-0.0437162420536099,-0.049180837836404,0.017883818589618,-0.0029806302943324,0.0735230817551584,-0.00397422075335745,0.0283161007866078,0.0352710706393768,-0.104321875850878,-0.00496773185725796,-0.0258321395494145
0.00993550922562858,-0.0124194035634273,0.007451591076505,0.00198708675323248,0.0635875301699714,0.0119226621812348,0.0283161007866078,0.0303033142078183,-0.0854445840565084,-0.00844514410736419,-0.0268256833749566
0.0218581206318843,-0.00894197059030141,0.00149031821015896,0.00397417357452357,0.0506713131073764,0.00794844145092218,0.0307999692814672,0.0377549488554423,-0.08494781321905,-5.69295721675189e-11,-0.0442127003198499
0.0109290601854916,-0.000496776226638379,0.000496772732674761,0.0104322057386784,0.0462003148951639,0.00496777590212458,0.0412322169598764,0.0640840579416952,-0.085444584056364,0.000993546300649406,-0.0476901037068948
0.033283956578378,0.0213613739033075,-0.00794836382759975,0.0104322057386784,0.0571294216399143,0.0163936605057289,0.0312967429789279,0.0586195258688648,-0.0710382297756578,-0.00894191729084615,-0.0650771206562519
-0.0119226115668908,0.014406507963295,-0.00546450013512628,0.0124192925575074,0.0660714180672236,0.00149033276424228,0.0447096328567322,0.0789873272510038,-0.0919026049147805,-0.0342773494021015,-0.0541481385707581
-0.109787380036192,-0.0551421514485787,-0.00894190930416866,-0.0427223666424567,0.0521616458429762,-0.0154001053310822,0.0963740975990999,0.135619750595371,-0.165921459540036,-0.101341728573137,0.012916069730421
-0.106806727185591,-0.0546453753094034,0.014406409411426,-0.0491803988102925,0.036264763303638,-0.0447099832328194,0.0963740975990999,0.132639096735446,-0.157476355310612,-0.106309460363388,0.00596126295201718
-0.0620969343959948,-0.0412324195570494,0.0104322275053286,-0.0312966174270933,0.0521616458486742,-0.0193743260741525,0.118728914039234,0.124193910803845,-0.147540938568788,-0.0923998113360268,-0.0278192271280086
-0.0119226114875757,-0.0139097319410508,0.0163935003700544,-0.0337804759514604,0.0407357615291218,0.000993555162503948,0.0779934707297357,0.111277744079483,-0.120715313391866,-0.0675611524174911,-0.078986734164275
-0.0377549362124164,-0.0079484182727714,0.0183805913249031,-0.054148115865404,0.0327873202569836,0.000993555162503934,0.0884257184104528,0.127671340301742,-0.147540938611692,-0.0576256888280898,-0.0774964184256101
-0.0417291400071056,-0.0178839410435887,0.0183805913249031,-0.0655738650766437,0.0253356565649773,0.0129162173564436,0.0874321710126602,0.117735827434818,-0.168902084590825,-0.04023862758397,-0.0725286992981794
-0.0387484871563915,-0.0119226273765679,0.0263289551462178,-0.0412320515318131,0.0238453238264692,0.0268259899096197,0.0879289447115907,0.109787417143917,-0.151018334450342,-0.023845112673336,-0.0864383128603445
-0.043219466431232,-0.00447098529349993,0.0402385918255383,-0.0278192155052157,0.0144065498197522,0.031793765824074,0.0794837918295362,0.110284192786712,-0.126676563436119,-0.0163935149931623,-0.1132639961435
-0.0491807721341333,0.00447098520835251,0.0491805011245177,-0.0243418135679129,0.0114258843444809,0.0218582139951655,0.0829612077234934,0.121710032573605,-0.13214104264485,0.00397418536376837,-0.111276908491706
-0.0814711780000091,-0.0134129557896889,0.0432192282619513,-0.0496771705227365,0.001987110337764,0.0134129949374924,0.107799892655946,0.126181013361951,-0.144063542733883,0.00397418536376837,-0.0938898915445805
-0.0362646097783375,0.0149032841385235,0.0283160461005859,-0.0531545724593495,0.00347744307652126,0.0253356571236779,0.0933934553869571,0.102335782500215,-0.128166875946195,0.0327870297775871,-0.097864066847716
-0.040735589054366,0.0104322988855678,0.0139096366842406,-0.042722366650803,0.0193743256158593,0.0506713142951025,0.0884257183981315,0.10630998764668,-0.144560313571197,0.0546450496448998,-0.111276908495702
-0.0466968947552288,0.00447098521879899,-0.000993545472174562,-0.0521610290455033,0.0119226619243872,0.0437164280189522,0.0506709172830552,0.0993551286414314,-0.147044167756201,0.0710385645568293,-0.107302733190468
-0.0770001986785083,-0.032290449035553,-0.00695481833690034,-0.047690083701864,-0.000993555140059665,0.0238453243736421,0.057625749074143,0.101342231214969,-0.180327813814291,0.0606063278150292,-0.090412488141057
-0.0442130173013401,-0.0312968967576532,-0.00546450012092156,-0.0298063023129031,0.00149033275780996,0.0442132056162809,0.0566322016762405,0.0968712504284503,-0.145057084365859,0.080477254978125,-0.0978640668350206
-0.0943873402612107,-0.0695486594644645,0.000993545483213953,-0.0447094534677851,0.0149033274014984,0.0168904380796166,0.0645805808570432,0.111774519726934,-0.155986042782395,0.060109554661975,-0.0814705937195239
-0.0928970138359805,-0.0919035857235796,-0.000993545471754759,-0.0640835499602497,0.040735761520516,0.0099355518040499,0.0640838071581127,0.118729378731649,-0.147044167718004,0.0640837400927093,-0.0829609094586564
-0.0511678739671875,-0.0720325401802674,-0.00745159107140539,-0.0794834728063654,0.040735761520516,0.0144065501261676,0.0700450915458579,0.101839006869527,-0.140586146841531,0.0745159768400057,-0.094386663455904
-0.0471936701651022,-0.0814712868212113,-0.0139096366757363,-0.0730254406386898,0.0457035373123975,0.00149033274235338,0.0774966970306416,0.0973680260841506,-0.122205625872498,0.0819675745260684,-0.0854447690242318
-0.0397420380386697,-0.0755099731536874,-0.0248386369293839,-0.0536513441409441,0.0422260942562109,0.0273227674975155,0.0561354279907999,0.0849486350028746,-0.111276667457287,0.0928965844605883,-0.105812417448879
-0.070045342002805,-0.0730260924598558,-0.0129160911992118,-0.0566319743728069,0.0521616458451966,0.00347744311914129,0.0611031649814113,0.106806763293916,-0.111276667457287,0.0889223990268176,-0.114257539969548
-0.0377549361375427,-0.0471937332322818,-0.0109290002444832,-0.0541481158477626,0.0357679857263083,0.00794844144069608,0.0640838071748718,0.094387372208515,-0.0824639589129809,0.094883677168051,-0.116244627621541
-0.05663240419924,-0.0645808981023177,-0.00198709094901389,-0.0531545724375847,0.0303034323508645,-0.00546455352621972,0.076503149655694,0.105813212001538,-0.0819671880759559,0.0824643476906254,-0.110780136577586
-0.0839550553076986,-0.0680583310752973,0.00993545477827829,-0.0432191383441782,0.0258324341343786,-0.0243421020047105,0.0919031343263768,0.113761622293656,-0.0794833338906504,0.0819675745123004,-0.0904124881465472
-0.0789873005571677,-0.0760067492996695,0.0228515459777748,-0.0437159100492117,0.0268259892934433,-0.0342776538281992,0.0874321710351354,0.112271295364588,-0.0849478130969982,0.0779933890813564,-0.106309189365667
-0.0541485268026282,-0.0481872855067306,0.0149031821569399,-0.0322901608294777,0.0183807704447225,-0.0372583193795611,0.0765031496606251,0.105813212003314,-0.0740188546804625,0.092896584436796,-0.128167153521376
-0.0601098325040579,-0.0367614343049741,0.00645804559564572,-0.036264334471272,0.000496777596513565,-0.0357679866060534,0.0596128438888087,0.117735827434182,-0.0834575005818779,0.0799804817838469,-0.128167153521376
-0.142077785880812,-0.089419705031437,-0.0158967276534896,-0.0730254406678921,-0.0029806654596729,-0.0799811922729914,0.0844515288164533,0.126677789010074,-0.136611980164161,0.053154730136282,-0.0819673656425243
-0.153006846337999,-0.0938906902837317,-0.00447095466293712,-0.0779931577197657,-0.00596133093465945,-0.0481874264178157,0.0715354126408635,0.121710032580673,-0.146547396902132,0.0486837715249976,-0.0819673656425243
-0.133135827344558,-0.0889229288952819,-0.000993545490534209,-0.0904124503443713,-0.00149033271966936,-0.0765037491316902,0.0864386236015711,0.113264846640874,-0.152508646946071,0.0611031009883549,-0.084451225207321
-0.153006846356493,-0.112768183566889,0.000496772725129879,-0.104322058098925,-0.00596133093412532,-0.0675617524869858,0.0839547551064371,0.114258397926247,-0.163934376198475,0.0536515032977766,-0.0680577520808352
-0.156981050153144,-0.110284302873424,-0.000496772752204416,-0.102831742984046,0.000993555178497085,-0.0943877424289787,0.0844515288052988,0.140090731374972,-0.182314897161718,0.0596127814371261,-0.0521610508680661
-0.137606806616322,-0.101839108506373,-0.0034774091834878,-0.0963737108190915,0.000496777598840148,-0.0750134163680947,0.0700450915267484,0.130155218511855,-0.166915001219915,0.0650772864082013,-0.0476901036509223
-0.114258359303685,-0.0844519436466156,-0.0163935003884446,-0.117238122420932,0.0114258843485525,-0.0591165334378387,0.0630902597416232,0.104819660694401,-0.156482813644919,0.049180544694895,-0.054644910430913
-0.119226114054215,-0.0804777345340939,-0.0208644550332767,-0.12618001311364,0.00347744307470477,-0.0581229782553023,0.0566322016523103,0.098361577333787,-0.155489271970929,0.0322902566040385,-0.0461997879073516
-0.115251910255677,-0.100845556236413,-1.17753029549306e-11,-0.125683241408582,0.0149033273986255,-0.0417293177274561,0.0536515594581082,0.103329333765726,-0.156979584481932,0.0327870297823503,-0.0670642082505996
-0.125684195236448,-0.0993552278192014,0.0188773640604271,-0.121709067766788,0.00844521886632488,-0.0576262006497074,0.0705418652299248,0.0864389619031725,-0.152508646949141,0.0327870297823503,-0.0481868755596285
-0.0561356287184489,-0.0427227479860895,0.0402385918324683,-0.0695480387240517,0.0317937650895619,-0.0223549916278489,0.02235481643898,0.0779937759704936,-0.110283125774389,0.0615998741430313,-0.0914060319605761
-0.0392452625592669,-0.0486840616571377,0.0372579554009149,-0.0710383538398537,0.0293098771934135,-0.0466970936068872,0.0327870641199854,0.0745163464691573,-0.119721771679922,0.0541482764552015,-0.0943866634375451
-0.00149032651331016,-0.0258323592837757,0.0541482285135585,-0.0382514213275497,0.0392454287788377,-0.0372583193651663,0.00943870027605526,0.0601098527986822,-0.0829607297699149,0.0700450181563643,-0.122205890575369
0.0263291000991723,-0.0134129558059653,0.0620965923281532,-0.0029806302544389,0.0317937650859412,-0.0382518745477445,-0.0109290213969994,0.0442130322266279,-0.0735220838652968,0.0894191721457422,-0.132638100745877
-0.0119226114744638,-0.0442130764234574,0.05166436481252,-0.0059612604843074,0.0312969875065452,-0.0312969882635685,-0.00943870030049609,0.0283162116468581,-0.0864381256331102,0.0660708327558611,-0.110780136590167
-0.0372581607178111,-0.0417291957278431,0.0625933650579179,-0.0104322058290547,0.0476906476289593,-0.0556390902400533,0.0153999846553099,0.0248387821435679,-0.105315417434341,0.0596127814262383,-0.11425753998123
-0.0606066080304488,-0.0397420911732601,0.0769997744781787,0.00993543406823263,0.0601100871102947,-0.067064974845096,0.0238451375368972,0.0417291540255385,-0.106308959107921,0.0715353377124742,-0.120218802936613
-0.0476904456810319,-0.0303033445337111,0.0769997744781787,0.0109289774787305,0.0750134144962661,-0.0601100885685079,0.0218580427397181,0.0402388270958613,-0.104818646597027,0.0750127499677109,-0.128167153546967
-0.0730259949070542,-0.0124194035258527,0.0615998195839139,0.0198708681676709,0.0770005248128288,-0.0650778644848383,0.0367612537057835,0.0417291540251954,-0.109786354967818,0.0750127499677109,-0.104322101727133
-0.0546453023246797,-0.00496776144121186,0.034774091685356,0.0238450418086774,0.0750134144947942,-0.0516648695184854,0.019870947933967,0.0382517245222608,-0.11624437584883,0.0849482135476879,-0.137605819899678
-0.0770001986852961,-0.0173871649017185,0.0268257278664414,0.00596126043788678,0.0665681956511183,-0.063587531717178,0.0442128591950322,0.0407356027381355,-0.11723791752253,0.0745159768014908,-0.144063854768793
-0.088426034615314,-0.0084451943957127,0.0193741367851968,0.0253353569346723,0.0685553059680608,-0.054645535068909,0.0372580274083683,0.0397420514519256,-0.109289584128108,0.0829611208474753,-0.166418590854192
-0.132639051832483,-0.0422259718250485,0.000496772716984256,0.00844511898048469,0.0521616458495642,-0.0625939765353712,0.0571289753625723,0.0690518144254526,-0.150521563572207,0.0765030695329937,-0.131147785022511
-0.124690644234351,-0.0317936729087533,-0.0109290002677034,0.000993543406829084,0.0680585283911816,-0.0571294230317072,0.0700450915481644,0.060606628491263,-0.157973126128124,0.0695482450262767,-0.139096135630709
-0.106309951653025,-0.0079484182336225,-0.00894190931183475,0.000993543406829112,0.0655746404940243,-0.0496777591580715,0.0765031496315843,0.0616001797778788,-0.128166875906987,0.0765030695284131,-0.186786239260853
-0.108297053555501,0.00496776137934651,-0.0342773189827128,-0.011425749222701,0.064581085335458,-0.0531552022996123,0.0720321863420738,0.071535692642773,-0.128166875906987,0.0680579254786461,-0.186289467347823
-0.109787379980419,-0.00844519436734417,-0.0417289100605831,-0.0149031511549194,0.0501745355364204,-0.045206760834651,0.082961207712353,0.0720324682861383,-0.126676563396634,0.0710385645490277,-0.184799151608882
-0.118232563054316,0.00695486593116063,-0.0471934101836942,-0.0114257492185649,0.0516648682744298,-0.0491809815638798,0.0804773392155703,0.0730260195726025,-0.109786354947403,0.07749661587848,-0.16790890656405
-0.0874324836062922,0.0273226876180001,-0.0521611375720162,-0.0178837813823995,0.0486842027995147,-0.0367615417750082,0.0551418805659027,0.063587282351556,-0.102334792391668,0.0809740281262964,-0.181818520123635
-0.100348645960125,0.0293097921735061,-0.0283160461044714,-0.0248385852546778,0.0601100871256194,-0.0337808762279615,0.067064449347657,0.0705421413568042,-0.0844510422646192,0.0779933890528528,-0.170889538033619
-0.110780930934951,0.0248388069261192,-0.0253354096719286,-0.0273224437796605,0.0685553059692954,-0.015896882932174,0.0650773545520716,0.0655743849247374,-0.0755091672030452,0.0859417599076219,-0.172379853772816
-0.127174521625871,0.0357678819844003,-0.0233483187165998,-0.0496771705083828,0.0620971974385381,-0.0163936605236559,0.0720321863387355,0.0670647118540337,-0.0705414588330966,0.0904127185186706,-0.153005749164641
-0.146548765149077,0.0412324195130217,-0.0303031370629803,-0.0645803216562478,0.0760069696611237,-0.00993555183195208,0.061103164966643,0.0630905067076699,-0.0799801047416028,0.0869353062714958,-0.161947643597461
-0.200697291959175,0.0397420910966912,-0.0327870007563535,-0.0774963859904789,0.067561750812403,-0.0218582140233903,0.0784902444325816,0.0650776092807503,-0.08246395892751,0.0774966158654194,-0.146547714295724
-0.195729537209682,0.0417291956518612,-0.0178838185949881,-0.0760060708754892,0.0700456387095604,-0.0218582140233903,0.0566322016793307,0.0655743849240397,-0.107302500775448,0.0799804817584177,-0.121212346734079
-0.158471376563364,0.058122808227343,-0.00347740916950801,-0.0611029197209764,0.0784908575558597,0.000496777591888251,0.0377548011113522,0.0586195259191464,-0.0914058339943087,0.107303006611634,-0.122702662473191
-0.161452029413456,0.0695486594194507,0.00347740916994271,-0.0799802445064009,0.065574640486166,-0.00298066554870392,0.0158967583641453,0.0735227952142033,-0.0899155214840644,0.114754604285526,-0.129657469255463
-0.17039398796526,0.0546453752597647,-0.0024838636937034,-0.081967331327101,0.0640843077481566,-0.0178839932892524,0.0293096482426917,0.0770002247164277,-0.109289584118179,0.120219109254873,-0.123199434387546
-0.196226312661148,0.0362646581285148,0.00447095464952729,-0.0854447332623354,0.0581229767970444,-0.0263292123449764,0.0372580274307475,0.0770002247164277,-0.11723791751106,0.117238470185355,-0.115747855694221
-0.200200516463611,0.0253355830711565,0.0034774091724028,-0.0660706367669902,0.0635875301681793,-0.0382518745354141,0.025832232348391,0.0839550837191883,-0.12170885504136,0.108296552962198,-0.127670381610771
-0.185794027689946,0.0223549262390937,0.00695481834302028,-0.0536513441451542,0.0516648682702279,-0.055142312647748,0.0149032109687436,0.0735227952077186,-0.131644271776683,0.0958772235001493,-0.118728487176548
-0.157974601069008,0.0238452546557388,0.018877364069952,-0.0288127588925572,0.0556390889047775,-0.0452067608200902,-0.00596128439932619,0.065077609273529,-0.111276667472479,0.0963739966790892,-0.139096135611074
-0.15499394821835,0.0134129557363603,0.0303031370660246,-0.0124192926305151,0.0496777579533805,-0.0462003160033146,-0.0208644953719851,0.0680582631333779,-0.0978638548669539,0.0794837086122605,-0.130651013091128
-0.135619704667911,0.0119226273199356,0.0278192733722761,0.000993543408712688,0.0616004198564596,-0.0317937658560824,-0.055638654320692,0.0685550387766163,-0.0978638548669539,0.102832048029206,-0.130154241178282
-0.149032642493706,0.00496776137610586,0.0293095915876699,-0.00943866239854138,0.0616004198564596,-0.0303034330816367,-0.0357677063620919,0.0750131221382201,-0.0904122923094124,0.0983610894215731,-0.133134872655166
-0.167910110547874,-0.0168903887270743,0.0263289551558471,-0.0208644116160101,0.0466970924783228,-0.0372583193596838,-0.0233483638809263,0.0809744298568525,-0.103328334068149,0.0755095231834109,-0.130154241177006
-0.139593908485715,0.00596131364049948,0.0149031821680546,0.00894189066864129,0.0576261992301244,-0.0208646588442205,-0.0367612537616979,0.0606066284840795,-0.0963735423551082,0.0765030695397076,-0.146547714312147
-0.155987499171963,-0.00745164211128826,0.0198709095545761,0.0129160643098447,0.0640843077607275,-0.00198711037444323,-0.0352709326647001,0.0576259746250682,-0.106805729934908,0.0859417599375779,-0.162941187440737
-0.115748685714446,-0.00347743300061251,0.0327870007556325,0.0372578778438178,0.0630907526020426,-0.00298066555766761,-0.0367612537621926,0.0412323783881507,-0.0923993756625803,0.0760062963691167,-0.175857257176849
-0.119722889517513,0.00695486591788511,0.0268257278916267,0.0278192154509885,0.0531552010170929,-0.000993555192177767,-0.0317935167689709,0.0357678463147624,-0.104818646585195,0.0953804503472655,-0.162941187434103
-0.111277706446984,0.000993552252626151,0.040238591828553,0.0144063794190733,0.0452067597479937,0.0139097725546245,-0.0203677216904064,0.0417291540362876,-0.109289584117661,0.112767511591844,-0.186786239263802
-0.125684195229132,-0.000993552302921558,0.0392450463516388,0.00248385850166766,0.0312969875237461,0.0114258845981009,-0.000496773720266575,0.0476904617549199,-0.144560313535323,0.110283645697013,-0.177844344827664
-0.158471376605054,-0.00993552280892734,0.0412321373066676,-0.0417288232660349,0.0203678807750785,0.00347744313080482,0.0258322323230582,0.0690518144038022,-0.184798751378229,0.0919030380776863,-0.160457327881283
-0.151019744474091,-0.0109290750865964,0.0506708193409167,-0.0466965403165545,0.0188775480375676,-0.00546455351127308,0.0466967277003602,0.0794841029088764,-0.180327813843812,0.079980481783284,-0.173373397617578
-0.159961703028444,-0.0223549262844935,0.0511675920793516,-0.0556384310128077,0.0213614359344282,-0.0233485468108131,0.0372580274227654,0.0809744298381727,-0.198211563986462,0.0715353377437518,-0.161450871711573
-0.190265007038628,-0.0541485991980938,0.0511675920793516,-0.0506707139609342,0.0213614359344282,-0.0397422073314357,0.0546451068819728,0.116245500469355,-0.219572709989925,0.0730256572818675,-0.154992836843103
-0.219574760050893,-0.0953810187035134,0.0655740014974369,-0.0879285918236729,0.0452067597365981,-0.0576262006215948,0.0725289600541092,0.120716481260327,-0.239940314299065,0.0546450496819088,-0.127670381622157
-0.22652961670877,-0.094884242564422,0.0675610924516254,-0.0914059937596827,0.0387486512059951,-0.0710391955854152,0.0755096022477347,0.129161667193006,-0.227024272534381,0.0417289470310006,-0.118728487187424
-0.246897411167185,-0.0928971380093359,0.0536514557731445,-0.0958769391004417,0.0278195444573274,-0.0471938711995368,0.0799805655398413,0.140587506995954,-0.231495210066089,0.0660708327644336,-0.137605819887282
-0.240439329987509,-0.0968713471205991,0.0601095013757202,-0.0889221352316104,0.0178839928676295,-0.0298066555086138,0.0923999080168856,0.141581058282139,-0.221559793327395,0.0392450810970809,-0.135618732234977
-0.338800874154529,-0.158471588416716,0.0466966374387939,-0.14903151163303,0.016393660129335,-0.0635875317481668,0.130154709094379,0.190761846914999,-0.276701356307996,-0.019870927199894,-0.0630900329703373
-0.335820221302399,-0.158968364555629,0.0601095013720752,-0.146547653107985,0.0114258843327052,-0.0601100886091068,0.116741819216946,0.192252173844371,-0.265275627053376,-0.020864473557918,-0.0531545947106562
-0.296574958751216,-0.147045737215043,0.0561353194617777,-0.10382528645446,0.0273227668743227,-0.0556390902834243,0.113761177025299,0.172877923768468,-0.218579168329459,0.0039741853828642,-0.0735222431344323
-0.294587856849986,-0.145058632659747,0.0466966374275286,-0.085444733373687,0.0228517686611487,-0.0546455351008044,0.122206329909222,0.16443273783622,-0.214605001633018,0.00596127809912128,-0.0720319273953844
-0.256336145277802,-0.132639229184035,0.0382515008720991,-0.0650770934602483,0.0129162170719256,-0.0322905434784901,0.117735366618104,0.148535917251171,-0.179334272199972,0.0283160711366977,-0.0938898915595123
-0.232490922447171,-0.1003487801315,0.0382515008720991,-0.0799802446195625,0.00794844127683919,-0.0238453244209942,0.0938902290697624,0.104819660684721,-0.157476355359484,0.0303031638540021,-0.109289820863227
-0.240439330049379,-0.0909100334913538,0.0303031370567843,-0.0690512671059824,0.000993555170698046,-0.00447099835726493,0.10382570304659,0.125684237695669,-0.168405313777609,0.0442128128502139,-0.108296277037414
-0.234974799818034,-0.0735228686297605,0.0153999548945194,-0.0690512671059824,0.000993555170698102,0.00397422069491522,0.0874321709755311,0.113264846616931,-0.168405313777609,0.0412321737756713,-0.106805961298515
-0.260310349044537,-0.0928971380490091,0.00894190928979849,-0.0844511899540061,0.00745166370469619,-0.012916217409268,0.108793440022461,0.124690686413164,-0.183308438890344,0.0208644734702511,-0.0779931903396836
-0.249878064065351,-0.0799809584398576,0.0377547281011765,-0.0933930806429466,0.016393660135638,-0.0218582140487196,0.107799892624614,0.119226154338519,-0.179831043032939,0.0452063592440818,-0.0854447690364116
-0.1286648480741,0.0243420307572475,0.0412321372710596,-0.00745157559546986,0.0104323291813919,0.0183807708782011,0.046199953983612,0.0462001348085921,-0.0789865630997497,0.132638438676491,-0.188773326938589
-0.139593908533571,0.0198710455065573,0.0248386369066754,-0.0168902379922754,0.0134129946595121,0.0114258845995703,0.0620967123557672,0.0417291540201321,-0.0854445839820135,0.13909649000271,-0.21063129111363
-0.118232563119069,0.0427227478924614,0.0382515008500816,-0.0149031511733971,0.000496777595373921,0.0357679865801408,0.0307999693136158,0.0268258847178411,-0.0765027089193558,0.15250936581713,-0.225037676591298
-0.1202196650203,0.0481872854186601,0.0332837734614599,-0.0243418135641211,0.0154001049688814,0.0377550969452554,0.0283161008187564,0.0327871924351023,-0.0809736464529054,0.13909648997833,-0.226031220417323
-0.118729338596542,0.0566324797784009,0.0521611375205527,-0.0109289775348648,0.0248388789787561,0.0283163227072973,0.0188774005338536,0.0377549488693264,-0.085444583983313,0.158967417100597,-0.238450518243961
-0.183806925956457,-0.000993552407921316,0.0372579553533372,-0.0367611062372604,0.043716426993769,0.0154001053240251,0.0581225227320128,0.0809744297935274,-0.143566771996936,0.138102943558456,-0.203676484342021
-0.184800476906902,-0.0109290751871282,0.0397418190460359,-0.0298063023680845,0.0298066547745071,0.00794844145523613,0.0422257643664515,0.0601098527825798,-0.134624896927128,0.134625531310365,-0.217586097905972
-0.177348844775091,-0.0303033446051501,0.0556385466853056,-0.0168902380373743,0.0357679857259042,0.0233485467779283,0.0521612383506972,0.079980878504754,-0.155986042926967,0.126180387263268,-0.226527992340324
-0.160458478621363,-0.010432299047156,0.0715352743231351,-0.00844511905473511,0.0298066547715157,0.0178839932710542,0.0312967430028214,0.0784905515751912,-0.156482813764244,0.129161026333728,-0.230005395730642
-0.132639052030544,0.0193742692546001,0.0367611826479309,-0.0019870868901001,0.0337808754062551,0.0327873210015976,0.00695483173839023,0.0650776092036433,-0.143070001176921,0.137606170370368,-0.253353675657385
-0.115748685912419,-0.00397420923981825,0.0427224555088767,0.0293095304634222,0.0511680906846949,0.0511680918713886,0.00298064214139487,0.0650776092036433,-0.124689480257319,0.117238470084259,-0.238450518248722
-0.135122929465435,-0.0377549867169378,0.0352708644287563,0.00447094518743324,0.0546455337419617,0.0526584246455529,0.0163935320069593,0.11078096832612,-0.139095834540469,0.0779933889138792,-0.193244274174587
-0.152013295605691,-0.0293097923625454,0.0273225006117618,-0.00397417379415954,0.0601100871162303,0.0432196504111593,0.0317935166853082,0.126181013271624,-0.126676563626581,0.0650772862779416,-0.208147431571552
-0.171387539150609,-0.0481872856402486,0.0367611826488606,-0.0119225210740058,0.050174535535079,0.0462003159585186,0.0372580273735452,0.12469068634248,-0.109786355171621,0.0546450495078336,-0.219076413659696
-0.149032642804425,-0.014903284369603,0.0208644550215907,-0.00198708698404562,0.0670649732262649,0.0740198610701238,0.0233483637867537,0.10084545544663,-0.0829607300037982,0.0521611836186952,-0.252856903770571
-0.0601098326356236,0.0690518831652207,0.0427224555288865,0.0551416591401125,0.0725295265958329,0.102336183785781,-0.0223548165028616,0.0452065834344896,-0.00596125019214611,0.0904127184283156,-0.312469533338018
-0.0700453421421577,0.0715357638604158,0.0268257278891367,0.0332837041145773,0.0814715230235696,0.0988587406462099,-0.0114257951250272,0.0551420962996377,-0.0134128127500488,0.0894191720716006,-0.299056691686969
-0.0745163214209902,0.077000301390191,0.024838636935068,0.0183805529630191,0.0814715230235696,0.0904135215995221,-0.021361269109273,0.0476904616562016,0.00248385404264723,0.0938901306852411,-0.311972761429531
-0.0834582799716047,0.0660712263353709,0.0312966825335487,0.000993543289001891,0.0869360763984909,0.0745166386632621,-0.0114257951310717,0.0412323782934431,0.00546447906613329,0.0938901306852411,-0.306508270387759
-0.113264808462899,0.0412324194198619,0.0427224555206512,0.00447094522294358,0.0933941849283225,0.0596133109327186,0.00745160544421558,0.0471936860152735,-0.00447093766437495,0.0958772233991946,-0.288624481506297
-0.157477825677549,0.0238452545685462,0.0312966825352737,-0.0427223666780597,0.083955410921831,0.0491809815218855,0.0322902904110117,0.0859421862081595,-0.0551415629420915,0.0794837085187905,-0.280676130890953
-0.122703542387503,0.0680583309626215,0.0412321373080173,-0.0124192926454837,0.0899167418757922,0.0561358678000785,0.0178838531475999,0.039245275799219,-0.0546447921045733,0.113761057899967,-0.310979217571526
-0.0938905648606917,0.0581228081924334,0.0397418190919033,0.0139096076971509,0.101839403778302,0.0670649748079798,0.0258322323312598,0.0332839680798258,-0.0397416670178378,0.140090036340785,-0.3184307962724
-0.0511678739858407,0.071535763943938,0.0447095464776753,0.00993543405604588,0.086936076397672,0.0521616470674313,0.0188774005459421,0.0263291090756435,-0.0452061462223318,0.153502912187006,-0.339791988545498
-0.208148924287544,-0.0154000603695424,0.0382515008747096,-0.0576255178527884,0.0556390889002193,0.0158968828976214,0.0794837918096193,0.106309987590035,-0.152011876265544,0.0690514717616389,-0.239444062135585
-0.23000704519486,-0.0342775536352903,0.0119225457146165,-0.0551416593293446,0.0352712081518023,0.000496777565236639,0.0834579814046364,0.131645545401016,-0.155986042958422,0.0715353376556844,-0.227024764300616
-0.193742435514264,-0.0243420308571324,0.0263289551387921,-0.0471933120445741,0.0238453238267896,-0.00496777594083499,0.0705418652301177,0.104322885009644,-0.153005417934936,0.0735224303690626,-0.226031220474818
-0.225039290487494,-0.0332840013610615,0.0193741367976619,-0.0705415822042932,0.0183807704547408,-0.0144065501730503,0.0919031342894525,0.100348679865311,-0.182314897343559,0.0705417912934198,-0.202186168646139
-0.113264808824469,0.0322904488917331,0.00943868202971865,-0.0129160644853775,0.0367615408871174,0.0243421019653843,0.0571289753417074,0.0591163014217487,-0.107799271897238,0.117735243179597,-0.277695499481139
-0.12965839950916,0.0178839408687265,-0.00248386369613335,-0.0203676400588483,0.0322905426743709,0.0124194397741962,0.0432193117618401,0.0770002245762739,-0.122205626165027,0.0879288524483026,-0.27272778034903
-0.16045847896128,0.000993552143718462,-0.00198709095747365,-0.03527079120856,0.0437164269974726,-0.00844521906125856,0.0536515594376531,0.0695485899297924,-0.154495730573998,0.0799804815920684,-0.240934377905801
-0.14505843923332,0.00149032828250578,-0.0153999549020949,-0.0293095307485277,0.0571294216376354,-0.00894199665249036,0.0327870640701604,0.0770002245770355,-0.121212084487679,0.09389013059854,-0.266269745478652
-0.182813375309388,0.00397420897544609,-0.00894190929990915,-0.0516642574523225,0.0566326440585005,-0.0263292123492498,0.0317935166723953,0.0864389617985642,-0.169895626477787,0.0789869352591948,-0.225037676687148
-0.213116679294819,0.000496776003568122,-0.0253354096786487,-0.0457029969909606,0.0561358664789621,-0.0158968829298809,0.0238451374858782,0.0844518592254838,-0.156979584724058,0.0889223988428368,-0.212618378852357
-0.103329299079687,0.051664718352676,-2.00097716174241e-11,-0.00347740202125493,0.0730263041818521,0.00347744314035237,-0.0158967584016509,0.0447098078308766,-0.0958767716544734,0.140586809500919,-0.267760061150724
-0.0417291402058645,0.0919035855587733,0.0218580004932261,0.0144063793384578,0.0789876351346738,0.0437164280199954,-0.0337806115861522,0.00596130763601097,-0.0720317715087636,0.164431922067109,-0.299056691703333
-0.0372581609336565,0.0958777946688621,0.0258321824011236,0.0382514211738601,0.0655746404842544,0.0407357624706975,-0.0347741589845764,0.0303033141683718,-0.0392448962790191,0.180825436944491,-0.318927568224681
0.0124193866254402,0.118729497061038,0.0248386369235789,0.0615996913335792,0.0506713130986391,0.0362647641488613,-0.0452064066615434,0.0372581731704226,-0.00894187519626166,0.204670549536437,-0.335321041355143
-0.0789873005656323,0.0705422116657984,0.0382515008588849,0.0268256720402573,0.0442132045701965,0.0258324347332132,-0.015399984702212,0.0824647567605509,-0.066567292184348,0.163438375789766,-0.281669674692378
-0.0879292591252507,0.0526582706594504,0.0466966374155894,0.0129160642957005,0.0481874252037964,0.0422260952445491,0.00049677367389972,0.0854454106180396,-0.0804768756249232,0.159464190355367,-0.265772973474393
-0.0953808912562135,0.0635873457181929,0.0481869556314783,0.0307998456740249,0.0367615408806947,0.0402389848783088,-0.0129161161961153,0.0844518593316263,-0.0660705213438676,0.173870612529825,-0.266269745387345
-0.136116480233777,0.0337807773723915,0.0581224104063216,0.0168902379311918,0.035271208143326,0.030303433051485,0.0024838684822337,0.0943873721901756,-0.0884252090078241,0.15101904629949,-0.251863359902482
-0.141581010459828,0.0238452545990577,0.0541482284975842,0.00894189065272433,0.0173872152865707,0.0397422072884528,0.00198709478333026,0.106309987621348,-0.0789865631027487,0.153006139012083,-0.255837535205562
-0.123200317874311,0.0437163001457255,0.0809739563815617,0.0163934662269337,0.0258324341371075,0.042226095244768,-0.010432247702644,0.0968712503964437,-0.0809736464489468,0.165425468484273,-0.267263289213406
-0.142574561408188,0.0134129556611472,0.0466966374223236,0.0049677170086157,0.0114258843325619,0.0322905434158595,0.00198709477165249,0.102335782468018,-0.0884252090086551,0.164928695305543,-0.251863359914086
-0.202187618380591,-0.029309792238939,0.0546450012381186,-0.0218579550369354,0.00794844127695715,0.0109291070067858,0.0233483638510727,0.144064936520829,-0.13512166765336,0.126180387370171,-0.202682940486906
-0.209142475026577,-0.0258323592681623,0.0402385918174232,-0.0168902379914629,0.0124194394947253,0.0114258845983615,0.0337806115317896,0.138103628801436,-0.158469896978258,0.116741696987964,-0.184799151617184
-0.230007044989903,-0.0412324195734946,0.0466966374203888,0.00695480384571218,0.0312969875147002,0.01937432605882,0.0303031956381211,0.124690686438111,-0.167411772047199,0.0859417598843542,-0.177347572920562
-0.284155571791772,-0.0809745106953566,0.0253354096664079,-0.0352707910915516,0.0317937650938824,0.0154001053278403,0.0516644646785537,0.161452084005353,-0.204172814003528,0.0491805446607114,-0.129657469289737
-0.275710388707607,-0.0640841219667826,0.0278192733587312,-0.023348270167055,0.0168904377139653,0.00397422073022895,0.0476902750858446,0.143568160853569,-0.211624376564862,0.0437160396870447,-0.143567082855076
-0.227523167631578,-0.053651823051809,0.0357676371745261,-0.0377546496094556,0.00447099822521058,0.0104323294199002,0.0526580120759067,0.14505848778317,-0.204172814009668,0.020367700295318,-0.154992836854932
-0.23100059596187,-0.0447098525441038,0.0337805462200375,-0.0427223666628065,-0.000496777566789397,0.0342776537972738,0.0412322169932341,0.144561712140363,-0.218579168294914,0.0213612466537343,-0.122205890601258
-0.234974799763352,-0.0486840616546119,0.0541482284921696,-0.0407352798428943,-0.00496777578338214,0.0283163227006793,0.0496773698727199,0.116245500479393,-0.226527501688372,0.014406422158743,-0.11723817147248
-0.253852267824333,-0.047690509377719,0.0372579553851359,-0.0491803988272074,-0.0154001049521911,0.0407357624783467,0.0645805808548585,0.126181013347587,-0.239940314280246,-0.00397418546300443,-0.0889221724164289
-0.241432880941991,-0.0163936126156188,0.0606062741042554,-0.0303030740352338,0.0054645533821861,0.0581229781762005,0.0556386542742304,0.0948841478259674,-0.216592084935546,-0.00496773182050525,-0.110283364672154
-0.231000595962013,-0.0109290750891892,0.0506708193339119,-0.0392449647250607,-0.00943877400556609,0.0526584246731097,0.0650773545570449,0.105813211967859,-0.203179272335222,-0.000993546387572097,-0.0889221724173434
-0.244413533784497,-0.0188774933088628,0.0635869105392582,-0.0442126817705332,0.0188775480179685,0.0556390902223451,0.0541483331770949,0.0978648016724912,-0.187282605557935,-0.00596127816957837,-0.0943866634598953
-0.243419982833486,-0.0173871648917773,0.0735223653081018,-0.0606061480305441,0.000993555157366877,0.0551423126311446,0.0526580120796024,0.116245500464329,-0.192250313931255,-0.000496773195911571,-0.0958769791990924
-0.202684393852826,0.0144065080110823,0.0809739563882221,-0.0268256720736175,-0.0134129946437362,0.0511680918994979,0.0452064066032663,0.0879292888308444,-0.154495730301345,0.00546450495333139,-0.124192978222018
-0.225536065733917,-0.0149032842021201,0.0760062290032002,-0.0412320515249434,-1.32988065004724e-12,0.0665681972254209,0.0511676909920002,0.109787417125236,-0.152011876113933,-0.00695482453816509,-0.0789867341549769
-0.243419982823939,-0.0223549262837719,0.0760062290032002,-0.0188773248084084,0.00596133095419832,0.0650778644510377,0.0347741589195815,0.10233578247609,-0.147540938582116,0.00695482446464213,-0.0730254711980628
-0.178342395576535,0.0561357035824956,0.0874320019882328,0.0198708681750811,-0.00745166369013106,0.0715359731324442,0.0188774005315996,0.0616001797227383,-0.0705414588992146,0.0437160396892531,-0.14505739861416
-0.177845620101317,0.0581228081378335,0.0660707742387663,0.0238450418143148,0.0193743255950023,0.0640843092595903,0.0203677216275673,0.0894196157408885,-0.0665672922020998,0.034774122477638,-0.127173609756428
-0.192252108893865,0.0347743296197593,0.0720320471020519,0.0228514984041616,0.0263292117081232,0.0695488627597005,0.023348363822511,0.100845455533036,-0.078986563128326,0.0238451125318883,-0.111773680454911
-0.15698105018017,0.0541485990230576,0.0655740015022064,0.0317933890888921,0.00397422063477509,0.068058529986099,0.0109290213420324,0.109787417115781,-0.0670640630476714,0.0432192664937047,-0.117238171499178
-0.129658399061853,0.0616002411025072,0.0566320922037674,0.0576255177375102,0.0154001049663408,0.0819683025369406,-0.00546451073129295,0.068555038730156,-0.0511673962734654,0.0551418227874788,-0.146547714363774
-0.118729338613385,0.0635873456576773,0.0611030468494093,0.0496771704621942,-0.00596133094257717,0.0834586353114175,0.00496773694971242,0.0695485900172551,-0.0640834380290725,0.0615998741038315,-0.139096135669598
-0.132639051930988,0.0700454354639572,0.0327870007423877,0.0402385080639854,-0.00794844126137145,0.0919038543604085,0.0208644953165925,0.0561356476573572,-0.0675608338911124,0.0581224618480449,-0.119225259152219
-0.0978647687050124,0.0809745105143937,0.0298063643107446,0.0551416592033567,-0.000993555149247705,0.10134262859698,-0.00745160552167207,0.042722705290264,-0.0720317714226036,0.096870769772189,-0.110283364721439
-0.0760066477748571,0.100845556086652,0.0298063643107446,0.0511674855597895,-0.00993555157655701,0.102832961369925,-0.00447096332804675,0.0238452308556452,-0.0601092713272146,0.123199748284449,-0.163934731313006
-0.0928970139266612,0.110781078861664,0.0253354096648328,0.0432191382856551,-0.000496777567133289,0.114755623562364,0.00794837915243196,0.0238452308556452,-0.0740188547627341,0.127670706890316,-0.158967012183023
-0.160458478553129,0.0476905093062553,0.0203676822810111,0.0119225208817302,0.00894199644274141,0.0854457456864539,0.0347741589239908,0.0486840130324757,-0.144560313557894,0.086935306231725,-0.107799505106601
-0.130651950057305,0.0471937331674366,0.0213612277583454,0.00894189065237896,-0.0258324341187089,0.0953812975164047,0.0134128898699729,0.0412323783886594,-0.121212084227904,0.0909094916596327,-0.140089679439741
-0.0745163213587153,0.073522868515938,0.0273225006194716,0.0233482700947796,-0.0298066547544932,0.0909102991982265,-0.00248386850877641,0.0322904168127674,-0.0943864590366816,0.123199748299238,-0.161947643611663
-0.126180970758347,0.0397420910844631,0.0198709095395765,-0.010928977551681,-0.0154001049489147,0.0779940818230844,0.010432247670743,0.0561356476799852,-0.126676563437827,0.115748150623972,-0.138599363701245
-0.153503621876664,0.0382517626687618,0.0402385918233931,-0.0387481930208023,-0.014903327369424,0.0675617524107193,0.0233483638509765,0.0889228401383245,-0.139592605190931,0.0928965843876164,-0.13512196030924
-0.180329497531057,0.0367614342523998,0.0149031821486899,-0.0486836271193791,-0.00993555157469367,0.0645810868616715,0.0268257797432988,0.113264846656383,-0.150024792768708,0.0745159767891107,-0.142573539003417
-0.134626153801,0.0541485991066516,0.0317934552710237,-0.0158966945973257,0.00447099823226166,0.0601100885419927,0.0203677216584504,0.1003486799307,-0.10978635497261,0.0988578625661479,-0.172876625696959
-0.194735986263585,0.0278194637492572,0.0178838185828829,-0.0243418135749425,0.00745166370817385,0.0407357624733854,0.0352709326315218,0.118729378727703,-0.121212084224184,0.0839546672201293,-0.183308835866425
-0.193742435312649,0.0213613739401141,0.0124193184576266,-0.0213611833421932,-0.000496777563774475,0.0278195451047468,0.0322902904378964,0.128168115947303,-0.125683021759142,0.0993546357668627,-0.175857257168209
-0.144064887838478,0.0352711058180838,0.00645804559452023,0.0049677169913086,-0.0104323291527602,0.0278195451047468,0.01937417425802,0.109290641490018,-0.100347709080078,0.128664253267961,-0.19225073029984
-0.103826074326695,0.0536518229501096,-0.0109290002606685,0.0303030739411097,1.10630948846335e-11,0.0457035383892778,0.0144064372663094,0.100845455553455,-0.06110281295986,0.174367385708166,-0.206160343866569
-0.143071336853278,0.0491808377002688,-0.0129160912153971,0.0322901607607265,0.0124194395039727,0.0437164280236212,0.0437160854967342,0.0919034939771062,-0.0829607297786304,0.180328663848457,-0.198211993258711
-0.195729537221905,0.0283162398793507,-0.0312966825441398,0.00844511891941524,0.0144065498219599,0.0223549916028962,0.0531547857858136,0.113761622266473,-0.114257292505136,0.175360932061348,-0.174366941435476
-0.192252108893726,0.0263291353230476,-0.0258321824185536,0.0193740964362455,0.00347744307381442,0.0233485467858496,0.0635870334624919,0.111277744052502,-0.127670105117487,0.135619077743531,-0.156979924491078
-0.137606806685629,0.0481872854105407,-0.0193741368216324,0.0541481157666158,-0.00447099819946334,0.0342776537891652,0.0506709172822584,0.0725292438685247,-0.0794833340031239,0.182315756544822,-0.200199080959238
-0.149529418096414,0.0566324797686768,-0.001987090962244,0.0526578006514046,-0.00794844125564992,0.0233485467727797,0.0471935013899361,0.0750131220829394,-0.0794833340031239,0.180328663830397,-0.176850801056148
-0.0824647290718662,0.103329436742239,0.0203676822612421,0.0650770932593929,-0.019871103164142,0.0337808761840506,0.00447096323168628,0.0551420963343676,-0.0576254172087153,0.204670549576012,-0.224540904758425
-0.0799808516946422,0.10631009357663,0.0298063643009058,0.071535125419067,-0.0238453237987866,0.043716428016086,0.0109290213161775,0.040735602684135,-0.042225521262434,0.225038249879287,-0.225534448584252
-0.077496974317466,0.132639228941251,0.0337805462103631,0.0834576463456319,-0.0352712081325366,0.0402389848771719,0.00447096322829316,0.0357678462533377,-0.0332836461934929,0.211625374048967,-0.217089326061534
-0.0824647290606377,0.132639228941251,0.0496772738405126,0.0601093762402997,-0.025335656543551,0.0298066554591162,0.00844515282309061,0.0377549488286521,-0.0347739587031596,0.178341571120484,-0.223050589020405
-0.102335748071063,0.11028430269771,0.0695481833877993,0.0347740192904986,-0.0566326440507259,0.00695488625981835,0.0223548163964183,0.0591163014846277,-0.0670640631003929,0.126677160527738,-0.205166800149917
-0.0591162817476037,0.111277854975526,0.0755094562512653,0.0283159871260236,-0.062097197426692,-0.00397422075427402,-0.00844515293174641,0.0412323783195945,-0.0735220839831258,0.148038407181644,-0.220069957541139
-0.0591162817476036,0.107800422003574,0.0809739563781717,0.048186855329086,-0.0526584234188472,0.0109291069831478,0.0173870794130049,0.0352710706067492,-0.0725285423085343,0.136612624066325,-0.234973114928748
-0.0273226513399808,0.131148900529534,0.0745159107750114,0.0740189839815448,-0.0561358664762802,0.00894199661719929,0.000993547346933243,0.0248387821046064,-0.0481867712777938,0.160954509845928,-0.264779429695888
-0.105813176365572,0.0789874059689791,0.068554637916405,0.0337804758937754,-0.0367615408779895,-0.0213614364498456,0.0238451375056428,0.0650776092171939,-0.106308959130851,0.115251377403315,-0.180328204463283
-0.0784905252239013,0.0824648389390953,0.0635869105298834,0.0491803987456151,-0.0308002099248831,-0.0173872157160308,0.0243419112045873,0.058619525859055,-0.0869348964906331,0.124193294616579,-0.207153887757535
-0.194735986309064,0.0208645978055324,0.0342773189640071,0.0238450418171584,-0.0178839928576585,-0.0377550969518327,0.0601096175765578,0.0968712504069766,-0.131147500939789,0.0774966158115972,-0.139096135618987
-0.18877468060469,0.0149032841363723,0.046696637428999,0.00844511897142439,-0.0154001049609168,-0.0412325400925708,0.0526580120942462,0.109290641485398,-0.15002479274651,0.0372579883619788,-0.148534801965752
-0.182316599425137,0.0188774932454539,0.0457030919517247,0.0178837813665926,0.00248388790652271,-0.050174536737838,0.0680579967615225,0.112768070987089,-0.146547396887419,0.0203677002657824,-0.157973468314806
-0.21063280147923,-1.9497375935984e-11,0.0273225006279769,0.00844511897586858,-0.0069548861029009,-0.0452067608239049,0.0869353973248027,0.145058487807482,-0.171882709568325,0.0397418542163714,-0.142076767093419
-0.216097331709743,0.0233484785010414,0.0104322275143134,0.0218579550121047,0.0104323291846797,-0.0347744314040982,0.0625934860644106,0.129658442871813,-0.158966667803329,0.0645805131728592,-0.143070310919316
-0.250374839477662,0.0322904489994961,0.00695481834422043,0.0168902379610929,0.0188775480378402,-0.01589688292838,0.0839547551202007,0.135619750595319,-0.141579688508297,0.0208644734831442,-0.11723817144525
-0.249381288526329,0.037258210387841,0.00695481834422043,-0.00298063024196951,0.014406549824132,-0.0034774431543601,0.0576257490761476,0.130651994166552,-0.133134584276212,0.0248386589153448,-0.116244627619211
-0.280678143458535,0.00645808977425058,-0.00298063643482327,-0.0163934662688993,0.0134129946647586,-0.00943877425320608,0.0655741282615658,0.144064936525422,-0.155986042794036,0.0327870297753481,-0.0983608387558664
-0.256832920641042,0.0337807774156272,-0.00347740917313807,0.0193740964797728,0.0119226619270696,0.0109291069928513,0.0293096482135529,0.128664891590934,-0.132141042629261,0.0526579569379205,-0.166418590839059
-0.260310348966578,0.0273226876135735,-0.00546450012816688,0.0144063794320848,0.0258324341443374,0.027322767512786,0.0387483484908861,0.125187462089509,-0.149031251083812,0.0352708956860147,-0.171386309969891
-0.255342594208781,0.0372582103879559,-0.00397418191169238,0.00347740192365067,0.0233485462474174,0.0198711036416519,0.0253354586097436,0.133632648018521,-0.152508646943408,0.049677317882865,-0.173373397621685
-0.239445779003761,0.049180837724766,-0.0178838185931133,-0.00844511899730052,0.00347744306517256,0.0258324347397474,0.0253354586097436,0.127671340301868,-0.133631355136688,0.0660708327801099,-0.163437959362004
-0.241432880904992,0.0660712264308772,-0.025832182413468,-0.0144063794568899,0.00794844127962852,0.050671314301596,0.0104322476416178,0.130651994159966,-0.139095834344095,0.0824643476972226,-0.166915362754406
-0.241432880904992,0.0695486594018747,-0.0198709095494622,-0.0039741736568743,0.0134129946540277,0.0397422072895675,-0.00546451072614185,0.110780968430685,-0.122205625886678,0.083954667231059,-0.172379853798439
-0.289123326601594,0.0144065079650506,-0.0109290002518332,-0.0233482701565405,4.89064344577628e-12,0.0288131002782268,0.0109290213508104,0.14903269292584,-0.150024792775246,0.0486837715030887,-0.162444415540742
-0.265774879276539,0.0178839409357539,-0.0322902280270992,-0.00496771707394589,0.00745166369600647,0.0228517691822575,0.000496773675574658,0.15350367371727,-0.138599063532255,0.0571289155419535,-0.190760414580633
-0.253355492388064,0.0233484784617219,-0.0377547281540056,0.021857954995535,0.00198711032239074,0.00745166386150373,0.0263290060210404,0.141084282639801,-0.129160417629924,0.0546450496469262,-0.209637747280222
-0.213613454385329,0.0680583309521078,-0.017387045863424,0.0461997685192545,0.000993555162969839,0.0352712089766108,0.0134128898429501,0.115748724843058,-0.0844510422928004,0.0695482450004028,-0.24937950032235
-0.241432881007852,0.0596131365936154,-0.0278192733714972,0.0258321286285281,0.00248388790065879,0.0173872156883278,0.0352709326203802,0.13313587234885,-0.0993541673925352,0.0476902251204213,-0.222057045090487
-0.268258756677533,0.0298065682534778,-0.0377547281502408,0.0173870096446332,-0.0124194394753412,0.0134129949572647,0.0288128745364247,0.155490776275732,-0.101341250741045,0.0476902251204213,-0.206657115787212
-0.247394186705092,0.025335583005525,-0.0263289551617586,0.0248385852192118,-0.0188775480087222,0.0228517691936385,0.0427225381166768,0.14555526341769,-0.101838021578178,0.0452063592251979,-0.224540904658465
-0.257329696207097,0.0327872250879635,-0.0303031370728958,0.0119225208801794,-0.000993555143846858,0.0223549916021879,0.0332838378346452,0.151019795491358,-0.110779896642352,0.0452063592251979,-0.224540904658465
-0.274716837849311,0.00496776133026247,-0.0248386369459893,-0.00149031516037793,-0.00397422062004404,0.00794844145948927,0.0183806268541554,0.140090731342766,-0.126179792598337,0.0228515661528738,-0.20566357196103
-0.281671694498865,-0.00943874669578587,-0.0243418642074195,-0.020864411650442,-0.0183807704283765,0.0233485467931665,0.0293096482335011,0.151019795496383,-0.141082917707099,-0.0039741854741987,-0.19274750222197
-0.220568310965767,0.0372582103852195,-0.0153999549146504,0.0149031511035481,-0.00794844125607752,0.0417293176729836,0.0158967583534712,0.119722930005943,-0.104818646591973,0.0392450811129371,-0.205166800044535
-0.23199414688819,0.0357678819692666,0.0134128639384858,-0.0034774019790465,-0.0188775480039616,0.0263292123347827,0.0293096482205188,0.118729378719048,-0.137605521828073,0.0511676373966606,-0.18430237969712
-0.257329696146939,0.01788394097047,0.021858000497485,-0.0283159872273348,-0.0109291067337229,0.0208646588314626,0.0163935320524291,0.135122974939632,-0.169398855411154,0.0337805761223096,-0.138599363705192
-0.276207164190709,0.0134129557252538,0.0223547732359646,-0.0367611062016038,0.00248388791445275,0.0163936605115962,0.0173870794510734,0.141581058302721,-0.174863334613794,0.0288128443391262,-0.138102591791886
-0.272729735861276,0.0124194034475846,0.0198709095425915,-0.0427223666613407,0.00198711033523497,0.0327873210263716,0.0203677216459349,0.133135872373278,-0.18628906386426,0.038748307924077,-0.13412841648722
-0.236961901641149,0.0511679422824015,0.0293095915825408,-0.0163934663115297,0.00596133096987961,0.0308002106605899,0.0109290213652082,0.0978648017213735,-0.171882709591933,0.0581224618894659,-0.136612276051804
-0.241929656394982,0.0491808377274827,0.00794836381501482,-0.0139096077872855,0.00745166370853018,0.0387486521198812,0.00993547396697614,0.0819679811379491,-0.187282605549037,0.0685546986472053,-0.127173609701943
-0.239445779019126,0.0581228082232945,0.00794836381501482,0.0188773247493929,-0.00993555157655746,0.026825989921939,0.0158967583562047,0.0546453207542551,-0.180824584668965,0.0635869668616664,-0.114257539968595
-0.195232761723028,0.0859422719809956,0.00298063642699331,0.0402385080690085,-0.00496777578313301,0.0362647641543523,0.0178838531543176,0.045206583530074,-0.154495730299623,0.101838501658185,-0.135618732232244
-0.20864569955239,0.0869358242589374,0.00745159107344529,0.0422255948893641,0.0149033273981622,0.0263292123273201,0.0288128745270144,0.0506711156045791,-0.158966667834365,0.101838501658185,-0.131644556928881
-0.210136025978327,0.0814712867329694,-0.0039741819126218,0.0074515755460686,0.0198711031926551,-0.00248388797711925,0.0571289753731096,0.0501743399614677,-0.172876251268199,0.0710385645602551,-0.131644556928881
-0.20864569955338,0.0829616151489223,-0.0208644550273058,0.0347740193113998,0.0283163220437974,-0.00844521907846696,0.0491805961938455,0.0491807886745213,-0.15598604280669,0.0645805132408401,-0.144063854753217
-0.212123127884928,0.10134233228638,-0.0248386369368828,0.0501739421689641,0.0298066547816289,-0.0198711036803932,0.060606391266091,0.0531549938168241,-0.140089376008985,0.0586192350859429,-0.179831432480927
-0.22007153548638,0.0909100333775729,-0.0347740917093262,0.0263289003400616,0.0238453238279525,-0.0452067608422494,0.0710386389485393,0.0506711156005053,-0.151515105255576,0.040238627476785,-0.161450871693566
-0.241929656421933,0.102832660706832,-0.0367611826642949,0.0233482701095283,0.0173872152970408,-0.0576262006251279,0.063090259761143,0.053154993815428,-0.148037709396064,0.0347741225057098,-0.150025117695177
-0.244910309271742,0.0953810186281686,-0.0223547732453397,0.00844511897237277,0.0188775480348367,-0.0640843093150701,0.076503149632271,0.0640840579679285,-0.155489271949452,0.0466966787822104,-0.155489608737884
-0.26875553210328,0.0829616151561267,-0.00794836381768432,-0.00794834729332564,0.00596133096298229,-0.0874328561093311,0.0809741129238832,0.0899163914093945,-0.154495730274451,0.0307999370538278,-0.154496064911731
-0.278691041608116,0.0765035253539367,0.00347740917424791,-0.0124192926360786,0.0129162170787623,-0.0740198611370683,0.0789870181276934,0.1256842377221,-0.165424688688073,0.0357676688393668,-0.16840567847092
-0.320420181526047,0.0397420910957047,0.0307999097898053,-0.0253353569661487,0.0178839928709997,-0.0889231888741775,0.0904128132125778,0.158968205808018,-0.194237397244947,-0.010929010013595,-0.149031573859151
-0.287136224702865,0.0541485991211444,0.0243418641889844,-0.0129160643433897,0.00447099822570896,-0.0789876370471452,0.091406360609766,0.148039141657471,-0.182811667991434,0.00745159758684732,-0.160954099770598
-0.287633000178197,0.0685551071414141,0.0203676822789269,-0.00745157558544846,-0.00546455336446383,-0.0541487574722682,0.071038638953046,0.137110077505808,-0.182314897154349,0.0263289783947722,-0.156483152553965
-0.296574958729152,0.053651822977638,0.0213612277567414,-0.0208644116110487,-0.00844521884094579,-0.0392454297217133,0.057625749080064,0.148039141659426,-0.183308438828171,0.0342773492491225,-0.161947643598076
-0.273226511369058,0.0516647184229292,0.0258321824049483,-0.0208644116110487,-0.0193743255875243,-0.0144065501593435,0.0571289753814217,0.130155218512667,-0.162444063674892,0.0541482764247838,-0.16095409977181
-0.275710388745008,0.0551421513930455,0.0248386369273741,-0.00347740194134016,-0.034277652979194,0.0109291070025127,0.0521612383905352,0.123200359505287,-0.162940834511844,0.0854449866674976,-0.161450871684855
-0.292103979458667,0.0203678216658213,0.029309591575716,-0.015399922867905,-0.0322905426617767,0.0049677759044172,0.0819676603251384,0.118729378718197,-0.176353647116069,0.0834578939503502,-0.147541258126659
-0.298065285159303,0.0278194637444847,0.0134128639402862,-0.0188773248015021,-0.0312969875033056,0.0124194397772711,0.0680579967548878,0.101342231199968,-0.187779376369859,0.0680579254251173,-0.149528345778765
-0.28812977564352,0.0243420307711381,0.0178838185876834,-0.00645803217474208,-0.00546455336762147,0.0263292123383266,0.0973676449723453,0.107800314554973,-0.176850417948026,0.0725288840375794,-0.125683293959612
-0.300549162529871,0.0228517023549964,-0.00049677275104959,-1.33078270625475e-11,0.00844521885695843,0.0228517691980992,0.116741819225819,0.0948841478385291,-0.182314897157023,0.0705417913235209,-0.118728487179323
-0.294587856823234,0.0347743296882825,-0.0109290002534534,0.0149031511360345,0.00496777580251689,0.00894199663500075,0.12568374580892,0.070542141333529,-0.166418230362015,0.102335274810443,-0.122205890570386
-0.298065285146062,0.0387485387971966,-0.0208644550288969,0.0278192154555427,0.0134129946542647,0.0144065501380916,0.108296666350194,0.0536517694524219,-0.145553855219859,0.106309460235211,-0.131147785006651
-0.341284751536024,-0.00298065687194898,-0.0303031370691307,0.0203676398761626,0.0308002099339508,0.0119226621817765,0.13611599348531,0.067561487462563,-0.145057084382786,0.0799804817347438,-0.131644556919582
-0.344265404387022,-0.0119226273747452,-0.0203676822942874,0.0188773247616529,0.0337808754104329,0.0213614364189424,0.153006299249653,0.0695485900352881,-0.154495730286488,0.0675611522733495,-0.107302733184232
-0.343768628911502,-0.0104322989586979,-0.0198709095556728,0.022851498400394,0.028316322034989,0.00794844145849884,0.157477262536938,0.0635872823160469,-0.152011876102989,0.0700450181688342,-0.107799505097361
-0.340291200585238,-0.00397420915841643,-0.00844513656719054,0.00794834725585272,0.0491809803803351,0.0129162173694094,0.160457904731635,0.0700453656801256,-0.15350218861392,0.0566321423568878,-0.109289820836537
-0.281671694444343,0.0352711058157225,-0.00596127287419179,0.0168902379514411,0.0387486512117756,0.0183807708760543,0.133135351293471,0.0809744298245297,-0.131147500945087,0.0581224618947682,-0.139592907524026
-0.268258756619821,0.0188774932395486,0.00049677272955409,0.0243418135226962,0.0218582135113071,0.00894199663670994,0.152509525549087,0.0894196157638971,-0.106805729933813,0.049180544680798,-0.143567082828579
-0.238452228095124,0.0496776138427359,0.0158967276168441,0.0213611832929756,0.0158968825597677,-0.003974220741142,0.111277308551524,0.0645808336175241,-0.103825104910688,0.0402386274548135,-0.181321748216446
-0.238452228095124,0.0228517023360457,0.0233483187025894,-0.0109289775350007,1.66308078419775e-11,-0.0183807708989536,0.0884257184041892,0.0735227951913605,-0.106308959097077,0.0273225248083288,-0.167908906572668
-0.224045739309691,0.0238452546135468,0.0168902731025487,-0.0273224437998866,-0.000496777562622619,0.0173872156753616,0.0735225074298813,0.0844518593402316,-0.0988573965411603,0.042722493353034,-0.15946378405212
-0.24292320735597,0.0163936125337823,0.0168902731025487,-0.0407352798241575,-0.00546455335735296,0.00198711034523846,0.0784902444198061,0.0854454106277613,-0.101341250723637,0.0387483079282664,-0.146547714311585
-0.216594107132891,0.0551421513718715,0.0253354096651179,-0.0298063023086813,-0.0188775480004002,-0.00298066556817347,0.0576257490725074,0.0919034939862309,-0.112766979979364,0.0620966473550542,-0.128663925450536
-0.205168271205911,0.0745164207903019,0.0139096366735305,-0.0144063794640919,-0.0248388789537916,0.00546455348294363,0.0506709172891128,0.0894196157702927,-0.117734688351479,0.0774966158859663,-0.147541258141776
-0.202187618352988,0.0576260320695729,0.00794836380916455,-0.0213611833324061,-0.0178839928398397,0.00298066552647211,0.0307999693371067,0.102335782493006,-0.133134584294029,0.0615998741492073,-0.131147785012249
-0.20616182215447,0.0466969570219046,0.00397418190102697,-0.00298063025573259,-0.0298066547489018,-0.0198711036723464,0.0342773852302943,0.105316436352626,-0.13263781345704,0.0611031009708038,-0.143567082841192
-0.222555412841652,0.0312968967233998,-7.95055687952129e-12,0.0084451189606036,-0.00596133094274343,-0.022851769221269,0.0377548011247323,0.0854454106309591,-0.153005417776544,0.0655740595837371,-0.145554170493752
-0.202187618380531,0.0481872854380677,0.0114257729770821,0.033283704178119,0.0233485462346091,-0.00645810870271019,0.0183806268691156,0.0834583080573205,-0.15598604279678,0.100348182058697,-0.164431503196574
-0.241432880945134,0.0178839409739614,-0.00447095464874755,0.0283159871275995,0.0347744305568918,0.0124194397702355,0.033780611541928,0.097368026063198,-0.175856876292465,0.0958772234441138,-0.147541258149572
-0.222058637405001,0.0511679422832505,0.00745159108142457,0.0432191382854363,0.0402389839324662,0.0198711036460602,0.0596128438802505,0.0705421413293537,-0.170392397082808,0.0988578625171648,-0.16443150318332
-0.21063280147737,0.0491808377282062,0.0149031821581693,0.0655738650069569,0.0362647632980116,0.00198711036565639,0.0720321863596992,0.0422259296582563,-0.152011876123128,0.102335274767454,-0.195231361797561
-0.184303701311309,0.0765035253424748,0.0461998646804994,0.0779931576223303,0.0238453238059922,0.0263292123344807,0.0571289753858036,0.0308000898485949,-0.151018334450101,0.102335274767454,-0.217089325976657
-0.178342395604105,0.0526582706804329,0.0601095013623406,0.0938898521796591,0.0258324341240267,0.0293098778826529,0.0601096175797583,0.0154000449133194,-0.152508646962187,0.0914062648265996,-0.230502167621583
-0.206161822217645,0.045206628598309,0.0720320470925126,0.0670641801201494,0.0253356565445002,-0.00695488629933096,0.0625934860741368,0.00298065382887057,-0.158469897010315,0.0720321108663144,-0.227024764230323
-0.205168271266746,0.0740196446440187,0.0740191380475415,0.072528668874028,0.0193743255898268,-0.00596133111671106,0.0526580120898911,-0.0178839231890066,-0.16294083454419,0.0879288526030736,-0.235469886750631
-0.215600556248507,0.0720325400893519,0.073025592570357,0.0596126045516392,0.0248388789656625,-0.00149033279346776,0.0461999540020069,-0.0109290641850019,-0.156482813664431,0.0894191721382448,-0.212121606835882
-0.204174720313931,0.0844519435566746,0.070044956137994,0.0620964630760679,3.20687920662976e-13,0.00993555180869822,0.044709632904473,0.00695485896541205,-0.146547396920681,0.0909094916756537,-0.195728133705654
-0.216594107178582,0.0973681231538295,0.0670643197078809,0.061102919667958,-0.0312969874956363,0.0188775484504009,0.0417289907094464,0.00695485896541205,-0.129657188478408,0.0899159453201157,-0.204173256233915
-0.19076178244589,0.120219825540216,0.0834578200717707,0.0675609518333929,-0.0442132045560709,-0.00993555185645648,0.0501741435889321,-0.00248387825177682,-0.109289584145576,0.0978643161897517,-0.198211993278106
-0.222555412878275,0.0978648992928999,0.0720320470805283,0.0466965402093188,-0.0273227668588312,-0.0392454297815643,0.0417289907131829,0.01738714748055,-0.142076459425377,0.0844514403573121,-0.17734757294349
-0.260807124481701,0.110781078897689,0.0645804560037835,0.0347740192942767,-0.0397422063463988,-0.0392454297815643,0.0471935014014199,0.0481872373664434,-0.178340730523807,0.0541482764403772,-0.165425047025068
-0.202684394020246,0.143568303992947,0.060109501361381,0.0655738649472086,-0.0432196494054939,-0.0278195451925819,0.0412322170083995,0.0332839680394028,-0.143070001162547,0.0869353061696678,-0.197715221405666
-0.231994147093756,0.152013498355183,0.0576256376690579,0.0447094533381293,-0.053155200997566,-0.0258324348273422,0.0486838224911232,0.0526582181172856,-0.141082917813123,0.0685546985275803,-0.199205537144309
-0.204671495955198,0.157478035882305,0.0526579102825362,0.0511674855038844,-0.0432196494092927,0.000993555120842177,0.0412322170069573,0.0546453206913302,-0.130650730230037,0.0750127498498866,-0.20268294053557
-0.242923207592053,0.129161795975613,0.0675610924376014,0.0258321285415265,-0.0283163220258142,-0.0104323294818032,0.0591160701746429,0.0745163464231491,-0.155489272102654,0.0640837399073048,-0.197715221405729
-0.229510269759124,0.117735944783023,0.0675610924376014,0.0243418134268694,-0.0248388789692122,-0.00745166393344336,0.074516054841919,0.0645808335595241,-0.164431147167478,0.0640837399073048,-0.214605466448874
-0.249878064254676,0.101839108343675,0.0680578651763662,0.00645803204411338,-0.00943877400720444,0.00298066548111033,0.0864386236187277,0.0506711155550681,-0.167411772190097,0.0765030693811309,-0.235469886797776
-0.296078183442947,0.0750131968647337,0.0506708193232775,-0.0402385081925847,-0.00149033273392662,-0.015896882988667,0.102832155685253,0.0655743848524092,-0.207650209972544,0.0556385959027506,-0.186289467397265
-0.32042018174806,0.0561357035906174,0.0352708644364517,-0.0665674085724086,-0.00397422063108405,-0.0154001053968724,0.109290213766887,0.0770002246410541,-0.214108230856372,0.0591160081571628,-0.178837888703939
-0.267265205890626,0.0849487196387602,0.0457030919505098,-0.0208644117098942,-0.00943877400221893,0.0168904380779086,0.0968708712953376,0.0551420963343781,-0.157973126242621,0.1077997796516,-0.223050588951638
-0.26577487946347,0.059613136561143,0.0551417739804834,-0.0283159872853962,0.004470998223358,0.0178839932605076,0.0889224921118976,0.0700453656164915,-0.147540938659788,0.101341728318745,-0.216095782167778
-0.416794623836618,-0.0367614343035906,0.029806364317255,-0.0834576464716978,0.0337808754175198,-0.0387486521476381,0.120716008851813,0.120716481281823,-0.22901135586773,0.0372579883401458,-0.139096135617337
-0.406859114316493,-0.0298065683604949,0.0273225006245563,-0.0695480387298987,0.0442132045890709,-0.0407357625128778,0.118728914056722,0.116742276139216,-0.220566251634826,0.0486837714711184,-0.155986380659759
-0.411330093591759,-0.0144065080636153,0.029309591579345,-0.0501739422451155,0.034774430580324,-0.0337808762349766,0.120716008852801,0.115748724852219,-0.210134064057049,0.0596127813961376,-0.147541258138729
-0.418781725735322,-0.0124194035076481,0.00645804560272503,-0.0531545724780864,0.0322905426838195,-0.031793765868903,0.101341834587005,0.127174564638821,-0.173869792933134,0.0526579568839233,-0.147044486225784
-0.428717235240535,0.0119226272872771,-0.00397418191133309,-0.0700448104519452,0.0283163220476555,-0.0422260952898041,0.105812797875032,0.130651994141667,-0.190263230562109,0.0452063592068901,-0.135121960312125
-0.4446140504676,0.0193742693695586,0.00645804559925969,-0.0536513441838093,0.0317937651020138,-0.0586197558004522,0.0998515134876167,0.145555263431775,-0.191256772236412,0.0382515347025553,-0.123199434396935
-0.421265603125693,0.0392453149124512,0.0193741368061663,-0.0238450418925106,0.023845323828736,-0.0551423126601518,0.0938902291015203,0.127671340273595,-0.168902084569747,0.0561353691140088,-0.166418590836109
-0.433684990024787,0.038748538773454,0.020367682283171,-0.00546448879351769,0.023845323828736,-0.0506713143344694,0.0973676449906694,0.121710032558618,-0.165921459546189,0.0541482763972807,-0.192250730313123
-0.439149520248139,0.039742091050347,0.0139096366800107,-0.00447094538462012,0.00745166370671374,-0.0526584247008765,0.0943870027962196,0.125187462063596,-0.173869792933484,0.0601095545308208,-0.202186168578759
-0.441633397626778,0.0536518229394743,0.000993545479734209,-0.022851498482702,-0.00298066546159648,-0.0506713143358036,0.114257950748226,0.104819660708513,-0.189766459728492,0.076006296269255,-0.192747502231455
-0.402884910500498,0.071535763954507,0.0124193184699414,-0.0263289004184536,-0.0114258843099135,-0.0432196504585717,0.0953805501906878,0.0938905965565712,-0.166915001210668,0.092896584346762,-0.20814743152792
-0.396426829314441,0.0804777344497524,-0.00943868204197401,-0.0293095306480267,-0.00596133093642831,-0.0367615417721524,0.0864386236100598,0.082961532410213,-0.161450522002997,0.101341728395639,-0.199205537092675
-0.417291399275785,0.0809745105881936,-0.0183805913404131,-0.0471933120179312,-0.00198711030064419,-0.0511680919215004,0.102335381970786,0.0924002696346349,-0.167908542883852,0.105812686999503,-0.203676484309436
-0.397917155706939,0.0715357639458547,0.00447095463620686,-0.0402385081416885,0.0024838879128502,-0.0536519798791183,0.11823214034426,0.0809744298480328,-0.194734168092626,0.114257831049715,-0.195231361790454
-0.416794623777244,0.0511679422620249,0.0178838185816378,-0.0322901608580998,0.00447099823102726,-0.0442132056409622,0.122703103631174,0.0864389619226778,-0.190263230556151,0.115748150585358,-0.193741046051534
-0.419278501157345,0.0382517626512376,0.00794836380979458,-0.0382514213176891,-0.00298066545759579,-0.0551423126543666,0.121212782534011,0.0884260644938292,-0.203179272326469,0.109290099257607,-0.166418590844621
-0.403381685957761,0.0447098524490654,-0.0119225457434926,-0.0362643344998449,0.0248388789855814,-0.0536519798801085,0.11177408225198,0.0928970452849159,-0.202185730652961,0.0938901307376467,-0.152508977272135
-0.399407482149409,0.0462001808660253,-0.00993545478966393,-0.0352707910895685,0.0218582135086008,-0.0268259899437441,0.0819676603231462,0.0948841478567781,-0.210630834887502,0.108296552929183,-0.150025117706205
-0.416794623776761,0.0606066888762601,-0.00645804561841631,-0.0452062251807594,0.043219649422623,-0.0163936605219675,0.0804773392257364,0.0909099427081807,-0.202682501500206,0.0894191721665094,-0.118728487179054
-0.415801072825277,0.0596131365987383,0.00596127284357559,-0.0327869325450736,0.0586197543835267,-0.0263292123489998,0.0779934707329375,0.0799808785576346,-0.197714793125442,0.0784901622227754,-0.140089679442398
-0.339794425167419,0.126677915284063,0.0139096366581704,0.00596126041921291,0.0521616458501459,0.00844521904707302,0.0784902444320744,0.0660711605371883,-0.15201187616621,0.115748150575555,-0.179334660583538
-0.33880087421586,0.121710153898235,0.0347740916929014,0.00943866235367158,0.0561358664845056,0.0158968829138298,0.0919031343013476,0.0670647118234745,-0.158966667885317,0.112767511499913,-0.175857257192675
-0.32141373258025,0.114755287959103,0.0382515008650941,0.00447094530364481,0.0611036422781674,0.0139097725477146,0.0869353973151321,0.0700453656828668,-0.155489272026142,0.103328821112734,-0.163437959369757
-0.344265404483485,0.11922627321121,0.0228515459712943,0.0228514983935273,0.0501745355323725,0.0163936605053326,0.0958773238940294,0.0740195708267944,-0.141082917742992,0.12121265555952,-0.172379853801684
-0.332839568544568,0.137606990341295,0.0218580004942303,0.0283159871491664,0.0501745355323725,0.0173872156880775,0.0819676603310869,0.0546453207370335,-0.12270239676995,0.11425783105885,-0.169399222324035
-0.338304098781624,0.141084423314128,0.0268257278809019,0.0283159871491664,0.0536519785873957,0.0183807708713227,0.0874321710200796,0.0556388720225332,-0.114754063371869,0.102832047935102,-0.170889538062041
-0.371588055616818,0.113761735695822,0.0382515008769745,0.00794834725692586,0.0283163220424443,0.0268259899236801,0.110780534866592,0.0730260195336552,-0.12021854257676,0.0829611207939926,-0.138599363718767
-0.383013891567459,0.117239168668361,0.0392450463537988,-0.00496771708050625,0.043716427002244,0.00198711035401455,0.12568374583719,0.081967981104522,-0.120715313414194,0.0730256572148008,-0.136115504153014
-0.361652546141192,0.0973681231346957,0.0491805011247421,-0.00695480389933525,0.0362647633137989,0.00943877422389792,0.130651482828077,0.094387372191192,-0.126179792617628,0.0869353061996551,-0.146547714325605
-0.357181566859983,0.0938906901630377,0.0531546830305994,0.0139096077112952,0.00943877401969118,0.0317937658288582,0.119722461455683,0.113264846629187,-0.108792813315435,0.0884256257378099,-0.117238171455991
-0.395433278398749,0.063587345743705,0.0387482736138189,0.00347740192058504,0.0119226619173828,0.0119226621802132,0.124690198446294,0.10978741712252,-0.141082917678243,0.071038564515672,-0.105812417448309
-0.408846216247987,0.0417291956336031,0.0387482736138189,-0.00745157558974516,0.0059613309655584,-0.0134129949763275,0.115748271867891,0.127671340266995,-0.140586146841086,0.0750127499497574,-0.0978640668419248
-0.405368787922253,0.039245314940558,0.0466966374332137,-0.00794834729481567,-0.0069548861004316,-0.0129162173847831,0.100845060901002,0.100348679872132,-0.143070001026151,0.0834578939806137,-0.108793048925859
-0.393942951968138,0.0402388672186887,0.0586191831587055,-0.0243418135633577,-0.0109291067366907,-0.0208646588500779,0.0894192658271765,0.0988583529432547,-0.15449573028437,0.0794837085494603,-0.0963737511043577
-0.406859114334239,0.0382517626647768,0.0551417739885078,-0.0193740965140696,-0.0178839928511411,-0.0278195451301678,0.0879289447305079,0.109290641455524,-0.15399895944749,0.0933933575482366,-0.103328557885936
-0.393942951957585,0.0521614945509676,0.0491805011243218,-0.0153999228741465,-0.0114258843219269,-0.0253356571722372,0.0789870181476542,0.0933938208814401,-0.140586146845215,0.117238470146465,-0.137109047964516
-0.381523565073827,0.0541485991060959,0.0566320922044421,-0.026825672091049,0.00347744306119546,-0.0312969882677062,0.0665676756798824,0.0750131220834989,-0.143070001029738,0.143567448603927,-0.158470240219022
-0.369104178171193,0.0457034047433244,0.0442127737398253,-0.00993543411300443,-0.000993555151764747,-0.0248388795770864,0.0690515441737803,0.0616001797256567,-0.146050626054597,0.1291610264048,-0.149031573870776
-0.35171703655804,0.0670647786913382,0.0382515008779791,-0.00993543411300443,-0.00546455336611373,-0.038748652136099,0.0799805655488947,0.0476904617080532,-0.136611980158671,0.138102943603932,-0.15399929300168
-0.331846017539687,0.0655744502747562,0.0307999098037091,-0.0198708682105963,0.00645810854665224,-0.0392454297270911,0.0541483331877127,0.0198710256877707,-0.144063542714948,0.155986778052603,-0.176850800999599
-0.338304098714089,0.0804777344202865,0.0427224555288412,-0.0337804759399869,0.00049677759169392,-0.0496777591493055,0.0591160701769506,0.0317936411366091,-0.15846989698553,0.153999685340481,-0.170889538040559
-0.34724605728407,0.0884261526444909,0.0327870007536978,-0.0298063022991773,-0.00347744304380554,-0.0392454297286233,0.0725289600428859,0.0228516795664271,-0.162444063683126,0.157477097594618,-0.175360485256426
-0.337807323259406,0.0894197049217404,0.0382515008773044,-0.0059612604696837,-0.00993555157980991,-0.0392454297286233,0.0829612077210063,0.0327871924417285,-0.160953751172051,0.157477097594618,-0.175857257169414
-0.327375038262184,0.0899164810607898,0.0303031370612699,0.00298063022391026,0.0054645533814619,-0.0248388795747413,0.0809741129248165,0.0407356027277556,-0.15350218861162,0.154496458520704,-0.189766870729793
-0.276703939785596,0.0750131969011038,0.0312966825385441,0.0163934662508401,0.0258324341386392,-0.0243421019832386,0.0839547551180293,0.0362646219374683,-0.152011876101051,0.156980324412263,-0.200695852817937
-0.268755532172365,0.0745164207624529,0.0387482736184392,0.0134128360209715,0.0124194394987969,-0.0124194397887986,0.0864386236137131,0.0144064936268832,-0.165424688703325,0.158967417127421,-0.196721677512873
-0.257826471719537,0.0834583912584532,0.0268257278886268,0.0332837042200946,-0.000496777565958506,-0.0149033277456869,0.0774966970316016,0.00298065382481125,-0.156482813640451,0.154993231702235,-0.218579641693841
-0.274716837908564,0.0660712263843791,0.0332837734913974,0.0407352797941194,0.00645810854267526,-0.0134129949711787,0.0725289600434625,0.00943873718344569,-0.150024792753805,0.177348024765135,-0.211624834912559
-0.326878262782696,0.0471937331289909,0.0268257278886269,0.0322901608118988,0.0114258843363372,-0.0163936605206017,0.0611031649693212,0.0154000449064943,-0.169398855386981,0.158967417184541,-0.195728133696162
-0.35718156679173,0.0546453752109577,0.0208644550267806,0.0327869325168955,0.0139097722339694,-0.0273227675250636,0.0894192658248126,0.0288129872783843,-0.175360105433953,0.159960963542303,-0.201192624741364
-0.343768628969755,0.0551421513489796,0.00298063643584237,0.0407352797920146,0.0183807704503485,-0.0124194397804501,0.080974112942291,0.00894196152625915,-0.137108751013617,0.175857705233417,-0.232489255287719
-0.341781527065051,0.0611034650153711,0.00397418191362706,0.0476900836615352,0.0372583184622041,-0.0268259899340299,0.0784902444493548,0.00298065381052072,-0.129657188456256,0.174864158875158,-0.225534448507728
-0.352213812039877,0.0725293162007256,-0.00645804559665117,0.021361183306505,0.0635875301733307,-0.0253356571594591,0.0611031649824548,0.00943873717674383,-0.123199167576184,0.171386746627616,-0.24441178120651
-0.361155770608669,0.065077674113882,-0.00695481833528097,0.0139096077287869,0.0611036422771231,-0.0213614364288962,0.0541483331940601,0.00596130767700663,-0.118728230041225,0.167412561194997,-0.23447634294853
-0.423252705029818,0.0392453148813994,-0.0104322275060035,-0.0149031511549437,0.0551423113258685,-0.020367881245922,0.0511676910008472,0.00894196153731208,-0.1286636467804,0.158967417162361,-0.223547360860385
-0.449085029781653,0.0173871647703746,-0.00844513655193485,-0.0506707139479359,0.0556390889052761,-0.0213614364285627,0.0675612230637454,0.055142096346679,-0.154495730335436,0.115748150560422,-0.197218449475798
-0.460510865709718,0.0223549261555736,-0.00198709094721394,-0.0601093763400634,0.0705424162869741,-0.0293098778923565,0.0769999233447329,0.0616001797138923,-0.170889167953684,0.114754604203995,-0.17287662572968
-0.443620499520691,0.0447098524198805,-0.0109290002440331,-0.0745157557856771,0.0690520835496054,-0.0248388795693947,0.075012828549093,0.0536517694260375,-0.184798751404373,0.10283204790708,-0.177347572946059
-0.443123724045208,0.0382517626185086,-0.0223547732397607,-0.0596126046429822,0.0750134145004328,-0.0134129949653109,0.08147088663537,0.0660711605098518,-0.178837501361446,0.108296552865343,-0.195231361815016
-0.451072131659948,0.0382517626185086,-0.0268257278875625,-0.0511674856599247,0.0680585283863146,-0.0288131002983419,0.0899160395134549,0.0740195707999398,-0.168902084617456,0.119722335975845,-0.178341116768979
-0.483859313014696,0.0144065079816334,-0.0198709095443318,-0.0536513441830609,0.0735230817605832,-0.0163936605183296,0.101838608287626,0.093890596552065,-0.205663126526572,0.106806233352835,-0.141083223264604
-0.47193670158964,0.0253355830327619,-0.0233483187168399,-0.0695480387455109,0.0620971974396657,0.000993555183172193,0.0904128132156962,0.0953809234811712,-0.211624376572244,0.106309460173685,-0.170392766132545
-0.475910905390667,0.0134129557087881,-0.0178838185915836,-0.0645803216947455,0.0476906476395954,-0.00844521905736045,0.110780534875233,0.0963744747680924,-0.208146980714586,0.105812686995413,-0.15648315256403
-0.472433477057996,0.0372582103783809,-0.0119225457290172,-0.0740189840971648,0.0352712081541052,-0.0223549916172486,0.11922568776079,0.0874325131944843,-0.213114689086822,0.093393357513079,-0.147541258134271
-0.430207561635572,0.0760067492164701,-0.0114257729902975,-0.0442126818043891,0.0268259893035683,-0.005961331104193,0.123696651050424,0.0933938209137255,-0.215101772435235,0.101341728367429,-0.155986380656626
-0.405865563311035,0.0829616151630895,-0.0173870458532237,-0.015896694588007,0.0298066547797654,-0.00993555183517271,0.114257950773613,0.0645808336261409,-0.187779376368402,0.136115850928502,-0.180824976301932
-0.392949400957939,0.0710389878368508,-0.0139096366825011,-0.00645803219587948,0.0397422063616289,0.00894199663698086,0.12717406693956,0.073026019564645,-0.167411772056795,0.141083582710115,-0.180824976301932
-0.375065483828511,0.08991648111017,-0.0124193184660266,-0.0124192926591618,0.0283163220382544,0.00496777590550089,0.145554693790845,0.0680582631330865,-0.129160417590113,0.155490004901272,-0.182315292040852
-0.355194464816953,0.0904132572488001,0.00397418191667248,-0.0163934662961305,6.60010934794286e-12,0.00347744313136786,0.146548241188527,0.0442130322451572,-0.12816687591646,0.129161026451439,-0.174863713344337
-0.446601152560203,0.0298065682470099,6.49499898308648e-12,-0.0799802446089702,0.0173872152875328,-0.00745166388524701,0.167412736517365,0.0854454105728549,-0.208643751681278,0.0576256886020895,-0.111773680450701
-0.421265603327926,0.0312968966625226,0.00198709096116328,-0.0685544954050915,0.00894199643578497,-0.00149033279315471,0.155490167743194,0.08395508364215,-0.195230939085179,0.046199905505131,-0.129657469327824
-0.438652744991283,0.00149032832930701,0.00298063643909779,-0.0700448105209673,0.0178839928613851,-0.00496777593243364,0.15002565705405,0.0978648016416312,-0.186785834854322,0.0422257200714646,-0.10134147028551
-0.437162418565827,-0.0149032842510197,-0.00695481833544531,-0.0640835500616736,0.016393660122877,0.00695488626550851,0.14903210965656,0.0963744747112306,-0.193740626570228,0.0571289154139502,-0.107799505155915
-0.410833318347751,-0.0322904491118786,-0.0119225457207673,-0.0347740194581616,0.016393660122877,0.0144065501378934,0.14505792006385,0.0794841028387534,-0.160953751335717,0.0700450180754073,-0.154992836894453
-0.393446176723041,-0.0298065684193052,-0.0144064094145158,-0.0596126046990637,0.0223549910765533,0.012419439773279,0.147045014858886,0.0680582630419359,-0.142076459533572,0.0581224617926257,-0.167412134725168
-0.349729934890969,-9.9932284669535e-11,-0.0173870458467886,-0.0526578008274748,0.019871103179752,0.0283163226931956,0.137109540877938,0.0536517693821349,-0.100347709247236,0.0879288525082164,-0.185792695514101
-0.35022671036597,-0.000496776238656987,-0.0188773640627226,-0.0442126818488116,-0.00447099820424729,0.0109291069957066,0.120219235120601,0.0452065834436308,-0.114754063514327,0.0799804816570069,-0.191753958470761
-0.364633199163718,-0.0308001207110794,-0.0104322275052534,-0.0511674857248821,-0.00248388788668752,0.00695488626355958,0.0958773238810758,0.0725292438015003,-0.11922500104571,0.0690514717198956,-0.185295923602567
-0.307007244115566,0.014903283998024,0.0024838636938532,-0.0412320516339373,0.010432329185167,0.0109291069943725,0.0695483178239172,0.0541485449720964,-0.0923993758752874,0.0874320793208222,-0.210631291177226
-0.203677944951111,0.0899164810182591,0.0024838636938532,0.0263289003167574,0.0154001049770484,0.0322905434312318,0.00794837916417845,-0.011425839879256,0.00447093750658756,0.147044860880795,-0.297069603989609
-0.234974799888668,0.0526582706021324,0.00645804560247051,-0.0109289775459813,0.00943877402080801,-0.000496777593847975,0.0119225687564478,0.00745163456790103,-0.00943864592657251,0.120715882413623,-0.260308482418821
-0.236961901793788,0.0640841218009943,0.0263289551485572,-0.00993543413538489,-0.000496777563429529,-0.0223549916238673,0.0278193271202503,-0.013412942435052,-0.0367610419801611,0.0993546356933143,-0.272727780241563
-0.235471575368417,0.0794841821040505,0.0432192282617107,-0.00894189072567486,0.0154001049751489,-0.0308002106801229,0.0213612690352234,-0.0168903719397637,-0.0298062502642551,0.0864385330638405,-0.270740692589003
-0.286639449401438,0.064084121787989,0.0387482736136389,-0.0283159872215002,0.0213614359291101,-0.0283163227231824,0.0347741589070932,0.0163935961478543,-0.0630898963360559,0.0894191721383045,-0.236960202495965
-0.340787976213593,0.0357678818771126,0.0422256827847816,-0.0347740193891758,0.0193743256114078,-0.0442132056461006,0.0312967430156361,0.0387485000918678,-0.091902604883155,0.0809740281001072,-0.205663571971047
-0.349233159289094,0.024838806831059,0.0481869556487874,-0.0337804759791458,0.0109291067600637,-0.047193871192772,0.0298064219180201,0.0417291539533918,-0.114257292525987,0.0561353691737199,-0.197218449445198
-0.381026789708795,0.0208645977208869,0.0273225006115359,-0.0571287461053047,0.00248388790589427,-0.0397422073208561,0.0258322323257508,0.0501743398918959,-0.114257292525987,0.0496773178546454,-0.183308835881246
-0.380033238756971,0.0253355829733705,0.0352708644263707,-0.0332837042545384,0.0139097722281769,-0.0462003160120179,0.0317935167139903,0.0288129872517445,-0.125683021777284,0.0531547301080497,-0.191257186488424
-0.467962497803794,-0.032290449065747,0.0298063643049093,-0.0611029197215918,0.0228517686578365,-0.0635875317142494,0.055141880577936,0.062593731032947,-0.183308438853331,0.0437160397206221,-0.138102591794197
-0.423252705022691,-0.0253355831289644,0.0387482736014586,-0.0685544952932161,-0.00943877401061133,-0.0735230835429494,0.0695483178640566,0.0770002246934843,-0.191753543078663,0.0536515032956263,-0.140089679447579
-0.441136622146683,-0.0253355831289644,0.0362644099086854,-0.0546448875496938,0.0119226619080049,-0.0750134163178954,0.0874321710183897,0.0765034490503729,-0.185792293034725,0.0765030695145242,-0.152508977271207
-0.432691439050965,-0.0213613740176173,0.0188773640571723,-0.0700448104194711,0.0144065498045094,-0.0616004213425368,0.0650773545652741,0.0993551286238685,-0.166418230374788,0.0993546357725557,-0.139096135622838
-0.447097927833113,-0.0218581501562682,0.0173870458420033,-0.07054158212432,0.0188775480162945,-0.0710391955854461,0.067064449360914,0.0919034939688206,-0.169895626232446,0.0988578625943223,-0.120715574842034
-0.425736582350839,-0.0059613137011465,0.0173870458420033,-0.0635867782518693,0.0238453238099565,-0.0620971989426178,0.044709632902234,0.0725292438948971,-0.152011876097597,0.101838501668316,-0.122702662493659
-0.412820419981794,0.002980656800706,0.0139096366708605,-0.03725787788901,0.0119226618997548,-0.0347744314254441,0.0407354433111738,0.0576259746017432,-0.135121667634041,0.124193294702359,-0.136612276056816
-0.449581805165747,-0.0168903887505758,0.0039741818963174,-0.0397417364141772,0.0188775480128757,-0.0417293177024699,0.0501741435939883,0.0894196157629074,-0.125683021737428,0.133135211919627,-0.11823171527234
-0.450575356116986,-0.0188774933059139,0.0193741368073226,-0.0392449647090821,0.0407357615107335,-0.0427228728852566,0.0685547704508647,0.0804776541808474,-0.12419270922657,0.133631985098096,-0.136612276054456
-0.428220459710933,0.00894197046823053,0.0119225457310274,-0.0427223666438855,0.0178839928598886,-0.0198711036782876,0.0710386389453805,0.0924002696108017,-0.141082917696675,0.136612624171932,-0.129160697360173
-0.412820419969516,0.0243420307683608,0.00347740917610784,-0.040238508118472,0.0213614359148289,-0.0273227675545813,0.0670644493536607,0.0958776991143587,-0.123695938389424,0.126677160601116,-0.151018661523677
-0.440639846579885,-0.0069548659633471,0.000993545483109121,-0.0645803216717477,0.0462003148950095,-0.0188775484999206,0.103825703065889,0.117239051763786,-0.144560313549276,0.106309460266723,-0.139096135605085
-0.396426829267829,0.0193742694034967,-0.00347740916482775,-0.0561352026893177,0.0283163220344078,-0.00695488630297905,0.0799805655228222,0.100845455533989,-0.132637813466599,0.0938901308033656,-0.13611550412701
-0.383510666891421,0.0308001205948806,-0.00894190929338456,-0.0312966174213315,0.0377550960384185,0.017883993260954,0.0889224921074066,0.0586195258662778,-0.137108751001882,0.105315913921995,-0.14356708281991
-0.397917155681505,0.0163936125694409,-0.00894190929338456,-0.0327869325359517,0.0248388789795271,0.0278195450954912,0.0923999079992485,0.0720324682433081,-0.149031251089758,0.0973675430684828,-0.144063854732778
-0.392452625444658,0.0258323592095876,0.00248386369371795,-0.0253353569610035,-0.000496777580559882,0.0243421019570148,0.106309571576808,0.0784905516034271,-0.156482813644049,0.0849482135904026,-0.151515433427379
-0.37705258570529,0.0471937331724812,0.0228515459713846,-0.0307998457127157,0.0144065498061238,0.0168904380918213,0.103825703081949,0.0770002246734838,-0.147044167744006,0.0755095232014833,-0.155489608732158
-0.376555810229487,0.0476905093114676,0.0427224555144711,-0.0342772476484673,0.0158968825443472,0.0223549915953706,0.101838608285979,0.0809744298149747,-0.172876251260854,0.0571289155836097,-0.151515433428683
-0.353207362885361,0.0526582706994976,0.0457030919471942,-0.0243418135491521,0.0173872152820005,0.00794844144027948,0.0938902291069343,0.0904131670403621,-0.172379480423925,0.055141822869656,-0.142076767079898
-0.363142872396803,0.0486840615909189,0.0367611826511854,-0.029806302305062,0.0457035373021522,0.00397422071021698,0.0854450762241789,0.0755098977517775,-0.147540938560939,0.0566321424063974,-0.146547714296276
-0.373078381906356,0.025832359206462,0.0228515459630446,-0.026825672074972,0.0506713130939146,0.019871103643475,0.0899160395148021,0.0745163464651099,-0.138102292657465,0.0665676059772136,-0.127670381608806
-0.336316996748938,0.0710389878055704,0.0317934552560839,0.0258321286357426,0.0387486511871318,0.0312969882420452,0.0437160855129722,0.0243420064839343,-0.0705414588834561,0.11078041887026,-0.160954099808423
-0.353207362904272,0.0750131969149876,0.0248386369124334,0.0243418135214546,0.0516648682546652,0.034774431381689,0.0551418805896409,0.021361352622486,-0.0809736464554191,0.128664253294904,-0.153005749201472
-0.360162219567699,0.0546453752221286,0.042722455508232,0.0193740964703196,0.0377550960367326,-0.000993555198629634,0.055638654288654,0.0516646668638973,-0.0814704172927331,0.13065134601048,-0.152508977288562
-0.32787181366993,0.090413257200091,0.0367611826462058,0.0288127588610436,0.0327873202427146,0.0158968829105147,0.0531547857945501,0.0571291989407755,-0.0536512504318062,0.144064221823839,-0.18281206398686
-0.340291200573508,0.085942271949967,0.0238450914428092,0.0258321286313967,0.0571294216441643,0.00546455349202138,0.0615999386756707,0.0541485450825257,-0.0541480212688554,0.153006139048881,-0.168405678512069
-0.362149321496602,0.0844519435345802,0.0109290002452629,0.0233482701073988,0.0566326440647804,0.00546455349202138,0.0650773545683773,0.0586195258720137,-0.0551415629423399,0.146548087727426,-0.178837888689274
-0.393942951967043,0.0973681231445499,-0.00248386369368822,0.0322901607981122,0.0506713131112465,-0.00347744315080685,0.0804773392313948,0.0511678912310521,-0.0620963546639756,0.138599716860093,-0.189270098861865
-0.4207688276408,0.0953810185894638,-0.00894190929860403,0.0526578006863153,0.0556390889026531,-0.00447099833423971,0.0700450915535629,0.0616001797379914,-0.0620963546639756,0.145554541358016,-0.190263642687932
-0.453059233579059,0.0914068094802141,-0.0104322275150785,0.0516642572759899,0.045206759741821,-0.0163936605284295,0.0740192811459422,0.0616001797379914,-0.0695479172197112,0.139593263210343,-0.196224905643996
-0.471439926181687,0.109290750478633,-0.00149031821420906,0.0670641801243952,0.040735761529288,-0.00695488629185768,0.0630902597668987,0.0611034040946392,-0.0596125004839068,0.154993231734766,-0.231495711463098
-0.588182163008796,0.0620970173237257,-0.0119225457232272,0.0218579549943535,0.0606068647034608,-0.0223549916216578,0.0953805502107861,0.10283255814745,-0.14605062608751,0.108296552945776,-0.162941187444882
-0.620472568924355,0.0625937934623558,-0.0163935003742692,0.0139096077162801,0.0586197543859011,-0.0198711036650821,0.0938902291142419,0.106806763295947,-0.142076459392803,0.101838501627722,-0.195231361796909
-0.682072728024057,0.0784906299070729,-0.0392450463612396,0.0417288231867801,0.0601100871239819,-2.6789681584205e-12,0.0904128132208616,0.0899163914295093,-0.12021854256238,0.0909094916894591,-0.220566729364338
-0.754105172004593,0.0571292559545502,-0.050670819352827,0.0352707910251859,0.0437164269952998,-0.0144065501538406,0.0933934554137452,0.0720324682631054,-0.12617979260083,0.0804772549465597,-0.220069957451039
-0.78788590441218,0.0601099127880604,-0.0437160010112766,0.0437159100080343,0.0501745355255942,-0.00447099832659979,0.0730257337525189,0.0655743849019963,-0.126676563437891,0.0779933890511401,-0.236960202491051
-0.827131167024506,0.0486840616002944,-0.0546450012632745,0.0377546495491839,0.0422260942538358,-0.0263292123446952,0.0690515441607991,0.0546453207481,-0.132141042642914,0.0755095231576834,-0.21857964170474
-0.844518308704386,0.0670647787253359,-0.0521611375700513,0.0536513441006038,0.0645810853207738,-0.0273227675274402,0.0377548011221093,0.0288129873039944,-0.107302500790763,0.0834578940250161,-0.223050588922522
-0.958279892886047,0.0322904489841623,-0.055141774003944,-0.016890238039503,0.0357679857140922,-0.0382518745479535,0.0794837917970915,0.0496775643010852,-0.168902084661731,0.0452063592546993,-0.175360485303261
-1.00348646126662,0.0258323591802002,-0.0511675920936464,-0.000496771775429561,0.0432196494009349,-0.0367615417733515,0.0710386389122347,0.0541485450888596,-0.171882709684783,0.0303031638772729,-0.17287662573811
-1.04521560127732,0.0233484784867884,-0.0506708193548521,-0.00596126052673543,0.0382518736081039,-0.0298066554961798,0.0894192657731775,0.0457033591499238,-0.192747084835535,-0.000993546362968001,-0.146050942435822
-1.02335748029981,0.0367614342351778,-0.0466966374458747,0.00596126039657927,0.0253356565470522,-0.0198711036693559,0.0596128438270347,0.0367613975747171,-0.156979584541565,0.00397418542859096,-0.166915362774903
-1.03080911243983,0.0278194637382335,-0.0312966825418449,0.0193740964265002,0.0188775480136712,-0.017883993304283,0.0442128591554998,0.0387485001486603,-0.15846989705199,-0.0099354635716512,-0.132638100771421
-1.02832523505397,0.0357678819565653,-0.0198709095443924,0.0198708681309797,0.0218582134895122,-0.0228517692183203,0.048187048747879,0.0571291989437846,-0.166418230442175,-0.00298063906475088,-0.0963737511217728
-1.0382607445841,0.0452066285891405,-0.0114257729846279,0.0213611832453783,0.0387486511976495,-0.0139097725717399,0.0501741435428598,0.0710389169635201,-0.186785834753288,-0.00298063906475088,-0.0819673656391706
-1.02534458218781,0.0645808979977551,-0.0149031821550355,-0.00198708689235211,0.0198711031803812,0.000993555161304727,0.0645805808178248,0.0829615323977386,-0.182811668057137,-0.00248386588564087,-0.0750125588569969
-1.00994454242152,0.0481872854143133,-0.0203676822837571,0.0094386623188876,0.0462003148814418,-0.00794844148827761,0.0625934860216349,0.100845455555462,-0.185792293078672,-0.00347741224311515,-0.0760061026830358
-1.02286070481978,0.00248388064443386,-0.021858000499646,-0.0213611833859371,0.0322905426648388,-0.0253356571930627,0.0953805501560454,0.130155218499038,-0.209140522418845,0.00397418544196571,-0.051167507035959
-0.939402424673058,0.0422259717730085,-0.00645804559701127,0.0268256720464976,0.0536519785839655,-0.00397422074858383,0.0581225227723046,0.0993551286383221,-0.146050626037164,0.0288128443925635,-0.103328557872873
-0.935924996333314,0.0342775535503142,0.00794836381976924,0.00347740190876722,0.0452067597386754,-0.00198711038259371,0.0730257337429026,0.0993551286383221,-0.151515105247219,0.0447095861280661,-0.0769996464931686
-0.860911899457077,0.0640841218539575,0.00596127286450046,0.0178837813408156,0.0452067597386753,-0.017387215713363,0.0581225227760129,0.0789873272410924,-0.0923993757085694,0.0769998427242893,-0.104818873621865
-0.841537655878659,0.0690518832403099,-0.00745159108214588,0.0288127588476249,0.0308002099303429,-0.0248388795830901,0.0675612230643088,0.0784905515979046,-0.0933929173825593,0.0799804817985965,-0.104818873621865
-0.864886103264485,0.0635873457127265,-0.00943868203669446,0.00993543406220035,0.0367615408843041,-0.026825989948163,0.0968708712987862,0.0899163913941382,-0.113760521702557,0.0760062963680714,-0.117238171445314
-0.830111819887209,0.0397420910496777,-1.30537247677864e-12,-0.0144063794717727,0.0293098771939003,-0.0258324347652722,0.100348287191397,0.0948841478222707,-0.139095834404338,0.0635869668896644,-0.121212346747543
-0.795337536548268,0.0293097921397693,0.0124193184610615,-0.0153999228813594,0.035271208146437,-0.023845324399824,0.109290213766091,0.0789873272274751,-0.133134584359966,0.0586192351053026,-0.115251083790969
-0.812227902760088,-0.00993552283271273,0.00298063642339272,-0.0208644116409257,0.03080020992931,-0.0735230835464522,0.111774082260607,0.0770002246556128,-0.146547396962566,0.0307999370549791,-0.0904124881516867
-0.797324638478768,0.00645808975072906,0.00248386368432812,-0.0337804759671551,0.0154001049761335,-0.0432196504698706,0.116741819250669,0.0466969104064604,-0.146547396962566,0.0427224933412148,-0.081470593718356
-0.759569702255653,0.0213613739245736,-0.00596127287492637,-0.013412836060278,0.0208646583480516,-0.0258324347650855,0.0968708712975641,0.0437162565498093,-0.116741146745762,0.0452063592355877,-0.0889221724106189
-0.72976317369641,0.026329135310926,-0.0163935003880394,-0.00844511901197462,0.0203678807687863,-0.0263292123565987,0.0948837765015941,0.0293097628885359,-0.117734688419559,0.0551418228066659,-0.0923995758025245
-0.679092075084066,0.0481872854168749,-0.0268257278954827,0.0193740964681764,0.0114258843406222,-0.0193743260769464,0.0884257184158529,0.0193742500254184,-0.114754063395712,0.0591160082384475,-0.0988576106674023
-0.64481456731159,0.0779938536827752,-0.0139096366905259,0.030799845665544,0.0213614359250971,0.011922662165402,0.0720321863379942,0.0218581282457354,-0.120715313425496,0.0854449866529163,-0.127173609731939
-0.71436313407011,0.0317936727492207,-0.00596127286897105,-0.0213611833978753,0.0457035373195662,-0.00596133113151123,0.0978644186806029,0.05067111552964,-0.179831043114567,0.0457031322900747,-0.0740190150832058
-0.692505013112543,0.0447098523578268,-0.000993545483049557,0.00397417354690338,0.0432196494222902,-0.00794844149675093,0.0869353973106261,0.0367613975159455,-0.164431147163434,0.0541482763289395,-0.0740190150832058
-0.6800856262033,0.0556389274147236,0.00347740916340245,0.00745157548213776,0.0471938700575045,-0.00943877427110283,0.0844515288159727,0.0149032692226706,-0.141082917809681,0.0645805130913512,-0.0844512252537129
-0.666175912880674,0.0481872853333861,-0.0178838185976735,-0.00695480396240503,0.0342776529915145,-0.00894199667976683,0.0655741282641767,0.0218581282344927,-0.156482813761187,0.0655740594483284,-0.0794835061240146
-0.629911303086386,0.0770003013955191,0.00397418190236223,0.0129160642470592,0.060110087121643,0.0288131002811761,0.0660709019630386,-0.00645808343660473,-0.150024792877358,0.0909094916029705,-0.109786592806317
-0.602588651926029,0.0894197048602201,0.0114257729867572,0.019374096411214,0.0571294216455172,0.0154001053176371,0.0536515594853074,0.00496775636780218,-0.141082917814051,0.0705417912760901,-0.114754311935662
-0.646304893873568,0.0670647785959131,0.011922545725657,-0.00596126054926033,0.0665681956481748,-0.00298066557066423,0.086935397294334,0.022851679500857,-0.192747084884056,0.0352708955453318,-0.0705416117182321
-0.674621096004042,0.0511679421558944,0.0168902731136785,-0.00496771713974734,0.0576261992193697,-0.00546455352838646,0.124193424682195,0.0407356026649766,-0.204669584973377,0.0193741538290941,-0.0268256833881058
-0.75211807039211,-0.0119226275233749,0.0163935003750639,-0.062593234962906,0.0710391938601735,-0.0303034331079539,0.156483715087688,0.0725292438090853,-0.250372502053334,-0.0322902568494077,0.0134128415196997
-0.782421374362577,-0.0442130764798037,0.0228515459737395,-0.0804770163181877,0.0322905426538693,-0.0481874263842308,0.16492886797815,0.0819679810433949,-0.271733648007624,-0.0814708014647154,0.0362643495384887
-0.747150315483339,-0.0283162400193114,0.00596127284834572,-0.0715351256119608,0.0243421013853398,-0.0511680919350298,0.179335305230009,0.0770002246181809,-0.239940314372143,-0.0874320796263673,0.024341823643025
-0.681575952720279,-0.0178839411098432,0.0094386820175987,-0.0620964632289544,0.0238453238058491,-0.0501745367523891,0.171386926047668,0.0695485899638943,-0.232488751819296,-0.0720321110946442,0.0134128415547244
-0.654253301540714,-0.0119226274445842,-0.00397418192540258,-0.0581222895894253,0.0342776529696723,-0.0486842039780372,0.176354663036631,0.0635872822432826,-0.230501668471269,-0.0745159769899331,0.0208644202482626
-0.594640244527551,0.0457034045896682,-1.42653389101355e-11,-0.0188773249199823,0.0501745355112896,-0.0392454297446338,0.168903057550199,0.0586195258065206,-0.19125677235961,-0.0447095863049615,-0.00844512262720656
-0.591162816193756,0.0332840011189373,-0.00645804561352595,-0.0317933892538934,0.0387486511884611,-0.0650778645008799,0.175361115634154,0.10283255804683,-0.20168895994219,-0.0432192667675131,0.0208644202298642
-0.588678938816957,0.00943874646092244,-0.00546450013586133,-0.0268256722059591,0.0357679857119078,-0.0571294230400879,0.189767552907525,0.0889228400231851,-0.179334272300983,-0.0377547617996056,0.0238450517075562
-0.529065881633894,0.0392453148086119,0.000496772729764755,-0.0158966946896706,0.0208646583373321,-0.034774431421057,0.157477262496676,0.054148545027145,-0.149528022052397,-0.00397418560543183,-0.00794835069032074
-0.482865762384185,0.0481872853074437,-0.0104322275258632,-0.0119225210521111,0.0312969875038976,-0.0119226622198414,0.122703103603742,0.0293097628503145,-0.115747605150661,0.0193741537856796,-0.0367611216290116
-0.358671893283469,0.123200482308673,-0.0163935003904089,0.0566319742705453,0.00993555159038556,0.0268259899129022,0.0864386236058708,-0.0372581733546831,-0.010928958520596,0.0973675429285792,-0.116244627664519
-0.398910706806719,0.0735228684430508,-0.0203676822969865,0.0278192153868147,0.0442132045842638,0.00993555180623848,0.125186972111212,-0.00894196167924571,-0.0551415630083192,0.102335274713726,-0.0645803487208068
-0.370097729166049,0.0973681231136507,-0.0198709095577571,0.0422255948495664,0.0546455337485857,0.020864658824,0.0953805501980382,-0.0452065836217506,-0.0203676044009812,0.128664253246799,-0.102335014083362
-0.433188214548723,0.07004543548381,-0.0158967276509397,0.00894189063706638,0.0466970924751178,0.00198711034669742,0.0988579660907449,-0.0342775194631075,-0.0303030211387118,0.106309460212756,-0.0660706644399219
-0.451072131681211,0.0645808979573805,-0.0208644550400115,0.00149031506230288,0.0342776529937824,-0.00248388797663969,0.0899160395096225,-0.0377549489676418,-0.0442126045789501,0.105812687033659,-0.0442127002814063
-0.510188413218702,0.00496776136770616,-0.0144064094364609,-0.0208644116387226,0.0258324341450616,-0.0173872157153122,0.101838608286431,-0.0278194360953869,-0.0615995838596571,0.0650772864190621,-0.0134128416671653
-0.496775475364113,0.0273226876103031,-0.00596127288409193,-0.0109289775349754,0.0258324341450616,-0.00447099833366614,0.104819250478243,-0.0516646669540775,-0.0322901044744738,0.0710385645676765,-0.0432191564372805
-0.516149718909398,0.0377549865261576,0.000993545457878275,-0.0223547267470645,0.0178839928721636,0.00149033276017696,0.101838608284701,-0.040735602791805,-0.0481867712390504,0.0869353062834956,-0.0442127002631494
-0.54844012486668,0.021361373939601,-0.00496772740774781,-0.0288127589150601,0.0154001049753624,-0.0168904381250391,0.110780534865823,-0.0317936412154558,-0.0611028130081164,0.0665676059383712,-0.0377546653987316
-0.570795021267636,0.0218581500783257,-0.00496772740774779,-0.0263289003919855,0.0278195444525433,-0.019871103671773,0.106806345273773,-0.0163935962620831,-0.0665672922090357,0.0511676374070535,-0.0322901743568034
-0.609046732887777,-0.0188774932966435,0.0044709546267854,-0.0680577236039402,0.0407357615191506,-0.051664869519611,0.123199877336671,0.0183806987988058,-0.12270239673573,-0.00894191725418825,0.00645803485816573
-0.590666040283055,0.0139097318664334,-0.0044709546665235,-0.0615996914367446,0.0357679857264385,-0.0382518745515696,0.0839547551320012,-0.0114258398080602,-0.0879284381418754,-0.00844514407574604,-0.011425753998292
-0.588182162901725,-0.0173871648936848,0.000993545464012952,-0.043219138344129,0.0551423113034342,-0.026329212356129,0.101341834587362,0.0124193910658581,-0.102831563252083,-0.00347741228117648,0.0268256832766557
-0.579240204334292,-0.00794841825433504,-0.0134128639527676,-0.0496771705111646,0.0601100870997077,-0.0114258846096394,0.111277308562816,0.0109290641354956,-0.101341250741116,-0.0124193295022136,0.0307998585777505
-0.549930451262453,-0.00248388072790542,-0.012419318474833,-0.0362643344785847,0.064581085313843,-0.00546455351204415,0.128167614323422,0.00546453205568569,-0.0804768755842981,0.00397418540107797,-0.00149031575216535
-0.627924201058433,-0.0407356434524846,-0.0298063643363216,-0.0645803216690014,0.0864392987975987,-0.0253356571781997,0.159464357324899,0.0308000898569592,-0.130153959324719,-0.0422257202805094,0.0615997171306745
-0.613020936783626,-0.0407356434524846,-0.0312966825511304,-0.0471933119992928,0.0904135194323381,-0.0457035384370776,0.14257405156476,0.0208645769905423,-0.12667656346824,-0.0422257202805094,0.0665674362607982
-0.625937099155126,-0.0462001809792601,-0.0288128188582819,-0.0526578007552028,0.105813624395818,-0.0725295283711908,0.153006299239995,0.0198710257033172,-0.143566771919108,-0.0526579570300039,0.0824641374712989
-0.57625955154506,-0.0218581501730299,-0.0218580005152615,-0.0516642573446064,0.107800734713283,-0.0730263059628811,0.143567598959791,-0.00298065388885882,-0.137108751033558,-0.0298063907906373,0.0625932609615733
-0.571788572263339,-0.0308001206716733,-0.000496772749670388,-0.0665674084876706,0.109291067450046,-0.0799811922400528,0.132638577577121,-0.00596130774984982,-0.158966667851798,-0.0432192666184832,0.075012558780949
-0.55092400228178,-0.0129161796691011,0.0014903182042787,-0.0551416592662376,0.10978784502937,-0.0735230835487556,0.130651482782415,-0.0178839231922916,-0.15300541780627,-0.0178838344651763,0.0690512958276064
-0.560362736320428,-0.0541485991997637,-0.00894190931072442,-0.0645803216651483,0.121213729350834,-0.0978651855334119,0.156980488827924,0.014406493629751,-0.190760001425201,-0.0476902251949,0.0879286285091531
-0.562349838225473,-0.0238452547171048,0.00993545476261834,-0.074515755767172,0.103826514090258,-0.102832961447449,0.140090183071521,-0.00298065387959426,-0.191256772262394,-0.0531547301689984,0.0720319273090816
-0.550427226806986,-0.0213613740231684,0.00149031820208878,-0.077496385998813,0.112768510520559,-0.0988587407166362,0.136115993481999,0.00298065384117009,-0.189766459751536,-0.0367612152670025,0.0705416115712243
-0.572782123214738,-0.0337807774941619,0.0104322275007978,-0.0889221352111851,0.126678282736165,-0.117736289197504,0.141580504165854,0.017883923146126,-0.19175354309889,-0.0546450497076636,0.0750125587879213
-0.496278699845799,-0.00496776141012814,0.0213612277587358,-0.0889221352111851,0.105316846831841,-0.107800737362341,0.101838608281622,0.00248387821203085,-0.141082917684889,-0.00894191720484616,0.0387482091920629
-0.512175515072562,-0.0382517627123907,0.0218580004970203,-0.108296231701249,0.113265288099041,-0.0983619631182434,0.0958773238918996,0.0149032692942589,-0.165424688692624,-0.0213612466832532,0.0556384542291847
-0.486343190335942,-0.0357678820182446,0.0218580004970204,-0.0909092220285245,0.115252398416078,-0.0804779698254577,0.0784902444298075,0.0238452308774607,-0.15201187609815,-0.0198709271472577,0.0551416823164664
-0.486839965811575,-0.0407356434052262,0.0307999097908695,-0.0779931576952538,0.121213729367333,-0.0655746420792808,0.0899160395052127,0.0193742500845463,-0.131644271780126,-0.0208644735049154,0.0551416823164664
-0.501246454610967,-0.0511679423246047,0.0114257729813872,-0.0824641030403332,0.115749175998679,-0.0968716303518343,0.120219235140821,0.0397420514588801,-0.158966667835702,-0.028812844370363,0.0700448396938714
-0.511678739599664,-0.047193733214768,0.00546450011882077,-0.0834576464506342,0.109787845046,-0.108297514960713,0.112767629658716,0.0357678463097751,-0.13909583436313,-0.0317934834454556,0.0665674363039496
-0.510685188648067,-0.0258323592320319,0.0139096366790953,-0.0606061480188112,0.110284622625052,-0.0854457457499081,0.114257950754477,0.0278194360200934,-0.113263750826876,-0.0298063907286749,0.0541481384882938
-0.485846414845866,-0.0238452546771555,-0.00546450013331204,-0.0422255949339392,0.0904135194523035,-0.0695488628286574,0.127670840621154,0.0223549039425172,-0.0874316673087768,0.000496773198639278,0.0327869462392727
-0.49280127150599,-0.0228517023996544,0.0114257729834119,-0.0173870096838043,0.102832958932452,-0.0725295283767046,0.132638577607919,0.0158968205782734,-0.0844510422873853,-0.00248386587339078,0.0193741045956864
-0.483362537464829,-0.0178839410104707,0.02185800049243,-0.0114257492243629,0.0849489660821064,-0.0566326454444472,0.125186972129523,0.0173871475081404,-0.0814704172664271,2.21596074823083e-11,0.0412320687579436
-0.469949599624511,-0.0044709852592493,0.0298063643118247,0.00546448875368155,0.0904135194550691,-0.0551423126695325,0.14704501487673,0.00198710256185018,-0.0824639589400076,-0.0163935148845866,0.029806314767866
-0.447097927739078,0.0263291353504399,0.0327870007412179,-3.31162874900315e-12,0.0760069696560314,-0.036264764192626,0.154993394062588,-0.00745163465991971,-0.0794833339170991,-0.00347741222721354,0.0283159990296265
-0.430207561578933,0.0352711058471953,0.0303031370483694,0.00397417363405084,0.064084307750958,-0.0352712090100896,0.158967583655407,-0.00347742951315001,-0.0705414588589914,0.000496773201531742,0.0114257539929877
-0.429214010627676,0.0392453149568645,0.0327870007402426,0.023348270118354,0.064581085330152,-0.0392454297414862,0.136612767196727,0.00397420514113668,-0.0655737504918114,0.0134128758469954,0.00397417529891789
-0.397917155659798,0.0655744503159262,0.0471934101648533,0.0253353569385123,0.0476906476361411,-0.000496777600612633,0.119722461438922,-0.0298065386133119,-0.0158966667814882,0.0293096175745403,-0.0427223845049321
-0.443123723992261,0.0352711058364664,0.0387482736058541,0.00447094531081846,0.0566326440645188,-8.80762129895629e-12,0.138599861987587,0.00546453205661242,-0.0561351045834364,0.0188773808080054,-0.00993543827089943
-0.428717235198345,0.042722747918905,0.0437160009922259,0.00546448872030672,0.0268259893004107,0.00248388794755959,0.117735366635672,0.00149032691055326,-0.0377545836255379,0.0357676688921872,-0.00943866635818805
-0.432194663529232,0.0293097921702322,0.0730255925713767,-0.00695480390276015,0.0372583184684717,-0.00149033278175262,0.11376117704659,0.00894196156141286,-0.0566318754240237,0.0233483394196692,-0.0114257540099258
-0.422755929490942,0.032787225141156,0.0794836381702474,-0.0104322058359265,0.0134129946600342,-0.000993555190385353,0.0953805501886967,0.0223549039309048,-0.0710382296980968,0.00894191723154847,-0.0149031573998476
-0.433188214484001,0.0407356433616687,0.0829610473384501,-0.0362643345063095,0.0238453238246051,0.0193743260509715,0.0874321710083336,0.0278194360061083,-0.0710382296980968,-0.00894191722371906,-0.0387482092138987
-0.430704337106919,0.0481872854423768,0.0859416837697335,-0.0303030740468681,0.0283163220377791,0.0278195451070498,0.0725289600472136,0.0382517245194443,-0.0844510422961455,0.0109290099341414,-0.0606061733792728
-0.450575356136598,0.0134129557188235,0.0660707742302464,-0.0332837042785832,0.0422260942577057,0.011425884588491,0.083954755120723,0.0377549488760661,-0.0938896882035083,0.00695482450204565,-0.0715351554616489
-0.480381884661862,0.0154000602731966,0.0596127286270861,-0.0442126817832258,0.0576261992171375,0.00447099830986018,0.0799805655279041,0.0317936411556071,-0.118231459204165,-0.0119225562919543,-0.0765028745916318
-0.479885109186247,0.0402388671934239,0.0695481833908303,-0.0765028426007998,0.0566326440587375,0.0541487574043777,0.0809741129266585,0.0298065385814099,-0.101341250764756,-0.117735243609716,-0.184302379877657
-0.469949599680468,0.0437163001631732,0.0799804108973281,-0.0665674085029617,0.0700456386992208,0.0258324346922855,0.0928966816985218,0.0471936861094111,-0.12617979260487,-0.110283645929542,-0.168405678660807
-0.430704337057702,0.0576260320602297,0.0834578200692057,-0.0491803988117084,0.0715359714369098,0.0109291069335998,0.0750128285476501,0.0332839681063765,-0.10283156325338,-0.0745159770397387,-0.196224905766486
-0.438652744667157,0.0536518229498896,0.0591159558616513,-0.0665674084848639,0.100349071042903,-0.018877548560005,0.0760063759459096,0.0243420065247739,-0.122205625885147,-0.050174091297971,-0.193741046203036
-0.488330292301769,0.0337807773822464,0.0307999097606147,-0.072528668946669,0.0829618557598927,-0.0486842040511083,0.0655741282703849,0.0332839681020366,-0.135618438489372,-0.0551418230892685,-0.157476696576666
-0.498265801815854,0.0163936125224887,0.0158967276055496,-0.0884253635059674,0.0983619607226364,-0.0640843093883397,0.0899160395105831,0.0402388271047972,-0.127173334258515,-0.0213612469413729,-0.149031574058888
-0.508201311336923,-0.0019871046165216,0.00447095462155198,-0.0730254406407702,0.0914070746135041,-0.098361963194838,0.0978644186909463,0.0288129873094393,-0.143566771879148,-0.0134128760702706,-0.119225259293875
-0.537511064401523,-0.0278194638397326,-0.0039741819351525,-0.08892213520322,0.0928974073510149,-0.105316849476095,0.096870871293099,0.0273226603793051,-0.143070001042026,-0.0149031956063835,-0.0909092602640832
-0.544465921065478,-0.0223549263083424,-0.000993545502699228,-0.0804770162145117,0.0879296315592524,-0.0829618578626929,0.0938902291007102,0.0163935962217792,-0.14754093857861,-0.0149031956063836,-0.0774964186180101
-0.553904655105562,-0.0228517024469199,0.0124193184394917,-0.0745157557566953,0.0799811902912928,-0.105813627078292,0.109786987466711,0.0203678013689548,-0.14853448025272,-0.00596127838581728,-0.0397417532479154
-0.589672489373936,-0.0392453150113285,-0.0094386820486643,-0.066070636768615,0.0616004198523282,-0.150523610258668,0.128664388032601,0.0372581732431584,-0.171882709569698,0.0645805132253477,0.0864383128139315
-0.61749191599963,-0.0635873458103643,-0.020367682293732,-0.0630900065402237,0.0526584234263008,-0.150026832666936,0.126180519539116,0.0442130322500057,-0.177347188778562,0.0715353377241861,0.091406031942709
-0.650279097427258,-0.0576260321427143,-0.0158967276452549,-0.0606061480141331,0.0432196494191326,-0.141581613602529,0.129161161732164,0.0447098078931424,-0.168902084551594,0.0322902565775883,0.0844512251628174
-0.660711382418335,-0.046200180952295,-0.00844513655748455,-0.0516642573231982,0.0308002099386875,-0.126678285851036,0.151019204479975,0.0586195259071921,-0.169398855388546,0.0153999685152085,0.0943866634148457
-0.616995140494891,-0.0208645978564919,-0.000496772734729312,-0.0422255949261587,0.0283163220399276,-0.107800737368981,0.170393378729699,0.0447098078963405,-0.146547396882906,0.00645805128757504,0.0178837888163833
-0.601098325274169,0.00149032838940857,-0.016393500381679,-0.0293095305957686,0.0447099821490231,-0.113265290878148,0.150522430780989,0.0228516795935735,-0.141579688513439,0.0059612781093682,0.0198708764673272
-0.597620896941365,0.010432298891261,-0.0149031821659246,-0.0372578778795545,0.0322905426626428,-0.10432329422819,0.136115993513992,0.0208645770197822,-0.122702396709006,-0.0104322368159517,-0.0258321395161246
-0.613517712176585,0.0124194034478998,-0.0153999549046894,-0.0263289003665159,0.0332840978209243,-0.119226621980622,0.149528883380298,0.0387485001738508,-0.123199167546127,-0.00298063913656388,0.00248385949064886
-0.571291796745337,0.065077674139902,0.00248386367868886,-0.0248385852512308,0.0258324341310547,-0.122207287527856,0.122703103626544,0.0357678463116413,-0.099850938199164,-0.036761215343199,-0.064083576877714
-0.577253102456619,0.0645808980013138,-0.00447095466034175,-0.0322901608237784,0.039245428768974,-0.123697620303552,0.122206329927819,0.0243420065113213,-0.10233479238465,-0.0158967418450341,-0.0745157870416744
-0.539498166285882,0.0581228082000781,-0.00546450013776623,-0.0342772476441831,0.0521616458358899,-0.12419439789492,0.113264403346449,0.00298065384443161,-0.11028312577522,-0.0332838031331291,-0.123199434523144
-0.563343389131463,0.0660712264229399,-0.00844513656949925,-0.0571287460731747,0.0685553059473357,-0.130155728996392,0.122703103619868,0.0104322884918648,-0.112270209124258,-0.0124193296520004,-0.0799802781326744
-0.528569105800452,0.0640841218672245,-0.00794836383085476,-0.0730254406454736,0.0799811902712564,-0.127175063444968,0.120716008824558,-1.66739122509085e-11,-0.113263750797839,-0.0228515664262324,-0.101838242307093
-0.53154975865581,0.0501743899825017,-0.00596127287468592,-0.0725286689405387,0.0993555158575103,-0.155491386180826,0.103328929368235,-0.00149032694627482,-0.115747604982783,-0.0198709273553013,-0.0685545241834425
-0.573775674148842,0.0452066285933179,0.0476901828284765,-0.170889466770006,0.0462003147528994,-0.0183807713416307,0.0486838224563936,-0.0288129873537023,-0.160953751181635,-0.284651033852503,-0.262295570997041
-0.558872409888191,0.063090569574749,0.0566320921317756,-0.171386238474867,0.0675617506332362,-0.0516648700156174,0.0551418805421349,0.00347742944854261,-0.161450522018528,-0.314457424568879,-0.233482800071088
-0.442130173269551,0.188278156244009,0.115748047914484,-0.227024669549629,0.0104323289003105,0.152013941652608,-0.0268257799899877,-0.0675614876978964,-0.107799271721875,-0.63686322099963,-0.660706648040313
-0.438155969459839,0.190265260800479,0.0779933197244743,-0.212618290109727,0.0809747450169458,0.0397422056160017,0.0069548314807869,-0.0213613529593354,-0.119721771816397,-0.514657019477632,-0.508197671329157
-0.354697689749189,0.279188189343161,0.127173820728547,-0.283159872354739,0.013412994106888,0.196227146338757,-0.0357677067282726,-0.0864389623981496,-0.0814704174118166,-0.806262878368081,-0.844015486593945
-0.338800874522123,0.24491063575526,0.0655740010259242,-0.23199238681236,0.0809747447441228,0.0442132027247017,0.0238451370206092,-0.0158968211294755,-0.113760521850524,-0.637359998518044,-0.5499265155487
-0.246897411702755,0.307007653001441,0.121709320406338,-0.278192155442305,0.0163936593292832,0.192252924491062,-0.0238451381552089,-0.0730260202376335,-0.0789865632895316,-0.889224002405417,-0.826131700509396
-0.235968351229163,0.272233323256596,0.0715352737244382,-0.202186084681409,0.106310400922838,0.0362647601354747,0.0452064057995066,-0.0154000457272263,-0.106805730196303,-0.677101856656659,-0.513165397210631
-0.161948805435709,0.343769087156658,0.133135093200145,-0.236960104102272,0.0377550948851075,0.207653028711447,-0.0253354595764324,-0.0789873281860196,-0.0655737507831735,-0.93244327283661,-0.78142223137923
-0.181323049003819,0.280678517433427,0.0715352734472897,-0.184302303448966,0.102832957619608,0.0476906434971113,0.0620967112335099,-0.0149032703163057,-0.112270209516145,-0.683559912074718,-0.410333615045942
-0.047193670614616,0.368607893867015,0.0755094553442695,-0.157476631265772,0.0904135180895904,0.0735230780881333,0.0357677051166391,-0.0551420975317048,-0.0243417713968074,-0.733734003969527,-0.492797753248329
-0.14058746012155,0.273226875142315,0.0218579994515586,-0.113263949581333,0.148536494676185,-0.0720327569615714,0.12816761285844,0.00745163334766064,-0.0745156259849686,-0.433683006239631,-0.074515805588742
-0.149529418652639,0.257826814913347,0.0198709085043285,-0.129657415909612,0.147542939514223,-0.0953813035761635,0.131148255066163,-0.025832334915158,-0.103825105296299,-0.447095882327919,-0.0288127890430661
-0.184800477484944,0.178839408664367,-0.00695481947281534,-0.0546448886484131,0.184304480212576,-0.174368941195538,0.19175464607515,0.0139097163850601,-0.15002479322808,-0.204670574332212,0.324888809106248
-0.224542515409191,0.170394214347928,-0.0109290013666764,-0.0680577247371826,0.166917264869304,-0.1624462790876,0.168903055828585,-0.014406495423516,-0.13462489731911,-0.272728501163158,0.331346844045835
-0.355194465843458,0.0909100319229222,-0.0188773652160777,-0.0248385865652289,0.199704584952401,-0.201691709133542,0.217586878076813,0.0412323763825834,-0.145057084917873,-0.061599903474623,0.641332513551012
-0.348239609210808,0.14009086946568,0.0223547719059751,-0.0765028440840164,0.160459156025347,-0.128168626183885,0.180825624209023,-0.00198710479340496,-0.131644272345822,-0.230999560845329,0.508694411358753
-0.480878661630991,0.069051881398573,-0.00447095608575435,-0.0382514229603739,0.19573036394763,-0.193246491235062,0.206657856411658,0.0556388695462983,-0.138599064078415,-0.0312967466494041,0.824144571374457
-0.439149521812907,0.15946513823911,0.02930958998046,-0.0864382785433274,0.161452710843962,-0.110284634137724,0.167909507706972,-0.000496778422222566,-0.0864381263853956,-0.212618960632065,0.625932575906654
-0.548936902303502,0.119723046987992,0.0312966809438311,-0.0347740214329468,0.223549907919889,-0.18331094079092,0.178341755332025,0.0526582151544951,-0.103825105728047,0.00993541906925688,0.947343998119619
-0.556388534418189,0.201691109469361,0.0894190910775249,-0.0715351277671802,0.202188471910893,-0.0571294337700595,0.138599859233451,0.00248387492971472,-0.0735220847686345,-0.173870661293157,0.747641686720301
-0.613020938856219,0.116245613200019,0.0521611354934983,-0.00943866489181891,0.256337227730074,-0.156484953089795,0.156483712289894,0.0601098492120397,-0.0958767724959844,0.057128861859149,1.11674321120675
-0.581227308537341,0.188774929029149,0.114257727481073,-0.0268256746485929,0.232988681410291,-0.0367615547348625,0.1485353330682,0.0417291502962007,-0.0119225013601105,-0.100845012789871,0.986092196356096
-0.6661759152162,0.15151671844226,0.0819674993023964,0.00794834451639972,0.252859784463438,-0.115252415020545,0.1659224124183,0.0928970412256969,-0.0337804182673572,0.0864384709724338,1.33184544053755
-0.468459277139606,0.304523767941384,0.143070545814483,0.0615996888176049,0.226530572630212,0.0303034177305555,0.110283757783313,-4.82200807061517e-09,0.103825102728672,-0.0134129403715382,1.0606079720374
-0.498265805847322,0.282665617727408,0.0958771353795309,0.09239953435459,0.258821115085795,-0.0745166552431935,0.108793436696039,0.0288129823007639,0.0750123940949748,0.182315686910152,1.35966465701055
-0.466472175550169,0.371588545953164,0.112767408387665,0.094883392892196,0.254350116848895,0.00993553435011656,0.0864386201180163,-0.00447098602671807,0.131644269302481,0.0854449144136158,1.27074248334627
-0.497272255234731,0.345756186602824,0.0710384980913184,0.119225206296541,0.256337227152597,-0.0765037675979484,0.0978644151188793,0.0183806934055639,0.105812185703614,0.239941368726171,1.57675397444987
-0.491807725025386,0.390466038758391,0.109289998700263,0.115251032635041,0.238453234206493,0.0253356374241585,0.0938902255034143,-0.00298065940381007,0.12419270657336,0.151515740450616,1.53502513315418
-0.588678943488589,0.336317439320619,0.0442127695250112,0.130650955401817,0.245904897843152,-0.0601101094225094,0.118728910300597,0.0362646161344199,0.0928961437194067,0.284650948485148,1.83557213271985
-0.619975798393452,0.362646574481395,0.0680578608025532,0.11972197782998,0.223549906647426,-0.0278195663951205,0.0914063566818005,0.0352710648415319,0.123695935468346,0.219076886947619,1.85097206224685
-0.713369588436699,0.378543411020136,0.0665675425774363,0.132141270381987,0.226530572101271,-0.0745166606196905,0.0978644147255874,0.052658212220791,0.0943864559666461,0.345257270446891,2.0770032765412
-0.772485869841725,0.388975709853906,0.0675610880473343,0.127173553305851,0.211627244649392,-0.0422261175983865,0.0606063870769936,0.055638866100216,0.0943864559666461,0.302534775816718,2.1321449596752
-0.915557208030832,0.34973039463852,0.0556385422422543,0.121212292881847,0.235472568288123,-0.117736312549647,0.0442128551187815,0.0770002185843749,0.0511673929223077,0.388973306159219,2.35122136694692
-1.15202233314169,0.26478167572107,0.0794836335025312,0.0412320480839773,0.221562795985399,-0.107800760858583,0.0606063873059368,0.122703578192764,-0.0288127112266103,0.317934739556527,2.56731715246262
-1.24541612331291,0.23497510721471,0.0869352246328457,0.0571287425361823,0.244414564462152,-0.144065525550178,0.0521612344757108,0.150523013994964,-0.0397416696844733,0.424244196166541,2.76403882424996
-1.4222681923311,0.18728459826385,0.102335179419278,0.0332837005624493,0.232491902492381,-0.115252425640065,0.0481870448589264,0.17834245021289,-0.00496771130119439,0.413315185904792,2.88972211992101
-1.55043626624749,0.138103760191452,0.110283543293414,0.0457029931043103,0.267763110351519,-0.141084860766376,0.0471934974678354,0.213116744949664,-0.0298062532538954,0.524592374082521,3.12171459598442
-1.70145601063498,0.123200476149021,0.11078031602801,0.0347740155311183,0.242427453651517,-0.133136419417187,0.0268257756747695,0.213116744949664,-0.0223546907438245,0.520121415338428,3.27670743482911
-1.91059848864637,0.0447098455498154,0.126180271046948,-0.0293095341245148,0.261801779094343,-0.161452742568273,0.0581225184703554,0.285149212503806,-0.114754067067829,0.557379402493977,3.59613176379426
-1.84254024866297,0.0541485921097234,0.138599589406993,-0.0193740999680529,0.271240553157695,-0.13263964267324,0.073522503242427,0.249381365926013,-0.0784897961968965,0.581721289000548,3.72181505935529
-1.88128873611942,-7.39443056785305e-09,0.124193179890562,-0.0168902414585738,0.267763110128168,-0.149530081032518,0.0725289558512259,0.270245942760622,-0.0844510462701706,0.660211448391245,3.99404605838687
-1.90612750985886,0.00397420168388543,0.174863998775856,-0.0258321321987239,0.240937120687843,-0.126678312151686,0.083954751005015,0.238452301356514,-0.0640834420818936,0.674617871009958,4.16145819493138
-1.96226313929321,-0.0273226953070046,0.155489861824159,0.00397416990358801,0.254350115222624,-0.145555860927216,0.086935393180347,0.260310429455574,-0.0307997958212854,0.755095123043459,4.44163754374894
-1.97567607712614,-0.0312969043866616,0.159464043697515,0.00298062648794201,0.248388784232891,-0.112271762792466,0.0635870291516937,0.255839448629063,-0.00546448329317745,0.753604803461503,4.59265620684881
-2.15948300556744,-0.122703714708594,0.127173815441758,-0.0293095341312891,0.247395229082249,-0.1445623067428,0.0779934663302776,0.284652435667997,-0.0283159419057313,0.781920873579524,4.93840944551945
-2.18581210583255,-0.126181147656702,0.150025361227342,-0.0218579585114481,0.241433898094797,-0.132639644721262,0.0615999341517421,0.266768512389617,-0.0288127127393633,0.799804708549982,5.13264726520531
-2.31795438425081,-0.177349090406947,0.129160906049537,-0.0352707944569901,0.242924230819923,-0.17536251826139,0.0576257445868291,0.287633089201863,-0.0521609422023621,0.832591737084934,5.4560457678439
-2.35421899405268,-0.20864598692673,0.135122178863527,-0.0412320549539721,0.23944678774104,-0.165426966578646,0.0471934968302113,0.295084723905474,-0.0347739630227191,0.854946530794753,5.68257376183192
-2.38303197215254,-0.215104076797836,0.109786768986005,0.0367611023518171,0.259814668315337,-0.172381852971826,0.0178838488169173,0.280678230415967,0.013412808553105,0.981126913417705,5.92499844503454
-2.60856803817811,-0.248388077841719,0.124193178271924,0.0183805491584881,0.228020903032198,-0.170891520219586,-0.0124193470374794,0.276207249589113,0.0158966627200021,1.02186231525606,6.20766166540282
-2.8654009629029,-0.302039901326716,0.102335177602195,0.0332837002089061,0.26031144542689,-0.206162729773496,-0.00248387312794141,0.302039582781931,0.00546447508759851,1.08842991853538,6.55341490203424
-3.0566595214871,-0.317439961508926,0.0804771773178546,0.0278192114212941,0.24987911619074,-0.198711066012764,-0.0218580475234376,0.296078275012869,0.0312965584192615,1.11972662970346,6.81272984191219
-3.29610530503417,-0.368607904298128,0.0720320406907376,0.0238450378102101,0.254846891942168,-0.211627283604716,-0.0153999894785785,0.295581499374527,0.01092895399755,1.2175909419014,7.13662511473751
-3.59218349006266,-0.40288545763799,0.0705417224883416,0.00695479973668511,0.253356559194468,-0.202685287098856,0.00993546935962203,0.300549255848364,0.0213611415000319,1.2533586118357,7.4406495266172
-3.79486788833401,-0.411330652087858,0.0710384952312176,0.0332836999378152,0.289124544587686,-0.195730400705823,-0.00596128890705999,0.292600845634987,0.0218579123397061,1.36066161400466,7.75808676432715
-4.01742330295609,-0.421762950935264,0.0620965860145476,0.0124192881952732,0.287137434258155,-0.187285181777524,0.00198709033288708,0.265774960686553,0.0263288498419612,1.39692605708691,8.04373061483354
-4.29710790197037,-0.45405340030104,0.0620965860145476,0.0198708637216812,0.283163213657581,-0.169897965792564,0.00447095881106008,0.250871691537231,0.0208643706020974,1.50174519338672,8.36911620207489
-4.64485073824434,-0.479885759364557,0.0700449497631786,0.0079483427223942,0.285150323988442,-0.157478526194984,0.0268257754249596,0.232490992596487,0.0213611414355844,1.53850640965167,8.65227619248424
-4.93993537786208,-0.496776148266615,0.0720320407353756,-0.00596126492776181,0.271737329466146,-0.184304516587863,0.0228515858601566,0.216594172181902,0.0268256206792924,1.61004174430925,8.99355847935718
-5.33040090646866,-0.562350598221975,0.0655739951949706,-0.0149031556765618,0.287137434531244,-0.178839963163784,0.0203677173452326,0.237458749365084,0.0357674956776324,1.63835781626678,9.31198927494701
-5.7273245223928,-0.622460511716501,0.0521611311332466,-0.0109289820649869,0.281672881206433,-0.191756180760084,0.0114257908268955,0.226032909687873,0.0362642665173908,1.744667271766,9.65923282387289
-6.13020943869795,-0.673131677548359,0.0581224039409426,-0.0258321333115078,0.277698660543665,-0.183807739417884,0.0427225340707659,0.238452300871354,0.0536512456646269,1.81222842585577,9.98561196959427
-6.55296538142213,-0.744667442411432,0.0402385851868416,-0.0213611879990938,0.269253441765531,-0.185794849817273,0.0536515553721629,0.23696197395625,0.0531544748248197,1.89320245028783,10.365145690446
-6.97721164569535,-0.800306369677963,0.0312966759696326,-0.0427223714654238,0.262298555608181,-0.209143396256325,0.0531547816697966,0.239942627839943,0.0645802039881196,1.95033136740268,10.7367310791407
-7.45709677143469,-0.877306672155112,0.0119225389863166,-0.0377546544502169,0.232491901118101,-0.218085393047743,0.0655741240668425,0.2508716918825,0.0645802039881195,2.05763436896513,11.1699161626613
-7.94294319656497,-0.949835988079073,0.0228515391393656,-0.0437159149520788,0.220072461554227,-0.21609828271211,0.071535408494494,0.272233044714813,0.0834574956535657,2.1242019766325,11.58869488187
-8.40742828328678,-1.01342333465228,0.00844512959637761,-0.0263289054012208,0.237956454250836,-0.231001610698435,0.051664460659494,0.273723371630258,0.122702391980231,2.24640817272536,12.0333057176566
-8.92407479146835,-1.08893330746193,0.0054644931910906,-0.0327869376121319,0.247892005902292,-0.241930717543963,0.0298064177484285,0.279187903749593,0.152508641967482,2.33632412031344,12.4759294875372
-9.49636016271314,-1.18431432737222,0.00397417496196462,-0.00496772232146186,0.235472566522089,-0.23050483274327,0.0213612649203035,0.27769757683506,0.199701871738841,2.48485929349872,12.935443478543
-10.0100260197009,-1.23349516495856,-0.00248387058097341,-0.00695480915507085,0.234975788939522,-0.232491943079153,0.0407354393275947,0.270742717776489,0.227024267542962,2.58769134393292,13.4088671053121
-10.5962211081474,-1.29708251163271,-0.0233483258098584,0.00347739657157115,0.238950009539527,-0.242427495081114,0.0322902865006367,0.278194352349344,0.234972600977463,2.69648466459877,13.94240010525
-11.2519647583909,-1.40339260500677,-0.0397418260362164,0.00794834194669114,0.262795333504732,-0.263788931194317,0.0198709439500749,0.291110519171745,0.233482288479706,2.78888447788706,14.5097136207035
-11.9007535628743,-1.47045738476393,-0.0223547800250224,0.0243418080836871,0.24938233896771,-0.255840489597765,0.00347741199548696,0.307504115231607,0.258320830455295,2.92201968295147,15.0973947538277
-12.5664327268719,-1.56683195551883,-0.0352708711251184,0.0273224383361712,0.270743775015019,-0.257330822349974,-0.00149032502893037,0.319426730761806,0.270740101277755,3.04670975361621,15.7019661598987
-13.2872539831856,-1.65078712431409,-0.0546450081312764,0.0372578723628962,0.2846535471157,-0.273724483143035,0.00149031714508463,0.310484769272897,0.292101247372359,3.17438045375989,16.3189568317541
-14.0597398823587,-1.74716169513407,-0.0690514174254524,0.0268256664803682,0.283163214367536,-0.299060139934827,-0.00546451468736747,0.317936403976317,0.325881663993508,3.30850921476154,16.9781731447454
-14.9136969780059,-1.83360074465835,-0.104819054966091,0.0233482645714022,0.278692216194824,-0.310982802330658,-4.03055250286499e-09,0.315949301422365,0.320913955601884,3.43170895636864,17.6890536986902
-15.7875250859604,-1.97816260117368,-0.116741600592633,0.000496765962222201,0.289124545423738,-0.321911909181218,0.0228515862849291,0.347246167167132,0.317933330605106,3.54149583101725,18.4669984928465
-16.7368630865409,-2.15104070074962,-0.154993101853106,-0.0650770987131918,0.298563319353368,-0.36165411720746,0.0461999499765371,0.38500111563347,0.257824058982632,3.65277301685704,19.3025687836245
-17.5431297278702,-2.20767318052176,-0.174367238497113,-0.0208644167120028,0.281176103956042,-0.311479581277337,0.0168903015061139,0.353704249839091,0.324391350425912,3.82316621996163,20.0258686669934
-18.6082164311537,-2.36266733876224,-0.194734921008007,-0.0327869375428928,0.273227662755273,-0.308002138076175,0.0193741699850429,0.358672006219409,0.376552288513305,4.02336579928627,20.8743550230737
-19.5903416111482,-2.48437749298102,-0.222554194156746,-0.0347740243761558,0.26527922143658,-0.302537584650037,0.00198709039982331,0.33035579432831,0.406855309279773,4.17686871390675,21.7168801570202
-20.733918854566,-2.63986842752622,-0.282166923414573,-0.0536513490199257,0.283163214150688,-0.312473136646145,-0.0144064415697158,0.308994441883947,0.443119580510054,4.36961669570675,22.6527983577478
-21.8640831461909,-2.78890126967703,-0.296573332730479,-0.0491804036420318,0.256337224692398,-0.306015028053917,-0.0114257993549005,0.320420281760189,0.493790205387824,4.55789373311202,23.5971617248348
-23.1393059144899,-3.01096020870917,-0.322902288185718,-0.0839544227570906,0.261801778015123,-0.347247568886783,0.0114257906294586,0.353704249503652,0.478390309368374,4.7491513951481,24.683601795378
-24.4050899330936,-3.21960618812594,-0.353205425018051,-0.0695480432064577,0.26428566592867,-0.324395800014561,0.00894192211721545,0.3606591085576,0.500248225975967,4.94587357622072,25.7476871820142
-25.7498612867479,-3.45656841173228,-0.386489198910525,-0.0824641074450377,0.251369448979886,-0.348737902424744,0.0243419066865744,0.377052704621645,0.547441455647767,5.19475692275989,26.8798302577042
-27.0429679728328,-3.60907868743868,-0.416295563014646,-0.0332837082967447,0.252363004144271,-0.328370021480023,-0.0139096684231391,0.356684903110937,0.647789163634648,5.46450476137095,28.0010444042165
-28.4279781592367,-3.78295034059771,-0.443121291224462,0.0233482657537313,0.269253441691874,-0.327873243879282,0.000993542427988825,0.313962198261999,0.727769268812537,5.73226548713177,29.2270773526442
-30.0578986617915,-4.11777746063432,-0.478888928165595,-0.0496771753569457,0.275214772686883,-0.3909639969967,0.0233483590623038,0.378046256739276,0.684550206482145,5.92948444040304,30.6269805192052
-31.5333220134515,-4.35821711839579,-0.503727565408172,-0.0372578828249227,0.27720188298736,-0.39493821779807,0.0427225331861698,0.377549481101301,0.674118018875291,6.19277420653413,32.0129739975524
-33.1205198421823,-4.64634728191587,-0.525585565772298,-0.0526578057894037,0.271240551996344,-0.393944662629816,0.0551418757487591,0.421265738038656,0.694485622971881,6.46748977553078,33.470502690566
-34.6838724816196,-4.94292264555656,-0.54297261184657,-0.0511674906853026,0.266272776243967,-0.421267430640671,0.0963740924921421,0.443123866120981,0.701440414707339,6.75263755946209,34.9796955774545
-36.2834897182327,-5.22161406291553,-0.58420474892383,-0.0471933170169027,0.271240552072191,-0.415306099634019,0.0809741077102689,0.440639987887587,0.732240206238606,7.06957884773073,36.5047852339412
-37.9119199765027,-5.5082539045577,-0.610533704421264,-0.0382514263815608,0.260311445425307,-0.396925328410473,0.0879289394388739,0.437659334062134,0.812220311245834,7.39347493594348,38.07259718585
-39.586053566976,-5.81029380185509,-0.655740023405951,-0.0352707961309988,0.245408117939567,-0.406364102507203,0.0854450709262874,0.453059379101304,0.838549165310449,7.71985491364797,39.6841251343692
-41.2984389142674,-6.15008869272382,-0.685546388143013,-0.0317933942197948,0.263788888210424,-0.418783542522067,0.107799887213172,0.463491667498509,0.863884478036791,8.0536864631857,41.3806009813329
-43.0113210183743,-6.51919337060346,-0.741184934615089,-0.0566319796331278,0.236962898755343,-0.437164313129947,0.136115988276251,0.466969097026239,0.858916769732146,8.39645995419552,43.07906399288
-44.7838162311203,-6.89773680281007,-0.792849300179644,-0.0606061532454908,0.22951123513309,-0.429215871519515,0.129657930242279,0.478394936704324,0.922503436979992,8.81623325510479,44.8083267656568
-46.5190532602854,-7.28273831914396,-0.845010437524764,-0.0347740243867858,0.223549904138081,-0.425241650845752,0.138599856888209,0.470446526362035,0.978141770078154,9.24047754558202,46.5445444218442
-48.2970130298747,-7.71692068260786,-0.900152212337529,-0.0501739471276378,0.221562793837604,-0.432693314850124,0.162444994242767,0.470446526362035,1.04818645819374,9.66670889513008,48.314542469781
-50.0516243291017,-8.14812238221453,-0.961752031701673,-0.0432191432067278,0.218085350758721,-0.437164313107593,0.153503067598568,0.467962648129593,1.09239906213877,10.1232434394656,50.058708460147
-51.8425002872593,-8.61856940730551,-1.05117112608867,-0.0491804036237958,0.219575683484558,-0.448093420320789,0.165425636277824,0.469949750681315,1.13909552087288,10.613558521393,51.8297000353306
-53.5966148330724,-9.13372627842279,-1.12668058220879,-0.0606061529225738,0.221562793815514,-0.467467746097881,0.189270773998987,0.487336898308406,1.16890177069786,11.0984091339079,53.6051626365592
-55.286148595739,-9.64490895102494,-1.21013840368714,-0.0715351303663107,0.226033791989933,-0.492803403734069,0.170393373586515,0.478891712467145,1.21460468770472,11.6359176608208,55.3637349000653
-56.9930694868421,-10.2097434404744,-1.27968658698296,-0.0804770211193257,0.23994356431029,-0.468958079707464,0.188774000571518,0.47392395600423,1.2752107290082,12.1903165141404,57.1317459063443
-58.5926868882121,-10.7462616992924,-1.38748627323367,-0.0725286738959777,0.272730884212608,-0.528074614267798,0.180825621450477,0.496775635330955,1.35022312532809,12.7859474935596,58.8381571130936
-60.1913107206547,-11.3731932112705,-1.43269259238073,-0.0859415100319887,0.245904894722875,-0.479887188650365,0.202186890643945,0.510188577789226,1.40735177075898,13.446159026134,60.5554973758765
-61.6468632174346,-11.9807504650532,-1.5390019604961,-0.0804770213151927,0.255343668643945,-0.51366806551319,0.193741737826789,0.505717597046426,1.48633833370625,14.0288739007743,62.1670251515652
-63.1207963967124,-12.6573595968675,-1.61649850771415,-0.0864382818180898,0.236466120481794,-0.45902253131643,0.190761095611974,0.497272411054182,1.55986041649766,14.7377691986585,63.7855078031366
-64.4034710004232,-13.3011815145722,-1.73721428565344,-0.102831747974564,0.243421006532633,-0.527577840267013,0.172380468903962,0.524595071123974,1.65325333361286,15.3741355665236,65.3150682165376
-65.6727326483892,-14.0652232553191,-1.81520760566306,-0.12369615974454,0.211627241212989,-0.47094519573464,0.205664306945915,0.52956282758854,1.73621406210685,16.1500952347101,66.8605253955894
-66.7785551490316,-14.7716389750672,-1.93741370211299,-0.140586397602516,0.225040235740727,-0.533042395905673,0.240438465548585,0.525588622484894,1.83507145843771,16.853525968648,68.2693702477499
-68.1168686238167,-15.6335456267281,-2.02683279533504,-0.134128365389362,0.186291584252777,-0.442132098165531,0.21261913820415,0.53850478928352,1.92101281185768,17.6881048628052,69.6752345306491
-69.3647689657669,-16.420439092247,-2.15947111962908,-0.156483091997366,0.192749692725242,-0.505719631176138,0.24739329684333,0.541485443110265,2.03725718726392,18.392529138682,70.8898415977157
-70.8754636007743,-17.5242757505837,-2.43667031025938,-0.0208644160054686,0.312969867391647,-0.914070808442308,0.397915727931572,0.697969771082223,2.00745093746488,19.9956160546513,73.0165217679215
-72.002150702006,-18.2977562621975,-2.40934780906896,-0.168902383557202,0.107303950786541,-0.502242179999907,0.317935162830479,0.522607970344485,2.2260301039853,20.2509574363295,73.3116042221682
-73.4676387682009,-19.4726319224711,-2.74765004751063,-0.0362643377180816,0.27769866121586,-0.954309785002803,0.462993083193067,0.714860144562694,2.19771416670463,21.9375022181681,75.2822980287845
-74.4020737097509,-20.3141707777974,-2.71287595506068,-0.190263565761543,0.0993555111413356,-0.553410264171995,0.374070591524522,0.568808106399791,2.42871260376776,22.3180304217349,75.3672460076877
-75.5481350594197,-21.5600854421358,-3.03677178456737,-0.0581222916968601,0.269750221562507,-1.01193597774575,0.529063986038886,0.750131216603437,2.42026749967672,24.077104063955,77.0920377566377
-76.2351757440335,-22.5193602616736,-3.01342346530821,-0.210631204764329,0.0894199610644822,-0.575268469788488,0.425238283470429,0.595137217153774,2.63536926992626,24.5316514566833,76.9211482558454
-77.2207785715682,-23.8462494564328,-3.35719020504765,-0.0789867022940288,0.273724443725286,-1.03677484890863,0.542476876679093,0.775963551599828,2.64828531145807,26.3463636690445,78.3771864470009
-77.6847670030435,-24.8745761756538,-3.33632574949177,-0.221063409544678,0.075013412799898,-0.5688103524394,0.375560914772768,0.637859923744068,2.94485749759369,26.9042398613837,77.926117649429
-78.2595363981133,-26.2809495764633,-3.66717639864419,-0.113760720769309,0.251866231823712,-1.05863305367242,0.559367183928752,0.826634668283235,2.96572187235819,28.8466227419695,79.0984991318335
-78.2188007967806,-27.4299929237328,-3.69251180902458,-0.241927820469493,0.0745166368901028,-0.583713670634107,0.428715701835962,0.687537489215398,3.2374555165733,29.5659501847275,78.4194120769458
-78.0215808737038,-28.7479401821092,-3.90016281869108,-0.287134045698126,0.0914070745974329,-0.581229782673257,0.427722154440175,0.742679585438807,3.43467353527369,30.8977988656372,78.3881154530132
-77.5556053379294,-30.1399071026909,-4.08496228217496,-0.325385467021728,0.0765037472281984,-0.52658424747206,0.409341527627513,0.766524816226852,3.62443999159365,32.2356088120946,78.1600971931114
-76.9897779013622,-31.6158292115258,-4.29758102003437,-0.358669171325792,0.0824650781800229,-0.507706698958709,0.403877016950154,0.788879720082368,3.82016769761387,33.5942832195735,77.8158343297373
-76.347447020664,-33.1598096707832,-4.53404485014777,-0.421262406288002,0.070045638702842,-0.49081626080774,0.39791573257675,0.843028264971312,4.03079852828495,35.0115768413778,77.3250237823868
-75.5650254172629,-34.7494935510173,-4.76256031652831,-0.474416978833299,0.0750134144959103,-0.461506382859873,0.398412506274966,0.86985414962499,4.22652623397414,36.4934509542727,76.7229363488843
-74.6385388875623,-36.3858744076834,-5.01541764814686,-0.516642573861619,0.0625939750101234,-0.444615944716349,0.3969221851811,0.89320260474926,4.44957633515724,38.0135765836254,75.9653593377301
-73.5193034216255,-38.0848490782994,-5.27473302595211,-0.566816516210533,0.0427228718369002,-0.404376959742141,0.408844753939117,0.944867271425033,4.68653601874361,39.5987794744504,75.0378863646351
-72.2778611604172,-39.8414498030476,-5.57031281547037,-0.609042111216871,0.0476906476331736,-0.425738396215758,0.417289906810897,0.97964156630118,4.92846341029506,41.228195153709,73.991684926208
-70.7661729702917,-41.624379681916,-5.86787969630828,-0.641829043837256,0.0521616458474159,-0.407357625296985,0.410831848737298,1.00000936757616,5.19026163470809,42.9132494028073,72.8143357255814
-69.1586070982664,-43.438606476707,-6.16047885040247,-0.688028812534772,0.0253356565661285,-0.385499411244491,0.408844753945285,1.03925464319955,5.47193069174014,44.625129384076,71.4939162386299
-67.4755313453062,-45.294065712357,-6.48288437062375,-0.715351256403721,-0.00198711032023191,-0.381525190507674,0.394935090398495,1.0715450598344,5.73223860269705,46.3668157348106,70.0627166312159
-65.6672681554146,-47.1728734465676,-6.84056075748039,-0.763041340234108,-0.0258324341332278,-0.385002633653082,0.390464127116896,1.10930000852237,6.02036567962706,48.1288697646967,68.4730468077489
-63.7015271090678,-49.0447263294156,-7.1952565085548,-0.807750793863895,-0.0298066547675874,-0.388480076799147,0.397915732585609,1.15997112383312,6.33730546360029,49.9038398809112,66.7800484389554
-61.6846181876342,-50.9240308715799,-7.5792618533852,-0.883756865152347,-0.0462003148888263,-0.400899516614864,0.405864111749709,1.21411966857137,6.61996806080662,51.6981841293968,65.0120375183316
-59.5281153439513,-52.7929031255745,-7.99903483797916,-0.928963090512113,-0.0501745355231859,-0.411331846049775,0.412322169825272,1.28466180952119,6.98807523829283,53.5099154181933,63.0781047984955
-57.2573541352596,-54.6170655311785,-8.44662709861041,-0.973175772460668,-0.0501745355231859,-0.404873737351024,0.410335075033258,1.33036516840676,7.38449835202628,55.3484724350503,61.0378628975361
-54.8877346069108,-56.4059568352205,-8.90812899762339,-1.00546593344474,-0.0561358664788567,-0.41133184604598,0.42374796487657,1.35868137989201,7.76452802755789,57.1780875207076,58.9082020537003
-52.4848311346089,-58.214222429638,-9.39794694629342,-1.0919042105588,-0.0770005248311835,-0.382021968098729,0.446599554980308,1.42922352073559,8.12717072415145,58.9679607466379,56.7164447207728
-50.0193339646601,-59.9723136349328,-9.92899703589413,-1.1708909120919,-0.111278177831615,-0.386492966429009,0.457528576334269,1.50274631540448,8.52558091886755,60.7141179307791,54.4283136380155
-47.4008299493719,-61.6439657806076,-10.4754470830238,-1.20963910527519,-0.132639613765546,-0.376060637001979,0.427225380728826,1.53503673199729,8.99502933870073,62.5064749890031,52.0259250174681
-44.758977505655,-63.2997210990031,-11.0541873625443,-1.2757097424214,-0.12568472764561,-0.367615417938458,0.438651175785907,1.58223041775183,9.46249067436405,64.2575998727253,49.5723688823572
-42.0848346816125,-64.8978503818877,-11.6632307837316,-1.33432880395179,-0.138600944722404,-0.366621862754003,0.44908342344124,1.65575321235505,9.96621627849835,65.9684861273135,47.0924838235454
-39.2934528541592,-66.3911598795174,-12.3050612100109,-1.38947046356597,-0.175859263206476,-0.335821652049487,0.432193117707721,1.70145657114962,10.4927933382845,67.6888110556276,44.5067863433841
-36.4086772474493,-67.8328046547812,-12.9891173253036,-1.41530259243558,-0.177349595945412,-0.297072999846004,0.412818943489068,1.73921151968532,11.070041020375,69.3629360798517,41.8465730698624
-33.5606630634141,-69.2198040465983,-13.7129152661008,-1.4813732296834,-0.215601469589974,-0.265776011555062,0.422257643749176,1.79336006432545,11.6274178677177,70.9531064548509,39.1724501635486
-30.7518941769423,-70.5615968041756,-14.4680098956564,-1.57079213729342,-0.220072467806673,-0.256337237306211,0.421760870051139,1.87383771775439,12.1947301300211,72.4687608683278,36.5117400801649
-27.9550479337817,-71.8268860189529,-15.2911624002597,-1.6850496304244,-0.230008019403256,-0.246401685468547,0.439147949462753,1.98759933892031,12.8117194707019,73.9223186468449,33.8639460448114
-25.1204467773326,-72.9630134054724,-16.1391535490275,-1.76105570198816,-0.232491907303738,-0.229511247345935,0.442625365345557,2.04721241549022,13.5002438059007,75.3023540133365,31.1595199996775
-22.3330393247019,-73.9903467876165,-17.0308607075348,-1.86041004398172,-0.240440348587274,-0.203678812560419,0.452560839297935,2.1152706778754,14.2285098028311,76.6138346996159,28.4719841781304
-19.6484644390633,-74.9585637934873,-17.9667806490239,-1.99354486215728,-0.247395234710035,-0.196723926278286,0.498760793233335,2.22009033752287,14.929453402455,77.80758017868,25.8291578051498
-17.0289671663832,-75.7901673211589,-18.9563520587562,-2.11823456142575,-0.25633723115038,-0.203678812565672,0.515651098956581,2.33881971486255,15.6567258526714,78.8905452781194,23.2002410266859
-14.5371412241108,-76.4836670394547,-19.9831814346826,-2.25186615148837,-0.256834008730417,-0.171885046685146,0.521115609630767,2.43022643209017,16.4451011079111,79.8965105597838,20.5663565107153
-12.1878898743139,-77.0648953141396,-21.0676364617269,-2.38798160019526,-0.25484689840958,-0.163439827628005,0.52906398880146,2.55044613623319,17.2742115645374,80.7693406790847,18.0010264946143
-9.92706458297851,-77.4891422782186,-22.2126977794417,-2.51863256018113,-0.28167288772869,-0.157478496525406,0.556386542180698,2.66768518648269,18.1629345135298,81.503571135169,15.4818962473554
-7.78347832648365,-77.7787628641596,-23.4009783397137,-2.65375446560769,-0.300550435787015,-0.164433382808706,0.565825242435848,2.81274367229954,19.0928894340327,82.1235438057605,13.0223786084259
-5.70149224877909,-77.918357006129,-24.6543361477843,-2.79434086004691,-0.343770085264692,-0.148536499871779,0.585696190346648,2.93991823506472,20.0854374703451,82.6362135126167,10.6016091626844
-3.67564182036656,-77.8796084543113,-25.948926109806,-2.91207575582523,-0.364634743632976,-0.137607392855164,0.584702642952151,3.04424111851918,21.1167336220413,83.0063093758429,8.20965246928554
-1.75560458580058,-77.6913302345076,-27.2956772287316,-3.08147490982653,-0.381028403783599,-0.136613837671857,0.580231679674138,3.19973189238033,22.16839737136,83.245257174449,5.92847589606589
0.0919034140645836,-77.3505416895079,-28.7184346017146,-3.22702902173805,-0.395931731198422,-0.127671841021899,0.562844600253871,3.36615173005768,23.2806671496243,83.3252376226232,3.69846681384051
1.81273365341179,-76.8378685441405,-30.2171982301363,-3.40835069717094,-0.401893062162641,-0.144065501547337,0.567315563531637,3.55095226607165,24.4525494154499,83.25072167719,1.56036052169329
3.46997662356505,-76.1811302717884,-31.7616649741267,-3.58718851421179,-0.42027383263543,-0.126181508241043,0.595134890570611,3.73028826980266,25.6716249000012,83.0281673862866,-0.496771961150755
5.08996142324255,-75.3544945069034,-33.3592864261401,-3.78788428683836,-0.444119156491167,-0.130652506565412,0.628915501974145,3.93694693325812,26.9398806827792,82.6272715985858,-2.43915014374793
6.67119772735501,-74.3733613170282,-34.9901916727464,-4.00050258083305,-0.466970925192256,-0.148039722274575,0.662696113410363,4.13267653263117,28.2409233280603,82.0892664697653,-4.30303837484093
8.21219520981411,-73.2382274793387,-36.6836903173415,-4.22305630931468,-0.483364585348757,-0.151517165417575,0.66965094517299,4.3373480932404,29.603068769474,81.413158452656,-6.08446247647362
9.69705705818105,-71.9376671419079,-38.4263694915779,-4.46349381975857,-0.504726021330174,-0.146549389500723,0.696476724818456,4.53208414099522,31.0208525269115,80.5964636806723,-7.76404834363308
11.1168413129907,-70.4766480696214,-40.1889195985325,-4.69498943961176,-0.521616459081508,-0.144562279134358,0.721812183372858,4.76805256580254,32.4893068925745,79.6083822281661,-9.36514425423671
12.3831219450819,-68.9098156591543,-41.9927018722123,-4.96374293848085,-0.576261993002483,-0.133633172122788,0.737212167981376,4.99656935618009,34.0054512390853,78.4712688763806,-10.857447121783
13.5957508221489,-67.190969715693,-43.8267873106563,-5.21063848222184,-0.616004199481913,-0.130155728981539,0.782915348104199,5.24843460066525,35.5822016079276,77.1866139423539,-12.2707632575371
14.6658051407265,-65.3663104374776,-45.6588856779713,-5.51863694778367,-0.659720626627054,-0.122704065109154,0.840044323279049,5.51371278674214,37.155474570008,75.7405077774402,-13.5683315397314
15.6653173412478,-63.4263990785747,-47.4964485678508,-5.78689367610059,-0.705920941657735,-0.105316849400721,0.886741050780357,5.76657158183717,38.7779278236394,74.177659951508,-14.7963517560474
16.6096874643509,-61.3578226800639,-49.3543791682316,-6.09240828391713,-0.765037473829102,-0.110284625317781,0.907108772335157,6.03781107465137,40.4490645994368,72.4786963101226,-15.9270046772833
17.4909671019874,-59.1893942717188,-51.220258155741,-6.40587123975369,-0.816702342277066,-0.115252401234737,0.925489399101582,6.31401832335046,42.1639171852391,70.6908102894384,-17.0114578124865
18.2450722240263,-56.92608161936,-53.1263757689887,-6.74765018437935,-0.879296317543529,-0.116245956418503,0.976160316136853,6.62152243616522,43.8742988222091,68.7300472461151,-17.970227650831
18.9241642517561,-54.5803041294819,-54.974370975012,-7.08545495556692,-0.928477298090632,-0.0998522958916888,1.0178893066561,6.94243949046722,45.5970997138859,66.6560199386748,-18.8485204376516
19.5163205761902,-52.1769006183832,-56.8263403862214,-7.46846595442732,-0.990574495835752,-0.100845851074976,1.06955377104566,7.30558247228782,47.3318230884497,64.4478638947424,-19.6314330142924
20.0220379725584,-49.6979871433164,-58.6788065912458,-7.86190915999732,-1.0581362469784,-0.11276851327567,1.11774081957018,7.66524802376865,49.0675399911411,62.151779003237,-20.3115138006936
20.5088779013097,-47.1574734418521,-60.5059373982918,-8.28366835498822,-1.09241390014764,-0.122207287512638,1.17884398417716,8.08154599588393,50.7948117763577,59.7608104377054,-20.904659499151
20.9549822427868,-44.5568498435862,-62.30872635238,-8.70244692007496,-1.14010454802331,-0.129658951387368,1.22554071157393,8.46903098105427,52.5424511468642,57.318674224702,-21.4605473028346
21.363331651033,-41.8916453643658,-64.0966121377888,-9.12619320386051,-1.18779519592292,-0.132142839344569,1.27869549700832,8.8758902144954,54.3149290393767,54.7871188300014,-21.953345070716
21.795029503342,-39.1633503371362,-65.8288593719173,-9.57775870468297,-1.25635050228682,-0.111774958102357,1.31843739265855,9.30311724788474,56.1028068074734,52.2252602553566,-22.4133558912953
22.0925979886197,-36.4623780287454,-67.5119261041407,-10.0611175978405,-1.31894447771046,-0.0983619631286874,1.37606314132272,9.75915726577523,57.8395171818831,49.5695115345006,-22.7755026389436
22.3201211372206,-33.7683606184387,-69.139851055669,-10.5857085460643,-1.38551267378477,-0.104820071822288,1.45008242189458,10.2574232099383,59.4897894412485,46.8303049086296,-23.0353143663449
22.5163474335853,-31.0539754173644,-70.6863052591813,-11.131660680541,-1.44711309407243,-0.088426411295474,1.51963073916141,10.7705924213567,61.1261521102446,44.0642724960174,-23.2573714260259
22.6847543053727,-28.350022545856,-72.1920240938745,-11.7059288047203,-1.54348794517916,-0.0958780751698915,1.59911453035865,11.3354262951564,62.7337020669769,41.2987368221141,-23.4292545193165
22.8079546128271,-25.6480568096435,-73.5983883495983,-12.3095064638087,-1.60657869827835,-0.0943877423949767,1.6547531841506,11.8942988600206,64.304987751048,38.4964398972588,-23.5623894008972
22.8879354575417,-22.9714266904037,-74.9217915322549,-12.9622645265872,-1.67463722722515,-0.0829618577858584,1.73324342786245,12.4953973498045,65.8002675112216,35.6812268347974,-23.6637308779049
22.9142645554756,-20.336029024976,-76.1522981796534,-13.6125387328692,-1.77747018707234,-0.0978651855361005,1.82365624015196,13.1277927009972,67.233947696389,32.8486266729734,-23.7064532652966
22.8616063596545,-17.7408702595552,-77.2913986092031,-14.3323609845884,-1.88427736760786,-0.0978651855361005,1.92301097889049,13.8088720601832,68.5677769664834,30.0130458378302,-23.6821114399221
22.7309544207143,-15.2400989941714,-78.328660586404,-15.133157034447,-2.011452429209,-0.128665396227043,2.05465600756085,14.5530419182769,69.7590330461868,27.1744843156366,-23.5743119275856
22.5809282403824,-12.7666504499204,-79.2774969787249,-15.9423982051864,-2.10882083573805,-0.154994608567851,2.18828813104052,15.308140838215,70.8991217369076,24.3384066289646,-23.4342222385832
22.4855473573163,-10.2936987040819,-80.1061143147245,-16.7605812711134,-2.22804745611467,-0.16542693799116,2.29062351183377,16.0741688182284,72.0054300171924,21.5818125950388,-23.3333775334305
22.3847019445298,-7.84508901624514,-80.8224609597794,-17.6080738739907,-2.35720962821099,-0.168904381134597,2.40041049789269,16.8744743112011,73.0526225832808,18.8505539526494,-23.2136554943611
22.2664693914502,-5.50080234638795,-81.4141175875435,-18.4779212094069,-2.49133957624385,-0.153504275801566,2.49777814161439,17.7110444198935,74.0168544438213,16.1833790048516,-23.0601529630168
22.1025334985735,-3.20867719386783,-81.8781035592288,-19.4138391914168,-2.60311453298473,-0.156981718943764,2.61750060144214,18.5669887728447,74.8643451947171,13.5167007963893,-22.8748570272228
21.9500234404715,-0.997526574216913,-82.2124317813451,-20.3765828536426,-2.74817358808188,-0.153504275802661,2.74517144029623,19.4800623156792,75.6099979563574,10.9404352616038,-22.6895610914343
21.778635915789,1.14258503690719,-82.4205796644974,-21.3750940872466,-2.90763919327656,-0.160459162085815,2.86489389998181,20.4075423460354,76.2711997043063,8.38900835008178,-22.4749556110712
21.5605515000429,3.19128982122536,-82.4896311102407,-22.4650113304811,-3.0531950262019,-0.168407603556447,2.99504860698522,21.3956289930348,76.7987701434935,5.90514255346688,-22.237995393311
21.2932863158748,5.14610390001764,-82.3932571500515,-23.6060960717451,-3.21762840754287,-0.196723926301812,3.15153231938567,22.4458125830332,77.1743287611074,3.42028317913722,-21.9453967182397
21.1452472359971,7.07558238145075,-82.1562964336662,-24.7158841995291,-3.37709401323024,-0.182317376134932,3.26976445752139,23.4661896323818,77.5474035248618,1.09141054764095,-21.7322815543079
20.8735110727825,8.88086681405775,-81.770800594015,-25.9215492834475,-3.56835338452838,-0.187781929643297,3.41730624325866,24.5720120772877,77.7252474197832,-1.19126220053866,-21.4481280025091
20.6062458882055,10.5738798318219,-81.2357760860598,-27.1868269878039,-3.76408375446597,-0.200698147030905,3.57478350285686,25.7031700710635,77.7669761548882,-3.3969351337979,-21.1495680643844
20.3106645037011,12.1690279413835,-80.5338358572595,-28.4893625833865,-3.944910796752,-0.211130476464284,3.73623495172664,26.8755604303417,77.6800412900872,-5.50126636006282,-20.8162340906154
20.0250186274984,13.6717756840305,-79.6823669642756,-29.8743623036179,-4.15206705152945,-0.255840459716887,3.92947991653225,28.0812347465833,77.4669266785484,-7.56585575597768,-20.4968097315037
19.708572673849,15.0890779263988,-78.6714339494667,-31.2996005475966,-4.37611374441078,-0.283660004872855,4.13067326009207,29.3191994675701,77.1221678425023,-9.50774219155564,-20.1599983548264
19.3896428426819,16.4144765810647,-77.5233916000305,-32.7685547196656,-4.6031411032266,-0.307505329279247,4.33484724563786,30.5978997769641,76.641293845929,-11.388028770728,-19.7938774337396
19.0856162744434,17.6534361858031,-76.2029690374732,-34.2916570276151,-4.85600089715589,-0.326879655364522,4.54398896790823,31.8964711013442,76.0302659353091,-13.121767270136,-19.4679950402298
18.8312672497213,18.8347697564126,-74.7220888183478,-35.8003529652317,-5.11035102403877,-0.326879655364522,4.7481629529527,33.1726875169375,75.3496901309408,-14.7606221022013,-19.1520480857914
18.5828795296858,19.9137674458062,-73.1314217880917,-37.345313256372,-5.38556581022962,-0.32340221221853,4.9538272586106,34.4657942920998,74.5662827955504,-16.2573998086866,-18.8698816239351
18.2490464337831,20.8829776125564,-71.3817874273056,-38.9876408340916,-5.66425803993838,-0.334331319240878,5.18830443782699,35.8324238409547,73.5806897971999,-17.725364681199,-18.5241283538284
17.9261423971028,21.7240195427794,-69.4915663406932,-40.6870971829698,-5.97375048087018,-0.360163754024768,5.42129129567102,37.1950791766126,72.4723944393836,-19.1217942187257,-18.1585042067594
17.5923093003261,22.5461839783595,-67.4617520784105,-42.3989728412972,-6.28075903439671,-0.366125085129118,5.67911683759225,38.6009539756045,71.2597772352466,-20.3811143546269,-17.8187122005061
17.2311535537899,23.2516060295289,-65.3186736125831,-44.1481064000246,-6.61906457653988,-0.370099305866853,5.94588430532279,40.007822315179,69.9363801644941,-21.5957249082209,-17.488358861621
16.8550945433941,23.8924471868704,-63.073259950723,-45.8882980819738,-6.95389267617376,-0.371589638643394,6.22606466192468,41.454929463221,68.4982290596635,-22.6742196040613,-17.1555216632514
16.5138098136483,24.4677138984774,-60.7309755989163,-47.6617734913016,-7.33740498092406,-0.354699200509086,6.50823211281099,42.9035269279262,66.9622141209511,-23.6762112258983,-16.8475230621299
16.1243378650974,24.9560447935725,-58.2843689677761,-49.4526359311358,-7.7313496160264,-0.359666976430107,6.80878018951435,44.3640469941147,65.3000194180485,-24.5897772175729,-16.5181632681006
15.7234400810695,25.3589302005361,-55.7200271969635,-51.2390274400821,-8.13473302649142,-0.388480076791381,7.12820566563677,45.8692768469658,63.5404576470182,-25.4616142604224,-16.174397088085
15.3468842939013,25.7210799672389,-53.1015372204937,-53.0199544717914,-8.57885220085111,-0.395434963080373,7.42279245750046,47.3675518337227,61.6909803708195,-26.1998193032183,-15.8892499965028
14.9340638980587,26.0082165449033,-50.4060474846909,-54.8267136567775,-9.01800360011936,-0.412325401222835,7.77152757912324,48.9001043186547,59.7361876879695,-26.9077211812067,-15.5474709049892
14.5490629265858,26.2441851854126,-47.654422457966,-56.5738602378801,-9.49192943252813,-0.433190060097692,8.11926915285476,50.4207341790485,57.7272469808861,-27.5078232674504,-15.2364916736658
14.1556167719632,26.4260052326053,-44.8834233335892,-58.2916972955761,-9.985726370352,-0.455545051760351,8.50426875143712,51.9681899066574,55.6413067955394,-28.0438416059536,-14.9563123027498
13.7542222095588,26.5313217624992,-42.0597663340316,-59.9861860901632,-10.505355744806,-0.498267924718794,8.90764897533355,53.505710112308,53.4902896281865,-28.5381309923579,-14.6204944753346
13.3985309880779,26.6212382337291,-39.2177287870311,-61.624539678289,-11.0677079945187,-0.539500464912165,9.30755178269783,55.025346388953,51.2558149591053,-28.9102141594869,-14.3090184730294
13.0408526641229,26.660980320443,-36.3458849175242,-63.2166934960264,-11.6598669021174,-0.578249117135167,9.70745458910486,56.5116986955895,48.9661987174924,-29.2579554382502,-14.0079746814786
12.704535684512,26.639122172758,-33.4427444090258,-64.7278735117391,-12.2902776879735,-0.625939766016008,10.1148089998551,57.9742057689004,46.6591954779387,-29.5222388101243,-13.7123953814018
12.3836187430085,26.6098123838105,-30.5425845879636,-66.1680151622004,-12.9341014709887,-0.668165861386785,10.5594214347256,59.4277708718488,44.285624933584,-29.7313803512771,-13.44066113442
12.0736308612343,26.5467218211439,-27.6752118282537,-67.5306604100593,-13.6176674653553,-0.682075633987541,11.0174467576539,60.8058260901263,41.9011254072798,-29.8739542761596,-13.1644559402657
11.6866427841442,26.3937147873177,-24.7984004355086,-68.8659832135486,-14.3355111175187,-0.740198612339735,11.5410462038412,62.2136878291057,39.4286974356798,-30.0378894511758,-12.8013156580887
11.3855968596492,26.2536239315155,-21.9285439110642,-70.0681711627797,-15.115948751755,-0.774476266254136,12.0303682648512,63.5584590703758,37.0044561967046,-30.0885603234836,-12.5385233066168
11.0641831411082,26.0911781518764,-19.0944550776224,-71.184914355412,-15.9167542711271,-0.814715251279017,12.5539677075281,64.8485850001781,34.5514022266443,-30.0890570967419,-12.265298744688
10.7621436649005,25.8964419264154,-16.26831465502,-72.1874000203326,-16.7612762244309,-0.870354341731096,13.0845219796176,66.0979753321764,32.0754967721232,-30.0508055558506,-12.0010160777698
10.5251817730956,25.6977314922675,-13.4799290145624,-73.0741378400018,-17.6544823882367,-0.886251224712064,13.6394181596025,67.2624170510749,29.6259201425519,-29.9435025321487,-11.7809461127741
10.2509617219824,25.4433821363163,-10.7278078322409,-73.8649986885277,-18.6073018711673,-0.924006321819606,14.2410110618445,68.4228845587364,27.1619371296381,-29.8679929969572,-11.5340504638366
9.9702835893767,25.1676714083861,-8.04523488053769,-74.5286859354588,-19.614270119816,-0.972193748390568,14.8614813613613,69.5138034947584,24.6810638805842,-29.7288964846648,-11.256851727421
9.66576023486865,24.8596702343489,-5.41581665852186,-75.0850704553444,-20.6475675884361,-1.03925872354186,15.5505064230549,70.5654771636152,22.1877713353088,-29.5763870947939,-10.9876013420069
9.35775945142915,24.5407399862029,-2.85544988825159,-75.5147781438099,-21.771278591424,-1.11228502983151,16.2305895564868,71.5004085927969,19.7555815666256,-29.3742003791995,-10.7312670269012
9.03684250588575,24.1964741570805,-0.371586159742442,-75.8034026146003,-22.9511254739468,-1.2056792175055,16.9802209981821,72.4000689603121,17.31892083302,-29.1635685184378,-10.4630101857869
8.72735139522024,23.8690987145506,2.03776161998488,-75.9246149570611,-24.1881017916661,-1.27721519105804,17.7402846834471,73.1869612938922,14.9369048598469,-28.9082270646518,-10.2513853445951
8.37066661554678,23.5049618408605,4.34427741204903,-75.8863635211412,-25.4802204354145,-1.37259648916816,18.524193500845,73.8571113914291,12.5866821934903,-28.6409630534613,-10.0243605737715
7.98169143006325,23.107044192516,6.57975467303658,-75.6712612907644,-26.8523202877037,-1.47393911842293,19.3483409800642,74.4542354943357,10.2682528318948,-28.3766796819433,-9.78193587337174
7.59321301972121,22.7528428396063,8.70594190810688,-75.2798050387,-28.2969496863106,-1.590681853279,20.2067658368507,74.9306431592567,8.05265500466778,-28.0786157296653,-9.54894983974912
7.11531502599353,22.3648607121925,10.7198584825374,-74.7184528007105,-29.8001988576882,-1.71437947433961,21.1118874118148,75.345947442108,5.83258621806969,-27.7909840164335,-9.29311229756474
6.63741703154405,21.9570075400902,12.6269689015422,-73.9842239465242,-31.3421966969374,-1.84453520430389,22.0433379849329,75.6097352096141,3.70938771791791,-27.4407588736996,-9.04472633462855
6.20025462436007,21.5655479785966,14.4585698490682,-73.0805958817481,-32.9547369756479,-1.97816837747306,23.0309239743614,75.7711872329497,1.66269190241518,-27.0756305339234,-8.84502402053166
5.75911801321607,21.1691206552252,16.1649840574234,-71.9981299424254,-34.6169550326729,-2.1227306578904,24.0373873556299,75.8064582903354,-0.343268725681233,-26.7129860614435,-8.62197342609337
5.34530405172792,20.7915708232785,17.777508210678,-70.7487486555166,-36.3059990972233,-2.26530582796293,25.1104183982411,75.7463484601075,-2.25931384925151,-26.339909351261,-8.40389055098624
4.94738690483875,20.410543557867,19.280742357891,-69.3250004479715,-38.0412434997188,-2.4083777757533,26.1968623214919,75.5456511756192,-4.10630784481051,-25.9246069158586,-8.1912721672925
4.5469858798598,19.9853032191645,20.6657445929548,-67.7581819496607,-39.7913912457309,-2.56585627385029,27.3374545634373,75.2361600657408,-5.90561185535874,-25.5291754107414,-7.96275708202074
4.19725595191824,19.624643772648,21.9677857803155,-66.0239513447722,-41.5668746681159,-2.73028965847482,28.5182854622646,74.8173783543095,-7.62443900181762,-25.1203310293611,-7.74964192652688
3.89422291709366,19.2749133996076,23.1317241549828,-64.1794373997683,-43.3935262085681,-2.92204581109651,29.756742092346,74.2470801266197,-9.27769241116283,-24.7030415030862,-7.55292024467004
3.59516408578376,18.9063055344959,24.2266111203593,-62.2082466486377,-45.2092486558749,-3.09442763766165,31.0190438482011,73.5719622748981,-10.8668623902278,-24.281777792069,-7.37358558020459
3.29113749897202,18.5044136698931,25.2042597296418,-60.1203145314714,-47.0046032322365,-3.31400333607843,32.3325132766064,72.7766247592538,-12.3735684189177,-23.8903204762461,-7.17885098626204
2.99009156453307,18.1571671756221,26.1039150246921,-57.9335248367252,-48.8267838201767,-3.5350693676223,33.6882084524203,71.8471578645085,-13.8221522670457,-23.4779986855051,-7.00349049750707
2.68954240537273,17.7860754280395,26.9032222370463,-55.6533420594853,-50.610215763281,-3.7914066089765,35.0737100346254,70.7870390170029,-15.186781848245,-23.0726317208138,-6.83856221907552
2.36564479877799,17.4532354396838,27.5937362338994,-53.2618824179996,-52.3961316107806,-4.04724707305142,36.4746115884721,69.605706948886,-16.4495734096645,-22.6538518799344,-6.66369850239561
2.05714723140686,17.0871114522221,28.2032762845354,-50.7661007194825,-54.1845313628725,-4.30904886842175,37.9182356602759,68.2957100259562,-17.6532492431211,-22.2658719802565,-6.49380250497623
1.7441786846709,16.7194971356384,28.7487326600958,-48.2275966758397,-55.9222598036587,-4.6165542035849,39.3896790418942,66.879403142453,-18.7838997652488,-21.884350133939,-6.33533226190717
1.42822948446776,16.3811926084389,29.1968215939359,-45.615073661866,-57.6356461493732,-4.93846608939727,40.8864578647714,65.344366909505,-19.815196116933,-21.5013379680685,-6.18033942232335
1.11724803894353,16.0185460520446,29.581323626833,-42.9638024836214,-59.2948837369161,-5.29763629604904,42.4279462983818,63.6985497317837,-20.7983056975594,-21.1073967926055,-6.02236595126813
0.84650540650663,15.6881899421258,29.9007484419213,-40.2385123402907,-60.8741401253016,-5.64438706303471,43.9465831348618,61.9513903399512,-21.6651708953842,-20.7179265765664,-5.89916651471663
0.536020735838897,15.3295175935228,30.1411864047699,-37.4928545907829,-62.4096800853504,-6.03137681659553,45.490555412312,60.0924564476137,-22.4927911963613,-20.3205079900485,-5.73523178070169
0.262794225073109,15.0244970638318,30.3185342408904,-34.7372614423359,-63.9049810590744,-6.43227634363592,47.0300567142157,58.1391351955638,-23.2429152418561,-19.9196119911722,-5.61401943196542
0.00198710085576781,14.6921538478442,30.4273274511003,-31.9523587947099,-65.2805586085368,-6.8694406368327,48.5814805687348,56.111794374814,-23.898156049441,-19.5306385512055,-5.47889746956592
-0.267761982121359,14.3851462129508,30.4874369416018,-29.1580175214581,-66.575161394543,-7.30412104278345,50.1224721663823,54.0188791667021,-24.4937843519894,-19.1307361008495,-5.34278196326073
-0.509691638741237,14.064228846645,30.5152562099441,-26.410372833466,-67.7550085302725,-7.78450498962383,51.6768766379578,51.8439959768381,-25.0238388979218,-18.7586529524129,-5.20964708865448
-0.746156765306914,13.7492727932313,30.4894240322083,-23.6652120433396,-68.8141386813042,-8.28972781737095,53.1776295533477,49.6234094164855,-25.484842290181,-18.3602408231594,-5.08744119629027
-0.989576748688947,13.4502135747471,30.4005017281122,-20.9349544426466,-69.7465905114737,-8.80836364214829,54.6619889292949,47.3273129518942,-25.8668591109507,-17.9732544792423,-4.96473853209309
-1.25038387437328,13.1342639679142,30.2817730649889,-18.2588449975682,-70.5419316863992,-9.38263856047584,56.1334321807007,44.9904808688854,-26.2061536350886,-17.5753391246265,-4.8529648501321
-1.48933287895697,12.8327208681883,30.1108832736772,-15.6294321337809,-71.2190397596371,-9.96833936564401,57.54874001037,42.6069518581736,-26.472919608381,-17.2176624025662,-4.74367502781181
-1.7471593517175,12.5267067833337,29.913664531642,-13.0621157720103,-71.7535726203631,-10.6121631528453,58.9357317388096,40.1926227348034,-26.6999439098986,-16.8445857109318,-4.61153369715972
-1.93046950301029,12.2495057124295,29.6995555194385,-10.5573926810226,-72.1246656016627,-11.2778451571688,60.2814912537876,37.757925785447,-26.8673557036028,-16.4869089903328,-4.50274064683323
-2.11676030744246,11.9767756263831,29.4695497820364,-8.11774671622718,-72.3412607022095,-12.0016501446027,61.5626702001557,35.2720609249448,-26.9726711347416,-16.1446322397718,-4.39643145607806
-2.26479940006077,11.7264004650852,29.2152021844619,-5.73771338799064,-72.4281968091163,-12.7547650142147,62.7872169547387,32.7926541179609,-27.0461932282036,-15.7934135723612,-4.30850282641763
-2.40638041157734,11.4551607066891,28.912170866519,-3.42474427025712,-72.3427510355255,-13.5565640926786,63.9635766696022,30.2963569112251,-27.06208989707,-15.4700142057538,-4.2031871795708
-2.56137436114357,11.2032952164788,28.6001976403257,-1.16940069629001,-72.0938653812636,-14.3956214959827,65.054988104648,27.793601589512,-27.0238385376182,-15.141647107641,-4.12767784793212
-2.66321333437844,10.9623588005626,28.2708373707108,0.985594967278501,-71.6721010695015,-15.2893244401154,66.0753609211498,25.2595493748602,-26.9547873822866,-14.8098025975179,-4.03776213065507
-2.76157487932727,10.7452676379443,27.9206126488805,3.05315878869054,-71.0898775454685,-16.2158147111709,67.0351273620666,22.7577875415793,-26.8524525765322,-14.4873967792686,-3.97963981618712
-2.79187818362331,10.5634475792781,27.5569750645501,5.0531616400965,-70.3879305855581,-17.1651567566328,67.8806358892895,20.271922497789,-26.7073954732726,-14.1808877041717,-3.89022087087808
-2.837084752304,10.3557951624153,27.1804213903446,6.95877784993996,-69.4927370849967,-18.1517571281836,68.6372219540796,17.7989735876343,-26.5419707631609,-13.860468979826,-3.80477610094061
-2.90315589120538,10.1496330738061,26.8003903065868,8.7779557687977,-68.4316198216585,-19.1612092745796,69.2989242751625,15.3578182852922,-26.3581655297874,-13.5599211844102,-3.7103894364978
-2.94190437863528,9.97476788046088,26.3910496352795,10.5265920923363,-67.2219660192965,-20.1756292011245,69.8558073829933,12.9375275291359,-26.1341218536616,-13.265334668295,-3.64580908715053
-2.97717543775745,9.76363803027819,25.9881670077377,12.1669321769881,-65.8483755707842,-21.2069395719069,70.3068777316336,10.5838046764831,-25.8912008836106,-12.9568385022763,-3.57228684326771
-3.01244649686081,9.54853397094369,25.5723682901145,13.7188468898166,-64.2914741481623,-22.2417273907279,70.6496514537789,8.24995282256298,-25.6279123069137,-12.6910648333156,-3.50224200285043
-3.04374335214181,9.36124937405221,25.152595389818,15.1560073351436,-62.6223009703446,-23.2824765453433,70.8533285928076,5.96379140119702,-25.3507141453544,-12.4193298859869,-3.42673267134596
-3.01592392522881,9.18340352333935,24.7114612638902,16.52511005107,-60.8070751550755,-24.2844770480748,70.9303284868112,3.74022368225015,-25.0640773372296,-12.1212659592709,-3.35519751520843
-3.07205955454769,8.99413182169797,24.2822496811041,17.7680327564204,-58.8398353738348,-25.2631290049876,70.8771737212166,1.60359167421273,-24.781414696651,-11.8793374054618,-3.28415913100531
-3.08000796223651,8.79591814974664,23.8594961418809,18.9116011221771,-56.7528721822955,-26.2174388614903,70.6566062826483,-0.489324100170804,-24.4674554900092,-11.6384023985426,-3.20666271186631
-3.1023628588709,8.60018835825879,23.4322716474728,19.9766795593874,-54.5004820334724,-27.1300193989482,70.2855164696075,-2.5181558368217,-24.1639284725288,-11.4029318969444,-3.13612109961858
-3.1421048973362,8.41340053675252,23.0105116514033,20.9508487777276,-52.1522138131093,-27.979012400623,69.7440333403485,-4.46551638810399,-23.8286081183629,-11.1783904065719,-3.0730310661371
-3.13117583675449,8.21518686432757,22.5912355176144,21.8291410623711,-49.6827318609981,-28.7341144284699,69.0252020640162,-6.33637350739986,-23.4967651607365,-10.9568295555286,-3.03179899701377
-3.15303395789418,8.02690871436942,22.1764303368417,22.6185112169749,-47.1322751721979,-29.4057578125542,68.0972291328933,-8.15109499604085,-23.1520061606562,-10.7526557671533,-2.9697025073702
-3.13713714250927,7.87439844495028,21.7660961094241,23.3482687710769,-44.4829597560144,-29.9427744543381,66.9337855461974,-9.88384851472537,-22.8117180991495,-10.5400368344415,-2.89220608831111
-3.1386274689513,7.71692041413062,21.3433425639452,23.9886074256529,-41.8008570464483,-30.2954865874389,65.4931423236892,-11.5540083147425,-22.4808686850078,-10.3174824379213,-2.82514187953351
-3.11180159299387,7.57881665207966,20.946421196458,24.5544303314922,-39.0164181703652,-30.4246487769366,63.7787768716877,-13.1431936942078,-22.1008389535814,-10.0969151344029,-2.77099374059533
-3.06361437144689,7.47250656191014,20.5604288267226,25.0815050462701,-36.1986952263173,-30.296480143047,61.7082247722582,-14.6851853986742,-21.6820610939231,-9.8758510584914,-2.7645357056735
-3.01493037433154,7.33092536678051,20.1620171393187,25.5156834634321,-33.3397397758381,-29.967613338724,59.4026987649547,-16.1168929117649,-21.3184248029074,-9.65578052869051,-2.69846504077598
-3.00201421183843,7.19033772376466,19.7660893143892,25.8842880229036,-30.4688616989461,-29.3973125972873,56.8015924674442,-17.4775615130186,-20.9652207012767,-9.44812932934185,-2.63686532312232
-2.97518833587946,7.04875652840626,19.3845678961936,26.1848348666213,-27.5999707726062,-28.6193587999051,53.9709767550567,-18.7403653115336,-20.5742620128222,-9.23203298554787,-2.58818167531668
-2.9324656445317,6.92058828832902,19.0020529317721,26.4352077739683,-24.7151830019647,-27.7072750380781,50.9610257509735,-19.9197108019733,-20.2071483277616,-9.03580757028344,-2.51764006321335
-2.91060752338203,6.80980721254173,18.6150670122122,26.6160326514088,-21.8626858169124,-26.67546786537,47.8050232794975,-21.0305012537928,-19.8097316192207,-8.84057570147204,-2.44560813534436
-2.8981881363686,6.67319377825767,18.2439778178022,26.7258191840245,-18.9987627842215,-25.5562278285413,44.5690402209249,-22.0315042831679,-19.4351663722034,-8.65180188451861,-2.38549873347521
-2.93743339936766,6.51770285109579,17.8614628509526,26.7749995764537,-16.1815368877964,-24.417613464933,41.3186506835777,-22.9415973633498,-19.0894138367502,-8.51022152178668,-2.31495712140519
-2.93047854263888,6.38953461072794,17.504780062768,26.796360756982,-13.3638142511827,-23.3142703170679,38.0757127011606,-23.7687289062288,-18.7143518197652,-8.34231217973506,-2.24391873743392
-2.89371715711237,6.27626965419991,17.1356779566148,26.7913930405809,-10.6424665071149,-22.2606049382802,34.8754971946463,-24.5253183030084,-18.3740637656647,-8.1843383017856,-2.21908014161898
-2.93544629741593,6.11978517481079,16.7814790303203,26.6850839097591,-7.95340934176269,-21.3152370907203,31.8431911089084,-25.1790751325256,-18.0591110275809,-8.03232570278537,-2.10929354813186
-2.92352368589133,6.00006212844371,16.421815603587,26.5936779279648,-5.37115939259563,-20.3922242417538,28.852613957103,-25.7955737856573,-17.6929908887271,-7.90465499029424,-2.09836456598048
-2.92600756329335,5.90021012706648,16.0820230838502,26.4376916327191,-2.83759367816258,-19.5551539278987,25.9688430803375,-26.3102334204304,-17.3338255427629,-7.80381003067575,-2.06905502294171
-2.91160107436381,5.82718403649781,15.7551466534986,26.2553764404454,-0.402389954140798,-18.736464391379,23.1650527094098,-26.7752154851589,-16.9940342618584,-7.68855864833863,-2.04620351481158
-2.89570425899645,5.73776433370713,15.4277734496988,26.0382872332597,1.94736799672769,-17.9262200773211,20.4233589978098,-27.1567392313483,-16.6572236067289,-7.57281049295673,-2.0208681471193
-2.85298156771133,5.63145424255346,15.1118260170473,25.8172238526548,4.19826718629156,-17.0881562205003,17.7070006973224,-27.4513272286799,-16.3382967037701,-7.46848812114361,-2.01093270880427
-2.79932981588123,5.55246683837107,14.7958785839617,25.5837411807751,6.32497196028677,-16.2133308229521,15.0204487758355,-27.7096505995738,-16.0069505294944,-7.35025609991523,-1.97665544662795
-2.75511679807638,5.49335047921385,14.4655247418801,25.3502585085948,8.36871485867835,-15.3121762132775,12.336380683856,-27.892464061934,-15.6562302912319,-7.17042420212804,-1.90661060661564
-2.73325867694086,5.41386629879178,14.1545450345216,25.0785244197466,10.2589534720013,-14.3066983067033,9.67864155778443,-28.0340451404162,-15.3283615138634,-6.99009553171822,-1.81123039899449
-2.74766516585724,5.29960778946387,13.8559846438758,24.7645647407543,12.0518236692555,-13.2113036563175,7.06213460852079,-28.0946517775625,-15.0322860729031,-6.85845063444414,-1.70790184059499
-2.7446845129762,5.19280092198467,13.5718306610867,24.4361986836518,13.7006283618043,-12.061263472853,4.46549857216696,-28.0976324318515,-14.7476363627267,-6.77449596428278,-1.66368914014841
-2.73921998269591,5.11033608471531,13.3194701305024,24.0869682168379,15.2535549757969,-10.9117200724142,1.91754632075654,-28.0459677574998,-14.4580189441404,-6.66669618048294,-1.62792156222248
-2.62744549983886,5.02787124743902,13.0487290096588,23.789402000632,16.6629128683884,-9.68666648002456,-0.574767311675831,-27.9833740173972,-14.1202147518074,-6.51120616991744,-1.61252163283914
-2.5618711365359,4.93099990245901,12.7730201614312,23.4684875165487,17.964966803389,-8.50582610054584,-2.94835205829987,-27.8711027058632,-13.8226490002539,-6.39198060272805,-1.59612815962462
-2.46549669357858,4.86840611030428,12.5072467666531,23.1132957881481,19.1164971361566,-7.29468229145598,-5.23202079282003,-27.7354829358397,-13.5315412703866,-6.27474212847729,-1.59761847537071
-2.43867081769111,4.80382521357559,12.2663120065837,22.7581040592463,20.1353878616357,-6.15358413020706,-7.36367679756505,-27.5491920432401,-13.230994894462,-6.15601333459615,-1.56681861661217
-2.38303196405786,4.74123142139454,12.0253772461825,22.387015636959,21.0698264011519,-5.04278940771898,-9.35921682549663,-27.3017977379672,-12.9746611261714,-6.03281358217632,-1.56433475703549
-2.28864462292738,4.64932783753711,11.797855348115,21.9856241432269,21.8616897846839,-3.92454302443288,-11.2126795894859,-27.0752680131272,-12.7173338164014,-5.97618143792633,-1.6368634566253
-2.21611540292703,4.57083720910794,11.5698366771975,21.5762843023764,22.5636364327171,-2.87981973124821,-12.9106521938981,-26.781176791626,-12.4729225494457,-5.9687298400128,-1.70293412125169
-2.11676030711365,4.5112240735871,11.3611921414456,21.1937701299904,23.1642404629333,-1.95084562323645,-14.4635668840634,-26.47317585074,-12.2111243023956,-5.91557510816773,-1.73522429571852
-1.98263092781917,4.4729723116283,11.1421153786666,20.7933721772671,23.6684696516303,-1.10880759794134,-15.8455914209476,-26.1338780404895,-11.9388938677751,-5.84751718056111,-1.74665004976112
-1.85943060907621,4.40392042959698,10.9195612067779,20.4029096567953,24.0763239992652,-0.328866774765925,-17.0602032183244,-25.7771930809781,-11.6974632269646,-5.74567867569707,-1.74267587443829
-1.82664342752891,4.33139111464617,10.7029683069221,19.9900924114309,24.3977390570887,0.364137966475028,-18.1312474133302,-25.3653660182584,-11.5017355063304,-5.67762074815529,-1.71883082250336
-1.76802392107932,4.2678037700331,10.505749542406,19.5817461101405,24.640663265742,1.00299394858103,-19.0785949503772,-24.9684422274448,-11.292594972371,-5.58571770729717,-1.69846317397488
-1.76852069655757,4.17440985762085,10.3204533225925,19.1873094142866,24.7956578527544,1.57726884208992,-19.8779039150867,-24.5397247922534,-11.0869318346718,-5.52560815086789,-1.66965040289507
-1.70443665982683,4.10337087101535,10.1301893755694,18.7928727178742,24.9143876805577,2.11726608072593,-20.5763678116531,-24.1398203489208,-10.8832557807867,-5.45009862544305,-1.67412135013252
-1.65724298942726,4.02686734701326,9.94588670081689,18.411352083898,24.9466782194614,2.57529501639031,-21.1630576158589,-23.7314707194901,-10.673121705704,-5.40538903807132,-1.64828921054557
-1.59216540179392,3.98166071914677,9.77499688886115,18.0452313704646,24.9282974511714,2.97222030809065,-21.6315152680229,-23.3102049225171,-10.4749101314803,-5.33633756417313,-1.60357973817779
-1.52510071224684,3.91062173243215,9.6065909403528,17.6875557746355,24.8557679330638,3.28916440788538,-22.0090633237549,-22.9043391732236,-10.264279285892,-5.24145388433281,-1.56135412543217
-1.50224904026324,3.83312465603007,9.43421081002398,17.3184544300515,24.7484639884711,3.58126962789646,-22.2798050222398,-22.4721443128993,-10.063087086939,-5.1550153487566,-1.52061882841742
-1.48535867403055,3.74370495250802,9.27375322456386,16.946869226183,24.5939661792224,3.82816808745314,-22.4665919556553,-22.0503817430762,-9.91802999552711,-5.0859638750137,-1.49776732033597
-1.4843651230753,3.69502089167391,9.10683759368574,16.5762775649606,24.397242280493,4.05916966391026,-22.5912821694033,-21.6335869311001,-9.7362118605121,-5.03777687534374,-1.44610304118053
-1.45604892086302,3.6443497263021,8.94389614422141,16.2255567698972,24.1846215009033,4.23403537319357,-22.6325143915578,-21.2331857181586,-9.55638080920316,-4.98859632931745,-1.4341805152192
-1.42425529030132,3.59665921772991,8.79039337626021,15.8937132976019,23.9218261912142,4.38108153771047,-22.6111531198464,-20.7970166558653,-9.3700917368214,-4.9354415977832,-1.39990325308846
-1.38848745589152,3.56238166467742,8.64334865343171,15.5673343130038,23.6570437710473,4.45957239577748,-22.5276951280658,-20.3886670335644,-9.19969933204102,-4.86887399006125,-1.36314213140062
-1.38550680302415,3.49631043918113,8.50127165762345,15.2315166661958,23.3465578182706,4.52216637112598,-22.3806500949286,-19.9703818980196,-9.06805505439481,-4.82019021725097,-1.27421995867493
-1.39494553709724,3.43620052729129,8.35770434352437,14.8976861055894,23.0236524270148,4.56985701901654,-22.1958502561204,-19.5565677446906,-8.89915296252019,-4.74666778491554,-1.22056859190184
-1.40239716926078,3.36317443593945,8.221091847233,14.5926683012988,22.6838565995333,4.59370234296231,-21.9643536841541,-19.1228825647666,-8.74217337127146,-4.66817762064895,-1.15499469919978
-1.40885525046893,3.31051616592908,8.0810019418589,14.2712570313386,22.3182283400779,4.6081088928524,-21.7040442343432,-18.7080748616773,-8.59264534306072,-4.59763582757044,-1.12618192817926
-1.40786169951358,3.25438046299172,7.9468733089492,13.9483554457813,21.9570710781184,4.57134735175625,-21.4159154544452,-18.3111510847209,-8.46745908693771,-4.52361662213456,-1.09736915714885
-1.41928753549332,3.20023186458312,7.80827372149474,13.6736407118087,21.5581587229703,4.54998591571904,-21.1168576524218,-17.9236660463949,-8.3189246005694,-4.45704901459392,-1.04173070275247
-1.41680365810538,3.13416063900476,7.69799017874103,13.3909776305344,21.1691819178189,4.49136616104598,-20.7919676152438,-17.5242583923811,-8.1748610521198,-4.40935878823815,-0.999008318124233
-1.40935202594935,3.09938630976508,7.59664854472837,13.1157661242128,20.7489081275684,4.44963684417491,-20.4313098680752,-17.1477024205699,-8.04818448378055,-4.35968146915039,-0.942376319863746
-1.40587459760901,3.04523771137358,7.47841663833765,12.824161152309,20.3504925478527,4.3741266516989,-20.0636972891592,-16.7681657958225,-7.92250145724258,-4.31695897475524,-0.886241093548698
-1.41332622977368,2.9851277993787,7.36862986807648,12.5256013764082,19.9416446392725,4.32345533829292,-19.6752202135307,-16.3806807607752,-7.82712145285644,-4.28466871736314,-0.850970287641491
-1.33582925534142,2.98512779937871,7.25188827969853,12.2608220740404,19.5437258355177,4.24695159062235,-19.2877366860924,-16.0011441373393,-7.68057405043929,-4.20866241924828,-0.859415410181085
-1.29260978882414,2.96575353022456,7.15253373633996,12.0025008031303,19.1477941413437,4.18038339458199,-18.9146595980108,-15.6419753175907,-7.56283935781344,-4.15799155388727,-0.85494446295373
-1.27969362640869,2.94041794745784,7.04771469296597,11.7402053586348,18.7409333407141,4.07456976938995,-18.5276728460284,-15.3036710774896,-7.44113049834197,-4.08446912183367,-0.839544533624959
-1.24044836370685,2.93892761905961,6.9478633767091,11.4967872373421,18.3469887551603,4.01197579394193,-18.1441635108863,-14.9728184728078,-7.3278667434839,-4.04224340075139,-0.856434778703062
-1.20468052933922,2.91855979760684,6.84552819679456,11.2677754943106,17.9361537330064,3.96974969936937,-17.760157402868,-14.6384884392385,-7.20566111324824,-4.01641119489609,-0.849976743820213
-1.17686110261466,2.89819197615492,6.76058006197412,11.0233638291254,17.5556221393686,3.88827817570216,-17.3975125666311,-14.2962099951991,-7.09041027507266,-3.99206930861547,-0.883260462064497
-1.16195783829198,2.86937896043122,6.64681910944399,10.8072681492145,17.1656517719544,3.82071642437403,-17.0025774376881,-13.9827445411924,-6.98708193750119,-3.91904364974275,-0.882266918236557
-1.16394494020004,2.84901113899561,6.56187097457249,10.5876950674797,16.7905847298425,3.71192213361534,-16.6290035805637,-13.6543758171613,-6.88276005828326,-3.86837278440852,-0.867860532728866
-1.16493849115438,2.81672069035436,6.4699680215419,10.3686187570327,16.4259500156196,3.62846349954666,-16.2549329506273,-13.3746911102509,-6.80327672174208,-3.82813415605539,-0.865873445073357
-1.11824159629085,2.79833997343279,6.36465220504062,10.1714004001523,16.0518765273054,3.55543719474193,-15.8982494027238,-13.1109032254619,-6.67908400836624,-3.77497942477692,-0.869350848471069
-1.16295138920449,2.75015268855566,6.28268470632519,9.97418204322826,15.6797901484517,3.45955912101448,-15.5380884392731,-12.8267475384593,-6.58569108805314,-3.74268916750089,-0.850473515738336
-1.15053200228746,2.70295895593411,6.17587857154868,9.78143463124569,15.3245942056857,3.3567261610927,-15.1595468479075,-12.5440821787956,-6.51018191845669,-3.70592795154015,-0.843518708941371
-1.12668677938342,2.66619752206734,6.11477552700029,9.58620336069084,14.9664175969123,3.28519018886463,-14.804353623389,-12.2773136412248,-6.41579545650936,-3.67959897256385,-0.834080042581944
-1.13066098319864,2.62446832687866,6.04125316439569,9.38948177481057,14.6042667671155,3.20471222018892,-14.466050706371,-12.0125322064297,-6.32587993226716,-3.66618609647521,-0.810234990709359
-1.13264808510667,2.59615208726875,5.97418884711769,9.20368916575912,14.2426127143713,3.12671813942795,-14.1277477901263,-11.7691121261965,-6.22851284528629,-3.62545069500628,-0.790860886068
-1.13165453415277,2.55541644431214,5.8887439391385,9.06012214966865,13.909771758677,3.04077561720759,-13.7636126400734,-11.5311565786919,-6.14704242558942,-3.5966378500618,-0.746648185720597
-1.10482865839337,2.53057763762553,5.81621512183273,8.88823914744555,13.5958083493374,2.94638787605949,-13.4208387616725,-11.297672012454,-6.06706231850152,-3.58421852034977,-0.719325730463385
-1.11128673959562,2.4590418743952,5.72828635018999,8.72430449210573,13.2753868312385,2.86094213136965,-13.0666390878821,-11.0552454845287,-5.98112096126071,-3.5365282942776,-0.67908720545626
-1.13066098321271,2.4242675450398,5.6453253056639,8.5683181834458,12.9668879740737,2.7675479452781,-12.7174071522788,-10.7869866220259,-5.89666991652492,-3.47145100662952,-0.638351908543317
-1.15897718540723,2.38204157367923,5.58521580632216,8.43568014385611,12.6683246672,2.67961831266399,-12.3964913200136,-10.5535020565744,-5.81619303866093,-3.4232640073761,-0.602584330754866
-1.16791914399914,2.33534461710642,5.53206112511964,8.27025517296082,12.3871485741341,2.5946693454626,-12.0760722620936,-10.3398885183979,-5.7545934531564,-3.40041244072196,-0.57824250698304
-1.2131257124055,2.30603482522023,5.4928160800748,8.12072689590281,12.0861013787781,2.519159152386,-11.7655886793736,-10.1287588587813,-5.6621940749513,-3.37110282264259,-0.553900683204609
-1.1922611423823,2.29808640707934,5.41879694450615,7.95728901146732,11.795486511413,2.4739523920473,-11.4729889514824,-9.91663564810863,-5.57575594702449,-3.34775448282652,-0.561352261909207
-1.20766118217201,2.25784754022032,5.34676489974508,7.83061223166596,11.5257363007958,2.38453242653189,-11.1485957052134,-9.69755757815972,-5.51067896563768,-3.32490291617902,-0.534526578572081
-1.1897772650052,2.25387333114954,5.28665540032378,7.72778049276587,11.2654248633695,2.27275746958025,-10.8450669561568,-9.49835053518872,-5.43815042155576,-3.2757223706207,-0.517139561595432
-1.17934497999152,2.23350550964484,5.2543651733561,7.55738780452336,11.01157153391,2.2007247195025,-10.570351083886,-9.29765316545781,-5.37506052359923,-3.23200633009958,-0.518133105422846
-1.19871922359277,2.21562156881428,5.20617821921657,7.45952378237228,10.770634420708,2.13515007806272,-10.2991126282518,-9.08801383391914,-5.32240281351365,-3.17140000122253,-0.525584684127231
-1.1773578780837,2.22704741990035,5.15401708327508,7.34178889271554,10.5346650825435,2.06510443829086,-10.0492354432562,-8.9220907612306,-5.24590010274808,-3.13563233174777,-0.561849033822939
-1.22355799753628,2.18978920981979,5.11179140176941,7.20815730885965,10.294224746276,2.00499435023954,-9.78793246318998,-8.73878054066057,-5.19721655947088,-3.13116137306265,-0.539991069645403
-1.18232563294743,2.17339559738884,5.05615285672917,7.08595147385897,10.0637199606893,1.9314712673515,-9.53259076795369,-8.55696064696336,-5.12369447379829,-3.10830980644956,-0.518133105459445
-1.16642881767505,2.1599826417604,4.99157240270151,6.98808745139926,9.8356990626592,1.86589662579494,-9.29562970091067,-8.3880569207731,-5.04768853387539,-3.06956149783859,-0.476901036660293
-1.11476416807417,2.12769219303004,4.92649517590259,6.86190744265385,9.62357504617248,1.79833487389101,-9.0676105611984,-8.22759838100562,-4.99900499068817,-3.06509053915254,-0.454546300552244
-1.10731253592706,2.09192431136288,4.8937081761487,6.79782389489969,9.43231568681819,1.72779245648703,-8.83164304219652,-8.08701086795382,-4.95330207262183,-3.03230350882145,-0.418778722784725
-1.08048666017021,2.09490496816961,4.8634050399829,6.6895276668306,9.22615300048692,1.66470170283715,-8.6071013192852,-7.92754587982312,-4.87183165346802,-2.99852293208904,-0.412320687910358
-1.11277706617475,2.05416932515549,4.82912772203311,6.55688962602546,9.018996758849,1.6130368336681,-8.38554023894117,-7.76062925686796,-4.8559349863064,-3.012929354512,-0.378540197809125
-1.13264808525201,2.04025959338608,4.77299240423128,6.470451352139,8.82724062144406,1.55640418862571,-8.14559853117218,-7.62153207114696,-4.77595487972823,-3.0020003443976,-0.327869462647151
-1.12668677952702,2.02634986161959,4.72629576812683,6.35122614684596,8.61909082450751,1.49530054530268,-7.93794711553799,-7.48243488559726,-4.72379394062634,-3.016903540005,-0.281669674705681
-1.12718355500378,1.98412389018695,4.6964894046577,6.25087826566742,8.43031535206084,1.44860345200646,-7.71638603593861,-7.34333770000831,-4.70640696094685,-3.02087772549884,-0.205663571962174
-1.06856404861551,1.96375606865134,4.65128308669073,6.16394321993224,8.23756565900885,1.38302881032208,-7.53009589088476,-7.2256018681999,-4.6557363343938,-3.00696807626306,-0.170392766159172
-1.05217045789344,1.94686568007419,4.60408967780424,6.08346620623444,8.06170640278055,1.32540261006125,-7.35622508882245,-7.10935636328844,-4.61500112487831,-2.97666491188415,-0.146050942422778
-1.08098343558176,1.89222030521278,4.55192854167438,5.98957635682887,7.91167957962778,1.25486019242662,-7.15205109017788,-6.96727852416356,-4.6030786245239,-2.99256165386874,-0.083954453359552
-1.10234478107743,1.87433636435847,4.51566413273619,5.92698312385092,7.74575587436624,1.20071143524695,-6.9866254416181,-6.85401367336364,-4.54843383128867,-2.96821976770774,-0.0387482092738083
-1.13364163610954,1.868375050742,4.4466127239506,5.82315784062277,7.5823160568051,1.13811745906482,-6.80182561838395,-6.720381020561,-4.52061466382008,-2.98709714880047,-0.0139096136235418
-1.15351265518605,1.83807170652271,4.399419315057,5.75211948886676,7.45216033571338,1.07900092596488,-6.6314322331883,-6.61456780486259,-4.50521476755312,-2.98610360242691,0.0307998585507666
-1.13215130967089,1.8316136167701,4.33781949711325,5.69946168965327,7.31306261835411,1.04025227401417,-6.47147109617019,-6.52713528865071,-4.43815070310116,-2.97517459231193,0.0551416822798675
-1.10681576035003,1.81919421339761,4.28863899728926,5.62842333784819,7.16353257216269,1.00249717724407,-6.34380025090488,-6.4198317460628,-4.4277185153097,-2.95679398440657,0.0715351554047172
-1.11774482084688,1.79485218278651,4.24343267923249,5.55639144264168,7.02145418929295,0.945367754482462,-6.19526490962096,-6.31799273584729,-4.38102205565525,-2.91854244903799,0.0904124880943415
-1.12320935109183,1.797832839596,4.19375540666431,5.47144348343147,6.89278880051693,0.908109435297141,-6.05120053198092,-6.21217952033608,-4.32637726247315,-2.90065861432233,0.0869350847044696
-1.06757049769242,1.81571678045747,4.15749099765624,5.43468237826484,6.77554929562634,0.863399452226477,-5.92154259216785,-6.12425022869272,-4.26626798996042,-2.85644580074834,0.0809738217543585
-1.07601568079038,1.80776836229933,4.12072981590378,5.37407623193446,6.64290968613625,0.824154022658275,-5.76853628775018,-6.00502407053375,-4.23944236422626,-2.84849742977179,0.0904124880965452
-1.00398323662914,1.83012328839432,4.10234922503778,5.32837323629821,6.51076685425536,0.813224915682008,-5.65179446475411,-5.95087552372891,-4.16045579955401,-2.81322653351165,0.0447094721567647
-1.00597033853661,1.81720710887999,4.06856867965379,5.25981874281338,6.38855957348967,0.771495598138014,-5.50276235024349,-5.84406875713382,-4.13512048637633,-2.78043950322213,0.0596126295348081
-1.01044131782997,1.79634251121047,4.03429136151622,5.21063834530793,6.28970083823496,0.731753390952424,-5.3909882645357,-5.75613946564371,-4.09835944370806,-2.73871055556879,0.0794835060422668
-0.98758964589329,1.79336185439991,3.99802695248522,5.16493534964009,6.18289366192425,0.700456402780973,-5.2702722520985,-5.67367470639206,-4.04222433805898,-2.70840739120029,0.106309189319301
-0.990073523277877,1.77696824194304,3.98511086159689,5.10283888812646,6.09993180862976,0.677107856062132,-5.14508527629846,-5.58028088269238,-4.01639225403249,-2.67313649496344,0.100347926366808
-0.982125115652865,1.76603916696984,3.95083354345105,5.04372305671295,5.99858918535327,0.634384983328663,-5.02834345360351,-5.49433869391852,-3.97416673207381,-2.64680751610326,0.10779950505737
-0.942879852980868,1.7789553464809,3.92847877073985,4.99652974592065,5.89277556391677,0.62395265393993,-4.92849193724558,-5.42081589663213,-3.93094766844614,-2.64084623787101,0.111276908446448
-0.945363730365314,1.75361976358821,3.87979504347792,4.95331060864102,5.80981371050188,0.583713669153971,-4.83956944265993,-5.35375118287484,-3.90312850106409,-2.61998176405756,0.127173609654455
-0.972189606096672,1.72331641934272,3.87134990712213,4.87382713778094,5.7104581973675,0.558378012043137,-4.72878890478923,-5.29314455270882,-3.86487714592075,-2.63240109370268,0.139096135553659
-1.06011886557291,1.65227743193527,3.83806613438369,4.78043405947192,5.62650278867804,0.520126137591308,-4.61353740362333,-5.20819591546793,-3.85792235406949,-2.6428333306101,0.1922507301698
-1.10184800561453,1.64184513309358,3.80726622531909,4.7019441319414,5.53310860624282,0.48336459590686,-4.5087181504325,-5.10983433542037,-3.84003860362003,-2.61998176405432,0.216095781971948
-1.08942861869538,1.63141283424992,3.77149858895477,4.65177019090957,5.44070797884751,0.493300147709717,-4.40886663440401,-5.0482341540238,-3.81221943624542,-2.63339464007495,0.203179712244679
-1.06806727318955,1.62396119222061,3.76504054350059,4.59066727262932,5.35079123933999,0.469951600957089,-4.30603447616871,-4.98265976740943,-3.79085828986044,-2.62494949591827,0.191257186341564
-1.07154470152645,1.61253534110998,3.72877613438987,4.53055789773425,5.25391961384145,0.450080497334705,-4.23400228806483,-4.92304668865077,-3.77694870618361,-2.61700112494445,0.164928274977255
-1.0377639691163,1.59564495250612,3.68108595256072,4.47889364160887,5.15357054534404,0.416299621190114,-4.16097655258539,-4.8460464620027,-3.73720703851429,-2.59911729025807,0.192250730167801
-1.04521560126468,1.58223199685026,3.67512467983244,4.43617127594142,5.08600879621969,0.393447852021975,-4.07255083207163,-4.78792371027331,-3.71534912129934,-2.58371732150787,0.220069957265149
-1.07402857891685,1.51218656172458,3.64879572526705,4.36910709725669,5.01447282649389,0.35519597755731,-3.96773157918005,-4.70992993237558,-3.7262780799092,-2.57527217734874,0.260805254082782
-1.06260274295035,1.48734775494059,3.63091190705312,4.31048803734975,4.92505286436006,0.333834541161679,-3.86539619489571,-4.63541358402843,-3.70690401693335,-2.56732380637828,0.290611568828242
-1.05862853913656,1.47592190382153,3.58272495246973,4.27770110552849,4.85947822543226,0.317937658254768,-3.80230593372382,-4.5758005053614,-3.6999492250968,-2.535033549318,0.293095428390062
-0.969705728707486,1.5151672185696,3.58024108882984,4.26379149808367,4.79539391916386,0.301047220165467,-3.75213178905126,-4.55344560088617,-3.65126568220424,-2.49827233357474,0.273721323819739
-0.958279892737083,1.49877360609477,3.54894440697948,4.24839157555757,4.72435472692525,0.300053664984015,-3.69202217019942,-4.50625191366673,-3.64133026529463,-2.47740785978718,0.278192271030825
-0.971692830610028,1.49579294928144,3.53553154332287,4.207656296608,4.66623175141854,0.243421019651903,-3.65426736826393,-4.45508402120383,-3.60705307697439,-2.45306597368274,0.294088972232937
-0.972686381563399,1.45456053001002,3.49877036145859,4.15152109509752,4.58625056291218,0.232491912653402,-3.59862871284634,-4.38752253219667,-3.58171776384904,-2.43170472671512,0.333333953315299
-0.983118666576879,1.43021849936454,3.48138331596627,4.10681164257975,4.52266303413528,0.229014469517771,-3.53106748840507,-4.32542557535125,-3.57277588863322,-2.39295641826581,0.366617671451763
-1.0000090327765,1.42177330505807,3.46300272501613,4.06011510327534,4.46454005859673,0.222059583246727,-3.46251271659303,-4.27872866385552,-3.55191151313774,-2.37705967633663,0.375062793960869
-1.0327962142546,1.38352154259016,3.40189967942699,4.00795407530251,4.40393319522548,0.204672367560546,-3.39743536076321,-4.22010913664673,-3.536014846087,-2.37407903722514,0.384004688380299
-1.02931878591559,1.40537969258081,3.38948036122118,3.98559934902458,4.36021676916116,0.190265817421474,-3.35968055892396,-4.17341222518926,-3.47838942802808,-2.34973715114062,0.387482091764965
-1.00597033852133,1.41183778234717,3.38997713394961,3.95231564544205,4.29712601786943,0.18827870705811,-3.32937736271885,-4.13516049981559,-3.45951213591542,-2.32042753321604,0.383507916467043
-0.988583196843101,1.41332811075432,3.38649972485052,3.92499320221684,4.2390030422838,0.191259372603969,-3.27026129142855,-4.09243779355025,-3.41579630156836,-2.28813727621117,0.375559565868595
-1.02534458212346,1.3805408857794,3.35768690660046,3.87034831573333,4.18237039937109,0.170891491362612,-3.20518393567625,-4.02686340723819,-3.4068544263558,-2.26975666836646,0.40337879294056
-1.03875752000227,1.35222464602327,3.3258934519615,3.81719374434297,4.12871842185567,0.154001053271539,-3.14904850668254,-3.97172130968513,-3.39393838438052,-2.2682663488111,0.427223844723329
-1.04422205024877,1.32887616763918,3.29608708824108,3.79036807279453,4.07904066488393,0.151517165315276,-3.06956471339399,-3.9324760330332,-3.37655140481975,-2.23995027725983,0.439146370620152
-1.05962209003087,1.32937294377541,3.26975813361225,3.77894232379533,4.04675012285345,0.117736289106201,-3.00299703660333,-3.89968883992334,-3.34624838327968,-2.21560839121,0.451565668421819
-1.05813176360012,1.32738583923181,3.25088076991411,3.76304562954284,4.0139628032521,0.0864393008625391,-2.95480998697354,-3.85497903111772,-3.29309390291076,-2.19673101019949,0.455043071807377
-1.03378976525708,1.33285037672457,3.24491949716913,3.73870381645818,3.96428504625313,0.0635875316718707,-2.93543581237851,-3.81970795974332,-3.25285546451531,-2.15847947498741,0.433681879574502
-1.03080911239373,1.33881169036002,3.24939045173211,3.71734263353502,3.91659439954208,0.0491809815222204,-2.87979715719982,-3.77847558054155,-3.23348140156393,-2.13463436211252,0.431694791925939
-1.09091894517616,1.29360506194786,3.2285259971253,3.64829136776398,3.85251009298668,0.0129162173402365,-2.80230045893667,-3.72233993181057,-3.29508098639152,-2.15698915545427,0.472430088691891
-1.10184800565599,1.26479204605353,3.20170026976883,3.6318979018001,3.81525177520505,-0.0129162173986666,-2.73970697185543,-3.68259787955416,-3.29756484061588,-2.14258273310129,0.473920404428664
-1.14009971736336,1.23796613471042,3.17934549697144,3.57675624354159,3.77153534901679,-0.050671314340598,-2.69201669599855,-3.62149447424514,-3.30899057003848,-2.1559956090812,0.512171841667067
-1.14556424761215,1.22902416425479,3.16245522418075,3.56036277756758,3.7437158050735,-0.0521616471150437,-2.65724253653305,-3.58821050552002,-3.28266171526863,-2.13612468170172,0.472926860612682
-1.13860939093339,1.23299837334543,3.16593263328488,3.53850482293637,3.71887692654738,-0.070542417992547,-2.62842966154257,-3.54449424811183,-3.24590067276827,-2.09191186827944,0.453552756040425
-1.05415755997861,1.27969533009046,3.1609649059929,3.5628466360096,3.69006382744953,-0.0576262006228246,-2.61998450852636,-3.54747490203198,-3.17138504624662,-2.00845397342872,0.389469179297015
-1.08744151695802,1.27870177781799,3.13066176948126,3.51615009655405,3.63988929281063,-0.0645810869071464,-2.58819099134039,-3.51816513854128,-3.15747546260392,-1.98510563377784,0.392449810768756
-1.0730350281318,1.27274046418619,3.11625536032867,3.49429214193635,3.58921798059802,-0.0556390902618793,-2.55391360560005,-3.49382313156819,-3.1515142124777,-1.94387345953123,0.38797886355869
-1.12668677961185,1.23895968693789,3.09191349659762,3.4724341873046,3.56288876934057,-0.0789876370664278,-2.51864267241667,-3.46004238721337,-3.16691410864439,-1.93791218132336,0.438152826689582
-1.11476416816187,1.25137909034022,3.07800386017548,3.42275701762807,3.50923679166021,-0.0755101939260545,-2.4749265863259,-3.41980355940213,-3.16790765033376,-1.92449930534451,0.452062440227151
-1.02137037844369,1.29658571875238,3.05217167824475,3.45405363451771,3.486881800955,-0.05663264544083,-2.48486206044349,-3.42973907244004,-3.05712775194635,-1.83607367850344,0.373572478123409
-1.05415755991058,1.31595998806453,3.04819749641045,3.42822150630507,3.45260414853707,-0.0581229782150881,-2.44760403252265,-3.39198412287184,-3.01490223017334,-1.80179632881137,0.367611215175933
-0.972686381795999,1.38401831863472,3.02584272358275,3.45902135147711,3.42031360640732,-0.0377550969626207,-2.45853305406198,-3.41781645680014,-2.91703837402131,-1.69697718714866,0.286637393439791
-1.06359629428451,1.34526977995445,2.99603635979228,3.39245394405132,3.37361651470476,-0.071039195616352,-2.40041053053443,-3.36813889164495,-2.95628327076611,-1.69697718714866,0.349727426252476
-1.08048666050757,1.33235360040744,2.97169449604803,3.37457016297174,3.33139042114242,-0.0774973043064297,-2.36961056076819,-3.35472594905081,-2.937405978697,-1.68157721845293,0.362643495968511
-1.1689126952787,1.26826947889326,2.94933972321561,3.27124165013136,3.30158376686134,-0.113762068477761,-2.30801062124083,-3.28120315248751,-2.98956691723366,-1.70442878486337,0.451565668317201
-1.10184800588592,1.30055992772709,2.95331390505638,3.30005440853164,3.27773844342625,-0.100349073502684,-2.28615257820815,-3.28120315248751,-2.95976066660257,-1.65971919837867,0.420269037851202
-1.05266723374588,1.31894064475363,2.95232035959712,3.28912543121388,3.24445434612152,-0.107303959782045,-2.25535260846835,-3.28468058205322,-2.92995441599753,-1.62991280741323,0.395430442229277
-1.06409306972345,1.31595998793528,2.93890749589322,3.25186755394589,3.20073791980926,-0.111774958108946,-2.18679783712721,-3.27027408815508,-2.92548347839955,-1.60557092141736,0.370095074716767
-1.1097964136446,1.26777270269762,2.9185398139682,3.24441597848382,3.18037003935739,-0.144562279167047,-2.15997205707878,-3.24493852994635,-2.91803191573047,-1.57427421083719,0.392946582659294
-1.1589771858482,1.22803061179044,2.9091011320988,3.20219038425615,3.14857627475756,-0.162943050060362,-2.10632049690915,-3.19575774045844,-2.9160448323568,-1.55440328351433,0.437159282853397
-1.04273172446934,1.27870177760841,2.88475926834281,3.2230547955074,3.10237596053984,-0.157478496555208,-2.11476564989776,-3.20917068305978,-2.84202597675321,-1.48137762568272,0.385495003932531
-1.14258359524244,1.18729496862212,2.87631413193335,3.15400352965275,3.06213697720043,-0.192749705564485,-2.05415925780899,-3.1227317196654,-2.89865785284504,-1.54099040759943,0.460507562725189
-1.01640262389548,1.24988876184318,2.86786899551625,3.21162904654163,3.03233032286748,-0.171388269109696,-2.06359795819809,-3.12322849531632,-2.80526493413291,-1.49230663560832,0.407352968158299
-0.979641238600451,1.27224368797776,2.84154004081364,3.21063550314786,3.01345277512958,-0.171885046701313,-2.05167538927052,-3.10087359101336,-2.77396837100408,-1.44113899777421,0.383507916371111
-0.979641238600451,1.27224368797776,2.82614008617812,3.22553865407108,2.96675568333684,-0.15996238450187,-2.03627540442172,-3.07206060324694,-2.75757493316394,-1.42623580228599,0.370591846658575
-1.10433188346083,1.19126917774157,2.81620463157441,3.14357132403083,2.94986524588714,-0.191756150381062,-1.99553996065915,-2.98164743479173,-2.79383920477083,-1.4694550692195,0.43169479182797
-1.20766118260957,1.11327532431402,2.79037244961255,3.08793289395736,2.93148447571099,-0.218582140334875,-1.96126257504314,-2.90067300363745,-2.82314868453209,-1.49677759426934,0.50024931570148
-1.21461603929402,1.1043333538567,2.77248863132371,3.07998454679791,2.91856825882845,-0.227524136991213,-1.96175934874757,-2.85347931680463,-2.79880691318248,-1.48336471832587,0.531049174243686
-1.19375146923314,1.12817860841961,2.76106285852548,3.07799746000756,2.90366493165593,-0.2245434714386,-1.96275289615606,-2.83658894468385,-2.76701357915823,-1.48982276971117,0.535520121448081
-1.18580306159801,1.14059801183531,2.75758544941434,3.07253297133632,2.87137438943457,-0.222556361071067,-1.95778515911143,-2.82466632906918,-2.75707816229278,-1.49081631607682,0.533533033800111
-1.32837762327551,1.06459126306749,2.75063063119174,3.01540422619206,2.87832927545239,-0.256834014896984,-1.91854003643333,-2.76405969961086,-2.81122618415099,-1.55092587114209,0.614010083624335
-1.32688729684326,1.07154612898108,2.72231458555197,3.01192682430821,2.85398717438218,-0.249382351017406,-1.90959810974904,-2.76306614830971,-2.79483274631882,-1.51813884106455,0.623448749951045
-1.36613255951973,1.0462105460307,2.72529522193497,2.95082390553282,2.83958062477263,-0.237459688818463,-1.88128200859661,-2.74418867358358,-2.82016805933156,-1.51764206788161,0.645803485993726
-1.39395198622472,1.01888785853,2.72181781282016,2.90114673578137,2.79536742079323,-0.242924242326943,-1.84203688593263,-2.70842082675239,-2.84351628896282,-1.54297750018987,0.686538782786968
-1.39792619004168,1.02484917216657,2.70790817636281,2.89816610559761,2.77996731603012,-0.255840459709944,-1.80577240553445,-2.6885498007315,-2.82463899692076,-1.54446781973816,0.697467764851733
-1.29807431901041,1.06856547220596,2.67959213070938,2.93244335274602,2.74867032895477,-0.238950021581307,-1.82315948517789,-2.71736278843525,-2.75509107882713,-1.48733890369772,0.672132397355471
-1.27422909609367,1.11973341429267,2.67959213070938,2.92797240746557,2.73227666905425,-0.226033804192343,-1.8186885218415,-2.72878862839361,-2.71634295304999,-1.45405510046045,0.650274433236532
-1.25088064866036,1.13563025065889,2.6761147215954,2.90909508294929,2.70644423526515,-0.227524136968728,-1.79235951552574,-2.72680152579264,-2.6910076400434,-1.43468094633676,0.623945521903755
-1.22355799741536,1.14208834043219,2.67164376702003,2.9076047678564,2.67514724816816,-0.214111141986615,-1.7948433840472,-2.73624026315244,-2.64729180584072,-1.39344877214561,0.596126294844873
-1.25684195440363,1.1341399222469,2.64680513049054,2.875314607496,2.66322458641223,-0.230008024931548,-1.77050147254839,-2.70842082674668,-2.6612013894537,-1.39941005034059,0.614506855584265
-1.25435807701583,1.14953998247457,2.62395358488135,2.84699862071213,2.64335348349801,-0.229511247339513,-1.75063052438968,-2.67662718513928,-2.64282086825641,-1.38599717440031,0.604571417344419
-1.2623064846555,1.15450774384017,2.60159881197348,2.82663098109465,2.63341793203261,-0.233982245666978,-1.71337249658642,-2.65278195392703,-2.64530472247256,-1.37655848393402,0.607055276903654
-1.25932583179193,1.15401096770361,2.58619885732218,2.81123105844714,2.62845015630287,-0.246898463049437,-1.70294024880468,-2.63191737661951,-2.61003399260064,-1.35022950525726,0.637855135427863
-1.28019040184011,1.14258511655756,2.58669563005291,2.7868892452241,2.63739215262088,-0.256834014886268,-1.68455962176372,-2.60161406199463,-2.60109211741956,-1.33830694887266,0.663687274833056
-1.31446790978651,1.11128821994868,2.57129567539001,2.74367010750989,2.62596626843444,-0.296079444670161,-1.67363060028823,-2.59068499769181,-2.63288545139518,-1.33433276341081,0.700945168209912
-1.33831313268466,1.08843651766549,2.5703021299276,2.7004509697914,2.61801782726496,-0.316447325944426,-1.63488225139161,-2.56336233693721,-2.6378531598226,-1.3293650315894,0.726777307617681
-1.35371317248257,1.06955902448139,2.55043122069862,2.68157364526298,2.60013383463149,-0.329860320925413,-1.61153388731966,-2.53156869533062,-2.6378531598226,-1.32588761931427,0.770493235841854
-1.38252615016925,1.04422344151765,2.52360549322332,2.64928348486506,2.58572728500442,-0.319427991492691,-1.59365003399513,-2.50921379108372,-2.62344680538186,-1.31396506294036,0.816196251727559
-1.38351970112311,1.05217185969774,2.51665067499255,2.64332222449238,2.56088840632255,-0.31793765871737,-1.5742758595369,-2.48089757901808,-2.60854368010684,-1.27770062065408,0.81768656746342
-1.37606806895787,1.03428791877103,2.51068940221991,2.64232868109586,2.55045607728051,-0.321911879455271,-1.54993394807111,-2.48437500856662,-2.57973097120472,-1.25683614697993,0.853454145090677
-1.40190039380252,0.997526484662502,2.50870231129587,2.61500623767007,2.53406241736201,-0.333337764074699,-1.54148879511032,-2.4759298225234,-2.58966638806607,-1.26031355925983,0.918034493599061
-1.34973896871132,1.04024923236339,2.50919908402748,2.6477931697271,2.52412686589186,-0.338802317587192,-1.56285006437473,-2.47742014947331,-2.53154419948713,-1.23150071470778,0.91257000256851
-1.34079701012264,1.04273311304606,2.49429590209317,2.65872214709106,2.49432021148854,-0.35519597812123,-1.54297911623582,-2.46152332868263,-2.52309909516062,-1.21063624106554,0.900647476691398
-1.32142276650592,1.05564929260206,2.46597985641755,2.6810768735215,2.47146844311266,-0.35370564534544,-1.54397266364295,-2.47592982251479,-2.49180253205762,-1.19772013832408,0.887234635079552
-1.35520349901884,1.03925568007605,2.46001858364095,2.65921891878006,2.46898455524521,-0.337808762387162,-1.53552751068917,-2.45655557217491,-2.48335742771553,-1.19175886013288,0.90710551153093
-1.37259064072913,1.03826212780237,2.4475992653558,2.6532576583978,2.45259089532358,-0.327376432951813,-1.53105654736033,-2.44463295658494,-2.48186711518718,-1.2111330142438,0.91406031829129
-1.35371317259102,1.05068153121466,2.44014767438876,2.67312852632196,2.44563600929531,-0.318931213888824,-1.53453396328402,-2.44165230268699,-2.46448013569564,-1.18927499424341,0.888724950804414
-1.3447712139952,1.05614606871895,2.44114121985159,2.68703813388435,2.42228746332682,-0.329860320913695,-1.54397266364752,-2.43420066794374,-2.45156409379187,-1.19324917970054,0.899157160943839
-1.41978431112097,0.989081290240233,2.4103413105086,2.63636742064516,2.40986802397477,-0.369105750695117,-1.49032110371848,-2.39942637248103,-2.49875732386668,-1.25286196157795,0.980130982496476
-1.43071337163071,0.990074842514295,2.4058703559277,2.6140126942103,2.4004292500751,-0.367615417918326,-1.47690821374123,-2.36961983351375,-2.51018305325404,-1.24292649793172,0.991556736453007
-1.40885525060666,0.993055499336043,2.39394781037846,2.62295458479011,2.38651947801291,-0.348737869419633,-1.44461792304544,-2.35620689098207,-2.48782836532279,-1.20964269470762,0.999505087030388
-1.46449410404098,0.935926243672033,2.41729612874749,2.57228387158851,2.36217737689103,-0.358176643671456,-1.40189538454204,-2.31894871726868,-2.51515076164276,-1.23398458061939,1.04173069951694
-1.51019744797081,0.912577765244614,2.41034131050687,2.54595497156523,2.35075149269177,-0.362647642000891,-1.39046958937213,-2.29907769129863,-2.5057121156349,-1.24044263198237,1.0755111894915
-1.55391368999814,0.908106780014491,2.4153090378219,2.51912929984572,2.33286750003229,-0.384009078462852,-1.36563090421017,-2.2603291906709,-2.52260232428771,-1.24044263198237,1.1147561704894
-1.48784255144753,0.938410124371803,2.41232840143279,2.54049048288876,2.30802862134152,-0.36612508514755,-1.36563090421017,-2.25685176112476,-2.46050596893818,-1.22156525105602,1.09736915359506
-1.47045540973724,0.950829527789857,2.43269608341552,2.52360024512941,2.28020907720255,-0.371092861068572,-1.36960509383575,-2.25983241502156,-2.44063513523719,-1.2002040042169,1.09637560977224
-1.4823780211913,0.932945586874083,2.43667026526503,2.49528425833154,2.27226063602454,-0.395434963081832,-1.34725027719525,-2.24989690203171,-2.44659638534691,-1.19573304558358,1.12369806490436
-1.50224904029727,0.925493944822465,2.42127031058448,2.47243276018824,2.27077030330226,-0.403880182149961,-1.31545676020115,-2.22952910041475,-2.46448013567737,-1.1853008087604,1.1400915379743
-1.47890059282444,0.954306960784869,2.42077353785267,2.47243276018824,2.25089920032357,-0.384009078455033,-1.32191481833227,-2.22853554911673,-2.42970617666433,-1.13115253188056,1.11326585478137
-1.47741026639103,0.950829527825467,2.4153090378077,2.44709740353199,2.22307965617332,-0.378544524940934,-1.30850192836504,-2.21611615789386,-2.38599034252108,-1.11028805824053,1.09836269744602
-1.49380385715735,0.958281169878186,2.40835421956666,2.43467811105896,2.21910543558242,-0.390467187148884,-1.30750838095994,-2.19922578583012,-2.37704846735541,-1.1073074191487,1.07998213673308
-1.50920389696814,0.94586176645463,2.37705753748998,2.40636212421416,2.21413765983976,-0.385002633634212,-1.2846567906394,-2.18432251636478,-2.38002909241071,-1.10532032642003,1.09140789069124
-1.48237802117355,0.963745707379834,2.37010271924642,2.40785243931074,2.20022788776265,-0.385996188818646,-1.28565033804519,-2.18034831117321,-2.36462919630197,-1.08296553324989,1.09041434686892
-1.49231353073541,0.926487497095805,2.34278021899522,2.38500094115105,2.18184711751328,-0.386989744003392,-1.26478584253571,-2.18680639460579,-2.3278681539578,-1.06309460597262,1.10382718846567
-1.49827483646245,0.925493944822413,2.34377376445831,2.36761393169914,2.18234389508739,-0.383512300860319,-1.26577938994183,-2.16743214428871,-2.32339721637991,-1.04819141051781,1.10134332890863
-1.51516520269514,0.920029407319276,2.32191576428074,2.36811070339814,2.18184711751314,-0.378544524939298,-1.23050845704553,-2.13464495144902,-2.32141013301087,-1.02484307097717,1.12667869638179
-1.54894593517786,0.90959710844547,2.29856744590115,2.33929794486108,2.15452435094059,-0.373576749016191,-1.21461169856255,-2.10831584205049,-2.31594565374356,-1.04521077142644,1.12469160873654
-1.5563975673465,0.896184152746616,2.30055453682848,2.35370432412837,2.12918869464548,-0.372583193831549,-1.20616654562046,-2.09689000212837,-2.29309419499074,-1.03030757597477,1.12121420535871
-1.53950720110257,0.896184152746616,2.29558680950955,2.36016235621498,2.14756946490142,-0.367118640318368,-1.2081536404305,-2.09639322647938,-2.27222981961128,-1.0198753391626,1.12469160873674
-1.62246870602545,0.839551673049768,2.26925785472203,2.3323431410262,2.14707268732697,-0.40238984938612,-1.18530205013905,-2.05565762332412,-2.33531971664334,-1.06607524511089,1.19125904478534
-1.60905576812496,0.844519434416937,2.26528367286868,2.32985928253067,2.12769836193546,-0.400899516609798,-1.17685689719789,-2.06807701454603,-2.31991982053385,-1.04769463738838,1.20268479874317
-1.61302997194857,0.852467852608767,2.26478690013683,2.35618818258065,2.13316291525232,-0.417789954750132,-1.18778591865191,-2.06608991195152,-2.30948763284222,-1.0243462978422,1.21411055269759
-1.6492945818256,0.82464838894147,2.24988371817646,2.34376889010578,2.14260168916281,-0.416796399565698,-1.17337948127333,-2.03876725128148,-2.30650700779026,-1.03577208101473,1.23199434149491
-1.62942356270564,0.85842916626815,2.27422558203883,2.34724629200132,2.1460791321842,-0.401893071798881,-1.1659278757401,-2.03479304609194,-2.3070037786323,-1.02285597829574,1.20516865829625
-1.6473074798949,0.847500091258073,2.25137403637246,2.31992384854648,2.12968547223246,-0.406364070125783,-1.14655370133067,-2.02883173830596,-2.29706836179603,-1.0278237101127,1.22404599092533
-1.6637010706606,0.837067792384927,2.23100635436272,2.3288657391265,2.11726603287241,-0.410338290862517,-1.14456660652167,-2.03032206525202,-2.29110711169007,-1.04024303965199,1.23447820105599
-1.65078490823558,0.835577463974006,2.21510962693641,2.3338334561186,2.10335626078533,-0.406364070124782,-1.15450208057188,-2.01591557144528,-2.27123627800307,-1.00745600967129,1.2518652179481
-1.65227523466956,0.861409823090914,2.20517417229736,2.30104652397806,2.08944648868863,-0.41629962197308,-1.15996659129866,-2.005980058475,-2.27222981968744,-1.01093342194229,1.2732264101207
-1.68903662003798,0.833590359403662,2.20119999044114,2.27968534091442,2.06808505298425,-0.43169972733164,-1.13711500099646,-1.9587863718788,-2.30402315360749,-1.01391406103089,1.31545202254049
-1.62843001162527,0.900158361840298,2.209645126887,2.3119755013978,2.05616239119391,-0.402886626962504,-1.16493432831164,-1.99107678900705,-2.23646231899786,-0.962249650085461,1.28763279555055
-1.63886229665839,0.886745406146536,2.1982193540533,2.32389802217352,2.04225261910684,-0.415306066768055,-1.15102466465251,-1.97269609000144,-2.23099783973599,-0.975165752807515,1.30104563714845
-1.63141066448961,0.900655137975783,2.17884521749927,2.29558203532592,2.02138796098021,-0.393447852706386,-1.13860532209164,-1.96524445527382,-2.20466898510933,-0.972185113718596,1.3040262686142
-1.66966237633227,0.867371136759223,2.18729035394514,2.25683384275497,2.00946529919783,-0.42474484103608,-1.13165049025784,-1.94984441018583,-2.24441065250457,-0.993546360538004,1.33681321471882
-1.69648825214778,0.8663775844856,2.16990330833283,2.25981447295067,2.00002652528127,-0.423751285851959,-1.13165049025784,-1.94537342934857,-2.25335252766351,-0.996030226444814,1.3715872484909
-1.72083025056394,0.853958181058901,2.18281939936554,2.26577573334399,1.99406519438652,-0.441635279168011,-1.12171501620983,-1.92003787127855,-2.2662685695516,-0.991559267809491,1.38947103728797
-1.71784959769669,0.86290015152188,2.19523871766716,2.24739518048073,1.97469086897005,-0.455048274159413,-1.12419888472111,-1.89917329404414,-2.25384929850309,-0.981127030995937,1.39344521257502
-1.74169482064018,0.878796987900175,2.19970967225736,2.22901462760384,1.96723920534816,-0.454054718975084,-1.09687633109627,-1.90265072358272,-2.26030731944926,-0.995533453253157,1.42672893060145
-1.76007551333296,0.865880808345263,2.20765803596908,2.22404691060817,1.98959419621331,-0.440641723980867,-1.07203764598793,-1.87979904377035,-2.25434606934373,-0.993546360526792,1.44411594747648
-1.75113355472507,0.890222839073406,2.19176130853462,2.2275243125038,1.99207808408704,-0.424744841030262,-1.06309571935585,-1.90116039663652,-2.21361086026756,-0.998514092342181,1.42672893060393
-1.75709486046434,0.881777644744853,2.18530326301758,2.21808565021403,1.97568442411417,-0.42275773066127,-1.05465056641633,-1.88675390283421,-2.20913992269097,-0.994539906890708,1.43914822837004
-1.77448200219546,0.869358241317892,2.16990330831615,2.18927289166058,1.97469086896474,-0.420770620291944,-1.0695537774801,-1.868373203846,-2.20367544343056,-0.983114123713055,1.47292871829745
-1.78640461366653,0.856938837899314,2.16990330831615,2.18678903316327,1.96276820716871,-0.429712616951096,-1.0531602453129,-1.85595381263965,-2.20119158922224,-0.975662525992821,1.50770275204576
-1.75858518686631,0.880287316369589,2.15102594449,2.19672446716295,1.94488421448234,-0.418783509910627,-1.03279252352942,-1.86390222300612,-2.15548867172437,-0.956785145081402,1.50571566440394
-1.73573351487358,0.873332450453058,2.12916794426564,2.18331163127881,1.93246477511192,-0.452067608601379,-1.02633446540312,-1.83806988929989,-2.13363075467609,-0.957281918262803,1.52359945318751
-1.72629478079115,0.900655137983151,2.11178089864233,2.17436974068817,1.93246477511192,-0.470448379523624,-1.02086995467906,-1.85794091523437,-2.11723731689644,-0.949830320539622,1.55290899591844
-1.76852069644234,0.884758301602174,2.08992289842522,2.15946658970561,1.93643899571164,-0.459022494900839,-1.0049731962128,-1.84949572921729,-2.13263721299771,-0.959269010989731,1.59612815213587
-1.76504326809506,0.861906599305001,2.08197453470847,2.16542785009997,1.93643899571164,-0.463493493230649,-1.00944415953039,-1.82565049810811,-2.11823085858214,-0.940391630103199,1.59910878359938
-1.76653359453018,0.857932390209756,2.06856167094272,2.14158280850368,1.91507755999655,-0.470448379522998,-1.01739253876132,-1.83508923541866,-2.10581158753454,-0.926978754205716,1.62146351956882
-1.794849796799,0.860913047031881,2.08545194384133,2.12667965751818,1.9006710103248,-0.499758257471479,-0.998515138108227,-1.81372788255249,-2.13065012964451,-0.933436805567679,1.68107614881007
-1.7759723286293,0.852964628837536,2.07054876186927,2.13115060281388,1.90216134305014,-0.502242145432746,-0.986095795557322,-1.80627624783134,-2.13512106722111,-0.907107826972843,1.69349544657175
-1.77150134932591,0.864887256127545,2.08644548930277,2.10730556122114,1.88079990732588,-0.493796926364971,-0.981128058534692,-1.79236652968966,-2.1400887756396,-0.896675590164514,1.71386309489454
-1.79683689872,0.846009762918763,2.08545194383785,2.09438949703019,1.86788369037247,-0.509693809322916,-0.977153868920656,-1.78342456802601,-2.15449513005202,-0.895682043802038,1.73522428703704
-1.80279820446041,0.880287316375731,2.09091644389501,2.10482170272456,1.85596102857303,-0.496280814325602,-0.993547401086037,-1.76802452294392,-2.15002419247619,-0.874817570185107,1.74366940951402
-1.83161118219366,0.876313107279648,2.08545194383439,2.09140886683146,1.85049647524769,-0.486345262472716,-0.989076437769195,-1.75510835610368,-2.13412752554664,-0.870346611552967,1.75161776008156
-1.84999187488364,0.850480748161104,2.0874390347637,2.1033313876181,1.82665115165165,-0.470448379512102,-0.985102248152741,-1.72629536850532,-2.14157908817212,-0.865875652920473,1.7670176893032
-1.84552089557616,0.829616150394785,2.08942612569373,2.09041532342427,1.80330260561742,-0.486345262467044,-0.968708715999153,-1.70841144518716,-2.13263721301514,-0.83656603522243,1.77446926795597
-1.89370811700118,0.821667732199266,2.0725358527829,2.06408642333587,1.77448950625432,-0.503732478202113,-0.953308731243274,-1.69400495140622,-2.13611460890762,-0.867365972468096,1.80477235448715
-1.88178550552263,0.824648389020762,2.05266494348024,2.08395729133473,1.7779669492792,-0.498764702278798,-0.937411972784932,-1.69003074622227,-2.11326315019973,-0.851469230676036,1.79434014436986
-1.95878570483001,0.753112625185616,2.03329080691862,2.04371878361861,1.77945728200433,-0.501745367834914,-0.914063608846721,-1.64929514314722,-2.14157908824186,-0.869849838410664,1.82116582749521
-1.97666962204307,0.749138416087437,2.0457101252296,2.01838342692977,1.78045083715449,-0.502242145427199,-0.898663624095528,-1.64035318148562,-2.13611460898171,-0.885249807018272,1.83656575671356
-1.97368896917457,0.752615849045886,2.02782630686583,2.03875106662533,1.77747017170286,-0.49777114709842,-0.901644266308941,-1.64830159185108,-2.10134065007755,-0.860907921154633,1.79831431960975
-1.96921798986794,0.747648087672638,2.03577467058354,2.0457058704215,1.77796694927813,-0.487835595248454,-0.894192660784996,-1.62942411724133,-2.10283096260355,-0.868359518874475,1.80179172298054
-1.96772766343271,0.731254475155965,2.02136826133802,2.04123492512457,1.76554750989645,-0.484358152102243,-0.867366880885802,-1.64134673278768,-2.08544398315126,-0.868359518874475,1.80576589826312
-1.98064382587518,0.732248027430049,2.03329080692249,2.04123492512457,1.77498628382112,-0.486345262472486,-0.85842495425546,-1.64283705973035,-2.09537939998078,-0.86339178706223,1.81520456455972
-2.00498582432236,0.728770594469619,2.009942488488,2.00546736274342,1.7720056183697,-0.497771147099348,-0.828618532160089,-1.63588220066129,-2.08246335809832,-0.846004725723726,1.82215937130275
-2.01740521128946,0.748144863824672,2.00944571575551,1.99404161364195,1.77647661654849,-0.514661585250672,-0.831102400667246,-1.63488864936632,-2.08743106651839,-0.854946642982703,1.8291141780439
-1.9806438258644,0.766525580897738,2.03676821604379,1.98907389664027,1.79237349896065,-0.502738923030963,-0.82712821105497,-1.64184350843164,-2.06855377453772,-0.830107983909689,1.82116582748089
-2.02137941510525,0.748144863825835,2.04918753436076,1.96473208333895,1.79535416441009,-0.49777114710869,-0.829115305861493,-1.61104341828361,-2.09239877492915,-0.837062808442065,1.85097214209345
-1.94338566484055,0.798319253760749,2.04819398889544,1.99553192875853,1.78839927835859,-0.491809815996834,-0.867366880839968,-1.64184350840565,-2.03775398225141,-0.801791912534671,1.82364968705817
-1.99157288628115,0.804777343544949,2.03776176151485,1.99503515705843,1.78045083715592,-0.486842040074457,-0.863392691228901,-1.62296603380025,-2.04619908656316,-0.809740283433845,1.84401733536879
-2.04621818892444,0.791364387845245,2.03925207971257,1.99006744006142,1.7958509419848,-0.52559069228526,-0.829115305804525,-1.5901788410637,-2.08296012883506,-0.831101530210452,1.89121066685446
-2.06708275902858,0.805274119687697,2.02534244320407,1.97466751736668,1.79237349895759,-0.521616471546442,-0.822657247686273,-1.5936562705957,-2.05067002412933,-0.81123060296409,1.88972035112416
-2.09490218583356,0.772983670757841,2.04074239791432,1.93442900964956,1.79038638865584,-0.532545578579111,-0.814708868464579,-1.57825622551636,-2.07650210789235,-0.821166066588319,1.91803634999945
-2.08993443104724,0.765035252563999,2.03527789785585,1.93144837944987,1.77150884080221,-0.531055245801413,-0.795831467815145,-1.57080459080418,-2.07352148284299,-0.825637025219281,1.93492659494488
-2.05863757590503,0.778448208265683,2.04869076164141,1.9582740512417,1.77349595110321,-0.523603581913703,-0.806263715542897,-1.54745613537625,-2.06805700358748,-0.819675747049772,1.93194596348375
-2.06211500425687,0.771493342345191,2.0452133525136,1.96721594184341,1.77200561837705,-0.523603581913703,-0.807754036647356,-1.54348193019687,-2.04371523234068,-0.809740283428949,1.93194596348375
-2.07701826861215,0.775964327577011,2.02285857955384,1.9836094079443,1.75511518081372,-0.52459713709845,-0.804773394438726,-1.54099805195897,-2.05017325327948,-0.806759644342387,1.95231361179785
-2.05764402494089,0.781925641223524,2.02484567048368,1.99652547214867,1.74219896386309,-0.530061690613007,-0.78788308859029,-1.55192711619946,-2.03676044055588,-0.803282232075878,1.96125550617665
-2.07552794217845,0.777951432123668,2.02236180682014,1.97963523434379,1.73822474326119,-0.534532688946758,-0.785895993784207,-1.53652707113233,-2.02533471119625,-0.783411304833183,1.95827487471696
-2.07105696286578,0.766028804828377,2.01789085222643,1.95728050782653,1.71885041781698,-0.550926349494558,-0.7719863301524,-1.5131786157247,-2.0168896068845,-0.782417758470603,1.96622322527398
-2.02535361882903,0.77993853666496,2.01192957943474,1.95330633422804,1.69699220450808,-0.508203476547772,-0.782418577883327,-1.51715282090194,-1.97565762704349,-0.782417758470603,1.96224904999344
-1.98362447863743,0.795338596909519,2.01192957943474,1.97218365881995,1.68059854451487,-0.489325928047494,-0.792354051912368,-1.51963669913946,-1.95976096013014,-0.775462933939326,1.93542336683717
-1.99306321273871,0.826635493565271,2.00596830664538,1.97963523432921,1.68258565481662,-0.492803371195311,-0.790366957107494,-1.50622375666096,-1.95081908497771,-0.764037150771915,1.93343627919755
-2.01740521120071,0.842035553813404,2.0044779884473,1.98410617962857,1.68854698571962,-0.487835595270328,-0.802786299637783,-1.49082371159817,-1.95827064760193,-0.744662996712074,1.92747501627656
-2.04870206634292,0.848990419729788,1.99702639745666,1.97417074563577,1.66470166209512,-0.491313038417634,-0.798812110026496,-1.49827534630616,-1.9493287724597,-0.729759801296552,1.93989431402959
-2.04075365868224,0.861409823157798,1.99454253379349,1.96075790973172,1.67165654814961,-0.468461269156955,-0.795831467817702,-1.49728179501144,-1.94038689731509,-0.72131465722297,1.93194596346816
-2.06807631002234,0.842532329951006,1.99752317018988,1.9518160191329,1.66321132936281,-0.469951601934153,-0.801295978533901,-1.46399782665418,-1.94187720983972,-0.712372739966115,1.93343627919799
-2.09490218587868,0.844022658362399,1.99205867013223,1.95330633423287,1.63886922816483,-0.474422600265184,-0.808250810351921,-1.44462357641389,-1.93492241806057,-0.694985678643194,1.93244273537824
-2.07304406481221,0.870351793636445,1.9980199429241,1.98261586453228,1.62098523544688,-0.453061163789325,-0.786889541200415,-1.44512035206102,-1.91803220945366,-0.704424369080861,1.93641691065776
-2.06658598358416,0.883764749343223,2.00000703385479,1.98857712493932,1.62992723180799,-0.431699727320191,-0.78788308860233,-1.45306876240941,-1.90312908420613,-0.675114751408316,1.94436526121297
-2.09440541037962,0.879790540247895,1.99951026112205,1.99751901553483,1.62943045423252,-0.448590165452728,-0.761554082435932,-1.44760423029091,-1.9423739806794,-0.658224463257368,1.95430069941348
-2.13315389769817,0.88326797320495,1.99603285199309,1.98460295134227,1.6343982299894,-0.472435489876633,-0.773973424979965,-1.4431332494636,-1.95777387675152,-0.649282546006641,1.9860941016705
-2.10185704253334,0.89866803344886,1.99007157920157,2.01142862315269,1.62247556817601,-0.446603055076479,-0.777450840888638,-1.44661067899418,-1.93144502215872,-0.628914845594959,1.98261669830089
-2.08148924790032,0.9011519141331,2.00894894303398,1.99553192875045,1.60906257364187,-0.43666750322964,-0.77596051978455,-1.46449460229405,-1.91803220943708,-0.614508423358246,2.00248757470022
-2.12371516362783,0.878796987965984,2.01540698855939,1.96870625694535,1.62098523545754,-0.438157836007214,-0.756089571741311,-1.43270096089319,-1.94634814740087,-0.632889031039086,2.04123578366127
-2.13663132607767,0.882274420924652,2.01888439768772,1.97019657204624,1.61055290637493,-0.45455149656155,-0.748141192520277,-1.42872675571483,-1.93293533469127,-0.65425027782076,2.08346139599812
-2.13216034676551,0.889726062981772,2.0357746705904,1.95579019273975,1.62247556819059,-0.444615944715338,-0.739199265894634,-1.43468806347612,-1.91455481356178,-0.65425027782076,2.09091297464633
-2.12768936745421,0.891216391393071,2.02683276140123,1.93889995493361,1.62396590091782,-0.433686837685421,-0.729760565570832,-1.42723642877346,-1.92001929281663,-0.674121205048265,2.12717732404905
-2.13017324484721,0.877306659553847,2.03726498878183,1.91555168503754,1.62247556819063,-0.448590165457242,-0.735225076281589,-1.43021708265654,-1.91058064683649,-0.642824494667832,2.15102237571671
-2.1406055299087,0.86886146522084,2.02534244319412,1.93194515114776,1.61949490273735,-0.470945157111456,-0.753605703226925,-1.42475255054168,-1.8956775215998,-0.665676060984883,2.14704820043933
-2.11974095980933,0.890719615236846,2.031303715986,1.93691286814354,1.60409479789194,-0.464983826004479,-0.773973424974908,-1.43518483913287,-1.84600043746907,-0.657727690095557,2.15002883189893
-2.18283144569464,0.838061344689308,2.03776176151063,1.89170664340417,1.60111413243795,-0.482371041745387,-0.729263791856591,-1.3964363386726,-1.86785835449455,-0.714359832755157,2.21560272396261
-2.22008960660941,0.812725761702047,2.04521335249969,1.88177120940449,1.60558513061877,-0.493300148772781,-0.710386391217602,-1.38202984490713,-1.87481314627049,-0.735224306347886,2.24838967000517
-2.24641870699169,0.79434504463247,2.0208714886065,1.87779703580197,1.58670758274126,-0.502242145434748,-0.704425106802486,-1.37159755631354,-1.86040679187555,-0.761553284926759,2.28117661603934
-2.19525083264829,0.836571016263653,2.00795539755315,1.89518404530937,1.57726880880442,-0.493300148770716,-0.718831544131643,-1.40587507595103,-1.8072523118705,-0.749630728591199,2.26925409020975
-2.20419279127115,0.829119374208734,2.00994248848329,1.89220341510747,1.57379136577573,-0.472435489885349,-0.72280573374172,-1.40339119771497,-1.81420710364475,-0.743669450417133,2.28813142276736
-2.20419279127115,0.827132269660399,1.99305221558061,1.90313239251334,1.56385581426315,-0.479887153769618,-0.711876712316426,-1.41680414018456,-1.80725231187033,-0.759566192210032,2.31644742161606
-2.20667666866623,0.818687075328462,2.00149735203717,1.90959042461736,1.57081070032212,-0.493300148761583,-0.706412201604913,-1.43170740959273,-1.78837501990523,-0.767514563106901,2.32042159689078
-2.2330057690465,0.832596807167686,1.98907803372619,1.90611302271563,1.57478492092772,-0.49975825746562,-0.713367033421009,-1.41531381324144,-1.79831043672656,-0.819675747103165,2.33780861372152
-2.23598642192197,0.836074240128702,1.99553607925394,1.90064853401371,1.56832681244416,-0.479887153771943,-0.6974702749807,-1.42673965311972,-1.80476845766112,-0.840043447539546,2.38649226083824
-2.21512185183927,0.830609702626603,1.98510385186674,1.9021388491122,1.55739770577275,-0.469951601930317,-0.692999311668188,-1.42077834535264,-1.79085887412612,-0.850972457513233,2.39444061139594
-2.16047654909513,0.881777644764037,1.96225230615283,1.94138381345221,1.55739770577275,-0.451074053412211,-0.692999311668188,-1.43816549298551,-1.74962689430212,-0.813217695721255,2.40536959339458
-2.16445075292917,0.903139018657059,1.95281362423279,1.95429987765083,1.53752660273953,-0.45951927248229,-0.711876712307177,-1.45157843545647,-1.7317431440259,-0.810237056635165,2.42673078549667
-2.20021858745329,0.89866803342175,1.95579426062981,1.95082247574798,1.54100404577088,-0.469454824332882,-0.696973501278045,-1.42624287746678,-1.73074960234386,-0.821166066622105,2.47094348540311
-2.22654768783106,0.868364689082337,1.94585880596649,1.95082247574798,1.54348793364941,-0.478396820996913,-0.684554158752223,-1.40388797334852,-1.74763981092864,-0.849482137931376,2.51515618533407
-2.25039291084033,0.871345345904588,1.93045885125159,1.95877082295205,1.55093959728163,-0.492803371177701,-0.65375418929713,-1.38501049876483,-1.73919470663164,-0.86488210655157,2.54744635942213
-2.26827682809355,0.879293764096921,1.92847176032073,1.95579019275104,1.5539202627359,-0.488829150439133,-0.660212247411272,-1.37805563970537,-1.72379481056812,-0.870843384727364,2.5698010953391
-2.24244450319632,0.904132570946914,1.93840721496996,1.99056421173701,1.55441704031145,-0.471441934710267,-0.669650947732203,-1.39693311430547,-1.6890208517306,-0.850475684310849,2.5539043942375
-2.23499287101053,0.90164869026194,1.92996207851314,2.00844799293953,1.56037837121843,-0.462003160451115,-0.65474773670101,-1.39246213348479,-1.67809189322741,-0.83110153023824,2.56632369196844
-2.23747674840703,0.930461706204894,1.93492980584046,2.01639634014183,1.55491381788462,-0.468958046742005,-0.643818715281461,-1.37557176149317,-1.67163387229284,-0.807256417534433,2.54496249987456
-2.31149629472813,0.905622899361188,1.93592335130619,1.98162232114811,1.57428814334363,-0.483364596913722,-0.620470351334207,-1.35719106255619,-1.71236908124347,-0.841533767038475,2.60159449754578
-2.34726412923864,0.878300211825908,1.94784589690001,1.9637385399394,1.57975269667561,-0.485848484875771,-0.625438088341855,-1.34328134444865,-1.73373022740699,-0.872830477465935,2.61500733908491
-2.3745867806141,0.850480748147459,1.95132330602908,1.94188058513686,1.57975269667561,-0.481874264136535,-0.614012293215886,-1.3333458315063,-1.75310429020693,-0.895185270623102,2.63934916262717
-2.36067706718222,0.852467852696591,1.95331039696012,1.94188058513686,1.58919147061493,-0.471938712285943,-0.623947767233933,-1.35321685737778,-1.74267210254846,-0.901146548800468,2.62991049635971
-2.38452229018878,0.842035553816622,1.96324585162343,1.92598389073069,1.5742881433393,-0.472435489878488,-0.618980030226009,-1.35619751125873,-1.76453001956121,-0.919527156515225,2.6363685311764
-2.39247069786337,0.816203194677915,1.97417485174517,1.91604845672511,1.56236548152648,-0.455048274144149,-0.632392920143507,-1.36017171643271,-1.74913012349917,-0.901146548808705,2.64680074126001
-2.39197392238395,0.794345044642543,1.96423939708725,1.91455814162444,1.55491381789,-0.455048274144149,-0.615999388012143,-1.34477167138134,-1.77545897806642,-0.886243353372755,2.6785941434284
-2.43618694001207,0.761557819595018,1.94238139685103,1.8807776660389,1.55193315243651,-0.462003160434163,-0.598612308477435,-1.30602317090622,-1.80029752008719,-0.908101373332805,2.73621968488728
-2.49331612015748,0.749138416166223,1.94188462411814,1.84600364701937,1.54646859910518,-0.459519272471854,-0.59563166627268,-1.30254574137973,-1.83258762477256,-0.930952939676965,2.77397434996225
-2.50523873166393,0.718835071811468,1.94287816958342,1.83755852811682,1.53951371304189,-0.468461269134571,-0.59414134517053,-1.30254574137973,-1.82712314552182,-0.942378722843774,2.81669673413696
-2.56038080993218,0.685551070599824,1.94933621510922,1.80576513926986,1.51864905485452,-0.471441934688435,-0.590663929266089,-1.26975854872449,-1.85096814592077,-0.951320640115953,2.85395462729165
-2.57627762528591,0.674621995576835,1.94337494231339,1.80079742226461,1.51417805667391,-0.487835595244492,-0.58917360816365,-1.2618101383818,-1.8554390834927,-0.942875496027232,2.86389006546546
-2.58323248200423,0.664686472826566,1.94933621510437,1.79483616185979,1.51914583243399,-0.482867819321386,-0.595631666277436,-1.24591331768462,-1.84003918741946,-0.933933578761183,2.88823188899078
-2.59167766515841,0.660712263728136,1.93791044224759,1.80526836756655,1.51219094637386,-0.490319483208939,-0.586192965960161,-1.21461645194625,-1.84898106255497,-0.92648198103977,2.91505757206006
-2.57727117625602,0.67164133874513,1.942878169577,1.81619734497214,1.51566838940579,-0.477403265806151,-0.600102629585811,-1.2026938364252,-1.81023293695744,-0.912572331956682,2.92449623832847
-2.5678324421427,0.673131667157749,1.93691689678422,1.81172639966803,1.52312005303961,-0.485351707283122,-0.586192965967857,-1.19921640689791,-1.80725231191452,-0.933933578752435,2.94039293940227
-2.59217444064546,0.655744502342395,1.92598789665359,1.79930710715813,1.52063616516019,-0.491809815983634,-0.583212323763762,-1.18431313750498,-1.80625877023212,-0.961752876909077,2.96225090337626
-2.59664541996034,0.673628443283067,1.92847176031825,1.79682324865695,1.51467483425193,-0.487835595246234,-0.584205871165292,-1.17735827845352,-1.8186780412538,-0.969701247809927,2.96125735955881
-2.56783244213224,0.687041398985884,1.91356857832463,1.81073285627199,1.49778439667328,-0.491313038393539,-0.58668973966922,-1.17785505410012,-1.78489762404573,-0.965727062356778,2.96473476291893
-2.60360027668428,0.661705815970828,1.90313635093617,1.79036521655123,1.50672639303994,-0.4982679246891,-0.565328470551987,-1.14059688064112,-1.80625877021598,-0.992056040984933,2.98907658643698
-2.581742155555,0.696976921730932,1.893697669013,1.80477159587875,1.51566838940852,-0.511184142093514,-0.576754265669106,-1.155500150023,-1.76453001953604,-0.991062494621148,2.97616051681451
-2.56385823828272,0.73969966951923,1.90313635093874,1.82215860539174,1.50275217243693,-0.508700254129745,-0.578244586771545,-1.16642921424505,-1.72925928982847,-0.977152845542093,2.96225090337039
-2.57478729884383,0.74218355020719,1.88674285075836,1.82066829029026,1.49927472940499,-0.523106804309626,-0.558870412437158,-1.14059688063987,-1.75111720683909,-0.996526999623896,2.96870893818038
-2.58025182912152,0.747648087717359,1.89469121448565,1.81172639968479,1.50871350334318,-0.519132583569306,-0.547941391023353,-1.1316549190096,-1.75062043599813,-1.00546891688995,2.97765083253224
-2.59366476706487,0.734235132013977,1.90164603274431,1.80725545438323,1.50672639303929,-0.512674474870555,-0.538005917003932,-1.11923552784961,-1.74664626927433,-1.00397859734594,2.98410886734599
-2.62198096941506,0.740693221800902,1.89419444175031,1.78986844485776,1.50275217243492,-0.522610026720521,-0.547941391015657,-1.09439674552996,-1.77396866551739,-1.00596569007235,2.98609595497971
-2.58521958392984,0.775467551418771,1.90860085101189,1.82513923556578,1.51368127910215,-0.520126138758577,-0.568309112753498,-1.11178389315616,-1.72826574817921,-0.960759330588666,2.95181869328713
-2.73921998302104,0.69300271252367,1.88922671441756,1.78192009759606,1.53156527182181,-0.561358678941563,-0.53502527483217,-1.07104829019046,-1.77744606149907,-1.00894632924686,3.03825700529981
-2.77598136853146,0.656241278356983,1.87680739607924,1.75807505596438,1.5459718215221,-0.571791008386546,-0.529560764123983,-1.06359665549275,-1.77794283233996,-1.00099795834307,3.07452135460613
-2.72034251480503,0.704428563675961,1.86687194141742,1.77347497868198,1.53603627000335,-0.554403792651477,-0.552412354343366,-1.11675164964934,-1.74813658187598,-0.95430127929196,3.04670212772698
-2.73673610565027,0.690022055695823,1.85395585035589,1.79135875990176,1.55541059545543,-0.547945683948389,-0.538502690723488,-1.10930001495696,-1.75012366523977,-0.951817413382726,3.07402458269195
-2.74915549264361,0.65375739769445,1.84451716843016,1.76701694657935,1.57081070030526,-0.520622916364135,-0.529560764110709,-1.1058225854311,-1.7709880405524,-0.945856135209132,3.1008502657578
-2.74865871716346,0.6761123238743,1.84253007749809,1.75807505596814,1.56733325727274,-0.503235700630891,-0.51912851640085,-1.11774520093692,-1.74018824840779,-0.918533610227736,3.11575342300708
-2.75462002292224,0.677602652285944,1.82812366823955,1.75360411066391,1.56137192636491,-0.521119693967587,-0.52856721671238,-1.11675164964492,-1.74267210261273,-0.894191724346771,3.1316501240714
-2.7327619018329,0.704428563685069,1.81123339532057,1.76552663146589,1.5514363748426,-0.515655140454635,-0.542476880341109,-1.14655818844222,-1.73522054000767,-0.874817570285399,3.13711461506672
-2.73971675855519,0.704428563685069,1.81023984985445,1.77993301078806,1.55193315241819,-0.519629361195789,-0.539993011837663,-1.15649370136627,-1.71187231048861,-0.864882106655408,3.15350808804058
-2.79138140844107,0.699957578451363,1.80825275892256,1.76055891449132,1.53901693544721,-0.511184142127129,-0.517141421596787,-1.15798402830638,-1.73522053998558,-0.884256260706566,3.16692092957646
-2.69848439339661,0.757086834343169,1.81719466812278,1.7844039561413,1.51914583242442,-0.492306593600702,-0.538502690703385,-1.19623575304003,-1.68604022666573,-0.839546674318554,3.13015980840177
-2.63340680556888,0.830609702619154,1.84600748665334,1.85295845075605,1.49828117423456,-0.459519272503382,-0.574270397187153,-1.23597780479415,-1.61599553821897,-0.785398397625742,3.0650826883869
-2.68656178189428,0.803783791216633,1.85445262311627,1.85395199415678,1.49530050877801,-0.45902249491114,-0.577747813092652,-1.20716481728935,-1.61500199653759,-0.810733829862516,3.105817984881
-2.6681810891291,0.827132269662769,1.86339453231379,1.84451333184833,1.47592618332593,-0.479390376211479,-0.572780076088164,-1.22256486232341,-1.60655689224284,-0.782914531701474,3.10482444106446
-2.6592391304933,0.833093583310666,1.85097521398221,1.86090679796666,1.4669841869629,-0.49628081435075,-0.580231681598504,-1.23299715090286,-1.59314407953942,-0.787385490331493,3.12916626456937
-2.66122623241396,0.815706418505951,1.84998166851609,1.87680349238385,1.47145518514746,-0.494790481574209,-0.611031651045077,-1.23250037525664,-1.60705366308286,-0.780927438978043,3.12519208930352
-2.66619398721398,0.798816029835127,1.85942035044553,1.88524861129099,1.47195196272318,-0.467964491574233,-0.602586498134527,-1.24491976641028,-1.59662147542414,-0.768508109459052,3.12270822976269
-2.71587153517077,0.76702235706244,1.84948489577922,1.86984868858711,1.48039718151744,-0.466970936390195,-0.575760718288768,-1.20815836856685,-1.61549876736222,-0.780430665802154,3.15400485999218
-2.70096827076813,0.765035252512806,1.85643971404081,1.86786160178467,1.47095840757925,-0.452067608614307,-0.57625749198943,-1.20766159292053,-1.64033730940468,-0.771488748539641,3.1699015610504
-2.66917464005703,0.776461103663924,1.85445262310869,1.88475183958287,1.48635851242834,-0.445112722324731,-0.587683287106233,-1.208655144214,-1.61102782982764,-0.737708172258225,3.18132731494728
-2.65824557948532,0.785899850276181,1.83507848650208,1.88822924148779,1.49132628818582,-0.428719061774523,-0.581225229001559,-1.21859065714415,-1.58817637115356,-0.726282389087198,3.18232085876332
-2.72431671827351,0.734731908189479,1.81421403170912,1.84252624510396,1.52361683061365,-0.442628834355719,-0.530057537803662,-1.17090019504896,-1.64133085101677,-0.775959707148105,3.25981727647719
-2.74269741104673,0.737215788876181,1.80825275891221,1.82961018089064,1.53454593728558,-0.449583720648068,-0.508199494980285,-1.17189374634151,-1.66120168465363,-0.765527470340602,3.27521720562724
-2.73921998268721,0.734731908191523,1.80030439518132,1.83457789789564,1.5320620494058,-0.410338290841112,-0.518134968990636,-1.17487440022048,-1.64182762187297,-0.745656543107859,3.27770106516852
-2.76654263408399,0.725789937719111,1.80527212251508,1.82811986579002,1.5290813839506,-0.396428518254954,-0.506212400175576,-1.15599692565224,-1.64182762187297,-0.718334018163198,3.28266878424907
-2.76952328696525,0.729764146818464,1.8042785770489,1.83755852809426,1.5300749391026,-0.399905961400362,-0.49677369985569,-1.17239052198426,-1.62444064244514,-0.713863059535183,3.30055257294185
-2.78989108165525,0.750628744586543,1.79831730425199,1.83507466959253,1.5241136081932,-0.389473631964138,-0.519128516392276,-1.16394533599892,-1.60804720470646,-0.729759801320958,3.30452674820709
-2.82416858980057,0.725293161565073,1.79980762245232,1.82563600728431,1.54497826637609,-0.41480928917012,-0.522605932295947,-1.17239052198382,-1.61400845479579,-0.762050058121411,3.32241053689708
-2.85000091477055,0.722312504740307,1.78639475865947,1.81619734497002,1.54249437849691,-0.407357625285695,-0.511180137184201,-1.14159043193658,-1.60804720470285,-0.769501655839877,3.32837179979205
-2.86490417916156,0.713370534274686,1.79583344058492,1.80576513927281,1.53553949243744,-0.41033829083812,-0.509193042380756,-1.13463557288335,-1.61798262150393,-0.792849995322041,3.33085565933435
-2.83609120131262,0.72479638543183,1.8176914408574,1.82215860538789,1.5325588269831,-0.422260953055327,-0.531547858906829,-1.12420328430683,-1.61450522562098,-0.793346768503246,3.31346864254958
-2.84354283351727,0.741189997957148,1.8380591229175,1.82315214878865,1.4962940639453,-0.398912406227261,-0.551418806927532,-1.12171940607591,-1.62146001738899,-0.790366129415899,3.30899769537844
-2.83658797679075,0.754106177523777,1.82911721371809,1.83706175640266,1.50722317061149,-0.379538080132229,-0.55738009133127,-1.10830646363067,-1.59016345441966,-0.795333861228276,3.31197832682606
-2.86192352627788,0.729267370662779,1.84004621384707,1.8127199430664,1.52610071849035,-0.381028412908519,-0.542476880317804,-1.09638384811754,-1.6030794962714,-0.838553127986266,3.34824267610868
-2.85894287339684,0.757583610480434,1.85494939583935,1.80725545436002,1.52957816152137,-0.373079971434385,-0.542973654018273,-1.08992576471682,-1.59711824618381,-0.860907921119861,3.3487394480167
-2.8698719339644,0.749138416143507,1.84849135030771,1.78390718444142,1.53951371303869,-0.389473631983905,-0.537509143309028,-1.06657730933903,-1.60407303795317,-0.862398240662415,3.37953930629951
-2.86142675079832,0.752615849103057,1.84253007750864,1.77893946743703,1.53752660273518,-0.379538080144155,-0.524593027084496,-1.08048702743448,-1.61649230896612,-0.873327250647915,3.38301670965622
-2.8639106282019,0.773480446887425,1.85743325950451,1.77844269573647,1.54597182151754,-0.385002633662726,-0.514657553075793,-1.05266759126278,-1.61649230896612,-0.85892082837626,3.39692632307544
-2.84702026187248,0.794841820789911,1.88078157795168,1.79483616185846,1.53802338030217,-0.387486521623941,-0.519128516379524,-1.07800314920131,-1.60307949626335,-0.83805635477198,3.38401025346839
-2.88924617769322,0.781925641222465,1.86935580509386,1.77297820704673,1.53603626999904,-0.396925295875763,-0.531547858904659,-1.04521595655529,-1.62990512165034,-0.843024086580428,3.41977783085802
-2.89967846277279,0.806764448066695,1.86985257782699,1.77546206554784,1.53355238212009,-0.384505856066303,-0.527076895597218,-1.04620950784805,-1.63338251753329,-0.821166066619802,3.43517776001069
-2.88477519836561,0.797822477599754,1.8470010320993,1.76453308813684,1.5593848160713,-0.388976854393298,-0.520618837488078,-1.03975142444915,-1.62046647568029,-0.816198334808604,3.42722940948282
-2.8579493224378,0.796828925325649,1.84451716843194,1.75360411072664,1.55690092819312,-0.390467187169276,-0.535522048506079,-1.054157918187,-1.62692449660655,-0.814211242083496,3.43021004093018
-2.84652348639153,0.825145165145096,1.8450139411649,1.77744915236246,1.55242993001283,-0.37804774736972,-0.562844602040213,-1.06657730934666,-1.60655689215175,-0.775959707131728,3.40388112981092
-2.87285258685248,0.807758000348817,1.82563980457232,1.77844269576373,1.55789448334612,-0.385002633659442,-0.555889770234891,-1.06906118757745,-1.61251814223933,-0.792849995294698,3.42375200612579
-2.89719458540576,0.819183851509817,1.8162011226369,1.78042978256637,1.55044281970858,-0.370099305886682,-0.532541406314117,-1.05515146949338,-1.61450522560244,-0.819675747080823,3.42126814658786
-2.90315589116977,0.808254776492362,1.8236527136354,1.78639104297149,1.55044281970858,-0.38251874568702,-0.521115611200159,-1.05117726432224,-1.61847939232818,-0.812720922543862,3.45554540822834
-2.8514912412239,0.852964628825181,1.83408494102448,1.79533293357961,1.52212649789536,-0.343770093491668,-0.54297365402656,-1.09191286730148,-1.59364085030078,-0.787385490299741,3.44759705770374
-2.86689128111205,0.842532329944992,1.80974307711074,1.78192009766261,1.5320620494141,-0.342776538307151,-0.549928485834575,-1.08793866213247,-1.58817637105402,-0.814708015262409,3.47889368789723
-2.87782034168855,0.834583911746119,1.79483989511038,1.76950080514534,1.52858460638316,-0.349234647007935,-0.511180137184558,-1.08595155954964,-1.58867314189485,-0.841036993869044,3.5340353696346
-2.8937171570559,0.79434504464531,1.77447221303984,1.77148789194602,1.53057171668634,-0.341782983125387,-0.497270473568527,-1.06608053370407,-1.57774418340757,-0.855443416112972,3.59166091091991
-2.88775585129541,0.795338596919582,1.78788507684037,1.79831356376241,1.53702982516913,-0.328369988146932,-0.497270473568527,-1.07999025179668,-1.57476355836573,-0.839049901145311,3.62643494446601
-2.9533302147232,0.775467551428688,1.81371725896265,1.79185553165359,1.54299115607626,-0.33582165202823,-0.479386620348411,-1.06757086064273,-1.58718282938349,-0.837062808420412,3.66965410042416
-2.9861173964346,0.74516420705923,1.81322048622968,1.7709911202238,1.5400104906222,-0.32489254501001,-0.459018898619022,-1.03428689235268,-1.61599553813038,-0.856933735658392,3.72876995743783
-2.94836245993282,0.755099729801533,1.83756235015003,1.78390718443585,1.55093959728447,-0.321415101864893,-0.475412430735874,-1.02236427684778,-1.57774418343185,-0.837559581590379,3.72777641362236
-2.93594307291301,0.747648087740639,1.84898812301853,1.7933458467457,1.56534614698132,-0.319427991495901,-0.482367262538888,-1.04124175139287,-1.57774418343185,-0.813217695708772,3.73224736079051
-2.95680764309775,0.737712564993096,1.84898812301853,1.79185553164459,1.57130747789129,-0.308498884471259,-0.490315641747828,-1.02584170636236,-1.57824095427262,-0.823649932515175,3.74416988657063
-2.99804000795015,0.703931787682806,1.82862044096703,1.78837812974191,1.58024947425752,-0.323898989823355,-0.470941467423088,-1.00249325098576,-1.58817637107996,-0.832591849773917,3.78490518299009
-3.01592392525103,0.690022055835365,1.82862044096703,1.78341041273334,1.58521725001512,-0.328369988154011,-0.457528577510042,-0.991564186775172,-1.60307949630183,-0.809740283438793,3.7948406211409
-2.98760772285771,0.703931787681632,1.83756235016886,1.79433939014894,1.57726880879936,-0.319427991491856,-0.487831773242032,-1.01143521261261,-1.58171835015697,-0.779933892566107,3.76801493814438
-3.01244649688859,0.714364086566222,1.86041389590482,1.76701694662244,1.5703139227374,-0.330357098520396,-0.49279951024652,-1.00100292405182,-1.6040730379781,-0.790862902551607,3.76553107860818
-3.05467241272139,0.695486593347882,1.85196875943909,1.7501267088163,1.55938481607304,-0.367615417923757,-0.49677369985187,-0.99156418677361,-1.60258272545734,-0.806262871157186,3.77049879768337
-3.04125947473411,0.688034951284473,1.84749780484391,1.76502985983352,1.54696537668128,-0.377054192176768,-0.489818868048856,-0.990073859835668,-1.59910532957161,-0.813714468876635,3.76950525386884
-3.0968983286417,0.653757397770369,1.838555895648,1.77049434854342,1.52908138394796,-0.410835068431207,-0.479386620342749,-0.97964157127888,-1.60009887125326,-0.832591849772126,3.79732448066425
-3.15502105985791,0.643325098890841,1.82613657732579,1.75857182773259,1.52013938758835,-0.395434963080403,-0.471438241132709,-0.981131898216592,-1.61152460057131,-0.84153376703181,3.84700167140348
-3.1848275887154,0.646802531852884,1.8360720319876,1.75459765412898,1.51815227728593,-0.393944630303768,-0.477896299237919,-0.952318910760409,-1.6299051216892,-0.864882106550287,3.86438868816307
-3.19873730218117,0.642828322752693,1.83458171378818,1.72230749357769,1.51715872213438,-0.413318956396362,-0.461005993423125,-0.95579634028236,-1.62493741328204,-0.859417601555737,3.89220791496756
-3.28020848111727,0.584208738481576,1.82265916818537,1.70144308214893,1.52361683061872,-0.431202949721046,-0.449580198318332,-0.91158330783757,-1.66318876803532,-0.875314343359532,3.92549163273851
-3.2980923984304,0.57775064869247,1.84352362297078,1.7064107991575,1.52461038577009,-0.405867292525167,-0.460509219728207,-0.918538166879962,-1.65076949701635,-0.884753033798941,3.9394012461449
-3.31051178544123,0.572286111182417,1.84799457756987,1.70740434255862,1.53404915971346,-0.409344735671159,-0.44510923500556,-0.906118775729184,-1.65176303869701,-0.875314343365751,3.94188510568248
-3.34131186527237,0.545956975893372,1.84004621383922,1.72280426527813,1.54150082335119,-0.398912406234715,-0.444612461305049,-0.902641346210165,-1.65623397626416,-0.860907921113467,3.94883991238341
-3.35919578258686,0.532047244038594,1.84948489577122,1.70740434256015,1.54597182153276,-0.37109286107466,-0.435670534694249,-0.903634897502392,-1.6815692891318,-0.858920828389459,3.96374306960475
-3.36267321095327,0.54844085657498,1.84501394117482,1.69895922365175,1.56186870395289,-0.343770093510476,-0.433186666193826,-0.910092980900962,-1.68405314333584,-0.836566035239954,3.97963977063386
-3.29759562291243,0.598118470347289,1.85892357769968,1.7242945803782,1.5772688088075,-0.336815207218856,-0.447096329803316,-0.931951109312086,-1.65375012206719,-0.782914531691747,3.94784636858016
-3.2871633378128,0.591660380562407,1.86389130502969,1.7317461558858,1.57577847608052,-0.346750759056938,-0.438154403196226,-0.944867276110382,-1.66418230971098,-0.761056511731121,3.91704651033014
-3.24692452386324,0.596131365798566,1.87631062334854,1.7471460785954,1.57081070032364,-0.333834541663366,-0.448586650909547,-0.985602879078169,-1.62245355908875,-0.70939210092054,3.90661430027542
-3.27027297148317,0.605073336273053,1.85942035041224,1.76502985983023,1.57627525365653,-0.325389322595415,-0.459515672317306,-0.952318910822156,-1.6289115800183,-0.707405008195641,3.90164658120481
-3.22705350457683,0.656241278483906,1.87531707788074,1.77496529384662,1.58074625183682,-0.306511774086422,-0.466470504119358,-0.992060962453351,-1.59165376694602,-0.667166380530773,3.89369823069522
-3.23847934064442,0.663196144410561,1.84948489576157,1.79930710717083,1.59117858092341,-0.31843443629287,-0.457031803810438,-0.990073859869556,-1.59364085030855,-0.657727690091364,3.90065303739635
-3.23649223872229,0.670647786469411,1.84650425936231,1.8137134864816,1.59266891365092,-0.308498884448533,-0.470444693729421,-0.999015821497317,-1.57625387090392,-0.660211555994377,3.91456265080353
-3.22804705553916,0.706912444501388,1.85047844122811,1.80973931287769,1.5742881433397,-0.303531108528033,-0.454051161620277,-1.0193836229747,-1.58171835015399,-0.65623737054741,3.9086013879171
-3.23847934064495,0.714364086567469,1.83805912289541,1.81222317138139,1.5723010330369,-0.303034330936187,-0.463489861931808,-1.01689974474423,-1.58569251688117,-0.662695421901201,3.92400131703916
-3.27673105270604,0.693499488791906,1.84203330475894,1.80973931287825,1.56236548152575,-0.323402212208314,-0.480380167741462,-1.01292553957563,-1.57774418342932,-0.67412120506319,3.94734959666257
-3.33137635563017,0.670151010331977,1.82613657730099,1.80030065057213,1.55590737303972,-0.324892544984917,-0.454051161632603,-0.99802227020174,-1.59860855872424,-0.705914688628874,3.97715591108876
-3.34528606909727,0.678099428528502,1.80427857703775,1.81520380157902,1.55640415061539,-0.334828096827168,-0.467960825245555,-0.990073859863312,-1.61053105889507,-0.705914688628874,4.01242671650185
-3.38453133208437,0.665680025092632,1.78887862232099,1.81321671477845,1.57180425545787,-0.318434436299322,-0.462993088238456,-0.965731853201563,-1.62444064242637,-0.72876625493147,4.05912327577021
-3.37956357726987,0.653757397792561,1.79782053152471,1.80675868266771,1.58323013969474,-0.311976327602333,-0.468954372645491,-0.992557738060161,-1.61400845477195,-0.722804976758034,4.07949092395523
-3.38304100563899,0.654254173929986,1.78738830412525,1.8186812034809,1.57925591909009,-0.307008551681416,-0.466967277844631,-0.99653194322775,-1.61748585065583,-0.737211398998545,4.08346509921025
-3.39744749460091,0.647796084141017,1.80278825885501,1.79980387886469,1.54895248696696,-0.310485994826095,-0.46597373044398,-0.979144795628215,-1.64282116354498,-0.764533923967695,4.12420039557479
-3.46848638841107,0.605073336304945,1.8052721225211,1.76006214280992,1.54646859908771,-0.31942799148581,-0.440638271716533,-0.959273769794334,-1.69647241432677,-0.792849995285177,4.18580011202587
-3.47643479611276,0.586692619227225,1.81123339531801,1.77198466361927,1.56733325727758,-0.330853876104518,-0.461005993430147,-0.962254423670863,-1.67163387229274,-0.788875809839047,4.22554186458285
-3.46798961293157,0.582221633987859,1.83408494104294,1.79086198823734,1.57031392273171,-0.353705645340258,-0.45405116162117,-0.958280218502766,-1.66467908052068,-0.779933892580542,4.25485140708676
-3.44861536915335,0.58172485785012,1.83011075917941,1.80179096564889,1.57627525363897,-0.348737869418611,-0.448586650916309,-0.960267321086967,-1.6626919971582,-0.759069418985612,4.24988368801925
-3.44513794078204,0.590666828326871,1.83855589564336,1.79632647694332,1.57975269667016,-0.334331319248707,-0.465973730417831,-0.9687125070641,-1.66765970556488,-0.749630728546451,4.27074810810249
-3.46252508262634,0.578247424893621,1.84998166851185,1.77148789192568,1.57726880879169,-0.319427991486894,-0.460012446010961,-0.970202834002308,-1.65772428875537,-0.735721079493797,4.28316740577469
-3.47842189803032,0.594144261290361,1.84650425938027,1.76751371832394,1.56037837122192,-0.334331319239012,-0.464483409317288,-0.987093205968446,-1.6467953302657,-0.723798523158551,4.29558670344196
-3.5017703456667,0.596131365840792,1.85892357771072,1.78539749954859,1.54646859910663,-0.339299095159617,-0.452560840505197,-0.987589981614325,-1.64331793438208,-0.708895327733208,4.31645112352165
-3.51021552885079,0.588182947640745,1.87879448703735,1.77844269574176,1.56137192637016,-0.328866765729084,-0.460012446009559,-0.98411255209264,-1.6398405384982,-0.679088936902949,4.33582522788341
-3.52611234426628,0.580234529436505,1.8733299869736,1.77248143533295,1.58273336213368,-0.323898989808271,-0.452064066806335,-1.00100292404626,-1.61351168392776,-0.632889031069162,4.33781231550974
-3.49133806055881,0.628918590917958,1.86538162324079,1.83606821298283,1.62346912331582,-0.301543998165317,-0.466470504117558,-1.03875787314801,-1.55787334978638,-0.565327878522353,4.30899954492515
-3.48637030574497,0.630905695467593,1.85296230491146,1.82662955067601,1.63042400937446,-0.296576222243461,-0.450076972004786,-1.02832558458215,-1.54793793298121,-0.5529085490086,4.3298639649995
-3.50624132499919,0.622460501124251,1.84700103211671,1.80030065054591,1.62744334392033,-0.283660004846637,-0.447593103502233,-1.02236427683153,-1.55538949559422,-0.53601826086522,4.33781231550481
-3.5380349558223,0.618983068159786,1.84799457758268,1.78937167313437,1.62346912331567,-0.266769566720836,-0.452560840506584,-1.03080946281665,-1.54793793298663,-0.528069889977989,4.34526389410581
-3.54399626160197,0.601099127202888,1.84650425938348,1.78688781463134,1.63439822998134,-0.265279233945139,-0.449580198305127,-1.03229978975417,-1.53601543281261,-0.494289313708149,4.33880585931947
-3.56684793375782,0.578247424868591,1.85842680497694,1.8022877373459,1.63539178513276,-0.252859794150795,-0.449580198305127,-1.01789329602295,-1.53899605785496,-0.472431293789002,4.3482445255474
-3.55641564864787,0.557382827095669,1.87183966876614,1.7923523033381,1.62446267846266,-0.245904907865306,-0.442625366495765,-0.999015821473525,-1.55538949559165,-0.441631356624523,4.32340593020845
-3.54896401642122,0.556389274820474,1.87084612330005,1.78688781463226,1.63688211785176,-0.244414575089015,-0.456038256409925,-0.999015821473525,-1.55191209970861,-0.40039918267581,4.30055442250148
-3.55393177123666,0.564337693020521,1.87034935056718,1.78539749953049,1.62346912331506,-0.250872683783565,-0.474418883333905,-0.987093205975329,-1.56284105820279,-0.386986306817571,4.26528361711692
-3.54399626160085,0.569802230536225,1.86786548690124,1.80179096565044,1.64284344875604,-0.263788901179847,-0.489818868043346,-0.975667366122745,-1.57526032922237,-0.345754132889504,4.25733526661094
-3.51717038562962,0.567318349850833,1.88773639622607,1.78887490145661,1.60608190818055,-0.263788901179847,-0.477399525532984,-0.982125449529075,-1.57824095426182,-0.332341257045049,4.22305800502252
-3.52462201785073,0.57327966349873,1.90114926002134,1.78589427125353,1.6115464615107,-0.250375906196044,-0.484851131036934,-0.981131898237381,-1.57973126678229,-0.296076814911721,4.19027105918581
-3.51418973274038,0.593150709007653,1.89767185089007,1.80526836757904,1.6135335718135,-0.230504802522384,-0.505715626469061,-0.989080308571949,-1.55389918306878,-0.266767197287072,4.17238727054633
-3.49183483606383,0.619479844297253,1.89965894182183,1.83060372429671,1.61104968393521,-0.231995135297705,-0.507702721271186,-0.987093205986884,-1.5394928287018,-0.216096332959761,4.13711646515427
-3.48090577546881,0.620970172710847,1.90661376008364,1.84451333190968,1.61154646151079,-0.244911352690192,-0.518631742678945,-0.998519045845017,-1.52558324517422,-0.197218952129452,4.12420039557802
-3.47991222450509,0.634383128431493,1.89419444175693,1.8489842772117,1.62297234574875,-0.256337237300749,-0.518134968978461,-1.00795778311599,-1.50720272408665,-0.184799622641228,4.117245588884
-3.49729936635734,0.644815427320265,1.88674285076427,1.8529584508154,1.64930155726243,-0.271240565057871,-0.504225305367817,-1.01242876392867,-1.48584157794749,-0.171386746795007,4.13661969324989
-3.49779614183905,0.654750950070324,1.89171057809413,1.85544230931824,1.65079188998863,-0.2533565717497,-0.502238210565087,-1.00050614843109,-1.48782866130915,-0.159464190489296,4.12569071129781
-3.51617683466444,0.642331546631571,1.87929125976742,1.86736483012937,1.64532733665638,-0.258324347669783,-0.480380167738687,-1.00944811005405,-1.46597074432663,-0.146051314640601,4.15748411333617
-3.53604785393985,0.624944381804475,1.89121380536052,1.85395199421403,1.62396590091275,-0.22156280586811,-0.466470504129582,-1.01590619344816,-1.45702886919178,-0.178838344503768,4.16294860430923
-3.62248678772372,0.584705514664614,1.88773639623041,1.81271994307813,1.64532733666046,-0.221066028276284,-0.475909204436674,-0.972686712231294,-1.50670595324658,-0.188773808091337,4.23945147795319
-3.66371915271903,0.560860260063969,1.88872994169629,1.80228773736388,1.63688211787688,-0.212620809216307,-0.470941467433697,-0.959273769798396,-1.53601543283784,-0.190760900809165,4.24491596892811
-3.68309339649872,0.548937632760628,1.88823316896319,1.80030065056212,1.65675322089446,-0.219078917908418,-0.454547935306414,-0.954802788984802,-1.52061553679337,-0.188773808090499,4.25733526659538
-3.67812564168432,0.542479542975338,1.87631062336901,1.7973200203617,1.65675322089446,-0.221562805867495,-0.450076972001942,-0.952318910753758,-1.51813168259319,-0.200696364390556,4.27869645859763
-3.71289992541166,0.536518229320397,1.86935580510721,1.78788135805395,1.67165654815621,-0.195730371089567,-0.460012446014766,-0.95380923769227,-1.53104772443992,-0.19622540577562,4.29956087867998
-3.73376449565761,0.540989214558914,1.87631062337132,1.7754620655459,1.65874033119109,-0.204175590153089,-0.479386620343794,-0.967718955784165,-1.55389918309182,-0.210631827982719,4.30303828202716
-3.76754522843226,0.519131064500943,1.87283321424026,1.7754620655459,1.65824355361567,-0.190265817579483,-0.487334999548557,-0.957286667222843,-1.58221512100203,-0.228515662446468,4.31694789541145
-3.78890657415476,0.505221332649687,1.85942035044621,1.78788135805549,1.65228222271026,-0.196723926272542,-0.476405978137473,-0.969706058366321,-1.57923449595961,-0.247393043267325,4.33234782452476
-3.80231951217065,0.491808376928475,1.86637516871032,1.78688781465483,1.66519843967507,-0.180827043331945,-0.480876941440709,-0.972189936595652,-1.59761501705699,-0.246399496908543,4.3452638940946
-3.78791302319446,0.513169750857103,1.86091066864788,1.80775222607481,1.68010176694038,-0.189769039981152,-0.486341452143001,-0.980138346929814,-1.59314407949102,-0.206657642536275,4.3492380693472
-3.75711294330759,0.524595602027265,1.86488485051081,1.83855207150963,1.65874033119267,-0.177846377780458,-0.498760794659891,-0.986596430323927,-1.55638303727888,-0.188773808082422,4.32837364927906
-3.71588057831227,0.547447304353365,1.84004621384578,1.84997782062496,1.66519843967453,-0.174865712230598,-0.511676910870489,-1.00448035356985,-1.50670595325059,-0.163438375945803,4.34576066601176
-3.74866776012608,0.566324797580867,1.85196875943601,1.84351978851789,1.65128866756423,-0.194736815909679,-0.510186589768751,-1.00895133438344,-1.53998959955479,-0.1594641905091,4.36662508608286
-3.77350653420758,0.55241506572961,1.85345907763575,1.84103593001721,1.67414043603334,-0.217091807553103,-0.521115611181648,-1.00845455873727,-1.54297022459504,-0.154496458716494,4.38401210281926
-3.78691947222909,0.561357036211456,1.85892357769884,1.8484875055237,1.67314688088289,-0.240440354370389,-0.502734984262244,-0.994048065003106,-1.5479379329998,-0.170889973643109,4.41282487338874
-3.79536465542863,0.557879603248238,1.86190421409685,1.8445133319195,1.69649542692937,-0.233485468082565,-0.463489861925156,-0.977157693035672,-1.55986043317613,-0.148038407388691,4.46697301117888
-3.79735175735791,0.5514215134545,1.87084612328952,1.81917797518239,1.71586975236203,-0.249879128616603,-0.46100599342329,-0.994048064994903,-1.55290564140509,-0.126180387490856,4.49628255364911
-3.80579694055536,0.543969871387946,1.8927041235409,1.80874576947485,1.7024567578186,-0.239446799190229,-0.451070519418985,-1.00000937274659,-1.55837012064985,-0.0993546358037136,4.52807595566808
-3.82864861274647,0.547447304353439,1.88922671440921,1.78192009763854,1.71139875417416,-0.243421019924378,-0.452064066819855,-0.99901582145482,-1.53502189115061,-0.100348182162497,4.54595974429538
-3.86491322294311,0.529563363391257,1.89816862360134,1.7794362391373,1.68755343054454,-0.248885573433889,-0.452064066819855,-1.00795778308464,-1.52558324518123,-0.100348182162497,4.56881125198907
-3.92104885244163,0.506711661045387,1.89965894179969,1.76850726173035,1.71288908689406,-0.263788901185695,-0.424741513294035,-1.0144158664809,-1.54942824552753,-0.122206202052844,4.60606914495918
-3.97370705353153,0.480382525754675,1.93642012405063,1.77595883723684,1.72083752809976,-0.261305013227764,-0.414309265584753,-1.02584170634107,-1.58469897517521,-0.125186841125973,4.6254432493083
-3.93346823949305,0.490318048499913,1.9354265785851,1.82215860534164,1.72977952445746,-0.23547257844821,-0.442625366538929,-1.03329334103269,-1.5479379329916,-0.0814708013775268,4.61103686402244
-3.95830701359821,0.485350287122473,1.95231685150612,1.81619734493874,1.71934719537684,-0.211627254029309,-0.433186666227398,-1.02534493069568,-1.54545407879137,-0.0765030695862293,4.63935286268896
-3.94638440202319,0.481872854157714,1.94635557870993,1.82811986574337,1.73375374505375,-0.210633698845126,-0.436167308429267,-1.04024820007604,-1.54396376626981,-0.0442128129262053,4.64382380984417
-3.86988097784488,0.546950528098522,1.94635557870993,1.88971955652004,1.73276018990337,-0.174865712254301,-0.493296284011703,-1.08595155955122,-1.4560353276325,0.0233483393162006,4.55440486665946
-3.88875844618063,0.562350588372975,1.94089107864832,1.92797097746377,1.71785686264908,-0.147046167112343,-0.495780152513569,-1.10333870717164,-1.41430657705583,0.0377547615077365,4.53652107803647
-3.89422297648632,0.584208738428177,1.93443303312252,1.94138381337246,1.73921829839935,-0.158968829314288,-0.508696268720237,-1.1068161366943,-1.40139053520691,0.0402386274027637,4.54049525328681
-3.92402950546136,0.580234529324715,1.94039430591925,1.96274499650428,1.72630208144008,-0.152510720621636,-0.500747889514815,-1.09290641861485,-1.42672584806901,0.0506708641673748,4.55142423522123
-3.92055207708415,0.600602350975015,1.93542657859089,1.93989349827844,1.75561195839765,-0.136117060096885,-0.503231758016406,-1.08197735440119,-1.42424199386727,0.0591160082106887,4.55490163856461
-3.93644889253933,0.612028202150723,1.9235040330003,1.93989349827844,1.7392182984103,-0.131149284178574,-0.517141421624357,-1.07700959794234,-1.41132595200957,0.0789869353847787,4.56135967334207
-3.95979734022643,0.607557216909753,1.91456212381168,1.94982893228279,1.73027630205368,-0.147542944705733,-0.523102706028918,-1.05813212339436,-1.42473876470844,0.0705417913416867,4.58868212817519
-4.03481043805188,0.566324797489613,1.90810407828432,1.92499034729343,1.73226341235486,-0.129162173822059,-0.478393072963785,-1.04124175143081,-1.44510636915337,0.0611031009500327,4.62395293351973
-4.07653957860183,0.555395722455553,1.90810407828432,1.91108073967976,1.74368929658574,-0.117239511621615,-0.470941467458186,-1.02335782818443,-1.47938355714328,0.068554698634525,4.65127538835169
-4.15105590103517,0.523105273472548,1.89916216908599,1.88276475275721,1.72828919175833,-0.102832961455642,-0.453057614254394,-0.989080308626681,-1.49528022404544,0.0412321737719505,4.70144935083214
-4.31697891219997,0.395930582244931,1.89121380535678,1.76751371824683,1.73772796568503,-0.145555834334291,-0.376057690685881,-0.913073634776137,-1.60804720473907,-0.065077286483415,4.85693895744562
-4.33883703344792,0.374072432174968,1.87730416882814,1.74962993703546,1.74120540871199,-0.140091280828105,-0.381025427690644,-0.899660692324724,-1.64431147606873,-0.0774966159582229,4.89071944705916
-4.34628866568479,0.349233625292483,1.88922671441225,1.75161702383599,1.76107651171581,-0.130652506584403,-0.361651253384125,-0.888234852466884,-1.65076949699217,-0.0765030696003038,4.9165515861754
-4.32194666701929,0.35916914804988,1.88723962348025,1.75062348043501,1.76505073231951,-0.127175063442936,-0.368606085188678,-0.903634897484009,-1.63835022597742,-0.0844514404680552,4.93195151525901
-4.33138540118707,0.344762640055151,1.88425898708251,1.77794592396286,1.75660551353936,-0.113762068476583,-0.372580274791939,-0.912576859112914,-1.64182762185995,-0.0928965845113693,4.94983530387668
-4.30952727993871,0.354698162812128,1.89767185087131,1.77744915226241,1.7729991735267,-0.108297514967645,-0.36512866928634,-0.92449947461629,-1.64232439270048,-0.0914062649741568,4.95132561959438
-4.34132091086542,0.33631744570144,1.88972348714402,1.76453308805579,1.79485738683612,-0.101839406273773,-0.338799663181121,-0.914067186058168,-1.64778887195068,-0.104322367635614,4.96473846105012
-4.34678544117902,0.313465743341101,1.88773639621201,1.761552457855,1.78740572320569,-0.135620282503402,-0.356683516393817,-0.918041391224741,-1.6443114760684,-0.107799779886361,4.98758996871918
-4.34628866569589,0.317439952444983,1.88823316894472,1.79334584667207,1.78442505775476,-0.145059056744925,-0.36661899040197,-0.941389846577462,-1.62394387160371,-0.102832048098335,4.98808674062502
-4.31648213669699,0.338801326392546,1.91009116919874,1.82017151849444,1.79485738683264,-0.136117060094592,-0.397418959819576,-0.961757648046519,-1.6000988712551,-0.0755095232357608,4.9687126363094
-4.27972075089873,0.387982164097192,1.92300726025676,1.87133900372511,1.79585094198257,-0.115749178828876,-0.430702797708682,-0.991564186776009,-1.55340241221413,-0.0218580198544056,4.9384095500906
-4.3085337289354,0.384504731129644,1.92549112392345,1.87531317732901,1.7943606092568,-0.120220177152026,-0.408844754898002,-0.984609327730773,-1.56234428734638,-0.0263289784673389,4.96324814537391
-4.36367580755447,0.367614342434585,1.90065248728015,1.8574293961172,1.7809476147313,-0.114755623644234,-0.413315718197651,-0.980635122564403,-1.56135074566572,-0.0263289784673391,4.99553831924243
-4.40292107072027,0.350227177606389,1.904129896411,1.87481640562718,1.79833482986359,-0.124194397886549,-0.408844754894416,-0.977654468689168,-1.55737657894259,-0.0134128758089448,5.00298989782885
-4.43123727324413,0.353704610571441,1.91505889653339,1.88127443772833,1.80181227289112,-0.156981718928827,-0.396425412387145,-0.957783442852747,-1.55141532885861,0.00894191723864235,5.02087368643738
-4.44465021128073,0.333336788915124,1.90313635094389,1.90859688123522,1.80777360379241,-0.147046167097625,-0.405367338994235,-0.959273769791184,-1.54098314121002,0.0129161026706333,5.02931880883652
-4.42428241646384,0.348736849198027,1.91307180560241,1.92200971714192,1.8057864934925,-0.129658951392111,-0.422754418493353,-0.984112552081631,-1.51316397413326,0.0357676689118057,5.04869291315241
-4.4332243751613,0.348736849198027,1.9254911239235,1.91157751143568,1.8206898207507,-0.123200842697426,-0.413812491884779,-0.987093205957095,-1.5086930365712,0.038748307983914,5.07055087699583
-4.4530953944939,0.32389804228776,1.92698144212153,1.8847518396246,1.82466404135185,-0.113762068455903,-0.391457675374165,-0.973183487871244,-1.51018334909232,0.0312967103013849,5.10880231372426
-4.46899220995574,0.319427057044526,1.91853630566319,1.87481640562049,1.8102574916715,-0.0993555183041365,-0.388973806870787,-0.972686712225403,-1.50521564068985,0.0377547616267537,5.14606020662941
-4.46750188350555,0.30054956379631,1.91009116920332,1.88723569813254,1.79386383169159,-0.0819683026033643,-0.389470580571091,-0.967222180121575,-1.50720272405113,0.0317934834808088,5.16394399522072
-4.45408894545003,0.297568906966574,1.93840721497712,1.90909365293994,1.79535416441735,-0.0879296337022103,-0.408347981178748,-0.960764096724655,-1.50173824480318,0.045703132495342,5.16046659188211
-4.45210184351579,0.300549563795995,1.95927166976001,1.93591932475169,1.78790250078834,-0.0804779698299818,-0.430206023993056,-0.966725404474515,-1.50620918236654,0.0407354007052223,5.17040202998952
-4.45408894544981,0.29508502627591,1.96722003348491,1.94585475875063,1.78591539048825,-0.0591165333922261,-0.428218929191975,-0.970202833995666,-1.51366074497304,0.0457031324945566,5.19623416907683
-4.47594706671734,0.262794577294948,1.96125876069178,1.94088704174993,1.80181227289244,-0.0402389849077938,-0.445109235003966,-0.979641571265434,-1.52856387018623,0.0442128129588754,5.23995009674819
-4.52463106409335,0.260807472742169,1.96175553342484,1.93591932475144,1.80081871774234,-0.0352712089937565,-0.450573745710491,-0.967718955761143,-1.53601543279182,0.0461999056745569,5.27025318298716
-4.53456657375814,0.238949322660212,1.96076198795926,1.93542255305136,1.78988961108946,-0.0432196504575504,-0.442128592808817,-0.96324797494652,-1.54048637035518,0.0367612152739516,5.29211114681788
-4.54102465504154,0.245407412459948,1.95430394243346,1.94982893235855,1.78690894563867,-0.0298066554819103,-0.448586650914562,-0.972189936575652,-1.54992501632067,0.0427224934167554,5.30304012873448
-4.54201820600857,0.253355830674086,1.94933621510615,1.97913846266885,1.78641216806357,-0.0253356571582918,-0.455044709014771,-0.982622225139106,-1.54098314119558,0.048186998384231,5.31396911064922
-4.528605267962,0.246897740876803,1.94734912417415,1.98162232117034,1.80081871774392,-0.0452067608181933,-0.454051161613515,-0.998022270166072,-1.54346699539666,0.0526579569928064,5.31247879493378
-4.55990212343383,0.249878397706475,1.94933621510627,1.97864169096815,1.81373493469887,-0.0630907541106038,-0.45206406681238,-1.01839007165179,-1.54446053707737,0.056632142423646,5.33284644304054
-4.56884408213674,0.243917084045872,1.93045885126248,1.96969980036799,1.8211865983261,-0.0606068661525689,-0.437160855804685,-1.02733203327886,-1.52210584926003,0.0581224619603089,5.38302040546412
-4.58970865245387,0.23100090444899,1.92201371480592,1.96125468146816,1.83410281528136,-0.0799811922252412,-0.426728608094539,-1.03080946280046,-1.53154449523033,0.0685546987180484,5.41829121072268
-4.59914738664252,0.234478337416464,1.91356857834809,1.93492578136021,1.8375802583064,-0.0819683025907311,-0.43070279769692,-1.02931913586275,-1.52309939094317,0.0685546987180485,5.43965240264589
-4.62746358922091,0.241929979492925,1.90909762375182,1.93840318326083,1.81472848984656,-0.087929633689452,-0.418780228886807,-1.02335782811288,-1.51217043245244,0.0611031010378748,5.4510781564601
-4.60163126407129,0.246897740874559,1.91803953294449,1.9438676719591,1.81025749167054,-0.084452190550246,-0.411825397078792,-1.02832558457212,-1.51117689077153,0.0914062649260714,5.4595232788499
-4.62746358921746,0.249878397705112,1.91952985114284,1.94585475875938,1.81969626559837,-0.0710391955816417,-0.418780228879882,-1.01391909084311,-1.50074470312521,0.108296553008028,5.475916751714
-4.69949603441009,0.202187888372973,1.9249943512033,1.91157751142529,1.82416726377439,-0.088426411292264,-0.392451222771022,-0.988086757259059,-1.53750574534806,0.0755095231992856,5.54546481837622
-4.73128966537499,0.180826514416392,1.9269814421344,1.89319695852384,1.82665115164978,-0.0909102992497257,-0.40884475488198,-0.980635122570306,-1.54744116215396,0.0839546672368153,5.58371625505099
-4.77649623437433,0.165426454123413,1.94337494231627,1.89717113212558,1.83807703587193,-0.0829618577837638,-0.403877017876529,-0.956293115920379,-1.57327324586308,0.0735224304818244,5.6219676917274
-4.77401235695456,0.147542513139717,1.95629103336923,1.92002263033106,1.82565759649232,-0.0725295283615494,-0.394935091274139,-0.926486577168033,-1.58072480846994,0.0854449867693164,5.62296123553718
-4.81226406921832,0.134626333536565,1.96970389715519,1.91604845672971,1.84304481161215,-0.0794844146447038,-0.394935091274139,-0.922015596353982,-1.60158918376537,0.118232016546102,5.64929014648321
-4.82021247696257,0.138103766505653,1.96076198796118,1.91902908693006,1.82913503950616,-0.0695488628105837,-0.396425412375217,-0.925493025876201,-1.58867314191237,0.14555454136045,5.65425786553087
-4.84803190406482,0.124194034632675,1.97020066988435,1.93641609643918,1.82317370860572,-0.068555307627818,-0.394935091274221,-0.915060737315414,-1.59711824619954,0.155986778113792,5.67760614505996
-4.92006434935912,0.0690518832109854,1.97169098808324,1.88872601317817,1.8465222546405,-0.0933941872219789,-0.366618990381923,-0.886247749883534,-1.65722751797074,0.135122304593641,5.73870908930759
-4.94639344999263,0.0367614342116228,1.97119421535044,1.87730026408009,1.86738691278705,-0.0859425233539715,-0.351715779373817,-0.893699384574764,-1.65971137217309,0.126180387385795,5.79335399883951
-5.02587752752616,-0.0213613740522617,1.96274907889134,1.83408112612962,1.87185791096189,-0.110781402931454,-0.3159480729969,-0.873828358759166,-1.71684001887283,0.101838501615812,5.86836655639269
-4.97073544877462,0.00298065676476078,1.95430394243351,1.8628938847622,1.88576768305892,-0.0784908594790327,-0.336812568400747,-0.900157467989396,-1.6706403306845,0.158967417154782,5.82564417260223
-4.96378059199773,-0.00347743303988293,1.95132330603676,1.87580994896498,1.88576768305892,-0.0750134163386594,-0.334825473598622,-0.896183262823229,-1.65673074715759,0.162444829404431,5.84352796116315
-4.9786838565202,0.00993552269972936,1.95480071516415,1.87332609046398,1.88477412790942,-0.0690520852409391,-0.32836741549359,-0.908105878321425,-1.64381470529896,0.186786715157099,5.83309575116463
-4.98861936620071,-0.00298065690805877,1.94188462411119,1.86339065646479,1.89321934668836,-0.053155202320689,-0.338302889496522,-0.903634897512516,-1.64530501782065,0.193244766476344,5.87581813495871
-4.9687483468359,0.0154000602173707,1.93741366951708,1.87481640556655,1.88725801579177,-0.0342776538425943,-0.355193195306176,-0.906118775742417,-1.62940835092698,0.208147961810587,5.88575357304642
-4.94390957264315,0.0322904489170646,1.96225230615514,1.88624215466378,1.9016645654728,-0.00496777595623071,-0.386489938457396,-0.913570410434979,-1.61549876740209,0.210135054522813,5.87929553828434
-4.94738700103302,0.03576788188608,1.95480071516361,1.88028089426235,1.93246477510667,-0.0139097726026235,-0.397915733568193,-0.921022045120685,-1.61748585076428,0.207154415451019,5.91903729063855
-4.76904460235792,0.175361976676151,1.98013612452412,1.99453838521911,1.92451633390628,0.0541487574232611,-0.475909204554849,-1.01292553966465,-1.45901595283891,0.316941287762533,5.81719905016671
-4.77053492880967,0.185297499449904,2.00348444294947,1.99652547201924,1.92302600118222,0.0670649747889191,-0.479386620455634,-1.00149969980593,-1.43715803586858,0.333831575818239,5.81570873445333
-4.61901840622086,0.291110816951306,2.01043926121022,2.08892500821398,1.93941966114844,0.112768513191351,-0.569799433934834,-1.07601604671918,-1.30302990908652,0.439644262712284,5.71685112545892
-4.64932171074555,0.303033444281069,2.01491021580608,2.09886044221563,1.93594221812505,0.108297514869796,-0.568805886534101,-1.04919016184344,-1.29855897152544,0.43914748953443,5.75112838687632
-4.720360605054,0.272730099789453,2.01143280667586,2.0635896514884,1.94985199022175,0.103329738954821,-0.550425259624865,-1.04521595667809,-1.33581678456518,0.432689438213144,5.78441210445153
-4.735263869585,0.25931714404984,1.99354898829862,2.07352508549054,1.9488584350722,0.110284625233598,-0.554896222928101,-1.051674040076,-1.32389428439521,0.457528097112053,5.81173455920298
-4.78643174449964,0.237955770067556,1.99305221556561,2.05911870618299,1.95879398657245,0.106807182095705,-0.545457522625186,-1.06260310427737,-1.33979095130007,0.442624901756613,5.84452150487015
-4.81276084516128,0.203678216497745,1.98858126097028,2.07203477037714,1.96376176231973,0.0958780750839057,-0.546451070026249,-1.07551927107798,-1.33432647205822,0.443121674934218,5.84998599581719
-4.88131586199079,0.138600542323474,1.9841103063782,2.03875106646709,1.9781683119908,0.0829618577147251,-0.50372853176992,-1.07750637366314,-1.37108751425164,0.427224933230543,5.90860508053716
-4.86889647488625,0.12469081044433,1.9955360792305,2.03875106646709,1.96177465203005,0.100349073412944,-0.492799510359441,-1.08446123270571,-1.36363595164441,0.459018416638732,5.90512767720796
-4.97570320375116,0.0173871647006574,1.9791425790605,1.99950610225525,1.97469086897915,0.0591165333476271,-0.459515672381029,-1.05266759130079,-1.44212574419402,0.413812057529025,5.97070156866763
-4.98613548891579,0.0248388067782198,1.95678780610074,2.01391248155033,1.9786650895764,0.0367615417487636,-0.46150276718178,-1.06111277728267,-1.44063543167416,0.430205572392158,5.97964346294694
-5.09145189140872,-0.0437163002810973,1.94387171504271,1.97715137580335,1.98561997561878,0.00894199664474575,-0.401889923078445,-1.02236427685213,-1.50620918243566,0.387483079163662,6.05962373959207
-5.08201315720873,-0.0412324195881569,1.95480071516082,1.98460295130136,2.00052330285777,0.0109291070099855,-0.428218929216436,-1.04571273220485,-1.50422209907549,0.407354006267613,6.05863019578334
-4.95533540875201,0.0566324796951096,1.96076198795504,2.05862193458707,1.99803941498404,0.0511680918913169,-0.489818868121512,-1.0948935211833,-1.40486793112011,0.486837714683424,5.98063700678875
-5.00501295725026,0.0362646580018207,1.96622648801681,2.05067358738576,2.00598785617912,0.0526584246650747,-0.484354357417708,-1.06757086066835,-1.40983563952342,0.471437746169954,6.01292718055849
-4.99756132497488,0.0591163604007507,1.96076198795273,2.06905414029358,2.01890407312235,0.0422260952483322,-0.505218852830789,-1.06757086066835,-1.38052615992718,0.509689280891905,6.01640458388503
-5.0194194462991,0.0625937933738765,1.95778135155517,2.05663484779935,2.01244596465066,0.0606068661289206,-0.492302736621262,-1.03627399497399,-1.39145511841234,0.497766724625767,6.04372703860748
-5.00948393660248,0.0784906298300049,1.93045885124383,2.07998311771218,2.02784606946043,0.0591165333551002,-0.504225305426758,-1.02335782817404,-1.35916501377947,0.514657012685478,6.04521735431942
-5.05071630181238,0.0596131365523017,1.92549112391772,2.07799603091131,2.03132351248348,0.0596133109462903,-0.49329628402293,-1.01540941783988,-1.34873282613391,0.531050527546884,6.07303658094335
-5.04823242439194,0.0620970172463431,1.91207826013013,2.05017681572734,2.04771717244579,0.0690520851844465,-0.487831773315951,-1.00149969974159,-1.36264240965508,0.542973083806115,6.11675250851504
-5.07406474957949,0.0452066285338146,1.90860085100033,2.04471232703043,2.04970428274413,0.0611036437219869,-0.477399525614461,-0.994048065051499,-1.37506168065718,0.533534393432111,6.13861047229933
-5.08946478960235,0.0278194636681838,1.9240008057222,2.02136405712916,2.02883962461004,0.0680585300010554,-0.497270473626918,-0.979641571321382,-1.39393897258198,0.54098599109521,6.15550071703338
-5.1148003393048,-0.00496776149973804,1.9195298511293,1.99503515702382,2.01443307494585,0.0839554129169699,-0.463986635685336,-0.965731853235532,-1.4078485561072,0.547444042399487,6.20219727601323
-5.21614253802089,-0.0760067492638538,1.90611698733929,1.95380310596544,2.02287829371532,0.073523083509857,-0.417289907786305,-0.924499474588595,-1.47540939026442,0.504224775989933,6.27621628977662
-5.19279409021491,-0.089419705022721,1.89270412354806,1.9637385399666,2.01443307494545,0.0894199664241041,-0.424244739591435,-0.949835032519347,-1.46497720261886,0.526579568989236,6.28416464023846
-5.19229731472995,-0.102832660775924,1.90065248727703,1.96125468146652,1.99754263740268,0.0988587406584977,-0.417289907784382,-0.960267321080934,-1.46348689009814,0.534527939830817,6.28813881546837
-5.19279409021481,-0.104322989192915,1.88376221434736,1.97069334376283,2.00847174404591,0.099355518249667,-0.436167308401438,-0.987589981604965,-1.44162897313364,0.542973083853444,6.28317109642951
-5.20521347733617,-0.085445495915212,1.89717507814223,1.97119011546281,1.99406519438551,0.112768513210673,-0.431696345098449,-1.00050614840491,-1.43914511893322,0.565327876850392,6.29062267498828
-5.21812963994547,-0.0760067492744674,1.89618153267683,1.98559649476466,2.00251041315336,0.112768513210673,-0.451567293110358,-1.00199647534232,-1.42970647297277,0.570792381801029,6.29111944689208
-5.24644584255248,-0.0750131969969242,1.90810407826633,1.98957066836473,1.99654908225947,0.138104170357646,-0.446599556105457,-0.99901582146541,-1.41977105617097,0.588676216175748,6.28168078071644
-5.26333620903512,-0.0933939141390389,1.90661376006762,1.97466751736558,2.00449752345095,0.155491386053312,-0.470941467418361,-0.99156418677818,-1.41778397281013,0.602089091968972,6.30800969162036
-5.30705245173026,-0.132639229168697,1.91704598745167,1.97119011546307,2.00648463375033,0.156484941235869,-0.444612461306588,-0.977157693058742,-1.43467418138917,0.596624587016321,6.35271916293597
-5.3358654298532,-0.139594095119281,1.9130718055903,1.98311263626977,2.02238151613783,0.150026832552566,-0.449083424608588,-0.992557738082953,-1.41977105618393,0.587682669825194,6.37457712669244
-5.34828481697788,-0.15747803612865,1.90760730552458,1.98112554946963,2.01840729554086,0.128168618541807,-0.446102782406389,-0.992060962437138,-1.41977105618393,0.582714938047636,6.41431887898422
-5.3646784079884,-0.134626333729237,1.91009116919044,1.98013200606974,2.03778162094901,0.125187952996199,-0.434676987299384,-0.989577084207172,-1.42672584794705,0.599108452896956,6.437170386552
-5.38206554996727,-0.141084423539062,1.90661376005949,1.99106098346776,2.06411083240677,0.136117059999744,-0.429709250295995,-0.982622225165491,-1.41977105618512,0.615501967747139,6.45952512221186
-5.41534950747411,-0.167910335061045,1.91307180559347,1.97019657206998,2.04473650698984,0.134129949635004,-0.41728990778254,-0.959273769806205,-1.45355147332189,0.630405163071962,6.52261515395321
-5.4516141179024,-0.203181440934304,1.9135685783264,1.98013200606696,2.05616239120408,0.142575168680629,-0.413315718180818,-0.949338256882407,-1.45653209836243,0.640340626617658,6.56136336243332
-5.44813668950696,-0.224046038776805,1.891213805339,1.97864169096725,2.03976873123982,0.146549389409775,-0.417289907785838,-0.945860827361967,-1.44908053576515,0.648785770629165,6.57726006335116
-5.48340774893769,-0.245407412753227,1.89419444173503,1.97367397396704,2.04672361728253,0.132639616861851,-0.407354433780159,-0.938409192671689,-1.46348689012933,0.6467986779217,6.62196953468701
-5.49234970766822,-0.250871950284733,1.88276866887377,1.99851255895948,2.03032995732178,0.136613837590496,-0.411328623385399,-0.954306013341232,-1.43964188981426,0.658721234174338,6.65028553318429
-5.47645289213422,-0.205168545446341,1.84700103210094,2.02633177416271,2.03281384519575,0.163439827503786,-0.428218929188513,-0.984609327728994,-1.39542928503391,0.689521171159509,6.6408468670224
-5.467510933403,-0.19722012721727,1.82365271364602,2.05166713085343,2.03281384519575,0.16294304991269,-0.431696345090837,-0.992060962422509,-1.39990022259434,0.718830788603492,6.65127907699228
-5.50625942127009,-0.209639530703996,1.83110430464429,2.05415098935357,2.03827839851639,0.176356044876229,-0.427722155488676,-0.994048065005846,-1.38301001403415,0.742675901123837,6.66419514647743
-5.51420782903648,-0.225039591014205,1.84253007750245,2.05266067425363,2.03380740034688,0.19324648296305,-0.443618913900401,-0.9851061033806,-1.38102293067302,0.743669447477884,6.68456279451444
-5.53159497102696,-0.232988009244115,1.84302685023549,2.05911870634967,2.04324617425759,0.196227148508596,-0.439147950598525,-0.994048065006075,-1.36910043051519,0.761553281843656,6.68754342593468
-5.51619493098119,-0.217091172782952,1.82961398643132,2.09041532343821,2.06361405482362,0.20765303310357,-0.454547935316487,-1.0159061934267,-1.34376511765739,0.804772548219073,6.68307247880713
-5.46552383149267,-0.182813619187089,1.82862044096544,2.13313768956919,2.06758827541841,0.206659477921888,-0.477399525538398,-1.04670628350701,-1.29061063783285,0.85345631951736,6.66717577789739
-5.48241419798916,-0.172381320263526,1.83656880469777,2.14158280846609,2.07106571844221,0.211627253832382,-0.471438241131198,-1.06111277723859,-1.30402345050991,0.879785297881913,6.70045949542081
-5.47446579022595,-0.168407111150165,1.80676244071322,2.17635682744174,2.05665916877974,0.223053138425919,-0.492799510250203,-1.07154506580578,-1.28812678362587,0.895682039535774,6.72281423106739
-5.52364656329881,-0.176852305519534,1.81023984984574,2.16791170854776,2.07752382690935,0.235472578198636,-0.481373715137509,-1.06409343111532,-1.30799761721983,0.911578781194238,6.74020124767722
-5.5479885620892,-0.190265261278118,1.82315594091156,2.16393753494966,2.09292393172133,0.23050480229106,-0.498264020956508,-1.05614502077953,-1.32935876333775,0.923004564256596,6.75758826428926
-5.51023362525789,-0.154497379280524,1.83110430464461,2.19920832558352,2.08447871295448,0.278195450988784,-0.525089800797071,-1.07700959793657,-1.27918490854889,0.96970124280212,6.72033037152546
-5.4943368097157,-0.143071528072495,1.83259462284386,2.21063407468018,2.08149804750704,0.287634225217831,-0.544960748816675,-1.09539029684207,-1.26229470000262,0.995533447998485,6.72678840626626
-5.51321427817061,-0.161452245230133,1.8251430318503,2.22355013887593,2.07454316146366,0.263788900856465,-0.539993011811499,-1.10433225846732,-1.24242386640191,0.996030221175489,6.74218833526201
-5.52662721628549,-0.165426454346095,1.81023984985264,2.22056950867802,2.05715594636167,0.260311457719958,-0.533038180010794,-1.08744188651154,-1.25086897067965,0.992552808939027,6.77398173706217
-5.5673628061038,-0.188278156762395,1.83060753192134,2.20169218409077,2.06858183057291,0.247892017942551,-0.505715626487996,-1.07154506583956,-1.24093355388122,0.981127025883888,6.79434938508305
-5.65976304642163,-0.248388069622923,1.81918175905939,2.1356215480591,2.06758827542429,0.228517691891422,-0.488328546968679,-1.02981591154894,-1.2891203253051,0.96075932566213,6.85048461013843
-5.68211794327207,-0.280678518687048,1.82067207725877,2.1321441461608,2.0844787129602,0.234975800573506,-0.493296283974542,-1.02286105250477,-1.28514615858505,0.968707696481947,6.84402657539755
-5.72036965565478,-0.305517325656567,1.82365271365965,2.10084752908543,2.08646582325907,0.229511247072937,-0.4808769414604,-0.998022270211151,-1.28017845018632,0.965230284246309,6.85743941677867
-5.70198896267728,-0.312472191610089,1.82265916819329,2.08296374788645,2.08894971113025,0.21858214007329,-0.469451146354976,-0.991564186815057,-1.26825595002763,0.972185108717676,6.86588453912891
-5.70596316656358,-0.309988310913478,1.81769144086149,2.07849280258764,2.07653027176664,0.222556360799434,-0.446599556133064,-1.00348680231996,-1.25484313734634,0.982617345420744,6.87383288957727
-5.7928988764546,-0.371091776025599,1.80179471339155,2.03080271946233,2.07653027176664,0.163936605094955,-0.414806039289386,-0.970699609654661,-1.3050169921352,0.949333542639485,6.94735513125989
-5.86840875036649,-0.414311300189526,1.78043348585609,1.99751901555393,2.08100126993765,0.167910825821849,-0.387980259468116,-0.937912417024566,-1.34426188848471,0.940888398636872,7.01541288191764
-5.87486683168315,-0.411330643352177,1.77298189485916,1.98559649475815,2.08447871295962,0.175362489687356,-0.393941543874491,-0.929964006690811,-1.33681032588941,0.967714150175644,7.0323031266149
-5.88231846397218,-0.421266166145019,1.78738830412379,1.98410617965903,2.06262049966794,0.17933671041475,-0.409838302280061,-0.928970455399752,-1.33432647168972,0.978643160059508,7.04422565228254
-5.83959577221314,-0.389969269363095,1.78391089499189,2.01987374201982,2.05765272392469,0.210136921050766,-0.445109235017295,-0.951822135119814,-1.28315907525412,1.01590114825729,7.01889028523038
-5.82320218116508,-0.389472493223122,1.78291734952526,2.04024138172194,2.06262049966735,0.229511247101895,-0.463986635639051,-0.948344705599641,-1.25533990823269,1.00447536519644,7.01640642571656
-5.8227054056793,-0.366124014664625,1.78192380405902,2.03676397982304,2.04175584153276,0.24888557313758,-0.456038256430331,-0.967718955800304,-1.24590126227567,1.00546891154868,7.04174179277015
-5.84605385352494,-0.384504731838954,1.78937539505887,2.05365421761581,2.05367850332196,0.24342101963575,-0.448586650925969,-0.96374475063627,-1.24441094975629,1.02186242636822,7.06260621268616
-5.86443454650244,-0.394937030773091,1.79434312239007,2.06458319501708,2.03579451064285,0.258324347361292,-0.466967277838254,-0.974673814846302,-1.22950782456768,1.03328820942275,7.08098677308849
-5.87138940330493,-0.424743599149732,1.77149157664447,2.07153799881479,2.05169139302694,0.244911352407883,-0.466967277838254,-0.967718955800888,-1.22801751204808,1.04073980706427,7.1038382806175
-5.88430556594208,-0.438156554927293,1.78043348584819,2.08594437810416,2.04622683970539,0.269253454370579,-0.467464051538504,-0.983615776480183,-1.20168865753959,1.06508169268618,7.11128985915782
-5.73875034866303,-0.354201387371197,1.7973237587855,2.15896981795032,2.03877517608651,0.311976327142576,-0.516644647908109,-1.04819661050138,-1.10928928144417,1.1425783080978,7.01292902239837
-5.71192447243508,-0.349233625976454,1.80129794065095,2.17884068593936,2.04324617425677,0.342776537761793,-0.524593027119688,-1.0720418415124,-1.09041198954821,1.15847504973241,7.00100649673056
-5.74024067515284,-0.374569209117198,1.77347866757689,2.16741493684241,2.06411083239933,0.34029264980725,-0.514160779414446,-1.08098380313376,-1.08097334359211,1.15400409114432,7.01789674141946
-5.7998537334406,-0.416795180975635,1.76602707657749,2.14356989527563,2.06609794269677,0.34426687053156,-0.510186589806788,-1.08346768136582,-1.11525053148144,1.13810734952227,7.06210944077312
-5.81326667157007,-0.40338222520034,1.7550980764406,2.14307312357582,2.05119461546524,0.374570303554107,-0.507205947602034,-1.09439674557418,-1.12617948994963,1.17884274996846,7.07899968546369
-5.92653148257197,-0.495782587290881,1.73870457623896,2.10184107244297,2.07702704934308,0.348737868836338,-0.481870488897713,-1.04273207841533,-1.1723791780965,1.16344278150284,7.16593476835189
-5.91758952382011,-0.461505033653039,1.73324007617274,2.10581524603921,2.08249160266085,0.387486520912992,-0.493296284005666,-1.07253861716539,-1.15052126115799,1.19473949157333,7.17090248737769
-5.93000891097441,-0.476905093992841,1.71535625777338,2.10333138753944,2.09888526261729,0.384505855368634,-0.483857583697007,-1.06111277730959,-1.15449542787389,1.21162977955432,7.19027659157515
-5.96627352147468,-0.478892198552626,1.73125298525194,2.09538304034186,2.08447871295723,0.393944629595899,-0.493296284002533,-1.06906118764741,-1.12717303170041,1.23249425293492,7.2245538528408
-5.97918968411824,-0.47044700417327,1.71883366691212,2.09687335544017,2.09391748687537,0.408847957315813,-0.495780152503987,-1.0556482451984,-1.12419240666384,1.2285200675294,7.25336662318187
-6.10239000449265,-0.549931186467346,1.69300148476569,2.05266067420449,2.11776281044638,0.379538079492161,-0.457031803837892,-1.00795778313125,-1.17486303221295,1.20070076972594,7.34725651282186
-6.16995147060112,-0.596131367478947,1.67462089362997,2.03974461001385,2.09640137473537,0.352215312009377,-0.428218929212655,-0.989080308578448,-1.20566282426268,1.19473949161453,7.40289496590372
-6.17193857254739,-0.584705516255233,1.68853053017288,2.06110579310286,2.10832403652173,0.377550969133497,-0.434180213614909,-0.997028718912002,-1.19523063663205,1.20964268690404,7.44015285857114
-6.169454695116,-0.585202292395195,1.68505312103867,2.05812516290502,2.10037559533083,0.372583193228005,-0.407851207486385,-0.992060962448197,-1.20218542838471,1.2409393969597,7.45406247183944
-6.18336440873905,-0.600105576590439,1.68356280283762,2.05266067420635,2.10782725894792,0.353705644792283,-0.385993164666636,-0.995041616324271,-1.17734688641996,1.23050716026844,7.49132036451054
-6.0899706171755,-0.534034349897318,1.67710475729916,2.1033313876348,2.10285948320467,0.373079970833252,-0.420270549981015,-1.03279656538838,-1.10134094791106,1.28713930230597,7.45157861235975
-6.21913224388982,-0.62395083128555,1.67164025723113,2.04272524020676,2.1108079243916,0.33880231707637,-0.384502843580356,-0.981628673895561,-1.17287594888751,1.22951361388202,7.55093299272833
-6.24546134467655,-0.618983069884512,1.67561443909933,2.06011224969868,2.08994326626298,0.349234646479982,-0.377051238077024,-0.993054513751357,-1.16542438629583,1.24739744819836,7.57328772832752
-6.25589362989832,-0.614512084625231,1.66667252989453,2.07998311768673,2.09888526260488,0.345260425753171,-0.37158672737322,-0.987589981643758,-1.17486303224255,1.25137163360158,7.59117151680068
-6.27328077192862,-0.657731608833887,1.67462089363309,2.05862193460036,2.10782725894444,0.324395766942665,-0.371089953672902,-0.974177039204001,-1.18926938658996,1.27124256062078,7.60855853337439
-6.25440330344632,-0.639847667794306,1.6910143938461,2.0730283138901,2.09590459716235,0.322408656580427,-0.385496390987712,-0.979144795663869,-1.19274678246557,1.29210703397722,7.61402302429809
-6.28768726107896,-0.660712265700261,1.69548534844857,2.06706705349162,2.12670480678519,0.321911878989539,-0.378541559188546,-0.974177039205653,-1.19225001162569,1.30750700242785,7.64680996982296
-6.33438415685984,-0.672634893064263,1.6780983027681,2.02633177409293,2.12869191708225,0.289621335591312,-0.372580274786293,-0.963744750643532,-1.20268219925632,1.32489406358406,7.66618407399442
-6.37760362419973,-0.683067192005891,1.67859507550161,2.0000028739928,2.13614358069882,0.295582666677777,-0.394438317607251,-0.945860827384353,-1.20317897009589,1.33979725883043,7.70046133523925
-6.4034359495194,-0.697970476210579,1.67263380269607,1.99553192869278,2.13664035827319,0.296576221858979,-0.398909280909127,-0.947847929968655,-1.22354657450476,1.37308106158716,7.70940322947444
-6.38257137910953,-0.69002205797429,1.68654343923729,1.99950610228961,2.11676925528834,0.318434435834891,-0.403877017916638,-0.978648020048962,-1.20317897011564,1.39990681301932,7.69102266908951
-6.33488093224801,-0.664686474785913,1.68604666650374,2.02583500242426,2.11180147954687,0.336815206696199,-0.423251192208154,-0.99702871891923,-1.16393407371568,1.45455186239117,7.66121635500839
-6.40144884756351,-0.719331850255047,1.67064671175912,1.96026113797608,2.11825958801749,0.320421546202746,-0.391457675428672,-0.957286667275845,-1.21957240779903,1.42375192550249,7.72480315841285
-6.39747464366901,-0.740196448138964,1.67710475729641,1.9463515303865,2.12471769648425,0.341286205011063,-0.389470580627702,-0.953809237753626,-1.21112730353071,1.45951959409376,7.72927410552972
-6.40442950048439,-0.715357641112789,1.6741241208949,1.95579019268328,2.12223380861254,0.362150863821569,-0.385993164725858,-0.946357603068873,-1.19423709498649,1.47988729426674,7.74020308737166
-6.42032631604751,-0.727280268470999,1.67511766636183,1.97615783235113,2.11527892256983,0.380034857075713,-0.390464128032804,-0.955299564699833,-1.15399865703336,1.51466141647623,7.74467403449042
-6.40939725532762,-0.72877059689356,1.66965316629198,1.97119011535105,2.09143359899484,0.390963964072838,-0.399406054632227,-0.952318910825513,-1.13263751092995,1.53800975571612,7.75759010393122
-6.40293917399122,-0.742680328825868,1.68058216643612,1.9806287776581,2.08447871295429,0.416796398794942,-0.403877017933731,-0.970699609724438,-1.11226990651318,1.58222256829836,7.75262238491392
-6.40691337788815,-0.755099732333841,1.65624030247687,1.98808035316164,2.0824916026568,0.415306066023467,-0.381025427712452,-0.984609327813487,-1.08395396867714,1.59811930988152,7.75808687583392
-6.40890047983688,-0.764538479001695,1.66120802981497,1.99106098336176,2.06858183056973,0.430706171326777,-0.391954449121722,-0.983119000875241,-1.07153469769371,1.60656445385523,7.78143515521509
-6.47099741562976,-0.795835375822614,1.64829193874136,1.97218365876984,2.09491104202057,0.419280286750976,-0.376057690702522,-0.952815686441003,-1.09140553124383,1.58768707322176,7.82912525781558
-6.46106190587795,-0.788880509854109,1.64630484780702,1.99205452677314,2.0819948250872,0.418286731569648,-0.375064143302449,-0.986596430356011,-1.046199384851,1.60408058800247,7.82813171401244
-6.40343594932627,-0.755596508416883,1.65524675701533,2.05117035912608,2.07503993904184,0.433190059291438,-0.411825397083808,-1.03080946281436,-0.970193446364217,1.66965464712443,7.79087382140658
-6.45162317158802,-0.773480449474974,1.63636939312998,2.02086728541544,2.0770270493389,0.440641723147097,-0.401889923082251,-1.0134223152126,-0.957277404548813,1.66816432760115,7.83061557353156
-6.46404255876296,-0.788880509828113,1.62891780212385,2.00894476461878,2.06411083240121,0.449086942184218,-0.396425412380715,-1.02882236023091,-0.931942091758594,1.68704170822965,7.87035732565542
-6.49484263894415,-0.825145168079818,1.61947912018559,1.95678373615982,2.07702704933582,0.448093387003787,-0.380031880260688,-1.00646745616122,-0.943864591884617,1.67859656427038,7.9125829373046
-6.47248774203141,-0.801299913330156,1.60755657457235,1.96473208335936,2.07205927358759,0.449583719775731,-0.384502843562069,-1.03428689233932,-0.924987299997818,1.70641586205042,7.89917009596214
-6.47000386459476,-0.807758003158667,1.59811789263011,1.97317720226191,2.07553671660815,0.453557940499708,-0.38748348576369,-1.02683525764848,-0.904122924762608,1.71734487188625,7.93543444477234
-6.46056513034055,-0.813719316844823,1.61848557472092,1.98659003816131,2.06162694452042,0.465977380259139,-0.397915733469797,-1.0049771292273,-0.881271466186623,1.7282738817169,7.96027303985256
-6.50974590361997,-0.859919497957922,1.59563402895326,1.97665460415917,2.08249160264754,0.442132055914279,-0.361651253364615,-0.992557738079691,-0.86686511185528,1.73224806711499,7.9955438448458
-6.51968141336059,-0.865384035502352,1.58967275614664,1.97317720225873,2.07454316145834,0.459022493980906,-0.357677063762013,-0.98411255209824,-0.852955528368175,1.74516416965572,8.01988566802321
-6.49583618997173,-0.856938841114791,1.57029861952425,1.96274499655945,2.07603349418183,0.486842039042325,-0.383509296181781,-0.975667366113984,-0.832587923982023,1.78192538456677,8.016408264712
-6.51719753591997,-0.870848573052975,1.55340834657115,1.94734507386242,2.08398193537634,0.500255033983917,-0.394438317590749,-0.962254423672171,-0.816194486306158,1.7973253529639,8.02833079035017
-6.51471365848161,-0.888235737983604,1.54893739196356,1.97615783247361,2.07802060448459,0.507706697837232,-0.414309265599359,-0.971693160939766,-0.800297819467607,1.81669950675741,8.03876300027554
-6.70497867074319,-1.03031371462072,1.51366652782209,1.88326152435706,2.08696260082692,0.454551495612231,-0.359664158675428,-0.878796115369357,-0.924490529523291,1.71933196436586,8.16891723816715
-6.70050769135979,-1.01441687811993,1.5037310731444,1.89965499045876,2.06957538572077,0.462003159464451,-0.34873513727039,-0.8867445257023,-0.905116466822027,1.73423515958556,8.17438172908275
-6.70845609914879,-1.00746201215584,1.49429239119446,1.90164207725816,2.08298838023827,0.483861373442197,-0.372083501195684,-0.885750974409539,-0.871336049804847,1.77596410617877,8.17438172908275
-6.73031422059942,-1.01590720654964,1.47392470909013,1.89319695835561,2.07603349419656,0.477900042355982,-0.357180290192524,-0.88922840393158,-0.868852195611595,1.78838343552999,8.18630425471082
-6.72584324121704,-0.993552280234349,1.45554411793612,1.89518404515476,2.07305282874797,0.472435488862634,-0.355689969091281,-0.91108653235276,-0.865871570581824,1.80825436247861,8.20170418365175
-6.64486883677615,-0.940397233155095,1.45405379973278,1.92002263015088,2.06609794270792,0.511184140910842,-0.389967354394282,-0.930957558192737,-0.846497507876332,1.86886068969584,8.1644462910522
-6.70597222176436,-0.97368123458951,1.43964739044121,1.90064853383737,2.0492075051708,0.486345261396928,-0.378541559291702,-0.920525269632482,-0.861897403880472,1.87581551413719,8.21859442826402
-6.75912719893196,-1.03130726694137,1.4401441631754,1.88077766582375,2.05914305665801,0.46846126814691,-0.377548011890255,-0.898170365574222,-0.881271466588781,1.8927058020453,8.28714895062155
-6.79042405465523,-1.06260416383237,1.42722807208193,1.87431963372148,2.05566561363578,0.448590164527027,-0.358670611278942,-0.884757423141666,-0.888226258328455,1.89866708013114,8.33881322834026
-6.80284344184938,-1.06608159682004,1.41629907192493,1.86885514502254,2.05417528091258,0.457035383557949,-0.346748042471138,-0.884757423141666,-0.888226258328455,1.9115831826491,8.34725835065854
-6.64784948919695,-0.957784397767078,1.43915061771534,1.95529342103794,2.05665916878477,0.503732477107775,-0.401393149395069,-0.979641571295972,-0.752607818985471,2.02832487882398,8.25187814583849
-6.71541095551698,-1.0034878027358,1.43567320857673,1.92151294541981,2.05814950150872,0.508700253007953,-0.396425412394978,-0.967718955797776,-0.770988340009302,2.02733133247636,8.31000045825195
-6.77502401401189,-1.05763640208203,1.43616998131107,1.90611302271935,2.06311727725375,0.508203475417774,-0.357677063769613,-0.935428538810703,-0.807749382060083,1.99851848840995,8.39047750623007
-6.8450693578752,-1.10781079236661,1.45057639060698,1.86637128665966,2.07106571844408,0.500255033967153,-0.355689968970126,-0.901647794908646,-0.842523340793021,1.95827986128235,8.45555462521212
-6.85103066371854,-1.13811413693246,1.4500796178728,1.86438419986051,2.08348515781036,0.526087468651872,-0.346748042365262,-0.88873162811134,-0.834575007382417,1.95927340762924,8.47641904505682
-6.93548249657665,-1.18282398960792,1.4868408001825,1.82315214875011,2.05765272392697,0.516151916850682,-0.309986788564585,-0.860912191941062,-0.872329591133129,1.89518966818873,8.55838640872377
-6.86941135671766,-1.15152709273543,1.50025366400609,1.84948104886392,2.05814950150178,0.547448905033947,-0.33581902098078,-0.873828358730774,-0.829607299021096,1.93840893430256,8.54000584839515
-6.87040490769379,-1.15599807801001,1.49677625486643,1.85494553756962,2.04573006214203,0.540494018766405,-0.315451299263222,-0.875815461312689,-0.822652507277544,1.93294442939277,8.56186381201732
-6.84606290879466,-1.14606255518296,1.4853504819676,1.86885514517193,2.05318172576037,0.561855455157107,-0.315451299263222,-0.882770320350637,-0.786885006927223,1.94536375873223,8.53950907647525
-6.82668866477438,-1.1520238688773,1.47988598188638,1.86786160177196,2.0328138451992,0.563842565516887,-0.307006146362483,-0.899660692314617,-0.776452819321126,1.95778308806809,8.56732830292112
-6.80979829819502,-1.13513348007916,1.46945375446426,1.87084223197275,2.02685251430545,0.579739448406458,-0.308993241162849,-0.914563961700313,-0.765523860878366,1.99305398336619,8.56683153102034
-6.82072735893975,-1.15500452574545,1.46448602712211,1.87928735088261,2.02784606945469,0.575268450096345,-0.303031956764553,-0.925989801552605,-0.748136881531078,2.00547331270761,8.58372177563532
-6.84805001079559,-1.17487557140838,1.45206670875907,1.86239711306853,2.01741374038877,0.569307119013381,-0.308496467463066,-0.928970455426087,-0.747640110692114,2.02733133234822,8.59465075744532
-6.82569511379743,-1.17636589983431,1.44163448133915,1.88028089430513,2.00400074587831,0.595139553718145,-0.297567446069817,-0.938409192686928,-0.718330631184729,2.08843443276748,8.59067658224376
-6.85500486754707,-1.18133366124227,1.42822161751071,1.87183577540655,2.00251041315475,0.588681445049607,-0.316444846685307,-0.931951109291494,-0.698459797671705,2.11277631824978,8.57925082852081
-6.88779204978942,-1.22206930486505,1.40040234441903,1.86686805839958,2.01890407312293,0.579242670834616,-0.329360962876971,-0.925989801545901,-0.66418260978986,2.15102785267066,8.58223145992329
-6.92405666036793,-1.27572112810053,1.36761534394208,1.85295845079659,2.0203944058473,0.568313563854683,-0.299057767161745,-0.91903494250422,-0.66418260978986,2.15450526488242,8.59912170454994
-6.9230631093918,-1.28466309865225,1.34873798002827,1.85246167909613,2.03182029005855,0.58570077951971,-0.286638424662375,-0.924499474605534,-0.66418260978986,2.1664278210472,8.60259910785222
-6.92952119073016,-1.29360506919641,1.36066052566164,1.82116506197739,2.02436862644021,0.590668555421764,-0.285148103562327,-0.917047839922114,-0.667163234816669,2.18828584066482,8.63190865000447
-6.99161812674361,-1.30950190572205,1.35618957104839,1.790365216554,2.04374295185252,0.570797451816467,-0.273225534768043,-0.881776769072835,-0.676105109907284,2.17636328450254,8.66370205162998
-7.01446979917713,-1.33533426506529,1.33482834344913,1.78490072785222,2.04821395002299,0.584707224336091,-0.279683592870752,-0.846008922566363,-0.659214901416301,2.1614600893142,8.69201804996328
-7.01596012564267,-1.32390841380513,1.32141547961786,1.78440395615173,2.06659472027543,0.590668555416055,-0.285644877269049,-0.827628223676834,-0.669647089022903,2.17835037720543,8.6825793838559
-6.99310845317947,-1.31198578640535,1.32489288876045,1.7878813580558,2.07702704934135,0.61352032455927,-0.27620617697266,-0.812724954313993,-0.633879588649171,2.19176325288146,8.68556001525804
-6.97423098461822,-1.29211474073403,1.3154542068034,1.80228773737369,2.08696260083141,0.61401710214947,-0.292599709065027,-0.815208832541292,-0.590163754885548,2.21262772615008,8.6656891392435
-7.01248269718861,-1.31794710007236,1.30800261578288,1.79185553167054,2.08000771478671,0.61352032455951,-0.268257797748757,-0.799808787530072,-0.613511984265332,2.21213095297729,8.71238569791391
-6.99310845313132,-1.2911211884104,1.28217043358425,1.79831356377936,2.07255605116641,0.621965543594152,-0.268754571448622,-0.813718505605967,-0.593641150736895,2.25584699222057,8.72430822352129
-7.03881179804202,-1.30304381581269,1.28564784272883,1.78142332596277,2.07851738206286,0.630410762624543,-0.264283608150703,-0.790370050269955,-0.599105629955559,2.27273728009714,8.76901769455274
-7.03781824706592,-1.29261151683602,1.27620916076381,1.78440395616533,2.05516883605928,0.656739974893003,-0.272231987349311,-0.800802338831276,-0.569299379652786,2.30751140220144,8.77448218545563
-7.0810377145255,-1.3070180249421,1.27074466068292,1.79930710718034,2.05020106031224,0.668165859463772,-0.264780381850925,-0.797821684958708,-0.579234796411947,2.31744686565563,8.81124330608668
-7.03086339021514,-1.29906960667793,1.26726725153843,1.82364892050274,2.03629128822318,0.688036963069068,-0.287631972046921,-0.825641121116187,-0.548435004449588,2.36662740977652,8.79683692097867
-7.05570216462217,-1.30801157722644,1.27372529709462,1.82116506200144,2.03132351247815,0.684559519939928,-0.282167461344478,-0.823654018534424,-0.541976983559655,2.39196284158971,8.80627558708472
-7.04079889997055,-1.31894065234474,1.25683502410636,1.82513923560495,2.00549107860524,0.69151440619799,-0.283161008744386,-0.829118550634901,-0.51614489997206,2.41034344898359,8.82515291929693
-7.03881179801817,-1.33682459344667,1.23348670556341,1.82762309410748,1.98959419621698,0.692011183787815,-0.295580351240665,-0.848492800808822,-0.50074500399704,2.45256916864226,8.82167551599441
-7.0472569813202,-1.35023754927297,1.208151296073,1.82811986580791,1.96674242778276,0.694991849328797,-0.291109387941263,-0.849486352099831,-0.518131983323676,2.45753690036948,8.8519786019121
-7.0537150626688,-1.36166340052783,1.19722229590347,1.82166183370325,1.96177465203513,0.697475737278495,-0.282167461343571,-0.868860602277218,-0.516144899971169,2.4784013736156,8.88128814402466
-7.09991518313696,-1.40438614874466,1.18629329573031,1.78887490143696,1.96177465203513,0.685056297520627,-0.243419112795369,-0.841537941780423,-0.538996358530534,2.47244009554293,8.9250040712172
-7.14462497714908,-1.43021850813704,1.18430620479063,1.75757828426866,1.96823276050436,0.678598188850598,-0.233980412503418,-0.839054063554838,-0.552905942002801,2.45803367353151,8.96424905129806
-7.16002501728277,-1.43468949341219,1.19126102308118,1.75360411066515,1.97568442412536,0.663694861155064,-0.225535259605015,-0.832099204513335,-0.520615837557051,2.46796913697813,8.96871999839979
-7.15456048691035,-1.43965725483013,1.18082879564898,1.71684300480812,1.96574887262772,0.661210973205366,-0.234973959903492,-0.83607340967686,-0.496770837343155,2.47393041504814,8.96424905129806
-7.17939926130932,-1.46250895734684,1.180332022914,1.69796568019331,1.95680687627985,0.675617523308783,-0.221561070002317,-0.819183037719356,-0.487828962265979,2.46498849794477,9.00349403140603
-7.18784444461312,-1.47890257002793,1.17089334094641,1.67163678006061,1.94836165751058,0.676114300898691,-0.208644953803151,-0.817692710783167,-0.49279667064267,2.49082070289579,9.03379711730834
-7.21665742294731,-1.49380585428836,1.16890625000548,1.64928205353063,1.9414067714624,0.66369486115072,-0.196225611308247,-0.791363601585912,-0.484351566399942,2.48436265165133,9.058635712309
-7.23255423857054,-1.49827683956597,1.18380943205799,1.65325622713404,1.92799377693786,0.64978508863168,-0.179832079214973,-0.779440986091982,-0.473919378810535,2.46846591014385,9.08993234201933
-7.26633497180607,-1.52659307966885,1.1947384322351,1.64133370632027,1.93345833026137,0.651772198992126,-0.152012752043698,-0.776957107864557,-0.467958128754026,2.46250463207102,9.14656433858253
-7.29564472563913,-1.58819332131247,1.18529975026467,1.63636598931527,1.94090999388237,0.633391428158191,-0.143567599149966,-0.760563511559357,-0.462493649535627,2.4515756222783,9.19524798474952
-7.20274770929734,-1.53553505026564,1.20020293231718,1.66915292158155,1.92054211330662,0.66369486115595,-0.195232063899477,-0.795834582389706,-0.402384378162368,2.4982723004639,9.15302237325762
-7.1401539977019,-1.51516722843467,1.18480297752657,1.71733977656644,1.90861945151571,0.675617523314628,-0.211128822288778,-0.808750749166213,-0.361649169448819,2.54049802012146,9.11377739317676
-7.15257338491313,-1.55192866295148,1.18281588658671,1.69846245193903,1.89620001214588,0.674623968134592,-0.196225611301282,-0.797324909317717,-0.372081357033422,2.55887862748392,9.14408047907351
-7.14114754868361,-1.56186418579051,1.16791270452925,1.71684300487596,1.90365167576955,0.680088521623585,-0.185296589903499,-0.78788617205567,-0.368107190333804,2.57229150313456,9.18133837157057
-7.15356693589199,-1.57080615634657,1.1470482496463,1.71982363507947,1.90464523091951,0.65872708526021,-0.181322400305074,-0.772486127048385,-0.355191148562547,2.58421405927144,9.19574475666253
-7.16697987408601,-1.58968364975109,1.12966120390237,1.73025584079656,1.88825157094586,0.671146525004535,-0.182812721404504,-0.749137671729678,-0.342771877623078,2.57179472997248,9.23498973672679
-7.18486379168881,-1.60160627716624,1.12469347654898,1.73522355780537,1.89371612426962,0.681082076803433,-0.176354663310547,-0.748144120439914,-0.338797710921821,2.59216243004366,9.28168629528065
-7.20225093378785,-1.61949021828517,1.11028706723177,1.71883009168623,1.91557433756444,0.695488626912288,-0.183806268805635,-0.743176363986268,-0.328862294174942,2.60557530569148,9.30503457457025
-7.21765097395392,-1.63240639799256,1.0889258396061,1.67859158388745,1.90563878606608,0.700953180402655,-0.200696574583057,-0.725789216403175,-0.334326773393341,2.62892364479932,9.31248615305864
-7.20423803575502,-1.60756759085877,1.08693874866426,1.67213355177911,1.89620001214569,0.713869397746911,-0.209141727476789,-0.72181501124036,-0.297565731416521,2.65276875706618,9.30652489026629
-7.31948994912702,-1.68109045990018,1.0551452936026,1.6428240214224,1.90365167577328,0.693998294146198,-0.175361115892984,-0.693498799441916,-0.3383009400965,2.62892364481562,9.37955035952038
-7.34085129513074,-1.68556144517864,1.05216465718985,1.61103063257937,1.90017423274964,0.695985404505394,-0.160457904902602,-0.677105203150123,-0.318430106607075,2.6423365204518,9.42773723379077
-7.32396092852492,-1.6463161299533,1.03825502060415,1.62643055530307,1.87930957459165,0.730263058192543,-0.175857889589895,-0.693498799456581,-0.296572189769236,2.65475584974064,9.43022109328935
-7.37413525287459,-1.66668395178643,1.02732602042011,1.61301771937778,1.88874834851114,0.713372620131583,-0.165425641898215,-0.693498799456581,-0.315449481599288,2.66419454000761,9.44959519737225
-7.41834827138459,-1.67960013148453,1.02384861127038,1.58619204753019,1.88725801578619,0.732250168546718,-0.14704501501694,-0.684556837845047,-0.320417189971885,2.67760741565261,9.47890473943771
-7.43126443409649,-1.69102598276305,1.03179697504131,1.5757598418131,1.89620001213706,0.737217944442625,-0.130154709230643,-0.694492350743196,-0.30303021066927,2.6984718888702,9.49231758071548
-7.40642565965148,-1.67711625077931,1.02931311136406,1.57774692861628,1.88924512608838,0.734734056493291,-0.132141804028536,-0.703434312352902,-0.287133543871951,2.68605255956112,9.50374333439478
-7.4084127616064,-1.67711625077931,1.00745511099663,1.57476629841136,1.88129668489292,0.738211499621702,-0.122703103735281,-0.717344030426309,-0.289617398058219,2.67810418880801,9.54149799874523
-7.39201917046219,-1.66718072792684,1.00248738363785,1.59761779667735,1.87881279701759,0.737714722031721,-0.116245045642038,-0.714860152201422,-0.252856356071598,2.67015581805113,9.57676880356889
-7.42331602627038,-1.6825807883467,0.988080974302387,1.59066299286605,1.86639335764213,0.748643829009821,-0.0874321710797579,-0.718337581718841,-0.276701356265266,2.64730425212932,9.62892985296774
-7.40245145570826,-1.65774198121238,0.982119701471491,1.58221787394176,1.86838046794237,0.776960151635788,-0.0879289447790595,-0.718834357364072,-0.244908022654445,2.63190428378484,9.65426521981647
-7.41039986352808,-1.66072263806516,0.961752019303256,1.5871855909518,1.87036757824166,0.771495598147598,-0.105812797969002,-0.722808562524449,-0.259314376932358,2.59265920319289,9.71288430389166
-7.45809031044336,-1.69350986343879,0.950326246384783,1.55737928889523,1.87831601944717,0.750630939387414,-0.0943870028771656,-0.700950434118912,-0.264778856139632,2.56483990557454,9.78342591357823
-7.45262578006394,-1.68605822130267,0.950823019120578,1.56930180971816,1.85397391827766,0.786895703444645,-0.0899160395825859,-0.695485902021928,-0.227521043333866,2.5469560713805,9.85595461081972
-7.47299357513318,-1.71834867057899,0.932442427888374,1.57228243992522,1.86490302492481,0.770005265389707,-0.0839547551926981,-0.690021369928015,-0.228017814171192,2.50671744441695,9.91159306348715
-7.49038071725548,-1.71834867057899,0.913068291190006,1.55489543038469,1.86738691279936,0.760566491186593,-0.0765031497037926,-0.687040716058037,-0.246398335148688,2.4759175077543,9.97965081359576
-7.53012275637889,-1.73374873099005,0.869352290408987,1.54297290956265,1.8499996976675,0.774476263699508,-0.0794837919010445,-0.687537491703141,-0.232985522548038,2.47691105409933,10.0223731968855
-7.55148410240384,-1.73623261170209,0.870345835880864,1.52260526981719,1.8370834807184,0.781431149954798,-0.0695483179135017,-0.675118100565695,-0.199205105640573,2.48038846630422,10.0581407736013
-7.52316789954276,-1.70443893860243,0.877797426918472,1.52409558492059,1.82913503951536,0.803786141493645,-0.0904128133000362,-0.701943985411266,-0.149528021979604,2.50373680539303,10.0422440728401
-7.53707761324738,-1.71884544674627,0.859416835679059,1.50372794517361,1.83459959284147,0.792360256925512,-0.100845060981042,-0.692008472506007,-0.128166875971482,2.50572389808298,10.0795019652206
-7.5658905916471,-1.7506391198829,0.860907153886984,1.49925699985932,1.8306253722408,0.780437594771335,-0.0973676450862192,-0.685550389118991,-0.129160417646073,2.5077109907733,10.1242114360858
-7.60563263078266,-1.78392312143127,0.849978153688762,1.48981833753919,1.80727682621215,0.787889258618555,-0.055638654337385,-0.670150344127056,-0.116244375879199,2.53354319572907,10.1579919251696
-7.62003911997219,-1.80876192856296,0.838552380762359,1.50025054326402,1.80827038136263,0.792857034515504,-0.0606063913329424,-0.671143895417684,-0.0943864590588399,2.53205287621264,10.1853143795878
-7.6299746297538,-1.81323291384435,0.831100789723851,1.47392164310395,1.80578649348659,0.787889258620535,-0.0755096023192026,-0.671143895417684,-0.101341250777442,2.55043348357849,10.192765958063
-7.58228418278748,-1.78342634528002,0.84550719906975,1.47888936011473,1.78392828018656,0.794347367290021,-0.102335382089278,-0.672634222352235,-0.0596125004840285,2.61501399594755,10.1863079233829
-7.60563263079859,-1.79634252499287,0.831100789715156,1.46001203545367,1.76952173050999,0.782424705133344,-0.111277308676335,-0.669653568482714,-0.0397416669955659,2.61799463498161,10.196740133242
-7.59520034552281,-1.78938765899952,0.850474926439249,1.44957982972858,1.76902495293458,0.777456929236813,-0.0993547398902948,-0.674124549289224,-0.0288127085867105,2.65177521068145,10.2017078522258
-7.61457458960714,-1.81025225699102,0.835571744354812,1.44411534101287,1.76902495293458,0.77646337405761,-0.0938902291994887,-0.649782542682847,-0.0466964587072586,2.65674294240163,10.2101529745006
-7.68312960711337,-1.85744599051379,0.806758925657363,1.41430903892384,1.78243794746296,0.762553601547029,-0.0670644494212524,-0.616001798809282,-0.0839542714417005,2.63786556186397,10.2787074964823
-7.66276181204841,-1.84254270622722,0.804771834711333,1.41132840871523,1.76554750990488,0.773482708525358,-0.0660709020228007,-0.600601753816166,-0.058122187926731,2.66568485950133,10.2960945129131
-7.629974629734,-1.8082651523786,0.795333152725519,1.41728966913407,1.74567640689015,0.791863479343875,-0.0670644494212524,-0.595137221721136,-0.0278191668733485,2.69300738397199,10.2767204088785
-7.6379230375684,-1.79584574881026,0.793842834516108,1.3939413991652,1.75610873597002,0.794347367292428,-0.0735225075069936,-0.588679138341052,0.00844510419784,2.70791057912271,10.2657914271196
-7.63593593561075,-1.78441989752643,0.782417061581776,1.3527093479354,1.74021185355672,0.796831255240511,-0.0476902751450974,-0.574272644631924,0.0144063542357118,2.72877505234196,10.2846687592507
-7.65183275126923,-1.79634252494762,0.764036470339034,1.34972871772643,1.73872152083095,0.792360256934148,-0.0273225534669731,-0.559866150929054,0.0352707293844405,2.73523310357436,10.3100041260548
-7.68263283159163,-1.82664586965501,0.730255924266703,1.33234170818332,1.73276018992696,0.798818365601874,-0.0129161161780638,-0.558375823994503,0.0307997918570655,2.72082668160347,10.3288814581934
-7.64438111890355,-1.83260718337102,0.728268833320252,1.34575454412853,1.71934719539154,0.807760362219945,-0.0109290213805552,-0.551420964967398,0.0571286461996113,2.75957498900351,10.3149718450473
-7.65034242477491,-1.85992987121386,0.718333378592796,1.33730942520424,1.71288908691014,0.819186246780411,-0.00844515288445924,-0.540491900775523,0.0690511462753546,2.77994268902864,10.3338491771794
-7.63146495617975,-1.85843954278528,0.697468923651916,1.33631588180122,1.69351476147147,0.83408957446407,-0.00695483178725537,-0.545459657223328,0.108792813188723,2.83061355249983,10.3497458779266
-7.6165616914891,-1.85645243821399,0.71286887847924,1.3487351743437,1.68606309784566,0.832102464104749,-0.0213612690705873,-0.544962881578566,0.146050625923164,2.89569083795798,10.317455704546
-7.65580695516509,-1.88625900679659,0.711378560269559,1.3373094252066,1.67364365845598,0.82812824338594,-0.00943870029344912,-0.54198222771034,0.154992500978456,2.92599400140921,10.3015590038096
-7.62500687484681,-1.8991751865018,0.714359196686716,1.33532233840052,1.66867588269933,0.829618576154384,-0.0158967583847269,-0.552911291901935,0.180327813628055,2.97467777218629,10.2926171096362
-7.649845649345,-1.93543984493975,0.700946332795948,1.31942564393808,1.65575966574253,0.816205581229107,-0.0104322476966408,-0.540988676436647,0.165921459374577,2.99703256489035,10.2876493906538
-7.63543916015657,-1.92798820280111,0.678094786903489,1.32489013266015,1.66768232755365,0.820676579535001,-0.0278193271669069,-0.54844031111245,0.196224480373628,3.04571633564568,10.2449270073953
-7.64835532288624,-1.93941405408543,0.665675468484611,1.30949020990672,1.65874033119681,0.813721693278981,-0.0303031956630028,-0.542479003376454,0.205663126267268,3.10383879663803,10.221081956286
-7.67667152579549,-1.92947853122624,0.660210968378161,1.28663871162715,1.66072744149833,0.813721693278981,-0.0178838531818372,-0.518633772439175,0.209140522121977,3.13811614544731,10.2344947975362
-7.78695568460753,-1.98660778774812,0.657230331958035,1.24093571503633,1.67513399118418,0.789379591366322,0.0307999692884634,-0.486840131204093,0.152011875864103,3.14060001130358,10.2896364781903
-7.79490409243813,-1.99356265374956,0.653752922802009,1.23497445461705,1.66420488451877,0.782921482702387,0.0278193270931075,-0.469949759283281,0.155489271718223,3.18332250396793,10.2806945840237
-7.81527188750192,-2.00300140046549,0.649778740905509,1.21361327144029,1.67811465663041,0.759572935993827,0.024341911199439,-0.463988451546067,0.147540938341711,3.2106450283323,10.2737397774477
-7.77354274641357,-1.9841239070466,0.622953013132473,1.21560035824637,1.67215332572784,0.773979486095129,0.0407354432795647,-0.472930413153716,0.166418230101323,3.2429352843925,10.2518818139118
-7.76609111406547,-1.96127220446322,0.622456240395883,1.21510358654461,1.6786114342114,0.779940817173093,0.0317935166974532,-0.45305938737722,0.185792292707742,3.2752255404756,10.2459205511338
-7.81825254043239,-1.98859489232454,0.605565967358188,1.20914232612518,1.68506954269481,0.787392481013906,0.031296742998028,-0.430207707710891,0.190263230230893,3.3030448380062,10.2578430766979
-7.79291699044448,-1.97468516031432,0.601591785462528,1.22404547718408,1.67115977057853,0.803289363887475,0.0178838531243038,-0.45454971429363,0.213611459533163,3.34725765016526,10.2578430766979
-7.83365258058412,-2.01194337103116,0.594140194403779,1.21560035824934,1.67115977057853,0.794844144864522,0.0168903057254947,-0.426730278185209,0.192250313587669,3.35967697941951,10.314971844997
-7.82719449921848,-2.01244014717408,0.58221764871284,1.21907776016244,1.67662432390816,0.817695913983777,0.0228515901155477,-0.444117425753639,0.201688959476964,3.38699950375588,10.3283846862479
-7.81378156099446,-2.02237567003327,0.575262830392916,1.23447768291892,1.68010176693537,0.835083129618904,0.00894192653606518,-0.461504573309183,0.226527501279164,3.44661228414573,10.3124879855064
-7.75764593054966,-1.99455620597047,0.547443557112379,1.25385177931253,1.66420488452282,0.855947788402715,-0.011922568792195,-0.486840131164181,0.269249793278324,3.49678637437244,10.2801978121608
-7.74622009429392,-1.98511745925474,0.536017784165977,1.24888406229511,1.66917266028054,0.866380117782042,-0.0233483638789755,-0.495782092767489,0.301539897609842,3.5434830522905,10.2628107957193
-7.76062658349502,-1.99306587754478,0.539495193325467,1.2349744546329,1.65029511241249,0.875322114396549,-0.011425795103486,-0.498265970991106,0.295578647575437,3.55192819617695,10.2970880566877
-7.81378156084544,-2.03380152125711,0.536017784166502,1.2041746091165,1.64035956090442,0.886251221364107,-0.0248386849861121,-0.472930413113449,0.276204584979812,3.561863659569,10.3482555622164
-7.80980735692733,-2.0487048055481,0.515153329216175,1.18927145805797,1.62943045423875,0.898173883515534,-0.0263290060835637,-0.491807887600638,0.272230418292808,3.59614100827379,10.3487523341146
-7.84358809024938,-2.06360808984949,0.51465655647951,1.15996192763668,1.61601745969405,0.882277000652299,0.00695483174755179,-0.476407842623263,0.242424168120058,3.59017973023497,10.387003770272
-7.85551070200532,-2.07751782185971,0.51515332921652,1.12270404996867,1.61899812514832,0.868864005728428,0.0268257797050532,-0.455046489906161,0.241927397284116,3.57279266928587,10.4103520494834
-7.85253004906611,-2.0804984787196,0.527572647645894,1.13164594060534,1.59465602394337,0.849986457313294,0.044212859176281,-0.44362065008745,0.255340209857142,3.58421845219258,10.3924682611562
-7.85004617161821,-2.10682761430954,0.545456466179063,1.11624601784276,1.59217213606644,0.833096019270752,0.0481870487685504,-0.421265746073754,0.276701355801082,3.60806356430842,10.3929650330543
-7.88382690493639,-2.13812451134344,0.545953238916298,1.09836223657606,1.57081070031873,0.818689469173982,0.0620967123480329,-0.403878598518209,0.26080468905114,3.60657324480097,10.411842365184
-7.87339461964585,-2.13713095905609,0.557379011876495,1.10432349700109,1.55938481607721,0.832599241686313,0.0536515594701815,-0.384007572746791,0.298062501768431,3.63936027398609,10.4053843305114
-7.88929143530737,-2.16147299006754,0.555391920928485,1.08991711764362,1.56137192637997,0.829618576149831,0.0690515441506598,-0.374568835498975,0.295081876755344,3.62843126427092,10.4222745750547
-7.87488494610627,-2.15998266163795,0.55290805724321,1.09587837807146,1.54199760091864,0.831605686508152,0.0576257490743072,-0.361652668739632,0.344262189487364,3.6527731495696,10.3999198396443
-7.87736882355521,-2.15998266163795,0.533533920486955,1.09736869317818,1.54001049061646,0.809250694978211,0.0834579814319167,-0.365626873894729,0.36015885623384,3.66171506661797,10.3875005421927
-7.90121404707302,-2.16644075150031,0.515153329199277,1.10879444232405,1.56335903666796,0.810244250157225,0.0998515134970819,-0.345755848119248,0.375061981306134,3.66817311781627,10.3999198396456
-7.88084625197652,-2.17538272208569,0.500250147092351,1.11773633296559,1.56584292454726,0.805276474260277,0.0765031496518605,-0.36612364954354,0.411823023179625,3.69897305432998,10.4053843305218
-7.87786559903702,-2.18978923024781,0.491308237823876,1.13363302744574,1.54895248696741,0.813224915697561,0.0720321863633391,-0.34625262378126,0.435668023291253,3.74666327860928,10.422274575048
-7.9802013501457,-2.26331209957841,0.47392119202013,1.03229159999674,1.56236548151243,0.810741027747082,0.12767084055819,-0.30899445050602,0.356681460234901,3.6999666005992,10.5116935165934
-8.00702722659553,-2.2737443985939,0.427224554698198,1.04023994723052,1.53504271484664,0.800308698361849,0.130651482751815,-0.294587956821925,0.347739585191307,3.6999666005992,10.5355385676932
-8.01249175698937,-2.26281532343447,0.420269736375544,1.00596269975812,1.53206204939173,0.800308698361849,0.155490167688389,-0.27720080928193,0.352707293551988,3.70443755912121,10.5474610932437
-8.05422089817664,-2.2841766976217,0.403876236038875,0.984104744857661,1.53156527181587,0.790869924157943,0.175857889328213,-0.256336232243797,0.333830001783689,3.69897305426097,10.5772674071076
-8.10886620208729,-2.30603484793919,0.40039882687928,0.962246789950705,1.50821672574653,0.785902148262974,0.206657858649565,-0.242923289846891,0.311475314171727,3.69648918841574,10.5971382830306
-8.16947281188372,-2.34180273027538,0.387979508447282,0.941879150148266,1.51914583241924,0.77149559816137,0.240935243856823,-0.219574834572931,0.265772397293321,3.6905279103863,10.6438348414274
-8.18089864815191,-2.34080917798887,0.375560190001788,0.927969542481236,1.51070061363284,0.780934372365473,0.236961054265763,-0.213116751196312,0.281669064027475,3.71735366150606,10.6478090166123
-8.14264693543603,-2.33435108812651,0.376553735477322,0.913066391420119,1.48983595546041,0.766527822265682,0.242425564950827,-0.215600629417136,0.294088334912781,3.73871490776164,10.6617186297543
-8.1704663628889,-2.33484786427024,0.350721553126681,0.901640642266332,1.46549385423047,0.776463374058537,0.254844907425467,-0.189768295907032,0.284152918196714,3.74467618579076,10.6478090166131
-8.17493734229827,-2.3268994459728,0.340786098378234,0.891705208217715,1.46599063180655,0.778450484417442,0.258819097015318,-0.210632872957958,0.275211043158103,3.76256001986449,10.6239639655149
-8.07806612157841,-2.25834433807621,0.319921643389488,0.969698365662576,1.44363564089337,0.802295808731296,0.204670763917219,-0.25136847574253,0.391455418871275,3.85247596358965,10.5564029874794
-8.1078726509996,-2.27026696552816,0.336811916478675,0.929459857759201,1.45059052695715,0.808753917398886,0.226528806655359,-0.233484552563333,0.380029689643233,3.85992756111968,10.5787577228709
-8.05024669417703,-2.26778308481082,0.343766734801328,0.957775844805822,1.43022264633716,0.807263584629755,0.205664311310945,-0.258323334768086,0.406358543934749,3.90563069261744,10.583725441849
-8.00603367554024,-2.25387335277971,0.33979255289907,0.976156397791895,1.43270653421634,0.811237805347647,0.18132240008017,-0.294587956777297,0.457029169168278,3.93941126809182,10.5782609509759
-8.01497563437293,-2.26977018938703,0.308992643167727,0.957279073080357,1.45555830271001,0.789379591397406,0.195232063627344,-0.281671790033466,0.462990419200517,3.95083705097721,10.6199897903778
-8.03882085793816,-2.3065316240671,0.296573324726357,0.937904976663725,1.45655185786179,0.772985930926303,0.196722384721828,-0.255839456571542,0.458022710838031,3.96126928752748,10.6428412976558
-8.13221465023175,-2.3875061355553,0.302534597581364,0.894685838493912,1.44214530815943,0.744172830712521,0.230006222519811,-0.206161892207727,0.386984481274269,3.92649516569827,10.727789292128
-8.16897603647712,-2.43072566005264,0.268754051379535,0.87233111188148,1.42177742754235,0.76354715670676,0.231496543615449,-0.191755398531363,0.364133022839495,3.92748871203515,10.7476601680356
-8.16301473059185,-2.44264828750535,0.28017982434732,0.857924732504386,1.44810663907552,0.763050379117217,0.241432017588979,-0.194239276751997,0.386984481279251,3.95133382413283,10.765543956359
-8.16351150608183,-2.44811282508455,0.251863778281336,0.845505439936696,1.44860341665158,0.764043934296606,0.240438470191599,-0.185794090800115,0.428216460591504,3.98064344105044,10.7933631826387
-8.1928212600051,-2.47146130383845,0.268754051369503,0.824144256717624,1.42674520329103,0.759572935989587,0.254844907453816,-0.160458532960653,0.396423127128586,3.9856111727355,10.8201888651095
-8.16202117960379,-2.4664935423994,0.260308914827076,0.826131343529562,1.4058805450927,0.763050379117561,0.236961054306406,-0.163439186822711,0.414306877221837,3.99803050194571,10.8206856370069
-8.22858909525512,-2.51517760450723,0.223050959492843,0.800299214997401,1.42426131540918,0.765534267066061,0.282664234553054,-0.134626199468142,0.415300418892553,3.96275960699521,10.8629112482931
-8.30558929630037,-2.56187456207283,0.224044504968498,0.757080076868259,1.40041599175679,0.750134161780514,0.305019050990716,-0.0889228402347494,0.368107189512386,3.94288868025288,10.9106013504304
-8.27081501196833,-2.55641002448785,0.210631641035217,0.78489929222643,1.38551266448116,0.779940817162207,0.276206176488191,-0.0983615774697823,0.408842398019644,3.96971443134798,10.8947046497117
-8.20076966780776,-2.50623563392532,0.190760731509528,0.809241105669954,1.36017700809596,0.824650800238495,0.252361038961608,-0.13810362896388,0.465971044115577,4.01790142867219,10.8644015639703
-8.14264693533026,-2.46549999007427,0.179334958535534,0.833086147430332,1.35868667536756,0.867870450546028,0.218580427464681,-0.1564843277637,0.525583544465411,4.05714650901766,10.822672724606
-8.11333718142772,-2.43768052602089,0.208147777359091,0.817189452935224,1.34129946019087,0.868367228135415,0.215599785273282,-0.173374699661206,0.566318752961815,4.08744967226749,10.829627531171
-8.13718240497699,-2.45506769106694,0.182812367724165,0.823647485071063,1.32738968806429,0.854954233213795,0.227025580336049,-0.155490776479723,0.559860732100987,4.10036577464118,10.8494984070753
-8.25938917580025,-2.55442292000139,0.181322049508816,0.776454173243711,1.31397669350646,0.821670134681554,0.262793286607133,-0.0998519044178363,0.465971044148933,4.04522395294498,10.9344464014722
-8.23355685030682,-2.5583971291533,0.166418867373098,0.78787992241023,1.33037035352902,0.835083129600081,0.248883623043806,-0.114755173731169,0.500248231786566,4.06261101383241,10.9225238759322
-8.23852460520779,-2.57578429419457,0.153006003443866,0.777447716645361,1.32192513472851,0.826141132984261,0.256335228524057,-0.112271295512756,0.50273208596495,4.07652066253816,10.9374270328518
-8.23156974834072,-2.56535199516297,0.144064094151097,0.772976771319111,1.30702180744612,0.821173357087,0.213612690470951,-0.122703584032755,0.51167396099923,4.10235286729708,10.9180529288562
-8.20822130025772,-2.54647450166782,0.123199639149755,0.764531652363461,1.30155725410527,0.838560572731243,0.227025580320197,-0.129161667396173,0.536015731956246,4.1336495769068,10.9160658412684
-8.26435693070252,-2.58820369780351,0.121212548195746,0.721809285904685,1.29559592319203,0.824650800224453,0.235470733196413,-0.0993551287748388,0.492796669269099,4.13265603057062,10.9731946094429
-8.27876341991161,-2.58969402623452,0.130154457485275,0.708893221632208,1.28814425954345,0.815708803615945,0.265277155099698,-0.0834583081674519,0.491803127599225,4.14408181342331,10.9831300473938
-8.26386015519474,-2.56932620433549,0.138599594032035,0.705415819710585,1.26380215829782,0.796334477625768,0.276702950171943,-0.107303539068784,0.518628752700116,4.17289465716942,10.9910783977527
-8.28025374635649,-2.57528751805844,0.119225457242442,0.734725350176141,1.26578926860447,0.786895703425623,0.274219081678732,-0.100348680050387,0.522106148543622,4.19177203753002,10.9816397316999
-8.28522150126535,-2.58124883179148,0.109786775211613,0.713364166949662,1.24591816555037,0.789876368964417,0.273722307980502,-0.0819679812421153,0.524093231885632,4.18432044000781,11.0164137645054
-8.1704663627929,-2.48487425971895,0.121709320930625,0.760060707074147,1.22306639702452,0.839057350361226,0.252361038966057,-0.133135872507432,0.610531357317511,4.2349913031941,10.9692204343101
-8.21616970791413,-2.50573885777752,0.0983610022241953,0.732738263404253,1.21164051276773,0.831108908928942,0.261302965543718,-0.1192261544813,0.599105628111332,4.23250743735402,11.0030009233298
-8.2544214206834,-2.51964858981981,0.0894190929319661,0.722306057633958,1.22107928672102,0.829121798569412,0.267761023624102,-0.11078096854107,0.614008753175324,4.23548807636106,11.0164137645521
-8.26535048147535,-2.51418405223367,0.0943868203174379,0.708396449945916,1.22008573156848,0.841044460721089,0.290612613758168,-0.105813212102277,0.63785375324768,4.28168798093811,11.0139299050647
-8.21269227949288,-2.48884846888246,0.0849481382843293,0.732738263396674,1.22654384006206,0.839057350362393,0.249877170481335,-0.127174564781173,0.704917815939003,4.3219266075031,10.9741881532858
-8.14662113924747,-2.43966763058749,0.0874320019768028,0.74515755598128,1.2066727370056,0.846509014206331,0.231993317327002,-0.134626199432223,0.755091670314426,4.35868782190691,10.9175561570088
-8.15407277160013,-2.45357736261477,0.0720320470862578,0.73522212191987,1.22654384006254,0.848496124564069,0.215103011587879,-0.138600404582851,0.758072295323904,4.35123622439507,10.9314657701353
-8.18835028046171,-2.50921629077097,0.0427224555230369,0.710880308451629,1.23349872613562,0.852967122870901,0.231496543635365,-0.104819660814595,0.743665941107416,4.3358362561914,10.9558075930983
-8.24846011480997,-2.54498417314045,0.034774091705322,0.659712823034729,1.22405995217738,0.838560572768693,0.268754570997473,-0.0630905067564529,0.722801566037537,4.29808149545136,11.005484782822
-8.31055705125082,-2.57628107026374,0.02285154597443,0.629409749116278,1.23796972431724,0.834089574460361,0.29110938740423,-0.042722705394606,0.709885524311031,4.29957181495604,11.0487039378326
-8.37563464053874,-2.61999737094864,0.00645804560856039,0.606558250771072,1.26131827041946,0.81918624677514,0.294090029593816,0.00993551279875113,0.695975940932795,4.31050082464509,11.0631103228463
-8.3964992111643,-2.62943611769552,-0.00794836382257524,0.587680926031949,1.25038916373318,0.808257139801394,0.319922261904282,0.0268258846742492,0.682563128378289,4.33235884402664,11.0780134797565
-8.38855080331151,-2.63589420757509,-0.00993545477706384,0.594138958176105,1.24343427766275,0.819186246776744,0.323896451491057,0.027322660317678,0.688524378400853,4.33434593669774,11.0715554450945
-8.31999578569258,-2.58224238406967,-0.0124193184696121,0.620467858434605,1.21362762306453,0.841541238294967,0.311973882729084,0.0228516795228214,0.733233753461822,4.34626849269931,11.0516845691892
-8.34632488667047,-2.58621659322099,-0.0158967276410699,0.602087305423499,1.20915662487688,0.858431676338571,0.347741589025882,0.0327871923996456,0.71385969092907,4.33335239035444,11.0874521457922
-8.45710582116228,-2.6373845360957,-0.0486837284119142,0.560855254012985,1.20071140607213,0.835579907209733,0.409838301290912,0.0501743399143207,0.68057604497096,4.28963635159594,11.1753807715517
-8.46306712704595,-2.64235229753602,-0.05464500127664,0.551913363353508,1.15401431385821,0.834586352030884,0.397418958825545,0.0541485450649491,0.693988857508249,4.30851373195356,11.1753807715517
-8.46704133097485,-2.62695223705101,-0.0596127286654119,0.542971472684285,1.14755620536186,0.834586352030884,0.39294799554135,0.0476904617020254,0.698459795024793,4.32937820500068,11.1823355781095
-8.36470558001883,-2.57230686123072,-0.0491805011554488,0.594138958101185,1.15451109143677,0.8783027799002,0.352709325986936,0.0109290640840726,0.764033545172962,4.39048130458173,11.1247100380236
-8.26982146119711,-2.52461635134521,-0.03974181911778,0.642325813327074,1.13463998837698,0.903141659380256,0.319425488215642,-0.0412323784706153,0.835071774568096,4.44761021883917,11.045226534515
-8.22461489152179,-2.51170017158893,-0.0476901829374148,0.624442031995273,1.11576244046657,0.905128769738827,0.319922261913859,-0.0710389170531151,0.854445837128058,4.44214571399544,11.045226534515
-8.12675011992313,-2.4332095408619,-0.0362644099392719,0.67312565891789,1.10383977862045,0.936922535466632,0.283657781929023,-0.0958776992280416,0.94386458732578,4.49679076233885,10.9781623283697
-8.07111126502166,-2.38303515030574,-0.0526579103229612,0.681570777872495,1.10185266831419,0.947851642436939,0.271238439467432,-0.104322885168056,0.99254812911188,4.54746162538145,10.9582914524794
-8.11631783459064,-2.41284171890474,-0.068057865225131,0.666170855083983,1.10880755439093,0.930961204402896,0.289122292607425,-0.098361577441809,0.962245108247862,4.56484868620361,10.970213978024
-8.15655664934427,-2.43619019768234,-0.085444911093445,0.640338726499362,1.09887200285937,0.916554654307636,0.302535182450366,-0.0819679812061482,0.941877504027037,4.5762744690476,10.9771687845815
-8.10538877371309,-2.40787395743693,-0.0814707291783471,0.676106289173596,1.1063236665108,0.925993428515698,0.28316100824671,-0.0784905517050787,0.988573962520162,4.62495823947683,10.9334528576775
-8.14165338453488,-2.42824177935319,-0.0943868203926637,0.662196681473152,1.1212269938245,0.917548209493807,0.321412583012543,-0.0571291990343695,0.97466437914799,4.60707440545428,10.9612720839141
-8.14314371100838,-2.44711927285233,-0.0988577750438411,0.648783845461842,1.11427210774925,0.920528875031226,0.352709325978542,-0.0496775643850326,0.96919989996097,4.61154536396138,10.9846203630624
-8.18338252565659,-2.49630011108488,-0.121212548287577,0.602087305377836,1.10383977863601,0.900657771464264,0.373573821314303,-0.0422259297271286,0.94535489993134,4.61750664195873,11.0164137645007
-8.17543411781292,-2.51815826143704,-0.141580230586154,0.582713208960724,1.09688489256061,0.887244776548269,0.386489937471678,-0.0233484552626097,0.959761254114338,4.62048728095873,11.0462200783374
-8.18288575017157,-2.52213247059206,-0.146547957975375,0.5752616334011,1.07303956885982,0.885257666189698,0.411328622364984,-0.0178839231857315,0.964728962460099,4.66966782449556,11.0616200071387
-8.27329888940203,-2.60261020589787,-0.152012458103932,0.529061864997804,1.07949767736065,0.840547683122784,0.464980181768645,0.000993551270106127,0.904619691536791,4.63638402234153,11.1475615453612
-8.38109917088188,-2.69302346420526,-0.147541503452215,0.448088077227816,1.05614913124784,0.816702358817431,0.523599478111989,0.0427227052909367,0.805265524503661,4.57230028376494,11.2300256802328
-8.37960884441132,-2.73524943645192,-0.159464049192827,0.436662328054505,1.05664590882466,0.817695913996237,0.514657551544218,0.0457033591533745,0.831097607865966,4.56882287160179,11.2439352933631
-8.37364753851796,-2.76058501983261,-0.166915640284874,0.410830199436609,1.04919424517288,0.819186246765118,0.514657551544218,0.0576259745888111,0.838549170388126,4.57478414960461,11.2608255378542
-8.40842182291652,-2.80082388756,-0.161947912892352,0.351714366648944,1.03329736271328,0.800805475935423,0.531051083564056,0.0804776541518001,0.799801045263041,4.55491322291393,11.3169607621641
-8.38507337484737,-2.81523039575534,-0.162941458370796,0.338798302347036,1.03081347482841,0.791366701730923,0.524593025492421,0.066567936136329,0.827123441163733,4.57379060327057,11.3313671471709
-8.38855080328586,-2.81970138105999,-0.174367231373769,0.341778932572547,1.04720713485919,0.790373146551825,0.519128514819746,0.0794841028550823,0.847987816233613,4.58521638611726,11.3507412511333
-8.4516412905758,-2.84255308370814,-0.187283322595106,0.322404836122804,1.0551555760888,0.785902148246962,0.538005915340746,0.103826109384334,0.833581462035616,4.57180351062059,11.3889926872009
-8.5182092063417,-2.88428227989151,-0.186289777116542,0.251366482433265,1.05664590881944,0.779940817170749,0.585696190302934,0.144561712113751,0.761549691019463,4.54299066693424,11.4361860173909
-8.51572532888858,-2.90614043025616,-0.200696186553769,0.266269633549744,1.07403312402063,0.787889258604033,0.583709095512733,0.144561712113751,0.778439899386051,4.54746162543125,11.4446311396339
-8.48889945238077,-2.89272747435271,-0.215599368731784,0.263785775030423,1.06260723974856,0.796334477634247,0.566322016093908,0.125187462014092,0.809736461954873,4.58273252024934,11.443140823944
-8.42481541402776,-2.8534821588908,-0.236960596523177,0.313959717184102,1.07651701190403,0.809747472558962,0.530554309873257,0.106309987587188,0.9160454206623,4.63340338332785,11.4128377382605
-8.45164129051094,-2.85944347262586,-0.241431551178135,0.307004913336291,1.07502667917353,0.811237805327094,0.546451068212884,0.124690686395459,0.895677816475502,4.62545501266681,11.4635084717601
-8.52218341033676,-2.89024359363529,-0.234973505564833,0.280179241274787,1.0511813554699,0.789379591374103,0.574270395262624,0.148535917244404,0.86587156637062,4.58223574710381,11.541998431348
-8.47697684062772,-2.87881774229828,-0.237954142000166,0.317437119102445,1.05664590881676,0.813721693280636,0.552909126264125,0.118232603035505,0.921509899860659,4.63042274429265,11.4967921887691
-8.47300263670315,-2.86391445795843,-0.242425096653909,0.312966173765231,1.06509112762413,0.823657245074742,0.561851052824231,0.142077833913079,0.931942087376779,4.65079044413001,11.5017599077356
-8.41835733272353,-2.82566269482394,-0.252857324185294,0.331843498516513,1.02137470084666,0.837567017578324,0.544960747098184,0.11972292997135,0.976651462455069,4.69102907062212,11.4774180848068
-8.46406067794269,-2.85596603967427,-0.257328278841196,0.304521054773522,1.01094237173218,0.823160467479136,0.574767168933071,0.137606853116282,0.934922712307222,4.67711942194887,11.5261017306511
-8.41438312884751,-2.81771427650335,-0.264283097192408,0.33730798727689,0.991071268648193,0.841541238292643,0.541483331212386,0.105813211968924,0.991554587472212,4.72083546062819,11.4972889606478
-8.46257035148043,-2.82665624711293,-0.26030891527743,0.303030739692429,0.978155051642985,0.829618576141717,0.539993010119591,0.136613301828066,0.970193441594493,4.70245485346706,11.5390177999365
-8.47896394267635,-2.84603051675371,-0.253354096926009,0.322901607838382,0.971696943138608,0.835579907220055,0.531547857252948,0.176852128936542,0.97565792076828,4.70245485346706,11.5494500097647
-8.49635108484952,-2.85248860663534,-0.254844415145048,0.319424205910989,0.966232389792925,0.830115353733125,0.541980104907993,0.182316661009372,0.966219274924018,4.71388063629935,11.5718047451075
-8.53311247118629,-2.87484353315529,-0.266766960897543,0.284650186635758,0.94934195217315,0.798818365582676,0.555392994746114,0.216097404719811,0.929458233169838,4.70841613146795,11.6135335844056
-8.47498973863983,-2.86043702493616,-0.285644325005089,0.32439192301037,0.952819395214965,0.801302253532896,0.536018820555311,0.206658667512266,0.98360625416158,4.76951923102814,11.5693208856718
-8.46853165725925,-2.84851439745999,-0.309489416507199,0.332837041975015,0.949341952176222,0.811734582913753,0.526083346593869,0.211129648300154,0.992051358338842,4.76306117986563,11.5777660079162
-8.50628659456726,-2.8887532651993,-0.325386144174791,0.338301530720364,0.920032075124193,0.797824810400839,0.541483331214733,0.222555488085297,0.964232191617401,4.75064185069911,11.5976368837752
-8.57682871427162,-2.94190831268879,-0.320418416778068,0.294088849038115,0.924999850898986,0.757585825635976,0.571289753073516,0.238949084311744,0.916542191530428,4.72033868754634,11.6334044603179
-8.49734463568131,-2.88428227989218,-0.321908734996973,0.334327357083013,0.877805981029999,0.763050379122906,0.535522046865719,0.227026468883617,0.985096566728494,4.77548050901237,11.6040949184401
-8.55844802108183,-2.92054693848126,-0.339295780887865,0.322404836178901,0.878799536184649,0.726785615071758,0.554399447371585,0.262297539528313,0.968206358362314,4.76554504568503,11.6602301427351
-8.49734463569651,-2.88477905606335,-0.341282871845234,0.362146572503296,0.882276979225302,0.747153496242628,0.547941389301378,0.228516795809246,1.0054641709253,4.81025463064047,11.6175077596532
-8.46257035135383,-2.8733532047348,-0.3586699177293,0.345753106284306,0.877309203451339,0.754108382498793,0.558870410657455,0.222058712451767,1.0178834417694,4.80329980631535,11.5896885334377
-8.37712496707189,-2.81672072429489,-0.348734462938255,0.360656257397463,0.83508310936812,0.783915037866735,0.544960747116049,0.190265071279231,1.07302500427185,4.84502875225295,11.5400113437678
-8.3224796630766,-2.78542382717293,-0.342276417321248,0.37605618022679,0.833592776636305,0.80030869833165,0.52757366769434,0.159464981427957,1.13909552521528,4.88775124452914,11.5032502234364
-8.35973782495038,-2.79983033539205,-0.330353871566592,0.363636887618186,0.809747452909327,0.788882813758485,0.547444615582067,0.176355353269802,1.10233448345664,4.87334482269939,11.5265985025499
-8.38109917106151,-2.81672072431841,-0.317934553071597,0.332837041965254,0.793850570439101,0.778947261967296,0.575263942660263,0.186787641770879,1.08792812926981,4.87781578119675,11.5335533091026
-8.35526684552905,-2.79039158862933,-0.318431325811457,0.317437119133638,0.777456910375041,0.792360256890604,0.578741358540567,0.175361801985737,1.12270208766572,4.90762217118269,11.5444822908203
-8.22064068766775,-2.71239773394302,-0.31247005293737,0.370591691481344,0.746159922974038,0.848992902095633,0.52956076244706,0.151019795462704,1.19473385858769,4.97071236326579,11.4749342252874
-8.26038272693249,-2.75412693009196,-0.308992643760136,0.330353183436446,0.7709988018658,0.82961857609083,0.550922031440835,0.164432737818833,1.18032750439842,4.94388661230238,11.4928180135547
-8.28025374660592,-2.77449475206382,-0.306012007320393,0.312469402066985,0.761063250317163,0.826141132959721,0.559863957989324,0.17238114809613,1.17188240021011,4.93146728313586,11.508217942328
-8.30707962309885,-2.79734645471342,-0.308495871017441,0.282663099831073,0.74963736603855,0.82167013465542,0.582715548073476,0.193245725106011,1.16145021269929,4.91656408816245,11.5261017306011
-8.34731843784247,-2.82317881424676,-0.322405507737928,0.24937939564826,0.755101919389844,0.83061213126749,0.592651022027777,0.211129648244547,1.14505677518349,4.91606731499627,11.5529274130236
-8.41637023093225,-2.87832096625229,-0.339792553626195,0.207153800798883,0.764043915791091,0.814218470819762,0.622954217586301,0.246897494559994,1.08842490017892,4.87384159589219,11.6135335844115
-8.43326059760943,-2.88279195155287,-0.348237690202792,0.191257106265187,0.723804931991723,0.818689469126407,0.650276770955719,0.252858802276951,1.08941844184562,4.85198357660014,11.6145271282047
-8.36818300823809,-2.83212078475235,-0.357179599517973,0.206160257394589,0.726288819881226,0.857934898724235,0.619476801720376,0.233981327864513,1.15300510862979,4.88626092507363,11.5752821484094
-8.30757639838718,-2.79486257390154,-0.365624736093549,0.223050495339151,0.701946718575148,0.875322114356082,0.618483254325468,0.220568385504958,1.1867855253278,4.92302213934524,11.5608757634058
-8.27329888954724,-2.76903021438624,-0.360657008695626,0.233482701129603,0.707908049509029,0.89469644034301,0.584205869190236,0.217090956003799,1.19026292116415,4.93444792216074,11.5270952744493
-8.44319610733258,-2.88279195156313,-0.379037600064333,0.155489543524375,0.713869380446184,0.85098001247736,0.649779997285001,0.280181462643502,1.10978604604856,4.86191903990539,11.6204883909906
-8.44965418871884,-2.88974681759516,-0.381024691022662,0.159960488866685,0.705424161626313,0.858928453917145,0.646302581404023,0.301542815265648,1.11425698355666,4.86638999840194,11.6150239001321
-8.38904757876243,-2.85447571126484,-0.379534372802993,0.170392694667476,0.696978942806241,0.880289890285895,0.630902596789971,0.270742725423028,1.13462458776959,4.88824801772955,11.5727982889634
-8.34781521305326,-2.8351014416257,-0.388973054855198,0.186289389198809,0.699959608270832,0.884760888590196,0.614509064776024,0.250871699699838,1.18032750444437,4.90811894435816,11.5370307124082
-8.36073137582369,-2.8326175609001,-0.376553736354202,0.175857183398794,0.679591727590533,0.878302779926262,0.623947765027522,0.256336231766667,1.19225000445716,4.91408022235144,11.5395145718907
-8.42680251614619,-2.87881774240986,-0.3840053274548,0.137108990399941,0.678598172435029,0.853960678028406,0.64381871290701,0.305020244701436,1.147043858508,4.91507376868438,11.5633596229001
-8.45462194363843,-2.92501792389908,-0.402882691582872,0.126676784605353,0.720327488966212,0.851476790080375,0.635373560051808,0.321910616556224,1.12419240016176,4.91159635652196,11.584720814448
-8.44766708676869,-2.94240508896536,-0.423250373930044,0.133134816757987,0.730263040521255,0.844025126237686,0.637857428540486,0.30899444984242,1.11972146265994,4.90911249069263,11.5832304987588
-8.46157680049247,-2.97618586680093,-0.409837509959095,0.102831742788489,0.744172812699645,0.820179801939332,0.62692840719287,0.330355802484754,1.10581187932043,4.89569961522342,11.5847208144491
-8.49436398286017,-3.00996664463435,-0.418779419276437,0.0909092218846727,0.743676035121886,0.791366701747905,0.659218697539439,0.336813885843553,1.10481833765297,4.90265443954252,11.6110497249621
-8.43574447484374,-2.96923100069105,-0.420766510236447,0.113760720322725,0.772489134627383,0.799315143184022,0.650773544692174,0.320917065292206,1.15598573359634,4.94984789035669,11.6021078308358
-8.41140247578082,-2.96376646309428,-0.44659869271657,0.115747807141209,0.762056805492221,0.812231360517985,0.63934774964994,0.302536366525722,1.18231458779094,4.98412523879509,11.5936627085983
-8.41637023068995,-2.95879870164356,-0.459514783958192,0.0968704823548494,0.76503747095852,0.808753917389501,0.635870333767521,0.331349353799323,1.22006917115656,5.00648003126314,11.6175077596174
-8.4655510042542,-2.99406980792163,-0.478888920819161,0.0710383537350334,0.755101919408222,0.806270029442771,0.643321939230259,0.352710706450933,1.18380490032514,5.02038967989076,11.6711591244367
-8.47548651408198,-2.99655368864723,-0.497766284944383,0.0690512669153672,0.752618031519017,0.784908593080292,0.649283223597071,0.335323558960241,1.17685010865185,5.02486063838448,11.6870558251208
-8.45412516794429,-3.00946986844042,-0.487830830144336,0.107302688209581,0.743676035117342,0.800308698365516,0.621463896559636,0.320917065349381,1.21013375458013,5.05168638935423,11.6940106316621
-8.41935088358365,-2.98512783732186,-0.458024465741493,0.105812373095625,0.712875825304799,0.82415402265587,0.625934859836414,0.31445898199487,1.23149490042631,5.08944114994067,11.6885461408023
-8.37960884436375,-2.96823744840015,-0.455043829298868,0.0884253634491799,0.684559503360413,0.812231360502693,0.646799355127755,0.300549263985795,1.243417400429,5.12173140569649,11.68606228132
-8.50032528877938,-3.01940539139072,-0.492301784800734,0.0655738650156581,0.689527279136155,0.802792586294631,0.685547703512037,0.340788090992517,1.19622417117112,5.09540242789596,11.7759779945182
-8.51522855350565,-3.04176031792486,-0.500746921382687,0.0516642572855784,0.679591727578502,0.804282919064012,0.686044477209224,0.369104302617322,1.21857885867753,5.07851214025942,11.7874037481309
-8.51324145154131,-3.03480545189282,-0.512669467147785,0.0571287460386444,0.650281850494974,0.807263584601869,0.66368966082966,0.348736501266921,1.2225530253474,5.07801536709357,11.7665393284942
-8.51771243095932,-3.0238763767031,-0.515153330849935,0.059612604561473,0.646307629870678,0.814218470855701,0.683560608724529,0.362646219253968,1.21857885867868,5.07900891342419,11.7898876076166
-8.51075757408679,-3.01096019693615,-0.502237239608314,0.0804770161664157,0.621468750971798,0.822166912291486,0.696973498553009,0.354201033333368,1.21013375451082,5.07950568658985,11.7804489415901
-8.48194459562371,-2.98959882270508,-0.498263057686254,0.0933930804804836,0.609049311527252,0.824154022648891,0.682567061322259,0.34078809097347,1.23844969201482,5.09540242786605,11.7541200310871
-8.44866063771562,-2.96326968702715,-0.488824375620935,0.105812373100165,0.598616982389348,0.850980012496351,0.681573513927928,0.346252623043649,1.25484312952665,5.10285402535324,11.7685264160759
-8.37911206901695,-2.88676616066344,-0.502237239602416,0.110780090146007,0.572287770739869,0.851476790086031,0.673625134766465,0.304026693433104,1.29458479623597,5.12918300311992,11.7347459271478
-8.36818300822751,-2.86590156258191,-0.527572649341389,0.139592848996183,0.584707210185897,0.837567017586241,0.666670303002108,0.282168565140387,1.32240396288602,5.14507974439695,11.73027498008
-8.43624125042868,-2.89570813127549,-0.52210814919798,0.10928977500491,0.581726544715825,0.82862502096742,0.677102550638695,0.325884821706837,1.27471396283369,5.11179594230931,11.7774683102137
-8.33887325406613,-2.83907565069057,-0.530056513049302,0.144560566054421,0.563345774339653,0.82862502096742,0.644812260324262,0.297568610118192,1.33382969209743,5.16395712470873,11.7267975768373
-8.32744741777522,-2.81523039572158,-0.521611376467349,0.148037967987846,0.556390888246472,0.838063795171326,0.630405823100283,0.280181462634162,1.326378129598,5.1743893611919,11.7183524546021
-8.323473213847,-2.81622394801175,-0.522108149207749,0.156979858671468,0.5434746712135,0.836573462402444,0.64332193923409,0.296078283202156,1.326378129598,5.17587968068942,11.7397136461348
-8.32993129522993,-2.83013368007228,-0.516643649063514,0.147541196283083,0.545461781525743,0.831108908917462,0.645309034022368,0.299555712697363,1.35270698376392,5.1599829393932,11.7471652245749
-8.33688615210246,-2.84851439743507,-0.519624285502988,0.156483086964269,0.543971448790867,0.832102464096748,0.648786449902191,0.295581507556989,1.34177802542389,5.1579958467305,11.7580942062895
-8.31850545896167,-2.84801762129039,-0.513663012621699,0.153502456738684,0.534532674808052,0.826637910613484,0.664683208225118,0.311478328130668,1.34326833792302,5.1416023322892,11.7600812938753
-8.28869892952794,-2.84304985984504,-0.522604921946604,0.177844270250944,0.539997228166654,0.834586352043935,0.649779997303554,0.304026693489135,1.3755584420747,5.17587968069253,11.7377265585454
-8.3135377040418,-2.8639144579195,-0.525585558388419,0.17138623809111,0.561855441613855,0.826637910607818,0.662199339741795,0.307007347347004,1.39046156707085,5.16246680523106,11.7367330147529
-8.32496354032178,-2.86441123406408,-0.53800487690217,0.149528283105112,0.539003673027431,0.82216691230258,0.675612229570646,0.335323558994231,1.38748094207443,5.14855715661439,11.7536232592283
-8.3448345599762,-2.88577260831776,-0.534030694980831,0.160954032320315,0.545461781545382,0.830115353741698,0.682070287628356,0.345755847478521,1.41380979628369,5.13663460062846,11.7680296442039
-8.42481541410436,-2.93594699900451,-0.538998422389858,0.127173556386828,0.542977893655464,0.821670134710244,0.713863804246084,0.362646219308288,1.38599062959256,5.10384757170846,11.8236680965349
-8.39997663957625,-2.93644377514945,-0.546946786231577,0.113760720354581,0.532048786932908,0.822663689889383,0.725289599286739,0.361652668023017,1.40089375458871,5.11278948868946,11.8196939213647
-8.34284745817525,-2.89868878815277,-0.525585558407926,0.147044424530797,0.545958559121929,0.839057350341924,0.698463819613834,0.339794539738676,1.46547396286629,5.16743453685076,11.7705135036306
-8.29416346009736,-2.86739189102816,-0.539495195142278,0.160457260555067,0.534532674823941,0.849986457310627,0.687038024578233,0.308994449902349,1.47640292118939,5.18879578296447,11.7461716807206
-8.24448591104874,-2.84950794981012,-0.553404831866966,0.161947575668211,0.539500450606447,0.86389622981625,0.673625134752348,0.294091180618713,1.52409292117592,5.21512476072838,11.7223266297025
-8.1734470160593,-2.80777875369474,-0.558372559267889,0.202186083676226,0.534532674824297,0.890225442042199,0.641334844394175,0.263291090745409,1.58072479606261,5.25884079920696,11.6810945622739
-8.26087950249525,-2.885275832362,-0.56035965022964,0.132638044991354,0.518139014744184,0.855947788354331,0.676605776888553,0.299555712640672,1.52111229605059,5.18730546333832,11.73722978652
-8.27081501230745,-2.88726293694149,-0.57029510503959,0.135618675219229,0.509197018336742,0.863896229790448,0.688528345621189,0.30651057164059,1.5191252127184,5.19624738031369,11.749152312028
-8.28621505251885,-2.91160496803893,-0.558869332006593,0.139096077150413,0.510190573493196,0.846509014150946,0.685547703437865,0.295084731858074,1.53998958768422,5.19624738031369,11.7531264871976
-8.25789884951591,-2.90266299741874,-0.563837059408417,0.138102533740654,0.504726020131983,0.845018681381314,0.663689660771637,0.264284642031186,1.55588625436025,5.22356990443699,11.7327588394717
-8.15258244537367,-2.83013368022293,-0.541979058819922,0.183805530578253,0.47541614300855,0.873335004004313,0.636863881129137,0.231000673999679,1.61947292102743,5.256356933357,11.6706623524895
-8.2107051778067,-2.85795314435636,-0.551914513627472,0.182315215463004,0.473429032694741,0.853463900413602,0.660709018581885,0.247394270200164,1.60059562936381,5.24890533587312,11.706429929005
-8.31701513286226,-2.92551470007753,-0.585198287225224,0.108793003179077,0.466970924179567,0.821173357087159,0.702438009166878,0.292104078028233,1.53353156691765,5.17637645373387,11.7814424853196
-8.35327974366672,-2.95780514949249,-0.574269286932958,0.0834576462368095,0.463493481131107,0.816205581192919,0.705915425048047,0.313465430661836,1.50918979609915,5.17438936107315,11.8003198173737
-8.40842182311649,-2.96476001552011,-0.576753150635033,0.0625932346427235,0.449583708937101,0.805276474224902,0.710386388324454,0.319426738376661,1.48882219195179,5.16594421726607,11.8291325873518
-8.56490610254638,-3.06063781146721,-0.605565969589984,-0.0119225209913669,0.454054707141089,0.765037489490414,0.765031495050451,0.383014020642142,1.39741635872392,5.09142824252607,11.9185515287023
-8.54453830738443,-3.03331512344635,-0.602585333147449,0.0183805530367029,0.463493481128188,0.76851493262043,0.748637963054632,0.360162341099581,1.42175812958308,5.13216364215107,11.9120934940591
-8.57086740840513,-3.05169584081458,-0.585198287233973,-0.000496771747318187,0.462499925971568,0.774973041285312,0.753108926327332,0.380530142442179,1.43417740040614,5.13166686898588,11.9185515287076
-8.55844802113715,-3.05318616924994,-0.581224105311314,-0.0139096077709244,0.453061151983342,0.778947262004038,0.753605700024587,0.395930187364866,1.39344219211981,5.12024108618597,11.924512791461
-8.56043512310126,-3.05914748299635,-0.573772514209141,-0.0168902380004975,0.454551484718361,0.784908593082001,0.762547626573076,0.404375373289995,1.38151969211394,5.13067332265901,11.9170612130218
-8.62302883494563,-3.10932187363531,-0.585695059981082,-0.055638430964784,0.476906475748446,0.76851493262018,0.782915348157152,0.428717379766393,1.35817146296998,5.09838306690489,11.9572997365987
-8.60713201922453,-3.11876062040236,-0.597617605758065,-0.0606061480164113,0.492803358253602,0.768018155030198,0.77198632682857,0.433685136188055,1.3715842754696,5.11726044719167,11.9602803679733
-8.40643472125988,-3.00897309245418,-0.600101469462091,0.0372578777345517,0.476409698167615,0.810741027729624,0.715850898995302,0.354201033311535,1.47342229613492,5.22207958498849,11.8519840945676
-8.45015096448873,-3.04970873639489,-0.611030469754357,0.00844511882011698,0.468461256911809,0.766031044634584,0.724792825543791,0.379536591055861,1.44709344195179,5.19674415354598,11.8942097057048
-8.43524769976103,-3.05368294555446,-0.615998197159633,-0.00745157574233291,0.476906475744993,0.766031044634584,0.713367030501873,0.399904392401059,1.4560353169458,5.20966025583763,11.8822871801995
-8.41935088402989,-3.03629578045726,-0.601095014935252,-0.0223547269023857,0.455545039872821,0.758082603197466,0.695483177409839,0.397917289833409,1.45851917111498,5.22356990447803,11.8971903370692
-8.34930553981439,-2.99009559896706,-0.606559515080312,-0.00298063041664237,0.449583708934099,0.771495598122743,0.668657397748058,0.390465655194161,1.4918028169369,5.26132466502781,11.8673840233159
-8.36520235553793,-2.99804401729292,-0.633882015809741,-0.00347740212172504,0.441635267679432,0.758579380791218,0.672134813626056,0.40884635394844,1.45901594194775,5.23946664574666,11.8817904082968
-8.372653987898,-2.99754724114779,-0.645804561580602,-0.0124192928091146,0.436667491894435,0.758082603201414,0.675612229506456,0.416297988584073,1.46199656694705,5.24642147006047,11.8981838808635
-8.38656370165103,-2.98860527052874,-0.675610926009554,-0.0258321288476774,0.418783499067163,0.746656718634,0.684554156050496,0.407852802658944,1.45156437943623,5.22754408977171,11.927990194611
-8.26833113496052,-2.92352759556222,-0.660210971055758,-0.0114257494034916,0.378047737616559,0.78490859302727,0.646799355047114,0.368110751253171,1.4987576085296,5.26827948932937,11.8688743389699
-8.1694728124133,-2.84752084538797,-0.64083683417255,0.052657800468022,0.365628298160444,0.829618576083871,0.619973575394232,0.324891270342217,1.56085396258029,5.31298907414405,11.8047907643593
-8.2598859514035,-2.90216622122561,-0.631398152099248,-0.0039741737661837,0.372086406680709,0.800805475899693,0.656734829039375,0.363639770535103,1.50471885856873,5.26430530405465,11.8589389011036
-8.15059534346935,-2.83361111317089,-0.624443333730601,0.0501739420905183,0.382021958249992,0.860915564263488,0.627921954589426,0.313465430656459,1.59016344183243,5.32938258867201,11.7809457134342
-8.14065983365563,-2.83609499389596,-0.623449788249426,0.0625932347185096,0.371589629102618,0.860418786673913,0.635373560052371,0.315949308867829,1.59910531682254,5.32292453752729,11.7869069761874
-8.02987889929943,-2.7735011996527,-0.613017560700396,0.110283318391679,0.364137965421117,0.895689995530785,0.61351551736016,0.25385235352648,1.68355635839586,5.3850211831187,11.7084170166028
-8.11035652883979,-2.83460466551397,-0.617488515365887,0.0546448874079347,0.358176634480687,0.878302779885449,0.657231602714369,0.293097629261113,1.63586635839548,5.33484709342424,11.7521329434324
-8.12675012006488,-2.87782419020793,-0.617985288106842,0.0129160641370323,0.3621508551084,0.864889784956796,0.661702565985091,0.299555712603088,1.61351167087285,5.30951166195315,11.7854166604348
-8.09197583573616,-2.83708854634309,-0.616494969885012,0.0317933889168437,0.341782974377502,0.86985756085437,0.646799355064351,0.28117501383003,1.6507694833276,5.33136968120849,11.7700167316602
-8.04776281704695,-2.81920460511521,-0.601591787663783,0.0357675625588349,0.346253972585762,0.885257666139593,0.605070364487433,0.287136321542267,1.69895625416657,5.36365993695415,11.7446813649764
-8.14065983368705,-2.87086932415784,-0.630404606621344,0.0283159869855487,0.377054182470406,0.855947788363268,0.629909049367006,0.332342905009983,1.65524042090484,5.35521479315061,11.7948553264933
-8.11532428374806,-2.85050150225752,-0.643817470614981,0.0352707908352541,0.376060627313597,0.870851116030054,0.612521969940971,0.324891270360456,1.67709833748599,5.37707281235493,11.7650490126813
-8.10737587591213,-2.82367559046679,-0.629411061145121,0.0422255946971922,0.368112186057601,0.884760888537135,0.608547780361338,0.339297764002224,1.70144010827091,5.38700827564865,11.7715070473334
-8.13668562981299,-2.8306304564922,-0.632888470329076,0.0263289001489234,0.371589629105728,0.863896229783513,0.63338646523473,0.334826783214678,1.68454989997955,5.38154377084205,11.8013133611127
-8.1361888543224,-2.83708854637861,-0.641333606920979,0.0253353567389674,0.385996178879296,0.866876895320808,0.652263865727027,0.323897719082278,1.68951760830571,5.38601472932709,11.8127391147201
-8.11681461024586,-2.82367559049105,-0.647294879805329,0.0437159097910489,0.384505846142675,0.850483234872736,0.64630258135181,0.347742949956806,1.70293042075891,5.38204054401534,11.8087649395466
-8.09694359058308,-2.82417236663691,-0.650275516249665,0.054148115612265,0.375563849728825,0.847502569332254,0.64431548656529,0.354201033297956,1.70789812909745,5.37756958552126,11.8023069049047
-8.0338531031978,-2.76108179613336,-0.649778743508709,0.10978654662083,0.366621853315402,0.862902674620061,0.622457443897853,0.319426738354319,1.77595573325725,5.4297307679248,11.7705135035897
-8.0875048561816,-2.81622394821123,-0.65375292543389,0.0884253633160359,0.382518735838788,0.843031571023516,0.636863881121434,0.33731066148509,1.76254292078133,5.41035661449519,11.774487678758
-8.07508546892288,-2.7943657978401,-0.661204516542817,0.10283174276165,0.377550960051773,0.843528348613195,0.656734829027289,0.332839680701084,1.78489760824553,5.41482757297871,11.7690231879023
-8.09495648856818,-2.79883678314721,-0.649778743501882,0.0864382764906698,0.371092851531353,0.840050905484784,0.663192887090355,0.324891270428659,1.78638792074462,5.42675012893555,11.7715070473814
-8.17692444434247,-2.85447571130694,-0.650275516242597,0.0288127588060194,0.37258318426655,0.785405370660741,0.69498640374236,0.37208495649411,1.71286583760642,5.37905990518451,11.8504937789282
-8.20474387177884,-2.88775971297779,-0.669152880378082,0.0218579549440813,0.381525180679331,0.769011710205108,0.717341220116362,0.369104302638068,1.6984594834719,5.37707281252618,11.8480099194468
-8.29167958269625,-2.92700502844552,-0.684552835344438,-0.0014903151965423,0.368112186061921,0.752121272153004,0.746154094526488,0.418285091244548,1.63884698350893,5.31696325954954,11.9056354593489
-8.22511166704365,-2.89471457903123,-0.689520562753466,0.0158966944705811,0.346253972608455,0.758579380815855,0.713367030500861,0.404375373248975,1.67610479591681,5.33633741297254,11.862913076276
-8.33440227484404,-2.97072132916206,-0.699456017565518,-0.0601093763675279,0.345757195029557,0.733243723737432,0.767515363503153,0.444117424641551,1.61053104606229,5.27622786003059,11.9458739829297
-8.31651835716054,-2.94339864115507,-0.700946335787888,-0.0491803988463639,0.337311976190724,0.750134161795204,0.746650868231421,0.416297988695168,1.63785344190278,5.31000843529302,11.9289837384761
-8.3815959465132,-2.98761171810435,-0.70442374497489,-0.103328514736615,0.33582164345478,0.730759835786338,0.76602504241526,0.451072283638805,1.57128615024525,5.27920849903403,11.9587900522098
-8.43723480157645,-3.0293409143575,-0.717836608979467,-0.145057338002346,0.340292641662292,0.721817839162454,0.800799201183218,0.48435625164396,1.49826083772257,5.23648600678587,12.0288348894775
-8.44766708687336,-3.04374742255436,-0.730255927501847,-0.140089620954535,0.336318421031826,0.725792059879513,0.787386311349176,0.501743399131543,1.47093844192969,5.23400214096183,12.0278413456855
-8.37166043681225,-3.01096019698865,-0.724791427354641,-0.112767177177017,0.326879647036836,0.748147051410391,0.775960516312943,0.478891719580228,1.49875760855954,5.24741501640429,11.9940608567536
-8.39600243584957,-3.01245052542331,-0.731249472985303,-0.127670328329313,0.315453762730932,0.757585825616276,0.778444384799012,0.470446533661139,1.50273177522239,5.24691824323959,11.9990285757129
-8.4128928025219,-3.00996664469998,-0.727772063800822,-0.160954032559133,0.30154399053161,0.751624494538687,0.778444384799012,0.483859476009731,1.49031250440865,5.24145373842812,12.0298284332702
-8.38308627303172,-3.00797954011776,-0.729759154765274,-0.165424977908313,0.29806654748124,0.740695387557378,0.766025042386518,0.47442073881207,1.52061552524479,5.25933757239152,12.0034995228093
-8.42084121024659,-3.01443762999706,-0.716843063504924,-0.174366868592378,0.282666442534319,0.730759835767648,0.783412121801497,0.483362700381795,1.48385448366947,5.2469182432765,12.0258542581446
-8.42431863868415,-3.02586348134519,-0.712868881579383,-0.183308759298162,0.278195444323709,0.722811394325696,0.794837916817834,0.502240174764824,1.45653208783493,5.223569904479,12.0437380463797
-8.4402154544022,-3.0447409748739,-0.718830154470216,-0.186786161236068,0.294092326841017,0.724798504684642,0.815205638392901,0.530059610711207,1.45007406700318,5.22406667764417,12.0536734842946
-8.39997663959238,-3.01890861529791,-0.697965699359234,-0.162941119358116,0.288130995896172,0.725792059864969,0.824147564932244,0.51863377095087,1.48633833785831,5.2305247287994,12.0417509588041
-8.34185390707374,-2.96625034384787,-0.697468926618129,-0.129657415079628,0.294092326838026,0.744172830699291,0.794341143135256,0.49627886707309,1.54048635873337,5.26927303572621,11.9900866816839
-8.29664733748401,-2.94588252191696,-0.686043153577193,-0.121709067805691,0.288627773469895,0.739205054802863,0.797818559019117,0.485846578582406,1.57227969201617,5.29460846711621,11.977667384281
-8.43574447501973,-3.0333151235273,-0.695978608391646,-0.201192540716444,0.280679332207632,0.684559519912362,0.861902365867585,0.542479001769098,1.4903125045165,5.21711185331748,12.0765249915053
-8.41935088382883,-3.05268939318653,-0.689520562760984,-0.184799074449527,0.281672887364917,0.679591744014996,0.871837839808427,0.539001572271936,1.49428667117858,5.21313766799937,12.071557272546
-8.42282831226273,-3.09243148479142,-0.693494744686165,-0.186289389565588,0.280679332207466,0.696482182064268,0.854450760408829,0.541485450483623,1.49080927534938,5.2012151120416,12.0670863254829
-8.39004112986305,-3.09541214166481,-0.682068971643849,-0.180328129100237,0.272234113368431,0.707411289045576,0.841037870593697,0.534530591492942,1.50074469200723,5.21462798750307,12.0660927816916
-8.40494439456823,-3.12372838192581,-0.697468926609275,-0.193244193428707,0.259317896307379,0.700456402790286,0.850476570840498,0.537014469706025,1.49130604618673,5.2210860386439,12.0780153071979
-8.34036358080379,-3.06957978210784,-0.698959244831241,-0.150025055054376,0.258324341149336,0.741688942741445,0.803283069639106,0.492801437569611,1.55141531697472,5.27970527216601,12.0104543293732
-8.3085699493774,-3.05417972159644,-0.690017335495802,-0.144063794589764,0.248388789577442,0.748147051406869,0.803283069639106,0.466472328549936,1.5742667752933,5.29113105496142,12.0129381888514
-8.28919570523195,-3.03381189964311,-0.715352745276866,-0.13313481707185,0.254846898100947,0.762553601516932,0.789373406131539,0.459517469562096,1.59910531693791,5.33782773247985,11.9910802254418
-8.27478921599531,-3.02636025746633,-0.717339836241378,-0.136612219008808,0.231498351902256,0.7595729359772,0.783908895463397,0.460511020846099,1.60755042109821,5.35322770059541,11.9890931378588
-8.24945366603985,-2.98910204666282,-0.704920517727626,-0.133134817077451,0.229014464007175,0.767521377410985,0.765031494942918,0.439149668204856,1.64083406682589,5.37607926613379,11.9667384025226
-8.17444056677624,-2.94091476050774,-0.700946335801125,-0.0814705596496063,0.240440348320722,0.795837700051798,0.725289599249851,0.418285091260521,1.70243365018954,5.41433079990742,11.9120934940408
-8.22213101390579,-2.95929547789154,-0.709391472395578,-0.124192926312661,0.22504024337748,0.7729859309105,0.754102473647234,0.46051102082685,1.67213062937173,5.39197600747751,11.9478610705322
-8.29466023563332,-3.00350855488106,-0.710385017877024,-0.154496000363263,0.220569245168366,0.740695387570515,0.799805653747318,0.506711155506415,1.6264277127047,5.36167284438438,12.0084672417839
-8.26634403268508,-2.968734224715,-0.718333381731708,-0.143567022848058,0.234479017372008,0.756592270443417,0.791857274592886,0.512672463212865,1.64232437934726,5.3979372853993,11.9806480156145
-8.37811851824654,-3.02437315304664,-0.718830154472768,-0.204669942668643,0.253356565381608,0.728772725401837,0.821663696392344,0.572782315872753,1.58171833765957,5.34080837138475,12.0586412032028
-8.41487990452354,-3.06063781162651,-0.727275291066456,-0.231495614752085,0.259317896329159,0.701449957972343,0.845508833856958,0.60209207876093,1.54893146270613,5.3308729080887,12.078512079047
-8.35924104962101,-3.03530222822652,-0.733733336697118,-0.204669942683269,0.248388789594593,0.696482182076019,0.834579812526865,0.586195258203493,1.58221510847246,5.35173738100166,12.0402606430622
-8.34533133588446,-3.03033446677717,-0.733733336697118,-0.217586007023262,0.257330786008443,0.709398399408627,0.837063681011148,0.562350027369165,1.5946343792835,5.34875674201457,12.0283381175604
-8.32347321429931,-3.03679255666358,-0.72826883654529,-0.202186084164171,0.262795339376444,0.715359730487716,0.846005607558154,0.558375822232851,1.61251812925854,5.35322770049738,12.0059833822433
-8.39351855835407,-3.10981864989408,-0.756088110029119,-0.23099884304219,0.271240558218505,0.696482182078124,0.891708787731514,0.590169463364779,1.56482812939319,5.30653102306347,12.0417509587745
-8.40196374170405,-3.11180575447584,-0.769997746776076,-0.239443962035712,0.261801784220809,0.689527295818604,0.895682977304774,0.581227501810355,1.56284104606177,5.30951166205557,12.0362864679216
-8.36222170242334,-3.08199918575262,-0.777449337892431,-0.209637659703048,0.268756670325621,0.701449957982031,0.861902365937656,0.567317783845689,1.57873771272586,5.32540840334178,12.0184026796804
-8.32595709153425,-3.04026998949064,-0.788875110933366,-0.192747421701978,0.270743780640902,0.714862952913215,0.838057228508635,0.532046713293779,1.6005956294054,5.3497502884532,11.9548158770531
-8.36669268175023,-3.0497087362449,-0.790862201897637,-0.206160257744198,0.25931789633145,0.690520851009745,0.846005607663066,0.545459655626613,1.58916990025731,5.33136968137213,11.9717061215157
-8.314531255095,-3.0268570335213,-0.788378338192486,-0.163934662726346,0.256834008436429,0.697475737273203,0.842031418092661,0.51068536072205,1.62891156695797,5.35720188599136,11.9269966509447
-8.37215721206636,-3.04722485548799,-0.79433961108476,-0.182315215841284,0.252363010225926,0.672636857764499,0.859418497473997,0.535027367154933,1.60854396279385,5.32888581556899,11.963757771227
-8.48989300338479,-3.10435411221295,-0.796823474789536,-0.240437505369095,0.249879122330905,0.638359204051472,0.882766861216584,0.582717828788267,1.53204125453397,5.28715686972007,12.0134349608097
-8.52168663479354,-3.13366390477931,-0.781423519819923,-0.252360026305706,0.228020908868039,0.61302354696933,0.876308803156732,0.612524367326609,1.50422208790681,5.24989888234176,12.0218800830405
-8.51075757400786,-3.12074772500826,-0.783907383525074,-0.260805145291485,0.222556355500038,0.61948165563665,0.865876555518127,0.611530816042404,1.49577698375387,5.25337629449433,12.0169123640793
-8.5216866347994,-3.11279930668644,-0.769997746777277,-0.24143104879998,0.216595024553057,0.619978433226569,0.863392687033431,0.629414739156273,1.49031250459556,5.25089242867015,12.0124414170148
-8.4561122700364,-3.06560557291512,-0.771488065000863,-0.214605376715209,0.206659472971905,0.638855981640516,0.834579812607377,0.615505021174556,1.54048635865516,5.27722140641335,11.9741899810215
-8.48939622792985,-3.09839279851275,-0.771984837742073,-0.233979473226399,0.222059577909996,0.624946209115933,0.852960439388537,0.617492123741545,1.53253802532465,5.26728594311103,11.9796544718739
-8.44965418865751,-3.07653464811942,-0.769500974036847,-0.225534354231202,0.219078912437004,0.616500990086073,0.852463665691762,0.617988899383565,1.55638302531214,5.27175690159748,11.9687254901608
-8.43127349550337,-3.10236700767682,-0.769997746777953,-0.209140887958597,0.21609824696394,0.629913985015569,0.845012060234586,0.600601751913301,1.54147990032681,5.26927303577435,11.9756802967019
-8.38258949738637,-3.06510879676214,-0.766023564850491,-0.198708682144362,0.218085357279981,0.643326979946472,0.829612075640966,0.613517918599395,1.56184750448107,5.27672463325411,11.9478610705403
-8.32744741786804,-3.03679255647178,-0.765526792109385,-0.162444347636474,0.223549910648243,0.672140080174152,0.811231448865903,0.579240399328011,1.59612469196516,5.29013750872262,11.9120934940499
-8.2688279098875,-3.00201822627481,-0.766520337591401,-0.14456056622535,0.210633693589352,0.686546630291467,0.783412121849999,0.567814559572341,1.63984052529144,5.31348584748275,11.8927193901209
-8.23604072749785,-2.98413428504353,-0.780926747078668,-0.115747807307345,0.213614359062914,0.699959625220682,0.786889537728669,0.576756521124937,1.6676596919186,5.34130514473215,11.885764583578
-8.27776986870428,-3.00648921157483,-0.782417065301939,-0.152012141816132,0.216595024536547,0.669656192228007,0.801295974942293,0.589672687815649,1.63785344193929,5.31149875483225,11.9160676692309
-8.29366668440927,-3.03381189956736,-0.797817020273413,-0.193740965051871,0.213117581483352,0.657733530067079,0.812224996272386,0.592156566024609,1.60307948362504,5.29063428189629,11.953325561417
-8.34235068247506,-3.06908300585065,-0.798810565755878,-0.213115061553938,0.219078912432612,0.636372093702809,0.846005607663781,0.621963104544681,1.52409292123815,5.25238274818187,11.9915769974104
-8.28323439908175,-3.02089571976085,-0.789868656416388,-0.211624746437028,0.174865707902298,0.656243197306855,0.823154017608686,0.620969553261211,1.53303479623476,5.25685370666856,11.9572997365948
-8.29863443929257,-3.02486992892176,-0.778939656117848,-0.224540810784064,0.179833483690381,0.646307645503165,0.835076586327481,0.626434085322596,1.51614458791315,5.25983434565894,11.9970414882626
-8.31353770401114,-3.0129473014302,-0.77397192870747,-0.250372939462129,0.179833483690381,0.640346314424326,0.846005607663617,0.654253521267559,1.51763490041217,5.25138920185785,11.9970414882626
-8.3438410089508,-3.03579900411752,-0.792849292871469,-0.254347113105007,0.173375375162555,0.617494545278235,0.840044323301254,0.649285764850846,1.49925437959092,5.25287952135345,12.0084672418673
-8.31651835698059,-3.0109601968734,-0.788875110943167,-0.262792232094134,0.170394709689136,0.612029991789472,0.83010884936096,0.632892168656223,1.51068010873957,5.28516977707199,12.0064801542834
-8.27478921578693,-2.96823744841622,-0.787881565461151,-0.242921363878268,0.174368930323495,0.622959098769176,0.820670149113638,0.594640444207965,1.54147990034535,5.28914396239,11.9647513150159
-8.26932468539268,-2.9558180447914,-0.767513883086292,-0.245405222404051,0.173872152744598,0.621965543589494,0.819676601719801,0.56185325182835,1.52011875454571,5.30106651834152,11.9597835960558
-8.32744741789909,-2.99158592728577,-0.775959019687379,-0.263289003829804,0.160955935689101,0.60904932623657,0.860412044813076,0.589175912107366,1.48137062950789,5.27722140638781,11.9990285757971
-8.32347321397193,-2.98016007593957,-0.781423519842015,-0.26527609065272,0.16791082179491,0.61451387972774,0.863392686992857,0.593646892882693,1.50173823367052,5.27424076739508,11.9925705411543
-8.28969248061047,-2.97270843376263,-0.770991292279118,-0.262792232125768,0.177846373373213,0.615507434907901,0.850973344576931,0.57377586720772,1.549925004471,5.31199552794487,11.9682287182543
-8.35824749833953,-3.02039894370667,-0.77446870146612,-0.272230894534738,0.212124026331871,0.617494545267389,0.885747503344888,0.56533068129618,1.53253802530735,5.29907942564712,12.0169123640404
-8.34831198852505,-3.01741828683592,-0.791855747399029,-0.236960103452886,0.197220698964061,0.630907540201386,0.876308803109828,0.567317783863576,1.55638302528676,5.30255683780197,11.9940608568369
-8.33589260125898,-3.00648921164064,-0.789371883694403,-0.220069865467306,0.188278702542307,0.628423652251427,0.889721692922364,0.532543488926156,1.56532490027861,5.28367945752708,11.9766738404817
-8.34930553952225,-2.99158592727682,-0.778442883386288,-0.210631203066758,0.203182029911185,0.62792687466105,0.890218466619303,0.515156341457668,1.57476354610779,5.2916278281683,11.9866092783958
-8.35029909050248,-3.00599243547521,-0.781423519832425,-0.203179627487932,0.196723921383977,0.618984878040354,0.904128130134176,0.541982226132584,1.56284104612645,5.26082789194567,11.9756802966826
-8.4044476189691,-3.06659912517011,-0.787384792725419,-0.229508527878197,0.200201364438418,0.610042881420971,0.936418420433435,0.581724277505876,1.52011875453183,5.2424472848429,12.0323122928195
-8.42183476113662,-3.07504431963427,-0.796326702057616,-0.249379396095541,0.197717476543754,0.601100884801963,0.938902288917925,0.60457595704902,1.52558323369199,5.2255569972427,12.0496993091767
-8.41438312875673,-3.06212813983835,-0.790862201903476,-0.245901994150394,0.209143360862487,0.600107329620678,0.91903134107908,0.60457595704902,1.54297021288468,5.23151827523394,12.0328090647364
-8.39053790520655,-3.03828288487289,-0.781920292560473,-0.236463331743296,0.228517686430688,0.601597662390778,0.900650714295889,0.594143668571657,1.55837010870155,5.26480207729277,12.0149252764887
-8.44717031116098,-3.05964425911979,-0.795829929312473,-0.271237351148643,0.229014464009479,0.599113774440298,0.91555392519397,0.629414739130773,1.50769948373303,5.22704731674298,12.0685766412258
-8.43524769936901,-3.03877966100735,-0.804771838653855,-0.277695383325763,0.222556355485357,0.568313563849505,0.906115224963605,0.648788989157687,1.52061552539887,5.23400214105825,12.0382735555913
-8.41338957779054,-3.04573452703968,-0.805268611395066,-0.294088849595524,0.229511241591664,0.560365122408053,0.893695882541499,0.632892168612837,1.50968656707841,5.24344083118963,12.0447315902373
-8.44617676018584,-3.08001208107828,-0.807255702358737,-0.314456489521077,0.240440348328841,0.54546179470283,0.896676524720704,0.660214828926043,1.48683510875817,5.22754408989091,12.0745379039839
-8.32446676508768,-3.01841183914153,-0.799804111243732,-0.289617904277713,0.20616269536445,0.590668555384498,0.857431402620202,0.634879271158422,1.54942823362081,5.26033111875071,11.9821383312746
-8.28621505237619,-2.99655368877503,-0.802784747690409,-0.272230894604558,0.203678807468836,0.604578327904121,0.826631433394223,0.604079181343334,1.57873771272919,5.31646648634473,11.9722028933505
-8.3284409691487,-3.01940539148751,-0.806262156878987,-0.302037196974903,0.209640138417954,0.597126664052057,0.859915271026588,0.62842118776938,1.53601542104563,5.28914396224007,11.9876028221089
-8.34682166230987,-3.03530222813417,-0.813216975251836,-0.299056566741045,0.207653028102008,0.592158888151149,0.861902365813933,0.62842118776938,1.51614458772898,5.2787117257736,11.9796544717752
-8.30807317396893,-3.02586348136473,-0.813713747993046,-0.257327743446353,0.189769035252518,0.624946209111579,0.840044323165829,0.608550162115719,1.54297021274023,5.31298907418682,11.9503449299332
-8.33241517300997,-3.04474097487705,-0.825139521043302,-0.262792232207816,0.165923711473706,0.613023546948151,0.853953986679164,0.612027591608795,1.53154448358688,5.29957619873731,11.9488546142455
-8.305092520999,-3.03182479509753,-0.824145975560626,-0.229508527918603,0.154001049579458,0.61799132284885,0.841534644264955,0.591659790307812,1.55389917108842,5.33931805194553,11.9150741253464
-8.33738292794824,-3.05865070695979,-0.846003976193366,-0.252360026408199,0.14754294105333,0.616997767667835,0.830108849242619,0.609543713392453,1.52210583774252,5.32689872280933,11.9493513861442
-8.39749276233329,-3.0785217527778,-0.841036248781937,-0.272230894631945,0.131149280941884,0.616004212487466,0.846005607541376,0.63239539292159,1.51763490024611,5.3139826205231,11.9433901233941
-8.3572539475812,-3.02983769053502,-0.836565294114015,-0.258818058581083,0.128168615468679,0.633391428142647,0.832592717731064,0.615505021096138,1.56880229601483,5.35620833956846,11.9135838096475
-8.4104089249621,-3.07107011052318,-0.84451365797014,-0.294088849635838,0.1564849374868,0.620475210813831,0.860412044798493,0.647298662211011,1.54247344192919,5.34329223729713,11.9553126489655
-8.46108002492968,-3.10087667920982,-0.831100793964348,-0.347243422112624,0.154497827170095,0.60606866070407,0.880779766389325,0.669156790471903,1.48385448367059,5.29113105502497,11.9707125777466
-8.29863443960432,-2.9900955988764,-0.817191157214449,-0.262295460473995,0.14307194284945,0.640843091993649,0.790366953572635,0.589672687743586,1.58718281689221,5.36564702976302,11.8599324449159
-8.29217635822188,-3.01096019699149,-0.827623384779237,-0.263785775590868,0.133633168846116,0.644320535124393,0.771986326781315,0.593150117236928,1.60357625437984,5.37707281255933,11.8584421292281
-8.33440227500651,-3.03281834741073,-0.826133066555651,-0.330849955928305,0.143071942851931,0.609049326210567,0.809741127702251,0.604575956990262,1.56830552519112,5.32441485700042,11.9081193187765
-8.30161509263003,-3.033315123556,-0.792849292909637,-0.319920978406869,0.135620279165445,0.620475210783972,0.804773390734438,0.598614649287466,1.58569250433499,5.32938258864949,11.8976871089608
-8.2703182367255,-3.01841183920385,-0.789371883720743,-0.308992000891122,0.122207284526244,0.62494620909371,0.78788308503734,0.594143668511225,1.61202135847224,5.33484709345909,11.8653969357182
-8.25988595139905,-3.02834736212358,-0.764533246640336,-0.322901608680158,0.1212137293682,0.617494545234769,0.819676601603217,0.569304886444784,1.60009885845482,5.32491163014427,11.8743388298339
-8.2151761572151,-3.00450210714399,-0.776455792430286,-0.31992097844534,0.131646058531524,0.62643654185659,0.812224996152426,0.579737174916552,1.60109240012078,5.33136968128848,11.8783130050007
-8.20822130035068,-3.0194053914933,-0.789371883696488,-0.323398380383591,0.137607389477509,0.623455876316608,0.801792748515262,0.579240399274406,1.56631844184524,5.33236322761783,11.8549647258817
-8.15109211905783,-2.98016007608122,-0.777449337913742,-0.298559795127301,0.116742731152106,0.61799132282922,0.779437932125192,0.549433860730734,1.59413760842528,5.35670511266029,11.8122423427698
-8.14314371121324,-2.98214718066167,-0.80626215690264,-0.27372120984023,0.121213729364425,0.622462321140083,0.774470195153947,0.559369373568475,1.64331792087389,5.37111153444506,11.7923714669219
-8.23703427875447,-3.03480545196573,-0.802287974976258,-0.318430663289365,0.13114928094795,0.604081550321951,0.805270164406319,0.606563059602585,1.59910531681869,5.32987936179291,11.8594356729372
-8.24746656406535,-3.01692151072309,-0.806262156907443,-0.340785390055764,0.12767183789301,0.59414599851847,0.846005607540128,0.612524367304011,1.57774417099889,5.30653102302788,11.8703646546459
-8.17295024037411,-2.96674712001829,-0.805765384166278,-0.271237351191622,0.144562275576932,0.620971988401374,0.807754032922336,0.580233950592487,1.64878240014807,5.36713734922447,11.8052875363233
-8.20722774922323,-2.9697277768901,-0.813713748015919,-0.283159872124392,0.16691726662838,0.597623441658539,0.813715317283546,0.575266194172094,1.62394385850946,5.36018252491541,11.8052875363233
-8.23057619727541,-2.97121810532489,-0.801791202231012,-0.307501685690336,0.190265812846596,0.591165332988647,0.829612075587137,0.588182360856209,1.59016344187441,5.34130514465735,11.8033004487382
-8.13618885403609,-2.90365654955368,-0.804275065937364,-0.224540810805807,0.186291592213946,0.619978433230225,0.792850822052761,0.578246848020752,1.66915000436071,5.39048568801478,11.7233201735119
-8.18536962764267,-2.92551469995071,-0.791358974665309,-0.238450418572083,0.191756145583122,0.587191112267045,0.801792748593339,0.577750072379366,1.65076948353279,5.36117607126565,11.7302749800528
-8.19778901490185,-2.92154049078997,-0.779436428880761,-0.235966560044699,0.160955935677137,0.585700779496914,0.805766938170115,0.575762969810651,1.65225979603152,5.35769865911271,11.7407071898738
-8.28323439914295,-2.95929547776748,-0.780926747103131,-0.290611447649169,0.168904376946426,0.568810341437016,0.843024965471449,0.615008245550296,1.59115698367226,5.3085181158314,11.8018101331459
-8.26684080797117,-2.94041798425995,-0.769004201308499,-0.286140502300765,0.171885042420772,0.573281339747036,0.834083038919747,0.603582405786457,1.58916990034329,5.32193099127633,11.7948553265965
-8.30161509233181,-2.97568909057683,-0.786391247243508,-0.305514598826361,0.183310926735956,0.54645534987876,0.85743140267266,0.624446982733457,1.56085396286465,5.30553747682342,11.797835957972
-8.27031823641172,-2.9493599548833,-0.775959019676199,-0.284153415471273,0.200201364425932,0.551423125781022,0.837063681117297,0.623453431450013,1.59016344200708,5.32888581558846,11.7551135749093
-8.29515701095171,-2.96724389611231,-0.775462246935048,-0.311475859281972,0.199704586847188,0.532545577348072,0.851470118320567,0.644814784049791,1.55787333787884,5.28169236487832,11.7933650108844
-8.27826664426678,-2.9563148209175,-0.794836383834644,-0.306011370520238,0.199207809268528,0.54645534987849,0.84252819177801,0.661705155873949,1.56582167120647,5.29411169399986,11.7819392572731
-8.29863443939327,-3.00102467400517,-0.79533315657551,-0.334824129473239,0.19672392137422,0.531552022172017,0.860908818549009,0.669653566136834,1.5683055253727,5.26380853091468,11.8276422717026
-8.39947986402467,-3.06014103529435,-0.787384792716504,-0.392449647320677,0.207653028112181,0.512674473741838,0.896179750995616,0.700453655910232,1.51167365041337,5.23747955317356,11.8852678116355
-8.33589260119744,-3.02685703356152,-0.78986865642188,-0.372082007380483,0.206162695375275,0.537513353263567,0.889721692938977,0.685550386662756,1.54644760872257,5.27970527220452,11.8514873227098
-8.35029909042553,-3.03281834730288,-0.789371883681045,-0.382017441491864,0.220569245175689,0.523106803147461,0.902637809057432,0.706414963624142,1.54942823371971,5.27672463321578,11.8455260599553
-8.28671182770774,-3.01195374922886,-0.796823474794924,-0.33482412946105,0.209640138429633,0.521616470376892,0.876805576803386,0.672634219954256,1.58817635865156,5.31298907423356,11.7869069761679
-8.33042807085548,-3.03877966105989,-0.783907383527161,-0.352211139154889,0.210136916008649,0.503235699541414,0.890715240326333,0.704427861019599,1.56532490035455,5.28069881851671,11.8157197461493
-8.3339054992941,-3.04970873626743,-0.77546224692786,-0.351217595742864,0.189769035268506,0.492803370139991,0.919031341007252,0.693498796907295,1.55986042118751,5.28169236484759,11.8177068337328
-8.30360219439154,-3.04523775096391,-0.76503001936717,-0.352707910859922,0.183807704320669,0.498267923631275,0.921018435794157,0.673627771227754,1.56383458784766,5.27672463319787,11.8067778520108
-8.25740207376616,-3.01294730153254,-0.761055837438507,-0.313959717830339,0.15251071683593,0.537513353251325,0.890218466586911,0.644318008352303,1.60606010862052,5.3343503203649,11.7387201022602
-8.11135007994852,-2.92750180473027,-0.741184927798196,-0.274714753130749,0.10978784502677,0.574771672488988,0.867863650211054,0.588182360762438,1.68852406671304,5.38998891472944,11.6711591243091
-8.05869187794691,-2.88527583236746,-0.737707518612454,-0.221063408906684,0.0849489660673635,0.590171777785515,0.848489476046493,0.56284680303817,1.73124635832524,5.42476303629849,11.6224754785018
-7.99510461507953,-2.84901117374384,-0.733236563943452,-0.195728051901626,0.0601100871091436,0.600107329592747,0.81868305426516,0.537511245324901,1.76055583749037,5.43817591175609,11.5688241137397
-8.07359514265443,-2.88527583235057,-0.735720427649203,-0.227024669379238,0.056135866476873,0.588184667425568,0.83706368103565,0.558375822268171,1.70044656666164,5.40290501704258,11.6189980752206
-8.06514995931285,-2.8927274745294,-0.742178473281232,-0.226527897673552,0.0496777579468873,0.60209443995161,0.837560454732328,0.566324232533289,1.68405312917203,5.40439533653701,11.6339012321051
-8.09346616222265,-2.91309529645859,-0.739197836835275,-0.247392309294524,0.0581229767966169,0.613023546933606,0.866373329167143,0.583214604375565,1.65971135839005,5.37806635881868,11.6815913341767
-8.07111126514927,-2.88080484703611,-0.74019138231705,-0.226527897663728,0.0526584234267878,0.626933319459064,0.85792817631521,0.557879046655825,1.65772427505867,5.39545341959614,11.6701655805662
-8.03434987882165,-2.84752084528355,-0.729262382018511,-0.20914088796127,0.0402389839412975,0.631404317774522,0.829115301937736,0.545956431253582,1.68454990004655,5.41582111936775,11.6493011609336
-8.04627249058237,-2.84503696455975,-0.742178473285103,-0.198708682144191,0.025832434143637,0.635875316084636,0.820173375394933,0.554401617169867,1.68604021254391,5.42426626317151,11.6766236152323
-8.0805499994256,-2.87534030940944,-0.742178473285103,-0.211624746479062,0.0471938700510235,0.613023546946691,0.848986249816209,0.561853251803406,1.63636312927271,5.38899536846078,11.6945074035006
-8.25839562465928,-3.00350855472946,-0.766520337597795,-0.288127589129115,0.0750134144948656,0.558874789635316,0.899657166894898,0.649782540434257,1.51515104617894,5.27275044790601,11.8092617115614
-8.28720860309977,-2.99357303183161,-0.775959019675089,-0.291604991065211,0.0884264091366309,0.545461794700194,0.901147487985221,0.662201931479688,1.49378990038396,5.28964073550222,11.8092617115614
-8.28224084819482,-2.99059237496092,-0.779436428861986,-0.29110821935955,0.102832958936013,0.537513353254742,0.906611998648832,0.661208380196142,1.49080927538603,5.29212460132666,11.8370809377445
-8.1868599539576,-2.93743732743319,-0.798313793037963,-0.249379396066926,0.0869360763993335,0.542481129158462,0.885250729697572,0.628917963488741,1.55638302537227,5.33286000084905,11.779952169716
-8.1456275882705,-2.89421780282888,-0.797320247555947,-0.229508527849583,0.0824650781850913,0.542481129158462,0.870347518791252,0.592653341627747,1.58867312950597,5.3413051446486,11.7397136461137
-8.16351150591364,-2.9026629972925,-0.8032815204484,-0.23149561467176,0.0958780728217288,0.542481129158462,0.86140559224746,0.600104976259383,1.57824094201915,5.34229869097826,11.7233201735338
-8.15755020003066,-2.90465010187107,-0.818681475423596,-0.241927820484444,0.0933941849258772,0.524597135909945,0.88177331382478,0.596627546765863,1.58916990033934,5.3576986590821,11.7104041042306
-8.10886620200118,-2.87782419004515,-0.841036248769285,-0.236960103429369,0.115252398415378,0.565332898300803,0.853457213098466,0.581227501860483,1.60307948365258,5.38104699781773,11.693513859757
-8.2156729326018,-2.94339864124179,-0.839545930545699,-0.308495229141256,0.123697617263493,0.517642249616083,0.894192656201874,0.640343803171823,1.52061552530262,5.32143421794597,11.7566038905115
-8.1635115061192,-2.91508240097121,-0.858920067457001,-0.324888695424425,0.116245953577363,0.529564911777761,0.892205561415682,0.643821232666497,1.55389917110762,5.32987936175593,11.7441845931039
-8.13271142568431,-2.87832096619545,-0.85246202181951,-0.290114676001838,0.105813624415284,0.520126137554851,0.872831387255405,0.61649857240004,1.56085396277989,5.38452440996884,11.7138815074617
-8.12923399725014,-2.88925004138333,-0.85941684019572,-0.313959717865606,0.106807179573589,0.530558466949492,0.877799124222256,0.617988899324958,1.52309937945997,5.35521479324816,11.7377265584777
-8.04031118461208,-2.83261756091226,-0.858423294713674,-0.263785775657223,0.114258843259008,0.559868344766382,0.834579812564656,0.584704931296851,1.5802280251783,5.40141469752333,11.6433398981249
-8.07111126500456,-2.85795314429832,-0.846003976174408,-0.274217981472234,0.1296589482166,0.564836120669061,0.833089491474086,0.581724277444235,1.58370542100506,5.38452440992712,11.6443334419174
-8.12178236501477,-2.90912108722933,-0.865874885826126,-0.300546881864456,0.134626724010143,0.538506908380723,0.853953986739474,0.624943758284543,1.537008962703,5.36316316383863,11.7133847354785
-8.18735672981163,-2.95134705959304,-0.875313567910265,-0.353204682723955,0.11674273115937,0.497771145967651,0.881276540053756,0.670150341655279,1.48534479602342,5.3124923009596,11.7620683812996
-8.18835028079204,-2.95234061188239,-0.867861976791433,-0.366120747070991,0.127671837898898,0.50770669777405,0.874321708298242,0.677601976283489,1.47342229603746,5.2995761986798,11.7660425564703
-8.23306007489732,-2.98264395672502,-0.862397476637458,-0.369101377303888,0.116245953577707,0.468461268154823,0.907605545989485,0.698466553249139,1.4490805252331,5.26927303563437,11.7675328721595
-8.12774367076717,-2.94240508892354,-0.861900703896293,-0.310979087643528,0.118233063894412,0.51168091852943,0.884753955967234,0.639847027579819,1.50124146278213,5.33087290816529,11.6984815786508
-8.16400828154874,-2.95482449254679,-0.857429749222428,-0.317437119819367,0.121213729369185,0.499758256367753,0.882766861180824,0.651769642985412,1.47739646280791,5.33385354715615,11.7218298577735
-8.10737587568313,-2.9056436542206,-0.867861976791944,-0.294585621374519,0.132142836110279,0.534532687696714,0.86935397136532,0.618982450615007,1.53899604608806,5.36216961753172,11.6850687374513
-8.06962093842784,-2.89620490746713,-0.860907158415734,-0.29657270819778,0.125684727580447,0.515655139264951,0.871341066151676,0.611530815989271,1.57625385857528,5.36167284436657,11.656752739368
-8.16053085302777,-2.96625034385925,-0.863391022120961,-0.35171436746333,0.129658948211578,0.500255033975853,0.919528114774754,0.652266418642733,1.52806708784944,5.29411169399058,11.7461716807612
-8.07260159135881,-2.91359207253848,-0.829610475741616,-0.312469402758877,0.135123501580885,0.516151916857423,0.918534567380972,0.625440533948633,1.56731198356769,5.34825996887812,11.7104041042104
-8.08104677470346,-2.91359207253848,-0.815700838982891,-0.307998457406817,0.156981715058374,0.517145472038646,0.91456037780848,0.604079181361402,1.56880229606833,5.34776319571298,11.6945074035465
-8.08402742765271,-2.90663720649688,-0.796823474820033,-0.285146958903624,0.169401154539709,0.52757780144379,0.92052166216244,0.582221053151307,1.58171833775042,5.34676964938067,11.6885461407965
-8.09495648843964,-2.92551470000241,-0.785397701777717,-0.28912113255054,0.146549385895963,0.508700253008068,0.934928099367304,0.57973717494222,1.57973125441876,5.31348584731136,11.7039460695789
-8.01646596106138,-2.88328872769142,-0.780429974366588,-0.246398765921366,0.155491382321777,0.538506908421014,0.900650714281346,0.551917738983048,1.6393437542966,5.33931805187773,11.6642043178463
-8.00056914538072,-2.84503696453669,-0.773971928732804,-0.223547267468589,0.154994604742618,0.538506908421014,0.898663619495429,0.539995123571061,1.67461448342129,5.35024706149938,11.6532753361276
-7.98119490125824,-2.82516591874265,-0.753604246345023,-0.197715138777718,0.141581610102776,0.540990796371858,0.891708787741262,0.526085405597159,1.68554344174624,5.35124060782956,11.646320529582
-7.92803992393526,-2.82566269488685,-0.735223654917462,-0.182315215927405,0.145059053155556,0.557384456837805,0.87233461354564,0.510685360676832,1.71137552500226,5.35819543212586,11.61800453147
-7.95138837196824,-2.84752084526908,-0.744662337000174,-0.177347498869622,0.164930156317859,0.564339343103889,0.86985074506266,0.510685360676832,1.71137552500226,5.36316316377675,11.6433398981772
-7.95238192294923,-2.83808209850902,-0.743668791518039,-0.187779704693682,0.149530051367994,0.556390901660437,0.862895913310606,0.506711155543664,1.71882708749303,5.36316316377675,11.6537721079917
-8.02491114441738,-2.89918556429788,-0.7789396561216,-0.234973016689407,0.146052608314965,0.527081023839243,0.871837839852668,0.537511245374485,1.6731241709532,5.297589106095,11.6900364564387
-8.03285955227367,-2.88875326524464,-0.774468701451653,-0.245405222512433,0.117736286305639,0.532048799744735,0.887734598137364,0.547446758208672,1.6696467751182,5.2777181794789,11.7099073322676
-7.95072600449384,-2.84663768760041,-0.781589110739849,-0.210851990538049,0.11459002830235,0.550208780546246,0.862730322077566,0.521724819419491,1.7213661385088,5.32342131069946,11.6833024373769
-7.92319636278197,-2.83373530717861,-0.792352520128169,-0.187531318814502,0.130528308970038,0.572908756548134,0.851345924854844,0.510685360702428,1.74316885837016,5.35571156642962,11.6699171946031
-7.99496267907398,-2.86398542599704,-0.794836383835033,-0.241289114044387,0.128310551917866,0.553836045496981,0.880708798726563,0.531975745363787,1.69171759360057,5.3290987183079,11.7378684932968
-8.01365089993545,-2.89852319606999,-0.802287974952521,-0.262461051025855,0.129493355674427,0.540825203844978,0.867698059043578,0.549599452660246,1.67279299043659,5.29858265245664,11.7630619251615
