0,0,0,0,0,0,0,0,0,0,0
-0.0223548981566122,-0.0379205775619995,-0.00447095381815838,0.00430535466217832,-0.0200366972212494,-0.0250044731715185,-0.0299720090239753,-0.031959238218768,0.0400728510307507,0.0175526529346655,0.00496771856821042
-0.0411613997838957,-0.0458453395543649,-0.00127741536710976,-0.0146192812090366,-0.011638789884393,-0.0378970350225766,-0.0187354626229834,-0.0107871300114225,0.0388900632262895,0.0343483181395738,0.00212902225303609
-0.0670646944929364,-0.0561357021451524,-0.0137854409481702,0.00968704797517665,-0.0214856319355421,-0.0506713164911784,-0.0196225583859699,0.00385001183640516,0.0398658631754868,0.0376305696168235,0.00807254267775043
-0.0678926536742902,-0.081802468623116,-0.0113705739099091,0.00264944901403134,-0.0186567593924879,-0.0501193413637118,-0.0109290198561982,0.0058509140576915,0.0478003980776941,0.0324558488238626,0.0154551244303447
-0.0645808168991711,-0.0735228665332359,-0.0198709058729971,-0.00943866214736247,-0.0163936613580445,-0.0541487597762489,0.000496773636502579,-0.00496775725194298,0.0422255248639148,0.0327870309561938,0.00844512157440634
-0.0596130617489186,-0.0844519412882336,-0.0243418596984709,-0.0193740959781428,-0.0312969898638353,-0.0566326478389738,-0.00645805718223408,0.00347743004435423,0.0253353149264527,0.0556385979790341,0.00596126229453929
-0.0889228171487237,-0.108297195299638,-0.025335404992683,-0.0173870092112512,-0.0283163241606607,-0.0481874284246386,0.0014903208963222,0.0114258416155838,0.0268256275685239,0.0531547319978631,0.00993543714289036
-0.10581318463673,-0.112271404298619,-0.0367611758685257,-0.0183805525940105,-0.037755098884986,-0.065077867249919,0.011425793497499,0.012419393062349,0.0178837517083048,0.0387483092933357,0.0243418209752698
-0.0273226532794249,-0.0616002395509795,-0.0104322255629576,0.00099354337529426,-0.0526584274048212,-0.0447099851304118,0.0129161143894851,0.00496775721170671,0.030303023722821,0.0377547629012751,-0.0198708742099492
-0.0422259187244205,-0.0685551053016774,-0.00298063585405492,-0.00943866214457978,-0.0670649782991479,-0.0521616493185864,-0.0144064352685973,-0.00745163587753949,0.0720317776931329,0.0690514742540852,-0.000496771818346259
-0.0119226123163741,-0.0476905080373171,0.00794836238227806,0.0168902374852253,-0.0466970960012564,-0.0303034343612974,-0.0119225671158296,0.00844518727938194,0.060606047445667,0.0745159794099121,-0.022851505347421
0.00993551034389151,-0.0337807765335849,0.0158967247345655,0.0372578768400843,-0.0576262035756027,-0.020367882106935,-0.0208644924573768,0.000496775708772434,0.085941362345331,0.0710385670377459,-0.0337804861834882
0.0392452657357638,-0.0367614332858867,0.0188773606192274,0.0134128356544487,-0.057129425958413,-0.00596133133795702,-0.0442128530902082,-0.0109290659256123,0.0864381332259849,0.0854449897212895,-0.0387482047440614
0.0382517147056174,-0.0198710450185869,0.0119225435574821,0.00248385843519635,-0.07252953209018,-0.0213614373359602,-0.0620967037767178,-0.0054645329700369,0.0809736535397318,0.0784901649709716,-0.0342772580404216
0.0367613881606135,-0.0322904481488748,0.0119225435574821,0.0173870091839412,-0.0794844187289044,-0.0223549925615223,-0.0928966688512906,0.0183807017492298,0.0849478205856939,0.0804772577558297,-0.0208644179264211
-0.025335551286577,-0.0670647769483676,0.00149031796008559,-0.0149031507999615,-0.0819683068142533,-0.0586197583071834,-0.0909095743313807,0.0129161687932284,0.0879284458697998,0.0615998763041787,0.0218579616639161
-0.0327871840206715,-0.0834583890951504,0.0019870906071989,-0.0208644111012246,-0.0834586396657864,-0.0685553105596571,-0.0849482907747399,0.0387485063768969,0.0476900044953556,0.0114257834140924,0.0392449766204012
-0.0779937558814158,-0.118729493990353,-0.0168902699872935,-0.0511674842989392,-0.0884264158382245,-0.0740198642998452,-0.0829611962551546,0.0521614509031723,0.0730253194223815,0.0198709277594678,0.0680577442682218
-0.183310165099358,-0.195233017278556,-0.0347740852846967,-0.0829608725660667,-0.0804779739596344,-0.0919038583550535,-0.0715354027539822,0.0665679468784597,0.0630899018113782,-0.0034774124691051,0.124689735844219
-0.188277920249611,-0.217091166794059,-0.0427224476409771,-0.0869350460988689,-0.0829618620458834,-0.0854457493918324,-0.0307999650969341,0.104322901844744,0.0312965654608491,-0.0611031032544048,0.129160682548523
-0.210136042901004,-0.222058928045809,-0.0571288544085423,-0.101838196828492,-0.0928974143837975,-0.088923192679133,-0.0352709277721599,0.120219724988442,0.0243417731331468,-0.0670643816062947,0.145057381948373
-0.213116695989945,-0.224542808670876,-0.0620965808782817,-0.100347881754555,-0.0909103039153024,-0.0879296374539276,-0.041232211335631,0.109290659073457,0.00894187584497369,-0.0710385671752738,0.133631629252646
-0.214607022534487,-0.215600838415097,-0.0422256749940397,-0.0869350460841605,-0.0909103039153024,-0.0943877464182399,-0.037754795920333,0.101839023221265,0.00645802144158267,-0.0889224022323648,0.119225245423187
-0.27173620683253,-0.243420301450017,-0.0531546732397387,-0.106309142078327,-0.0765037530174949,-0.110284630039661,-0.0293096442050701,0.0978648174355466,-0.00149031265014637,-0.0774966187153471,0.135121944809503
-0.25931681896014,-0.231497674444815,-0.033283767352561,-0.0983607950168408,-0.0879296382147928,-0.0884264150869894,-0.00447096268925201,0.104322901833561,-0.0377545869734821,-0.109290103298334,0.117238157989748
-0.250871635186503,-0.222555704177206,-0.0178838152824893,-0.0735222104092411,-0.0854457501294439,-0.0695488657877485,-0.0213612661154001,0.0993551445994768,-0.0342771908092468,-0.100348185766237,0.102335002324337
-0.214110247052604,-0.194736241146959,-0.0238450870488187,-0.0556384295107475,-0.0814715291922619,-0.0650778672736158,-0.0288128705615057,0.0765034613541671,-0.0203676061275505,-0.069051474343799,0.07203191910914
-0.137606817796383,-0.160955464626546,0.000993545307951718,0.00943866205437284,-0.059613314042513,-0.0362647657487458,-0.0437160794636782,0.0536517780815365,-0.0263288566957621,-0.0402386289587811,0.0193741023563877
-0.0968712255005166,-0.123200479076776,0.00546449913408628,0.0293095297272117,-0.0511680945498786,-0.0457035403944779,-0.0720321764145007,0.0163935988128289,0.0024838543627117,0.0243418864960915,-0.0163934712604083
-0.08147118453786,-0.107800419188751,0.0139096341375095,0.034277246643092,-0.0521616497844622,-0.0397422090453863,-0.102335367833625,-0.0134129445754083,0.0099354175743479,0.054148278303694,-0.0288127676625964
-0.105316409269674,-0.11723916556995,0.0193741332576944,0.0193740959024377,-0.0601100916582505,-0.0407357642704238,-0.108793425033112,-0.0312968706129987,0.00596125052887361,0.0506708659308833,-0.0119225245577888
-0.1405874708484,-0.150523165971004,0.0124193161975932,-0.0124192923654743,-0.061103646892474,-0.0447099851714971,-0.10034827331877,-0.0317936463365555,-0.00198708355992905,0.0422257215940072,0.0288127676455181
-0.184800491709153,-0.163936121355939,-0.00248386321338637,-0.0407352787912339,-0.0496777617004219,-0.0332841000819974,-0.0804773281012368,-0.00894196306570683,-0.0283159402546158,0.0124193297942993,0.0720319191169575
-0.183310165160633,-0.17436842000247,0.00447095385288062,-0.0650770917334181,-0.0616004245116803,-0.0124194403310863,-0.0864386116645452,-0.00347743011055753,-0.0342771908254611,-0.014903196018843,0.105315633434802
-0.191755348913206,-0.18976847988532,-0.00596127173495908,-0.0615996898950048,-0.0422260974417465,-0.036761543347847,-0.0819676489952962,0.00397420573059508,-0.0307997946546529,-0.0298063919356713,0.0983608274469921
-0.126180980882964,-0.16542644972951,-0.00844513497111317,-0.0491803976026985,-0.0397422093566978,-0.0213614373517957,-0.0784902335827498,0.0243420103821352,-0.0322901072963949,-0.019374154820278,0.0427223795760886
-0.103826082719143,-0.15847158397706,0.00198709061857609,-0.0223547262847433,-0.0466970959972709,-0.0203678821265484,-0.114754708597328,0.00049677566224883,0.0312965654124695,0.0332838039631197,0.0347740298761637
-0.221065104269655,-0.207652420397787,-0.0044709537906537,-0.0983607950799047,-0.0735230873206583,-0.0452067627493376,-0.127174049358456,0.00645808434469977,0.0521609423935283,0.0188773812761427,0.102831774155561
-0.217090900146687,-0.204174987521233,-0.0144064067392339,-0.0844511877205877,-0.0725295320864587,-0.0178839940483973,-0.0829611962440155,0.0566324324096055,-0.00645802152722116,-0.0765030723970512,0.0953801963143486
-0.224542532869401,-0.21609761453044,-0.0208644511532347,-0.100844653547645,-0.064581090211134,-0.0293098791354835,-0.0804773280930096,0.0630905168143347,0.0104321884089972,-0.0760062992006591,0.0834576717643002
-0.238949022822263,-0.228020241543653,-0.0288128135104546,-0.113760717531804,-0.0705424216184918,-0.0447099851289322,-0.0640837982834014,0.0730260312817289,0.0223546895430791,-0.0620966497132839,0.101838230428363
-0.20318118572869,-0.202684659144565,-0.0134128614526698,-0.0928963064753229,-0.0720327544699172,-0.0357679881024616,-0.0546450993131841,0.0973680417208334,0.0134128136894449,-0.0625934229096891,0.0735222346332868
-0.215103798108659,-0.221065375795533,-0.00993545292225948,-0.08147055756189,-0.0710391992361258,-0.045206762741215,-0.0765031390536636,0.0859422000888242,0.0322901071721297,-0.0183806084237671,0.0615997100945161
-0.13909714424881,-0.160955464609594,0.0134128614934496,-0.0149031508102331,-0.0685553111498768,-0.0243421030088164,-0.0630902510389642,0.0884260787042844,0.039741670385412,0.00149031944428355,-0.0139096119833517
-0.177845634443253,-0.179336181257087,0.0193741332587222,-0.0312966166251553,-0.0834586396635899,-0.0119226626909945,-0.106806330518731,0.0735228070190745,0.0630899018025053,0.0601095566488258,0.0173870149514318
-0.209142491891356,-0.192252360520316,0.0312966767889149,-0.0486836258365295,-0.0914070815368021,-0.0134129955288812,-0.0998514996956304,0.0774970128022102,0.058618963876621,0.047193453552722,0.0382514329128887
-0.249381308600234,-0.199207226272766,0.0144064067833165,-0.0849479592933766,-0.0829618620449836,-0.0268259910732623,-0.0819676489944832,0.0779937885258447,0.0298062528301682,0.0168902886105204,0.0476900981813582
-0.208645716305943,-0.168407106482164,0.0233483144262049,-0.0620964614555128,-0.0770005306367614,-0.0273227686859858,-0.061599930150679,0.0933938359469028,0.0178837517007683,0.0243418865534416,0.0114257527050988
-0.167910124080959,-0.153007046606427,0.037257948552573,-0.0427223655067634,-0.0874328605982511,-0.0382518761625524,-0.0849482907707702,0.0814712185968758,0.0447093792787918,0.0784901650003358,0.0109289808489642
-0.152013307608448,-0.121213374595226,0.0586191723740301,-0.0278192147543411,-0.0794844187259993,-0.031296989587143,-0.100845046943062,0.0650776197190709,0.0486835463205596,0.0943869072779359,-0.0193741023998191
-0.146052001420077,-0.123697255223735,0.0541482185464423,-0.00049677172070604,-0.0670649782959544,-0.0208646597195113,-0.11227084044517,0.0511678994632731,0.066070527128507,0.118232020660873,-0.0357675736402968
-0.169897226143594,-0.12866501647632,0.0402385844303502,0.0054644885771739,-0.0720327544681523,-0.0397422090016038,-0.11525148222471,0.0442130393409782,0.0695479232942787,0.110780422713215,-0.0481868700485277
-0.19026502230551,-0.138103762870205,0.0263289503043933,-0.00844511879655934,-0.0770005306375895,-0.0571294254513296,-0.116741803117062,0.0491807965731258,0.0819671953127578,0.105812690753701,-0.0233482772637841
-0.255342614812193,-0.170394211008954,-0.000496772644089549,-0.0288127581524234,-0.0750134201688063,-0.0655746448645944,-0.119722444897252,0.0571292081404303,0.0680576106457447,0.0769998453381596,0.00298063110992242
-0.241432900376695,-0.157478031741656,-0.0129160888241262,-0.0337804750686715,-0.0536519826358391,-0.062593979189293,-0.0799805544567637,0.0690518254895278,0.0720317776927798,0.040238628807579,-0.00993543714564783
-0.235968369708406,-0.151516718234674,-0.0193741332352643,-0.00993543386832594,-0.066071423068885,-0.073026309057145,-0.0869353852798647,0.0511678994589099,0.0769994864992569,0.0466966803567424,-0.0258321365437789
-0.242923226923734,-0.146052180857577,-0.0153999520559497,-0.00943866217669503,-0.0779940858818721,-0.0665682000903769,-0.0904128006926012,0.0650776197154308,0.0685543815295932,0.0427224947869214,-0.0158966994216927
-0.261800696515497,-0.151019942111413,-0.0144064067625888,-0.013909607403801,-0.0596133140507355,-0.0655746448649404,-0.0938902161033452,0.0576259838680814,0.0760059447362911,0.0407354020024318,-0.00397417487760607
-0.333336370709562,-0.19076203213376,-0.0129160888211606,-0.0710383519216279,-0.0462003183869353,-0.0620972015763912,-0.0839547434953915,0.0616001896522503,0.0854445914682501,0.0327870308640528,0.0208644179208967
-0.393446208047955,-0.221065375768481,-0.032786994700705,-0.075509297146196,-0.0481874288547102,-0.0829618613087898,-0.054645099313523,0.100348696068037,0.06209636008669,0.00298063908250118,0.0710383754176122
-0.396923636657669,-0.213613733883737,-0.0273224955782593,-0.10183819679614,-0.0561358707290747,-0.0770005299579353,-0.0576257410978608,0.136613323856588,0.0173869808360765,-0.0506708660717258,0.0566319915941888
-0.391459105989909,-0.205665315880102,-0.026328950283871,-0.112767174010268,-0.0437164303008304,-0.0839554165393684,-0.0561354202080299,0.119226173539778,0.0248385440464323,-0.0511676392683414,0.0859415311108794
-0.346252534042635,-0.188278151473235,-0.00447095380539181,-0.0804770140502715,-0.0457035407689413,-0.0611036463509552,-0.0481870421168962,0.10829710762735,0.0094386467423842,-0.0606063299950417,0.0442126952229259
-0.359168697460512,-0.20914274875556,0.0163934973804607,-0.083954415893576,-0.0476906512377245,-0.0829618613170173,-0.0581225147210548,0.113264864855236,0.0183805226008473,-0.0452063608881248,0.0501739574935998
-0.348239636123619,-0.203181435249955,0.0173870426752013,-0.0710383519138804,-0.061103646895367,-0.0889231926679977,-0.0615999301311347,0.095877714551984,0.00397416705163173,-0.0422257217072859,0.0551416760539714
-0.368607432256783,-0.221065375775408,0.0124193162034068,-0.0993543383424351,-0.0476906512280016,-0.083955416539872,-0.062096703761458,0.0899164058713927,0.00695479233493274,-0.0342773505729057,0.0720319191642575
-0.341781554436604,-0.214110510024564,0.0307999041455158,-0.086935046055645,-0.0303034346280396,-0.0635875344255278,-0.0665676664359517,0.104819677563574,-0.00596125056666338,-0.0496773196639152,0.0660706568913279
-0.383013922277378,-0.262297794240919,0.0144064067975557,-0.102334968512167,-0.0457035407557134,-0.0645810896509643,-0.0864386116529428,0.0933938359253285,-0.000993541763722128,-0.034774123785374,0.0909092496790916
-0.36214935061687,-0.249381614976333,0.0119225435617685,-0.0670641783994052,-0.0486842064580238,-0.0561358702380566,-0.0680579873425202,0.112271313388845,-0.0337804199041769,-0.0655740619784055,0.0745157784339628
-0.334826697263805,-0.25434937623163,0.0119225435617685,-0.0521610276547059,-0.0665682006766403,-0.04172931946847,-0.0894192534365076,0.0924002844674857,-0.0243417731722179,-0.033780577413101,0.0581223071801942
-0.346252534127611,-0.269252660003467,0.0218579965071192,-0.0432191372036936,-0.0561358707171672,-0.0680585329461461,-0.0874321589135614,0.0735228069971005,-0.0109289593866636,-0.0188773815215359,0.0844512155428714
-0.369104207836886,-0.307504421670458,0.0228515418014487,-0.0501739408885009,-0.0586197588022159,-0.0561358702363773,-0.101341820556727,0.0988583688820407,-0.0372578160755336,-0.0129161031630155,0.0923995652382846
-0.30154273782218,-0.273226869020066,0.0268257229763008,-0.042722365520472,-0.0616004245047425,-0.0521616493363114,-0.0973676315124611,0.118729397809081,-0.0322901072664958,-0.0129161031630155,0.0660706568560378
-0.254349063826804,-0.251368719486662,0.0243418597412475,-0.0372578769098346,-0.0571294259502505,-0.0283163239197966,-0.122703086677604,0.0784905642260708,-0.00794833411625143,0.0496773195285191,0.0392449766303927
-0.228516737048986,-0.230007346103912,0.0476901741507473,-0.0317933883055346,-0.0387486541253314,-0.0362647657234547,-0.155490146291007,0.0824647700110657,0.00447093790954414,0.0889224020320618,0.0183805586723197
-0.205665063339711,-0.217091166834173,0.0596127176805879,-0.0208644110827764,-0.0417293198284342,-0.0362647657234547,-0.175857865145925,0.0953809388166637,-1.55719326322412e-11,0.0859417628570638,0.024838592800672
-0.199206981646443,-0.249878391106051,0.0576256270932206,-0.0303030732200383,-0.0377550988933646,-0.0501745388728042,-0.160457882605067,0.0844518729102,0.00943864672102065,0.101341731948073,0.0149031556769745
-0.125684205301871,-0.197220121761196,0.0531546732682754,-1.03586687838497e-11,-0.0377550988933646,-0.0447099851334242,-0.156980467190529,0.0968712659949268,-0.00645802145268304,0.122206206158143,-0.0347740299153335
-0.103329307112986,-0.200200778513936,0.0586191723865226,0.00149031506346773,-0.0322905451061254,-0.0481874284207249,-0.177348186022109,0.0740195827472415,0.0288127110901873,0.165425474253412,-0.0516642730240214
-0.0973680009307235,-0.193742688882254,0.0710384885639901,-0.0278192147449285,-0.0332841003409492,-0.061103646351669,-0.180328827804657,0.0700453769604904,0.0268256275680354,0.172380298994889,-0.0402385203312288
-0.0611033882935657,-0.179832957361581,0.0655739894447741,-0.032290159969938,-0.037258321277267,-0.0223549925645658,-0.17436754423712,0.0760066856373631,0.0178837517119869,0.168406113424963,-0.0794834969541891
-0.121213225756328,-0.209639524937183,0.0561353091462727,-0.0765028405938364,-0.0481874288550463,-0.0476906508300504,-0.177844959649572,0.0660711711766834,0.0471932336842311,0.190760907252542,-0.0442126952015202
-0.151516532138018,-0.218084719063828,0.0586191723800781,-0.0904124479497214,-0.0620972021392173,-0.0327873224607839,-0.153503051772372,0.0804776671358698,-0.000993541814894583,0.133135216397034,-0.0427223796322102
-0.209639267492057,-0.258820361392339,0.0576256270859542,-0.119721977787774,-0.0814715292157054,-0.0447099851660188,-0.141580484631443,0.0909099573321924,-0.0163934391106269,0.117735247341502,-0.00794834971383623
-0.258820043495245,-0.311478630696275,0.0337805400290914,-0.141083160522107,-0.092897414402236,-0.0546455374243691,-0.108296651387988,0.105316453295872,-0.059115734911353,0.0556385977727534,0.0238450490746919
-0.229510288115271,-0.298562451433588,0.0352708579697269,-0.140586388830304,-0.101342633896707,-0.0531552045861362,-0.0730257236292715,0.107800331911333,-0.081967195432927,0.0293096183730374,-0.0109289808605997
-0.311478248188735,-0.32886579511922,0.00993545296020585,-0.156979854658171,-0.107303965299599,-0.0735230867125276,-0.0859418380174967,0.108297107634489,-0.0740188613423686,0.044212814255525,0.0332837143192425
-0.319923431947349,-0.33383355637316,0.00794836237095951,-0.171883005411329,-0.0924006367887673,-0.0715359762621588,-0.050174136649355,0.125187482216767,-0.0963735509827645,-0.00596127852692996,0.0377546610252992
-0.319426656432261,-0.331349675745851,0.0178838153086766,-0.184799069388156,-0.101342633895915,-0.076006974775158,-0.055141872953196,0.118232622092484,-0.123695949426101,-0.0253354331780117,0.0531545885658856
-0.313962125766403,-0.340291646005573,0.0104322256032972,-0.168902375249493,-0.096871635339586,-0.0457035404099141,-0.0581225147362328,0.116245519198798,-0.128663658232334,-0.0491805465880979,0.052657816709751
-0.29558143170958,-0.3219109293658,0.0183805879579332,-0.153005681120637,-0.101839411511064,-0.0586197583318546,-0.050670910279556,0.109787434798769,-0.118231469733995,-0.0322902579217257,0.0392449765884989
-0.178342410011733,-0.248884838872291,0.0457030835443255,-0.0859415026842518,-0.0884264158482358,-0.0149033284006528,-0.0596128356289095,0.0973680417156564,-0.105812197724661,-0.036264443489126,-0.0352708018019803
-0.260310370075688,-0.289123705046533,0.0144064067715577,-0.106309142044137,-0.0670649783085586,-0.0675617553476636,-0.112767614096689,0.0710389284027245,-0.0397416705230954,0.0606063298304345,0.0347740298874353
-0.196226328538925,-0.240936420836251,0.0104322255944745,-0.0720318952886098,-0.0481874288491883,-0.0536519821921438,-0.0750128182019157,0.100845471789412,-0.0680576107426047,0.0223547937345811,0.00943866523587245
-0.1689036751922,-0.220568599676488,0.0337805400046641,-0.0789866989744465,-0.0407357645963829,-0.035271210517496,-0.107799877814424,0.0914067330558141,-0.0307997946322897,0.0869353092818041,-0.0139096119967709
-0.20467151227056,-0.247394510460725,0.0352708579451677,-0.0630900048432368,-0.0377550988920557,-0.0337808776793574,-0.128664370283157,0.101839023237223,-0.00149031266364275,0.107799783526127,0.0173870149464722
-0.129161633890365,-0.20467176363646,0.0601094903078102,-0.0432191371748112,-0.0377550988920557,-0.0139097731655948,-0.120715992197011,0.105813229022012,-0.00745156323126897,0.103328824762624,-0.0442126952063036
-0.106806735711851,-0.204174987511019,0.0784900782493761,-0.0233482695063856,-0.0447099855290997,-0.0144065507781712,-0.153503051781791,0.0914067330557111,0.0228514604975394,0.125683618593164,-0.0680577443115577
-0.0874324906309226,-0.192252360503564,0.0625933535462103,-0.0129160639859969,-0.039742209357982,-0.0104323298776855,-0.169399807963191,0.0874325272692698,0.0521609424625893,0.163935154679901,-0.0864383029897772
-0.0839550620259811,-0.190265256001112,0.0630901261933383,-0.00844511876175962,-0.0362647660370653,-0.0397422090172202,-0.161451429876177,0.100845471797637,0.0461996918934998,0.17635448458477,-0.0879286185582209
-0.0382517146984273,-0.164929673629154,0.0755094423649345,0.0238450411488398,-0.0402389869751117,-0.00745166422566773,-0.171883676116379,0.109787434812481,0.0452061501319849,0.161451288703466,-0.103825317967526
-0.101342205121882,-0.183807166388183,0.0650772167826433,-0.0109289772717636,-0.0402389869751117,-0.0462003180242307,-0.172877223377689,0.108793883365483,0.060109276533128,0.183309309313751,-0.0859415311400359
0.000496775524261861,-0.121710150715878,0.0859416679709623,0.0367611050995091,-0.0526584274024558,-0.00198711048531139,-0.160457882600297,0.104819677579249,0.0452061501155256,0.147541639223246,-0.166418571815891
-0.00943873478104529,-0.132142449351015,0.096373893558802,0.0298063014147019,-0.0447099855300121,-0.00496777616080167,-0.230502964519816,0.0755099099160533,0.101838030514928,0.176851257797183,-0.177844324507603
-0.0457033474111913,-0.143071524117488,0.0824642594459979,0.0312966164904406,-0.0541487602506884,-0.0173872164799355,-0.222554586426514,0.0779937885306102,0.10283157227693,0.173373845427227,-0.158470222122022
-0.0496775515340828,-0.115252061082568,0.0789868509179509,0.0183805525097888,-0.0457035407574417,-0.0149033284165808,-0.203677188477582,0.0720324798562162,0.0874316749766622,0.144561000036105,-0.174863693374683
-0.0407355922669128,-0.0884261503253698,0.0894190764993173,0.00844511867802785,-0.0586197588029719,0.00248388801918811,-0.209141698411435,0.0591163110526326,0.0774962573600499,0.127173938167907,-0.169399202953732
-0.0889228172537079,-0.0760067471927348,0.0869352132651449,0.00298063007116595,-0.0720327544667721,-0.00894199707296682,-0.222554586440406,0.0556388809901747,0.0804768826423998,0.14853518558109,-0.133134857445618
-0.113264817485945,-0.0924003593295342,0.0849481226761923,-0.00397417360849262,-0.0606068692777568,-0.0163936612619285,-0.202683641215825,0.0765034613597715,0.0466964627467465,0.115251381458076,-0.110283352063275
-0.136116491184175,-0.0983616728373927,0.0914061670875212,-0.0238450412793699,-0.0526584274035845,-0.0158968836490898,-0.187780432312026,0.0789873399751026,0.041231983056872,0.1038255979459,-0.101341458653519
-0.174864981304467,-0.119226270082915,0.0824642594448968,-0.0452062239836617,-0.0447099855282598,-0.0556390926296039,-0.172380449769068,0.068058274067503,0.0238450022224654,0.100844958768218,-0.0824641281057344
-0.0829615110540999,-0.0819680607045674,0.103825483249312,-0.00745157541551581,-0.0511680945500106,-0.0163936612186534,-0.16592239257152,0.0591163110421996,0.0014903126166361,0.100844958768218,-0.135618716757397
-0.146052001455602,-0.143071524124833,0.105315801190344,-0.0357675618098344,-0.0481874288467638,-0.0317937672059213,-0.180328827874081,0.0432194878889974,0.0178837516753952,0.144064226785663,-0.0859415311342078
-0.152510083156111,-0.139594091245942,0.114754481478526,-0.0422255938050209,-0.0521616497826016,-0.0506713164927992,-0.125186954851043,0.0730260312749103,-0.0273223984552261,0.127670711317748,-0.0576255353395144
-0.133135838045966,-0.132639225484876,0.122702843830109,-0.0233482695218799,-0.0665682006804091,-0.0481874284284476,-0.111277293196113,0.0655743954302719,-0.0278191693362213,0.108793329869597,-0.0581223071954273
-0.142077797324718,-0.146548956998246,0.120218980595349,-0.0243418129053503,-0.0730263097043445,-0.05911653590917,-0.119225671277488,0.056135656692013,-0.0129160429164241,0.135619082476545,-0.0476900982156154
-0.121710001227777,-0.148536061497736,0.099354529426143,0.000496771664858769,-0.0730263097043445,-0.0680585329316742,-0.115251482234524,0.0869357515169185,-0.015896668202359,0.152012597952709,-0.0392449766575619
-0.154000409774659,-0.188774927671134,0.100348074719856,-0.0466965390924934,-0.0765037530260176,-0.0735230866733629,-0.106806330511427,0.082464770007114,-0.0268256275731214,0.138599721672854,-0.00844512159657397
-0.155987511835451,-0.199704002435311,0.108793209721283,-0.0591158313835736,-0.0879296382150329,-0.0794844180262324,-0.0854450644191876,0.0755099098864459,-0.0466964628321997,0.116741701022629,-0.0238450491352873
-0.151019756681933,-0.195233017304276,0.0998513020741666,-0.0496771692374612,-0.0799811963439334,-0.0685553105464335,-0.0914063479792431,0.061103413913031,-0.0372578160960705,0.1217094329853,-0.0183805587192845
-0.17734885897649,-0.218581495196082,0.0854448953066013,-0.0809737857986278,-0.0700456440040988,-0.0750134195121104,-0.0894192534585197,0.0640840682520868,-0.0293094819984882,0.133631989693184,0.0198708742030742
-0.239942573814019,-0.257330032950784,0.059115945032153,-0.101838196840692,-0.083955417288606,-0.0993555225314422,-0.0670644401000772,0.0928970602075299,-0.0457029210584544,0.105315917534078,0.0760060939918058
-0.21510379804691,-0.250375167187672,0.0556385365028732,-0.0879285894841212,-0.0894199710782219,-0.0973684120809055,-0.0317935123105665,0.119226173547835,-0.0740188612591968,0.0432192680524841,0.0541481323258744
-0.220071553202253,-0.259317137448709,0.0422256750391348,-0.058619059676448,-0.0884264158441904,-0.0988587449199887,-0.0402386640239864,0.0973680417360437,-0.0551415677857798,0.0332838041255635,0.04520623891938
-0.221065104233187,-0.254349376192056,0.0397418118046689,-0.0566319729108312,-0.0685553111602,-0.0924006359539027,-0.0268257760096531,0.107303556194916,-0.0447093792874406,0.0367612164990187,0.00347740299872136
-0.196723103981656,-0.244413853681671,0.0397418118046689,-0.0601093747533636,-0.0586197588165242,-0.088426415051234,-0.0233483605986246,0.0924002844934375,-0.0307997946388638,0.0506708659838155,0.00496771856702423
-0.244413553404721,-0.274220421194049,0.0461998562169522,-0.0829608725568281,-0.056135870730215,-0.119723404656774,-0.0248386814896344,0.0844518729304712,-0.0307997946388638,0.048683773199589,0.0213611898212361
-0.141581021711977,-0.228020241519303,0.0466966288637867,-0.0352707901078816,-0.0357679884259257,-0.108297519561964,0.00298064180580476,0.0894196301635226,-0.0307997946388638,0.0278192989674214,-0.0317933987679204
-0.166916573000551,-0.230007346022423,0.0516643553332324,-0.0223547261253174,-0.0521616497951696,-0.0988587449206186,-0.0303031914185811,0.0774970128079178,0.0317933363611621,0.081967577349783,0.00198708743758697
-0.165923021969963,-0.224542808641195,0.0516643553332324,-0.0248385845843915,-0.0640843126029711,-0.118729849433122,-0.0273225496383091,0.0983615931796837,0.0139095846468699,0.0730256598160282,-0.00447094669050367
-0.154000409606822,-0.224046032515597,0.0571288544534173,0.00347740183018867,-0.0620972021355803,-0.0998523001538203,-0.0332838332011298,0.0993551446259326,0.0193740643371468,0.0660708350706833,-0.0188773305137322
-0.128168082830003,-0.20864597263113,0.0854448953129431,0.0173870091939677,-0.0541487602575666,-0.0864393046094392,-0.0337806068310195,0.0834583214834736,0.0382513577989799,0.0675611546590703,-0.0258321365006025
-0.125187429739564,-0.182813614100331,0.100348074719078,0.017883780885096,-0.0337808779581989,-0.0978651897023183,-0.0471934948555993,0.0670647226154695,0.0397416704421119,0.0814708041608112,-0.0327869424879427
-0.0809744088907769,-0.15698125557767,0.103328710600834,0.0298063014726187,-0.047193873621675,-0.0779940851889755,-0.0700450818644909,0.057625983870832,0.0442126083674474,0.104819144380728,-0.0740190065571398
-0.0864389395616014,-0.161949016834323,0.0919029397175636,0.0134128356504152,-0.0581229811954931,-0.0834586389293945,-0.105812783258003,0.0407356092876766,0.0521609424578108,0.13710940210346,-0.0352708017721001
-0.119722899094997,-0.180826509607622,0.0834578047166362,0.0263288996339357,-0.0576262035784354,-0.0864393046063331,-0.108793425038844,0.0521614509265161,0.00943864672105779,0.110283649516402,-0.0233482772278523
-0.124690654248323,-0.189271703742957,0.0819674867755601,0.0268256713255913,-0.0685553111604403,-0.0630907568014291,-0.105316009626677,0.0496775723124113,-0.00198708354575941,0.0923998144488924,-0.0109289808280138
-0.16095526682729,-0.214110510008488,0.0819674867755601,0.0139096073401586,-0.083955417291091,-0.0760069747351015,-0.108793425036282,0.0616001896664663,-0.0119225011606646,0.0933933608414266,-0.00248385927133002
-0.108297062216289,-0.181820061853466,0.0700449432464242,0.0178837808715881,-0.0660714230707459,-0.0710391986095993,-0.11326438771285,0.0496775723034241,-0.0332836490198655,0.0620966495018764,-0.0447094670330644
-0.100348653972965,-0.181323285727962,0.0794836235404628,0.0153999224122074,-0.0670649783050416,-0.0561358702236477,-0.116741803123215,0.0198710289082144,-0.000496770889068243,0.084451443328272,-0.0491804137377917
-0.159961715843996,-0.20218788301204,0.0650772167652345,-0.0158966941535927,-0.0834586396667591,-0.0799811956315994,-0.117735350383874,0.0139097202299473,0.00149031263430294,0.0839546701320771,-0.00695480599602578
-0.173871430259057,-0.226529913156605,0.0501740373714288,-0.0288127581339259,-0.086439305370654,-0.071039198606262,-0.112270840455835,0.0352710763245729,-0.0293094819703915,0.0685547010463696,0.00397417483989372
-0.171387552683955,-0.223052480279613,0.0273224956099525,-0.0437159088731095,-0.0814715292031373,-0.0556390926128133,-0.100348273322388,0.0457033665149299,-0.00149031265207086,0.0665676082610381,0.0288127676457808
-0.201690859100202,-0.233981555035758,0.0213612238459132,-0.0690512651300344,-0.0576262035852294,-0.0720327538351087,-0.0735224972713991,0.0655743954455861,-0.012419272026857,0.0591160103216687,0.0665674287229762
-0.157974613766148,-0.219078271268929,0.0432192203114745,-0.0536513426906148,-0.0630907573743171,-0.0650778672566141,-0.0650773455471504,0.0665679468920671,-0.0362642743073121,0.0407354020863119,0.0506707293289272
-0.107303511210061,-0.183807166362617,0.0546449911940694,-0.0551416577652137,-0.0690520887798022,-0.0476906508131324,-0.0765031390448942,0.0705421526778884,-0.00198708353462657,0.0670643814776611,0.0198708742483785
-0.0864389395725475,-0.167413554220309,0.060109490310702,-0.0586190596070596,-0.0422260974525256,-0.0486842060384007,-0.0884257061750891,0.052161450923481,0.0293094819634644,0.0978643196388806,0.00993543712884336
-0.0720324496377903,-0.144065076329975,0.0655739894249126,-0.0332837033357562,-0.0516648721834652,-0.0347744328793547,-0.106806330494036,0.0452065908011861,0.0238450022731875,0.120219113456989,-0.00298063113510574
-0.128168082858977,-0.158968360088355,0.0536514458873211,-0.0566319728441398,-0.0506713169494578,-0.0556390926135163,-0.120219218530327,0.0541485538241653,0.0293094819602453,0.146548092841366,0.0387482047708903
-0.143071348317226,-0.171387763229074,0.0452063108876414,-0.0521610276174752,-0.04570354077846,-0.0561358702262293,-0.112270840450469,0.0844518729422347,0.0293094819602453,0.130651350567554,0.0496771856037081
-0.106806735662537,-0.159961912333133,0.0591159450156536,-0.0561352011531218,-0.061103646918042,-0.0596133135169091,-0.124690181213291,0.0879293030047831,0.0139095846490149,0.130154577371346,0.0298063113783289
-0.113761592872891,-0.140587643440527,0.040238584431202,-0.0730254386783694,-0.0496777617221248,-0.0774973075709839,-0.148535315456767,0.0799808914374786,0.0208643769832043,0.126677164995404,0.0208644179673638
-0.146052001367947,-0.172878091603686,0.0471934014923308,-0.0809737857437781,-0.0606068692922458,-0.109787852407553,-0.149528862717589,0.0924002845138125,0.00447093792524988,0.14505777325169,0.0208644179673638
-0.0983615519421164,-0.140090867350396,0.0481869467864841,-0.053154571032008,-0.0695488663957204,-0.0879296374470324,-0.144561126416187,0.0804776671578979,-0.00248385440723231,0.124193299005709,-0.0153999275402596
-0.126677756297735,-0.15052316598619,0.0268257229681827,-0.0526577993406099,-0.056135870734189,-0.0938909687999018,-0.155490146295372,0.0566324324280945,0.0298062528408138,0.132638443332298,-0.000496771858137318
-0.144561674835532,-0.17138776324836,0.0233483144395194,-0.041728822129448,-0.0357679884392507,-0.100349077763123,-0.148038541839509,0.0506711237490526,0.0139095846635986,0.122206206219391,0.00745157784253958
-0.153006858591533,-0.190762032145035,0.0134128614988666,-0.0293095298398999,-0.0516648721845224,-0.102336188213785,-0.150522409992616,0.0576259838744208,0.015896668185653,0.108296556733489,0.000993543713401712
-0.132142286976201,-0.190762032145035,0.00546449915033671,-0.0223547261631588,-0.0422260974535829,-0.102832965826467,-0.147541768209904,0.0635872925508287,0.0307997946102056,0.0869353093078625,-0.0173870149777377
-0.112271266352909,-0.200697554655837,0.0193741332767048,-0.00099354342039196,-0.0362647660505463,-0.0889231926683021,-0.139096616482199,0.0546453295278495,0.0307997946102057,0.100348185583811,-0.0521610448961116
-0.11376159289921,-0.182813614135266,0.0372579485651242,-0.00894189049070449,-0.0466970960110278,-0.0859425269921823,-0.155986919906044,0.0476904694066387,0.0248385440449205,0.101838505172553,-0.0596126227363168
-0.128168082851792,-0.183310390261062,0.0471934015066579,0.0144063790199837,-0.0154001061265581,-0.0670649777061019,-0.152012730861019,0.0372581792170954,0.0397416704753264,0.108793329918267,-0.070541603564852
-0.121710001156402,-0.171884539383116,0.0581223997423449,0.0457029955996849,-0.00844521948867377,-0.0670649777061019,-0.148038541818271,0.0342775248785041,0.0571286513003436,0.119225567044158,-0.0769996376963465
-0.10382608260028,-0.150523165977938,0.0630901262128181,0.0630900048011908,-0.0104323299565928,-0.0466970955732562,-0.163935297998803,0.0119226173352926,0.0581221930618097,0.127173938176434,-0.0933931089463488
-0.143568123782326,-0.183310390231228,0.0705417159170969,0.0531545709799713,-0.0263292137057057,-0.0660714224690586,-0.17039335519089,0.0263291133060863,0.0630899018709694,0.161451288711148,-0.0700448316976119
-0.13462616450876,-0.164432897465065,0.0894190765021064,0.0591158312757918,-0.0253356584718662,-0.0506713164772365,-0.157974014419597,0.0476904694195902,0.0412319831240794,0.14903195881779,-0.0829608999551021
-0.123697103178628,-0.139594091202663,0.0943868029714052,0.058619059584504,-0.0312969898731741,-0.0432196522890619,-0.175361091488022,0.0576259838836269,0.0461996919308004,0.14903195881779,-0.0928963370812172
-0.13810359312174,-0.139594091202663,0.113264163553626,0.0561352011272072,-0.0188775494461304,-0.0596133135134356,-0.172380449704335,0.0586195353299016,0.0327868781531474,0.173870618606808,-0.0700448317062859
-0.130651960406084,-0.147045733080053,0.129160888246927,0.0481868540678782,-0.0149033285080839,-0.0531552045493962,-0.146051447311574,0.0581227596069388,0.0402384413613085,0.163438381483128,-0.0417288358886288
-0.133632613498598,-0.162445792980044,0.125683479716414,0.0377546485451728,-0.0178839942093861,-0.056632647838166,-0.133135332912072,0.0755099099255564,0.0397416704807278,0.156980329944053,-0.0243418209253305
-0.156484287219361,-0.19324591277388,0.107799664427995,0.0427223654644859,-0.0163936613575646,-0.0625939791907834,-0.126677275718753,0.0725292555871202,0.0466964628067232,0.143070680444522,-0.00993543710229619
-0.17883918543764,-0.202187883039987,0.0973674388392305,0.0178837808777279,-0.0417293198317953,-0.0884264150597661,-0.117735350370619,0.10183902324803,0.0248385440383718,0.111773969068505,-0.018380558653844
-0.168903675140208,-0.209639524916282,0.109289982360968,0.0188773242604138,-0.0596133140482509,-0.0715359762305609,-0.0958773106510105,0.114258416322427,-0.00496770881366049,0.0839546700532343,-0.0134128400910552
-0.186787593696329,-0.220568599679312,0.108793209713987,-1.62055889540991e-11,-0.0481874288603399,-0.071039198617785,-0.0914063479738331,0.114755192045894,-0.00496770881366052,0.0799804844875173,-0.00496771853711073
-0.190265022302683,-0.223052480306413,0.120715753233964,-0.0193740959816857,-0.0357679884302951,-0.0695488657790796,-0.0864386116720249,0.113264864877005,0.000496770875006769,0.0650772886105545,0.00447094672944517
-0.182813389577088,-0.229510569935248,0.10283193794343,-0.0223547261293753,-0.0442132079194606,-0.0824650837070227,-0.0745160445395531,0.121710052171107,-0.00248385441048901,0.0506708659239593,0.0223547335463002
-0.177845634428564,-0.251865495570236,0.100348074708965,-0.0243418128946488,-0.0596133140475067,-0.0854457493820092,-0.0675612137101905,0.119226173555582,-0.00397416705237727,0.0466966803556117,0.034774029953524
-0.172877879274854,-0.247394510438826,0.0740191244174008,-0.0193740959803619,-0.0670649783028328,-0.062593979193596,-0.0620967037746979,0.10183902323832,-0.0153998973144263,0.0432192679871286,0.0124192964347207
-0.231497390029705,-0.254349376193174,0.0506708100189396,-0.0243418128940358,-0.0601100916630999,-0.0690520881576355,-0.0894192534283082,0.107800331913023,-0.015896668194885,0.0541482783070306,0.00794834972812009
-0.215600573540293,-0.248388062682311,0.0625933535491323,-0.03427724673021,-0.0864393053767041,-0.0874328598353898,-0.0834579698623976,0.106806780466671,-0.0233482314050579,0.0372579896558647,0.01043220900792
-0.193742450850445,-0.23596865953481,0.0620965809019602,-0.0332837033464945,-0.0745166425660217,-0.0844521941588922,-0.0789870071914409,0.108793883359014,-0.0417287539860909,0.0402386288352039,-0.00794834966384143
-0.111277715297259,-0.189768479862974,0.0844513500128146,0.00149031506638587,-0.0655746454539043,-0.0690520881566597,-0.0859418380173875,0.0924002845033659,-0.0412319831047298,0.063586969073052,-0.0447094670284792
-0.120716450079728,-0.214110510008561,0.0769997603127192,-0.01639346582946,-0.0725295320978388,-0.099852300148437,-0.128167596590247,0.0665679468995558,-0.00397416704654815,0.106309463972389,-0.0422256077473366
-0.0928970212200278,-0.196226569489868,0.0784900782536191,-0.00496771692307589,-0.0983619681839055,-0.0899167478951239,-0.10630955685096,0.0774970128125529,-0.0114257302587331,0.0784901649887989,-0.0561352197195731
-0.0690517965001985,-0.186787823108273,0.06408367149925,0.0144063790424043,-0.0958780800987969,-0.0779940851888814,-0.118728897608022,0.0625937411172723,0.0019870835162861,0.0839546701450598,-0.0789867251059307
-0.0774969802560353,-0.193742688864374,0.0586191723789035,0.00645803197974131,-0.0978651905673401,-0.0779940851888814,-0.118728897608022,0.0432194879076166,0.014903126416931,0.100844958810985,-0.0978640556350883
-0.125187429721509,-0.213116957765117,0.0551417638500347,-0.0193740959866622,-0.0874328606083711,-0.0894199702798294,-0.111774066781316,0.0457033665231417,0.00993541760984418,0.0973675464379899,-0.0789867251041448
-0.0978647763932724,-0.198213673999853,0.0650772167950916,-0.0327869316580502,-0.0809747515869324,-0.0973684120819762,-0.121212765761833,0.0625937411172723,0.00397416703577938,0.0715353402519384,-0.0839544436657252
-0.0834582864496026,-0.211626629389013,0.0804771688487808,-0.0496771691737111,-0.0829618620551874,-0.0988587449200835,-0.125683728436327,0.0526582266584001,-0.0248385440516894,0.0700450206632358,-0.072031919115999
-0.110780939796856,-0.209639524885726,0.0799803962018583,-0.0511674842495602,-0.0581229811923964,-0.0948845240155678,-0.136115974677951,0.0531550023815825,-0.0317933363836595,0.0611031031358742,-0.0650771131334521
-0.0616001638126822,-0.171884539357362,0.101341620017004,-0.0233482695254345,-0.05861975880937,-0.0859425269883416,-0.145554673651258,0.0650776197312997,-0.0457029210506726,0.0596127835462639,-0.0804770406763279
-0.0178839185665033,-0.150026389866641,0.100844847370419,-0.0213611827607984,-0.0625939797476087,-0.0606068687485473,-0.152509504479861,0.0412323850070748,-0.00894187586379219,0.0809740309724561,-0.0919027933782333
-0.0208645716564244,-0.134626329975706,0.104819028544214,0.000993543356526759,-0.0293098794015222,-0.0352712104943031,-0.159464335313019,0.029309767639694,-0.0044709379414194,0.0938901340624037,-0.0884253903849156
-0.00298065311966411,-0.130155344848145,0.107799664425617,0.000496771665079554,-0.0139097732693829,-0.0352712104943031,-0.180328827790859,0.0268258890236526,0.00447093791287329,0.110780422735932,-0.0784899532613524
-0.0228516737179851,-0.14654895698701,0.091406167069422,-0.0139096073843975,-0.0327873227237354,-0.0521616493299308,-0.18579333772665,0.031793646256704,-0.00347739617495396,0.114754608303122,-0.0774964095486068
-0.0332839595378516,-0.145555404736013,0.103328710602433,-0.0238450412171393,-0.0223549927660267,-0.0516648717171861,-0.192748168552977,0.0536517780815623,0.0119225011188885,0.111773969127887,-0.0769996376924522
-0.0253355512874587,-0.132142449341501,0.11326416354015,-0.0149031507634792,-0.0347744331939709,-0.047690650815357,-0.192748168552977,0.0566324324197664,0.00695479231058224,0.116244927893048,-0.076006093980566
-0.0268258778318858,-0.142077971850634,0.123696389126141,-0.0099354338471083,-0.0442132079182962,-0.0392454314006652,-0.184799790463795,0.0601098624814114,0.022851460504186,0.130154577382265,-0.0591158508739324
-0.0372581636523575,-0.131645673213963,0.117238344718246,0.00645803197711768,-0.0556390931144898,-0.0521616493348837,-0.178341733267656,0.0606066382044776,0.0347739616488034,0.126180391811812,-0.0566319915932261
-0.0178839185485816,-0.120219822323301,0.102335165303744,0.0144063790470379,-0.0521616497960939,-0.03676154333623,-0.166915939765236,0.0616001896508039,0.042225524861537,0.111277195923405,-0.0675609724235333
-0.051167878042727,-0.151019942091913,0.0889223038415905,-0.000496771693248851,-0.0635875349898027,-0.0491809836527401,-0.173373996960318,0.0422259364537373,0.0407352122180757,0.103825597973576,-0.0571287634421704
-0.0844518374847693,-0.183807166335566,0.0814707141410549,-0.0129160639754423,-0.0680585335462393,-0.0581229806754333,-0.172877223329615,0.0541485538195686,0.0208643769902161,0.0700450206372535,-0.0317933987601318
-0.0933937967566066,-0.18082650958364,0.0725288064986946,-0.0129160639754423,-0.0859425277553487,-0.0576262030628779,-0.171386902436572,0.0665679469104288,0.0139095846660984,0.0615998763102171,-0.0342772580410394
-0.102832531538346,-0.168903882580942,0.0655739894412651,-0.0168902375074602,-0.0933941920113952,-0.0491809836508621,-0.16194820345554,0.0730260313114651,0.0203676061139638,0.061103103114154,-0.0432191514521255
-0.117239021481737,-0.161949016823672,0.0745158970920807,-0.0278192147242853,-0.0874328606028849,-0.0422260970700166,-0.162941750716769,0.065574395461404,0.0188772934721487,0.0690514742460085,-0.00993543709066215
-0.0844518374907044,-0.158968360070932,0.0725288065038327,-0.0183805525830643,-0.0993555234121267,-0.0273227686925655,-0.162444977086229,0.0491807965951041,-0.00198708350942212,0.0546450515590315,3.10213382759272e-11
-0.043716245246034,-0.136613434430312,0.080477168849779,0.00645803198959639,-0.0914070815373782,-0.0223549925662239,-0.160954656195137,0.0382517306860837,0.0228514605199154,0.0511676391862207,-0.0253353646304698
-0.0576259596648589,-0.140090867309494,0.061103035613502,0.0059612602980144,-0.0819683068130529,-0.0203678821161489,-0.168406260653644,0.00645808438463753,0.0322901072539595,0.0606063299051729,-0.0457030107306087
-0.0561356331188178,-0.126181135801089,0.0700449432545412,-0.00447094522494846,-0.0660714230635555,-0.0109291074712143,-0.177844959633388,0.00397420576917734,0.0476900045553616,0.0720321134179547,-0.0596126227047254
-0.0506711024511634,-0.127671464177819,0.0834578047281879,-0.00794834706765254,-0.0625939797457477,-0.0168904388243354,-0.189767526766511,-0.000496775739697378,0.0427222957471774,0.0809740309524199,-0.0650771131210973
-0.0357678370006942,-0.126677911926592,0.0725288064918549,-0.00943866214228801,-0.0367615436646743,-0.00695488657060261,-0.190264300396997,-0.000496775739697378,0.0620963601036139,0.111773969125874,-0.0601093945595844
-0.0611033882466583,-0.131645673179594,0.0546449911970941,-0.0029806301545913,-0.0124194404247272,-0.0163936612093559,-0.184799790460162,0.00447098149387066,0.08246396621192,0.133135216566208,-0.055141675996527
-0.0770002047376077,-0.139594091185566,0.0536514459032051,-0.0158966941304624,0.000993555233563342,-0.032290544816336,-0.166419166122661,0.0163935988535039,0.0720317777212627,0.134625536153608,-0.0397417484576056
-0.0914066946743143,-0.169897434829195,0.0606062629606346,-0.0228514978133814,0.022354992760337,-0.0501745388688996,-0.157974014406937,0.012419393068509,0.0615995892275327,0.13313521656534,-0.0273224520539069
-0.0705421230347839,-0.144561852445004,0.0755094423680909,-0.0223547261215786,0.0457035407603588,-0.0392454313888701,-0.155490146253966,0.00943873872767087,0.0601092765856078,0.11227074233704,-0.0471933262959311
-0.0824647353903192,-0.150026389825314,0.0794836235443521,-0.0303030731875757,0.0546455378679384,-0.0362647657145134,-0.160954656190652,0.0144064959613676,0.0625931309893036,0.123199752652311,-0.0486836418640125
-0.113264817325457,-0.160458688454975,0.062096580907714,-0.0576255162191881,0.061103646888909,-0.0486842060323353,-0.165922392494764,0.0129161687914718,0.0606060474680784,0.121709433063766,-0.0357675736030313
-0.121213225568166,-0.154497374948118,0.0809739414971859,-0.0546448860698804,0.067561755908319,-0.0457035403575377,-0.166419166125439,0.0357678520759818,0.057625422184119,0.0899159485178262,-0.0362643454592734
-0.130155184845708,-0.180826509595938,0.0700449432686034,-0.0466965390042755,0.054148760245491,-0.0427228746809773,-0.15151595721229,0.0427227121984574,0.0556383386620159,0.0894191753217631,-0.00447094666902682
-0.145058450305685,-0.171884539336968,0.0596127176789141,-0.0506707125395297,0.0417293198220481,-0.030800211976246,-0.125186954803727,0.036761403518331,0.0571286513045991,0.0844514433586976,-0.0144063837917845
-0.135122940010173,-0.160955464576233,0.0685546253273514,-0.0486836257733734,0.0342776555712231,-0.0233485477887009,-0.113761161305983,0.0457033665348019,0.0690511524378031,0.0740192062410945,-0.0407352921754546
-0.17089077710582,-0.191258808242135,0.0779933056241791,-0.0675609500509246,0.0208646599119603,-0.0129162179250359,-0.114754708567104,0.0382517306839657,0.0750124030022105,0.0715353402609102,-0.0188773305059787
-0.160955266797824,-0.19821367399955,0.0779933056241791,-0.0755092971171181,-0.000993555239372862,-0.0049677761202026,-0.099851499658426,0.0481872451446454,0.0685543815529184,0.0461999072590037,-0.0372578891822107
-0.132639062447132,-0.186291046987589,0.0710384885667496,-0.0720318952753582,-0.00248388808935796,-0.00645810895853001,-0.128664370234069,0.0362646277847024,0.0779930282855724,0.0491805464354223,-0.0586190789991709
-0.148535878932857,-0.202684659115439,0.0571288544535346,-0.0601093746757741,-0.00248388808935796,-0.00447099850816117,-0.121709539407553,0.0466969179756016,0.0899155294178986,0.0665676082939505,-0.0442126951726326
-0.173374654691323,-0.210633077125416,0.0571288544535346,-0.0596126029840574,0.00844521948129116,-0.0163936612078554,-0.108793425014395,0.0447098150822777,0.101341259670973,0.0571289175675004,-0.0576255352880834
-0.165426246446463,-0.212620181626825,0.0546449912182612,-0.051664255916491,-0.00248388809384727,0.00198711046019151,-0.115251482211767,0.0501743480379949,0.0978638635083595,0.0645805155090402,-0.0735222346868588
-0.20516828769689,-0.237458987915307,0.0437159929848348,-0.0769996121996735,-0.0183807718375826,-0.0213614373358342,-0.10581278323125,0.0387485063991554,0.109289593761154,0.0700450206692082,-0.0342772580644286
-0.197219879450032,-0.215600838394296,0.0412321297500752,-0.0730254386680478,-0.00695488664276966,-0.0258324358508167,-0.0824644226251708,0.0317936462766798,0.0834575079560589,0.0377547628968811,-0.0591158508669589
-0.163439144419826,-0.211129853266078,0.0466966288692913,-0.0670641783654606,0.00844521948118318,-0.0238453254006158,-0.10332891509675,0.0352710763403128,0.102334801419282,0.0327870309325,-0.0745157784125407
-0.202684410109476,-0.215104062269397,0.0496772647510467,-0.0799802423489812,0.0054645537800971,-0.0327873224259533,-0.123696633945556,0.0203678046438702,0.0993541761366395,0.0367612165017949,-0.04123206404388
-0.178839185373512,-0.184800718603495,0.0382514938647378,-0.0655738632934609,0.0238453256072366,-0.0471938731912795,-0.112270840445941,0.0243420104313444,0.0804768826766597,0.0153999690586324,-0.0596126227196153
-0.175361756766622,-0.174865196093528,0.0427224476867765,-0.0635867765266183,0.0432196526743614,-0.0452067627404909,-0.127670822985118,0.0203678046476925,0.106308968461464,0.0327870309263693,-0.045703010747567
-0.159464940302714,-0.174865196093528,0.0486837194504637,-0.061102918068586,0.0402389869740676,-0.0422260970639305,-0.106806330494754,0.00794841155650933,0.10779928110306,0.0298063917499507,-0.0576255353019669
-0.165426246487396,-0.186291046977231,0.0357676306207448,-0.0660706349842214,0.0218582151464839,-0.0616004239621885,-0.11028374590768,-0.0129161688309839,0.099850947015623,0.03079993814138,-0.0864383029606899
-0.131148735947009,-0.175361972214201,0.0178838153201709,-0.0710383519019408,0.0466970959672647,-0.0760069747323836,-0.116741803103113,-0.00596130870525423,0.0914058420465811,0.0298063917488459,-0.093889880804722
-0.137606817645771,-0.184800718598175,0.015896724731688,-0.0551416577762225,0.067064978261711,-0.0968716344647822,-0.108296651383933,-0.00745163587484023,0.10183803053263,0.0258322061803931,-0.0680577442852029
-0.0884260416074008,-0.162445792937368,0.00844513502300548,-0.0352707901004411,0.0914070814893065,-0.100349077755535,-0.106309556862343,-0.000496775746037327,0.0849478205914365,0.0362644432999303,-0.0928963370793427
-0.0849486130001735,-0.182813614081305,0.00248386325808538,-0.0432191371644771,0.088426415786924,-0.105813631497224,-0.148038541796395,-0.010432290211107,0.121708865765684,0.0606063299334573,-0.099851143067059
-0.113761592876094,-0.206658868108232,0.00993545296324473,-0.0561352011556472,0.095381302419767,-0.115749183749908,-0.14307080549147,-0.00645808442487247,0.105812197587298,0.0700450206646568,-0.0715351472624158
-0.0581227352072465,-0.164929673606672,0.0263289503034545,-0.0397417353318255,0.0864393053139159,-0.10680718672457,-0.140090163707295,0.011425841609464,0.100347717901314,0.060109556739841,-0.110780123909244
-0.00844518374505077,-0.136613434478533,0.0397418117778942,-0.0466965390125138,0.0740198648919733,-0.0854457493860382,-0.159464335297826,-0.00447098154539101,0.143070013601367,0.10581269077463,-0.12717359516833
-0.0258323267842115,-0.139097315105634,0.02583217766098,-0.050173940854617,0.0650778677863383,-0.0864393046114117,-0.198709452150104,-0.0457033665995459,0.148037722402357,0.126180391799199,-0.143567066421655
-0.0457033473656326,-0.137606986729561,0.0238450870733192,-0.0591158313049671,0.0680585334866321,-0.0789876404216628,-0.199702999411008,-0.0382517307438677,0.156482827369327,0.120219113444941,-0.129160682585576
-0.0377549391196971,-0.121213374593794,0.0392450391383849,-0.060109374688241,0.0695488663381293,-0.0645810896496417,-0.205664282977569,-0.0263291133767967,0.177843975222236,0.111773969116115,-0.119722017315576
-0.0253355512540284,-0.0904132548342365,0.0541482185568508,-0.0382514202594453,0.0268259913078068,-0.0541487597806878,-0.201193320303563,-0.0342775249492655,0.192250330755539,0.109290103134549,-0.113760755040229
-0.0417291432658664,-0.101342329599332,0.062593353556281,-0.0665674066796151,0.015400106120724,-0.0481874284266851,-0.208644924761459,-0.0551421053356742,0.181818142269491,0.123199752620451,-0.125186507729315
-0.0859421641445707,-0.124690807512221,0.0586191723769665,-0.0730254386720927,0.0218582151354532,-0.0377550985559681,-0.191257847706791,-0.0486840209326236,0.19324387252537,0.122702979424414,-0.117238158033365
-0.08643893965986,-0.100348777366634,0.0571288544354061,-0.0670641783737716,0.0417293198098411,-0.0253356582357847,-0.16890303433737,-0.032787197790991,0.174863349946592,0.103328824759479,-0.094386652650096
-0.085942164144484,-0.0824648368441853,0.0357676306051119,-0.0397417353253038,0.0466970959747173,-0.0312969895894098,-0.173373997011742,-0.0452065908757179,0.190263247244592,0.115748154661716,-0.082960899963171
-0.14009069526706,-0.119723046217058,0.0114257709123799,-0.0516642559231228,0.053155204996,-0.0481874284179013,-0.145057900086413,-0.0531550024444681,0.177347204344582,0.127670711370863,-0.0402385203243414
-0.194239226365564,-0.155987703352169,0.00149031796937819,-0.06607063498362,0.0571294259318378,-0.0864393045959857,-0.122703086714553,-0.0397420579066876,0.138599075690198,0.0988578660140759,-0.00596126224549991
-0.176355307811172,-0.147045733095827,0.0114257709112054,-0.070541580210064,0.0596133140171264,-0.0869360822086878,-0.0690515345832974,-0.00794841159201843,0.124689491044352,0.0720321134405151,0.0129160682879947
-0.184800491562928,-0.156484479479206,0.00894190767629914,-0.0611029180681444,0.0392454317231723,-0.0938909687857132,-0.0735224972580354,-0.0054645329741046,0.111276677271637,0.0769998454025283,0.0402385203753937
-0.214110246982001,-0.187781375384619,-0.0144064067504495,-0.0695480368279549,0.0616004244826689,-0.11525240614049,-0.065574119169721,-0.0223549075796505,0.0963735508650081,0.0690514742660436,0.0606061664760834
-0.266271676058141,-0.225536360901884,-0.0243418596946254,-0.087431817722477,0.0725295320570151,-0.122704070332128,-0.0571289674551496,-0.0223549075796505,0.070541465073863,0.0725288866401436,0.06954805988729
-0.242426451317107,-0.21609761451355,-0.0377547211662904,-0.0625932331412355,0.0834586396274001,-0.108794297178664,-0.0427225321726346,0.00397420576133913,0.061599589224399,0.0407354020857847,0.0804770407204031
-0.218581226564084,-0.194736241102988,-0.0377547211662904,-0.0710383519037549,0.0710391992126592,-0.117736294210424,-0.0615999301184759,0.00496775720776883,0.0750124029948093,0.0407354020857847,0.0789867251525432
-0.240439349246324,-0.222555704128561,-0.0228515417566321,-0.0779931555853011,0.0745166425287025,-0.1192266270485,-0.0725289499845411,-0.00397420580777257,0.078489799159642,0.0571289175728014,0.0710383754556262
-0.237458696154271,-0.223052480254002,-0.000993545279444747,-0.0938898497180799,0.0526584273942696,-0.104323298667271,-0.0705418554624626,-0.00447098153132932,0.0675608397880748,0.0317934845635149,0.0491804137905811
-0.253852288168011,-0.23845254014526,0.00596127177921781,-0.0968704798686378,0.0486842064583357,-0.100349077765358,-0.0869353852559706,-0.0243420104676672,0.0844510497325845,0.0168902886758967,0.0457030107985794
-0.245903879926224,-0.230007346012941,0.0104322256042952,-0.0774963838931181,0.0392454317344665,-0.088923192666686,-0.0914063479281468,-0.0268258890850644,0.0690511524262683,0.00397418557055767,0.0312966269722358
-0.238452247198901,-0.22802024151199,0.0064580444282688,-0.0566319728448754,0.0471938736053739,-0.095381301632772,-0.106806330468164,-0.0457033665780201,0.0695479233066417,0.023845113406508,0.0263289084117297
-0.251368410589307,-0.221065375755451,-0.00695481704656726,-0.0571287445364449,0.0521616497764916,-0.0899167478935075,-0.103328915054384,-0.0407356093431608,0.0725285485902354,0.0223547938180423,-0.000993543675669298
-0.242426451305368,-0.195729793352639,0.0372579485426059,-0.0382514202547012,0.0452067631428085,-0.0645810896376574,-0.093890216079017,-0.00794841159309016,0.0745156321117532,0.0173870618560291,-0.00397417481165063
-0.207155389728006,-0.185794270842254,0.0625933535386509,-0.0268256713480353,0.05762620356115,-0.0327873224364573,-0.0948837633393514,-0.00496775725302712,0.0958767799798671,0.0342773505210593,-0.0193741023545264
-0.195232777365787,-0.178342628959387,0.0829610320654849,-0.037257876868424,0.0521616497766837,-0.0476906508154824,-0.103825688685777,-0.0352710763844868,0.116244386075675,0.0471934536277663,-0.0258321364827915
-0.194239226334891,-0.189768479851009,0.0864384405974365,-0.020367639346928,0.0312969898630309,-0.0293098791427762,-0.0933934424501301,-0.0496775723627701,0.106805739349276,0.0481870000198269,-0.0342772580351382
-0.182316613960455,-0.195233017234876,0.0804771688351586,-0.00844511875146246,0.0168904389784508,-0.0288131015300741,-0.0919031215589166,-0.069548601301174,0.098857405257352,0.0551418247675664,-0.0327869424668353
-0.146548776882785,-0.188278151479652,0.0824642594225846,0.0124192922952357,0.0114258851912116,-0.0372583209449443,-0.0854450643636589,-0.0700453770247439,0.109786364628919,0.072032113444226,-0.0402385203101623
-0.139593919663557,-0.175858748340758,0.0829610320695219,0.0332837033398744,0.0198711046791526,-0.0372583209449443,-0.0839547434727299,-0.0630905168946754,0.107799281106767,0.0809740309782179,-0.0491804137196774
-0.132639062454011,-0.183807166347563,0.0993545294179662,0.0258321279668811,0.049677761687134,-0.0312969895913192,-0.0958773106039008,-0.0819679943974452,0.127670116338529,0.0988578660447806,-0.0531545885693175
-0.158968164766892,-0.202187882987723,0.103328710593993,0.0134128356788655,0.0491809840702924,-0.0332841000427795,-0.107799877740601,-0.0839550972925249,0.117237927848127,0.0809740309933724,-0.0586190789866495
-0.0879292661999768,-0.178839405105723,0.118728662656783,0.0253353562731542,0.0521616497723869,-0.0337808776553876,-0.103825688697094,-0.08842607880384,0.125186261935565,0.0760062990309644,-0.0879286185211691
-0.0924002458415573,-0.190265255989906,0.0705417158853592,-3.77592401790139e-12,0.0322905450917573,-0.0432196522965334,-0.141083710996742,-0.120716500830005,0.141082930100685,0.106309463978783,-0.075509322122841
-0.133135838090165,-0.20318143525422,0.0452063108893141,-0.00248385846119496,0.0114258851846584,-0.0799811956268037,-0.134128880175539,-0.115251967874429,0.124192720160321,0.0834578969577582,-0.066567428710063
-0.151516532150897,-0.194736241123142,0.0417289023620894,-0.0079483470692703,-0.00596133141194262,-0.0770005299502433,-0.124690181198884,-0.0914067331440061,0.113760531674785,0.0899159485077769,-0.0645803412858606
-0.104322858227603,-0.172878091596164,0.0447095382460468,0.0049677169081947,0.0193743270518811,-0.0779940851754277,-0.125683728459165,-0.0933938360384145,0.114754073435665,0.0879288557236032,-0.0804770406837768
-0.121710001275504,-0.161949016829691,0.0372579485402269,-0.00447094522929994,0.0243421032201179,-0.075510197112073,-0.12667727571996,-0.094387387485877,0.127173345452925,0.115251381493332,-0.0675609724276828
-0.143568123928165,-0.159465136203321,0.0322902220712215,-0.0153999224415404,0.0337808779426186,-0.0794844180142378,-0.133135332915218,-0.084948648740258,0.106805739346619,0.131148123763355,-0.0531545885986135
-0.130155185010684,-0.1455554046955,0.0347740853056873,-0.0144063790590018,0.042226097427091,-0.0894199702702793,-0.14207725826262,-0.0824647701229899,0.101838030540386,0.136612628920919,-0.0586190790166101
-0.108793837878844,-0.147045733072073,0.0243418597221631,-0.00844511876038632,0.0303034346290836,-0.0789876404050719,-0.126180502089461,-0.0725292556455235,0.126676574552654,0.141083587684896,-0.0720319191373181
-0.0988583275689269,-0.157974807837857,0.0158967247219842,0.00496771691033967,0.026329213693918,-0.0774973075664611,-0.117735350366825,-0.0750131342646645,0.136115221282296,0.149031958820959,-0.0630900257275614
-0.142077797303032,-0.172878091589665,0.00943868031027348,0.0149031507335203,0.0233485479918236,-0.0536519821731165,-0.104819235981419,-0.0760066857117655,0.110283135486713,0.155986783567962,-0.0382514329001861
-0.139097144208559,-0.189271703737481,0.0293095862121317,0.0332837033297621,0.041729319822072,-0.0496777612711196,-0.0769999126571379,-0.0640840683419054,0.0894187585174316,0.163438381498453,-0.0650771131258313
-0.103329307108762,-0.168407106467863,0.0303031315068135,0.0551416577445347,0.0447099855243825,-0.0293098791486006,-0.0740192708774351,-0.0750131342546184,0.106308968457796,0.166419020676687,-0.0789867251022038
-0.120219674635621,-0.185297494733035,0.0139096341544939,0.0660706349592021,0.0625939797378133,-0.0437164299221435,-0.0745160445076636,-0.089419630234025,0.113263760782084,0.179335123770054,-0.0844512155190189
-0.106309960232659,-0.165923225851006,0.023348314450206,0.0824641007648211,0.0407357645944021,-0.0407357642467162,-0.0819676489614941,-0.0640840683457919,0.105315426693672,0.168406113453336,-0.11624461433548
-0.0928970213089545,-0.161452240720722,0.0248386323916342,0.0740189820064698,0.0402389869776325,-0.0566326478567186,-0.0988579524033094,-0.0655743955170825,0.122205636624915,0.167412567062406,-0.127173595167264
-0.0755098782882809,-0.151516718217848,0.0119225435653504,0.0899156761314037,0.0223549927629053,-0.0362647657402232,-0.0864386116452311,-0.0735228070920306,0.123695949267535,0.151515824792383,-0.158470222113468
-0.068058245559373,-0.157478031720199,0.00596127180201567,0.0844511875268342,0.015400106128886,-0.0233485478081876,-0.0899160270592957,-0.0904131816958205,0.129657199834869,0.157973876340178,-0.157476678401045
-0.075509878277766,-0.125187583582127,0.0163934973855399,0.0909092195150088,0.005961331408894,-0.0322905448352249,-0.0943869897315943,-0.0789873400531199,0.120218553113797,0.153999690772252,-0.154992819119063
-0.0616001638503361,-0.112271404314016,0.0163934973855399,0.100347881648311,0.0158968837453675,-0.0347744328996288,-0.094883763362229,-0.0765034614339789,0.12369594927624,0.168406113447785,-0.168405659234514
-0.0774969803225398,-0.130155344828578,0.0253354050318632,0.0725286669310498,0.0293098794013894,-0.049677761267636,-0.120219218511474,-0.0715357041989905,0.142076471864943,0.157973876326314,-0.157476678395788
-0.0596130617629599,-0.0953810160436902,0.0238450870900388,0.0690512650898049,0.0183807718286276,-0.0432196523033237,-0.113761161317273,-0.079980891501873,0.139592617462406,0.142573907266705,-0.155489590970995
-0.0750131027303801,-0.0958777921689435,0.0437159929713448,0.051167484206756,0.0327873227170366,-0.0422260970782862,-0.12767082296006,-0.071535704205137,0.140089388342791,0.137109402106247,-0.142573522707045
-0.0824647354663478,-0.102335881802931,0.050174037384773,0.0307998448473737,0.0322905451002068,-0.0208646597275708,-0.141083710981346,-0.0869357516434081,0.134128137779262,0.130154577364769,-0.129160682594495
-0.0983615519274906,-0.111774628179374,0.0561353091477555,-0.00447094523579645,0.0422260974410018,-0.0258324358534928,-0.120219218518304,-0.117239070768567,0.137108763062782,0.110283649499877,-0.0919027933592244
-0.103329307083602,-0.108793971426321,0.0576256270890516,-0.00397417354403075,0.0352712108049661,-0.0198711044984827,-0.123199860303781,-0.0948841632114097,0.12071532401207,0.0983610928046202,-0.0998511430571082
-0.104322858113037,-0.115252061052715,0.0511675826721882,-0.0163934658280626,0.0486842064674699,-0.0228517701729655,-0.137109521953398,-0.0914067331469631,0.140586159236515,0.0834578969142393,-0.0819673562274425
-0.14058747074739,-0.138600538951384,0.0516643553192135,-0.0248385845834967,0.0432196526819472,-0.0342776552663273,-0.14704499456867,-0.0745163585431731,0.143566784519524,0.0829611237183341,-0.0611029382727532
-0.156484287220516,-0.156981255578422,0.0452063109111286,-0.0213611827445684,0.0327873227232303,-0.0462003179743329,-0.118728897662653,-0.0710389284793594,0.121708865780145,0.0735224329911338,-0.0630900256983254
-0.233981267697817,-0.20914274881984,0.0427224476749745,-0.0809737857660302,0.0218582151528453,-0.0611036463662666,-0.113264387726415,-0.0556388810478936,0.118728240498087,0.048187000002645,-0.0238450490780164
-0.232987716668016,-0.187781375429017,0.0397418117933951,-0.0680577217853784,0.0154001061343715,-0.0630907568160478,-0.0635870247218833,-0.0367614035667146,0.0928961546929928,0.0218580205750372,-0.0476900981848821
-0.271736206896174,-0.204671763689578,0.0397418117933951,-0.0819673291563657,0.00596133140776554,-0.097865189721744,-0.0834579699421273,-0.0466969180454722,0.111773448144633,0.0203677009879526,-0.0188773305374509
-0.31942665640222,-0.236465435727483,0.0422256750269071,-0.115747804201026,-0.0129162180342712,-0.132142845009795,-0.0745160445991163,-0.0476904694919532,0.0894187585152114,0.0024838659062334,0.0352708017504832
-0.329362166720205,-0.232491226721744,0.047690174144024,-0.112767174049585,-0.0312969898654079,-0.151517171908462,-0.0521612312357947,-0.0233484590307028,0.0551415677408431,-0.0283160722655897,0.0293095394788426
-0.309491146145313,-0.216594390721484,0.0471934014971895,-0.084451187639896,-0.0283163241641057,-0.156484948035434,-0.0432193059018091,0.0104322901549253,0.0541480259797184,-0.0213612475104825,-0.0109289808968817
-0.331349268843614,-0.209639524965821,0.0516643553202852,-0.0680577218185017,-0.0178839942109344,-0.16443338984245,-0.0278193233487671,-0.0462001423739959,0.0824639661498818,-0.0149031959662784,0.00149031550530648
-0.348239636349902,-0.208645972715491,0.0665675347400725,-0.0685544935100225,-0.0158968837431595,-0.180330273446072,-0.0163935298500882,-0.0471936938209162,0.0650769853295591,-7.5897423762461e-11,0.00794834963610258
-0.327375064691007,-0.204174987584175,0.0635868988577004,-0.0591158313718291,-0.0129162180417852,-0.189769048092602,-0.00993547264954442,-0.0616001898055652,0.0755091738166318,0.00745159786130147,-0.0163934713121864
-0.297568533811961,-0.172381315589662,0.0774965329643394,-0.0417288221861962,-0.0134129956589991,-0.163936612232896,-0.0387483431858847,-0.0561356568494215,0.102334801357123,0.0158967421963886,-0.0442126952814796
-0.23994257394758,-0.112768180466003,0.0789868509060759,-0.00149031512734616,-0.0233485480007542,-0.151020394292674,-0.0457031740141086,-0.0606066383605042,0.115250844242869,0.0556385978493485,-0.0814705844769686
-0.23298771674005,-0.107303643090053,0.0774965329650882,-0.00198708681875642,-0.0213614375333155,-0.158472058480849,-0.087432158928808,-0.0814712187355237,0.13859907564506,0.0889224020252482,-0.0730254629165174
-0.200697308212527,-0.1177359417276,0.0859416679670138,0.00347740179242038,-0.00894199710447108,-0.145059062925417,-0.0750128181636142,-0.0655743955719909,0.143070013565238,0.102832051500101,-0.091902793441594
-0.166419797621109,-0.104322986331398,0.0690513979718963,0.0283159863895988,-0.0049677761678651,-0.11674273898822,-0.0909095743320028,-0.0745163585926456,0.175360120799811,0.124193298956841,-0.125683279630215
-0.173871430362121,-0.101839105703149,0.0650772167959874,0.0322901599241666,0.0163936613640697,-0.0978651897021399,-0.0983611787833938,-0.0720324799758941,0.199205123083778,0.137109402067311,-0.125186507774208
-0.211129593952647,-0.122703702955681,0.067561080030013,0.0134128356554657,0.0129162180458417,-0.0889231926743467,-0.113264387675809,-0.0804776672667036,0.186785851065604,0.13363198969008,-0.0993543712316417
-0.192748899864194,-0.125684359707858,0.0516643553202706,0.000496771676088942,0.0124194404291439,-0.0909103031265205,-0.111774066784271,-0.0466969180187286,0.161450536178375,0.119225567011496,-0.1107801239215
-0.1942392264094,-0.121710150706958,0.0611030356126359,0.0104322055041727,0.0144065508967267,-0.0938909688033959,-0.106309556852654,-0.0546453295959495,0.178837516998698,0.109290103085891,-0.121709104758897
-0.205665063268124,-0.113264956572333,0.051167582667579,-0.00894189046847842,0.0064581090254352,-0.0904135255121283,-0.105316009591235,-0.0675614984190064,0.19572772691875,0.105812690715566,-0.110283352066877
-0.240439349297037,-0.159961912328981,0.0362644032671681,-0.0253353562716707,0.0253356584711209,-0.0814715284903796,-0.115748255831151,-0.0809744429505113,0.180327829631333,0.106309463911629,-0.0859415310925931
-0.250871635124971,-0.173374867718705,0.0496772647368515,-0.0243418128885192,0.0332841003449092,-0.0819683061033339,-0.114257934939165,-0.0879293030809414,0.176850433470597,0.0695482474355617,-0.0779931813943869
-0.258820043362302,-0.166420001969321,0.04073535708815,-0.0213611827402412,0.028813101792902,-0.0784908628152253,-0.116741803091865,-0.0844518730168563,0.177347204351202,0.063090195883662,-0.0834576718156337
-0.281174941569341,-0.169400658723751,0.0452063109109815,-0.0104322055223374,0.0273227689418369,-0.0779940852022081,-0.122703086658101,-0.0933938360447168,0.156482827381921,0.0372579897078705,-0.0819673562475119
-0.245903879994025,-0.128168240331194,0.0442127656166225,-0.00049677169204735,0.0407357645972106,-0.0735230866889255,-0.120219218505876,-0.0938906117682093,0.126179803670964,0.0352708969222231,-0.134128401158559
-0.182316614006864,-0.102335881812872,0.0496772647332551,0.0168902375124618,0.0382518765132423,-0.0804779732662445,-0.152012730866074,-0.12866491243211,0.143070013605109,0.0720321134187318,-0.149031556841688
-0.172381103710777,-0.0784906278114807,0.0397418117949507,0.0412320503819575,0.0442132079155587,-0.0809747508788105,-0.171883676074933,-0.155490801498258,0.15946345266749,0.111277195924353,-0.151018644267395
-0.18579404263889,-0.105316538597971,0.0377547212051761,0.0223547260894993,0.0372583212805314,-0.0755101971357365,-0.185793337734037,-0.152510147155716,0.177843975235892,0.120715886646054,-0.15052187241124
-0.196723103973038,-0.113264956600437,0.0427224476727136,0.0213611827069114,0.0238453256206204,-0.0740198642972518,-0.193244942186648,-0.142077856961291,0.171385953790087,0.124193299020615,-0.150025100554924
-0.156484287232266,-0.101839105717213,0.0541482185590225,0.0327869316161149,0.0322905451087656,-0.0690520881677618,-0.184303016836319,-0.132639118205122,0.136115221293964,0.107799783551832,-0.153502503547772
-0.167910124080607,-0.100845553466112,0.0501740373833486,0.012419292266282,0.0337808779590026,-0.087432859827267,-0.172877223335769,-0.13114879103449,0.145057097139697,0.114754608295335,-0.131147770014165
-0.135619715579308,-0.0824648368228648,0.04321922032633,0.0183805525641619,0.0332841003419808,-0.0760069747319743,-0.159961108943668,-0.134129445376877,0.126676574565882,0.113264288706948,-0.141083207137191
-0.15300685860704,-0.123200479098336,0.06010949032544,-2.39155882597597e-11,0.0342776555758442,-0.0904135255003436,-0.159961108943668,-0.152013371427484,0.129160428968725,0.130651350572382,-0.120715561025765
-0.125187429730128,-0.108297195329942,0.0670643073808146,-0.000993543407116174,0.0457035407645833,-0.0839554165320748,-0.140586937360536,-0.150026268532042,0.125683032805087,0.124193299022877,-0.114754298753882
-0.147542327906048,-0.137606986710037,0.0645804441446605,-0.0183805526133417,0.0233485480007658,-0.0919038583340536,-0.13164501201533,-0.150523044255547,0.133134596016906,0.144561000065782,-0.0794834969487845
-0.155987511660906,-0.155987703345179,0.0655739894384028,-0.0119225206269198,0.007948441873464,-0.092897413559553,-0.0859418380150022,-0.142574632669648,0.110779906395166,0.105315917587182,-0.0884253903615625
-0.176355307772019,-0.18927170372876,0.0635868988500375,-0.0327869316561144,0.000993555237260288,-0.105316853877113,-0.089419253428782,-0.149529492804056,0.116741156960012,0.102832051608247,-0.0740190065276251
-0.161452042296769,-0.175361972206042,0.0824642594434142,-0.0188773242810077,-0.00894199710257434,-0.116742738977716,-0.0581225147107399,-0.142574632673264,0.0938896964670432,0.104819144391158,-0.0725286909592014
-0.135619715514457,-0.168407106453738,0.0690513979776941,-0.00894189045733673,0.00248388808975376,-0.12369762555812,-0.0566321938199741,-0.143568184120107,0.0824639662117251,0.0973675464448819,-0.0765028658099159
-0.172381103645515,-0.189768479848599,0.0725288065067687,-0.0129160639902371,0.00695488664089688,-0.145059062922374,-0.0581225147113907,-0.138103651158139,0.115250844308724,0.127670711391096,-0.0869350747904328
-0.240936124842275,-0.222058928030746,0.0611030356214727,-0.0288127581312542,-0.00993555233478131,-0.176356052537831,-0.059116061972024,-0.146548838459924,0.103825114060697,0.138599721697106,-0.045206238897405
-0.254349063753272,-0.222555704156051,0.0606062629744326,-0.0342772467375768,-0.0178839942087616,-0.166917277898081,-0.0173870770755379,-0.115748743611002,0.0635866726921797,0.0909094948062046,-0.0481868700348365
-0.251368410661968,-0.195729793381392,0.0447095382698575,-0.0134128356929381,-0.0213614375274937,-0.157975280868399,-0.0178838507061185,-0.100348696177535,0.0774962573424635,0.0789869381002145,-0.0521610448849603
-0.2483877575698,-0.178839405121895,0.0263289503315503,-0.0119225206181555,-0.0367615436529349,-0.154497837578527,-0.030303191462164,-0.0879293030857056,0.0794833408646154,0.0884256288256651,-0.0700448317035072
-0.244413553448215,-0.16244579298957,0.0198709059158319,0.00447094520526167,-0.0144065508891173,-0.159962391318946,-0.0312967387225256,-0.0889228545327549,0.0635866726760846,0.0720321133538436,-0.078489953259392
-0.292104002939506,-0.160955464613216,0.0129160888584024,-0.0248385845959023,-0.00745166424955276,-0.175859274932643,-0.0377547959112645,-0.0765034614364064,0.0665672979604099,0.0904127216135358,-0.0506707293156705
-0.310484697004857,-0.166916778119698,0.0233483144447008,-0.0417288221115632,-0.00496777616492439,-0.174865719706997,-0.0278193233022271,-0.031296870608,0.0556383385901839,0.0730256597517847,-0.0263289083677104
-0.310981472520559,-0.153007046605159,0.00745158973589816,-0.0586190596397287,-0.00496777616492439,-0.16791083312336,-0.0119225671485833,-0.0263291133732701,0.0457029209764981,0.0496773195392878,-0.0129160682546159
-0.311975023550168,-0.162445792983781,0.0139096341466546,-0.0581222879486739,-0.0129162180371762,-0.161452724155773,-0.0129161144090801,-0.0322904220554112,0.0546447968290348,0.0551418247001796,-0.0238450490962968
-0.281174941598953,-0.138600538962863,0.00993545297051077,-0.0496771691921983,-0.0243421032253633,-0.124691180796769,-0.0129161144090801,-0.0317936463316733,0.0372578160266344,0.0432192680058704,-0.020367646102462
-0.21758767555523,-0.112271404287948,0.0168902700320505,-0.0273224430599789,-0.00645810901625389,-0.098858744920692,-0.0213612661266467,-0.0496775723948319,0.0546447968362887,0.0352708968748577,-0.0506707293057855
-0.214607022463293,-0.114258508789274,0.0327869947300495,-0.0283159864431058,0.000496777623647013,-0.101342632983417,-0.0645805719140618,-0.0635872926430376,0.096373550846548,0.0765030722147149,-0.0526578167308742
-0.204671512161443,-0.112768180413796,0.0481869467878342,-0.0288127581343936,0.00198711047460422,-0.110284630013099,-0.072032176374398,-0.0774970129049819,0.0904123002833112,0.0745159794296466,-0.0461997825996416
-0.168406899567754,-0.0968713444158723,0.0665675347261414,-0.0149031507750766,-0.00248388808010397,-0.0973684120837918,-0.0779934599403085,-0.0919035088922528,0.0943864673270297,0.067064381488896,-0.0774964095530375
-0.14903265448383,-0.106806866918955,0.0849481226720524,-0.0134128357008824,-0.0104323299488988,-0.0933941911815429,-0.0973676315281966,-0.102335799089389,0.139095846575449,0.107303010348705,-0.0789867251219243
-0.123697103180559,-0.111774628173835,0.0809739414950868,0.00198708674233726,-0.00894199709786957,-0.0740198642787827,-0.114754708586186,-0.103826126260525,0.14754095154532,0.115748154678201,-0.0740190065627609
-0.134626164522947,-0.103329434040096,0.0546449911934091,0.00695480366017914,-0.00695488663038266,-0.082465083698113,-0.0973676315334139,-0.126677809523058,0.151515118589721,0.129657804168891,-0.0829608999703427
-0.104819633597806,-0.0834583890335129,0.0715352611960129,0.041728822085073,-0.00645810901327688,-0.0874328598290722,-0.113264387687058,-0.128168136693341,0.169398870290844,0.131644896954065,-0.120715561041925
-0.0755098782404924,-0.0655744485298408,0.0750126697238542,0.0377546485562911,0.00745166426114724,-0.0770005299621017,-0.123199860295011,-0.108297107760103,0.176353662617863,0.142573907271072,-0.136612260453809
-0.0983615519426984,-0.0819680606666403,0.0894190764829056,0.0481868540741058,0.0218582151495562,-0.0924006359568516,-0.142077258263514,-0.112271313550366,0.201688977496387,0.160457742309695,-0.11475429878581
-0.0983615519426984,-0.0770002994105088,0.0740191244141992,0.0337804750139642,0.00993555234521173,-0.100845855374755,-0.12071599216195,-0.0869357516324975,0.176353662597345,0.141580360860044,-0.129657454468738
-0.0829615109731944,-0.0765035232851617,0.0765029876469038,0.041232050386222,0.01639366136587,-0.0983619673120296,-0.117735350380214,-0.114258416435231,0.168902099387538,0.150522278391668,-0.142573522734433
-0.1122712663747,-0.0914068070441674,0.0665675347080123,0.035767561781248,0.0124194404297442,-0.10432329866704,-0.108793425028177,-0.114258416435231,0.172379495549639,0.164928701078645,-0.149031556865666
-0.138600368663658,-0.109290747542583,0.0625933535338649,0.0188773242722557,0.0213614375381881,-0.122207292724892,-0.0750128181804877,-0.0943873874901126,0.159960223535428,0.151515824777835,-0.11972201733709
-0.139593919693247,-0.116245613297223,0.0506708100036722,0.0163934658152041,0.0104323299635778,-0.124194403175933,-0.0695483082433551,-0.0869357516344345,0.140089388326101,0.113761061899526,-0.111773667637058
-0.129658409385059,-0.110284299791493,0.0601094902974319,0.0198708676555911,0.0178839942171034,-0.130155734528928,-0.065077345569715,-0.0839550972922793,0.140586159206572,0.103328824786066,-0.127670367028744
-0.0789873068368099,-0.106310090788424,0.0750126697185404,0.0298063014875973,0.0198711046843981,-0.119723404658432,-0.0889224798177446,-0.0924002845918694,0.137605533923344,0.0963740000420102,-0.142076750856645
-0.0809744088974103,-0.110284299788405,0.0546449911838822,0.0203676393496371,0.0258324360887311,-0.105316853881541,-0.105812783246197,-0.0874325273580432,0.147540951528251,0.10332882478846,-0.12916068259095
-0.15549073614256,-0.152510270443798,0.0367611758901784,-0.00248385845608298,0.0163936613678266,-0.107800741944686,-0.106309556876737,-0.111774537804108,0.14555386800649,0.105812690768711,-0.077993181383503
-0.152510083049815,-0.146548956938193,0.0283160408949903,-0.0273224430311954,0.0163936613678266,-0.121213737496717,-0.0566321938437444,-0.0904131816911597,0.101838030549189,0.0660708351041754,-0.0923995652086786
-0.120716450086969,-0.134129553802429,0.0586191723715936,-0.00943866213049507,0.0129162180485905,-0.115749183755375,-0.06756121370653,-0.0988583689933837,0.0849478205988747,0.0680579278892437,-0.107799492754052
-0.142574572756108,-0.137110210554668,0.0496772647321398,-0.00447094521718878,0.00993555234700028,-0.136117065877463,-0.0824644226200867,-0.0894196302389318,0.0973670926136957,0.0700450206734702,-0.100844686764268
-0.0943873477916718,-0.124690807421512,0.0526579006144238,-0.00794834705748991,0.0114258851981374,-0.115252406141539,-0.07948378083705,-0.0864389758962344,0.0874316750061063,0.0690514742816201,-0.101341458620564
-0.0983615519131031,-0.125187583546661,0.0481869467923851,-0.00546448859939658,0.00546455379294036,-0.101839410596875,-0.106309556858033,-0.0973680418134927,0.108296051985629,0.0968707732652105,-0.0938898807780425
-0.109787388756144,-0.133136001554468,0.0551417638526917,-0.0114257488975706,0.00546455379294036,-0.0958780792442571,-0.108296651380437,-0.104819677669171,0.0953800090891053,0.119722340279579,-0.0839544436554193
-0.115251919425171,-0.123200479048256,0.0452063109117451,-0.0183805525789451,0.00794844187684887,-0.0864393046027123,-0.102832141447479,-0.101839023327481,0.0849478205966556,0.125683618630838,-0.0914060214976384
-0.15747783820844,-0.151516718209691,0.047193401500228,-0.0268256713358378,-0.0173872165955452,-0.0919038583438238,-0.0968708578825444,-0.0978648175389732,0.0874316749993759,0.123696525846348,-0.0794834969500069
-0.145058450332209,-0.154994151085223,0.0611030356241297,-0.0278192147190384,-0.0139097732771494,-0.0914070807309852,-0.0774966863041709,-0.0919035088600864,0.0720317777096911,0.108296556761457,-0.0740190065312716
-0.197716655049107,-0.195233017309328,0.0625933535659983,-0.0740189821011475,-0.0203678822992122,-0.119723404669378,-0.0844515171331539,-0.094387387478775,0.0765027156333807,0.120715886657775,-0.0178837868419193
-0.226032859444143,-0.215104062333854,0.0640836715066338,-0.0680577218003255,-0.0268259913169059,-0.0988587449250787,-0.0586192884095542,-0.090909957416136,0.0288127110268119,0.0620966493988893,-0.0163934712735359
-0.239942573860547,-0.209142748831003,0.0606062629793062,-0.0581222879734677,-0.0238453256146674,-0.084948971771028,-0.0635870247129889,-0.0760066857088466,0.0491803171416171,0.0511676390784084,-0.00894189342819429
-0.242923226953235,-0.221065375843715,0.0551417638639654,-0.0849479593198846,-0.0168904389782956,-0.083955416545151,-0.0620967038210843,-0.0740195828137668,0.0461996918587551,0.0561353710380535,0.00298063112265991
-0.264284574091268,-0.242923525362431,0.0471934015100339,-0.0760060688746095,-0.0238453256178601,-0.0948845240235646,-0.0650773456041211,-0.0630905168945199,0.0258320857479493,0.0367612163864585,0.0119225245349545
-0.278691064036609,-0.250375167240917,0.0556385365062199,-0.07699961225781,0.00397422092493852,-0.106807186729555,-0.0670644401257663,-0.0680582741317034,0.0198708351845662,0.015399968956307,0.0039741748362115
-0.308497594955411,-0.253852600120172,0.043715992972504,-0.085941502708381,0.00447099854209235,-0.126181513631087,-0.0457031740212887,-0.0710389284747887,0.0392448995262605,0.0183806081300421,0.00943866525250971
-0.317439554234509,-0.282168839273877,0.0397418117944813,-0.0839544159420289,-0.0099355523487534,-0.141581619627139,-0.0417289849801674,-0.077000237158634,0.0551415677030856,0.00496773183704633,0.0193741023751329
-0.28763302332147,-0.269252660003053,0.0442127656177091,-0.0730254387279008,0.00645810901930201,-0.125684736020159,-0.0298064178561523,-0.0779937886056833,0.0461996918518658,0.00794837101370186,0.00397417483371387
-0.328368615577954,-0.2836591676357,0.056135309143322,-0.0869350460978583,-0.00248388808633303,-0.122207292730581,-0.0407354377183414,-0.0983615932662236,0.0342771907163207,0.0342773504092344,0.00943866525163656
-0.280678166018416,-0.228020241516779,0.0556385364960472,-0.0322901599584398,0.0114258851894356,-0.0889231926661612,-0.0352709277810596,-0.0933938360291692,0.0238450022261755,-0.00198709291106202,-0.0298063113363316
-0.232987716528969,-0.219078271253677,0.0457030835559815,-0.017387009214108,0.0119226628062532,-0.0919038583427849,-0.0596128356157634,-0.0993551447083658,0.0834575079668261,0.0392450824681144,-0.054148132294161
-0.196226328444813,-0.211626629377225,0.0427224476748425,-0.0178837809053344,0.0273227689276015,-0.104820076271273,-0.0546450993123288,-0.117239070758508,0.0844510497279996,0.0581224639267641,-0.0849479873980244
-0.192252124321307,-0.201691106866214,0.0546449911969324,0.011425748897276,0.0198711046742561,-0.104820076271273,-0.0521612311594254,-0.137606875442873,0.109786364618337,0.0859417628764702,-0.091406021529257
-0.190761797776217,-0.18082650959791,0.0740191244280572,-0.0139096073746526,0.034774433184728,-0.0993555225314319,-0.0327870595784088,-0.153006922876341,0.139095846576192,0.11773524742241,-0.0978640556601403
-0.180329511952923,-0.189271703729698,0.0581223997258309,-0.00546448861901031,0.00397422093868254,-0.0933941911776811,-0.0342773804697846,-0.143071408403265,0.145057097139576,0.127670711346436,-0.103328546079023
-0.15698106273026,-0.186787823101607,0.0735223517886214,0.00298063013996628,0.00546455379007185,-0.0705424209878197,-0.0412322112917472,-0.14009075406018,0.128166887201699,0.111277195885033,-0.126676823317977
-0.0789873069006892,-0.122206926835631,0.104322255893725,0.0432191371164033,0.00645810902424734,-0.0516648717037331,-0.0332838332121063,-0.138600426889044,0.126179803680279,0.122206206198568,-0.206160320374182
-0.0735227762370486,-0.105316538569041,0.0983609841291569,0.0506707124862708,0.015400106128586,-0.0437164299042728,-0.0740192709180529,-0.167413418875944,0.166915015859399,0.160457742256946,-0.202186145524166
-0.0442130208264768,-0.128665016475065,0.08594166795646,0.0635867764729786,0.022851770383552,-0.0447099851298139,-0.0755095918088597,-0.174865054732785,0.195230956044852,0.155986783494271,-0.189766849122817
0.00149032658500414,-0.134626329981546,0.0998513020746073,0.0601093746321626,0.0134129956617354,-0.0531552045446842,-0.0635870246786649,-0.167910194603078,0.187282621953513,0.161948061853108,-0.213611898209379
-0.0228516736641741,-0.121213374593231,0.0968706661914426,0.0457029955794863,0.0114258851943927,-0.0586197582861421,-0.0909095743278027,-0.178342484796147,0.195727726919238,0.181818989714316,-0.187282989827132
-0.0695485720503713,-0.14207797185321,0.0923997123687433,0.0357675617523835,-0.00894199709759311,-0.057626203060622,-0.0884257061765938,-0.16294243736308,0.188276163709248,0.160457742272851,-0.151018644304312
-0.0854453885480829,-0.159465136250217,0.0750126697295364,0.0322901599136267,-0.0193743270568141,-0.0561358702218852,-0.0829611962413995,-0.145555287021412,0.170889182905568,0.107799783511764,-0.131644541914018
-0.1540004097117,-0.202684659183553,0.0556385364984117,0.017883780842819,-0.0114258851889793,-0.0814715284809467,-0.0914063479536672,-0.143568184126073,0.160456994416959,0.0725288865903424,-0.0864383030216588
-0.1540004097117,-0.198213674054584,0.0730255791407012,-0.000993543439390149,-0.00596133140002367,-0.086936082221827,-0.0675612137062883,-0.124193930918432,0.130650741582485,0.0342773504539686,-0.0740190066162815
-0.159961715894193,-0.205168539813899,0.0596127176674507,-0.00844511881477374,-0.00645810901714143,-0.0924006359608609,-0.0849482907728157,-0.103826126253127,0.136611992150404,0.0317934844737184,-0.0501739575213412
-0.209639267350628,-0.235471883424444,0.0491804920897832,-0.0551416577825724,-0.00894199710267017,-0.0968716344741435,-0.105812783239273,-0.0914067331648492,0.126676574540376,0.01788383498266,0.0024838592976172
-0.193245675366678,-0.223052480294939,0.0675610800237452,-0.0392449636694053,-0.0308002122534753,-0.104820076273604,-0.0859418380054747,-0.0844518730261025,0.0988574052561941,-0.0307999381960837,-0.0213611898089261
-0.286142696867705,-0.266768779415006,0.0551417638418736,-0.0755092971915784,-0.0357679884231526,-0.131149289765742,-0.1033289150739,-0.0968712661272936,0.0933929255743669,-0.0273225258250226,0.0208644179242834
-0.287136247897525,-0.266272003289408,0.0615998082499586,-0.0660706350536182,-0.0288131017856045,-0.140091286796557,-0.0710386291354894,-0.0685550499110441,0.0760059447386798,-0.0571289176381514,0.0213611897804114
-0.270245880375237,-0.282665615431716,0.076999760307288,-0.0635867765955248,-0.0223549927674429,-0.127175068864249,-0.0685547609838739,-0.0730260314241022,0.0695479232946184,-0.0452063609315298,0.0312966269008864
-0.271239431405653,-0.291110809565986,0.075509442366124,-0.0685544935109152,-0.0203678822990439,-0.127175068864249,-0.077496686329812,-0.0854454245143171,0.0829607370706252,-0.0432192681452511,0.0442126951606459
-0.281174941721718,-0.303033436588464,0.0690513979526959,-0.090412447939711,-0.00596133140436927,-0.111774962869499,-0.0710386291357873,-0.0819679944478818,0.0745156321034488,-0.0352708970020306,0.0372578891755615
-0.19473600202376,-0.246897734403018,0.0765029876596168,-0.0397417353914759,-0.0263292136968472,-0.0685553105616512,-0.061103156533526,-0.0740195828685949,0.0635866727286626,-0.0407354021648037,-0.0218579616948628
-0.169897226271057,-0.261304242043832,0.047690174128317,-0.00447094529960275,-0.00844521948860184,-0.0536519821804222,-0.0769999126949757,-0.115748743647921,0.0943864673235294,0.000496773147751848,-0.0407352922326946
-0.114755144135762,-0.22503958489273,0.0601094903076195,0.0387481918392322,-0.00844521948860184,-0.0308002120074558,-0.0730257236497345,-0.141581081275903,0.111773448136598,0.0193741545894054,-0.0963737401449561
-0.159464940528662,-0.268259107814267,0.0466966288411068,0.0208644109292638,-0.0163936613643108,-0.0457035403912035,-0.084948290784158,-0.156484352982805,0.148534493269342,0.0422257216049843,-0.0675609724835072
-0.148039103697546,-0.260807465939693,0.0322902220837582,0.0248385844555946,0.00198711046860257,-0.0208646597768085,-0.067561213722374,-0.12419393094321,0.124689490995325,0.019374154559147,-0.072528691049318
-0.0322904085097754,-0.188278151534668,0.0586191723784339,0.0625932330526237,-0.00993555234352013,0.0203678820940399,-0.0760063654473139,-0.118232622253631,0.145057097074638,0.0471934535044335,-0.149528328716879
-0.0104322858626072,-0.170890987145328,0.0620965809048367,0.0730254385683791,-0.0168904389810682,0.0402389866023454,-0.125683728453201,-0.169400521762707,0.18380522577372,0.0983610927545017,-0.173373377818588
-0.0491807760772784,-0.173871643899695,0.0665675347252902,0.0765028404091951,-0.0298066570194201,0.0382518761516829,-0.149528862722698,-0.162942437355291,0.197218039539851,0.0958772267745804,-0.180824955658692
-0.0476904495316699,-0.175858748402315,0.0769997603106639,0.0745157536426961,-0.0243421032323129,0.0248388806036183,-0.140090163746559,-0.14555528703125,0.175360120789205,0.0953804535780306,-0.183308814939063
-0.0193742451410148,-0.163936121379837,0.101838392656425,0.0824641007104587,-0.0382518765097619,0.0183807716393059,-0.140586937376787,-0.139593978347405,0.167411786699232,0.092896587596136,-0.185295902363615
-0.051167878099558,-0.196723345648961,0.100844847362359,0.0521610275351772,-0.0298066570201884,-0.00298066569832353,-0.158470788064761,-0.142077856965577,0.183308454878788,0.10581269070558,-0.154992819132446
-0.00993551040306906,-0.147045733131458,0.141580204409408,0.058122287826291,-0.0447099855259791,0.00149033281420365,-0.154496599023098,-0.119226173670375,0.176850433435361,0.0993546391565873,-0.186289446098113
-0.0650775925383636,-0.195233017303285,0.15499306587275,0.0173870091462239,-0.033780877952161,-0.0327873224535726,-0.174864317889129,-0.120716500842286,0.200695435668998,0.112270742237301,-0.141083207162984
0.0079484081964698,-0.145058628631635,0.176851062331207,0.0720318952101248,-0.0158968837361375,-0.0208646597458191,-0.163438524385151,-0.0924002846091082,0.165921474058649,0.0645805153906064,-0.198708742508474
-0.0720324497280127,-0.192749136669466,0.161947882914062,0.0238450411504571,-0.0163936613530273,-0.0546455373878179,-0.198212678525322,-0.118232622236419,0.200198664818715,0.130651350468765,-0.141083207186352
-0.117735797121822,-0.217587942947516,0.152012429977519,0.0332837032886505,0.00149033286256411,-0.0571294254502804,-0.156980467199502,-0.0849486487537784,0.162940848804427,0.0740192061438016,-0.118231701797215
-0.135619715649941,-0.205168539820096,0.138599568514574,0.0163934657842425,-0.000496777605738963,-0.0616004239631852,-0.1381030692413,-0.0551421053337765,0.157476369120588,0.0640837422226696,-0.0909092497027999
-0.152510083197703,-0.201691106940037,0.113264163516283,0.00298063010921372,0.0134129956659963,-0.0765037523485071,-0.115251482232409,-0.0630905169124437,0.153005431199532,0.0844514432483166,-0.0531545886618283
-0.105813184812408,-0.170890987168192,0.112767390869507,0.0238450411476744,0.00844521949595901,-0.0546455373852154,-0.105812783261162,-0.0630905169124437,0.155489285604203,0.0705417937395759,-0.0730254629108348
-0.0640840415567396,-0.129658568761782,0.133631842011589,0.0591158312230125,0.0213614375396166,-0.0432196522957156,-0.119225671282448,-0.0933938360746244,0.199205123060432,0.128664257629723,-0.0740190066231507
-0.0238452248501948,-0.110781075995222,0.150025339356158,0.0635867764484634,0.025832436091516,-0.0263292134690079,-0.145057900084976,-0.104819677722374,0.20963731154648,0.180328669978572,-0.0665674287832475
-0.109290613403163,-0.158471584010022,0.13959311378034,0.0367611051245517,0.0283163241765647,-0.0576262030745477,-0.178838506966764,-0.119226173709645,0.230998459389954,0.195231865857508,0.00894189337421009
-0.0531549802394881,-0.122703702965876,0.13909634113374,0.0620964613864775,0.0303034346439074,-0.0243421030312214,-0.144064352819003,-0.106310004890281,0.184301996656057,0.147541639053751,0.0213611897752233
-0.0948841234911231,-0.165923225874707,0.125683479673965,0.0317933882239066,0.0193743270692971,-0.0332841000614698,-0.158470788107807,-0.134129445399708,0.226527521460851,0.220567298863444,0.108296264615224
-0.054148531225188,-0.159465136238955,0.152509202615314,0.0511674841999042,0.00844521949468681,-0.0362647657380935,-0.12916114389955,-0.111277762112227,0.205166373602698,0.18132221640147,0.120715561009021
-0.121710001434536,-0.190762032186435,0.142076977025624,0.0168902374663715,0.0109291075789553,-0.0616004239901972,-0.150522409996452,-0.122206828025509,0.219572729136355,0.202683463842369,0.201192601614205
-0.110284164595691,-0.202187883063421,0.140089886437611,0.0253353562203466,0.0273227689367115,-0.0501745389033522,-0.135619201095906,-0.114258416454692,0.193243872457179,0.164431927696878,0.213611898014044
-0.0755098784800496,-0.2076524204466,0.164431746142571,0.0347740183629651,0.0213614375356916,-0.0352712105180303,-0.140586937399747,-0.104819677705393,0.186289080133573,0.141580360690981,0.189766848940046
-0.115748695168706,-0.234478331213374,0.158470474380117,0.0263288996119071,0.0283163241734076,-0.0273227687182341,-0.161948203499562,-0.107303556322145,0.207153457120778,0.154993237003158,0.220566704021427
-0.0591162865729398,-0.20765242048152,0.134625387358481,0.0382514201867818,0.0213614375355233,-0.0308002120057551,-0.157477240824702,-0.0909099574251626,0.184301996644072,0.108296556627003,0.167908887230237
-0.0710388989238662,-0.215104062361257,0.115251254131364,0.0526577992398135,0.0119226628137067,-0.0412325418678774,-0.176354638818959,-0.112768089292067,0.202185748321933,0.0938901339671084,0.147044469274702
-0.0367613883655873,-0.184800718715718,0.101838392667229,0.0700448084353131,0.0014903328544857,-0.0168904388377469,-0.156483693586787,-0.0988583690283148,0.179334287837376,0.0765030721071988,0.112767211209294
-0.0700453478372168,-0.200697554728662,0.0889223038504869,0.0501739407815975,0.0024838880880851,-0.0387486537862634,-0.178838506959867,-0.0983615933046675,0.197714810415702,0.100348185524231,0.100347914808281
-0.0730260009292126,-0.193245912842196,0.0953803482583813,0.0596126029190921,0.00596133140790953,-0.0407357642378915,-0.177348186067393,-0.0943873875151273,0.167411786741186,0.0576256907040855,0.0526578166357994
-0.0397420414427874,-0.172381315569512,0.101341620017313,0.0625932330675909,0.0054645537907439,-0.0372583209485342,-0.19225139498095,-0.0958777146852171,0.166418244979793,0.0601095566851251,-0.0129160683708599
0.0511678779887713,-0.123200479099207,0.108793209724894,0.084451187513108,0.00298066570647539,-0.0293098791410141,-0.196722357655566,-0.118232622254577,0.165921474099492,0.0601095566851251,-0.137109032341586
0.0392452656350794,-0.13661343448358,0.115251254135078,0.0849479592044081,-0.0163936613540954,-0.0442132075162615,-0.224044907315884,-0.149032717109903,0.18827616373495,0.0943869072606903,-0.18579267425297
0.0541485310988022,-0.131645673226092,0.108793209726993,0.0968704797992852,-0.0258324360759119,-0.0521616493205913,-0.21659330286063,-0.155490801516815,0.202682519259767,0.101838505200454,-0.198211970651801
0.0312968573957134,-0.157974807897136,0.0983609841376118,0.0819673290534824,-0.0253356584590221,-0.0849489717620658,-0.212619113816907,-0.159465007304289,0.20615991542221,0.105812690772591,-0.212121582620843
-0.0829615109518954,-0.213613733893376,0.0804771688491924,0.0442126805421616,-0.0183807718211378,-0.10482007627205,-0.207651377512795,-0.141084305527427,0.20615991542221,0.0928965876693041,-0.160457309541996
-0.0645808169131928,-0.207652420389398,0.0904126217889645,0.0521610276014906,-0.0303034346338368,-0.0948845240223051,-0.155986919890822,-0.112271313526295,0.167411786766875,0.0596127835506967,-0.195728111350909
-0.11475514397779,-0.252362271683315,0.102335165313168,0.0129160639674864,-0.0312969898683245,-0.10432329866365,-0.168903034289267,-0.119226173656906,0.18281168405278,0.0601095567469178,-0.187282989795595
-0.134129389063213,-0.25683325681388,0.0993545294309725,0.0139096073506379,-0.0486842064632452,-0.101342632987656,-0.158967561675621,-0.109290659186671,0.169398870281053,0.0303031649708917,-0.20218614548235
-0.138600368701854,-0.234478331168565,0.0998513020776307,0.0144063790419624,-0.0442132079100495,-0.0993555225360282,-0.134128880152349,-0.0988583689930604,0.170392412041593,0.0293096185785681,-0.192250708357981
-0.20318118565514,-0.270246212218721,0.0834578047354834,-0.00397417354747596,-0.0332841003351752,-0.114258850922609,-0.124690181172347,-0.117239070767056,0.194237414301563,0.047193453632344,-0.134625173042869
-0.218581226629109,-0.279188182478443,0.0963738935541342,0.00397417351773669,-0.0526584274027681,-0.0988587449281846,-0.110780519521591,-0.0760066857150453,0.172876266437119,0.0332838041387072,-0.0864383029724173
-0.330852493231056,-0.326878690573363,0.0730255791363553,-0.041232050440762,-0.0476906512316504,-0.129658956933626,-0.0953805369807339,-0.0616001897281494,0.194734185167915,0.0486837732174819,0.0322901705555236
-0.356684820040337,-0.343272302727032,0.0730255791363553,-0.0660706350213905,-0.0516648721684486,-0.129658956933626,-0.0660708928196543,-0.0253355619330004,0.128166887139876,-0.0233483403242404,0.0591158507717446
-0.321413758463657,-0.31048507842417,0.0784900782554099,-0.0526577993496716,-0.0571294259548955,-0.109291074805514,-0.0571289674744478,-0.00993551451114155,0.114754073367162,-0.0223547939313378,0.066567428612957
-0.295084656147213,-0.296575346912844,0.0928964850170153,-0.0471933107449672,-0.061600424507551,-0.0914070807457723,-0.0829611962706325,-0.0253355619446093,0.11177344808569,-0.00496773206360092,0.0596126226258049
-0.321413758422939,-0.318433496434773,0.0864384406068313,-0.0765028405417918,-0.0576262035692165,-0.107800741960103,-0.0894192534653618,-0.0144064960245102,0.115747615130676,-0.0014903196902377,0.129657454354031
-0.365626779382871,-0.3497303923908,0.0804771688457861,-0.0834576442317481,-0.0531552050144005,-0.130652512160103,-0.0611031565269003,0.00397420574375214,0.0988574052035775,-0.0173870619758368,0.21112803867039
-0.335323472973654,-0.352711049144979,0.0968706661913241,-0.0839544159233176,-0.0486842064600165,-0.130652512160103,-0.021858039755997,0.0228516832229688,0.0556383385453202,-0.0576256909486088,0.233979544054277
-0.371091310110796,-0.393943467573901,0.0874319859023056,-0.105812370353192,-0.0457035407584263,-0.124691180806226,-0.0258322287974437,0.0139097202002224,0.0576254220662528,-0.0615998765184298,0.281172870358361
-0.301542738013979,-0.334330332520351,0.10928998235495,-0.0536513427782737,-0.0442132079077572,-0.105813631518151,-0.0213612661244134,0.0427227121624059,0.0392448994933402,-0.089419175498337,0.24888269971878
-0.280181390859015,-0.314459287503337,0.110780300294925,-0.0476900824814236,-0.030800212243633,-0.105813631518151,-0.0442128531276942,0.00546453290241431,0.083457507838976,-0.0526579590018283,0.263289083542009
-0.1892714714046,-0.289123705065937,0.1301544335375,-0.0149031508091021,-0.0412325422043665,-0.0581229806881426,-0.0645805719748322,0.00695486007285279,0.0755091737577812,-0.0665676084917818,0.185792674086051
-0.189768246920417,-0.284652719931992,0.131147978831213,-0.0044709452815053,-0.0561358707242018,-0.0511680941092071,-0.105812783265781,-0.0248387862095864,0.137108762985317,-0.0149031959924259,0.17287660583624
-0.192252124494655,-0.296575346945956,0.143567295004277,-0.00844511881293479,-0.0506713169377549,-0.0471938732082176,-0.111277293198441,-0.0437162636961631,0.134128137701285,-0.0293096186946638,0.156979906439828
-0.236465145381054,-0.323401257725122,0.146547930884447,-0.0327869316998484,-0.0561358707256542,-0.0635875344291279,-0.0824644226204398,-0.024342010475428,0.137108762982757,-0.0437160413839298,0.1862894459482
-0.231497390232626,-0.3229044815994,0.145057612943283,-0.0208644110993813,-0.0516648721709461,-0.056135870239379,-0.0834579698813706,-0.0392452821862039,0.129657199772767,-0.0715353403888858,0.153005731597531
-0.0521614292824341,-0.201194330891884,0.157476929109741,0.0447094521675928,-0.0402389869797221,-0.017387216435086,-0.107303104142411,-0.0630905169160073,0.139095846498471,-0.0541482785147024,0.00496771849840287
-0.0720324498746093,-0.193245912881573,0.151018884702801,0.0531545709226098,-0.0198711046887206,-0.00645810895967362,-0.183309469610886,-0.141581081294118,0.243417731378176,0.045206360767677,-0.0198708743108411
0.0163935918460489,-0.137606986825752,0.174863971738527,0.0909092194683968,-0.0273227689435065,0.0163936612161888,-0.183806243241128,-0.164929540317681,0.247391898419456,0.0501740927298215,-0.0765028658830119
-0.00546453079266929,-0.167910330459201,0.162941428222426,0.0521610275685073,-0.0417293198378332,0.0188775492792809,-0.191754621327274,-0.20516837393207,0.263288566591599,0.0769998453182995,-0.0894189341467864
-0.0327871841335834,-0.214110510149471,0.15052211205193,0.0447094521971688,-0.0357679884343645,0.0069548865748013,-0.198709452160052,-0.198710289521801,0.233482313784924,0.0427224948035538,-0.100844686833711
-0.013412939045539,-0.201691107003795,0.153502747933422,0.0327869315952311,-0.0228517703885224,-0.00794844179918712,-0.195728810376121,-0.206658701098815,0.228514604982592,0.0457031339808406,-0.118728473654433
-0.00596130630928282,-0.202187883129748,0.151018884699029,0.040238506968776,0.00546455378992762,-0.0278195463158883,-0.196225584006701,-0.200200616693414,0.237953251702506,0.0551418247105404,-0.143070294599104
-0.0263291024270896,-0.204671763758413,0.145554385584011,0.0307998448284866,0.0173872165916796,-0.0312969896042175,-0.203677188462971,-0.181819914929929,0.265275650123041,0.0914062680433212,-0.133631629331655
0.0491807758947076,-0.172878091727184,0.159960792330718,0.0571287444803795,0.0308002122502944,-0.016890438833718,-0.20119332031183,-0.189768326505291,0.250372523711291,0.106806237124543,-0.177347552674743
-0.000993551148548155,-0.198213674152343,0.148535021444072,0.00794834695793772,0.0442132079085849,-0.033284100054282,-0.197715904898809,-0.197716738089123,0.278191693014591,0.164431927874743,-0.129657454509994
-0.0978647764371216,-0.254349376237606,0.141083431745297,-0.0238450412660435,0.0417293198240763,-0.0357679881167444,-0.165922392557694,-0.170394073297043,0.24242418960971,0.125186845335862,-0.0576255353101141
-0.118729348075442,-0.277697854150495,0.136612477923655,-0.0377546486291359,0.026825991320446,-0.0466970955921568,-0.112270840429366,-0.135122996859399,0.199205123081924,0.0834578969013583,-0.030303083220869
-0.191755348800393,-0.326381914442182,0.112270618240992,-0.0655738633402197,0.0357679884258651,-0.0789876404123555,-0.104819235977162,-0.098858369026545,0.197218039561381,0.0630901958482043,-0.0188773305282307
-0.20864571630668,-0.321910929313494,0.110780300300885,-0.0720318953307845,0.0466970960017959,-0.0938909687948438,-0.0943869897398072,-0.08445187303141,0.189766476357243,0.0303031649015216,-0.0119225245394805
-0.0466968987464282,-0.185794271129814,0.149528566722491,-0.00496771708800968,0.0278195465515488,-0.0377550986140164,-0.0635870246433869,-0.0745163585583342,0.212121165966364,0.0342773504716583,-0.117238158168866
-0.00894195964245709,-0.161452240983205,0.156483383777249,0.0198708674913931,0.0362647660386738,-0.0173872165052652,-0.115748255932634,-0.127174585339558,0.267759504482848,0.100844958641021,-0.12618005158249
0.0447097959947916,-0.111774628439624,0.172876881117459,0.0293095296272573,0.0208646599113721,0.0119226626509867,-0.12717404943973,-0.151019820078039,0.262295024803434,0.100348185444839,-0.158966994104874
0.0690517962312636,-0.0894197027910232,0.172876881117459,0.0476900822121599,0.0124194404275119,0.0208646596770796,-0.127670823070256,-0.198710289555002,0.258320857762739,0.108296556576904,-0.183308815062703
0.00645808132234882,-0.126181136080992,0.134128614667231,0.04769008221216,0.0178839942118462,0.0134129954865439,-0.143070805612794,-0.21609743988763,0.288623881455104,0.102335278224383,-0.145554153990611
0.0397420408570318,-0.0854454937636039,0.15399952055206,0.0948833929683474,-0.000496777618402278,0.0317937671573088,-0.131148238487479,-0.195729635210677,0.274714296808234,0.0476902266552588,-0.194237795867783
0.104819633270623,-0.0591163591406605,0.154496293198748,0.128167096264096,-0.0188775494530921,0.0382518761191657,-0.156980467260406,-0.222555524278917,0.311972112853612,0.0859417628017634,-0.255340734214455
0.113264817031032,-0.0606066875188614,0.159464019667166,0.125186466113612,-0.024838880857569,0.0452067626950157,-0.201690094023034,-0.229510384416397,0.334823573328075,0.123696525675074,-0.268753574328456
0.0948841229383146,-0.0630905681486747,0.15548983849114,0.127670324571521,-0.0382518765171559,0.0571294254030214,-0.217586850191422,-0.230503935862956,0.318430134276156,0.137109401980857,-0.248882700088848
0.12419387830979,-0.0685551055282963,0.154993065844408,0.152012137448224,-0.0322905451145516,0.08494897170936,-0.210135245739827,-0.217090991325523,0.295578673766361,0.136115855587639,-0.275708380338424
-0.0129161634847939,-0.158471584021706,0.126180252359931,0.0849479592054488,-0.0154001061319355,0.0303034343669233,-0.234973927265133,-0.240439450345445,0.285146485285177,0.156980329817044,-0.197218426944473
-0.0332839595734682,-0.160458688522531,0.127173797653234,0.0919027628821899,-0.0054645537985825,0.0124194403211595,-0.184799790498452,-0.188774775011581,0.219572729160372,0.0978643195888273,-0.204173232934351
-0.0630904904692212,-0.176355524525127,0.112270618253703,0.0819673290548418,0.000993555223948436,0.0109291074835875,-0.1768514124058,-0.178342484809834,0.218082416520276,0.116244927838785,-0.185295902387588
-0.0342775106272737,-0.175361972274569,0.121212525895535,0.0889221327312398,-0.0134129956682896,0.0154001059953591,-0.179335280558636,-0.160955334465907,0.211127624197183,0.0755095257513542,-0.207650635934492
-0.0491807761042528,-0.196723345699039,0.132141524134129,0.0685544933809043,-0.0228517703875975,0.00794844180246185,-0.184303016865459,-0.163935988810231,0.202682519238296,0.0690514742006514,-0.219573160479385
-0.0655743681084842,-0.206162092083409,0.12021898060605,0.0586190595466915,-0.0178839942156396,0.0168904388262882,-0.195232036730033,-0.168903746046511,0.20168897747744,0.0799804845272108,-0.204173232939839
-0.20318118584899,-0.280181734777234,0.098360984137905,-0.00049677171801038,2.1126295157714e-12,-0.000993555226275464,-0.175857865146902,-0.153006922890417,0.172379495527498,0.0606063298653542,-0.120218789221324
-0.17983273664348,-0.248884838854733,0.0884255311996005,0.0109289771897835,0.00149033285339389,0.00695488657217753,-0.12667727571405,-0.0958777146932469,0.127670116314192,0.017387061833033,-0.14952832874673
-0.119226123738921,-0.22454280869381,0.100348074724861,0.0218579544009454,-0.000496777615437233,0.00695488657217753,-0.132141785650139,-0.124690706665916,0.141082930084932,0.0312967113251965,-0.188773305380298
-0.146548777050257,-0.248388062728749,0.1023351653117,-0.00645803200944244,-0.0129162180394803,-0.00298066567630843,-0.148038541817227,-0.132639118242517,0.164431161475088,0.0437160412366429,-0.148534785013277
-0.187781144834421,-0.298065675302584,0.0899158491393702,0.014903150714349,-0.00844521948758087,0.00447099851422726,-0.137109521941918,-0.11028421066967,0.161947307074014,0.0193741546334137,-0.129160682619055
-0.204671512334832,-0.315949615817522,0.0755094423807443,0.00943866211139752,-0.036761543650294,0.00198711045124,-0.118728897616452,-0.100845471921843,0.172379495562622,-0.005961278378557,-0.0988575993870677
-0.195232777547436,-0.336814213087139,0.0928964850122452,0.0163934657910561,-0.0541487602540374,-0.00844521941440828,-0.128167596601862,-0.103826126264618,0.171385953802498,-0.0243418866285145,-0.0884253904048587
-0.232490941142282,-0.369601437377607,0.0799803961947394,0.00645803196689483,-0.0700456440089123,-0.0144065507636258,-0.12667727571012,-0.0839550973194993,0.175856891724761,0.00149031958353181,-0.0283159957873927
-0.19225212437428,-0.332343227928842,0.0844513500175709,0.0163934657989011,-0.0700456440089123,0.00149033284503355,-0.121709539403297,-0.0680582741551397,0.172876266444313,0.016393515466414,-0.0144063838187275
-0.119226123708617,-0.293594690164377,0.0914061670766444,0.0501739408152195,-0.0620972021362764,0.00844521941677022,-0.122206313033661,-0.0745163585642338,0.184301996691218,0.0144064226802405,-0.0476900981864884
-0.0660711434832316,-0.268755883865462,0.107302891783568,0.0685544934119149,-0.0675617559233836,0.00645810896564593,-0.147044994554223,-0.0958777146832902,0.223546896241678,0.0710385670201998,-0.0506707293211407
-0.0928970212956318,-0.280678510878675,0.106309346489415,0.0591158312711596,-0.0586197588179645,4.60766147458713e-12,-0.158967561677261,-0.115748743602067,0.231495230331261,0.0670643814490105,0.00645803413896449
-0.088922817175737,-0.285646272133972,0.0978642114932286,0.0526577992834629,-0.0516648721778957,0.00298066568066446,-0.137109521942745,-0.0919035088629665,0.223050125365536,0.0566321443308547,0.029806311381705
-0.0854453885708625,-0.277201077993848,0.0809739414976122,0.0690512651048572,-0.0427228750718286,-0.0144065507642864,-0.129657917487695,-0.0983615932713889,0.238450022650685,0.0571289175271417,0.0447094670620147
-0.0263291022502846,-0.228517017670468,0.0988577567828611,0.0725286669414691,-0.0606068692852594,-0.0154001059895547,-0.132141785640599,-0.101839023336559,0.24093387705176,0.0675611546466789,0.0327869425129331
0.00447097965389542,-0.219575047411309,0.101838392664969,0.0650770915714176,-0.0581229811992505,-0.00645810896402844,-0.162444977106018,-0.126677809525059,0.26378533753183,0.118232020636405,0.0183805586844479
1.81925585707177e-11,-0.196723345640782,0.0948835756145263,0.0571287445087547,-0.0466970960008483,0.00943877463892202,-0.170890128833954,-0.126181033801231,0.266269191932051,0.123696525793679,0.0263289083831909
0.129161633582815,-0.0924003594197225,0.116741572069108,0.131147726380982,-0.0134129956531533,0.0372583209223436,-0.167412713420363,-0.141581081231897,0.260307941368814,0.113761061870178,-0.0998511432413276
0.11574869466715,-0.0968713445504755,0.118231890009788,0.140089616825595,-0.0278195465488724,0.045703540335073,-0.235470700941764,-0.196723186639894,0.326875239194284,0.218580205912075,-0.10233500252106
-0.0238452251534836,-0.19225236070026,0.1167415720688,0.0874318175107625,-0.0273227689319348,0.0084452193910512,-0.244412626290629,-0.18529734499452,0.327372010074438,0.216593113125691,-0.0223547337179801
-0.0263291027316593,-0.188278151694854,0.112767390893478,0.0874318175107625,-0.0337808779549338,0.0024838880366706,-0.211128793060795,-0.137606875552267,0.271236900567444,0.118728793413109,-0.0203676462948518
-0.0377549395861864,-0.199704002588156,0.126180252359595,0.0849479590519337,-0.0397422093581144,-0.000993555250777114,-0.216096529364366,-0.143568184231928,0.264778879119896,0.102832051119932,-0.0288127678442317
-0.0481872254022209,-0.194239465207387,0.14058665911524,0.0914059910396304,-0.0397422093581144,-0.0019871104760875,-0.222554586555923,-0.125187482474177,0.247391898297013,0.0799804840789366,-0.0372578893984045
-0.0660711439465873,-0.20268465934751,0.167412382041528,0.0735222101429021,-0.0452067631446933,0.0109291074556752,-0.21907717114461,-0.137606875573432,0.236959709814804,0.0740192057226262,-0.0447094672378042
-0.0914066952101814,-0.226529913370932,0.165922064101818,0.0625932329400996,-0.0377550988872066,0.0173872164191691,-0.194238489630825,-0.136613324126176,0.219572729000883,0.0511676386913137,-0.0357675738256304
-0.196723104454593,-0.277201078217528,0.167412382042673,0.0437159086569586,-0.039245431738776,-0.0114258851196998,-0.173870770771462,-0.118729398067201,0.196224497640524,0.0283160716932824,-0.0064580343184463
-0.175361757313256,-0.292601138103935,0.160954337636115,0.04967716895425,-0.0342776555675383,0.000496777575461391,-0.125683728611712,-0.095877714785067,0.160456994247935,-0.0129161036236413,-0.0243418211430354
-0.260310370084642,-0.36860788516237,0.16641883674532,-0.0158966941671277,-0.0516648721603584,-0.0218582149711198,-0.135122427593002,-0.0914067332716599,0.157973139846068,-0.00397418609225413,0.055141675993792
-0.267762002818592,-0.376059527048836,0.167909154685868,-0.0223547261545056,-0.0476906512225999,-0.0293098791586648,-0.0779934599484009,-0.0392452822059728,0.107302510177916,-0.101341732197149,0.0233482771983893
-0.217090900162562,-0.362646571629531,0.176354289683052,-0.00943866215887271,-0.0630907573532506,-0.018380771675634,-0.0804773281016429,-0.0397420579295427,0.0864381332009539,-0.0953804538386291,-0.0238450490929436
-0.203677961243267,-0.366124004509224,0.189270378499413,-0.0114257489252741,-0.0566326483302517,0.00645810895764892,-0.0909095743313138,-0.0526582267250696,0.0993541761101593,-0.0576256908433296,-0.0516642730265147
-0.144561674963831,-0.340291645975714,0.199205831430378,0.000496771674310028,-0.0685553111417983,0.0218582149410133,-0.10084504694252,-0.0586195354065907,0.109289593720919,-0.0417289485501522,-0.0973672837979953
-0.172877879342988,-0.354201377492882,0.194238104964308,-0.00198708678225123,-0.0566326483357252,0.020367882102969,-0.138599842877465,-0.0894196302539112,0.124689491021943,-0.0109290103709881,-0.119722017333113
-0.153006858738905,-0.336814213090032,0.178838152919265,0.010928977200313,-0.0452067631472619,0.0298066567409249,-0.148535315482979,-0.0635872926165276,0.112766989892836,-0.000993546444856726,-0.174366921534872
-0.177348858996084,-0.341781974347937,0.173373653805862,0.00198708675724416,-0.0442132079131343,0.0208646597140763,-0.169399807952281,-0.0730260313675444,0.112270219012218,0.0134128762520398,-0.205166776630408
-0.113264817470475,-0.318433496414941,0.162444655569851,-0.00496771693048064,-0.0198711046843625,0.0357679881006574,-0.157974014455784,-0.0765034614332566,0.100844488762229,-0.0134128763463836,-0.282663186225632
-0.167910124146495,-0.339298093696389,0.153502747925906,-0.0233482695194654,-0.0298066570280383,0.0034774432872797,-0.188277205902189,-0.0909099574122885,0.118231469585966,0.0129161030833166,-0.28564381736391
-0.228019961423305,-0.364633676103457,0.112767390887283,-0.0531545710088649,-0.0253356584741944,-0.00596133134987852,-0.193244942210096,-0.0601098625705719,0.100844488764362,-0.0248386598559809,-0.317933988054998
-0.201194083591197,-0.357182034216991,0.103328710594917,-0.0541481143917224,-0.0337808779678494,-0.00149033283706825,-0.177844959658314,-0.0506711238215178,0.0660705271540142,-0.0695482475223892,-0.36015959587267
-0.138600368683492,-0.298562451362629,0.096373893538721,-0.021857954438897,-0.0188775494541362,0.0119226627033463,-0.179335280550422,-0.0382517307361452,0.0571286513001605,-0.0755095258809096,-0.47640421036454
-0.162942368949614,-0.307504421627046,0.0854448953101384,-0.0168902375232616,-0.0129162180500915,-0.0154001059947079,-0.210632019275295,-0.0705421527631496,0.0819671953331559,-0.04520636090019,-0.537507148721124
-0.19473600188972,-0.317936720262184,0.0591159450302446,-0.0124192923002378,-0.00645810902631207,-0.0293098791405317,-0.204670735707921,-0.0829615458556245,0.0615995892258498,-0.0516644124551683,-0.558868338557722
-0.189768246733225,-0.325388362149745,0.0466966288586484,-0.0243418128959975,-0.0193743270665366,-0.0372583209450291,-0.193741715823965,-0.0745163585538393,0.0630899018672625,-0.0794837114534935,-0.581719843963232
-0.207155389760957,-0.335323884664095,0.0486837194458982,-0.0233482695130669,-0.0183807718330574,-0.0566326478375573,-0.191754621302428,-0.0770002371713011,0.0501738589694709,-0.0824643506307803,-0.567810231976893
-0.143071348317122,-0.285646272131988,0.0596127176709286,-0.011425748923191,-0.0412325422301383,-0.0457035403607597,-0.199702999392261,-0.0655743955259272,0.0655737562629354,-0.0854449898085408,-0.587184334388926
-0.137606817651792,-0.254846152340739,0.0720320338476624,0.012419292281862,-0.0586197588191773,-0.0332841000458235,-0.22901264359332,-0.0844518730365483,0.0854445914761635,-0.0496773196858339,-0.563339285265296
-0.104322858117109,-0.237458987938255,0.071535261200637,0.031296616562208,-0.0442132079224138,-0.0193743268900096,-0.240438437102598,-0.0953809389589206,0.0824639661931551,-0.0397418557597026,-0.574765037964266
-0.0968712253892092,-0.236465435686486,0.078490078262999,0.0486836257697207,-0.0491809840934116,-0.0154001059896918,-0.238948116210084,-0.12220682801182,0.0884252167622446,-0.002980639212571,-0.518133046309426
-0.106806735694132,-0.226033137049377,0.0809739414983458,0.0432191371631287,-0.0427228750685399,-0.0158968836021843,-0.227025549082166,-0.139593978342641,0.0899155294039134,0.0153999690631853,-0.44908175825632
-0.181323062982497,-0.295581794689265,0.0615998082551986,0.00695480367406829,-0.0273227689490521,-0.0248388806282772,-0.227522322712896,-0.156981128664422,0.111276677270454,0.0447095876410038,-0.295082482726539
-0.232490941168123,-0.336317437047723,0.0476901741358184,-0.0347740184553711,-0.0372583212900869,-0.0402389866357155,-0.195728810357903,-0.121710052299214,0.087431674999364,0.00993546388849255,-0.161947625299544
-0.257826492445431,-0.349730392442517,0.0556385364888104,-0.0422255938276289,-0.0213614375478879,-0.0536519821769799,-0.166419166180032,-0.0804776672632783,0.0561351094774563,-0.0447095878195746,-0.096870512115132
-0.251368410743423,-0.324891586159774,0.0486837194287092,-0.0362643335288665,-0.034277655596227,-0.0501745388871815,-0.145554673692514,-0.085942200222831,0.0427222957007911,-0.0367612166729859,-0.0288127677971018
-0.204174736838374,-0.283659167752498,0.0536514458958066,-0.0218579544818776,-0.0447099855501544,-0.0308002119946533,-0.136612748348284,-0.0884260788406158,0.06756083972769,-0.0352708970842833,-0.00447094683367859
-0.236961920812929,-0.309988302381522,0.0387482664962765,-0.0134128357349867,-0.0278195465585587,-0.0452067627605878,-0.139096616502068,-0.115748743656134,0.0809736534898708,-0.00844514450148834,0.0690512879065332
-0.239942573902965,-0.335820660913406,0.0417289023773275,-0.0178837809587828,-0.0273227689415251,-0.0705424210100151,-0.114754708602952,-0.0839550973332007,0.0695479232446482,-0.0158967424380953,0.124192963945665
-0.230503839117394,-0.307007645645995,0.0461998562000267,0.0119225205004644,-0.035767988431507,-0.0551423150256749,-0.0953805370044919,-0.0710389285165233,0.0650769853193127,-0.0024838661461652,0.165921799872528
-0.22951028808717,-0.294091466376798,0.0625933535499243,0.0134128355746954,-0.0223549927725682,-0.055639092638178,-0.101838594206269,-0.0928970603652444,0.0879284458178901,0.0203677008603369,0.168405659153637
-0.193245675492781,-0.278691406492331,0.0839545773587577,0.0516642557896951,-0.0283163241800702,-0.0511680941261232,-0.111277293181893,-0.0760066857579424,0.0859413622956406,0.0263289792161734,0.146547697481797
-0.103329307258427,-0.186291047101109,0.123696389115499,0.0784899271440556,-0.0496777617037468,-0.0387486538130233,-0.125683728478952,-0.0859422002346336,0.0904123002183426,0.0223547936489833,0.0670642005147674
0.101838980385642,-0.0531550455066475,0.172380108482984,0.176850722025109,-0.0417293198305347,0.0158968835871268,-0.167909487087524,-0.115748743637591,0.120218553052816,0.0665676081231961,-0.0620964820566768
0.133632613357093,-0.0139097315951588,0.183309106712212,0.199205448133609,-0.0417293198305347,0.0303034343533656,-0.253354551602187,-0.177348933362657,0.209637311558441,0.197218958760511,-0.0854447592927907
0.148039103301876,-0.0129161793443916,0.194734877595145,0.210631197034637,-0.0248388808458778,0.0303034343533656,-0.275709364982586,-0.187284447838573,0.241430647903508,0.229509216508894,-0.124689735927949
0.0933937966670546,-0.0630905680181496,0.16989624524498,0.1679088315549,-0.022851770378055,0.000993555202067065,-0.286141611217948,-0.189768326456681,0.244411273184687,0.251367237129597,-0.0804770407498991
0.0755098781178484,-0.0645808963942535,0.176851062299738,0.152012137440164,-0.0168904389725699,0.0114258850679356,-0.266270665997162,-0.155987577235929,0.222056583576115,0.217586659796853,-0.0779931814707033
0.105813184517109,-0.030303343733065,0.182812334060255,0.163934658034747,0.0029806656989373,0.0372583209298242,-0.287135158480126,-0.166916643153472,0.218579187413245,0.201689917522199,-0.116741386246317
0.0541485309115327,-0.0645808963827369,0.172876881119308,0.12468969443754,-0.00447099855980963,-0.00447099853497326,-0.313960934545022,-0.166916643153472,0.24143064791014,0.214109247413585,-0.114257526966449
0.0208645713781367,-0.0839551652891766,0.152012429943937,0.098360794776551,-0.020864659921923,-0.0248388806566318,-0.276206138628618,-0.148039165646286,0.213114707723298,0.170889979356086,-0.0854447593178502
-0.032787184259112,-0.109787523810753,0.126677024958373,0.0645803197852369,-0.0119226628113183,-0.0163936612472916,-0.253851325273225,-0.146052062752291,0.210630853320212,0.1535029174796,-0.0501739575356353
-0.111277715628555,-0.171884539490882,0.107799664385634,0.0531545708794165,-0.0114258851942366,-0.0317937672365112,-0.214109434826231,-0.143071408408741,0.192747101623478,0.13263844323804,0.0312966268533689
-0.380033269509475,-0.326381914545267,0.0720320338436699,-0.0645803200197144,-0.0149033285133888,-0.0938909688374301,-0.168406260807199,-0.115251967897868,0.183308454897311,0.0919030411419795,0.196224882979784
-0.366123555096834,-0.350227168559675,0.0740191244300391,-0.0824641009045285,-0.0158968837469162,-0.0943877464499121,-0.0461999477293489,-0.0427227122745757,0.0685543814099237,-0.0461999074678654,0.210631266808075
-0.383510698134651,-0.360659467194813,0.0730255791361794,-0.0884253611999078,-0.0188775494490825,-0.0938909688371258,-0.0387483432661666,-0.0273226648391065,0.0655737561296951,-0.0581224641684885,0.258818136847915
-0.375065514374406,-0.350227168550912,0.082464259433565,-0.0799802424350956,-0.0218582151508889,-0.0750134195490514,-0.0437160795708209,-0.0253355619445946,0.0685543814104358,-0.0859417631447124,0.249379471589649
-0.395433310515053,-0.363143347814412,0.0675610800269891,-0.0844511876571265,-0.0312969898770387,-0.0879296374789042,-0.0685547611001923,-0.0238452347744663,0.0750124028554481,-0.0919030415038645,0.250869787157086
-0.389968779856694,-0.382020840578198,0.0650772167936973,-0.0794834707448008,-0.0576262035709207,-0.0874328598664537,-0.0476902686172282,-0.0208645804326984,0.0630899017210736,-0.102335278628927,0.270740661406092
-0.396426861564696,-0.379536959949741,0.0650772167936973,-0.0844511876612941,-0.0457035407582218,-0.0874328598664537,-0.0377547959959922,-0.0337807492493757,0.0531544841168979,-0.115251381716138,0.286637360793267
-0.397420412596206,-0.391459586976976,0.0675610800302185,-0.0760060688983578,-0.0317937674804369,-0.0725295314830208,-0.0347741542164519,-0.0263291133964089,0.0566318802823282,-0.106309464178831,0.293592166774029
-0.368607432703018,-0.367117556830878,0.0809739414979201,-0.0650770916890839,-0.0268259913095594,-0.080974750892361,-0.0501741367472263,-0.021858131885675,0.0526577132367563,-0.109290103359276,0.276701923671275
-0.321910534264464,-0.33383355640606,0.0784900782630872,-0.0620964615391144,-0.0303034346293838,-0.0700456434151018,-0.0755095918971624,-0.032787197814297,0.0819671951759083,-0.103328825002176,0.241927893771225
-0.199703757105011,-0.269252659958335,0.0909093944321144,0.000993543374312872,-0.0218582151410346,-0.0471938732068948,-0.0923998953256145,-0.0556388810881155,0.0794833407735538,-0.0899159486924854,0.156979906521392
-0.237955471757888,-0.244910629818882,0.0690513979691365,-0.000496771700138718,-0.0238453256082333,-0.0422260970825468,-0.153006278131626,-0.0948841632062714,0.147540951535066,-0.0268257526186702,0.151018644248302
-0.255342614807471,-0.243420301442152,0.0606062629689576,0.00894189043339673,-0.0238453256082333,-0.0452067627594222,-0.139593390105583,-0.0938906117592481,0.129657199844477,-0.038251536130544,0.128663910732519
-0.248884533110332,-0.226529913171305,0.0730255791416544,0.0248385845693139,-0.0193743270556859,-0.0293098791601655,-0.137606295583558,-0.11425841643779,0.136611992164499,-0.0367612165414861,0.100347914943183
-0.208645716360224,-0.193245912775843,0.0928964850141531,0.0630900047701576,-0.00645810901046791,-0.0218582149690001,-0.123696633922936,-0.14605206275907,0.138102304805363,-0.0238451134323845,0.050173957472916
-0.234974818633915,-0.182316838016026,0.0943868029541722,0.0635867764613227,0.00596133141537558,-0.0283163239316756,-0.141580484621155,-0.161452110196541,0.16542470322791,0.0139096494689187,0.0342772580745704
-0.193245675318546,-0.163439345248277,0.115748026769949,0.0943866213238223,0.0104323299683552,0.00546455373601186,-0.145554673668999,-0.150523044274169,0.173869808191771,0.0337805772917152,1.24048132876808e-11
-0.100845429552418,-0.0919035831750022,0.136612477942237,0.109786543764762,0.0173872166037188,0.030800211966173,-0.16592239250558,-0.165426315983008,0.200695435733579,0.027819298933984,-0.0745157784213753
-0.0854453885882727,-0.0834583890485342,0.13512216000191,0.127670324639869,0.0178839942207406,0.0268259910666106,-0.198212678499489,-0.181819914860813,0.245404814951273,0.0740192061776497,-0.0928963371008368
-0.091406694767193,-0.0928971354329044,0.130651206178286,0.134128356629956,0.0183807718378944,0.0198711044907606,-0.205167509331128,-0.164432764522761,0.244908044071302,0.091903041237582,-0.113263983200426
-0.0417291432425784,-0.0620970156507107,0.139593113814306,0.154495995969235,0.0198711046884195,0.0293098791354956,-0.207154603853153,-0.155987577222732,0.230501688531634,0.084451443288938,-0.157973450252836
-0.071038898664485,-0.113264956585105,0.136612477930788,0.110283315376982,5.8693883087102e-12,0.00198711043859577,-0.222057812770776,-0.168903746038738,0.261798253987476,0.110780422690048,-0.11674138621707
-0.0462001228829685,-0.103329434075972,0.146051158224827,0.116244575669567,0.010929107578367,0.00248388805143447,-0.202683641195045,-0.151516595724187,0.220069499981314,0.0809740308871825,-0.135618716752095
-0.0511678780344694,-0.131148897116734,0.145057612931349,0.0923995344609833,-0.000496777613408911,-0.0218582149642981,-0.200199773042819,-0.139593978348748,0.199701893894504,0.075509525726725,-0.148038013157808
-0.0606066128220479,-0.164432897512196,0.126677025000102,0.0551416576428989,-0.0049677761666046,-0.0303034343811305,-0.203677188456978,-0.111774537814735,0.191753559808627,0.0650772886008335,-0.138599347885894
-0.0924002457922692,-0.193245912798969,0.111773845593967,0.0104322053889404,-0.015400106123809,-0.0332841000568096,-0.216096529229966,-0.101342247613802,0.175856891639996,0.0332838040574195,-0.109786580231455
-0.0854453885796305,-0.191258808297976,0.112270618240523,-0.00248385857991983,-0.0298066570202243,-0.0452067627575113,-0.192251394955914,-0.107800332021721,0.143566784406216,-0.0432192681758249,-0.113263983225054
-0.128168082817302,-0.225039584805622,0.118231889999278,0.00248385833399953,-0.0501745393161471,-0.0655746448619603,-0.192748168586359,-0.0983615932714402,0.154992514644709,-0.0129161032103528,-0.104818861661634
-0.152013307539897,-0.247891286566551,0.12220607117319,-0.0218579545276886,-0.0481874288481802,-0.0745166418884309,-0.179335280551167,-0.0993551447190318,0.138599075609687,-0.0332838042392356,-0.123199420350288
-0.138600368639271,-0.24292352531115,0.127670570290792,-0.0278192148261568,-0.0422260974432711,-0.0770005299517328,-0.15549014628232,-0.0928970603117845,0.133134595929201,-0.0551418248703572,-0.145057382030696
-0.184800491554036,-0.27273009284168,0.104819028544845,-0.0466965390911317,-0.0437164302937962,-0.0983619673110225,-0.176851412407778,-0.0988583689937705,0.156979598196194,-0.0253354330935416,-0.151515416164984
-0.130651960377026,-0.251865495554097,0.115748026781824,-0.00894189048944341,-0.0278195465462197,-0.078987640413583,-0.159961108968728,-0.107303556301263,0.132637825068055,-0.0496773197083732,-0.236463403566292
-0.0730260006563737,-0.231994450548348,0.118231890016217,-0.00347740188945771,-0.0466970959932739,-0.063587534420785,-0.194238489462895,-0.143071408394109,0.184798767562313,-0.0312967114243409,-0.293095395229556
-0.0690517965350965,-0.230007346044351,0.109289982372271,0.00248385841533639,-0.0278195465494127,-0.0457035403659546,-0.218580397369316,-0.145555287013379,0.200695435729385,0.00943869064259408,-0.312966269487426
-0.100348654013453,-0.233981555049924,0.114754481489065,0.0178837808418365,-0.033780877955186,-0.053651982172803,-0.218580397369316,-0.140090754056099,0.208643769815261,0.0134128762150466,-0.302534060505499
-0.0933937967978555,-0.232988002798072,0.12667702501503,0.0114257488413901,-0.033780877955186,-0.0670649777180342,-0.195728810353565,-0.124193930903724,0.217088874781401,0.0034774122841789,-0.334824231154244
-0.141581021809806,-0.250375167187412,0.124193161782106,0.0447094521289275,-0.0144065508899336,-0.0874328598457162,-0.218083623734574,-0.1246907066275,0.243417731452822,0.0412321752434756,-0.333333915585518
-0.241432900479512,-0.349233616361975,0.0794836235399177,-0.0466965392834519,-0.018877549445398,-0.0983619673236683,-0.195728810377961,-0.12220682800978,0.241430647933547,0.0104322370814403,-0.246398840780764
-0.257826492489131,-0.366124004634241,0.0655739894271137,-0.0362643337676965,-0.0203678822963552,-0.0993555225490418,-0.179832054200899,-0.103329350514371,0.203676061014514,-0.0223547938895548,-0.206657092276304
-0.301045962305101,-0.390962810921679,0.0541482185428306,-0.0615996900558806,-0.0273227689355837,-0.0904135255223824,-0.184799790504333,-0.112768089264161,0.208146998935021,-0.0114257835708104,-0.144560610263682
-0.268258778292518,-0.353207825389351,0.0765029876424562,0.00447094479411037,-0.0332841003387643,-0.0804779732598337,-0.180328827824838,-0.116245519329511,0.189766476356695,-0.026825752649585,-0.106309177330983
-0.278194288591678,-0.357182034395091,0.074515897054443,-0.0322901604224157,-0.0462003183827339,-0.0750134195224161,-0.189270753172972,-0.117735846501809,0.199205123083326,-0.0193741547029144,-0.026328908485751
-0.39543331022832,-0.398911228926441,0.066070762056011,-0.0273224435146248,-0.0337808779550897,-0.100349077773984,-0.175857865145831,-0.0993551447235134,0.165921474078703,-0.00695482479146801,0.104322089693554
-0.475414168287342,-0.440143647418584,0.0382514937999862,-0.0760060693887798,-0.036264766038818,-0.107800741961844,-0.111277293220558,-0.0804776672251598,0.1475409515094,-0.0710385671073821,0.217089300964495
-0.430704371901359,-0.399408005143112,0.045703083501843,-0.0203676400750451,-0.0402389869769604,-0.104820076283961,-0.0760063654791621,-0.0546453296300778,0.110283135454876,-0.0760062990730792,0.230998912935792
-0.426730167779005,-0.399408005143112,0.0303031314458786,-0.0402385077817243,-0.0457035407661803,-0.0874328598379086,-0.084451517199033,-0.0869357516721907,0.149031264077881,-0.034774123794374,0.309488866155735
-0.319923432049594,-0.335820661152749,0.0476901740686464,-0.00596126116996476,-0.0635875349796111,-0.0630907568093209,-0.0645805719701147,-0.0740195828581994,0.131644283260972,-0.0312967114203663,0.310979181724401
-0.205665063454598,-0.231000898473331,0.0869352131987228,0.0317933875072112,-0.0630907573622892,-0.0298066567786496,-0.0953805370463681,-0.0879293031215902,0.140586159096172,0.0158967421943912,0.282663185953427
-0.238949023021461,-0.216097614703059,0.100348074664839,0.0322901591983029,-0.067561755915809,-0.0412325418734595,-0.146051447409145,-0.112768089303634,0.162940848727788,0.0531547319297184,0.33681131822161
-0.184303716369739,-0.189271703913752,0.113264163489978,0.0203676385810642,-0.063090757361749,-0.0293098791765354,-0.125683728573676,-0.11723907081832,0.124689490931527,0.0332838040727195,0.33482423079883
-0.256832941665796,-0.235968659712563,0.0879287585081565,-0.0312966172230044,-0.0650778678298599,-0.0322905448548591,-0.144561126561236,-0.123200379503249,0.144560326150607,0.057625690675304,0.413810955819648
-0.159464940899612,-0.178839405319233,0.102335165265931,0.00794834645167623,-0.0611036468923897,0.00794844171793949,-0.118728897789719,-0.0924002846327114,0.135121679423977,0.0312967112504854,0.355191876807259
-0.0809744094057301,-0.145555404913287,0.123696389077289,0.0516642551873987,-0.0596133140415766,0.0303034342942694,-0.187780432553478,-0.136116548350611,0.188276163629148,0.0993546390192433,0.35618542051787
0.0705421227312051,-0.0561357022503295,0.170889790555851,0.107799456440063,-0.0854457501301402,0.0705424208806656,-0.207154604107011,-0.151019820058288,0.222056583473397,0.153502917424548,0.314456584669371
-0.0263291028701081,-0.112271404428702,0.146547930850892,0.0536513421992358,-0.0650778678302803,0.0546455372609236,-0.29259966861235,-0.203181271007363,0.273223984170695,0.228515669966536,0.423249620977672
-0.0228516742635537,-0.130155344968429,0.154993065851071,0.0496771686555457,-0.047690651233259,0.055639092486024,-0.254844872718606,-0.16741341890243,0.210630853281282,0.168902886401852,0.454546247847777
-0.148535879609917,-0.198710450215237,0.114754481468177,0.00496771654167142,-0.0382518765075653,0.0298066566181328,-0.261799703546261,-0.176852157650257,0.203179290069463,0.18132221630376,0.555390934520478
-0.206161839359532,-0.256336480825091,0.097367438826915,-0.0397417358469219,-0.0233485479934921,0.0029806655523197,-0.229012643950748,-0.180826363441657,0.192747101594679,0.136115855475176,0.665674286347742
-0.154497185721988,-0.230007346187222,0.0914061670655178,0.0109289765800489,-0.0173872165890152,0.00993555213243059,-0.195232037026561,-0.159465007323156,0.168902099320077,0.121709432786292,0.718332102972472
-0.22652963542363,-0.301046332232713,0.0650772167576157,-0.032786932410259,-0.00198711046580655,0.00248388794756135,-0.194238489766877,-0.151019820018517,0.200198664795122,0.141083587447122,0.85693145045406
-0.235471594720886,-0.293097914217895,0.0571288544025097,-0.0263289004275017,0.00149033285326153,0.00844521930383094,-0.162444977378052,-0.119722949443379,0.167411786673177,0.122206206002969,0.940389121989982
-0.381523596008488,-0.414808065048096,0.0228515417516854,-0.102831741079339,-0.000496777615377558,-0.0422260971324122,-0.149032089376525,-0.123697155230336,0.148534493206711,0.124193298791037,1.15002684480743
-0.428220494463294,-0.425240363677757,0.0163934973464626,-0.136612216003156,-0.00943877472187687,-0.0466970956459781,-0.0859418381791643,-0.0581227596909876,0.08246396608948,0.0442128143074486,1.24441349719322
-0.537014332202316,-0.507208424439222,-0.0203676785306953,-0.201192536041896,0.000496777623719455,-0.0928974135843623,-0.0834579700301235,-0.0486840209414429,0.0640834435341595,0.0263289792550933,1.40785143732965
-0.480381923344887,-0.47889218527065,0.00149031794067915,-0.160954029115093,6.88968326834072e-12,-0.0789876404165004,-0.0650773456550058,-0.0233484590341115,0.0347739615971655,-0.0377547629640982,1.46001248202095
-0.606562904512679,-0.565828007531463,-0.033780540029387,-0.233482696425337,-0.00546455377916104,-0.103826521056605,-0.0824644227016113,-0.0531550024502399,0.0804768825831047,0.0168902886440984,1.67710178195944
-0.538504658853553,-0.514660066640047,-0.00993545297604732,-0.192747417828677,-0.00645810901324041,-0.0794844180264742,-0.0437160795527916,0.0104322900766295,0.0218579185544292,-0.0526579589125051,1.76701748757745
-0.505220699327236,-0.497272902217111,-0.0213612238643821,-0.170392691621962,-0.00645810901324041,-0.0695488657763091,-0.0690515346895949,0.0114258415245569,0.034773961427179,-0.00496773210748569,1.89965557244577
-0.537014332322659,-0.518137499474899,-0.0208644512175184,-0.206160253321884,-0.0158968837377936,-0.0740198642918585,-0.0715354028436501,0.00298065422474754,0.0586189637017811,0.0362644431450156,2.02335176403222
-0.465478658135509,-0.45802758819175,0.00397418114952798,-0.175360408341555,-0.0248388808401878,-0.0586197583123976,-0.0660708929163568,0.00298065422474754,0.0720317774619869,0.0491805462411194,2.10631266352975
-0.436665678188831,-0.45802758819175,0.018877360562269,-0.144560563529206,-0.0253356584571614,-0.0715359762528922,-0.10283214162095,-0.0223549076654614,0.0968703214986404,0.0844514431345221,2.22603468010539
-0.378046167368251,-0.40338221427215,0.0307999041009177,-0.124192924106479,-0.0248388808399837,-0.0596133135521904,-0.108296651546306,-0.0332839735838562,0.13363136665394,0.113264288537854,2.31942778846453
-0.386491351140418,-0.411330632278789,0.0153999520476836,-0.124192924106479,-0.0303034346292035,-0.084948971811787,-0.140090163933395,-0.0680582742206393,0.182314912971757,0.182812535934221,2.46349162585034
-0.343768656813556,-0.388478930462186,0.0134128614574391,-0.113263946854585,-0.0258324360752515,-0.0620972016373727,-0.133632106747474,-0.065574395603113,0.183805225611999,0.214109247264656,2.56731694306809
-0.259316819275582,-0.310981855016228,0.0278192682071258,-0.0909092208188751,-0.0248388808416041,-0.0342776553263327,-0.128167596801693,-0.0765034615198033,0.210630853149199,0.258818834882523,2.66468422629431
-0.0859421642082132,-0.219078271493023,0.0685546252926941,-0.0327869326110884,-0.0392454317390638,0.000993555174791952,-0.153006278325643,-0.0854454245537072,0.229011375690538,0.298560690497604,2.66915517296153
-0.132142287154242,-0.260807465998088,0.0606062629453387,-0.0596126038727959,-0.0382518765049845,-0.0263292135342289,-0.215599755760876,-0.146052062738654,0.292101277646634,0.384999226707609,2.84302532132456
-0.120716450311864,-0.252859047980431,0.0715352611865161,-0.0615996906457203,-0.045206763143541,-0.0263292135342289,-0.186290111586204,-0.14158108122362,0.27769492213419,0.37158635043095,2.92548944875504
-0.083955062164459,-0.237458988097904,0.0769997603010496,-0.0293095307749484,-0.0308002122499106,-0.0337808777287002,-0.202683641411467,-0.143071408394562,0.276204609492851,0.372579896821459,3.01242452291486
-0.0973680010593814,-0.273723645300034,0.0526579005817038,-0.0571287455938299,-0.0357679884195879,-0.0516648717703087,-0.220567492088707,-0.159961783007572,0.283159401809459,0.393444371034843,3.12072078664887
-0.0645808170214399,-0.237955764266403,0.0611030355763928,-0.0576255172839778,-0.0347744331856525,-0.0367615433780601,-0.216593303035984,-0.174368278999336,0.277198151243442,0.389470185472704,3.18828175848689
-0.0556388577554795,-0.250871943545094,0.0620965808708985,-0.0665674077597093,-0.0139097732750247,-0.0457035404030197,-0.217090076665643,-0.177348933341801,0.292101277638733,0.418779804027238,3.3055199154542
-0.0288129799005476,-0.244413853914496,0.0730255791036791,-0.0541481155017204,0.00248388808827726,-0.0347744329151398,-0.199206225941074,-0.17486505472279,0.278688463868981,0.443618463749186,3.41033877609523
-0.00347742864723799,-0.231994450762561,0.0923997123485438,-0.0516642570362087,-0.00198711046567475,-0.0347744329151398,-0.198709452311482,-0.194239307948057,0.296572215543331,0.445108783335047,3.50075125305174
-0.0988583275339403,-0.308994750083057,0.0615998082479908,-0.081967330112817,-0.0124194404213667,-0.0591165359355001,-0.198709452311482,-0.188277999265452,0.286636797941106,0.479882906964183,3.65822792997078
-0.174368205814864,-0.337807765419455,0.0163934973299458,-0.116244576984273,-0.0049677761627996,-0.0824650837261006,-0.157974014629986,-0.173871503268444,0.251366065482203,0.456037793605235,3.81818846593105
-0.162445593433742,-0.327375466786289,0.00447095380186682,-0.107302686559734,0.0124194404258194,-0.0809747508866082,-0.152012731055455,-0.156981128672996,0.264778879258539,0.459018432777786,3.8946913309514
-0.129161633965329,-0.313962511387551,-0.00496772649691345,-0.0968704810040701,0.00298066569830116,-0.0750134195385238,-0.152509504685141,-0.156484352949168,0.279185234770982,0.467960350296624,3.97069742414293
-0.150522981125662,-0.327375466768544,-0.00745158973057206,-0.10730268649512,0.00745166424944428,-0.0894199703211976,-0.17387077084324,-0.163439213081767,0.307501174937671,0.529560226405427,4.12121929491862
-0.140587470832455,-0.316943168115659,0.007948362340865,-0.0973672526268184,0.0178839942043802,-0.08693608225905,-0.154496599277023,-0.165923091702586,0.301539924380725,0.536018277942963,4.26130895670912
-0.142077797378726,-0.313465735240273,-0.00745158971145906,-0.101341426148444,0.0218582151396418,-0.0919038583887499,-0.146548221174178,-0.141084305516668,0.307501174946742,0.568308535610983,4.39394704076707
-0.164432695549461,-0.328865795158702,-0.0248386323737867,-0.10382528461463,0.0198711046728752,-0.104323298706834,-0.162444977330424,-0.148039165650895,0.29706898647119,0.58966978300324,4.53254638687164
-0.13711004220749,-0.295581794782807,-0.0233483144335034,-0.0615996909947447,0.0298066570079086,-0.0953813016750746,-0.15698046739031,-0.135122996837239,0.298062528232217,0.592650422167665,4.62892012577692
-0.128664858461936,-0.310981854692178,-0.0511675826895282,-0.0844511888890177,0.03527121079594,-0.104323298697201,-0.18728365882018,-0.143568184146708,0.326875239229885,0.661701896182804,4.78291939920473
-0.0799808579442829,-0.26726555569238,-0.0476901741592207,-0.0591158327070902,0.0377550988811086,-0.100845855407035,-0.190761074240033,-0.158471455856709,0.325881697469395,0.682069597135665,4.89022211874
-0.033780735022372,-0.246897734502668,-0.0203676785348796,-0.0283159876894971,0.048187428838565,-0.0809747509029275,-0.221561039307884,-0.150026268553167,0.36761045135778,0.76304362779386,4.99454420703705
-0.0188774695537502,-0.228020241749585,-0.0233483144182205,0.00248385707575231,0.030800212249946,-0.0839554165820069,-0.239444890037333,-0.153006922892456,0.371584618400914,0.821166091563989,5.14854348029947
-0.0546453065961609,-0.255342928680974,-0.0223547691233627,-0.0243418143640261,0.0471938736160208,-0.0809747509085313,-0.253851325304127,-0.150523044273509,0.377049098075366,0.891211111980814,5.33980064221468
-0.0531549800495146,-0.250871943553131,-0.0367611758858195,0.0074515737823154,0.0571294259484135,-0.0630907568348102,-0.225038454678169,-0.134129445393573,0.357675033755068,0.90611430778322,5.48336770650932
-0.0531549800495146,-0.25882036157396,-0.0541482185481472,-0.000496773311933391,0.0427228750568716,-0.0501745389158706,-0.23994166357343,-0.104322901965048,0.383010348609968,0.972681915809854,5.62743154254935
-0.0695485720642061,-0.255342928699085,-0.0476901741373907,0.0163934641495583,0.0432196526737253,-0.0616004240181636,-0.243419078992997,-0.127671360978901,0.406855350856478,1.02037214241794,5.778946956341
-0.0154000409730284,-0.207155644471598,-0.0412321297178553,0.0153999207629979,0.0273227689326786,-0.00645810905595241,-0.232490059134088,-0.107800332030683,0.421758477248478,1.0700494618408,5.88326904446455
-0.0521614291126146,-0.224046032716201,-0.0526579005967365,0.00248385684160581,0.0228517703825077,-0.0168904389266694,-0.279683554125526,-0.141084305529763,0.455538897094386,1.14605576037375,6.05912627872766
-0.0427226943414555,-0.213613734066822,-0.0392450391104056,0.000993541760643112,0.0134129956568141,-1.09951228677296e-10,-0.258819061660208,-0.128664912428895,0.450571188304609,1.15201703869408,6.19375144948991
-0.0616001639189836,-0.226529913308356,-0.0461998561717399,0.0183805508866663,0.0332841003273611,-0.00993555236893164,-0.267264213396901,-0.110284210654899,0.469945252625382,1.19523630649647,6.36066679037129
-0.061103388404146,-0.224542808802982,-0.0506708099981385,-0.003974175331088,0.0228517703699046,-0.00943877475654413,-0.245406173665963,-0.115748743615588,0.466964627350493,1.1987137188482,6.53602725241846
-0.0447097963986465,-0.207155644438465,-0.0263289502996524,0.00198708494061771,0.0422260974248582,0.00149033273156657,-0.240438437350464,-0.106806780599117,0.481867753755293,1.24690071858955,6.67512336965374
-0.00943873487037283,-0.174865196250214,-0.0352708579554884,0.0139096055849349,0.0437164302756713,0.0109291073617472,-0.2329868329007,-0.103826126256807,0.495280567495422,1.27621033698428,6.78391640417282
-0.00596130626186864,-0.170890987248397,-0.0293095861902158,0.00149031334624271,0.00993555232594701,0.00546455361844221,-0.273225497063373,-0.110284210662375,0.529060987323921,1.35072631581889,6.93294795821578
-0.0268258778820397,-0.175858748512771,-0.0238450870658319,-0.0357675636999085,0.00844521947452159,-0.0119226628125522,-0.258322288168113,-0.118729397962404,0.530054529082291,1.36910692396376,7.0929084927494
-0.0248387758190957,-0.162942569267712,-0.0278192682413884,-0.0193740979420049,0.019374327042266,-0.00248388816243304,-0.260806156325353,-0.0998519204596346,0.523596507643301,1.41779069683457,7.24591422145829
-0.0650775924906418,-0.202187883218763,-0.0357676306042458,-0.0650770937768199,0.00943877469787009,-0.0347744329444375,-0.257328740917075,-0.108297107760103,0.537506092265937,1.46051319143309,7.44859713468824
-0.0233484492010914,-0.180826509852607,-0.0452063109013525,-0.0596126051936819,-0.00347744334141817,-0.0278195463634454,-0.239444890169081,-0.0551421053339819,0.537009321386258,1.48187443867783,7.58222876129678
-0.0616001638214372,-0.190265256249466,-0.0461998561962692,-0.0640835504372327,-0.00596133142784724,-0.0238453254671568,-0.242425531948377,-0.055638881057862,0.54346734281273,1.53155175794032,7.77746009662686
-0.078987306865641,-0.197716898122788,-0.0427224476652423,-0.0705415823965755,-0.0149033285272168,-0.0283163239850673,-0.242425531948377,-0.0397420579162294,0.555886614803473,1.58520326266009,7.95530441733513
-0.0774969803211843,-0.197220121996471,-0.0491804920832508,-0.0571287466629421,-0.0129162180587217,-0.0228517702494964,-0.210632019659302,-0.0496775723942124,0.567809115900399,1.62444834487072,8.10135533976785
-0.0884260416570216,-0.206658868364195,-0.0620965808984667,-0.0670641804500985,-0.0288131017947751,-0.027322768766746,-0.22851587040144,-0.0630905169204878,0.58171870053498,1.6795901691653,8.27323839820309
-0.167413348526956,-0.269252660276907,-0.0452063108858804,-0.112270404597197,-0.0347744331986758,-0.0442132075813238,-0.230006191291149,-0.0755099100165137,0.608544327988585,1.71237719985774,8.52063077688233
-0.171884328166548,-0.268259108026557,-0.0422256750040368,-0.0943866237759059,-0.0248388808547601,-0.0561358702983972,-0.197715905227633,-0.0616001897610774,0.571783282878394,1.7088997875187,8.70493313122199
-0.168903675076914,-0.259317137751435,-0.048683719423954,-0.0854447332785369,-0.0203678823008081,-0.0417293195403747,-0.190761074414018,-0.0720324799603831,0.602086306485251,1.77099643652372,8.89569351933106
-0.164432695435852,-0.274220421496359,-0.0362644032534589,-0.0690512675339732,-0.0223549927672385,-0.0501745389639871,-0.170393355534649,-0.0645808441091597,0.617982974639058,1.82911889988791,9.08049264537341
-0.249878084132538,-0.350723945081855,-0.0372579485490803,-0.108793003126921,-0.0322905451164364,-0.0690520882416931,-0.164432071979146,-0.0710389285179177,0.644808602098586,1.89270586841272,9.33633014456463
-0.227523185969582,-0.343769079338896,-0.0298063588403978,-0.0655738662034081,-0.0357679884360928,-0.0864393046980307,-0.130651465058647,-0.0462001423881668,0.593144430545459,1.89568650756122,9.51616155210494
-0.223548981850532,-0.359665915384226,-0.0168902700110605,-0.0844511905760214,-0.0337808779669256,-0.0844521942501381,-0.136115974988623,-0.0576259840409656,0.632886100816875,1.98709277466096,9.69648973115605
-0.184800491653842,-0.365130452759487,-0.00645804442229606,-0.0819673321298755,-0.0203678823193294,-0.0705424210860967,-0.119722445150387,-0.0625937412713056,0.632389329937392,2.03031204224046,9.87185019180405
-0.15350363424022,-0.351717497352861,0.00248386323274738,-0.0988575697218366,-0.0178839942339806,-0.0412325419806104,-0.147044994770457,-0.0571292083077759,0.667660062308032,2.11128607236529,10.0596299483755
-0.206658614439906,-0.384007945481441,-0.011425770887044,-0.112767177032087,-0.013909773298815,-0.0417293195936905,-0.152012731090836,-0.064580844159774,0.679085792536432,2.19524074147601,10.300564291956
-0.152510083289068,-0.357678810767811,-0.0139096341231249,-0.111276861948695,-0.0193743270872424,-0.0402389867566222,-0.129657917758006,-0.0457033666570042,0.663685895298892,2.22703422572917,10.4833763297634
-0.163935920149339,-0.335820661270665,-0.0238450870646586,-0.0993543414099874,-0.00844521951448063,-0.0377550986900669,-0.156483693868285,-0.0526582267834569,0.696969544252869,2.32340822460147,10.6830786102555
-0.15797461397111,-0.352214273444306,-0.0124193161695706,-0.127670327998629,-0.0213614375618835,-0.0213614374933955,-0.160457882904311,-0.0452065909262289,0.698459856888102,2.38053714150482,10.9329548463276
-0.15797461397111,-0.326878691083519,-0.0367611758723724,-0.123199382797882,-0.0178839942457561,-0.0253356583996744,-0.193741716206796,-0.0278194406180058,0.709388816236604,2.43021446047702,11.149050597392
-0.0784905314533446,-0.259317137774461,-0.0322902220425383,-0.100844656517185,0.00298066568201323,0.0124194401405858,-0.204173962430206,-0.028316216341847,0.73869829804991,2.49876916067677,11.3318626345742
-0.153006858738829,-0.267762331891177,-0.0273224955719184,-0.121709067434204,0.0233485479744912,0.0154001058197282,-0.243419079299617,-0.0581227597014213,0.802781741591343,2.60805926246184,11.5981323413831
-0.136613266754245,-0.259317137740765,-0.061103035608073,-0.140089620129825,0.0168904389489953,0.0104323296996822,-0.2240449077371,-0.0163935989155872,0.815201013535167,2.65525271540997,11.8485053488683
-0.160458491483754,-0.243420301743509,-0.06805785266653,-0.129160642970422,-0.0109291075890985,-0.00447099869067706,-0.255838420164097,-0.0223549075936993,0.832587994309836,2.73076224013796,12.1112976523755
-0.229510288050243,-0.287136600874596,-0.092399712405299,-0.185295844480902,-0.0233485480188432,-0.0407357643689283,-0.245406173940687,-0.0109290659477314,0.8310976816757,2.78640083732212,12.4356896634867
-0.185297267128792,-0.243420301880305,-0.0824642594614167,-0.153999228046343,-0.0288131018048939,-0.0526584270860017,-0.216593303301362,0.0193742531656119,0.817684867928659,2.80925240399739,12.6796046365381
-0.19572955293797,-0.241433197374806,-0.11525125421208,-0.161450803464406,-0.0288131018048939,-0.0327873226007815,-0.219077171448099,0.0154000473771045,0.855439454683726,2.91854250570736,12.9841257736173
-0.222058655287507,-0.255342928870653,-0.130651206283062,-0.180824899343389,-0.0149033285388717,-0.0397422091877981,-0.207651377914814,0.0308000947965619,0.886239249189408,2.9811359273907,13.3085177841815
-0.215103798081321,-0.257330033377321,-0.136612478053443,-0.1763539540899,-0.00347744334267815,-0.0397422091877981,-0.198212678955668,0.0427227121620834,0.918529356259193,3.05763899845019,13.5941615907674
-0.23944579835874,-0.29061403373924,-0.140586659232758,-0.190263561384373,-0.0119226628257221,-0.0402389868011301,-0.206657830698813,0.0352710763176386,0.939890504059686,3.14755494545607,13.9478631392398
-0.253852288296839,-0.294091466625434,-0.157476929262815,-0.216095689533189,-0.0144065509112508,-0.0511680942670778,-0.184799790999478,0.0640840682790731,0.956780713898939,3.20021290341075,14.278216410688
-0.231497390088503,-0.295085018874658,-0.194238105180167,-0.227521438377854,-0.0154001061445622,-0.050174539040781,-0.168406261157663,0.0755099099057366,0.951316234225024,3.27174824241696,14.631917958593
-0.200697308206347,-0.279188182835004,-0.199702604310042,-0.221063406347749,0.00198711045792077,-0.0457035405326924,-0.151019184131926,0.0620969653773695,0.965722589670323,3.3179481488725,14.9746905256493
-0.211129594032466,-0.280678511209293,-0.212121920493015,-0.241927817293574,0.00596133139423863,-0.0437164300800988,-0.153006278660457,0.0715357041168552,0.996522384148803,3.42624470354527,15.3601854703684
-0.182316614147633,-0.269252660292231,-0.216592874326416,-0.230005296605676,0.0158968837386345,-0.040735764405805,-0.149032089624539,0.0849486486490574,1.02980603295173,3.50374132077743,15.7357449774289
-0.242923227115481,-0.292104362029172,-0.258321776730185,-0.234973013496804,0.0268259913092836,-0.0596133137202028,-0.172877223943486,0.0879293029854799,1.06905093240877,3.60856046321477,16.1972460117132
-0.245407104689719,-0.305020541317902,-0.26030886732319,-0.269250260455459,0.0352712107998773,-0.072032754021498,-0.134128880892962,0.115748743487676,1.08693468400503,3.6711538848171,16.6537793267836
-0.193742451048179,-0.280181735081053,-0.252857277609663,-0.243914904309768,0.0322905451008075,-0.0491809838147394,-0.138103069947204,0.11376164059554,1.09438624718485,3.74169567725821,17.0968998022269
-0.310484697258575,-0.352214273560541,-0.300547451848829,-0.323398375631163,0.0471938736080387,-0.0998523002777388,-0.147044995276799,0.109290659084341,1.14008916787257,3.8261471189755,17.6512971667273
-0.233484492378299,-0.292601138617131,-0.295579725374833,-0.290611444166692,0.0660714230359366,-0.0849489718823417,-0.095877311246016,0.138103651000094,1.12468927062332,3.86737929342561,18.079514486404
-0.216594124865482,-0.303033437278783,-0.295082952726647,-0.313462942172156,0.060110091629443,-0.0874328599434925,-0.118728898205036,0.111774537657735,1.18132115056982,4.02734025913875,18.6319247624046
-0.20069730837361,-0.288626929669122,-0.281670091233974,-0.322901604266114,0.0541487602285671,-0.0685553106518288,-0.139593390733545,0.109787434766632,1.23099823846027,4.11427556659266,19.2181155226776
-0.269252329387467,-0.346252960363712,-0.316940949296823,-0.447094528285601,0.0486842064407998,-0.069548865875775,-0.170890129391823,0.113761640553797,1.26477865808494,4.24890109981079,19.9076348220314
-0.270742655934402,-0.363143348612216,-0.361650487631504,-0.495778153909902,0.0660714230281587,-0.0680585330364397,-0.172380450288364,0.122703603565852,1.2543464696378,4.31795257241899,20.6036121542496
-0.258323268062972,-0.40338221490987,-0.386489120060951,-0.618480762994293,0.0452067630993809,-0.0357679882557991,-0.180328828361066,0.132639118028081,1.27521084647145,4.42128139489869,21.3224409886888
-0.185297267209528,-0.414808065786616,-0.413811615738593,-0.689022342980528,0.0561358706642209,0.0258324357667987,-0.203677189078634,0.134129445196117,1.30799772444054,4.52361667083826,22.0417665938471
-0.197716655084319,-0.478395410080166,-0.461998562690896,-0.801292746471719,0.0457035407047478,0.0417293193512818,-0.285644837936616,0.105316453246666,1.39443585693326,4.68159054348023,22.8520014408592
-0.287136247991166,-0.559369918508354,-0.52757255228332,-0.920517952141088,0.0303034345860042,0.0273227685713473,-0.295083536943918,0.110780986199543,1.42324856786943,4.78839677801113,23.7541390743735
-0.229510288093348,-0.544466634667002,-0.563340183051514,-1.00397559736685,0.0248388808012738,0.0730263089153497,-0.279683554434568,0.132142342299165,1.40635835806207,4.86440307523266,24.6463412675953
-0.268258778262321,-0.608550754737222,-0.625436764082002,-1.10978796728489,0.0268259912663602,0.0953813014907351,-0.338302842947852,0.122206827850364,1.4664676343557,5.00697697896046,25.7004910756886
-0.244413553557242,-0.616499172768237,-0.690513981119301,-1.17585860296857,0.0288131017353836,0.119723404478704,-0.365625392610407,0.12866491225845,1.5062093043991,5.11477675943542,26.7074475563093
-0.309987921649613,-0.708402755945887,-0.779436285289024,-1.29210317859369,0.0372583212194478,0.100349077573897,-0.402386641409302,0.126677809367141,1.5842023321413,5.25685388961034,27.8241906067789
-0.271239431488879,-0.721318935258771,-0.809739416923277,-1.30799987292359,0.0536519825783924,0.1018394104098,-0.377051186300835,0.130155239430231,1.62543431484215,5.33484727926312,28.9170886060859
-0.226032859603665,-0.708899532133698,-0.827623232290455,-1.34972869498095,0.0516648721120098,0.108297519379161,-0.391457621640352,0.113264864848393,1.70293057174977,5.47245345054036,30.0467477178055
-0.230503839236688,-0.713867293409764,-0.86984890750478,-1.3517157817739,0.0924006367151754,0.0924006358003849,-0.423747907596381,0.0864389757885205,1.79036224586669,5.65675630076748,31.3294125428525
-0.278691064266342,-0.761557801476639,-0.902635902376595,-1.40437358107964,0.108297520435482,0.0422260968909438,-0.406857604095569,0.0740195827179969,1.84947798025262,5.83559464573499,32.7144123577365
-0.259813594699033,-0.746654517642491,-0.943371259701804,-1.40188972258854,0.131646068432683,0.0337808774880248,-0.357180241107299,0.0874325272515938,1.87431652400418,5.96773631177007,34.1078572875022
-0.23298771679429,-0.715854397839599,-0.960758302439685,-1.3954316905967,0.146549396934873,0.0412325416856448,-0.389967300854908,0.104322901823336,1.95280632255347,6.18979392301971,35.5713470376732
-0.207652165500818,-0.716847950095396,-0.979138890502962,-1.36810924718105,0.150026840252597,0.0158968834624403,-0.399902773440095,0.0919035087450652,2.0720313326574,6.42476763732725,37.0760688411082
-0.268755553962934,-0.707409203717566,-1.02086779308436,-1.32638042517516,0.166917279198079,-0.0432196525053462,-0.384006017214449,0.0983615931373738,2.14803727680638,6.63092850666353,38.6319581374471
-0.281174941827403,-0.628421799652998,-0.998513023844659,-1.17536182964581,0.174368943455206,-0.091407080893711,-0.310483520033925,0.115251967732822,2.19771436425107,6.80330879950604,40.1893377435918
-0.266271676337165,-0.473924424893803,-0.937409987967959,-0.904124487563762,0.213614375129761,-0.169897943902191,-0.254348099600622,0.113761640564204,2.29259760141808,7.05517280036651,41.709956231405
-0.236465145484042,-0.325388363221564,-0.856932818829928,-0.667661160703738,0.223549927462153,-0.242427475359042,-0.193741716935115,0.115251967733907,2.40486781894958,7.35075284102655,43.2628648808949
-0.252361961962084,-0.197220123351436,-0.767016969537641,-0.415301142914145,0.229511258860725,-0.321911893566922,-0.15300627910801,0.133632669484014,2.49726720179823,7.65080383917496,44.832663767658
-0.231497390347963,-0.0606066886399323,-0.663191485965651,-0.197218368559442,0.228517703627462,-0.384505872762797,-0.0774966874235106,0.175361830227547,2.56780866586774,7.9409193733504,46.3607338137221
-0.212619920737948,0.0645808948306048,-0.551417640074415,0.0322901519353811,0.204672378042393,-0.433190078935698,-0.0357677023710475,0.218084542356285,2.63785335932868,8.29809928503195,47.887810309947
-0.248884533340049,0.152510269260841,-0.430701886337016,0.188773236256029,0.193246492855586,-0.484854950643106,-0.00745160552836518,0.248884637175587,2.696969093335,8.68061462886439,49.4436995630213
-0.170890777368738,0.259317136008681,-0.318431267832218,0.392449628782381,0.211130487043956,-0.51615194028898,0.0650773447432297,0.289123470654024,2.73919461774525,9.03978163213461,50.8947699637799
-0.113761593171201,0.375065973528203,-0.193741332986599,0.535023105639562,0.191259382363326,-0.509693831327532,0.0814708745058818,0.322904219808044,2.8246392078885,9.49432908385704,52.3771369793328
-0.0471936740406897,0.453556601155918,-0.0834578049607089,0.634874215088478,0.167910834405611,-0.512674497010516,0.0690515337057826,0.343768800137515,2.89518067213774,9.99507643904181,53.9032199073181
-0.0784905314857676,0.421762929111335,-0.0089419077098051,0.592648621057998,0.163439835851659,-0.479887174591204,0.0511676830675675,0.375562446394338,2.95827057301709,10.4814173720396,55.5316378154551
-0.0442130208910351,0.380530510865905,0.028316040886461,0.471933101131691,0.11574918469304,-0.417789972822337,0.0337806059607142,0.430207775834349,2.97118661573847,10.9637841177679,57.155584773348
-0.116245470511918,0.278194629011074,0.0342773126591326,0.331843483453687,0.087432860533064,-0.365131545851966,-0.0134128887204603,0.462994973538402,2.99950255546023,11.4709895213034,58.8530539469763
-0.171387552746353,0.186291046228855,0.0163934973685995,0.208147333396597,0.0804779739012292,-0.295582679905375,-0.0124193414575231,0.517640302961373,3.04868287196601,11.9647820476248,60.580826193939
-0.231497390061506,0.0948842390910711,-0.0158967247262151,0.107799451185493,0.0725295320333944,-0.267763133575529,-0.0168903041143334,0.534033901799979,3.09885673006333,12.50378093064,62.2941920500815
-0.232987716609161,0.0770002986358248,-0.0397418117873055,0.0168902323411521,0.0735230872666576,-0.224543481151705,-0.0427225329450554,0.565330772252306,3.16641756891695,13.0080056901738,63.9404937112479
-0.238949022795226,0.0347743279050512,-0.0665675347651208,-0.0352707956303909,0.0799811962860676,-0.192749713933715,-0.0511676846303716,0.578743716754877,3.25533955503894,13.5778045061948,65.575866385582
-0.298065309146665,-0.0134129561029033,-0.094883575644727,-0.122702612657781,0.0611036468645543,-0.166420500419325,-0.0581225154658063,0.598117969880957,3.3641323763496,14.1699581122024,67.2340905584816
-0.374071962933044,-0.0799809570105659,-0.144064067764182,-0.1425734804518,0.0735230872921985,-0.158968836235243,-0.0581225154658064,0.626930961759272,3.4282158187209,14.7501891604093,68.8555536118267
-0.43020759621827,-0.133136002274302,-0.161451110422913,-0.194734507714132,0.0735230872921985,-0.146052618278374,-0.0307999657167725,0.655247177884277,3.53353124376314,15.3562524098994,70.401010580287
-0.499259392938293,-0.204174988403365,-0.21957351025027,-0.244908448971503,0.0864393053342957,-0.183807716825812,-0.0079483787932802,0.68356339403724,3.6363628140673,16.0224252100256,71.8699646891567
-0.503233597062874,-0.213613734758806,-0.218083192308136,-0.268753490030106,0.098858745750837,-0.170891498878495,0.0442128524774636,0.740692601921174,3.71286552847915,16.6915786464546,73.239564443331
-0.541982087287286,-0.214607287011994,-0.242921824708216,-0.265772859856585,0.103826521922075,-0.175362497390266,0.0442128524774636,0.759570079361633,3.82066480740923,17.4476673815026,74.5306742527793
-0.525091719743443,-0.195233018179581,-0.254347595598239,-0.293592074431813,0.0968716352878873,-0.158472058548573,0.0799805539070833,0.798815361305408,3.93144471182893,18.2400205533408,75.6543719769561
-0.497769066400944,-0.17089098798338,-0.263289503266232,-0.262792229343475,0.0829618620117829,-0.138600954047404,0.0789870066498653,0.815705735851693,4.05514065848951,19.089005859722,76.6354962023257
-0.465478657887782,-0.174865196975269,-0.261799185323924,-0.246895535308325,0.0834586396283965,-0.115749183832437,0.102832140956448,0.828621904594863,4.20516546160993,20.0224425960211,77.4914339436193
-0.436665678001278,-0.138600539754858,-0.271734638289535,-0.208147343087971,0.0829618620115909,-0.0983619674032792,0.0844515166866368,0.848492933470263,4.3661192232088,21.0423178535755,78.1978433834361
-0.422755963553407,-0.132142450139852,-0.284153954479848,-0.227521438957878,0.0879296381768272,-0.110284630123124,0.0894192529979326,0.852963914958109,4.53204069385624,22.1247865203061,78.7691309048654
-0.417788208397104,-0.0983616735364286,-0.280676545941421,-0.232489155909451,0.0993555233636339,-0.114258851021007,0.0938902156579133,0.880783355351142,4.68603966306877,23.2623970001747,79.1536322444441
-0.371091309903472,-0.0571292552373523,-0.276702364760697,-0.212121516676665,0.0904135262664245,-0.102336188297888,0.115748255427616,0.9145641043577,4.83358061138335,24.4561428360708,79.3414119685375
-0.303033064214075,-0.00347743352574709,-0.263289503244236,-0.154495999995709,0.0774973082243273,-0.0899167479795408,0.101838593825426,0.928970600279077,5.02185677015598,25.7452691058303,79.3056444020911
-0.322904084846204,-0.00596131414622549,-0.26726368442355,-0.131644502313985,0.0735230872918501,-0.0993555226326512,0.0923998948446518,0.938409338956516,5.23497147306854,27.1292790343165,79.131774287133
-0.278194288438609,0.0263291340610163,-0.245902460557272,-0.0933930817930169,0.075510197760009,-0.104323298757839,0.108793424589866,0.972686863734964,5.44808617489186,28.5629662645049,78.7214408161386
-0.285645921177171,0.0034774323595694,-0.245405687909718,-0.0730254425466724,0.0993555233531434,-0.133633177932047,0.103328914653777,0.976164293776731,5.66716212759256,30.086569418691,78.1655532190488
-0.279684614997214,0.0193742683925445,-0.216592874329883,-0.0625932369629294,0.102832966673052,-0.142078397342993,0.111277292710004,1.01839023007716,5.894186413279,31.670778880392,77.3990343958729
-0.364633228249681,-0.0149032841902017,-0.225534781985719,-0.111276862485185,0.104323299522821,-0.168407610853488,0.128167596158271,1.06310004489,6.13164288747591,33.3195688320299,76.4879549886809
-0.372581636491007,-0.0119226274348328,-0.195728423106504,-0.0859415060737804,0.112768519006885,-0.194240046695732,0.164432071051178,1.1336421972309,6.36462842284079,34.9718361824696,75.3334574168565
-0.379536493714,-0.0149032841800011,-0.181322016326592,-0.0725286704695529,0.0983619681243931,-0.1917561586286,0.173373996408095,1.18481009640626,6.63238791902194,36.7110388093396,73.9693221567872
-0.342775105587207,0.0332840000090286,-0.13810279598047,-0.00894189358208806,0.0755101977444301,-0.203678821326279,0.182812695353339,1.24094575279041,6.91306345668271,38.5322089833156,72.3389172268631
-0.374568738594926,0.0129161789305099,-0.132141524211146,-0.0387481949053421,0.0680585334937852,-0.197717489966987,0.198212677902599,1.27273939885972,7.2593127486894,40.4472692521356,70.5798484019007
-0.355691269019588,0.0452066271241864,-0.0919029397259888,0.00943865943386155,0.079981196302163,-0.198711045192213,0.216096528532035,1.31446855939832,7.56085266161461,42.4055487617564,68.614122514299
-0.354200942471646,0.0258323582755091,-0.0869352132519925,-0.0278192172344435,0.0809747515353542,-0.18827871531268,0.248883588128442,1.34874608402985,7.91008257787403,44.4214539287632,66.4894296494052
-0.341284779079491,0.0437162988020891,-0.0809739414802018,0.0352707878814629,0.0953813024237632,-0.170394721266916,0.255341645296748,1.3919655717064,8.26825436775085,46.4920041137555,64.1665248370737
-0.360162248693522,0.0317936718186632,-0.0635868988250678,0.046696536717959,0.07302630968101,-0.146052618221358,0.261302928863309,1.4535657609129,8.69597407812812,48.6301154132433,61.704523913137
-0.404375269561113,0.0163936119118802,-0.0839545773850066,0.0869350439188602,0.0700456439782672,-0.162446279439498,0.265277117890122,1.53006922173739,9.09587461896556,50.7622654157354,59.0999494753027
-0.385497799925174,0.0253355821556438,-0.0620965809013598,0.0834576420913404,0.0437164302831128,-0.13562028831588,0.298560951109968,1.58670165368363,9.53104589084562,52.9326669193035,56.3503176607589
-0.419775310494057,0.0372582091733638,-0.0531546732479019,0.115251030484036,0.0129162180303696,-0.118233071880479,0.306509329159041,1.64482441281126,9.9677074734005,55.1254231922327,53.4600994116823
-0.420768861526067,0.00993552232516214,-0.047690174127717,0.0943866195402685,0.0129162180303696,-0.0983619673528622,0.35320605039604,1.71387623769501,10.4679557249212,57.3405342250894,50.483939620788
-0.430704371825419,0.0149032835761821,-0.0327869947237835,0.155489537766215,0.0273227689250442,-0.0864393046551825,0.361154428451399,1.77199899678641,10.9920489751587,59.5571355549322,47.4287930921039
-0.439149555599709,-0.00546453751986281,-0.0178838153097215,0.153999222698895,0.0258324360745911,-0.0765037523930539,0.378044731877548,1.83210885874181,11.5375033715772,61.737472426267,44.2842276168401
-0.471936739607855,0.00794841787070608,-0.0054644991300519,0.205663478769422,0.0124194404146802,-0.0715359762673417,0.380528600019136,1.92599946962079,12.1515121425951,63.9024093120685,41.0745850118059
-0.497769066451106,-0.0144065077436305,0.0173870426314243,0.188773241323759,-0.000993555237452703,-0.0496777612966616,0.389470525353366,2.00995456592267,12.8072496647866,66.0350559276695,37.7839685747432
-0.536517556647047,-0.00298065685872727,0.0382514938160438,0.237953638875333,-0.0218582151480805,-0.0779940852087347,0.395928582519382,2.14110335551587,13.4714322876272,68.08176079032,34.4173460233296
-0.537511107679749,-0.0362646572192485,0.050670809987273,0.175360406039396,-0.00794844188306652,-0.0685553105651961,0.44163175646485,2.223568124627,14.1708856390542,70.064381910705,31.004026891862
-0.512672331902075,0.0412324183389778,0.105812573836415,0.296075927159368,0.00248388807464216,-0.0327873224676238,0.441134982836546,2.32093616523391,14.9508158638701,72.0236546824297,27.5310951140388
-0.489820658150818,0.0223549255981804,0.109786755012207,0.257824507017026,0.0183807718191458,-0.00943877466271983,0.465973664304255,2.39594929851869,15.8221519214781,73.899966341415,24.0611439380044
-0.466472208917773,0.0571292543655428,0.133631842064841,0.367611050924383,0.0377550988867387,-0.0178839940725953,0.455541418114135,2.50027219907417,16.7406812040474,75.6908330307289,20.580263749577
-0.477401270272419,0.0462001796174292,0.144064067652989,0.323398370519746,0.0253356584626957,-0.00149033284995352,0.489322024891793,2.61800804380496,17.7297519413933,77.3296871651794,17.1391252775003
-0.520620740119306,0.0397420899908999,0.143070522359805,0.381023886725477,0.0139097732711956,-0.00198711046223625,0.490812345776786,2.7392213186071,18.7431644440664,78.8309351683343,13.7272963140334
-0.515652984957622,-0.00248388062991584,0.154993065881543,0.32488868577613,0.0124194404206346,0.0114258850849783,0.560857427465103,2.90166697765775,19.8941824624101,80.1473836075469,10.3532219810241
-0.507704576709381,0.0158968360040682,0.178341380274485,0.402385069633277,0.0238453256129627,0.00993555224737487,0.582715467096479,3.06957716950977,21.0412263065495,81.2949292222921,7.01640550824022
-0.494788413284508,0.0079484180027701,0.18877360585092,0.369101366390076,0.0158968837409029,0.0158968835994885,0.642328302545818,3.21761633250592,22.317430560434,82.2537010946623,3.78788526931649
-0.507704576696142,0.0139097315057464,0.192251014379172,0.404372156479338,0.0332841003345633,0.0322905448158968,0.648289586081647,3.37559100968646,23.6527505329177,83.051021742674,0.660706461089408
-0.520620740124762,-0.00149032837839772,0.19274778702583,0.37605617013252,0.0208646599198223,0.0382518761677587,0.71137983688316,3.56734643528237,25.0973600781955,83.6108848997991,-2.32687948035842
-0.541485311776395,-0.0238452539941423,0.21510255610234,0.355191759126489,0.0193743270690451,0.00794844181083601,0.746650764459092,3.76903737496428,26.5817112777924,83.9298131572974,-5.2374658085714
-0.561356332428507,-0.0288130152442234,0.247889550766776,0.345753097002268,0.00943877473017087,0.00794844181083601,0.803779731706283,4.00202518441861,28.1564747546203,84.0043291051633,-8.03329785708406
-0.594640291979923,-0.0422259706198651,0.2627927301575,0.346249868692796,-0.00198711046132925,0.00645810897348442,0.830605507611666,4.23948397499237,29.7958184237263,83.8637423500661,-10.6875499453772
-0.606066128855662,-0.0591163588768796,0.272728183092575,0.331843489663578,0.0163936613635898,0.0203678821231278,0.885250606678185,4.46005239102091,31.5220969701021,83.4777497394173,-13.2017123834468
-0.62941457811354,-0.086935821903621,0.293592634237122,0.329359631209836,0.029309879405687,0.0173872164492114,0.926482817781331,4.72831127515049,33.328852372202,82.8433706333832,-15.5936689577391
-0.696976048394767,-0.117239165572069,0.308495813627406,0.310482306961627,0.0218582151512612,0.0104323298701292,0.965231160727244,5.00849277559717,35.1867751494888,81.9854436792573,-17.8226843709946
-0.718834171083347,-0.109787523697494,0.304521632456429,0.312966165413653,0.0263292137030524,0.0233485477928884,1.02236012782178,5.32195824816384,37.1062974903413,80.8821108621452,-19.9528421950136
-0.767021396201541,-0.140090867351941,0.300050678638749,0.316443567247606,0.0407357645938982,0.0139097731513436,1.05663750811681,5.62697853341555,39.1331223016838,79.6024236273995,-21.936949096953
-0.796827927176252,-0.172878091636901,0.333334445944208,0.312966165410565,0.0258324360859466,0.0208646597245492,1.12022453237763,5.97571508031685,41.1872694871859,78.0773305221085,-23.7710308996229
-0.804776335443247,-0.162445793004611,0.359166623550216,0.307004905121951,0.0283163241694949,0.038251876158849,1.16791480055505,6.3289226079345,43.3050033120702,76.343592744109,-25.5286098409183
-0.809247315085087,-0.175858748384196,0.352708579153388,0.297069471301957,0.0437164302889827,0.0591165358841957,1.20914701157837,6.69852373327261,45.464465861837,74.4210812081112,-27.1257314707432
-0.823653805067484,-0.202684659152659,0.350224715923472,0.31097907864137,0.0506713169266987,0.067561755297282,1.2503792226107,7.10289915703262,47.6909924417123,72.313770095074,-28.585744064198
-0.806763437528541,-0.191258808276633,0.359166623551566,0.309985535260302,0.0571294259487616,0.0978651896382033,1.30403077430297,7.5410553277368,49.9090738976876,70.0067562054171,-29.947892601177
-0.829118335778384,-0.18331039027183,0.390960072904355,0.331346717955109,0.0581229811820729,0.117239516511498,1.33731460729045,8.00901803983021,52.1445423065767,67.5556781144846,-31.1903191151554
-0.823653805099106,-0.154000598869579,0.388972982320275,0.350224042195867,0.0506713169280072,0.136613843385202,1.39742421608089,8.50032920862964,54.3705720495264,64.9684841819055,-32.3001075364914
-0.814711845786972,-0.130155344832136,0.38946975496639,0.377546485180966,0.0566326483317638,0.161452724015336,1.45654027759603,9.01250495507786,56.606537183788,62.2446776307922,-33.3150125278841
-0.806266662018725,-0.124194031334166,0.394934254076241,0.383507745464581,0.0462003183760719,0.170891498646713,1.5126756972623,9.55001626062239,58.8434958388312,59.414064836699,-34.198769740905
-0.790866620991738,-0.119226270076678,0.3964245720156,0.369598138125168,0.0303034346338729,0.2051691539058,1.55788209726296,10.1550890596953,61.0238226047166,56.4299491352639,-34.9429340506813
-0.780931110662991,-0.0889229264177764,0.393443936140185,0.391952864209952,0.0322905451022241,0.216595038985888,1.61848847955504,10.786490968243,63.1639109219031,53.3469755473348,-35.6245051022879
-0.764537518615009,-0.0909100309188103,0.383508483219493,0.417288220424374,0.0213614375323671,0.214111150924632,1.6691593893568,11.4626026872422,65.2379287116914,50.1879956340022,-36.1759219164393
-0.745163273505988,-0.0869358219166591,0.395431026719393,0.454049325533866,0.0278195465467842,0.258324358376702,1.73920447051993,12.1859080947532,67.2672371171747,46.9698996763802,-36.6702099626945
-0.746653600056352,-0.0655744485244899,0.399405207887082,0.472429878074783,0.0327873227151413,0.284653571821566,1.80477858907798,12.9310716297684,69.2101073968174,43.698152177603,-37.0547114179043
-0.751621355213712,-0.078490627776057,0.397418117303472,0.472926649765323,0.027322768927374,0.279189018090842,1.88773978443936,13.7378353465365,71.0690234118693,40.3697724872654,-37.3567487373934
-0.860415193640848,-0.161949016959702,0.372082712355334,0.444113891706532,0.0248388808440055,0.238950031489998,1.99702998188123,14.5883153206834,72.8216304792148,37.0001605773248,-37.5027996779409
-0.851970009866068,-0.168407106587588,0.368605303832629,0.42324948070256,0.0327873227149129,0.246401695667942,2.1450685216935,15.5560343505534,74.4505416291333,33.5441100827952,-37.6553086535288
-0.812227968516483,-0.167910330462063,0.376056893522598,0.416791448727609,0.0293098793962649,0.262298579257462,2.27671353194179,16.5326953385102,76.0029500762576,30.1372400722689,-37.7467146845396
-0.813718295063619,-0.193742688964113,0.404869706981538,0.405862471539635,0.0263292136936662,0.287634237459798,2.37904889832227,17.5704597297919,77.4162627181693,26.7244087243851,-37.7949015596384
-0.83259576471088,-0.201691106976594,0.425734158118689,0.421759165641036,0.0447099855194734,0.301544010594164,2.5131777767853,18.656908131673,78.6944537212083,23.3200224630571,-37.8038434539773
-0.839053846424129,-0.209142748856332,0.432688975160502,0.406359243229734,0.0710391992069941,0.318931227009735,2.67363565679901,19.8332729226638,79.8410004841343,19.9350102906,-37.7506888598263
-0.864389397775422,-0.215104062360435,0.444114746018791,0.407352786610042,0.0814715291601654,0.361157324015413,2.82167419639349,21.0603088253445,80.8618642562236,16.6066302027208,-37.6518312501647
-0.995041358665449,-0.275213973589294,0.426230930765773,0.37059168150055,0.0829618620093582,0.334828110598908,2.98610626530078,22.3439771466564,81.7024002638278,13.3155080468742,-37.4044388402129
-0.995538134182256,-0.289620481223755,0.424243840182045,0.359165932625736,0.0705424215862153,0.368608988183119,3.20617697964692,23.7443877390046,82.3198862297639,9.99209557683635,-37.2131816558926
-0.980634868713059,-0.281175287096933,0.439643792198881,0.358172389244644,0.0958780800445295,0.403880198604534,3.38402193609599,25.1606951430713,82.829572954969,6.8380827064426,-36.9826794907839
-0.723801926682427,-0.122206927000815,0.496275873794965,0.436662316273519,0.104820077143251,0.501745388118815,3.55789270340368,26.6495317834494,83.1708544165079,3.7849147453223,-36.9022024418354
-0.740692294234763,-0.136613434638604,0.500250054963711,0.455539640516139,0.111278186161101,0.530061711973478,3.65029259677143,28.102103788773,83.4068204922898,0.942378566173108,-36.6101005608355
-0.761060090418741,-0.136613434638604,0.50571455406759,0.455539640516139,0.120220183265008,0.582223361176132,3.83956334568998,29.7017213737252,83.3124340619193,-1.93095759544177,-36.3035922947458
-0.783911764152319,-0.130155345010448,0.495282328510571,0.450571923610554,0.154001061202489,0.621965570066006,4.0482082656583,31.3415777734068,83.0397069548037,-4.68010049907323,-35.9126328048777
-0.775466580361039,-0.122703703123669,0.519624188137863,0.454049325443563,0.15549139405251,0.655746447643797,4.28814992355987,33.0400536852934,82.5782069862117,-7.28021147514763,-35.5013056676495
-0.777453682426981,-0.142077972021971,0.532043504276804,0.440139718094199,0.136613844619596,0.689030547603473,4.51765933462562,34.7827426111713,81.8871989574976,-9.75662596000728,-35.0373207090439
-0.789376294836238,-0.148039285527576,0.531546731630953,0.417784992025407,0.143568731252103,0.71834042665697,4.78790418233165,36.5691477786851,80.9925149438145,-12.1416342026275,-34.5594261376253
-0.730756783784352,-0.109290747693129,0.546449911009789,0.427720425845401,0.147046174566466,0.781927960895539,5.06013612397283,38.4300692735429,79.9011097313328,-14.3870491966409,-34.1123314252706
-0.710388987603132,-0.0854454936822246,0.563340180963987,0.446100978379971,0.166420501623292,0.818192726483431,5.32938742324341,40.2890036466063,78.6542152846131,-16.4302775142689,-33.6408948896709
-0.783911764001735,-0.108297195444114,0.561353090381962,0.437655859638706,0.16890438970576,0.862405933838411,5.6229806296796,42.1906607076014,77.2334510886145,-18.3647125097711,-33.0735813776834
-0.839550621631868,-0.138600539005046,0.538501548708247,0.41132696009982,0.173872165870036,0.905625585930876,5.94886412051606,44.1504404962889,75.5995722517991,-20.2032702876863,-32.4908679361726
-0.85544743816186,-0.136116658377215,0.562346635701001,0.407849558266983,0.189272271981338,0.961264678317968,6.29908951855204,46.1310848450055,73.7858624108673,-21.9002477028281,-31.9265350573091
-0.830111886813508,-0.117239165615016,0.567314362157531,0.438649403051982,0.213117597572745,1.01441988262457,6.6493149149217,48.0968259027284,71.8350438330004,-23.460612495064,-31.3915117208
-0.919034704361599,-0.186291047115127,0.554895046009785,0.420765622181728,0.222556372280651,1.05664597949652,7.00947578306875,50.0819411906803,69.773445369672,-24.8600227631801,-30.7829661448366
-0.90462821437112,-0.162942569218419,0.526579005215508,0.411823731752778,0.243917809785748,1.11725284797041,7.43024303062075,52.1321340590472,67.489293602094,-26.239562112584,-30.2499298980685
-0.907608867470321,-0.156484479583889,0.511179053201857,0.431694599391785,0.257827583053787,1.18829204623434,7.82319095499564,54.1212235101805,65.1430454697554,-27.4203921650319,-29.7064614425506
-0.918041153332963,-0.154994151207346,0.494288783234186,0.420268850502597,0.269253468230656,1.24591824901274,8.25836463518274,56.1381323746707,62.6785658795921,-28.4934224265325,-29.149580146611
-0.968215480580987,-0.174865196242722,0.488327511484237,0.42324948064764,0.274718022009181,1.30503478459604,8.72831246650547,58.1113249682754,60.096351594493,-29.5023689430062,-28.5753118355007
-0.99603490951547,-0.179336181367936,0.478392058572057,0.405862471493746,0.296079459512215,1.37309331712385,9.22906025977233,60.0884917461056,57.4118025053976,-30.3960640648047,-28.0089918748286
-0.973183235747417,-0.178839405242443,0.458521152738893,0.400894754585465,0.297569792361552,1.4654939524515,9.74371771348846,62.0353551977527,54.6129961151186,-31.2127593318587,-27.4600589318908
-1.05515119586843,-0.214110510091734,0.447095381890392,0.382514202056788,0.312969898463181,1.51964271185765,10.288181581567,63.9399927066163,51.7486159469013,-31.9211580275082,-26.8356166612561
-1.04918988966853,-0.223052480353146,0.429211566648996,0.368107823028636,0.32687967171509,1.60310135019169,10.8927550543144,65.8163139940524,48.8102169017309,-32.5818664896595,-26.2538967753066
-1.02236401179752,-0.19821367411004,0.418282568442692,0.371585224856242,0.333834558340708,1.70494075997657,11.4933543354666,67.6360028501714,45.8608888546861,-33.100001023351,-25.645847979296
-0.962750949720081,-0.122703702983535,0.42573415813244,0.392946407560534,0.34377011066014,1.79634784000464,12.1292245405514,69.3940915234024,42.8569159858823,-33.5470969781302,-25.0954247244937
-1.01242850144551,-0.149529613760448,0.411824524040595,0.382017430364202,0.346253998740688,1.88229036634354,12.783972139121,71.0513347430709,39.877284838512,-33.8774512129494,-24.4689953711135
-1.00895107282981,-0.122703702989731,0.413314841978017,0.3845012888177,0.370099324321149,1.98412977606826,13.5077712647387,72.6613842747564,36.8216477184382,-34.2112828612522,-23.8967141545628
-1.02484788939056,-0.132639225501786,0.421263204317858,0.389965777417685,0.376557433331353,2.09640151555901,14.2315703880048,74.1517108899653,33.7809136825555,-34.4482437191359,-23.3070459229824
-0.951821888378903,-0.0938906876982638,0.421263204317858,0.400397982921859,0.384009097572457,2.2280475816608,15.021937168061,75.5690114912165,30.7367022037418,-34.5987660254719,-22.7819580376467
-0.976660664238733,-0.11425850883493,0.397914889951128,0.387978690659888,0.392951094660162,2.34528709708683,15.8078329827019,76.8422471787871,27.7461419312814,-34.6807336180377,-22.1937801231377
-0.999512338006787,-0.11425850883493,0.396921344658853,0.388972234041642,0.427725527780694,2.44861683938943,16.7064963976708,78.0434504074037,24.7545880755317,-34.7343851332075,-21.6463375043217
-1.06409315525609,-0.149529613736798,0.366618213240448,0.362146562753467,0.441635301023866,2.55144980415746,17.6200630159383,79.117975869824,21.7983049041644,-34.7622044373832,-21.0884626767411
-1.02683499153807,-0.112768180461497,0.372579484989694,0.384501288827222,0.462996738499551,2.68905720124101,18.6096359867074,80.1130172432555,18.8425184628082,-34.7880366484183,-20.6279551392666
-1.11178360489241,-0.152510270462982,0.342773126209127,0.341282151784343,0.486842064055244,2.80977415958648,19.5932476702443,80.9277290987116,15.9826087529507,-34.6966303633639,-20.1247252203528
-1.08297062493793,-0.160955464590159,0.314457085370516,0.328366087826317,0.500751837294386,2.95582677585169,20.6717431005904,81.6401051939513,13.1371053584791,-34.6399982084872,-19.6875659626649
-1.04720278768593,-0.139097315065935,0.315450630663172,0.347740183761206,0.515158388155648,3.13168604842343,21.7561998077772,82.1845711617079,10.3795303670549,-34.4879855824002,-19.2677937217089
-1.0685641349041,-0.149529613695377,0.299553905990535,0.341778923472298,0.539997268939228,3.29910010150209,22.8818887138833,82.5959012896525,7.70491606961624,-34.3016955993364,-18.8316280090049
-1.02484788938572,-0.123697255172716,0.27868945484044,0.377049713491077,0.573281369190432,3.46999159775314,24.0860678373527,82.8711149257499,5.09388841240437,-34.085599219382,-18.4481201163514
-1.05316409383497,-0.132142449303972,0.264283048102671,0.349230498801271,0.607559024664737,3.63641209535761,25.2892534047192,82.9769281106596,2.6140082315321,-33.8396964423463,-18.0129479485398
-0.994544582844335,-0.112768180417468,0.266270138688335,0.380030343596905,0.640346347286393,3.83611669232521,26.565961451859,82.9635151717287,0.162443961445416,-33.5923033459036,-17.6572592819598
-0.979641317341124,-0.105316538536322,0.243915369596636,0.390959320792967,0.675120780348132,4.02836962511547,27.8511146397116,82.7508952506687,-2.15846959392129,-33.2718845770894,-17.2742481625217
-0.942383153523621,-0.088426150266894,0.228018644896288,0.398907667845041,0.698469328270882,4.24794532616183,29.2038290218378,82.4011652868127,-4.36959680988818,-32.9355690633749,-16.9294884782281
-0.995041358260889,-0.124690807416473,0.179831698196054,0.351714357215786,0.732250206094128,4.43572726023624,30.563498222963,81.8706090339562,-6.49527945872902,-32.562492326778,-16.5136904154954
-0.988583276534021,-0.109290747532976,0.183309106723176,0.361649791026956,0.771992415292189,4.64785129665474,32.0215285766825,81.2421880020371,-8.53353044937339,-32.2544928913727,-16.1674404161595
-1.02683499130821,-0.106310090781863,0.184302652016566,0.371088453150944,0.814218512567678,4.88630454575591,33.4795589179372,80.4220116168113,-10.4351694626229,-31.8526033061024,-15.7928744200603
-1.04372535889322,-0.110284299784765,0.16145111027062,0.348236955379615,0.865386606924393,5.13668045698535,34.9907440172399,79.4453509378079,-12.2389446239952,-31.4820104386498,-15.4381792995755
-1.00994462376568,-0.097368120529944,0.136612477939537,0.360656247646182,0.915561146015742,5.39252092156095,36.5148452161469,78.3305866583885,-13.9125658231851,-31.0970111463317,-15.1306775075845
-1.06608025722899,-0.136613434450498,0.111773845584235,0.319424197336436,0.964742129870434,5.65084527400896,38.0533528354774,77.0662929377862,-15.4540459702324,-30.6682958069891,-14.7749888439631
-1.03726727726336,-0.129161792569822,0.0849481226603246,0.347740183716782,0.996535897215831,5.92258262130572,39.6241507212505,75.6842634080778,-16.9205137206168,-30.2589546258798,-14.4967965933278
-1.03925437932865,-0.118729493945199,0.0760062150229843,0.335320891466145,1.04273621536674,6.20822974089668,41.2048840648654,74.1253817775857,-18.2146019713073,-29.7929812926649,-14.1977399238701
-1.02137046073621,-0.104819762440006,0.0720320338480148,0.350224042178489,1.08893653348642,6.51474151939349,42.7995270540544,72.4631708212671,-19.4336778201519,-29.3513498515053,-13.9389217767269
-0.992060705237775,-0.0993552250613027,0.0794836235531742,0.370591681485108,1.15004018005246,6.83118884966123,44.4125506486925,70.6464626574614,-20.5305480278804,-28.8679894563489,-13.6796068578635
-0.964241276306521,-0.067064776911705,0.0769997603174605,0.411823731830455,1.19872438622957,7.16452661784469,46.0211032690227,68.7110251208912,-21.4893159239877,-28.387112928244,-13.4491047080706
-0.838060295199743,-0.0233484779421931,0.0779933056107918,0.469449247838595,1.26380225362563,7.51723871165262,47.6346236090746,66.6379807381831,-22.3571747440358,-27.8774235513495,-13.2558604487695
-0.818189274530717,-0.0283162391942561,0.0596127176735709,0.474416964744181,1.31596390308159,7.84411837005007,49.2168472063032,64.4417359931728,-23.0655700965741,-27.3245149027009,-13.0392679116877
-0.792853723157367,-0.0188774928134535,0.0471934014942684,0.504720037870119,1.38004821525178,8.18639813329071,50.8268901046536,62.1833942800099,-23.738694716483,-26.8178061684404,-12.8569526340288
-0.810737641748766,-0.0263291346903745,0.0516643553165713,0.51316515660701,1.44910030350419,8.54060055831541,52.4468684589033,59.8137748150676,-24.3199167151331,-26.3001684229923,-12.6388697815242
-0.754602008285453,0.0248388062311256,0.0556385364958859,0.533036024236703,1.50871361710987,8.92609997133301,54.0752919488861,57.3631809024246,-24.8464939115291,-25.8366789654247,-12.4729479759505
-0.763543967581672,0.0427227467351729,0.0501740373765084,0.522603818732787,1.58074637107006,9.32451560102754,55.6664574145641,54.8256512346179,-25.2762007761328,-25.3180476762584,-12.2722521393235
-0.796331151681124,0.031793671985453,0.0233483144359524,0.517139330140081,1.66023078915149,9.70604079189876,57.2611002813973,52.2473859358155,-25.6388435639321,-24.8456163025249,-12.0223758875069
-0.818686049923615,0.0437162989833951,0.0173870426717368,0.518132873520511,1.72530865643446,10.1119080840551,58.83090446205,49.6219269230881,-25.9279642529515,-24.3687139707899,-11.818202647979
-0.820673151990249,0.0844519412212339,0.00993545296657747,0.527074763941301,1.80479307446026,10.5366529241493,60.352024829667,46.9631839112594,-26.1639304513615,-23.8903213208889,-11.6145261804452
-0.826137682670795,0.0849487173462681,-0.0109289982279074,0.537010197746834,1.87483871783959,10.9777914238549,61.8433387787229,44.2483052192447,-26.301039231985,-23.4009996600612,-11.4143271161928
-0.934434745157804,0.0541485976261539,-0.0203676785169259,0.493294289066097,1.9468714715877,11.3985620415642,63.2998785724642,41.536903921722,-26.365619454794,-22.9186328261319,-11.1649476365652
-0.915557275536471,0.0804777322502029,-0.0268257229320717,0.516642558505934,2.03331077610942,11.8630490863867,64.7509538485347,38.8264961355001,-26.443115722099,-22.5177368082598,-10.9672324318295
-0.890221724188119,0.103826210123379,-0.0223547691064659,0.534029567655968,2.14210507305781,12.3474072334626,66.1096292509559,36.0693914043904,-26.4202642586144,-22.0492796281175,-10.7720010864725
-0.875815234210739,0.139097314986738,-0.0327869946936889,0.554893978637811,2.23202182072279,12.8531268156934,67.4414788759215,33.291918832901,-26.329355175654,-21.5783385825276,-10.5554085508898
-0.9021443366163,0.121213374483066,-0.0342773126358219,0.567313270896412,2.33733867433764,13.3494076229595,68.6948382873878,30.5263688374745,-26.204168897512,-21.0850427417919,-10.3318612092534
-0.918537928667454,0.130155344730021,-0.0193741332235215,0.584700280066604,2.47146862931611,13.8705273080503,69.9288235263586,27.7737349710227,-26.0471892788464,-20.6309919891291,-10.1212299363662
-0.891712050764788,0.144561852353593,0.00397418119011781,0.620964613426838,2.57877259323935,14.4144987609806,71.0917701551066,25.0086816732746,-25.8484809011511,-20.1794251037916,-9.96673388491264
-0.856937764618209,0.168407106331457,0.0139096341293029,0.647790284679945,2.71389610327694,14.9684057641608,72.1931168709814,22.2520735236188,-25.597611574527,-19.7338194987276,-9.79137341489876
-0.858428091168285,0.144561852347086,0.0149031794235149,0.662196663682867,2.82517428799766,15.5496355330199,73.2418055964979,19.4924846812378,-25.3010393213983,-19.3001364530001,-9.60011624520812
-0.899163683550821,0.131645673092807,0.0243418597289895,0.664680522133485,2.96923979490838,16.1711042838966,74.2398234267057,16.7711475261041,-25.0124154038666,-18.8763888729441,-9.40289781326645
-0.838557070543117,0.158968359943303,0.0193741332589566,0.720815723035765,3.12969896269694,16.8338055722294,75.1752477985127,14.0835910845839,-24.7213076319393,-18.4630735319674,-9.24840176200752
-0.825144131610074,0.171387763057686,0.0253354050268717,0.745654307516518,3.27624835746527,17.5044553000651,75.9795239819817,11.4089507717728,-24.3467423427621,-18.020945343913,-9.0844670453307
-0.83756351952281,0.159465136061496,0.0432192203174048,0.791357302925042,3.41832675352824,18.1760985810064,76.7311421791561,8.78845897438861,-23.9597577803463,-17.6225332021791,-8.91010011945016
-0.85197000950019,0.131645673075057,0.0397418117868918,0.805266910234265,3.57083747933347,18.8730775160965,77.3754573128623,6.24148994665859,-23.5767473862075,-17.2226307414594,-8.76057178715334
-0.818686049859932,0.145058628454079,0.0427224476710255,0.856931165947863,3.73328375720271,19.6321536457146,77.9527080325523,3.75562429937461,-23.1952273053005,-16.8798572042935,-8.62992078590133
-0.815705396758943,0.138103762706739,0.0437159929647093,0.911079280124587,3.88032992906476,20.4091137651142,78.3749654429008,1.32042974460146,-22.7635333603566,-16.5062837268787,-8.49827624096757
-0.830111886740225,0.126677911833591,0.0298063588498503,0.918530855464495,4.0586730900901,21.2104159831799,78.7092939564649,-1.02186778098518,-22.3447554608609,-16.1391683023734,-8.36414783670184
-0.869357152537638,0.0774970754779196,0.00745158972842667,0.934427549523553,4.21962903471406,22.0410280750148,78.9517193864666,-3.28021023582873,-21.9244872494831,-15.7954012208536,-8.20220020792292
-0.866873274954226,0.100348777213421,0.0243418597210486,0.9900659786795,4.40293997162704,22.9118791466062,79.0684611405782,-5.43422981294396,-21.5131609157737,-15.4695179766876,-8.09738134392239
-0.792356947474204,0.131645673086634,0.0506708100188364,1.06160110192586,4.5852573530673,23.8011109841952,79.0520676176587,-7.49783622992443,-21.0695444723707,-15.1332024950857,-8.02485265133657
-0.843028050142975,0.0839551651088807,0.0506708100188364,1.07203330738604,4.74621329721055,24.6992848148554,78.8538550222762,-9.50878443862609,-20.6020830249863,-14.7804934974635,-7.89022747537338
-0.876312009730436,0.0511679408727992,0.0740191244228169,1.10531701054224,4.95635022416253,25.6337234042142,78.6223586073015,-11.3662289619794,-20.196221174503,-14.4968359801251,-7.75510552763822
-0.90413143867676,0.0501743886228456,0.0789868508890335,1.11078149911676,5.15804193157794,26.5860459824525,78.2532559537149,-13.1302796614552,-19.7809206768561,-14.1977784928338,-7.63588027965453
-0.884260418020419,0.0471937318723588,0.107799664405859,1.15499417942872,5.37215307893249,27.5696655426376,77.7649276778225,-14.8068978435056,-19.3536976778095,-13.9041855116392,-7.53255173144997
-0.898170132491697,0.0521614931219185,0.132638296753088,1.17834244879429,5.59868366611893,28.5820981963289,77.1111738493871,-16.4015480396365,-18.8867330053857,-13.5609152075851,-7.42822963953261
-0.87382813217991,0.0516647169970304,0.137606023220626,1.2255357591966,5.84309824676008,29.5900598481459,76.3739620821475,-17.8854172528677,-18.4386456293782,-13.2693093202081,-7.32837849444783
-0.858428091165734,0.0601099111211934,0.141083431750419,1.28862576363071,6.06664816787378,30.6322991468149,75.5195117831792,-19.278873287676,-17.9850937742413,-12.9856518050341,-7.232004752429
-0.737214865351911,0.138600538791744,0.208644511671007,1.37456726567033,6.29963686326916,31.7103064240026,74.5378874819317,-20.5729741773521,-17.5424708803385,-12.6945426918514,-7.20865647471975
-0.749137477754479,0.106806866805908,0.21609610136824,1.38996718799885,6.56292899202988,32.7863265862643,73.4171666128192,-21.8213717055195,-17.0655707938938,-12.3810787840382,-7.10185052356068
-0.80378278455202,0.0924003591868726,0.226528326946524,1.40586388201911,6.83317600678826,33.8439659747434,72.2482587148084,-22.943091416788,-16.6472896771148,-12.1197760654656,-6.9731866103566
-0.781427886303475,0.118232717686753,0.253850822513541,1.43914758511787,7.11633923880974,34.9338958988778,71.0142734879489,-23.9485656011126,-16.2329827286424,-11.9006990717258,-6.89419988373182
-0.761060090132892,0.160955464409648,0.26974754719557,1.49031506896721,7.39354113917762,36.0422065869065,69.6302626733655,-24.9033686604448,-15.798308173314,-11.6359189412388,-6.8345872598905
-0.777453682204662,0.143071523903348,0.264779820729354,1.5141601100023,7.6940915862288,37.1495237157045,68.1399423300515,-25.7921005451189,-15.3586659094911,-11.3795839559659,-6.72082650280341
-0.801795682510798,0.154497374778175,0.279683000115234,1.56383727877642,7.9931517001649,38.2712473872501,66.5696414511399,-26.5571352612585,-14.9642297998735,-11.1739198399244,-6.64034946065493
-0.787389192522828,0.165426449523535,0.297070042736461,1.62593373972343,8.29668281199719,39.3750870622136,64.9511535325493,-27.231756786588,-14.5593615022895,-10.97769441571,-6.56881431208436
-0.797821478367912,0.172381315271021,0.316940948591933,1.67014641989481,8.62207213743013,40.5181721569591,63.2502012052651,-27.862662044797,-14.1679060201566,-10.7516625981493,-6.50125333845096
-0.803286009049304,0.185794270638496,0.347740852681566,1.7262816205245,8.97478423027071,41.6364183705552,61.4797005791503,-28.3952056973795,-13.7675086626104,-10.5330823792529,-6.41829243702046
-0.961260623132832,0.103329433965044,0.321908675096925,1.72181067534072,9.35581264544031,42.706477159326,59.6336903684203,-28.8731040138134,-13.3820144330227,-10.3279150377182,-6.26081575584045
-0.962254174166629,0.120219822212837,0.325882856267432,1.78539745128229,9.71895706658887,43.7983941539757,57.7683059728702,-29.2109115565291,-13.0576230265475,-10.1952765870338,-6.19424832597416
-0.967718704852778,0.123697255087201,0.349727943279206,1.84650036880596,10.0955144820005,44.8898143667952,55.793631394984,-29.5377900323337,-12.6751094238396,-9.99557375136092,-6.14705499885105
-1.01988013412966,0.09289713533411,0.356185987679468,1.91555163326842,10.4929365554938,45.958382808958,53.7702729958904,-29.806048964093,-12.30004738555,-9.79636768899889,-6.0824746564549
-1.0700544613107,0.0606066872367137,0.357676305617637,1.97417069227601,10.9151975076996,47.0155253632077,51.7136307504253,-30.0012818536709,-11.9498238935451,-9.61603900941793,-6.01044273611008
-1.0675705837234,0.0809745083678202,0.387482664392921,2.06855731276312,11.323051909033,48.0468354833493,49.6629497650263,-30.1155402879455,-11.6169873838453,-9.43372323715821,-5.98858477409035
-1.062602828557,0.0988584488564737,0.402385843765593,2.15052464097283,11.7482935253975,49.0349259552317,47.5432172411188,-30.2183728787832,-11.2637832670847,-9.23451717523743,-5.94884302494677
-1.10780940061534,0.0755099709852585,0.412321296683937,2.21957590532132,12.1973804650219,50.0021517677057,45.3832460384875,-30.261095597696,-10.9234951950697,-9.03978207274619,-5.85544991452425
-1.1157578088811,0.0531550453610659,0.43865024690627,2.29111102808993,12.6439835155774,50.9182094927036,43.223771585314,-30.2044631563315,-10.6115230650336,-8.87733722973313,-5.79931469387998
-1.13910625816924,0.0556389259838383,0.452063108347024,2.35420103215096,13.1030060048748,51.8119122269814,41.0414455272518,-30.1324306651288,-10.3174346884021,-8.72582139768622,-5.73870852648721
-1.1450675643801,0.0566324782346264,0.471437241539225,2.45256182596507,13.5570607173248,52.6797825284581,38.8437194630655,-30.0052560599862,-10.0064561013734,-8.57231847293192,-5.68754102454674
-1.12569331922798,0.0899164785699948,0.505714554095866,2.55440002139132,14.0424124166437,53.4979750760015,36.6643739960864,-29.8552297682079,-9.70889032883437,-8.40490589794877,-5.6527669940679
-1.09191258409587,0.0968713443171882,0.527075777848535,2.65822530358829,14.5391899990757,54.2868577482527,34.4780736727113,-29.6604936542787,-9.42424060063972,-8.2364997769935,-5.57079963657817
-1.03080919552502,0.124690807321732,0.557875681877203,2.73572168644447,15.0414321335634,55.0255658907321,32.3126378141783,-29.441415526389,-9.13959087294446,-8.08349362580314,-5.4997612600745
-0.980138092827822,0.130155344695158,0.592649767063671,2.83159862157274,15.5247967188947,55.7011832885749,30.1616083628991,-29.1870663169568,-8.88524417052191,-7.94241003197626,-5.42425193683127
-0.905124989804421,0.132142449194815,0.618481944626183,2.91952720973439,16.0578390608118,56.3748135746841,28.0016369643907,-28.9019170083667,-8.61748465403457,-7.81871350085955,-5.3805360128311
-0.845015152367233,0.132639225319307,0.640836713660429,3.0198750898771,16.5948556223064,57.0017467743804,25.8461365006548,-28.5695739994258,-8.3492283669726,-7.68706859826546,-5.3099944082079
-0.759072987972858,0.147542509069551,0.663191482705241,3.12866808862292,17.1214398533048,57.5665827857988,23.7234230661633,-28.2233212687043,-8.1137589599289,-7.56784302631603,-5.28316872759882
-0.702440579132954,0.171387763067938,0.687036569663484,3.26180289976704,17.6793210698267,58.1130380283666,21.6320063443757,-27.8820362967216,-7.866367051336,-7.44364972221527,-5.23945280361709
-0.634879108910538,0.177349076561528,0.713862292512899,3.38698936393403,18.2347183972222,58.6167704055846,19.5410863722299,-27.5174028627268,-7.61400743427716,-7.32790156282575,-5.20020782642465
-0.507207801197223,0.240439644401139,0.744662196516095,3.5320466953506,18.8159481568977,59.0936767973845,17.4814631104179,-27.1239564335092,-7.41430553268257,-7.21265017678604,-5.20517554505651
-0.461007678201164,0.228517017420716,0.769004056115347,3.63587197698787,19.4056231335675,59.519911884156,15.4243236955786,-26.7533616913944,-7.15648143616259,-7.06908271753811,-5.13662102792388
-0.390962330495252,0.264284898373998,0.792849143063025,3.78092930815817,20.0012594392714,59.8929917788518,13.4213325790364,-26.3385539044096,-6.92995390665509,-6.98959900316133,-5.12420173135058
-0.363639677116299,0.286143047854624,0.813713594147174,3.9155544340791,20.5909344125695,60.2243423640912,11.4327478766141,-25.9018879836357,-6.72975523496364,-6.87782502987106,-5.08893092908195
-0.309491145913114,0.309988301832988,0.836068363157652,4.05514727663823,21.2099192608585,60.5025377577781,9.48688568320067,-25.4458478081393,-6.50918895655909,-6.79188326373207,-5.07005359829555
-0.299058860079531,0.35469815303116,0.839545771672653,4.21908193151021,21.8368525476957,60.7221134075013,7.57182343317571,-25.0096786650253,-6.28216465687303,-6.68408347623915,-5.03031184924993
-0.269252329171102,0.387982153348364,0.872332766202474,4.3959326497558,22.4945860417232,60.906914632873,5.70296110724165,-24.5784772809987,-6.09537879984471,-6.57230950306793,-5.04124083023896
-0.293594329461701,0.398911228092577,0.902139124882672,4.54049320882622,23.1637454179684,61.0370703346238,3.84751164860814,-24.163669498628,-5.88872210732402,-6.43619364269048,-5.00746034357408
-0.333336370739795,0.422756482066937,0.927971302382625,4.68157636594648,23.8254531282885,61.0847609733965,2.05614597237881,-23.6967002602233,-5.70938781403941,-6.34081318570244,-4.96523473523235
-0.369104207894229,0.443621079282678,0.942377709080394,4.84153684680847,24.50852227186,61.0887351932939,0.318928603322223,-23.2342020046374,-5.55737592025039,-6.23947145017422,-4.95529929797513
-0.428717269782551,0.438653318041565,0.977648566821235,5.00199409918254,25.2099721825071,61.017199235116,-1.3601662678474,-22.7920715573605,-5.36015787509629,-6.12422006484638,-4.90959628658759
-0.513169107580176,0.421762929809018,0.994042064082514,5.15251591802486,25.9198673092584,60.8622046589664,-2.99107411134274,-22.3241087700827,-5.19373962572284,-6.02287832957167,-4.88376414973043
-0.635872660070214,0.398414451970641,0.99950656316993,5.29310230306254,26.6516206457428,60.6495838941105,-4.54498205340994,-21.849687899147,-5.06308888069558,-5.93743333699421,-4.84700303189824
-0.740692294100354,0.419775825307203,1.03477742089619,5.46697239056287,27.4052321923002,60.3718852779996,-6.07951583772365,-21.4025896972236,-4.92200594700094,-5.85844639627276,-4.84402240072217
-0.875815234563506,0.421762929804316,1.04620319171229,5.63984893445969,28.1797083932209,60.0365604727181,-7.56586259048527,-20.9515172904726,-4.79532936927883,-5.75462079493325,-4.81968057945937
-0.983615521714885,0.41232418344729,1.09389336555977,5.8012997296248,28.9631265865968,59.6147963836127,-8.97173202277265,-20.4924964719316,-4.66318831199541,-5.67563385426224,-4.7923581270156
-1.15599662594706,0.406362869961082,1.11823522509361,5.9324474522685,29.7515125525994,59.0956639055706,-10.294143492128,-20.0478821519416,-4.5216086076882,-5.59416304757248,-4.72231329436986
-1.20468062659747,0.45405337787677,1.157480263942,6.12122068936084,30.5453630692363,58.5303311196596,-11.5142195980722,-19.5655128739624,-4.4118222406481,-5.54995023182398,-4.71088754153439
-1.30204862798874,0.474421198960846,1.1659253988853,6.29211014596277,31.3943558892061,57.8740880508906,-12.7367795799772,-19.1561696361764,-4.27471347455904,-5.46003428063041,-4.66965547696546
-1.37954560866092,0.485847049809291,1.20517043775802,6.46399314572712,32.2488132593064,57.1423348014013,-13.8560106466913,-18.7180134044875,-4.16144971130434,-5.3880021650257,-4.63388790286187
-1.45455871173367,0.510685856004431,1.24292515863812,6.65972118559933,33.1310901674612,56.3519618051117,-14.9315256384113,-18.276379743322,-4.04321823931543,-5.32838937979041,-4.61252671277644
-1.48734589589465,0.554898931058226,1.28912501447033,6.8768104075014,34.0178380702498,55.5134013889124,-15.928053622292,-17.8466687015155,-3.92846416368153,-5.27771851235928,-4.58570103221334
-1.52062985557806,0.596628125476571,1.33433132503452,7.09837057416433,34.9170054074142,54.5804532446278,-16.8952719642568,-17.4333512613578,-3.80874237905733,-5.18929288091752,-4.55589472048466
-1.50324271246289,0.642331528829595,1.37953763553331,7.32440168568092,35.8330631771418,53.5943499043198,-17.7452517239932,-17.0250015795051,-3.665175591909,-5.12520913680408,-4.52261100570174
-1.5186427535167,0.683067170983641,1.44660194234099,7.55589728525287,36.7491209430941,52.5312460467752,-18.5554895941735,-16.6390068082608,-3.51117661614146,-5.01989321641774,-4.50224335935146
-1.55888157049568,0.696976902455838,1.48435666320771,7.78540579800937,37.6443140491055,51.3985933332627,-19.2981662465069,-16.2500313830858,-3.41182243830273,-4.93842241003783,-4.45008231383372
-1.63488822489085,0.681576842609519,1.50273725099564,8.00895305055719,38.5693138027261,50.2103015333387,-19.9852042494269,-15.8401913767062,-3.3075005515541,-4.87831285167136,-4.37208913154222
-1.73126267543031,0.676112305249053,1.55390483315418,8.22703581437515,39.5236234267654,48.9609060944414,-20.5927584648353,-15.4353191291899,-3.22801720927334,-4.87036448031194,-4.30154752715892
-1.74070141027869,0.684557499351945,1.61153045971302,8.47095070487545,40.4386876216074,47.6677942274311,-21.1248030825647,-15.0304468820769,-3.13909522017003,-4.84155163416468,-4.26230255008231
-1.74815304304796,0.694493021824371,1.67660767586985,8.74268480846342,41.3780939112505,46.3230174923284,-21.6225703169539,-14.6543876300847,-3.03626364618665,-4.81075169516331,-4.22504466042831
-1.79236606416702,0.707409201035545,1.72678171269786,8.98858678481035,42.2941516530112,44.9399888814482,-22.0552602000691,-14.2823025849702,-2.9403868647881,-4.75908728144657,-4.16394172141567
-1.81968871766651,0.72976412659311,1.78887829291771,9.25734025767262,43.1958028437391,43.4958566277243,-22.4308211095767,-13.9127014192377,-2.85941321007962,-4.7074228677367,-4.14605793438455
-1.86539206536182,0.737215768445788,1.84898778260069,9.50771317851964,44.1054024702199,42.0298661539923,-22.7552143298786,-13.5619777330984,-2.75161392743619,-4.66321005217275,-4.10383232614387
-1.92699222959434,0.718835051890504,1.8946908656189,9.78391822565404,45.0070536527761,40.4903525970433,-23.0284398602249,-13.212247598945,-2.6954788171679,-4.62744238113523,-4.04670356203491
-1.94090194410249,0.715357619026432,1.96870998911865,10.0621103589817,45.9136726066251,38.9359357046598,-23.2470202851539,-12.863014241259,-2.63189214364517,-4.61701014377078,-4.002490866338
-1.92003737232774,0.742680305823025,2.06260001827532,10.3581862720336,46.8441368770542,37.3681058086183,-23.4472200836319,-12.5202389689845,-2.56482807388035,-4.58819729769705,-3.99205865724339
-1.83806941171502,0.812725739236734,2.15499972955385,10.6885394296206,47.7393299406753,35.7694756948232,-23.597245739239,-12.1938572975127,-2.50074462943054,-4.54299093574717,-4.03726489664048
-1.82415969718182,0.836570993164053,2.22405112658922,11.0089571535281,48.6240906729669,34.1360711430009,-23.7373359210074,-11.9121854445225,-2.39691951404749,-4.45357175818665,-4.0332907217497
-1.8216758195898,0.866874336684926,2.30949602077886,11.3547102315755,49.497922296692,32.4688857064047,-23.8198003542948,-11.6101457860465,-2.31892648482106,-4.38849446791407,-4.04670356201165
-1.85794043243113,0.880287292016088,2.36811519236889,11.6358829930662,50.3349923822805,30.781332379478,-23.881400292442,-11.3095964552691,-2.21609491136119,-4.29857851724883,-3.99156188539341
-1.86489528969275,0.904629322048762,2.42822468183726,11.954810400376,51.1750431292013,29.0773853827673,-23.8635164394321,-11.0125245553284,-2.17188230247579,-4.28814627988105,-3.96374266116133
-1.88228243284393,0.908106754911375,2.50373412307604,12.2608217440723,52.0155906510834,27.3570447143792,-23.8466261338097,-10.7368140129974,-2.12369552651496,-4.26132052666494,-3.91605256245444
-1.84750814654662,0.943377859648898,2.60706283211222,12.6160134816447,52.8372606243221,25.6237878174826,-23.7745939480919,-10.4655744528062,-2.08494739741041,-4.23946250552589,-3.90909775639595
-1.8415468403241,0.965732785187233,2.70592058734683,12.9448763206369,53.640053050048,23.9108987876824,-23.6901424200871,-10.1908574627404,-2.02285103667584,-4.17935294740866,-3.90164617847527
-1.85297267724716,0.98759093461006,2.78540420953466,13.2762230173266,54.4085678261936,22.1840999743335,-23.576381244054,-9.92110823068804,-1.9850964493664,-4.16544329759845,-3.89022042566342
-1.84899847310151,1.01342329300693,2.87084910333871,13.6353889261954,55.149759837432,20.4339526024434,-23.4208910777971,-9.64241703561563,-1.92995488105986,-4.15352074061541,-3.87929144471035
-1.82664357479803,1.02882335280769,2.97119717630351,14.0044902673449,55.8884679587543,18.7001988780702,-23.2788138012637,-9.41290663985664,-1.85941341531134,-4.11477243045966,-3.85842702652013
-1.77845634950918,1.08893326364292,3.07502265764401,14.3840238128516,56.6192276375567,16.9664451412213,-23.0984849504656,-9.16998329909723,-1.80576215972437,-4.07503057390339,-3.84203355510022
-1.77299181880759,1.11128818916625,3.1669255956781,14.7342478298817,57.3251484399371,15.2470979407826,-22.911201268184,-8.93649869797328,-1.74565288262787,-4.0243597068251,-3.80378212177357
-1.7392110835565,1.14804962225716,3.28913166460813,15.1306716106818,58.0077206991048,13.5292410610307,-22.6946079382126,-8.69307858231481,-1.71684017131749,-3.99604363405321,-3.84004646764827
-1.67363671516471,1.19226269715047,3.41878932297901,15.5424953114809,58.6808541833138,11.7935001759968,-22.5142790880222,-8.46952949679212,-1.66467922837482,-3.94338567409516,-3.85942057023623
-1.60259781607842,1.25634681695579,3.5255954399428,15.9637576731996,59.3311359018711,10.0736561610257,-22.2917244742436,-8.24101265392675,-1.61500213987569,-3.88824384816068,-3.8633947451261
-1.58521067294744,1.28366950368819,3.61302742401689,16.368129797663,59.9391915328575,8.37616712592204,-22.0860601662646,-8.03584427122457,-1.55936380077855,-3.82465687771963,-3.86538183257125
-1.56484287669763,1.33086323531093,3.72480126717647,16.815224283245,60.5139630716481,6.67569741308164,-21.854066853139,-7.82918556160291,-1.51912535912441,-3.80528272266518,-3.8624012014034
-1.54099765182051,1.37010854899674,3.83458801970688,17.2498994768781,61.0773087271473,4.99162134933008,-21.6012090452312,-7.62501073104646,-1.47093858331875,-3.76305700009041,-3.8370658364855
-1.55788801944377,1.38252795206213,3.92847804786408,17.6726521498853,61.5929637439749,3.33387448600545,-21.342886727264,-7.44269403344913,-1.42871305814066,-3.71983773109063,-3.80129826248012
-1.55788801944377,1.40686998204937,4.04720670767947,18.1048434829814,62.0743411139787,1.66917272468707,-21.042338645986,-7.2360353244856,-1.41182284806839,-3.70841194734208,-3.77447258196733
-1.53056536596967,1.41134096714672,4.15401282418055,18.5618733975168,62.4941180766083,0.0486841601280639,-20.755203454781,-7.04875086961695,-1.40387451391947,-3.68754747268385,-3.77894352871749
-1.50373948799692,1.45356693752211,4.28218016395355,19.0497031530634,62.8870690550646,-1.52659765219397,-20.4650876218848,-6.86345351799819,-1.3820165950196,-3.66966363727723,-3.77745321313414
-1.45803614037504,1.48685093770384,4.40438623199759,19.5812488119763,63.2601489342714,-3.08051803740127,-20.1834169420821,-6.71243369270585,-1.36015867612188,-3.6418443377536,-3.76602746032042
-1.44909418106186,1.4952961317752,4.53503743463466,20.0864655722986,63.5403314262766,-4.61258021833204,-19.8779011256344,-6.54651059537117,-1.31644283833073,-3.57279286218424,-3.7451630421492
-1.44959095657927,1.49132192280007,4.66717895515113,20.606585480971,63.7877266050962,-6.09595820149238,-19.5659272520222,-6.39101978864224,-1.28713335617351,-3.55689611960269,-3.72827279887025
-1.44213932381245,1.50076066911848,4.80677206514781,21.1421053091592,63.9670632707532,-7.54754242516337,-19.2474953208724,-6.2186386068224,-1.26775929170241,-3.53354777894813,-3.69896325906526
-1.39693275170601,1.5027477736058,4.9423909938533,21.6920315130133,64.1364643868591,-8.97031355602785,-18.9573794902483,-6.0482445282208,-1.24590137281274,-3.49827688133641,-3.69101490928553
-1.31397124032694,1.56087057983116,5.10185500869924,22.3070347997634,64.2234004434916,-10.3553295950827,-18.6717346231098,-5.89722470362176,-1.21510157802804,-3.44512214834841,-3.71436318675825
-1.24889364748666,1.62346437118161,5.26032547831867,22.9180639121723,64.2646329732049,-11.6926549893908,-18.3860897565933,-5.77154044171693,-1.17188251117238,-3.36464488909768,-3.70343420581914
-1.25783560680571,1.61452240098513,5.40786694981177,23.5280994794464,64.2442650970866,-12.9947091799177,-18.1069029483938,-5.62548837471549,-1.12816667340379,-3.3124837025082,-3.67362789416134
-1.2285258512931,1.64234186379414,5.59018250525373,24.1654574845317,64.1657742573597,-14.2714277171495,-17.8187742144135,-5.46950079302117,-1.1048184418594,-3.29112245466793,-3.66866017555009
-1.22008066749267,1.63886443094254,5.76355615324224,24.796854228279,64.0217087920082,-15.5292687105955,-17.5490261068525,-5.34182942847757,-1.07650250150152,-3.26578702120448,-3.62693133924107
-1.19871932026251,1.67960007289238,5.95431684305408,25.4769345885992,63.8031267064403,-16.7319673916504,-17.229600632261,-5.1982612404118,-1.07103802178078,-3.24641286620354,-3.5986153431529
-1.20915160612818,1.70046466999695,6.12570340011273,26.1649632933061,63.5398346484537,-17.8839947592539,-16.9598525254577,-5.0775447363729,-1.04570270674053,-3.25336769106949,-3.57278320638597
-1.19673221819599,1.73325189402185,6.31696086218571,26.8927337259982,63.2089808544506,-19.0116800272106,-16.6786786248843,-4.91311196769829,-1.02781895493665,-3.23150967004191,-3.55837682241891
-1.22157099409379,1.73424544626567,6.52163118507569,27.6249751011084,62.8200040957422,-20.1209845273558,-16.4019756877179,-4.77153088293211,-1.01539968284955,-3.23051612363173,-3.51714475798723
-1.2007064223792,1.79137470020474,6.71934669090673,28.3914937147945,62.3460783892639,-21.1443464978223,-16.102917935692,-4.64087886451164,-1.01937384991865,-3.24094836094658,-3.50919640820923
-1.24094523924216,1.79038114796277,6.9011654723514,29.1272124851807,61.8040941676087,-22.132934036633,-15.8351569252124,-4.55940764384338,-1.00298041077818,-3.21958711315281,-3.47491914979694
-1.22802907579729,1.81124574504285,7.11527447439654,29.9593049464514,61.1885868784864,-23.0758180346933,-15.545041100197,-4.42776207396232,-1.00695457784151,-3.23896126812598,-3.49180939306786
-1.20368707543605,1.85446526762792,7.32789315832135,30.8246811028694,60.4911113041543,-23.9695210485753,-15.2738026750156,-4.33138758138384,-0.986090200757994,-3.20766455624209,-3.48982230562487
-1.26131303545874,1.86539434229395,7.52858929882114,31.6622380460253,59.7300482104136,-24.8304367399443,-14.9826933036312,-4.2220969198108,-0.953303322464571,-3.18580653522148,-3.43319031350427
-1.23498393303993,1.91705905889377,7.73474993809596,32.5802719866641,58.8775780577296,-25.6208100056826,-14.668732343738,-4.11479336116706,-0.958271031296419,-3.20915487586303,-3.44213220699506
-1.27720985200042,1.92898168579267,7.95382666514455,33.4511126198157,57.9684752688794,-26.3853508353461,-14.4258100192551,-4.00997368128985,-0.933432487129856,-3.18034203000129,-3.40537108929925
-1.25783560682469,1.97716896951159,8.18631625281088,34.3741142684868,56.9868429638376,-27.0818331267495,-14.1252619492027,-3.9131024131695,-0.94436144655509,-3.17636784436329,-3.37655832138841
-1.22653874926219,2.0328078950258,8.42128970325163,35.334870554657,55.9147971518145,-27.7400635397988,-13.8634622259262,-3.85646997957365,-0.92349706947055,-3.14656145209411,-3.37109383091964
-1.21759678993622,2.09788556690559,8.67017278672756,36.2941365230516,54.7886025883985,-28.3371903012404,-13.6135850708712,-3.78642460118334,-0.880278002666906,-3.10185186369034,-3.3412875193112
-1.25982270889997,2.11576950724082,8.9270042318039,37.2722798066751,53.5675235185874,-28.9154395123251,-13.3423466488967,-3.7014759509035,-0.849478207901879,-3.088935760349,-3.29161033323781
-1.23548070856793,2.16445356704841,9.19824208245635,38.3055647337139,52.3101796848147,-29.4181785181141,-13.0631598481335,-3.5847336536015,-0.829607372597912,-3.08794221394058,-3.27322977439227
-1.24491944339239,2.19078270143277,9.47196379573996,39.2653274594247,50.9862676591098,-29.894588308361,-12.8182504309844,-3.50127533052499,-0.803775286700216,-3.06608419294666,-3.21312037925775
-1.24392589235772,2.24741517918356,9.75462741579098,40.2439675008899,49.5997616599456,-30.3079073348056,-12.5350894420067,-3.40390728697122,-0.813710704356347,-3.09092285316768,-3.18877855808988
-1.18679670785192,2.3015637763182,10.052690986397,41.2926523327556,48.1392358035927,-30.6675743728992,-12.2896832520246,-3.32591349704976,-0.822652580249282,-3.07601965703191,-3.20765588878701
-1.20468062647308,2.31298962708949,10.3671480530312,42.3050728327199,46.660825947599,-31.0078670820657,-12.0576899513031,-3.24295194980847,-0.789368931099196,-3.02683910975708,-3.16642382437548
-1.19226123853631,2.35968658238578,10.6731599844788,43.327925532007,45.1143575625747,-31.2746366952556,-11.7943999100484,-3.15154521521984,-0.780923826089512,-3.05018745036576,-3.1430755469392
-1.16195793200872,2.42526103017584,11.0035137734269,44.370152317418,43.4943660938786,-31.5031544273994,-11.5609162888277,-3.07057077096342,-0.749627260478461,-3.02783265616773,-3.17139154298931
-1.1425836868701,2.48537094062928,11.3259192001197,45.3994630359551,41.860961620344,-31.6581490632413,-11.329916536143,-2.99009310245853,-0.724788716358261,-3.01839396529239,-3.16791413996415
-1.04571246103831,2.58323583617323,11.6751503470134,46.4749735072079,40.1570147259833,-31.7828402608012,-11.098916783547,-2.92600903309269,-0.71783392400768,-2.99057466589506,-3.23398479739558
-0.992060705190415,2.65030061231021,12.0377943537391,47.5032906730414,38.4232611661971,-31.8722602431913,-10.9210718131047,-2.869873375513,-0.679582566058344,-2.91556191205047,-3.24640409390761
-0.969705806946626,2.7273009107814,12.3795739102821,48.5330981478959,36.6323781767738,-31.9348542308454,-10.7159042914472,-2.81920225094894,-0.685543816647485,-2.90016194272673,-3.25484921553819
-0.920028255277904,2.83162389579051,12.7526501403236,49.5832732536717,34.8305660675176,-31.9363445638856,-10.5291173954038,-2.74915687293437,-0.664182668718539,-2.86985877730012,-3.2846555271628
-0.848989356399188,2.94737273147447,13.1595069067788,50.6145710345032,32.9880181839832,-31.9184605673956,-10.3428272734929,-2.70047285134382,-0.625931310769203,-2.8147169516541,-3.31793924182497
-0.835079641930063,3.04225697019203,13.5499701763439,51.6011593692212,31.142986396804,-31.8777247976059,-10.1485887732549,-2.645330745286,-0.583705785753975,-2.77547186855333,-3.29707482368661
-0.799808580216952,3.14210897017638,13.948381806896,52.5827799837924,29.2293992925006,-31.7957564803399,-9.94491157378778,-2.5867112091294,-0.585692869283786,-2.75311707438022,-3.2911135613659
-0.747150375431808,3.24394807449299,14.3547417982394,53.562910279595,27.3043862874115,-31.7038526095253,-9.74769243218659,-2.53653686043808,-0.577247764277629,-2.74218806387891,-3.3109844357788
-0.724298701680552,3.30902574598419,14.7601082432573,54.5117439618945,25.3783797089192,-31.5905872985272,-9.5614023110319,-2.47990442723594,-0.56135109604929,-2.7203300429111,-3.29111356135538
-0.684556660416292,3.4188132679895,15.216642265339,55.450145436804,23.4156115744407,-31.4539734367531,-9.37908637927351,-2.43122040571256,-0.540983489893482,-2.68505914547168,-3.29608127996285
-0.693498619708532,3.47494896931218,15.646847338265,56.3393665237946,21.472217746766,-31.3034497999425,-9.19329303201214,-2.36614278510393,-0.519622341974501,-2.68356882586227,-3.26329433716242
-0.655743680475358,3.5708267600528,16.0904652702076,57.2285876072402,19.5124302410554,-31.1126871712633,-8.9697448872854,-2.31547166070475,-0.523596509030805,-2.68605269187881,-3.26478465274415
-0.656737231508002,3.62795601359573,16.5658766477412,58.0447832689922,17.5635718238688,-30.9209309874001,-8.78842250325169,-2.23499399255601,-0.497267652275355,-2.6622075781122,-3.23448156925522
-0.707408334211079,3.66471744629915,17.0383073880098,58.8411080658618,15.5998100625874,-30.7232134715751,-8.56388081162131,-2.18432286819507,-0.523596509028219,-2.68307205266296,-3.18629469880752
-0.701447028020402,3.70942729684134,17.5003059022127,59.6056394805622,13.6290933949331,-30.4912182961439,-8.36368102940977,-2.10384520012382,-0.547938282260336,-2.71585908410858,-3.1202240413734
-0.619975843423937,3.82070514700053,18.0139687648028,60.4039513570241,11.6787445918775,-30.2254422389177,-8.18285541980661,-2.05069019713779,-0.553402761963224,-2.74417515671733,-3.15102389672469
-0.566820863187243,3.95036371351729,18.5380638506291,61.1158249825859,9.75025398362148,-29.9532080721508,-8.056674912017,-2.03529014953329,-0.524590050800066,-2.69350429002379,-3.1659270525283
-0.593646741083163,4.01097039978119,19.076565340096,61.7765311369963,7.82573757826928,-29.6859416823514,-7.91211377936014,-2.00697393300334,-0.492299943456096,-2.64482051605004,-3.11525632279671
-0.570298291836572,4.11877081704959,19.6175506910158,62.4104116255674,5.92755036836109,-29.3918492984991,-7.71986237633619,-1.93742533105513,-0.507203069919799,-2.66717531022196,-3.10084993884648
-0.558872454984476,4.21564215957383,20.1848649864905,62.9876601563653,4.0581762425301,-29.0883181394186,-7.53853999370873,-1.8867542067443,-0.495777339646249,-2.66419467100477,-3.08495323930493
-0.53453045469623,4.34033296469178,20.7740372742752,63.5112573598971,2.1868149895107,-28.7654126512261,-7.3865272564569,-1.85197990574667,-0.502732131989488,-2.64581406249853,-3.06458559303461
-0.580233802196091,4.3934880091324,21.3527773360972,63.9618291459873,0.350724930057143,-28.467842824745,-7.24643708716652,-1.79435392129929,-0.49627411052339,-2.62544636117271,-2.99305044518019
-0.52956269958024,4.54897893329649,21.9866591521811,64.4054461296854,-1.44959715600557,-28.1469244480644,-7.05517923200033,-1.73970859126822,-0.533035155814064,-2.65773661940561,-2.98758595471764
-0.476904494812414,4.68410203679831,22.6279925546712,64.7983924157772,-3.22657070918733,-27.8125930746586,-6.93843742439744,-1.70245041167686,-0.51813202934597,-2.6348850520417,-2.97466988636099
-0.470943188623121,4.81872836403367,23.283235587229,65.1237777723233,-4.94244063052407,-27.478758479417,-6.79586338729647,-1.65426316614224,-0.497764423170157,-2.60656897942619,-2.98212146426113
-0.497272290933966,4.91559970638167,23.9508979309705,65.3423572478695,-6.65135567838977,-27.1543626604468,-6.65577321845877,-1.59465007885732,-0.484351609356613,-2.57527226759796,-2.94387003100617
-0.457530249707359,5.03234209325287,24.6478698543073,65.541562633568,-8.3254963065229,-26.8095989575077,-6.47842502592359,-1.51119175657158,-0.501738590226023,-2.60557543295702,-2.94784420588815
-0.27422008464347,5.25191713563534,25.3652094504367,65.7358003036123,-9.94350107475513,-26.4255898192172,-6.32939293160716,-1.46598516535641,-0.50074504846241,-2.58520773163822,-3.04769534983808
-0.240439349600855,5.39200799974168,26.1133489433234,65.7899484008944,-11.5446154162125,-26.0758583405938,-6.26431558375835,-1.48635297018644,-0.436661604746373,-2.47244021464329,-3.03726314077421
-0.18132306336027,5.54004728140052,26.8704303380871,65.7924322585661,-13.0955552268318,-25.7365591936763,-6.14409636120723,-1.43419151883046,-0.464977545001335,-2.47840149307814,-3.03378573775042
-0.122703552556691,5.68361557811631,27.6458923149395,65.7591485657476,-14.5804236216685,-25.3803696065528,-6.01195457103633,-1.39047525480901,-0.476900046166735,-2.47740794667291,-3.04868889355686
-0.0158968166785991,5.89822285913463,28.484444404128,65.6294911949879,-16.0205820384364,-25.0102702450758,-5.89918695327986,-1.37060422572955,-0.447590564154197,-2.44958864733685,-3.09240481722906
0.0109290611363941,6.04526858839861,29.3026288138652,65.4004795169932,-17.4254692510363,-24.6496096598843,-5.79238061945389,-1.36315258982834,-0.406358580927321,-2.38898231654555,-3.08793387048759
0.0973680008042698,6.24348225721897,30.1575743889922,65.1063907675322,-18.7682592653196,-24.2894458529345,-5.64980658310224,-1.32092665304601,-0.384997433008865,-2.37060170803395,-3.12817239115215
0.171884328053741,6.42430876197362,31.0527585370379,64.7492120323686,-20.0772684077413,-23.9312691571513,-5.56187764788755,-1.32291375595225,-0.348236387767836,-2.32440180017428,-3.1475464936996
0.199206981394655,6.60066428164509,31.9469491352671,64.2901951311176,-21.3202061284958,-23.5616665756937,-5.43669068941552,-1.31397179287556,-0.3343268030817,-2.29310508839838,-3.13164979417683
0.222058655072123,6.78745209944686,32.8873395757103,63.7502044677863,-22.5065112029253,-23.2054769917439,-5.31001341009421,-1.28962978227759,-0.318430134857655,-2.29161476878941,-3.1167466383716
0.206161838641388,6.95337532017405,33.8515750936578,63.0914854056323,-23.6605257355426,-22.8746230691699,-5.20072320837315,-1.27025552893242,-0.312965655158658,-2.27770511912101,-3.06160496182826
0.21957477754305,7.11929854113326,34.8192880148872,62.3632183241733,-24.7122040731503,-22.5333368160077,-5.06460722965746,-1.21660375040252,-0.32985586511063,-2.31049215042396,-3.01987612560249
0.215600573430299,7.28472498565554,35.8247556424923,61.5326163025166,-25.7236434241045,-22.2024828942284,-4.94140736605083,-1.19424884272214,-0.323397843645484,-2.3179437484702,-2.98609563910285
0.362646125366345,7.56341638269008,36.8943069215785,60.6707176717513,-26.6744759026372,-21.849273978518,-4.81820750239702,-1.15102935452658,-0.306507633663241,-2.31695020206502,-3.05017920913971
0.310484696272054,7.73430736433858,37.9206389846298,59.6652520569616,-27.5766241730638,-21.5328266097057,-4.74816241859259,-1.16543585060713,-0.243417731848077,-2.24491808790474,-2.98808272666636
0.336317023030398,7.94295332997838,38.9926741147787,58.6041480241576,-28.4117074598285,-21.1840886938289,-4.63092383893012,-1.10780986640258,-0.264778879774401,-2.30055668665659,-2.95430224019284
0.35469771706022,8.15457995200978,40.0771285514604,57.4218317265687,-29.2105259789589,-20.8413121103468,-4.54547877238478,-1.09141626744166,-0.260307941840834,-2.30055668665659,-2.9095927727905
0.403381717413205,8.40197445354265,41.1918861048492,56.17692220741,-29.9238987389228,-20.5139356345787,-4.42476277727502,-1.04919033072852,-0.274217526518774,-2.32787921279638,-2.88425740792282
0.481375473153839,8.66576256644419,42.3602950834168,54.8381228550591,-30.5925615092093,-20.2004689336883,-4.33683384267366,-1.03379028321738,-0.267262734179292,-2.3358275840361,-2.89816702000486
0.549930494064363,8.93203455950137,43.4979041584956,53.4367302778864,-31.179255962474,-19.8840215673231,-4.26827908011528,-1.01292570272952,-0.262295025361839,-2.2836663977969,-2.90512182604655
0.526582044913904,9.14167407625282,44.671777619623,51.9121383423695,-31.7182597594623,-19.570058089607,-4.20320173303922,-0.972686868921581,-0.232488772484197,-2.2762147997645,-2.84948337772666
0.647795270226377,9.48544314115008,45.905263774959,50.3761206500152,-32.223482674257,-19.2456622815778,-4.09341475824899,-0.92549317496894,-0.275707839190202,-2.32539534682657,-2.91803789440839
0.679092127597664,9.77506361032655,47.1009952106591,48.7347873719936,-32.6641244898768,-18.9312020269641,-4.03082127947863,-0.929467380776874,-0.231992001634181,-2.25982128412151,-2.88376063608031
0.613517759946266,9.99861285692998,48.2912621394342,46.9389581228431,-33.0600563136547,-18.6495290980365,-3.93593751408901,-0.884757565505058,-0.232985543397452,-2.26230515013455,-2.7779482298007
0.791363393947291,10.3736788152651,49.5505804397423,45.2027414463284,-33.3874328160527,-18.3226494029159,-3.79336347909451,-0.810737982310156,-0.324888156343232,-2.37507266690811,-2.83855439669346
0.891215272134529,10.719931758977,50.7930084665187,43.3785961857395,-33.6755638807953,-18.0370022535019,-3.74020869958155,-0.830609011326569,-0.283656173156853,-2.30105345967636,-2.86935425200629
0.936421843881702,11.0691653588339,52.0384171199694,41.5137156377782,-33.9199785086545,-17.7598003244745,-3.64383461337892,-0.805770225048948,-0.268753046718764,-2.27869866556495,-2.86239944597083
1.03925437493666,11.4496958521689,53.2709096793772,39.6016417746984,-34.1261412538844,-17.4622305121134,-3.56385405738989,-0.777454008717126,-0.26229502525996,-2.25286645903176,-2.89568316060454
1.1112868242959,11.8227747036676,54.4770732875618,37.6642325414251,-34.2836197847417,-17.1810543624583,-3.50126057878037,-0.767021718474693,-0.238450022971311,-2.19871818002798,-2.89717347618508
1.04173825235634,12.1173629313311,55.6782691647962,35.6011400719523,-34.4127819867434,-16.92521387318,-3.41581551276534,-0.734731296336036,-0.22006950035734,-2.21213105647561,-2.78887721082865
1.19822253881082,12.5773775990799,56.8695295832656,33.5921956893649,-34.4892857526485,-16.6539732771769,-3.26082213746155,-0.673627882197155,-0.267759504982642,-2.26478901596808,-2.84451565914855
1.21958388583537,12.9415144789001,58.0240288296759,31.4863808226411,-34.5081633052665,-16.3847197921757,-3.20518348985731,-0.693498911215634,-0.227024292682528,-2.18083434479867,-2.79235461383556
1.30204862094876,13.3826516533353,59.1690893924372,29.3830497918817,-34.5245569693937,-16.1045371992323,-3.11824810303389,-0.636369702806073,-0.252359607618261,-2.21064073690886,-2.79583201685288
1.404881151964,13.8575696014039,60.2868274612738,27.3015766916914,-34.4937567519567,-15.8427353794623,-3.05664817184194,-0.623453533969249,-0.247888669683926,-2.19822140684697,-2.81570289124826
1.43121025409987,14.2708873129126,61.3533979587078,25.1431039681143,-34.4227175408163,-15.6077595528306,-3.00299661889323,-0.620969655343521,-0.210630853574525,-2.12966670493896,-2.77745145803379
1.54497184618919,14.7532569004594,62.3936395094635,23.0184116956626,-34.3323039993659,-15.3449641784685,-2.91258381671423,-0.581227597331364,-0.228514605307696,-2.14606022060935,-2.77993531733434
1.62097849960698,15.2251941894637,63.391158622362,20.8529841245161,-34.1976772425958,-15.1040270206178,-2.87433224655897,-0.587188906035048,-0.214108249761309,-2.10532481807495,-2.76453538968909
1.66568829558967,15.6956411487097,64.3315488965983,18.6845759046454,-34.0267857138696,-14.8680576395651,-2.80230006910605,-0.580730821614369,-0.221063042101645,-2.12320865336337,-2.71386465996025
1.73970784679013,16.2177528206075,65.2292167340481,16.5211353786395,-33.8320488557031,-14.6181784846845,-2.74368077981004,-0.535524230629654,-0.247391898796978,-2.15798277747625,-2.67263259558788
2.03280539869071,16.8958521841749,66.0985685376902,14.4734426240646,-33.6288667767748,-14.3394862267492,-2.66568731873994,-0.523601613238407,-0.254843462016846,-2.15698923107239,-2.78490303582586
2.10930882727773,17.4452865381856,66.8824754745897,12.3939564659784,-33.3958780360624,-14.0970587370261,-2.68853890604142,-0.561356568293021,-0.191256789208086,-2.06309909585428,-2.76304507397582
2.21909621519396,18.0215468005408,67.5998148993221,10.3571926475011,-33.145998854161,-13.8680442439317,-2.61253253950011,-0.51714352875507,-0.180824600705393,-2.07253778667703,-2.75857412723817
2.33037392962688,18.6176781044534,68.2341933221823,8.3591769994342,-32.8692936765951,-13.6623783001937,-2.55043583488075,-0.511182220061307,-0.168902099555215,-2.0586281370197,-2.76304507397522
2.40489025619281,19.1974157961005,68.7866042882198,6.35321298516327,-32.5806658348432,-13.4522413578019,-2.48684880935313,-0.5146596501319,-0.153502202233399,-2.03925398213959,-2.71187757242898
2.59316817445514,19.8988636267495,69.2977831390385,4.46100966623024,-32.2860766612558,-13.2063364254936,-2.41630695293925,-0.46498207768516,-0.157973140162905,-2.06657650823227,-2.75956767098824
2.66867805189629,20.5392079973106,69.7120913613527,2.55638703853164,-31.9298870541152,-13.0250125866889,-2.40587470656291,-0.481375676605157,-0.111773448217871,-2.0005056724362,-2.71336788802556
2.830626868234,21.2361848398012,70.066290116449,0.740686522894615,-31.5717103366204,-12.81636597778,-2.32837801922229,-0.43517553420026,-0.123199178477957,-2.01093790966217,-2.72976135939008
2.9225303375102,21.9132906372122,70.326598878693,-1.07352369380745,-31.2348950604198,-12.6360356945023,-2.30204901650036,-0.416794832399506,-0.0928961547268327,-1.96076381625738,-2.68604543575878
3.02734997005422,22.5973512977027,70.4830821993075,-2.83358581220807,-30.8782086771394,-12.4616667430815,-2.240945859215,-0.393446373361375,-0.10730251029161,-1.9557960842373,-2.65226494931963
3.05367907201078,23.2744570900222,70.5710109222059,-4.5698029025557,-30.4961866320979,-12.302697898693,-2.1942491374605,-0.381523755977567,-0.110283135580325,-1.96722186788484,-2.58619429196978
3.2205956426849,24.0409825738167,70.5819399160104,-6.22653653329292,-30.0977709239575,-12.112928840874,-2.09539118390629,-0.345259128094747,-0.161947307222222,-2.01540886844063,-2.59662650103294
3.3442927443466,24.8194306821957,70.4979853726545,-7.83558009525881,-29.7068068821605,-11.9470051097555,-2.07055250209891,-0.336317165054567,-0.145057097276883,-1.98709279598663,-2.56135569901056
3.48338988671175,25.6187433823916,70.3325601479027,-9.39444972653974,-29.2989523993663,-11.7607134956166,-2.0024945140796,-0.311975154574333,-0.153502202257534,-1.98808634239039,-2.54446545578457
3.62695800862109,26.444385212253,70.0936126008643,-10.8912229065939,-28.895072138942,-11.5923058764852,-1.94983650873282,-0.313962257472099,-0.150024806089713,-1.98311861037308,-2.53105261558524
3.70991951834226,27.2397236981228,69.719542947635,-12.357693020603,-28.4941725453876,-11.4407886972629,-1.89618495615051,-0.306013845892606,-0.157973140189052,-1.98758956919204,-2.44610462756977
3.87832641525957,28.1339206185244,69.2903315516753,-13.7173572240106,-28.1071827283143,-11.2574777493288,-1.80726247537603,-0.275213750963616,-0.18380522599478,-2.03279593050101,-2.44511108385078
4.02338486338503,29.0276207599192,68.7533205331058,-15.035292612385,-27.7191993563575,-11.1099347912982,-1.77596573635131,-0.256833049177675,-0.16840532868922,-2.05465395137429,-2.43269178736184
4.19775306635432,29.9744759371271,68.1273872433691,-16.2613252396476,-27.2959447694718,-10.9266238436098,-1.71138516379852,-0.239445898841883,-0.191753560100009,-2.07551842584312,-2.45703360846828
4.32939857581749,30.9248085437555,67.3986220526992,-17.4356936148035,-26.8682191844769,-10.780074441002,-1.66319812120604,-0.258323376359866,-0.152508660482116,-2.05962168338772,-2.43666596224795
4.55344432911491,31.923328423061,66.5739797755451,-18.5131915072622,-26.4385064896708,-10.6355121490763,-1.60259173783107,-0.235471693061693,-0.143566784617287,-2.06508618861293,-2.46150455522264
4.75563195940769,32.9511580842954,65.6668732667389,-19.5415090024012,-26.0236971260964,-10.4844917481448,-1.58868207606756,-0.235471693061693,-0.0914058420948583,-2.02584110567669,-2.43865304965958
4.93993567202786,34.0078007542939,64.6584251703591,-20.5221364175358,-25.6267717597778,-10.324032572167,-1.53950148618902,-0.239445898856812,-0.0919026129754024,-2.01888628086997,-2.41977571901367
5.14411040464082,35.0902757737034,63.5660225211035,-21.4168223253935,-25.2209043959281,-10.2048059398984,-1.51565635176073,-0.235471693067066,-0.106308968538765,-2.02782819850611,-2.40735642252894
5.41187240149969,36.1956024875639,62.3787363245871,-22.2230828669845,-24.8170241435895,-10.0458370969952,-1.49876604819122,-0.211129682583668,-0.106805739419845,-2.03229915732164,-2.4331885592135
5.6577762760524,37.3302389832823,61.1194181109175,-22.9826468676069,-24.3967502287863,-9.91121035824883,-1.4918112173125,-0.229013608642177,-0.0854445915349525,-2.00050567241,-2.46299487077544
5.89523496659382,38.446494759481,59.7632292563124,-23.7099207069704,-24.0028055317347,-9.77857073015315,-1.45952093110532,-0.2136135611963,-0.0700446942237221,-1.97616378553776,-2.4674658175111
6.15405500386105,39.5831183494133,58.3235826150307,-24.3626787869893,-23.6227706099655,-9.64195688095607,-1.41133388858522,-0.223052299949034,-0.0720317777463617,-1.93791224902627,-2.45653683660431
6.44466867285924,40.7694195373735,56.8268071262828,-24.9384372470928,-23.2362775794542,-9.52123991619089,-1.36811458246639,-0.220071645607343,-0.0541480260250454,-1.92300905297473,-2.4704464486724
6.6548047111012,41.893126941869,55.2252126269098,-25.5117118514447,-22.8622039916381,-9.4233747224191,-1.33731461716486,-0.190761877890055,-0.0531544842635548,-1.89767361971433,-2.43219501555749
6.94194095084465,43.0635312857438,53.5734440938016,-25.9930836812619,-22.4831626279661,-9.28228987480448,-1.28366306483741,-0.157974680162142,-0.074515632169424,-1.92251227984899,-2.43219501555749
7.14959311003909,44.2210194460435,51.8362306762499,-26.4426621198286,-22.1145535958613,-9.18343112603917,-1.25435342044197,-0.150523044304333,-0.0685543816039925,-1.90164780541004,-2.38450491703704
7.46852298160143,45.4088109402088,50.0582818959735,-26.7913958931575,-21.7206089033272,-9.08059815625512,-1.20417928343016,-0.128664912441406,-0.0834575080259845,-1.95132512551464,-2.38500168889602
7.74522693538989,46.5757378350379,48.21923007867,-27.1262200578672,-21.3519998724706,-8.95789408118053,-1.17288254454045,-0.13412944540252,-0.0332836490393053,-1.92002841380682,-2.36513081452921
8.03087284734844,47.7406776210924,46.3245397219174,-27.4203089388949,-20.98587473064,-8.85605466676397,-1.11476002943575,-0.128168136717435,-0.0312965655150562,-1.91655100139466,-2.34625348387331
8.38656410417945,48.9319465299302,44.3796753200107,-27.6349143387366,-20.655020803851,-8.7542152523604,-1.05614074070648,-0.126181033821219,-0.0392448996091264,-1.92350582621447,-2.34625348387331
8.72586176909879,50.1182476730685,42.3811594640664,-27.8112683133813,-20.2968441061248,-8.66082105774838,-1.03030851178199,-0.120219725135824,-0.013909584703244,-1.89916393937386,-2.32290520648201
9.07012718893555,51.293122963197,40.3488630540191,-27.9553321239032,-19.9312157436795,-8.57338819468134,-0.986095658447957,-0.103826126252479,-0.00993541765815992,-1.91406713540801,-2.31197622557849
9.41886358742467,52.4476304295774,38.2713603202556,-28.0457445842199,-19.5809874897542,-8.46707778178297,-0.968708581302667,-0.105813229146887,0.00695479228634979,-1.91158326940057,-2.29558275421308
9.96382630748823,53.7089447363259,36.2271413201551,-28.0243833984903,-19.2526174535537,-8.31407027152939,-0.932940879727604,-0.113761640726794,0.0452061500666512,-1.91158326940057,-2.39145972300504
10.3115691541246,54.8445747044892,34.1029419168676,-28.0626348240673,-18.9560411883647,-8.24700529144777,-0.965231165831657,-0.154994025757371,0.0874316749750888,-1.8231576394713,-2.33780836220082
10.6861378772646,55.9255593064683,31.9539038594196,-28.0934346732723,-18.6415809277315,-8.16603053774538,-0.918037670717859,-0.132142342478206,0.0596125056547197,-1.86041562955717,-2.30849882251592
11.0696485587395,56.9941245039883,29.7626401072143,-28.0854863250936,-18.3310948891998,-8.08604933933712,-0.859915155738494,-0.111277762086917,0.0486835462716171,-1.87978978443368,-2.30303433206753
11.4665721784915,58.0343734647034,27.5624344208982,-28.0233898549479,-18.0166346296288,-8.02444891322668,-0.811231339794796,-0.0784905643436639,0.0243417731153979,-1.89419620727681,-2.27670542354809
11.8873410204599,59.1069128610417,25.3473255308295,-27.9026743171034,-17.7324778076897,-7.95241615695592,-0.773476543757856,-0.0496775723919658,0.0144063554922005,-1.92499614580702,-2.24739588386479
12.2783033320454,60.0989745399963,23.1327133852148,-27.8172295742939,-17.4284498797229,-7.8714414033808,-0.737708842253081,-0.0233484590366036,0.0213611478246827,-1.92698323861315,-2.19771869794169
12.7408013132428,61.0681845189244,20.9359850252194,-27.6786302532432,-17.1601899438198,-7.78748598407447,-0.693495988986627,-0.00496775726834124,-0.0243417732050043,-1.9945443940038,-2.18877680447662
13.2023057433454,62.0075879349912,18.695043874938,-27.4888634409827,-16.8581491276384,-7.70651123050279,-0.671637949175768,-0.0129161688463886,-0.0332836490575411,-1.99255730119856,-2.16095758037326
13.7119973942478,62.8928427631487,16.4888767796688,-27.3194642711682,-16.6023086339098,-7.63398169674658,-0.619476717839549,0.00894196298074183,-0.0332836490575411,-1.99752503321376,-2.14158347785997
14.1546243535356,63.7125231566218,14.2553871631257,-27.1426135250871,-16.340010030897,-7.56443282878036,-0.580728374545882,0.0208645803493626,-0.0849478206220799,-2.00944759003792,-2.08395794218292
14.7442968556924,64.5441261713057,12.0606457813313,-26.8912470155115,-16.0598274325871,-7.45663208342242,-0.499754272577844,0.0437162636303088,-0.0894187585493908,-2.05217008534488,-2.09588046679929
15.3518532744492,65.3250580328808,9.88180109471925,-26.6061000263235,-15.8029933844659,-7.36125077880734,-0.481870421829849,0.0347743006112812,-0.0774962574074075,-2.02087337366777,-2.12369969090642
16.02647438176,66.0692284688035,7.76256909554153,-26.2822048407652,-15.5719917748769,-7.26586947423072,-0.484354289987564,0.0293097676538595,-0.0531544842440182,-1.97367991951645,-2.16741561451638
16.6608566750878,66.7205017931793,5.6537692941642,-25.9925869065889,-15.3429772761039,-7.16999139197827,-0.497270404408917,0.000496775700663227,-0.0114257302798516,-1.9140671354099,-2.17039624566858
17.3384584322676,67.2768909014213,3.59464673228245,-25.7034657448791,-15.0767044535574,-7.08653275050739,-0.481870421837386,0.00844518726590202,-0.00695479234880914,-1.87879623806499,-2.20417673208529
18.0269892488144,67.769692682225,1.55936923199688,-25.3731125276152,-14.8422254011077,-7.00903544059975,-0.473922043734758,0.00645808437242303,0.0173869807960581,-1.86240272242069,-2.22355083458729
18.6797522287095,68.1537005209862,-0.437160024153732,-25.0800171923998,-14.6097334595218,-6.93849301751014,-0.450573683064341,0.0139097202193852,0.043715837488806,-1.81868668066951,-2.2021896446518
19.4139863859095,68.4641855132455,-2.34576054613668,-24.7556252374482,-14.4105256210417,-6.85503437608532,-0.411328566197071,0.0457033665117407,0.0317933363459446,-1.8191834538708,-2.22106697529106
20.1497108663765,68.6678636679273,-4.2280321369554,-24.4193107609233,-14.1924402318416,-6.78945972932111,-0.390464073704429,0.0422259364500059,0.0228514604947248,-1.81272540225129,-2.22255729086864
20.9828033384044,68.8109351520358,-6.00846535255325,-24.0606415560398,-13.9773355087893,-6.72984641408599,-0.373573770243258,0.0531550023647075,0.0347739616367082,-1.81719636106231,-2.25633777728902
21.7239923449655,68.7831156967941,-7.75362772811452,-23.7441979507099,-13.7781276708489,-6.67718798565846,-0.401889867209532,0.0471936936853555,0.0367610451600794,-1.78838351537947,-2.24838942754434
22.6405430889611,68.74238006594,-9.39893881376055,-23.344296692322,-13.5898489413071,-6.58180668143201,-0.363638297613075,0.0655743954421516,0.0387481286830604,-1.81570604144389,-2.29607952606285
23.4587322877893,68.5282696156811,-10.9995403741662,-23.0094725336933,-13.3782216625658,-6.52368369914621,-0.380528601094526,0.043219487872792,0.0789865699705912,-1.76702226781238,-2.26726675822316
24.3941604964568,68.2376556629611,-12.5062519139011,-22.6498097877285,-13.1765299369302,-6.45363805381107,-0.347741541427447,0.070045376934059,0.0640834435646935,-1.8072608970635,-2.28564731700038
25.2381820154973,67.7811185295191,-13.9732216520079,-22.3288952386197,-13.0091158693141,-6.39650862678529,-0.350225409583265,0.0541485538002765,0.0948832381739241,-1.78093191739863,-2.23348627181117
26.2352103736025,67.2545359811278,-15.3294110926318,-21.9488648526573,-12.8426953570319,-6.32298553813569,-0.324889954404297,0.0904131815737465,0.0447093792106458,-1.81769313431796,-2.24242816527709
27.2600581547418,66.6196562652216,-16.6165491394714,-21.5544280863623,-12.6891910637219,-6.24052045225813,-0.32538672803527,0.0779937884938619,0.0481867753750517,-1.78937706187448,-2.26527967078994
28.2640413634754,65.845182493352,-17.8450680186639,-21.2022169192477,-12.5118414435726,-6.17941680426075,-0.33979316333115,0.068555049756339,0.0839542787825655,-1.76205453582311,-2.24044107784556
29.2809407295965,64.9713535204683,-19.0040387289682,-20.8678895354016,-12.3330014906181,-6.09695171843916,-0.339296389700664,0.10382612606746,0.0804768826171352,-1.76304808222597,-2.19622838240307
30.2640593611537,63.9077561138291,-20.1207837669987,-20.5449879022187,-12.1735358659878,-6.0621772846221,-0.312967387277734,0.137606875218846,0.0889219875884572,-1.75957066981731,-2.11177716641048
31.4145913165327,62.817332799174,-21.129729134977,-20.1719123237844,-12.024999349689,-5.99411874994307,-0.266270665988501,0.175361830156674,0.0596125055989454,-1.79980929914526,-2.10382881666752
32.3996970399256,61.5182635609032,-22.0949585100023,-19.8768299097314,-11.8516239512012,-5.97375086732005,-0.252361004336986,0.176355381602483,0.0576254220759644,-1.77149322667925,-1.9955325513713
33.5999065290701,60.2196910924092,-22.9816978020477,-19.509715593943,-11.7249456515978,-5.89774389070241,-0.164928845308268,0.244413655676717,-0.0109289594248199,-1.84551243357721,-1.99702286694866
34.7862063019602,58.7914600790115,-23.7854760548581,-19.1694269521862,-11.5883317991608,-5.82074335883814,-0.13959339015142,0.241929777061514,-5.94219951022268e-11,-1.82514473234054,-1.99503577951284
36.0355965527738,57.3006352792846,-24.5216932225235,-18.8077771259852,-11.4388017280608,-5.74473638222856,-0.101341820589404,0.269252441814537,-0.0188772935240352,-1.84104147477527,-2.00099704181642
37.1364509392994,55.6394162989803,-25.2305878936645,-18.5290881809119,-11.2917555452049,-5.70797483799032,-0.0685547609983635,0.249878188629051,0.0104321884597207,-1.79881575264436,-1.9056168449591
38.3699443623839,53.953358508507,-25.8649666590295,-18.1987349758866,-11.1372576977655,-5.66078096367293,-0.0029806418270131,0.293594452234456,-0.0283159402631402,-1.85942208318966,-1.8614041495232
39.6968315629557,52.2514038744329,-26.4094295638561,-17.8286400326979,-11.0170375079533,-5.58626431998941,0.0442128530652733,0.325388098489626,-0.038748128750469,-1.88624783603975,-1.90810070427256
40.9432411381944,50.3924680038268,-26.8982539254875,-17.4883513937099,-10.9007915393741,-5.54999955342483,0.0437160794347874,0.324891322767386,-8.37225289096466e-11,-1.83309310356094,-1.90412652940393
42.2184636847488,48.4898158268271,-27.3294526525102,-17.1748884286799,-10.7795777943834,-5.47995390832147,0.0665676664125074,0.30998805109031,-0.011425730339882,-1.82415118594164,-1.89915881082219
43.4519570857896,46.5131440101928,-27.7139547439488,-16.8663931820376,-10.6598543823681,-5.43623747739106,0.0819676489390807,0.325884874199718,-0.0158966682742174,-1.81371894870017,-1.86935249930146
44.7430764329181,44.5096462712021,-28.0438118361366,-16.5499495880039,-10.5475826351363,-5.3691724981477,0.105316009544522,0.350723660328178,-0.0193740644399037,-1.82067377351241,-1.88475242691581
45.9835246766356,42.4276579056415,-28.3150497467365,-16.2444349731385,-10.4199107810378,-5.32446251201721,0.111277293099374,0.342775248769963,-0.000993541840823758,-1.7908673814378,-1.85693320281509
47.251792340151,40.3183468386988,-28.5559845211127,-15.9071269675758,-10.3076390339017,-5.2931655217189,0.115748255770452,0.372085016408782,0.0104321883985103,-1.78937706183598,-1.85693320281509
48.503666409401,38.1529000595795,-28.7467452500733,-15.5757802232525,-10.2067931726159,-5.24746198034688,0.101838594120836,0.366620483461302,0.0288127109827014,-1.75261584497612,-1.86388800883716
49.8226051564949,35.9874532598553,-28.8788867969042,-15.2588398590974,-10.1148893088691,-5.18288088925718,0.112270840341969,0.395433475371065,0.0248385439365442,-1.75162229857419,-1.93095220972656
51.0387113832918,33.7489803633596,-28.9683058887365,-14.9443833547539,-10.0155337805872,-5.13369990454335,0.0849482907159362,0.398910905426293,0.0606060473756651,-1.72479654568569,-1.9602617493916
52.1306237512428,31.4061844742222,-29.0492798441827,-14.7059329252088,-9.91518469707141,-5.11283524435443,0.0789870071573441,0.393943148202409,0.0516641715251037,-1.70591916404644,-1.87183635853356
53.3194073214697,29.1279694493796,-29.0860410264358,-14.4113472906138,-9.82328083349232,-5.07160270161631,0.137109521832216,0.414807728525374,-0.0178837517758232,-1.75410616451148,-1.8802814801299
54.5186231707227,26.8278962542919,-29.092995844706,-14.0973875588024,-9.73038341466295,-5.00304738959024,0.156483693377822,0.435175533147799,-0.0183805226566721,-1.75062875210513,-1.91555228207484
55.6741227772142,24.4955325954069,-29.073124935368,-13.8087631858414,-9.63400855238901,-4.95933095874139,0.15896756152605,0.427227121594748,0.00943864669647604,-1.73671910245887,-1.9384037875719
56.7655383522862,22.1452849756362,-29.0090412527848,-13.5449773993715,-9.55750479577952,-4.93498885521164,0.162941750562293,0.409839971308215,0.00347739612533804,-1.72579009204079,-1.93890055943054
57.7734956534982,19.7443661737991,-28.9325382519073,-13.3080172866811,-9.48398170506561,-4.91611130553771,0.155986919748109,0.413814177087736,-0.00546447973158845,-1.73820942206611,-1.93591992827814
58.7744980953626,17.3702732580639,-28.8500739782192,-13.0566507943531,-9.39307139699626,-4.85699476842159,0.180328827604724,0.4187819343102,-0.0312965654992755,-1.76404162851434,-1.937410243855
59.7392359296084,15.0100900488664,-28.693590567581,-12.8261487145984,-9.31756119576843,-4.80682022853971,0.220070718004013,0.436169084592215,-0.0298062528580456,-1.75311261811045,-1.92399740367076
60.6051154561109,12.6384809659955,-28.5500232479536,-12.5598790708698,-9.20827011509444,-4.7790006816636,0.224541680668383,0.456040113470196,-0.0461996919316933,-1.75609325731641,-1.90114589816874
61.4446658829455,10.282768696625,-28.3930430648364,-12.3442801434305,-9.13077280337018,-4.73677458375931,0.249877135777541,0.466969179353938,-0.0466964628123593,-1.75211907170657,-1.88773305798014
62.2792485547493,7.97275980414854,-28.1878759269635,-12.0765201853225,-9.04979804821936,-4.67616771379206,0.270741628224077,0.483859553909878,-0.0392448996032837,-1.7471513396994,-1.92399740364331
62.9896373744702,5.65281536807189,-27.9678056074016,-11.8639018885237,-8.97379106946371,-4.64039972496954,0.26378679741805,0.471440160863237,0.000993541764245848,-1.72976427766164,-1.89866203886012
63.5658968356908,3.36913556499744,-27.7273676060496,-11.6706576889666,-8.90871319877076,-4.62748350678418,0.265773891934383,0.485349881080716,0.00496770881069564,-1.74715133969986,-1.84799130931606
64.117814300119,1.14059789295844,-27.4779876958944,-11.4644974251248,-8.83519010826962,-4.55594752920735,0.317935122968914,0.52658226597628,-0.0139095846747697,-1.74764811290134,-1.84451390630472
64.6265123045822,-1.02733311149426,-27.2082401044964,-11.2161115653495,-8.75421535320937,-4.49732776979045,0.325386727409532,0.557382360758762,0.00298062527222753,-1.74764811290134,-1.87332667411707
64.950906637497,-3.17936730186173,-26.9499182859748,-11.0243576816699,-8.67572448638791,-4.44814678518502,0.326380274668864,0.565330772315325,0.0258320857876314,-1.72976427766748,-1.82663011942782
65.2261202055973,-5.25291087908183,-26.6309901952319,-10.8201845054505,-8.61809828038951,-4.41585623976437,0.363638296835369,0.600105072836432,-0.00695479234960417,-1.73920296849398,-1.81520436667349
65.416385181209,-7.24597673937064,-26.3448491053336,-10.6025984929536,-8.53960741361956,-4.3815785838672,0.381522147486755,0.589672782669121,-0.0139095846762823,-1.74814488609669,-1.82961075057527
65.4168819566035,-9.20824249824,-26.0487725608446,-10.4361799674282,-8.47999409713469,-4.35673970275571,0.372580222156916,0.573279183846277,0.0109289593695167,-1.7093965764562,-1.7913593174842
65.399991593243,-11.0289270676473,-25.7343154263725,-10.2101488363236,-8.40845811734242,-4.30954582871738,0.408347923427493,0.600601848528299,-0.0278191693600028,-1.7347320097334,-1.82464303203531
65.1590555269389,-12.8178179800581,-25.4402259741138,-10.043730311295,-8.3259930296045,-4.28222305952108,0.412322112462219,0.591163109807702,-0.0243417731967063,-1.69250628772566,-1.79384317681224
64.8296934401106,-14.4984117042836,-25.1203043409788,-9.83409264704264,-8.26339904731213,-4.26533262037386,0.444612398324885,0.618982550220973,-0.0521609425286842,-1.70045465894093,-1.79732057982066
64.3617310165028,-16.0935599424879,-24.7959117537971,-9.66668057850193,-8.1893791793713,-4.24844218121912,0.462993022590687,0.639847130528216,-0.0650769854324995,-1.69797079293448,-1.76801104021437
63.7690779691964,-17.6231337365006,-24.4576095311034,-9.49777819525412,-8.12529486421782,-4.24595829311274,0.457031739051443,0.653756850713891,-0.0953800092223103,-1.72827395824932,-1.73870150056046
63.0417987880083,-19.0598103968069,-24.1347072635864,-9.3288758123716,-8.06816543599411,-4.22211296729016,0.486838156783428,0.66716979520043,-0.124689491198152,-1.74615779348224,-1.7009468392937
62.2847130800315,-20.3414929031066,-23.7785212242913,-9.13414130026002,-8.02742966978786,-4.18882886665613,0.516147800909329,0.68455694546889,-0.139592617618315,-1.74317715427825,-1.72479188848929
61.3010977876818,-21.5814462175578,-23.4551221852942,-8.98411624266489,-7.96980346395193,-4.18932564427765,0.50521878108172,0.673627879597643,-0.133631367043957,-1.69846756619478,-1.68703722723941
60.1048626185376,-22.7871219836125,-23.1371876467755,-8.88823930183744,-7.91466114633811,-4.19479019811297,0.534528425166852,0.721318348887452,-0.167908557831788,-1.72877073143569,-1.59016671490526
58.9667501657643,-23.7955776149018,-22.759640382976,-8.71188534346521,-7.85306071948637,-4.16349320794996,0.613515432095223,0.782421762610247,-0.233482314178701,-1.83309310372731,-1.59960538020974
57.6289339990547,-24.7662782591571,-22.3915318018824,-8.57626666602947,-7.8038797335244,-4.14461565836122,0.596128355097465,0.775963678234383,-0.204669603065062,-1.81520926846925,-1.55191528175782
56.2324983229894,-25.6242107170903,-22.0234232212087,-8.42077712001613,-7.76562785559022,-4.13219621782797,0.606560601309493,0.802292791495999,-0.208643770108878,-1.84402211406422,-1.55539268476559
54.7660173084647,-26.3852718227373,-21.6428953240175,-8.27124883477193,-7.72389853416845,-4.08798300952961,0.596625128742461,0.788383071294423,-0.207153457465124,-1.83110601084113,-1.55489591290722
53.2498587422714,-27.0514486808311,-21.2688254725785,-8.05366282493616,-7.65882066391837,-4.02787291734233,0.597618675999544,0.772983023926992,-0.185792309590194,-1.78689319598145,-1.61401176400154
51.5056802517187,-27.6873221941435,-20.9156200756509,-7.91406997397601,-7.61063323327635,-4.01296958870953,0.588179977058418,0.742182929216537,-0.130153970863406,-1.69946111258343,-1.57427001535567
49.7297081250151,-28.2183759337303,-20.5480082710712,-7.76553523256104,-7.55052313940461,-3.99458881673785,0.604076733162201,0.763544285231228,-0.135618450558513,-1.70542239099819,-1.56483135004506
47.8290453548487,-28.6977649513596,-20.1769190583692,-7.63687135952766,-7.50233570875323,-3.9786919328696,0.590663845178235,0.777950781155973,-0.131147512631312,-1.68753855578425,-1.5504249661542
45.899072820596,-29.1041278709124,-19.8172556184257,-7.49678173722631,-7.44371594781089,-3.94342072176788,0.590663845178235,0.791363725633451,-0.125683032939693,-1.68902887538531,-1.54048952898964
43.9075001138535,-29.4324969305456,-19.4536179974793,-7.33980187655302,-7.4089415133561,-3.91858184070849,0.576754183584391,0.78937662274875,-0.11326376090841,-1.65673861734344,-1.56185071886698
41.7897464338791,-29.7201303427858,-19.1028964680293,-7.21511217734645,-7.38410263161354,-3.88678807296661,0.559367106616977,0.784905641263459,-0.0789865700641975,-1.59762260630684,-1.54148307268667
39.5060697408987,-30.0097508601849,-18.7859554830336,-7.13811256236164,-7.34883141953183,-3.88579451772551,0.584702561665326,0.785402416984757,-0.104321885006772,-1.57328071945527,-1.45206413825646
37.3470836677162,-30.1339449071063,-18.4178469105375,-6.98759073462422,-7.31654087327944,-3.84505875282262,0.635373471753043,0.812228305930999,-0.168405328696064,-1.63239673038367,-1.47441887188566
35.0753295522379,-30.2462163255933,-18.0969317455452,-6.87035261142673,-7.25941144528058,-3.82220698227412,0.614508979344637,0.808750875879024,-0.122702407674229,-1.59066778156993,-1.47044469701897
32.81698835633,-30.2993713777368,-17.7496876280581,-6.73721779378955,-7.22314667797916,-3.77054210977344,0.613515432087554,0.833589661949395,-0.118728240630218,-1.60110001877461,-1.48485108091354
30.5278470594035,-30.2829777635021,-17.4118821921845,-6.60457974769383,-7.19781101861498,-3.71291590581572,0.587683203381569,0.831602559063146,-0.111276677419496,-1.60060324557465,-1.50720581452154
28.1254409391073,-30.2631067159639,-17.0939476650645,-6.54049619739021,-7.16552047239318,-3.695528689099,0.576257409933378,0.820673493198145,-0.103825114199263,-1.55390656470976,-1.50025100850474
25.7886091605028,-30.1960419305159,-16.7814776383163,-6.4336902802493,-7.11335882078511,-3.67218014093705,0.600599317748828,0.843028400646087,-0.116244386221705,-1.56334525551499,-1.4893220276258
23.4016030387396,-30.1006609023018,-16.463046339569,-6.33582625390401,-7.08106827457507,-3.65777358993893,0.612521884833167,0.853957466509668,-0.11276699005508,-1.57973877113451,-1.47690273117388
21.0598034604128,-29.9292731171907,-16.1466021321963,-6.22107198944382,-7.02642273483699,-3.62697337746181,0.61401220571873,0.851970363624761,-0.101341259793031,-1.59464196714692,-1.47094146888128
18.7329071262061,-29.7568917798913,-15.836615970692,-6.11178221388535,-6.97823530434244,-3.59617316500296,0.605567054042856,0.842034849209261,-0.0909090712867529,-1.58669359592934,-1.46845760959177
16.5078497445355,-29.4926068479173,-15.5057653564445,-5.97417645106915,-6.93153820675035,-3.55494062253475,0.605567054042856,0.864886532375004,-0.0799801118958698,-1.56930653391187,-1.53353472296105
14.1029596184951,-29.3455610964351,-15.248437101434,-5.93046054091513,-6.90123477108293,-3.55046962395215,0.577250957246507,0.847499382136361,-0.0288127111043694,-1.51962921379145,-1.42275459866543
11.8540569798535,-29.0976697793531,-14.9583218492527,-5.83955131873853,-6.85851189459674,-3.51867585626952,0.654250869587462,0.895189851365453,-0.104321885022139,-1.60954516313668,-1.4063611273449
9.5922381606713,-28.8279203103939,-14.7019871405701,-5.7888806047956,-6.84509889848785,-3.52712107580513,0.668657304809854,0.903635038622029,-0.102334801500426,-1.59712583313177,-1.35718071338332
7.4541164210663,-28.4896157283292,-14.4218073430841,-5.67859728623852,-6.7924404693215,-3.53357918486231,0.730754008368198,0.928473824685301,-0.126179803784393,-1.63637091596914,-1.36363874753928
5.33586567991334,-28.187079031671,-14.1540468632423,-5.5871912923617,-6.74574337179857,-3.51023063672013,0.718334667655514,0.910093122989167,-0.0824639662809555,-1.61202902918146,-1.31942605217764
3.22506655685814,-27.8582131976995,-13.9046669732944,-5.51615293848557,-6.71543993616352,-3.4938369752586,0.740689480926763,0.914067328754954,-0.0740188613048657,-1.6314031840071,-1.29210359999452
1.19623537496706,-27.4841407314716,-13.6413774485141,-5.41481151069263,-6.68364616763728,-3.46353354042936,0.764534615072033,0.929467376097579,-0.0874316750937127,-1.63040963760551,-1.27918753168899
-0.678098635761183,-27.0837391283098,-13.3770943788383,-5.30005724688959,-6.64887173333448,-3.42627521893851,0.778941050292854,0.944867423450206,-0.0859413624513123,-1.61600321479332,-1.32091636775754
-2.55839396882248,-26.7007246918223,-13.1366563985719,-5.22653503457651,-6.62601996221179,-3.42230099797902,0.759070105157707,0.9354286847507,-0.0367610452798618,-1.57179039995708,-1.31247124617447
-4.37609559771181,-26.2948585521723,-12.890753919271,-5.14556124679047,-6.59720685949537,-3.42180422035936,0.778444276641493,0.9354286847507,-0.0442126085002782,-1.58818391557313,-1.26378760410108
-6.09841634412802,-25.8591858412768,-12.6463417579646,-5.06707131743505,-6.56094209228024,-3.39746211698018,0.800302316277637,0.940893217684548,-0.0620963602185214,-1.59166132797727,-1.29011651253567
-7.80434350412099,-25.4468616123345,-12.4257746860594,-5.01093611487615,-6.53958065407059,-3.3880233422077,0.807257147053699,0.929467376109246,-0.0496770881732122,-1.57179039990802,-1.26726500707079
-9.40743814002257,-25.0196340988696,-12.1908012065672,-4.94188484804244,-6.49983844342918,-3.37312001361751,0.807753920681854,0.938409339082731,-0.0869349042377955,-1.60358388473703,-1.27869075980346
-10.9350229025576,-24.5993614531461,-11.9612922270325,-4.87482066813539,-6.47450278416158,-3.34977146549609,0.798811995382498,0.927480273218867,-0.0769994866160615,-1.57626135870232,-1.2712391819313
-12.3990204095682,-24.1711403884441,-11.7362542018492,-4.80825325981347,-6.45661878939378,-3.34381013405926,0.820173261403072,0.933441581879008,-0.0834575080594889,-1.58619682269347,-1.25285862320113
-13.7731015513171,-23.7334805773654,-11.5141968129463,-4.73969876470313,-6.43078635249442,-3.31350669926659,0.84948290542826,0.921022188858182,-0.0988574053714754,-1.59811937951921,-1.26478114778762
-15.0110662006581,-23.2814142583774,-11.3065458321865,-4.66369269419451,-6.41936046694236,-3.28121615399981,0.838057111987546,0.904628590073671,-0.0814704245357883,-1.60308711152769,-1.29160682811959
-16.2803277145376,-22.8666061532166,-11.1197593042671,-4.62246064285854,-6.41439269061822,-3.27724193304427,0.827624865794297,0.877305925407266,-0.0760059448479257,-1.5871903691271,-1.25434893877039
-17.4422857188015,-22.4224882542407,-10.9270115044097,-4.56086095166864,-6.40346358269899,-3.2588611611154,0.854947415349535,0.886247888385863,-0.124689491138259,-1.60855161673158,-1.21957490874292
-18.5202886591292,-22.0007252843332,-10.7471797945709,-4.51913212864275,-6.37614081291917,-3.24892560872447,0.854450641722003,0.884260785502969,-0.124689491138259,-1.60855161673158,-1.24192964234003
-19.4408137553976,-21.51885239812,-10.547477177627,-4.43170030896295,-6.34782448787806,-3.22259639489378,0.867863529667562,0.881280131175608,-0.118728240563755,-1.60656452392913,-1.28415525024625
-20.318119380757,-21.0638054262494,-10.3611874232232,-4.36960384613833,-6.32646304969071,-3.21315762012509,0.838057112037177,0.858925223725924,-0.0745156321443245,-1.54595819344812,-1.28614233767741
-21.1715797828587,-20.6440295631199,-10.1724138057336,-4.32290730611215,-6.29665639176029,-3.19924784678279,0.839050659293446,0.826138026136034,-0.0432190666454652,-1.5151582550192,-1.2528586232052
-21.9584722622447,-20.2267375819827,-10.0164271850819,-4.28813328698934,-6.27032717726053,-3.18633162868305,0.840540980176978,0.827628353299656,-0.0422255248835601,-1.51962921382216,-1.2305038895978
-22.6683645347898,-19.795535868196,-9.85696315582967,-4.23547548653297,-6.2514496272448,-3.17341541057511,0.837063564779987,0.842034849220658,-0.0546447968959426,-1.53751304901951,-1.22553617102366
-23.3012565969417,-19.338501795051,-9.68408626450189,-4.15797910103818,-6.22363007985118,-3.1505636401016,0.814708751544704,0.833589661961888,-0.0620963601156273,-1.51664857457945,-1.20765238414537
-23.9306712311912,-18.9197194876128,-9.50822873736267,-4.14257917829046,-6.19630731007865,-3.14062808772076,0.825140997729987,0.832596110519951,-0.0576254221888651,-1.49528732695231,-1.16393646065149
-24.4617243061825,-18.5064017183335,-9.35820338932448,-4.11575350638244,-6.19531375481397,-3.12969898009651,0.844018395599111,0.847499382161011,-0.0640834436383157,-1.50571956415118,-1.12717534319736
-24.9172674972896,-18.1010323682821,-9.21016513218256,-4.07700531363409,-6.15010699030098,-3.11231176342029,0.857431283547596,0.855447793694031,-0.0740188612629765,-1.50671311055198,-1.13661400848727
-25.2441458173128,-17.6464821795896,-9.05467528518198,-3.97318002814859,-6.12427455345178,-3.05220167154484,0.863889340704456,0.841041297786878,-0.0511674007290614,-1.51416470856402,-1.17883961643008
-25.6539856578047,-17.2793645956549,-8.92501761725126,-3.93939955246525,-6.09397111792486,-3.0353112324992,0.827128092237515,0.810241203043613,0.0158966681131187,-1.44710032660506,-1.12220762466109
-26.0295479846646,-16.9236728640099,-8.79784381277217,-3.90909647867661,-6.0760871231805,-3.01444657249767,0.831102281257717,0.825641250400641,-0.00347739623856205,-1.48088090422603,-1.07451752634286
-26.3474843467305,-16.5510907433098,-8.69103768803262,-3.87283214447592,-6.04876435344908,-3.00053679916361,0.852463547254408,0.84551227924971,-0.0466964628925756,-1.50770665704837,-1.04818861790115
-26.6152463765652,-16.1809925043873,-8.55144456696515,-3.85594190663801,-6.02789969292614,-3.00749168583181,0.878792549510015,0.862402653762642,-0.0591157349198955,-1.53353886348632,-1.00149206329851
-26.7771952113123,-15.7989716378939,-8.42327721745488,-3.79632930251454,-5.99560914688697,-2.98364636011275,0.89220543746618,0.865880083810913,-0.0645802146077581,-1.5534097915034,-1.01738876273814
-26.9456021284881,-15.4864994343461,-8.30405177620239,-3.80229056292659,-5.97325415347306,-3.00053679915625,0.89965704188099,0.86985428958021,-0.0293094820588271,-1.52559049228613,-0.971188980009545
-27.0444604663149,-15.1586271704256,-8.20569078725388,-3.7640391419592,-5.95139593768129,-2.99159480201709,0.915553797961363,0.886247888365573,-0.031793336462462,-1.54397110070802,-0.955789052427513
-27.1214606792407,-14.8163483982845,-8.07702666534074,-3.71585228695522,-5.88631806794947,-2.97470436297145,0.922011855122626,0.900654384274223,-0.0263288567743312,-1.56185493591959,-0.946350387141175
-27.109538065628,-14.4378049674621,-7.95631090629325,-3.65276228097374,-5.87836962584761,-2.95980103440208,0.930457006788828,0.88426078548375,-0.00198708360257671,-1.5717903999305,-0.964234174012931
-27.2044221988309,-14.1755071576862,-7.85695637222623,-3.68306535467238,-5.86843407322198,-2.9950722453186,0.889721569299546,0.869854289565743,0.0074515631321625,-1.53254531710042,-0.875312011460538
-27.1313961903999,-13.8292541778568,-7.73524706799593,-3.63686558655044,-5.858001742969,-2.99755613341279,0.934927969430846,0.905622141521017,-0.0615995892346571,-1.59513874025464,-0.879782958175966
-27.059860508661,-13.4988980353008,-7.60012490179726,-3.59662707880345,-5.83713708245365,-2.99805291103166,0.934431195803368,0.880783355455163,-0.0611028183536131,-1.56533234823298,-0.887234536034105
-26.9838538467389,-13.2003355668686,-7.48487364237882,-3.57924006927841,-5.84458874692224,-2.99457546769943,0.959766650790231,0.879293028292199,-0.0327868781215916,-1.54844205941443,-0.852460506045683
-26.8745632219723,-12.9087279652954,-7.37359656449816,-3.55589179934941,-5.82720152983604,-2.9657623658017,0.971689217836859,0.885254336940261,-0.0437158375119381,-1.56880976066948,-0.839544437761824
-26.7086401827047,-12.6151332593983,-7.2518872606403,-3.5196274652609,-5.81527886669599,-2.95284614771399,0.999508540973721,0.884757561219119,-0.0591157348220344,-1.58073231748984,-0.811228441889782
-26.4925428113123,-12.2912352086177,-7.14160372823872,-3.45703423102265,-5.80484653644452,-2.92800726677188,0.977650501348306,0.878299476843591,-0.0680576106736932,-1.59215810109193,-0.835073491032764
-26.3589101838901,-12.0209889824175,-7.02883633252993,-3.43616981961661,-5.78249154304526,-2.90366516346588,0.963244066151055,0.853460690799677,-0.0461996919321682,-1.55986784306547,-0.802286548460277
-26.1447999149832,-11.7278910537948,-6.93097211691146,-3.41977635350761,-5.78298832067601,-2.89571672156625,0.981127916739526,0.872338168180791,-0.0630899018820676,-1.56632589467384,-0.803776864031643
-25.9316831976081,-11.4586383810044,-6.80628217741106,-3.37755075906381,-5.76063332728109,-2.8728649511116,0.968211802424925,0.863396205198246,-0.0784897991914079,-1.56086138946719,-0.804273635889316
-25.6932309263649,-11.2013083356333,-6.71437923392459,-3.35072508726268,-5.74274933256711,-2.86491650921029,0.984605332157175,0.871344616740557,-0.0452061502145601,-1.54645496667677,-0.791357567603535
-25.4642173910958,-10.9658364412285,-6.63390206181797,-3.3447638268676,-5.71890400629452,-2.84653573731955,0.973179538727989,0.879789803998011,-0.0357675034742602,-1.54993237908036,-0.770493149602861
-25.2267586712266,-10.7422871744739,-6.55938616180775,-3.33532516456825,-5.69704579053935,-2.82964529828392,0.966721481569544,0.900654384295496,-0.0218579188099787,-1.55340979148044,-0.744164241177536
-24.9346546393111,-10.4894281151678,-6.46847676377503,-3.29757051536573,-5.65233580376849,-2.80182575164465,0.964237613435135,0.909099571550756,-0.0312965655495834,-1.56682266789392,-0.76055771245369
-24.6743442440518,-10.2842595663213,-6.40339954446465,-3.28316413606139,-5.63395503143627,-2.80430963973789,0.937908611196756,0.886247888389762,-0.0149031264662771,-1.52360339940349,-0.724790138768244
-24.4244661360813,-10.054252210464,-6.33186428056952,-3.26577712659012,-5.63345825380558,-2.78692242309258,0.943869894720558,0.906615692946035,-0.0243417732105158,-1.54446787385739,-0.707899895626898
-24.1805493351984,-9.864980498813,-6.26728383400519,-3.25633846430128,-5.61507748147069,-2.8028193068925,0.965231160718413,0.90611891722475,-0.0228514605682984,-1.5454614202579,-0.669151690777415
-23.8521806886727,-9.62454084429788,-6.18730343486625,-3.2235515321356,-5.61209681568596,-2.81126452640397,0.991063389339865,0.90810602010945,-0.0635866727874109,-1.57626135868191,-0.681074215345841
-23.5685218433427,-9.43526913301547,-6.11328430769745,-3.19722263204915,-5.61060648279372,-2.79636119784943,0.975166633262092,0.876312373983153,-0.0576254222152486,-1.54446787386218,-0.669151690776609
-23.3042372452797,-9.28623628962638,-6.05615545126459,-3.21808704341028,-5.6155742591016,-2.82020652354175,0.99255371022192,0.889725318455403,-0.0442126084290356,-1.52708081185162,-0.593145596630778
-22.9922621938118,-9.08206129424591,-5.95779446365983,-3.19126137164499,-5.59818704203353,-2.79983864118193,1.01639884435158,0.901151160041689,-0.0968703217608932,-1.56781621425314,-0.580229528349539
-22.7210227382471,-8.91613806205523,-5.90314947047472,-3.17039696027612,-5.60017415255519,-2.79139342166939,1.02782463778077,0.888234991293485,-0.0874316750249957,-1.55291301824231,-0.551416760653809
-22.3449636404381,-8.69705978270189,-5.82664648014271,-3.129164909231,-5.59321926572889,-2.76307709743104,1.05663750816231,0.90214471147916,-0.107799281143801,-1.57477103905762,-0.565823144506837
-22.0141111185828,-8.5077880721162,-5.74269189988439,-3.11922947524214,-5.60116770781435,-2.76208354219454,1.02782463777841,0.895189851386865,-0.0839542788627603,-1.55092592544029,-0.566816688220779
-21.6872328016254,-8.31454215244564,-5.67513081750926,-3.09339734686023,-5.59818704203231,-2.74767699125741,1.04322462022435,0.89071886989565,-0.0735220903621164,-1.56036461625153,-0.582713387632233
-21.3325350542053,-8.13023820369791,-5.61651164315642,-3.07452002230847,-5.57583204866396,-2.74171565983913,1.04322462022435,0.890222094175023,-0.0854445915190269,-1.53105499738243,-0.606061664917912
-20.9768437561269,-7.94295359813275,-5.55093765151526,-3.04918466566036,-5.5713610499904,-2.70048311750533,1.04918590375417,0.900157608598267,-0.0769994865485339,-1.52211307977972,-0.60705520863149
-20.6007846608931,-7.7641141872797,-5.49132493190868,-3.00646229958538,-5.5599351644863,-2.6816055680133,1.03328914768376,0.891712421336864,-0.0620963601173963,-1.49628087335615,-0.61997127691832
-20.2778805501251,-7.60216516518839,-5.42028644104101,-2.99752040899784,-5.54950283424369,-2.68110879039498,1.02633431689537,0.86786718670745,-0.0312965655225296,-1.47889381136818,-0.596622999648117
-19.9574603174631,-7.4461774567871,-5.37607367402242,-2.98212048632444,-5.52565750797689,-2.66322479612347,1.0208698069955,0.871841392475198,-0.0625931310375225,-1.49429378057672,-0.595629455934834
-19.663369189673,-7.31006079418585,-5.36117049413271,-2.97268182404517,-5.50976062381329,-2.65179891090497,1.0317988267945,0.873331719638124,-0.0625931310375225,-1.48733895577019,-0.560358654113046
-19.300723035686,-7.12178263692137,-5.27373850540752,-2.95926898817663,-5.49287018438537,-2.64732791234074,1.03428269493033,0.865880083817883,-0.0690511524879242,-1.4833647701693,-0.582713387668112
-18.9495027208588,-6.95138842105823,-5.20568065066566,-2.91704339382056,-5.49287018438537,-2.63341813904318,1.01689561798141,0.840544522043548,-0.0496770881305366,-1.45405515135461,-0.600100402670672
-18.6146759989478,-6.80732334053154,-5.16146788371657,-2.88723709188345,-5.46703774761889,-2.63292136142495,0.989573068437344,0.806763772987844,-0.024838544117659,-1.41530684179116,-0.583706931394075
-18.2396104581033,-6.65530984185556,-5.07900362177514,-2.84948244276966,-5.45859252790544,-2.60013403863548,0.991560162945548,0.810737978757864,-0.024838544117659,-1.39195850137203,-0.605068121239049
-17.9236612082894,-6.53608356850254,-5.0223715382732,-2.83408252012215,-5.45312797397467,-2.59417270721871,0.975166633250401,0.784408865546187,0.0153998972587608,-1.36264888254879,-0.568803775674054
-17.6121829388015,-6.405431444018,-4.96921686341916,-2.82563740124656,-5.44766342004164,-2.59168881912863,0.984108558541466,0.77844755689286,0.000993541718739499,-1.34377150095709,-0.556881251112883
-17.3672725931285,-6.31402463455155,-4.93146214111141,-2.86438559372933,-5.43723108980434,-2.59715337292739,0.977153727756302,0.779937884056908,0.0109289593334008,-1.3273779853606,-0.485842875591525
-16.9703489303073,-6.14064976244405,-4.86936555843192,-2.79831495784474,-5.41835353985503,-2.56734671584733,1.0168956179399,0.827131577565478,-0.0611028184215235,-1.37705530536905,-0.527571711574245
-16.5853478809239,-5.97224265166879,-4.80826252105899,-2.73621849557175,-5.40742443199203,-2.52959161687444,1.00646337176287,0.79633148284382,-0.00993541768403616,-1.30949415022562,-0.5707908631269
-16.2465469575365,-5.85202282623069,-4.75560461888823,-2.74068944086138,-5.40394698858288,-2.52263673022243,0.989076294806832,0.75807975229197,0.0258320857261115,-1.25584264466202,-0.583706931395738
-15.9415267717669,-5.74620950895706,-4.71089507937556,-2.72429597481199,-5.40692765436327,-2.52412706307708,0.991063389315254,0.77049914532409,0.00745156312522677,-1.26379101586463,-0.553403848135481
-15.7055583875952,-5.68957702932235,-4.68555967366637,-2.76503125407162,-5.38854688204799,-2.52512061831235,1.0024891827407,0.78192498691275,-0.00794833418297944,-1.27819743866612,-0.479881613323696
-15.4258737553263,-5.60413153370248,-4.64681140609907,-2.76850865596201,-5.40245665568743,-2.50574629120928,1.04570848836427,0.824150923223055,-0.0571286513580511,-1.31346833582958,-0.451565617499531
-15.1834472894959,-5.51222794837785,-4.63190822627345,-2.77596023143937,-5.39351465834757,-2.52263673021631,1.04223107297477,0.825144474665431,-0.0710382360267715,-1.32390057303453,-0.403378747401717
-14.8948206983751,-5.40194364606389,-4.58620514148164,-2.76056030880367,-5.40096632279899,-2.50723662406333,1.05266331914612,0.846505830670133,-0.0919026130267791,-1.32340379983453,-0.391952994696876
-14.6315296601657,-5.30755618015734,-4.55192782788017,-2.76552802578888,-5.37761777419248,-2.50375918073765,1.0332891476766,0.852963915044486,-0.100844488884364,-1.31992638743813,-0.386985276130864
-14.3255159252859,-5.21515581877476,-4.50920537905558,-2.72976046349444,-5.37612744130187,-2.48388807602097,1.05465041365115,0.851473587880438,-0.112766990022543,-1.31495865544203,-0.400398116253747
-14.0383796624347,-5.12027157698693,-4.46697970296497,-2.71833471445372,-5.36768222159334,-2.46501052655649,1.04272784660517,0.833092886212002,-0.0715350068624853,-1.28713935622108,-0.402881975539928
-13.8158242197783,-5.0537035748297,-4.45555393177362,-2.73423140877733,-5.36221766766402,-2.46501052655649,1.01391497618042,0.835576764820426,-0.0516641716594984,-1.26776520148223,-0.357178964704183
-13.5475654273431,-4.95484512379294,-4.42525079946736,-2.69001872762366,-5.35476600321785,-2.45209430849393,1.0168956179455,0.853460690802245,-0.0919026130003592,-1.28266839745671,-0.358172508417359
-13.2803001861478,-4.84803825472648,-4.39097348592177,-2.66120596914503,-5.33539167565309,-2.43222320377304,1.00298595638199,0.844518727819932,-0.0615995892618808,-1.26329424265625,-0.365624086265924
-12.9847187395948,-4.73576684813384,-4.35967680833389,-2.6174900596989,-5.31154634943083,-2.42973931568496,0.980631143151587,0.832596110509871,-0.0481867754766556,-1.23448139706433,-0.390462679091284
-12.6931114975076,-4.61753412796168,-4.31695435958149,-2.57774832384469,-5.28323002453193,-2.42526831712498,0.959766650794389,0.807260548734878,-0.0144063555859775,-1.20169436589614,-0.389965907234915
-12.5197368338146,-4.62001800864142,-4.29559313518787,-2.60805139748111,-5.27180413904779,-2.41334565429523,0.940392479326453,0.807260548734878,-0.00298062532168458,-1.17188797389739,-0.335817774932348
-12.2599232270555,-4.51470146817476,-4.26081904901674,-2.58321281260969,-5.25193303385004,-2.41135854382461,0.958276329892006,0.837563867677357,-0.0203676061714572,-1.22454593317057,-0.354695105490087
-12.0020967224714,-4.43273340598371,-4.23697396133532,-2.55241296732115,-5.25491369962811,-2.38850677341155,0.948340857335542,0.803783118618142,0.0223546895569068,-1.19772018042006,-0.338798406083361
-11.7745735258745,-4.36169441871553,-4.20518051111794,-2.54098721826829,-5.25093947858702,-2.39893910338571,0.931450554008895,0.813221857321818,0.0228514604378045,-1.1877847164318,-0.332340371949509
-11.6195795583471,-4.32692008936013,-4.20369019314021,-2.56880643333529,-5.24497814703015,-2.41582954237952,0.922508628719292,0.809247651553346,0.0029806251904341,-1.18679117003181,-0.279185783261907
-11.4253403231563,-4.26432629645842,-4.15152906388737,-2.57476769370988,-5.24696525754973,-2.41781665285026,0.950824725516413,0.834086437619845,-0.0293094820243258,-1.23845558271323,-0.251863331158997
-11.2579269670892,-4.21067447395881,-4.10383888856554,-2.60159336540949,-5.25342336673626,-2.4287457604412,0.968708576096594,0.854951017910825,-0.0312965655494043,-1.25087491270102,-0.186289446147021
-11.0328876490782,-4.15354521861028,-4.0611164398967,-2.61301911445642,-5.26087503118208,-2.41185532144167,0.998514993719665,0.869854289545691,-0.076502715733289,-1.2801845315095,-0.150521872487689
-10.8639839668755,-4.11877088924316,-4.03180685300231,-2.62543840690303,-5.28223646925489,-2.42079731856001,1.00000531460254,0.894693075599928,-0.072031777806856,-1.27124261392102,-0.106805949126283
-10.6458995069193,-4.04226736474186,-4.00299403878892,-2.59563210506395,-5.27577836007291,-2.40589399003291,1.01987625970518,0.905622141467768,-0.112766990034967,-1.30701028428917,-0.129657454526232
-10.3195179799057,-3.8614408519413,-3.96076836274211,-2.516148633328,-5.2603782535609,-2.38453255247807,0.999508540960261,0.889725318383557,-0.0844510498425651,-1.27968775833197,-0.208644179654831
-10.1456465428288,-3.82567297038038,-3.92052977740554,-2.51018737296342,-5.25242981148719,-2.37509377774493,0.945360215582892,0.844518727812407,-0.0317933364577141,-1.17983634511895,-0.173870149687572
-10.0616914773525,-3.83262783625219,-3.89767823507602,-2.54595493523841,-5.23206192867901,-2.40887465575472,0.959269877160425,0.868860738169909,-0.0417287540609143,-1.1977201802817,-0.101341458731619
-9.92209755206264,-3.8003373875647,-3.87880087403798,-2.55638714089511,-5.18685516439085,-2.41731987526101,0.992553710171494,0.904628590057347,-0.0928961548574394,-1.2568361910894,-0.0516642731245429
-9.73630350248713,-3.74171780391023,-3.8489945145113,-2.53800658807867,-5.16897116973065,-2.41731987526101,1.00546982447729,0.916551207360283,-0.0864381333999038,-1.2568361910894,-0.0486836419854592
-9.56789659644901,-3.69998860873473,-3.81620751906402,-2.54347107675693,-5.14860328691407,-2.41135854384928,0.993547257410181,0.922015740290583,-0.0874316751611749,-1.23646848991914,-0.00645803423000084
-9.35974764785835,-3.63689803984044,-3.80080756664532,-2.51366477487069,-5.10737074368123,-2.3825454420296,0.988082747512543,0.92400284317425,-0.100347718078941,-1.2498813663152,-0.0442126952832151
-9.22114727417835,-3.62199475585923,-3.80279465727867,-2.49975516733616,-5.10240296738372,-2.40837787815145,0.95281181998662,0.9160544316371,-0.0635866728667935,-1.19672663393364,-0.0153999276385092
-8.99412085603944,-3.51866532032801,-3.76156252664958,-2.46796177868816,-5.0934609700482,-2.36714533591188,0.966224707927058,0.91903508596144,-0.0824639663406739,-1.22057174751241,-0.0372578893127117
-8.87986248368646,-3.50972334994795,-3.74268516564007,-2.50124548241135,-5.09445452530683,-2.38552610776333,0.942876347429233,0.918538310240311,-0.0332836491487023,-1.16890733478032,0.0114257526092005
-8.75020407000525,-3.50177493183468,-3.72380780461825,-2.52906469748316,-5.10091263448788,-2.40837787817156,0.979140822251925,0.921518964569607,-0.071535006961863,-1.19672663393711,0.071535147219354
-8.61259724778767,-3.47147158777689,-3.72132394132903,-2.56284517290579,-5.08451897272061,-2.40390687961509,0.998514993735711,0.919035085963699,-0.0784897992878583,-1.22852011868352,0.110283352001251
-8.35278364454467,-3.37310991349472,-3.68456276460343,-2.51267123139915,-5.10140941212108,-2.38453255251529,0.991063389320495,0.922015740291059,-0.0933929257018029,-1.23746203627129,0.0655738849905237
-8.15158955427911,-3.30356125493334,-3.6651886309286,-2.49429067857907,-5.12326762780839,-2.34826778642155,0.94983117826794,0.885751112682491,-0.0442126084289416,-1.17238474707317,0.0611029382886358
-8.05819575446885,-3.30058059814124,-3.65922735902962,-2.49826485215958,-5.12128051729156,-2.34628067595105,0.928966685923258,0.877802701148027,-0.0387481287357135,-1.16145573667681,0.120715561019545
-7.91214374836267,-3.25438041785447,-3.65177576916418,-2.49975516725391,-5.13071929225282,-2.33435801313214,0.961256971711959,0.892209197047695,-0.038251357855072,-1.18281698424618,0.121212332875203
-7.74473039476181,-3.20271570014543,-3.61501459247996,-2.48733587481436,-5.15506139607904,-2.34379678786228,0.945856989264346,0.903138262904178,-0.0208643770061531,-1.15996541705866,0.15996053763982
-7.57632349012066,-3.13267026555987,-3.60011141273561,-2.46895532201564,-5.14760973163504,-2.3159772412707,0.95330859367692,0.908602795836323,-0.0044709379465892,-1.16791378824631,0.137109032268286
-7.48094258857275,-3.13614769847904,-3.59663400413297,-2.48038107105523,-5.13369995800977,-2.32889345931386,0.927476365042086,0.876312373964556,0.00695479231602081,-1.14953317986,0.167412115494949
-7.29514854070802,-3.07107002525955,-3.57576955251561,-2.45603925787912,-5.14363551059877,-2.30256424558515,0.931947327692922,0.870847841031275,-0.0223546896324828,-1.16841056141867,0.163934712502665
-7.17095465848901,-3.03033438247108,-3.5390083758499,-2.453555399389,-5.14611939874587,-2.27126725568386,0.893695758357311,0.881280131180153,-0.0124192720117244,-1.13562353027394,0.173373377763099
-7.06563824631813,-3.01394077012817,-3.52360842346497,-2.45752957297187,-5.14959684214995,-2.2807060304152,0.887237701198339,0.865880083816323,-0.0402384413396049,-1.12717838588292,0.200695829828347
-6.93548305792469,-2.95730829118201,-3.48883433744736,-2.46200051824956,-5.12525473831251,-2.26182848094873,0.906115099044299,0.865880083816323,-0.0611028183375638,-1.14257835507186,0.193741023844015
-6.84258603406552,-2.92948882781486,-3.46796988582258,-2.47292949560001,-5.11084818706143,-2.2687833675925,0.896179626487563,0.863892980931674,-0.0437158375121198,-1.12717838590537,0.214108669925992
-6.69653402866399,-2.87434667722895,-3.42276357399098,-2.48932296162791,-5.10786752128654,-2.25984137047737,0.898663494625088,0.866376859536549,-0.0506706298492116,-1.12072033431052,0.232986000437297
-6.5321013289113,-2.82218518346549,-3.40388621301334,-2.45951665976231,-5.08849319373917,-2.26778981235597,0.898166720998003,0.849486485032393,-0.0730253194901563,-1.12419774670784,0.191257164538631
-6.47248826557947,-2.80529479500822,-3.38252498876088,-2.47889075597136,-5.07209953197548,-2.26083492571235,0.889721569327655,0.826634801870806,-0.0461996919239857,-1.08743652998637,0.207153863917431
-6.39846871197337,-2.81721742215704,-3.35669281056872,-2.50025193895524,-5.05620264783732,-2.25735748239072,0.892702211091831,0.82117026893866,-0.0645802145068233,-1.09737199397568,0.245902068669484
-6.29861683104682,-2.79337216786442,-3.34725413007948,-2.51118091630353,-5.05520909257873,-2.26431236903228,0.9210183078627,0.847499382161283,-0.0809736535812759,-1.09935908677333,0.282663185992891
-6.20671335867186,-2.75909461486675,-3.33384126833917,-2.51366477478953,-5.0343444321474,-2.25934459286037,0.937411837573045,0.840544522062121,-0.0630899018788361,-1.10035263317168,0.297069569815925
-6.0730807420782,-2.69401694177737,-3.32042840660283,-2.49478745027465,-5.01944110326933,-2.27126725567499,0.94287634748305,0.831105783356238,-0.034277190806219,-1.07253333406355,0.296572797960173
-5.96875788139345,-2.65179097064353,-3.29558977375371,-2.48584555971431,-5.02242176904473,-2.25636392715356,0.927476365017799,0.83458321340722,0.0104321884520763,-1.03229470495857,0.288127676414901
-5.89324800140789,-2.64881031386065,-3.29459622843998,-2.47690366915993,-5.03633154266258,-2.25238970621518,0.906611872660601,0.828621904752034,0.0198708351919127,-1.00695927178348,0.335817774566764
-5.83760914235982,-2.63688768671334,-3.27869950340995,-2.48236815783739,-5.03384765451687,-2.2518929285977,0.931947327669569,0.840544522056829,0.0158966681474138,-1.01143023057245,0.356682192492703
-5.75266052735707,-2.624468283446,-3.27522209481257,-2.48137461444137,-5.02192499142163,-2.25040259574551,0.946353762860534,0.836570316288874,0.0367610451515187,-1.00298508618254,0.377049838559825
-5.68907326006256,-2.60012625306249,-3.26478986901825,-2.48435524462595,-5.00404099677878,-2.23301537913957,0.929463459531583,0.833589661963062,0.0586189639118218,-0.980630292211038,0.438649548679308
-5.54848578625536,-2.58422941687846,-3.27522209481257,-2.48187138613656,-5.00056355337605,-2.22804760296681,0.939398932084528,0.830609007635625,0.0317933363456513,-0.998514127363829,0.444114039089183
-5.46155006920639,-2.53802923671033,-3.25882859713433,-2.49826485216285,-5.00801521781428,-2.21860882823926,0.920024760608666,0.823654147537909,0.044212608362911,-0.953307766255007,0.474417122264265
-5.39498214880528,-2.51170010179021,-3.24591250805241,-2.50869705781903,-5.00553132966802,-2.21115716398052,0.905121551787379,0.813221857397433,0.0566318803902309,-0.960262591048445,0.494287996477836
-5.36716271939472,-2.52759693795686,-3.23697060023149,-2.52360020874152,-5.00602810729709,-2.22655727011689,0.919527986975201,0.828621904756461,0.0402384413302647,-0.96374000344309,0.547442585017444
-5.32543357532263,-2.54597765476545,-3.23100932835212,-2.54396784835044,-5.02887987824791,-2.21364105206799,0.935921516695379,0.841041297789549,0.00794833409093693,-1.01838505530174,0.595132683139032
-5.24545271575252,-2.52759693794255,-3.22703514709967,-2.54645170683902,-5.02341532432667,-2.224073382032,0.959269877202117,0.863396205245042,-0.0163934390485533,-1.02931406566738,0.623448678900827
-5.2007429184977,-2.53057759472543,-3.22057710256186,-2.57874186719303,-5.00851199545077,-2.21612494015726,0.972185991521295,0.860912326638167,-0.0203676060963689,-1.02732697287079,0.659713024329087
-5.0864845476178,-2.49480971331962,-3.20418360489043,-2.56483225965334,-5.00354421916024,-2.19774416831786,0.975663406911933,0.876312373979192,-0.050670629836335,-1.05961723082278,0.680080670388234
-5.07009095528133,-2.50226135527924,-3.20418360489043,-2.58867730117117,-5.01447332699728,-2.20370549972719,0.967715028876947,0.876809149700231,-0.0526577133596087,-1.05216563283484,0.725783681034407
-5.02091017834161,-2.50077102688923,-3.18779010722676,-2.59066438796113,-5.01795077039883,-2.20917005351624,0.9965278992522,0.893202748486446,-0.0899155294424838,-1.08942362280216,0.738699749272181
-5.04177475037725,-2.48735807136728,-3.17686110877573,-2.58370958419249,-5.01099588359513,-2.2200991610977,0.997024672879704,0.912577001606486,-0.0765027156549538,-1.0998558599825,0.785893075505517
-4.96725842171324,-2.45208696613849,-3.15748697517666,-2.56185162949375,-4.99807966523726,-2.23500248961661,1.02385044876387,0.929467376125123,-0.0844510497451221,-1.14704931388982,0.768506060572047
-4.90118727700874,-2.42178362221017,-3.13910638688492,-2.5449613917674,-5.00801521782409,-2.24394448672738,1.02285690150869,0.924996394634605,-0.0710382359641769,-1.12171388072615,0.775460866544261
-4.84554841827835,-2.39197705440649,-3.11724839000941,-2.5494323370463,-5.00503455204985,-2.25040259575532,0.989573068471302,0.918538310259748,-0.0630899018728381,-1.11923001472991,0.775957638399409
-4.79587086590027,-2.37061568081947,-3.11526129938342,-2.53552272950627,-4.98218278109904,-2.24940904052108,1.01242465532936,0.930957703284769,-0.0611028183489302,-1.11525582913482,0.789370478484968
-4.70247706746392,-2.33832523238144,-3.09240975720013,-2.51217445972569,-4.98019567058259,-2.2429509314952,1.01987625974011,0.93046092756382,-0.0655737562756925,-1.10631391156245,0.791357565906029
-4.62199943260207,-2.30653156005016,-3.07551948688224,-2.48038107106905,-4.98267955872782,-2.2429509314952,1.00546982453736,0.924499618906002,-0.0432190666418812,-1.08346234441672,0.791357565906029
-4.54499922642726,-2.26182170836909,-3.06459048844352,-2.47591012579048,-4.98913766790573,-2.25636392716037,0.975663406881781,0.887241439833841,-0.010432188499012,-1.04073984929213,0.769499604281136
-4.40888273288754,-2.20916343857152,-3.04770021812362,-2.4282200427831,-4.96479556409486,-2.23351215676616,0.95380536726769,0.867867186703734,0.00794833408382559,-1.02136569453737,0.732738487026724
-4.34579224139615,-2.19972469210363,-3.03329381109908,-2.43418130315416,-4.96082134306456,-2.24195737626083,0.923502176009719,0.840544522052235,0.079483340902369,-0.957281951839439,0.752112589374884
-4.18980472706515,-2.15948582558347,-2.99901649782161,-2.43517484654953,-4.96827300749718,-2.23549926723481,0.939895705709783,0.823654147538425,0.0889219876364131,-0.9503271270519,0.714357928393058
-4.18732084944675,-2.21313764764251,-3.01242935954166,-2.46895532200307,-4.9523761233756,-2.24791870767446,0.921018307869486,0.808750875905109,0.100844488770495,-0.891707889584889,0.782415672514358
-4.11677872521358,-2.19426015472321,-3.00348745173134,-2.46349083332993,-4.93200824057779,-2.22854438060542,0.946353762859803,0.823157371815257,0.0849478205846956,-0.908598178356865,0.79086079405028
-4.04573982540321,-2.18432463213035,-3.00895195094754,-2.46150374653919,-4.92902757480398,-2.21066038637856,0.95330859364876,0.811731530223628,0.110283135480007,-0.861901497688795,0.802783318571822
-3.98861064028757,-2.16693746759704,-2.99255845329213,-2.47541335407922,-4.92455657614267,-2.22357660442692,0.948340857377706,0.816202511710661,0.128166887186397,-0.842030569725977,0.807751037120788
-3.94390084328433,-2.15352451210499,-3.00348745172373,-2.48683910311739,-4.90716935913195,-2.21215071923163,0.942876347476791,0.815705735989699,0.140089388322235,-0.86388859046596,0.821660649065216
-3.83411345292381,-2.08795006305689,-2.98212622752251,-2.49230359178917,-4.90965324727749,-2.21016360876336,0.945360215616009,0.811731530216787,0.154495743850942,-0.858920858481443,0.78589307549238
-3.75562292041614,-2.07105967466607,-2.96970691112352,-2.47938752765667,-4.90418869335758,-2.20221516688678,0.943373121103903,0.799808912898363,0.179831058743144,-0.824146734614706,0.805267177842371
-3.71041634790423,-2.04920152497326,-2.94884245957536,-2.49975516726055,-4.93548568397688,-2.22457015966349,0.934431195799671,0.792854052795587,0.205166373627264,-0.811230631455989,0.815699386796679
-3.65825491804841,-2.03976277850914,-2.9403973244288,-2.51465831819594,-4.94889867995722,-2.22158949395914,0.91754089245368,0.802292791497792,0.174366579055831,-0.814708043844829,0.829112226877891
-3.67216463266355,-2.05963382369571,-2.94834568692168,-2.53303887101919,-4.95088579047305,-2.2315250463076,0.884753833038802,0.795337931399533,0.181818142263809,-0.805269353065867,0.90164091767714
-3.54797075205082,-1.98313029968557,-2.91853932755835,-2.49528422198663,-4.95784067727472,-2.19824094594413,0.901644136370515,0.807757324428104,0.161947307036437,-0.834578971776458,0.852957275909754
-3.46848666864052,-1.95680116484964,-2.90015873929654,-2.49478745028914,-4.95535678913003,-2.2066861654338,0.862399019801905,0.781428211204798,0.194734185155967,-0.794340342668281,0.836563804691195
-3.3999316466327,-1.92451071645169,-2.87979106040882,-2.47690366918128,-4.94244057078187,-2.20370549973065,0.84203130105532,0.768015266718956,0.197218039555762,-0.769501682785844,0.835570260981214
-3.37956385023097,-1.94487853776342,-2.87482333384974,-2.47392303899332,-4.95684712202736,-2.20618938781768,0.814211977912389,0.744666807830703,0.225037208845405,-0.748637208447557,0.87829264047465
-3.33087984913839,-1.94934952292659,-2.85197179168269,-2.48336170124714,-4.97175045089279,-2.20817649828603,0.818682940558714,0.76106040661564,0.216095332994186,-0.753604940437472,0.910086039185029
-3.34677666581306,-2.00598200163923,-2.87233947057161,-2.53750981634784,-4.97373756140943,-2.21016360875429,0.816695846047367,0.786892744124798,0.199205123062942,-0.745656569264983,0.982117958150392
-3.33982180851385,-2.0184014048666,-2.87084915260435,-2.57079352009077,-4.96827300749098,-2.21513138492684,0.848489358215051,0.825144474661741,0.160953765272314,-0.787385517912809,1.02434356580093
-3.35273797208054,-2.05367251006275,-2.89717810337179,-2.61947714654469,-4.95386645624759,-2.21662171777938,0.869850624212325,0.865383308078492,0.123199178374592,-0.819179002627196,1.08345941648617
-3.28517650118703,-2.01691107650161,-2.89568778540519,-2.59761919184325,-4.94691156944187,-2.21066038637181,0.909095740786285,0.870847841009217,0.101838030499138,-0.847495074960327,1.08395618834093
-3.19873756048671,-1.96375603066499,-2.87979106042318,-2.57675478053165,-4.96678267461071,-2.20519583257964,0.910586061670059,0.858925223692032,0.129160428904922,-0.813714497474565,1.07849169794323
-3.1957569073594,-1.97120767260314,-2.89370069478614,-2.61202557107305,-4.97721500481764,-2.22804760297337,0.902637683633556,0.847499382106044,0.149528035012728,-0.782417785971696,1.15151716057016
-3.23549894903373,-2.00151101647346,-2.89966196665263,-2.64878667672002,-4.98466666925262,-2.23997026578748,0.910089288051819,0.867370410957178,0.1351216794819,-0.789869383948174,1.21907813281787
-3.19724723393516,-1.99704003131414,-2.89370069478773,-2.67064463140958,-4.98267955873824,-2.24891226289807,0.946353762877478,0.909099571548896,0.0879284458336867,-0.853953126511933,1.25732956563278
-3.09342115009013,-1.96077537386887,-2.87581687918721,-2.66865754461785,-4.98019567059174,-2.23053149106022,0.950824725528314,0.902641487170516,0.0640834435877614,-0.844514435747479,1.21957490468764
-3.05765331261165,-1.93693011967508,-2.88128137839824,-2.66518014273435,-4.97473111667316,-2.21860882825266,0.917044118840017,0.864886532371998,0.089915529369396,-0.784404878757921,1.21460718614095
-3.01045963813756,-1.91010420868901,-2.85495242764406,-2.62345132007504,-4.96330523120509,-2.21910560586976,0.919031213351364,0.855447793670775,0.0948832381741661,-0.780927466371017,1.21560072984983
-2.9622724126163,-1.88774928288444,-2.84253311125536,-2.61749005969912,-4.95684712203062,-2.22059593872172,0.901147362763869,0.845512279252951,0.101341259624409,-0.765030724018036,1.23547160402157
-2.83311077724227,-1.8261490428579,-2.78838489179742,-2.5548968257086,-4.95684712203062,-2.18731183837093,0.89021834295444,0.81868639031786,0.1207153239623,-0.732740466105414,1.19125890898021
-2.83658820588686,-1.83409746092033,-2.79533970897601,-2.58569667097658,-4.96876978512759,-2.19575705786542,0.838553885674907,0.791860501370223,0.157476369129329,-0.661205125556803,1.2424264099852
-2.82565914443976,-1.84751041640053,-2.79037198242223,-2.60109659360924,-4.94989223521674,-2.1743956203264,0.850476452740716,0.825641250416273,0.130650741603979,-0.680082507085461,1.25534247819665
-2.74170408149627,-1.82167805769167,-2.76155916839746,-2.5648322596732,-4.93697601686607,-2.15402773801787,0.844515169211063,0.84700260641931,0.120715323992976,-0.692998610239043,1.22056844839236
-2.7059362439866,-1.82763937124451,-2.74268180749418,-2.58321281252191,-4.93647923923699,-2.1535309604005,0.832095828512266,0.825144474681927,0.156482827360986,-0.661701898757736,1.25583925003125
-2.6850716721387,-1.81571674415714,-2.74069471687301,-2.5702967483843,-4.95287290098638,-2.12769852431253,0.832592602139513,0.82117026891521,0.157476369123135,-0.651766434780014,1.26726500268254
-2.70444591741759,-1.81025220673871,-2.76056562309699,-2.57129029178014,-4.94889867995261,-2.12521463622744,0.831102281256023,0.831105783342584,0.168405328489338,-0.64133419762483,1.31793573183687
-2.65923934512033,-1.78889083321054,-2.72926894582156,-2.57129029178014,-4.9583374549038,-2.13365985571551,0.834579696653298,0.844518727819016,0.146547409753178,-0.66418576472212,1.32538730965665
-2.60757469105882,-1.76554235515487,-2.70641740369105,-2.56532903140731,-4.95386645624412,-2.13415663333261,0.830108734002462,0.823157371793779,0.157973139999522,-0.632392280071759,1.33333565932673
-2.57677460881432,-1.76454880289738,-2.70293999510386,-2.55539359745137,-4.94790512470026,-2.12024686005124,0.808250694371683,0.805770221550167,0.181321371379363,-0.598114929419011,1.3323421156184
-2.59217464992091,-1.7824327435337,-2.71386899351249,-2.57178706347766,-4.94989223521599,-2.12968563477279,0.799308769068182,0.806763772992878,0.181321371379363,-0.58420527987379,1.38549670403245
-2.55292938381655,-1.77001334031233,-2.69499163260586,-2.55688391253564,-4.94889867995764,-2.12273074813004,0.833586149394997,0.820176717471401,0.179334287858528,-0.613514898537783,1.38350961661611
-2.56286489422282,-1.78789728096445,-2.69300454198475,-2.5871869861376,-4.95237612336097,-2.13564696617457,0.828121639490804,0.796828258578295,0.17486334993418,-0.609043939752963,1.4143094715636
-2.60360048685929,-1.8018070125734,-2.71188190289194,-2.6259351785648,-4.95635034439107,-2.1560148484831,0.831102281255874,0.796828258578295,0.163934390556443,-0.616992310928821,1.47690272518768
-2.59813595613304,-1.80429089322086,-2.7292689458284,-2.63040612385487,-4.95386645624584,-2.16147940227481,0.867863529699759,0.823157371804337,0.11823146957499,-0.636863238847406,1.49826391489622
-2.56981975150948,-1.81025220676379,-2.71983026538109,-2.65325762195014,-4.9404534602681,-2.17439562031524,0.860908698917061,0.838557419145762,0.113263760763757,-0.632392280059149,1.51416061423125
-2.52560673025344,-1.80776832611946,-2.691017451364,-2.66170274081675,-4.93498890634792,-2.18135050695416,0.862399019800551,0.84700260640497,0.113760531643899,-0.616495537738601,1.52558636687406
-2.53007770992764,-1.83558778932274,-2.71983026536147,-2.65822533893385,-4.91660813407856,-2.18135050695416,0.864386114312982,0.842531624913872,0.123199178373773,-0.596624609826334,1.55837330926317
-2.52660028129262,-1.84800719254097,-2.76006885043823,-2.67710266345387,-4.9111435801625,-2.17091817699721,0.865876435196716,0.851473587904084,0.114257302529356,-0.607056846971292,1.58718607680285
-2.51964542401672,-1.84105232673971,-2.76801721292429,-2.70541865024125,-4.93300179583179,-2.18582150551329,0.893695758358611,0.86389298093685,0.104818655804579,-0.635869692443316,1.62543750955429
-2.51765832193794,-1.83956199835284,-2.78540425586177,-2.71883148609088,-4.93151146294497,-2.19277639215265,0.910586061705984,0.88724143982571,0.0993541761214106,-0.635869692443316,1.65623736448808
-2.48934211731767,-1.8405555506103,-2.78788811913775,-2.728766920051,-4.915614578818,-2.18532472789485,0.921515081506771,0.901647935736605,0.0839542788283241,-0.635372919245239,1.67114052010804
-2.43718068772774,-1.80627799770565,-2.7943461636572,-2.70442510682615,-4.91611135644709,-2.18731183836387,0.919527986995748,0.906615692950292,0.0953800090774725,-0.610037486151393,1.68008241347506
-2.38849668677951,-1.78441984803812,-2.769010758234,-2.69697353135357,-4.9185952445913,-2.15055029469789,0.896179626489647,0.888731766995888,0.108792822858418,-0.585198826238025,1.67312760752209
-2.34478044101143,-1.77051011641571,-2.76354625902346,-2.68455423888362,-4.90170480521171,-2.14160829758485,0.87183771874456,0.868363962427973,0.131147512481804,-0.570792403494952,1.69200493795189
-2.33981268581754,-1.76703268351548,-2.77000430353946,-2.67809620681058,-4.89723380655441,-2.15651162610186,0.881276417663292,0.867867186707476,0.133631366887573,-0.559863393128146,1.69945651576282
-2.3159674609021,-1.74567130998507,-2.7754688027458,-2.67908975020689,-4.89474991840936,-2.15104707231397,0.879289323151946,0.859421999448268,0.126676574564479,-0.551418248775836,1.71982416176948
-2.29808354220997,-1.71338086162718,-2.75609466919032,-2.69548321623156,-4.88431758820976,-2.16346651274311,0.883760285804123,0.880286579731117,0.12220563664035,-0.562347259124977,1.74019180778438
-2.26330925588573,-1.70294856292343,-2.73175280907063,-2.69945738981698,-4.90220158284957,-2.17439562031717,0.891708663848645,0.893202748487373,0.136115221285514,-0.54943115599398,1.77049489086215
-2.24989631685897,-1.70394211518062,-2.72777862782713,-2.69051549924823,-4.89425314078531,-2.17042139937862,0.866373208827931,0.896680178535102,0.13561845040514,-0.513166712562259,1.78937222129628
-2.15650251932953,-1.65923226361803,-2.71188190285501,-2.66219951246505,-4.88978214212552,-2.16346651273926,0.863392567061885,0.876809149695327,0.131147512481451,-0.501244155817426,1.75360464782237
-2.08645717119263,-1.61601274045675,-2.69449485993091,-2.64729636152672,-4.88829180923925,-2.15104707231485,0.801792637189963,0.855944569407057,0.189766476308687,-0.438650732965085,1.72628219584785
-2.05416676245203,-1.59812879983059,-2.68604972479059,-2.64928344831948,-4.8858079210939,-2.15303418278404,0.783412012952735,0.838060643431743,0.210134082389,-0.401392743183377,1.72826928326245
-2.07850876291459,-1.61799984498205,-2.69350131461697,-2.67710266343119,-4.89127247501222,-2.19029250406751,0.778941050299216,0.858428447989604,0.233979084644288,-0.37903794928948,1.78092709973092
-2.04919900727091,-1.59614169530625,-2.68108199823599,-2.67362526154098,-4.88630469872675,-2.1798601741066,0.768508804112795,0.885254336928181,0.208643769735919,-0.400895970007452,1.77645615305105
-2.03578606825221,-1.61203853142575,-2.68803681540986,-2.69051549927485,-4.88978214212679,-2.17489239793321,0.735224971061797,0.872338168190715,0.257824086907369,-0.377050856501991,1.8256365665654
-2.01839892509867,-1.6160127404532,-2.68704327009948,-2.70591542192388,-4.89127247501378,-2.17489239793321,0.735721744689654,0.880286579728897,0.263288566590001,-0.397915330791078,1.83159782880913
-2.01988925165587,-1.62545148689171,-2.69697872320206,-2.70243802003874,-4.91611135645014,-2.16843428890923,0.740192707340734,0.876809149683337,0.289617423240098,-0.368605712141838,1.85842350890913
-2.04671512967328,-1.63439345720893,-2.71486253879676,-2.71485731249825,-4.9031951380976,-2.18184728457526,0.737708839202194,0.897673729963476,0.27223044243215,-0.365128299761936,1.87879115489822
-2.00200533296808,-1.61700629271401,-2.70144967710689,-2.7083992804233,-4.91015002490366,-2.17290528746599,0.74913463264727,0.907609244382073,0.267262733627746,-0.370096031734738,1.86537831485391
-2.03280541509447,-1.64581930815577,-2.7168496294234,-2.76105708043795,-4.9255501314026,-2.17588595316832,0.746650764508526,0.915060880199408,0.285643256196598,-0.362147660575727,1.92946188397004
-1.99206982264888,-1.65078706943465,-2.71386899349537,-2.73323786538264,-4.91760168934431,-2.17538917555148,0.775960408586464,0.933938357604062,0.240437106141418,-0.400895969935874,1.95231338925921
-1.96971492431381,-1.64979351717804,-2.71933349270332,-2.75211518992367,-4.90518224862207,-2.14607929614802,0.759566878845721,0.921022188833709,0.260804712201239,-0.385992774043915,1.98410678787826
-1.94586969937065,-1.64085154685781,-2.72380444660074,-2.75906999370761,-4.90518224862207,-2.14508574091302,0.783908786612711,0.896183402784634,0.251862836358798,-0.385496000846575,1.99404222493934
-1.91655994376046,-1.64134832298659,-2.72579153722108,-2.77198605787429,-4.92505335377115,-2.16595040083949,0.805270052607072,0.892209197018331,0.255340232524569,-0.343270279027973,2.02186144871638
-1.85943075912971,-1.59167071014866,-2.71436576615125,-2.75658613523402,-4.94939545758793,-2.16595040083949,0.813715204282485,0.894196299901586,0.231992001155043,-0.321412258341273,2.00199057457707
-1.86588884087107,-1.59812879981969,-2.70343676774101,-2.77645700318569,-4.93647923923758,-2.15949229181907,0.792850711900823,0.887738215527065,0.262295024822867,-0.282167175769128,2.04918390063918
-1.81720484004729,-1.60160623271904,-2.69399808729342,-2.7968246428072,-4.94194379315762,-2.15998906943624,0.794837806412061,0.892209197014097,0.245404814900328,-0.30154133046434,2.06408705624185
-1.74964336953856,-1.57825775467564,-2.68306908887217,-2.79434078431469,-4.93995668264257,-2.14756962900447,0.800302316316403,0.871344616733959,0.267759504507803,-0.285644588164426,2.05862256585564
-1.75659822679869,-1.58471584434369,-2.69300454197475,-2.81719228243538,-4.94194379315902,-2.13962118713243,0.797321674548814,0.866873635246229,0.290610964997968,-0.256831742740489,2.10134494523904
-1.74815304298617,-1.57328999338845,-2.68008845293413,-2.8117277937482,-4.92306624325869,-2.14260185283514,0.783908786593747,0.865880083804085,0.279185234754428,-0.241431773629493,2.11873196009629
-1.79733381923955,-1.59415459077116,-2.71585608410553,-2.86239850691346,-4.95784067728645,-2.16247295751693,0.788379749245558,0.868860738129432,0.284649714436791,-0.235967268458469,2.18331230105429
-1.8499920242377,-1.63985799461857,-2.73821085361115,-2.89568221075269,-4.95635034440029,-2.19277639215505,0.810237788896604,0.914067328787491,0.241430647895218,-0.266767206648238,2.23597011745677
-1.80875965615914,-1.62743859140165,-2.74367535282072,-2.87978551639292,-4.94889867996658,-2.18383439504201,0.823650676835945,0.947351302085903,0.214605020344191,-0.287631680947826,2.23944752042752
-1.80577900304811,-1.62346438237178,-2.74665598875167,-2.87134039751377,-4.93300179584577,-2.17836984124995,0.813715204283545,0.930460927569899,0.22950814676216,-0.276702670610267,2.25037650119133
-1.81919194203695,-1.64184509910964,-2.75559789654478,-2.89915961261448,-4.93598246162124,-2.17638273078088,0.802289410839404,0.927480273244939,0.226030750598436,-0.272728485033604,2.2945891961367
-1.76554018608108,-1.6378708900811,-2.76354625902425,-2.86985008239263,-4.95138256811682,-2.18333761741833,0.80825069437946,0.932448030456303,0.200695435731725,-0.267760753068302,2.27918926869149
-1.7387143081156,-1.6284321436412,-2.75857853247502,-2.86488236540988,-4.96727945225614,-2.17787306363009,0.784902333858716,0.90313826291116,0.221063041813038,-0.235470495254067,2.30750526431998
-1.76603696160874,-1.63737411395297,-2.76702366761809,-2.88475323335861,-4.98715055741534,-2.18284083980201,0.768012030512725,0.922512516029187,0.232488772047325,-0.22801889730562,2.36811143037628
-1.74815304294362,-1.65376772619517,-2.7754688027599,-2.87531457108821,-4.9886408903028,-2.19426672499392,0.779437823952503,0.927977048958493,0.222553354446075,-0.258322062321654,2.38152427040505
-1.66121732738795,-1.60558044179252,-2.74814630674521,-2.84103732390251,-5.02242176908409,-2.18482795026997,0.793347485535346,0.926486721795181,0.237456480849413,-0.265773660277009,2.34476315326862
-1.65326891909819,-1.6065739940493,-2.74268180753354,-2.8390502371093,-5.0199378809373,-2.19774416832215,0.75310882162954,0.883764009754142,0.274217525946974,-0.199206051957821,2.3621501681226
-1.60160426513674,-1.57627065018407,-2.71635285678559,-2.80427621817408,-5.03434443217475,-2.20022805640897,0.749631406232264,0.874325271054145,0.296075444669187,-0.186289948839825,2.34873732810269
-1.55242348884052,-1.55341894828199,-2.70095290447227,-2.7774505464705,-5.05173164919095,-2.18085372934238,0.72429595122744,0.854454242226241,0.32886232278228,-0.158967422976021,2.3556921340432
-1.51069434532252,-1.55093506763866,-2.71833994741336,-2.7744699162787,-5.06315753465153,-2.17638273078619,0.720818535832819,0.860415550880652,0.350223470628898,-0.133135216748923,2.35916953701282
-1.50920401876785,-1.5703093366481,-2.71883672006867,-2.7849021219514,-5.03533798743067,-2.17787306363797,0.719328214948273,0.853957466508313,0.382513577840488,-0.121709433220709,2.39642742597057
-1.51715242705054,-1.57925130696325,-2.74119148956238,-2.80328267479738,-5.03335087691446,-2.20022805641515,0.737212065556737,0.861409102322938,0.391952224559244,-0.133631989939645,2.41729184379801
-1.55739124400926,-1.59763202371811,-2.76255271373449,-2.82464385783197,-5.01099588359708,-2.2096668311411,0.765528162354631,0.904628590043276,0.400894100393346,-0.133135216742937,2.46746580091088
-1.54497185605423,-1.60955465080573,-2.74665598876284,-2.81768905404768,-4.99658933235474,-2.21115716399288,0.788379749230762,0.908106020088023,0.381023265199137,-0.138102948708239,2.46746580091088
-1.49976528392854,-1.57627065020467,-2.72926894582844,-2.82762448801663,-4.99758288761311,-2.21165394161004,0.774470087650953,0.905622141483987,0.37108784759301,-0.119722340413982,2.45256264532307
-1.57328806049356,-1.6413483229779,-2.76652689495042,-2.88823063525427,-4.98864089028323,-2.23202182391383,0.75310882164436,0.918538310228835,0.386984515744477,-0.0973675465568004,2.52856873882145
-1.57030740738553,-1.6552580545772,-2.76106239574052,-2.90363055790673,-4.96827300749085,-2.22009916109618,0.793347485550166,0.9697062095225,0.364133055286276,-0.149031958963108,2.53105259808563
-1.50075883490936,-1.66171614425013,-2.77497203009278,-2.91704339377461,-4.97075689563626,-2.20668616543044,0.792850711921929,0.989577238359179,0.362642742646875,-0.130651350695141,2.51863330176655
-1.47790716110682,-1.67016133842876,-2.7863978011626,-2.92399819754617,-4.95585356676433,-2.21215071921684,0.786392654758202,0.994048219847258,0.373571702006104,-0.0894191753760328,2.5260848795585
-1.48933299801572,-1.6726452190721,-2.77795266601754,-2.94933355419052,-4.96280845356954,-2.20966683113043,0.750624953517864,0.984609481143582,0.378539410804412,-0.0928965877506853,2.55837504997507
-1.4530683852123,-1.65774193521727,-2.77695912070693,-2.94983032588935,-4.98963444553186,-2.21016360874771,0.75907010519535,1.00050630421003,0.378539410804412,-0.08842562898067,2.55042670033391
-1.44213932382424,-1.65724515908856,-2.76851398556136,-2.96721733535373,-5.00503455203753,-2.17340206508096,0.754102368916982,0.99255789267433,0.388474828398348,-0.080974031030447,2.57526529297023
-1.40786181307764,-1.63985799459035,-2.75460435121363,-2.96075930327112,-5.01546688224927,-2.17340206508096,0.731250782030881,0.963744900871625,0.376552327285333,-0.0705417939026216,2.56085890925174
-1.36166168993768,-1.62843214363126,-2.77844943867676,-2.96970119385136,-5.02391210194183,-2.17986017410644,0.712373384178745,0.947351302083708,0.402881183913461,-0.058122463991833,2.56980080259588
-1.36215846545511,-1.64780641263215,-2.78937843709057,-2.98311402971725,-5.03335087689875,-2.181350506958,0.697470175331449,0.946357750642003,0.43368097847658,-0.0233483402411634,2.62841988120655
-1.33135838335495,-1.65426450230644,-2.7878881191241,-2.96771410704118,-5.01844754802428,-2.17042139937816,0.711876610547948,0.973680415265819,0.426229415282134,-0.0203677010622189,2.65524556122741
-1.31099058712604,-1.63836766619363,-2.80577193472674,-2.96423670515088,-5.02589921245817,-2.16396329035446,0.704425006127653,0.962751349408769,0.420764935603525,-0.0014903195895707,2.68554864423699
-1.32241642401991,-1.61849662105177,-2.79782357223833,-2.95181741268031,-5.03037021112067,-2.15949229180091,0.700947590729619,0.951822283551151,0.442126083424458,-0.00347741237442879,2.72280653318169
-1.32340997505438,-1.61303208364173,-2.81073966128315,-2.97268182400945,-5.03881543081344,-2.16247295750312,0.700450817101545,0.950828732109446,0.456035668054944,-0.0104322371206947,2.73770968876108
-1.28267438261982,-1.59415459075895,-2.81570738783855,-2.9622496183285,-5.04278965184605,-2.15055029469203,0.724792724897742,0.957286816486148,0.485345149940153,0.00447095876613426,2.72380007689279
-1.26230658641023,-1.58918682947609,-2.82266220501406,-2.95330772775135,-5.03782187555408,-2.14260185281679,0.712870157822506,0.939899666256539,0.492299942255908,0.0134128763029679,2.75310961618609
-1.26578401503319,-1.56931578433633,-2.83508152140607,-2.95777867304463,-5.03533798740722,-2.15601484847232,0.696476628094281,0.951325507838075,0.492299942255908,0.042722494878458,2.7839094710319
-1.23448715743497,-1.58471584431981,-2.84551374716579,-2.9721850523087,-5.0179507703906,-2.15353096038617,0.697966948979031,0.958777143653281,0.505712756007556,0.0566321443731999,2.81023837920283
-1.24044846364191,-1.57974808303497,-2.82812670422058,-2.98212048629142,-5.03434443215668,-2.1351501885491,0.685547608276168,0.965235228025956,0.503725672489646,0.0591160103543709,2.8325931125537
-1.25783560675809,-1.58968360560569,-2.83706861201898,-2.98857851837819,-5.01149266121584,-2.13912440948706,0.702934685263495,0.967719106630121,0.515151402718887,0.0635869691176372,2.84203177774502
-1.23448715744872,-1.57080611271656,-2.83905570264097,-2.99752040896286,-5.04278965186473,-2.13018241238007,0.706412100658874,0.950331956419482,0.522106195033788,0.0586192371524666,2.82712862218028
-1.18977736090535,-1.55788993338277,-2.80676548003895,-2.99106237688248,-5.0477574281555,-2.1336598557003,0.716844346846434,0.948344853535711,0.541977030221659,0.083457896955955,2.84550918071495
-1.17487409539262,-1.56732867982307,-2.81620416049436,-3.00894615804253,-5.03583476505766,-2.15452451562412,0.711876610562376,0.935428684786836,0.546447968134816,0.0948836804660136,2.86090910813443
-1.17089989125497,-1.57130288884843,-2.81471384252715,-3.02235899390842,-5.05024131630629,-2.16296973511576,0.71833466772628,0.928970600414497,0.553402760446475,0.126677164999325,2.88525092890115
-1.14556433989535,-1.5673286798224,-2.81272675190481,-3.02682993919959,-5.07358986488846,-2.18085372933466,0.736715291958998,0.942383544882217,0.555389843962581,0.130154577371215,2.92101850226615
-1.16245470748265,-1.58372229205978,-2.8196815690832,-3.0382556882711,-5.07110597674292,-2.19227961453116,0.741683028241294,0.937912563392047,0.555389843962581,0.161948061912103,2.95777961931297
-1.10482874750568,-1.5832255159315,-2.80626870738023,-3.02881702598647,-5.05272520446553,-2.2007248340219,0.769999125035327,0.922512516041421,0.559860781878261,0.159464195932905,2.9716892311704
-1.07452544097867,-1.57030933658984,-2.81173320659028,-3.02384930899769,-5.07060919911142,-2.20867327589849,0.7809281448531,0.923506067483228,0.573273595621023,0.192251226843993,2.9746698622829
-1.04173825685765,-1.56782545594781,-2.82812670422385,-3.02484285239623,-5.06266075704138,-2.22854438058784,0.786392654763403,0.903138262915844,0.585692867604757,0.248386597930763,3.00298585784123
-1.01093817477418,-1.56285769466193,-2.82564284094604,-3.03428151468063,-5.07508019776693,-2.23400893437863,0.781424918483003,0.889228542728362,0.596621826948432,0.245902731951302,3.02186318821663
-1.00050588891941,-1.54348342565982,-2.83855892999469,-3.0238493089989,-5.04974453866652,-2.25537037191765,0.799805542704695,0.876312373990225,0.59314443079128,0.271238164959918,3.04918564008072
-1.02435111373285,-1.56037381402081,-2.87432656118832,-3.04620403543984,-5.05868653599294,-2.27573825423221,0.79483780642565,0.879293028315804,0.602086306619459,0.26527688661008,3.07650809193966
-1.04124148131459,-1.56285769466362,-2.88475878696101,-3.0685587619123,-5.07806086353044,-2.27673180946714,0.834082923032784,0.898170505715063,0.60953786980586,0.284651041241667,3.13115299563438
-1.02137046063557,-1.57726420238616,-2.87929428774901,-3.0834619128849,-5.06514464516913,-2.27226081091237,0.851470000001146,0.914067328781515,0.584699325824679,0.260309154650684,3.17039797193875
-1.03329307303699,-1.57726420238616,-2.86836528933035,-3.10432632425687,-5.03782187555435,-2.28418347373254,0.854947415394439,0.917047983106397,0.574763908242201,0.274715577327361,3.20318491415955
-1.00646719510941,-1.57527709787194,-2.87432656119984,-3.11426175823738,-5.04179609658735,-2.30306102319981,0.86438611432707,0.931951254736229,0.582712242314424,0.272728484545134,3.20964294823156
-1.02286078715866,-1.5931610384966,-2.8822749236892,-3.11873270352955,-5.0457703176189,-2.3169707964853,0.865379661582202,0.9453641992036,0.579731617037413,0.292102639174156,3.23795894378227
-1.05217054265143,-1.61253530751174,-2.89221037680295,-3.14357128848574,-5.04378320710192,-2.31895790695486,0.884257059433824,0.948344853528715,0.575757450003447,0.27918653609481,3.27968777933209
-1.06011895091934,-1.6199869494386,-2.89171360414715,-3.15499703757251,-5.03633154266406,-2.32342890551228,0.931947327672347,0.971196536700395,0.568305886814121,0.236464041300681,3.29508770673189
-1.01590592992862,-1.60806432235675,-2.91555869162934,-3.1405906582981,-5.04328642947366,-2.31597724125244,0.946353762881774,0.98460948116707,0.586686409333363,0.232986628928883,3.29459093488003
-1.05813184889074,-1.64383220360382,-2.95182309554986,-3.17983562255751,-5.03782187555415,-2.33187412501502,0.935921516704171,0.969706209535302,0.617486203847356,0.265276886635371,3.35768096001623
-1.03080919546053,-1.64035477070498,-2.94735214164648,-3.19225491503545,-5.04577031762535,-2.32392568313406,0.969205349747908,0.979144948229905,0.614505578571735,0.25782528869541,3.38649372740921
-0.996531684791535,-1.62644503910861,-2.9483456869585,-3.19821617543231,-5.02341532431447,-2.31448690840393,0.955295688175304,0.969706209532605,0.607054015385334,0.27819298969679,3.38102923704337
-0.988086501007608,-1.60458688946405,-2.9528166408591,-3.1952355452369,-5.0303702111234,-2.32442246074902,0.936915063951106,0.958280367954928,0.630899017607853,0.299057463919566,3.4004033392542
-0.968215480341657,-1.60409011333585,-2.98560363613643,-3.18877751314326,-5.04129931896493,-2.32293212789617,0.923998949629815,0.950331956420876,0.619473287381977,0.300051010310653,3.40984200443358
-0.950331561738842,-1.58024485917815,-2.96722304787898,-3.18331302445337,-5.04626709525726,-2.30902235460303,0.911082835299719,0.938906114839045,0.63636349727509,0.314954206172226,3.41630003850446
-0.930957316590852,-1.55987703791225,-2.96970691115768,-3.19920971883359,-5.06564142279712,-2.29908680225541,0.914063477064789,0.936422236234686,0.655240790688745,0.324889670076785,3.42424838812883
-0.870350703574941,-1.50572843993541,-2.95530050414465,-3.16741633009517,-5.06564142279712,-2.28020925280132,0.903631230886048,0.928473824700014,0.662195582997674,0.347244463862339,3.40239042665623
-0.854950662558084,-1.50324455929286,-2.97169400179376,-3.1649324715975,-5.07160275434719,-2.27623503186135,0.851469999993763,0.906118917249749,0.687034126951431,0.392947597824523,3.40437751406219
-0.864389397369938,-1.52162527604657,-2.95828114008085,-3.18281625276728,-5.05471231495655,-2.30157069035448,0.856437736270235,0.91555765594288,0.66169881212326,0.434676546243558,3.43567414071634
-0.787885967771983,-1.48784449931181,-2.92350705412813,-3.15450026588886,-5.06415108990934,-2.29064158276655,0.864882887938279,0.919531861712487,0.647789227509839,0.432689453463225,3.41431295111537
-0.774473028825969,-1.46598634967369,-2.91953287288169,-3.1381067998196,-5.05073809391598,-2.28418347374025,0.831599054894542,0.912080225901346,0.645802143992515,0.481373226617477,3.40636460149196
-0.761060089880992,-1.47194766321398,-2.91704900960174,-3.12618427902765,-5.06862208856274,-2.29312547085292,0.827624865871848,0.903635038641918,0.666169750028849,0.490315144123296,3.40338397038298
-0.77695690641775,-1.48337351416203,-2.92201673615935,-3.12469396393012,-5.05968009123741,-2.29262869323557,0.826631318615958,0.921518964586565,0.682066418161593,0.52061830902458,3.42623547554167
-0.796331151566865,-1.50572843994168,-2.92251350881556,-3.14009388661838,-5.05570587020345,-2.28269314088564,0.839547432937249,0.935428684768988,0.704421107727927,0.54197955642023,3.45653855846969
-0.803286008799813,-1.52410915668611,-2.95629404941233,-3.16344215648557,-5.04577031761999,-2.29113836038406,0.855940962662345,0.949835180675393,0.693988919266197,0.546947288371458,3.48733841325375
-0.772982702315597,-1.53056724635388,-2.9776552736243,-3.16145506968736,-5.03682832029163,-2.29113836038406,0.845011942854703,0.951325507838047,0.704421107724088,0.553902113101519,3.50969314656311
-0.817195723272108,-1.56782545595766,-3.00944872360056,-3.19523554522359,-5.04080254132578,-2.32342890551212,0.832592602157936,0.949835180674929,0.716343608819551,0.562844030608284,3.55738324430482
-0.743672946931802,-1.49927035032634,-2.97467463769727,-3.1659260149742,-5.04030576369654,-2.30802879937608,0.851470000021912,0.958280367936989,0.722304859363919,0.549927927543299,3.52161567098121
-0.758079436914477,-1.48287673808586,-2.98560363612919,-3.17635822066393,-5.0527252044236,-2.29709969178745,0.804773278969597,0.928473824679648,0.769001321963761,0.598114927387936,3.5474478072472
-0.754602008301802,-1.49529614129155,-2.98858427206517,-3.19622908864461,-5.0462670952449,-2.28964802752587,0.772482993158884,0.936422236216385,0.773969030755366,0.612521350040585,3.56682190944395
-0.735724538685946,-1.49927035031516,-2.99901649783909,-3.18480333957395,-5.0417960965824,-2.30107391272745,0.762050746968479,0.940396441982687,0.796323720314021,0.622953587128635,3.57725411832432
-0.738208416267821,-1.4947993651598,-3.00448099705546,-3.18629365467255,-5.03881543080686,-2.290641582763,0.759566878828855,0.957286816497813,0.798807574707294,0.608547164478275,3.61302169161617
-0.717343844565344,-1.4972832458014,-3.02186804001869,-3.2041774358503,-5.04229287421069,-2.27772536471546,0.752612048036105,0.938906114832242,0.807252679647739,0.612521350035469,3.63686674046233
-0.698963150449162,-1.49330903677237,-3.02534544861257,-3.20914515284903,-5.04775742813258,-2.28368669612492,0.756586237056199,0.916054431670062,0.824142889525934,0.624940679905483,3.64431831822771
-0.684059884952294,-1.4957929174146,-3.01640354080093,-3.20119680565715,-5.0547123149405,-2.26580270189655,0.762050746961286,0.906615692973988,0.844510495565267,0.625437453100534,3.65723438635532
-0.701943803528819,-1.49281226064464,-3.00845517830027,-3.22057090194814,-5.04527353998701,-2.24891226291525,0.763541067844533,0.908106020136526,0.838549245018559,0.637360009774642,3.66369242041995
-0.745163273526179,-1.51765106707979,-3.02335835799739,-3.25782877944371,-5.04030576369445,-2.24940904053295,0.744663669969233,0.916551207392663,0.839542786776197,0.630901958242406,3.71734378030578
-0.81421507021816,-1.60806432237451,-3.05713889858816,-3.30551886258318,-5.03533798740272,-2.25984137049497,0.753605595266393,0.949835180683292,0.797317262049112,0.61401166960555,3.81371751945976
-0.788382743358421,-1.61700629268609,-3.05316471733936,-3.29558342859284,-5.01993788090228,-2.25984137049497,0.786392654741174,0.989080462629106,0.738201527463098,0.561353711006169,3.83011099054226
-0.804279559877344,-1.62644503912678,-3.07551948687609,-3.31346720979227,-5.02937665585645,-2.26083492572971,0.808250694373146,0.998022425603985,0.760556217010236,0.566818216147384,3.84948509272886
-0.822660253976816,-1.64482575586967,-3.09290652984704,-3.34078965323292,-5.01646043750359,-2.24841548529348,0.806760373488315,1.01242892149991,0.760059446131423,0.547444061550675,3.87283336973615
-0.782918212695648,-1.63240635266475,-3.10035811969041,-3.34078965323292,-5.00205388626125,-2.2424541538873,0.80576682623237,1.0094482671748,0.75906590437415,0.570792401702593,3.87929140379904
-0.784408539245263,-1.64333542749094,-3.11029357282035,-3.34128642493253,-5.01000232832936,-2.26828658998947,0.776953955776977,0.995041771262403,0.769001321946635,0.591160102670008,3.8877365252617
-0.753608457242231,-1.62942569589456,-3.12072579860632,-3.32688004563959,-5.00106033100339,-2.25189292861711,0.776457182149513,1.01143537005543,0.769994863703737,0.595134288226676,3.90412999634024
-0.732247110045135,-1.62644503912391,-3.11873870798216,-3.34675091362518,-4.99311188893739,-2.24394448674221,0.767018483221515,1.01689990298531,0.774465801612068,0.641334195308889,3.92549118592599
-0.710388987342184,-1.62098050171329,-3.13016447907804,-3.33135099093082,-4.98814411264783,-2.2399702658072,0.760063652431989,1.01590635154363,0.799304345545107,0.66617285502229,3.93890402590277
-0.648292047713632,-1.60756754623506,-3.11277743609936,-3.30452531912704,-4.98764733501864,-2.20171838927493,0.770992672256916,1.01143537005555,0.804768825211247,0.701940525019054,3.92251055483481
-0.635375884289509,-1.58223196367254,-3.1167516173498,-3.31297043802813,-4.97572467192341,-2.18383439505716,0.768508804119256,0.994544995557096,0.844510495545059,0.754101710466211,3.93194921999616
-0.67859535424255,-1.61253530753139,-3.14059670485671,-3.35221540231861,-4.98764733501951,-2.1798601741171,0.769005577747208,0.973183639571262,0.889716645538125,0.785895194921244,3.97268451174546
-0.64183396605747,-1.61005142688873,-3.13662252360356,-3.35221540231861,-4.97026011800205,-2.1649568456004,0.780928144808138,0.98212560254196,0.878787686207051,0.772979091857627,3.9791425458054
-0.616001639218716,-1.59614169529821,-3.12768061578767,-3.3705959551996,-4.96628589697204,-2.1421050752149,0.762547520551861,0.957783592228727,0.89518112520145,0.814211267000971,4.02087138127104
-0.631401680207873,-1.62247083010037,-3.15251924862281,-3.4098409195027,-4.97522789429368,-2.15154384994204,0.778444276640472,0.951822283577105,0.903129459258267,0.850475710158064,4.07352919743405
-0.586691883757047,-1.61154175527419,-3.15102893065295,-3.41679572329852,-4.95585356675805,-2.13415663333168,0.806760373467709,0.976164293905514,0.906110084529062,0.846004751411013,4.08346463444647
-0.580730577567178,-1.60756754624816,-3.15748697519037,-3.44014399319228,-4.96429878645471,-2.14210507520776,0.78490233384587,0.974673966743092,0.916542272975692,0.878791782221422,4.09638070256384
-0.592156414437833,-1.60359333722121,-3.18232560800933,-3.43716336299319,-4.96976334037475,-2.1495567394654,0.768012030488825,0.973183639580554,0.933432482842701,0.883262740965279,4.12668378544338
-0.574769271391948,-1.60409011334939,-3.19126751582892,-3.45604068758791,-4.97870533769682,-2.16197617988955,0.773973314022867,0.98162882683318,0.929955086693909,0.883759514159212,4.15152237798012
-0.550427271098524,-1.59117393400719,-3.20468037755374,-3.46249871968554,-4.96678267459985,-2.16644717844205,0.775960408535786,0.977654621065121,0.933929253722903,0.895682070809654,4.17536742680384
-0.499259392982167,-1.58272873982572,-3.22802869241912,-3.47193738199096,-4.98566022450384,-2.16247295750662,0.764037841470304,0.98113205111014,0.947342067442961,0.915056225367393,4.17089648014876
-0.43219469825858,-1.55341894822392,-3.22951901038943,-3.45306005738596,-4.97771178243901,-2.14955673945608,0.757579784305872,0.989080462642539,0.933432482840459,0.923004596472736,4.1699029364481
-0.438652779962961,-1.55788993338088,-3.24243509946562,-3.46647289329598,-4.98913766790596,-2.14458896328595,0.714360478672874,0.975667518184925,0.945851754807131,0.962249678830817,4.21014145633462
-0.418781759335442,-1.56484479917512,-3.26628018698523,-3.4595180895012,-5.00106033099831,-2.14558251851964,0.737212065583279,0.991564341250138,0.943864671293365,0.973675462288247,4.20169633487514
-0.410336575566052,-1.5608705901465,-3.26578341432817,-3.45852454610017,-4.98715055738855,-2.12670496906914,0.720818535866676,0.997028874180864,0.952309776225316,0.982617379768271,4.20219310672538
-0.470446413034628,-1.58869005335036,-3.27720918543386,-3.47442124049966,-4.99460222182316,-2.14856318423853,0.711876610557567,0.994048219856601,0.963735506425965,1.01242377139517,4.25981864134478
-0.459517351690126,-1.60955465074448,-3.29509300108894,-3.48187281600338,-4.99509899945248,-2.13067919002114,0.716347573209622,1.00597083715272,0.944858213042412,1.00695926626407,4.29409589901899
-0.46845931098375,-1.62843214362845,-3.29509300108894,-3.502240455706,-4.96777622986686,-2.12670496908344,0.711876610553666,1.00845471575689,0.940884046016148,1.00596571987664,4.30154747677245
-0.487833556092771,-1.65327095005107,-3.2911188198352,-3.51217588971035,-4.96380200883435,-2.11478230627613,0.697966948971201,1.01044181863932,0.92001966911086,1.02633342081657,4.33284410334497
-0.465478657884435,-1.6487999648958,-3.28913172920862,-3.51465974820999,-4.95535678914486,-2.13167274525994,0.691012118175037,1.00597083714926,0.918529356475079,1.03428179191266,4.33930213739875
-0.479885147829219,-1.65823871133411,-3.27373177684695,-3.51217588970814,-4.95088579048182,-2.14011796474854,0.682070192870805,1.00448050998719,0.926477690527217,1.04123661662081,4.36761813287179
-0.468459310967843,-1.63190957653638,-3.2786995034156,-3.51316943310796,-4.95187934573975,-2.12273074815326,0.683063740127021,1.00348695854582,0.940884046008203,1.07104300823588,4.38252128837901
-0.455046372045176,-1.62843214363644,-3.28565432061459,-3.52310486712116,-4.94840190233609,-2.11478230628324,0.69001857092546,1.01491280012142,0.961748422895067,1.08992038959408,4.3979212157314
-0.495781964348132,-1.63985799458857,-3.30204781830399,-3.54446605021281,-4.95237612336841,-2.12372430338834,0.684057287386379,1.02832574457242,0.966219360800765,1.10780422455697,4.45157257555884
-0.481375474394992,-1.64830318877519,-3.30353813627523,-3.5404918766092,-4.97324078378659,-2.10385319872,0.684057287386379,1.03329350178081,0.963735506409381,1.10233971943079,4.48584983320911
-0.4297108206945,-1.63588378555513,-3.3149639073887,-3.54844022381366,-4.94790512471997,-2.07951109546447,0.683560513757966,1.03677093182574,0.956780714114101,1.1038300390109,4.48038534286112
-0.437162453428883,-1.61998694944365,-3.31049295347314,-3.53999510490965,-4.93002113007192,-2.07553687452912,0.687534702781095,1.03577738038468,0.971187069592613,1.1182364616258,4.5012497605603
-0.421762412425134,-1.61005142687126,-3.32489936052499,-3.50770494441509,-4.95386645625371,-2.06659487742175,0.689025023666535,1.044719343357,0.98559342505911,1.14456544087497,4.5216174064121
-0.414310779689166,-1.60259978494173,-3.3417896308599,-3.51764037842435,-4.94641479181982,-2.07156265359072,0.688528250038393,1.05117742772347,1.00894165635645,1.15052671919468,4.55341080480785
-0.418781759329277,-1.60905787461073,-3.35420894727986,-3.51068557462613,-4.95684712202499,-2.0442398846524,0.695979854462753,1.06061616642347,1.04570270134038,1.18629438908543,4.57874616916179
-0.43666567789266,-1.59961912817242,-3.36762180901342,-3.5176403784321,-4.96330523120525,-2.01642033811319,0.69001857092416,1.04571289479635,1.03626405465312,1.20318467765166,4.61898468900723
-0.429214045159718,-1.6001159043004,-3.34824767540401,-3.52558872563243,-4.96131812068943,-2.02685266806881,0.673625041189676,1.05217097916432,1.03676082553159,1.22057173940526,4.63339107265851
-0.439646330987854,-1.61154175525925,-3.35222185666187,-3.5325435294446,-4.95287290099728,-2.03877533087486,0.684057287382356,1.04024836186789,1.03328342938527,1.23448138881495,4.65524903405089
-0.409839800028131,-1.6080643223602,-3.33682190428652,-3.55142085405613,-4.94293734841792,-2.03579466517278,0.692502439062145,1.02832574457858,1.03676082553347,1.22951365688253,4.69201015092476
-0.419278534824103,-1.61849662106548,-3.3497379933761,-3.57924006929791,-4.9359824616095,-2.05318188175666,0.695979854457808,1.02435153881197,1.04570270134103,1.23050720326922,4.72032614635102
-0.458027025089728,-1.64681286041674,-3.35271862932003,-3.58371101460181,-4.96380200882159,-2.05516899222555,0.705418553395329,1.03925481042593,1.05812197329521,1.25782972888347,4.74963568548078
-0.442130208592324,-1.65674838298516,-3.34377672149249,-3.59861416561128,-4.9553567891321,-2.04473666227346,0.710883063300714,1.0407451375875,1.0690509326169,1.25683618249659,4.76056466617565
-0.434678575851889,-1.6637032487854,-3.34973799337963,-3.63438172800836,-4.96578911934536,-2.05020121606089,0.716844346841259,1.04173868902861,1.07401864139607,1.26627487316183,4.78987420530856
-0.371588085440631,-1.63290312883495,-3.32937031444848,-3.62295597889813,-4.97026011800537,-2.03678822040707,0.742179801859208,1.03279672605908,1.07501218315281,1.27074583190037,4.76155820986367
-0.39096233055677,-1.62892891980766,-3.3477509027669,-3.63785912989728,-4.97969889295748,-2.0467237727446,0.71684434680395,1.02335798735908,1.05663166066919,1.28564902766808,4.80328704523233
-0.367613881323725,-1.64581930817362,-3.36215730982601,-3.64382039030431,-4.96429878645406,-2.05864643554308,0.726779819367188,1.03975158614827,1.0615993694525,1.27919097615925,4.83060949695429
-0.355691268955513,-1.66767745781542,-3.38252498874932,-3.64034298840378,-4.94393090367797,-2.05020121605484,0.754599142544255,1.03975158614827,1.06507676560147,1.28167484212274,4.8604158079391
-0.318433105303048,-1.63787089010827,-3.36960889966471,-3.61401408827043,-4.94989223522501,-2.01989778143466,0.744663669979933,1.04074513758993,1.0784895793054,1.31744251198606,4.87283510417902
-0.356188044524539,-1.67711620428448,-3.37755726217926,-3.63438172800278,-4.95684712203006,-2.01890422620072,0.720818535815155,1.03528060466318,1.09140562213633,1.36711983125118,4.90661558992282
-0.350723513852764,-1.65972903977823,-3.37308630826251,-3.61798826187349,-4.94790512470842,-2.00052345438387,0.741683028175198,1.04968710056322,1.07203155788163,1.36612628486449,4.89668015293362
-0.362646126253949,-1.66817423397728,-3.37606694420697,-3.6289172392872,-4.94194379315979,-1.99108467965812,0.746153990828107,1.0397515861552,1.07749603753905,1.3780488414837,4.9403960756603
-0.35966547316178,-1.67065811462004,-3.38600239734897,-3.6309043260893,-4.94244057078849,-1.97816846162862,0.75708301063396,1.05862906352504,1.08047666280758,1.38152625383755,4.95182182820148
-0.317936329855287,-1.65178062173845,-3.37706048951905,-3.62444629398512,-4.91213713542181,-1.96376191073722,0.763541067800681,1.04124191329814,1.07203155788226,1.40636491346026,4.94933796895383
-0.394439759192843,-1.70294856296851,-3.40984748488377,-3.66071062814003,-4.90667258150415,-1.97717490639104,0.731250781987327,1.02534509023086,1.08941853861726,1.44262935652236,5.02584083379022
-0.349233187277912,-1.70245178684015,-3.40239589502252,-3.66965251874483,-4.87736270140392,-1.96127802265301,0.778444276669789,1.05564840919853,1.07997989193,1.40487459388785,5.00100224131454
-0.341781554548429,-1.72281960812104,-3.40587330362485,-3.67611055085445,-4.86345292779787,-1.95233602555358,0.777947503041756,1.05763551208111,1.10928937372677,1.44958418121109,4.99206034802594
-0.387484901989955,-1.75014229520172,-3.43667320838513,-3.68753629995846,-4.87686592377009,-1.94587791653521,0.747644311721813,1.05564840919889,1.12866343797435,1.4714422016756,5.01789248419336
-0.340788003621808,-1.74716163843307,-3.43915707166986,-3.68455566975686,-4.86693037119266,-1.94985213746678,0.771986219494778,1.06061616640638,1.1177344786607,1.45802932548484,5.02136988713979
-0.27123943141473,-1.710400204899,-3.44412479824336,-3.62941401101703,-4.86643359356365,-1.94538113891456,0.79185716463426,1.0496871005482,1.15052135657913,1.47243574804715,5.00149901317659
-0.262297472136151,-1.73474223521133,-3.45306670607805,-3.65922031308024,-4.86891748170816,-1.96425868834828,0.759070105200607,1.04322901618056,1.19075979770278,1.52260984050957,5.03180209598532
-0.198710206060454,-1.70245178681949,-3.48038920226024,-3.65226550927082,-4.85103348707268,-1.9508456926919,0.758573331572561,1.04571289478304,1.1833082345332,1.52857111881634,5.00249255689018
-0.193245675392377,-1.70443889133389,-3.48784079212061,-3.658723541379,-4.85848515150458,-1.96425868833807,0.736715291954297,1.01839023016278,1.19771458999157,1.58122907723876,5.02832469305725
-0.230007063539782,-1.73374868291966,-3.51913746954619,-3.66170417158068,-4.86295615016242,-1.96227157787098,0.722805630361591,1.03279672606619,1.22404344651184,1.60656451002008,5.05664068847059
-0.167413348610296,-1.7108969809974,-3.51218265234226,-3.62792369592743,-4.86742714882221,-1.9483618046005,0.73820561283356,1.04720322197147,1.2409336563544,1.60358387086693,5.03726658635166
-0.228019961525402,-1.74517453387899,-3.52658905941032,-3.63835590163807,-4.89624025129328,-1.96922646450887,0.708895968781997,1.03229995035402,1.28216563921903,1.67164179819265,5.09985983935844
-0.225039308434213,-1.72430993646952,-3.52758260472541,-3.65077519416241,-4.88729825398009,-1.97518779590811,0.719824988595599,1.03975158616187,1.2583206370825,1.66021601477572,5.15251765536023
-0.231994165660704,-1.73672933969845,-3.52758260472541,-3.67312992068907,-4.88481436583642,-1.98313623777713,0.736715291960474,1.04024836188245,1.26825605463816,1.67164179819023,5.19126585957756
-0.316942778712787,-1.77597465384908,-3.55291801025065,-3.7193296888636,-4.87934981192089,-1.99158145725894,0.74516044362921,1.04819677341175,1.27024313815018,1.66419020030233,5.2354785541537
-0.343768656541783,-1.79385859448013,-3.56980828061157,-3.75559402297275,-4.87835625666291,-1.98065234969043,0.754102368934905,1.06508714791722,1.25235938656488,1.65226764369983,5.25783328736156
-0.321910533873912,-1.76802623578214,-3.56185991809161,-3.71932968880168,-4.8699110369728,-1.96326513310618,0.756586237075884,1.07204200800536,1.24987553217685,1.65127409731574,5.28068479241403
-0.301542737742323,-1.76852301191091,-3.53404064925197,-3.71187811329427,-4.87338848037292,-1.96624579880694,0.737708839200068,1.05614518494387,1.26875282553447,1.67561598371541,5.29757503528525
-0.293097553984853,-1.77746498222776,-3.53453742190944,-3.71237488499498,-4.86146581728318,-1.97518779590864,0.732244329291405,1.05366130634009,1.28713334800097,1.70293850925377,5.33284583656118
-0.288626574342494,-1.77249722093947,-3.52410519609443,-3.7287683511121,-4.84954315419778,-1.96127802264374,0.748141085396488,1.04223546476241,1.26825605465029,1.70194496287084,5.38500688068695
-0.32787184003442,-1.80478766931434,-3.54844705632082,-3.75360693614572,-4.84556893316681,-1.95631024647771,0.750128179908052,1.04571289480689,1.25434647007508,1.70989333394485,5.42872280340249
-0.290116900824612,-1.79137471383301,-3.54993737429408,-3.76155528335746,-4.83165915955503,-1.9428972508202,0.774966861310729,1.04521611908611,1.24888199042314,1.68803531351676,5.43070989079779
-0.30849759489245,-1.80131023640665,-3.56285346339552,-3.7709939456811,-4.845568933155,-1.9389230298872,0.761553973356758,1.03627415611634,1.29657199466814,1.69846755054988,5.42474862861267
-0.286142696671145,-1.79038116156484,-3.55440832821368,-3.74615536065301,-4.85252381995803,-1.9255100342348,0.767515256893562,1.05515163348863,1.30650741221894,1.70343528246706,5.42474862861267
-0.251368410592486,-1.77100689254563,-3.55788573681818,-3.73025866621536,-4.84457537790167,-1.91309059382142,0.756586237086219,1.04919032484196,1.31594605889833,1.73175135442533,5.43120666264746
-0.252361961623728,-1.76206492222841,-3.57527277985454,-3.7387037851269,-4.82768493852331,-1.91209703858817,0.736715291956491,1.0332935017784,1.31296543363258,1.75062873570913,5.4446195025657
-0.274716859806994,-1.79137471383021,-3.57725987048418,-3.75559402295185,-4.82172360697945,-1.91706481475379,0.751121727167489,1.03726770754191,1.32637824732434,1.75758356039668,5.46051620172432
-0.279684614959551,-1.77448432545786,-3.59365336818766,-3.75658756635268,-4.80831061101081,-1.90961315050261,0.774966861323163,1.05167420344196,1.33532012311918,1.74615777698852,5.47442581349483
-0.295581431446505,-1.78591017642319,-3.60955009323465,-3.76006496825803,-4.82023327410055,-1.88974204583679,0.776457182207506,1.048693549117,1.34227491539945,1.76900934377191,5.48287093492211
-0.254845839185296,-1.77398754933557,-3.60160173071327,-3.74069087193924,-4.82420749512825,-1.88576782490548,0.780431371231609,1.07055168082485,1.37009408454168,1.76553193143122,5.47293549795144
-0.26676845155927,-1.76007781772253,-3.58868564160916,-3.75311016446758,-4.82023327409804,-1.88725815775518,0.780431371231609,1.05117742771186,1.39791325368255,1.79931250845824,5.49479345928985
-0.254845839188753,-1.75809071320742,-3.59713077679349,-3.74714890405847,-4.80383961235343,-1.87881293827104,0.774470087698055,1.07750654089549,1.40089387894742,1.81123506505853,5.51019338659987
-0.229013512394456,-1.74269065322006,-3.60259527603171,-3.72827157941564,-4.80036216895255,-1.87334838448927,0.787882975652027,1.07651298945415,1.36761023016327,1.82762858038458,5.53503197903155
-0.201194083523998,-1.73722611580105,-3.61302750184519,-3.74516181723139,-4.7745297322675,-1.8634128321591,0.76950235140728,1.05117742771338,1.38450043998844,1.86140915738659,5.55241899373128
-0.157974613748965,-1.72878092161816,-3.59862109477413,-3.73174898130942,-4.77403295463908,-1.8653999426248,0.754599142568518,1.05813228780098,1.41430669263133,1.89469296121279,5.55937379961364
-0.149529429984638,-1.7307680261328,-3.5847114603436,-3.72330386239789,-4.76757484546868,-1.8788129382772,0.752115274425778,1.07551943802607,1.44262263263825,1.92251225991223,5.58967688237399
-0.117735797018719,-1.71685829452064,-3.6040855939949,-3.71833614538907,-4.7601231810413,-1.86838060833062,0.744663670007718,1.07551943802607,1.44908065404223,1.93890577523699,5.60805744076764
-0.120716450110715,-1.74865196676097,-3.60706622994271,-3.74615536063223,-4.76707806783876,-1.86341283216449,0.727773366650674,1.06806780221706,1.45702898807878,1.97765408415822,5.65773462561968
-0.096871225383972,-1.75858748934402,-3.61451781981367,-3.7650326852718,-4.75118118372065,-1.85745150076802,0.749631406273705,1.07253878370432,1.46696440561788,1.95977024928663,5.67959258695194
-0.0993551029590259,-1.74120032485202,-3.63786613473092,-3.76602622867231,-4.75714251526364,-1.87334838449731,0.738205612827071,1.07005490510242,1.46348700947719,1.97318312545433,5.70095377643559
-0.0705421230647233,-1.73474223517732,-3.66121444965716,-3.76056173995889,-4.75863284814987,-1.86738705309908,0.723799177613322,1.11327439278907,1.46845471824833,1.96473798120327,5.71933433482382
-0.107800286740961,-1.77051011647478,-3.66518863092185,-3.76652300036799,-4.74869729558376,-1.87583227258321,0.704425006115801,1.10284210266404,1.48981586596709,1.98311858928057,5.76603088856345
-0.0998518785017865,-1.79286504226618,-3.66866603952892,-3.77099394567653,-4.74621340744064,-1.86689027548851,0.718334667687266,1.1271841129621,1.49577711649961,1.97417667183177,5.77646309737979
-0.095380898864701,-1.78143919130325,-3.66916281218686,-3.75807788146321,-4.75217473898045,-1.86043216647615,0.718831441315746,1.13314542161001,1.49180294948319,1.96473798120497,5.7883856217406
-0.092400245779446,-1.79584569902882,-3.70045948963285,-3.76552945697431,-4.75614896000815,-1.84999983653311,0.723799177596688,1.13413897305089,1.51217055543061,2.00249274368272,5.80428232089538
-0.0844518375332026,-1.79336181838554,-3.70443367089754,-3.78391000990396,-4.76012318103585,-1.83807717373059,0.722805630339497,1.13115831872771,1.50620930490612,2.00944756835114,5.82514673851925
-0.0804776334152283,-1.77845853452445,-3.69896917166029,-3.79086481371664,-4.77949750855268,-1.8241674004757,0.73621851828981,1.14208738457312,1.52160920209192,2.03428622790685,5.84799824353648
-0.0680582455341952,-1.76107137001271,-3.70045948963439,-3.77993583629509,-4.78893628349586,-1.82615451094203,0.728766913862606,1.1371196273655,1.53899618278599,2.05266683595692,5.86985620485027
-0.0466968984019421,-1.71586474229361,-3.68356921926497,-3.762548826758,-4.76459417971391,-1.81075440484149,0.722308856703986,1.14457126317528,1.52955753612396,2.05763456786741,5.85097887460954
-0.0561356331893377,-1.73672933968554,-3.69002726382229,-3.76304559845828,-4.73081330099322,-1.79634785396136,0.702934685191141,1.12370668290653,1.55737670523276,2.10830543330343,5.86836588929644
-0.0536517556137555,-1.75511005645663,-3.68555630989773,-3.77745197779685,-4.70498086431382,-1.79038652256465,0.702437911562878,1.10681630841992,1.57724754030512,2.14854406175973,5.89817220017689
0.0293097554315536,-1.69052915970894,-3.68654985521405,-3.75360693617107,-4.7178970826507,-1.75461853418206,0.729263687477037,1.11277761706349,1.55837024697342,2.16146016472221,5.87482392331444
0.0894195926607326,-1.64681286040329,-3.66121444966479,-3.72976189453702,-4.70398730905477,-1.73325709669184,0.692502439015109,1.08595172816185,1.60804733467624,2.2245503599645,5.86985620483083
0.0943873478121378,-1.66370324878523,-3.67065313016856,-3.75907142487923,-4.70796153008227,-1.75014753565099,0.68256696644293,1.06260326928027,1.63089879501002,2.28515668916985,5.90065605941184
0.0640840414292768,-1.66966456232941,-3.66220799497897,-3.75311016447013,-4.68510975918354,-1.75461853419744,0.681076645558789,1.07253878368622,1.61897629397011,2.2533632049831,5.93543008878915
0.0814711844593622,-1.67612265200249,-3.65773704105626,-3.75460047957327,-4.68908398021201,-1.73921842808648,0.698463722551806,1.07005490508321,1.65772442234791,2.28316959639006,5.94337843835705
0.0417291432519639,-1.71089698102632,-3.6875434005538,-3.76155528338837,-4.65530310147658,-1.76107664320501,0.683063740089495,1.05266775487167,1.6542470262102,2.29260828701261,5.97517183661845
0.023348449185903,-1.71934217521614,-3.70940139752254,-3.74963276257164,-4.62897388717224,-1.74120553854928,0.707902421501654,1.06757102649066,1.6552405679637,2.2990663384854,5.97517183661845
-0.0397420412326733,-1.77696820616993,-3.72827875852478,-3.76701977210873,-4.649838547555,-1.75163786848725,0.693495986293405,1.07303555941599,1.68405327881297,2.33831142053205,6.05862950708372
-0.032787184020572,-1.79187149003259,-3.72331103194201,-3.79682607414759,-4.66176121062653,-1.74120553854509,0.736218518319991,1.09240981252345,1.66915015250943,2.31744694654552,6.08197778393617
-0.0258323268102185,-1.78640695261266,-3.72728521320823,-3.80030347605845,-4.67119998556331,-1.74120553854509,0.750624953534132,1.09588724256603,1.65772442234521,2.29310506020572,6.10780992001317
-0.134129389186237,-1.85794271517449,-3.75460770943009,-3.85445159145787,-4.66722576453571,-1.77548319407731,0.725786272133487,1.09737756972663,1.67858879918448,2.31247921463278,6.19375144966838
-0.100348654276147,-1.8216780578573,-3.76404638992436,-3.83905166875094,-4.67119998556215,-1.76654119699415,0.757083010693607,1.13314542158713,1.63586650376739,2.27373090576892,6.1828224690021
-0.145058450673368,-1.84204587915747,-3.76951088916581,-3.83954844045202,-4.66871609741987,-1.76207019844495,0.723799177537316,1.12718411293194,1.66219536020696,2.30850502899523,6.24640926547549
-0.160458491635727,-1.85446528237936,-3.77447861574741,-3.86637411230692,-4.67765809472504,-1.76753475222511,0.739199160000887,1.11675182280556,1.65375025529945,2.30602116304088,6.27770589188717
-0.16095526715071,-1.87532987979673,-3.78043988764462,-3.85345804808337,-4.66623220927027,-1.74915398042847,0.761553973253238,1.13960350594103,1.61847952306114,2.27621477163392,6.30155094058067
-0.133632613814021,-1.86738146172963,-3.78640115955049,-3.85395481978453,-4.67467742894891,-1.74021198333207,0.765031388649091,1.15599710471234,1.61847952306114,2.28267282310978,6.3030412561235
-0.0715356744544681,-1.83409746111667,-3.77249152511253,-3.84153552727464,-4.69256142356704,-1.73176676385847,0.760560425997402,1.15251967466894,1.61847952306114,2.2896276477703,6.30900251829776
0.00894195896562699,-1.77696820629119,-3.76404638992469,-3.80527119311434,-4.68163231574485,-1.71437954729776,0.753605595203135,1.15500355327085,1.62891171146198,2.2945953796691,6.28317038222144
0.035767836766101,-1.76405202694301,-3.7665302532159,-3.77397457597469,-4.67169676318476,-1.70146332928055,0.732741102830576,1.17189392775877,1.65176317178959,2.3407952863224,6.28764132885108
0.073026000360947,-1.7347422353486,-3.75361416410413,-3.74863921920936,-4.66176121061985,-1.68258577986759,0.716844346731562,1.15251967465635,1.6875306748909,2.41332417205823,6.2493898965768
0.204174736391027,-1.67115489083851,-3.71834330535336,-3.68852984340793,-4.64636110414518,-1.63439835109018,0.718831441244861,1.15202289893616,1.71336276047167,2.4346854192239,6.18033860975974
0.122703552120547,-1.72530348877095,-3.73523357572479,-3.72429740584217,-4.63443844106815,-1.63886934963134,0.685547608171172,1.12519701004706,1.79334287158596,2.51168526368271,6.25088021218532
0.202187634550714,-1.68456784618818,-3.7347368030664,-3.69449110379888,-4.64536754889644,-1.61353369120198,0.733734650183701,1.16692617059433,1.78589130844615,2.45753698605954,6.19971271190671
0.180826287394098,-1.70592921974509,-3.75609802738404,-3.68952338678601,-4.64636110415281,-1.60359813887538,0.710883063297599,1.1803391150415,1.81718787367399,2.50671753189467,6.25088021217367
0.0928970210909651,-1.74318742946482,-3.75609802738404,-3.71932968885291,-4.63394166344833,-1.64433390341704,0.711379836925118,1.1902746294397,1.83656193786883,2.52013040803365,6.3174476396952
0.0630904901767732,-1.7456713101105,-3.74367871091588,-3.70691039632734,-4.61407055832767,-1.63986290487011,0.748637858981893,1.21312631255202,1.82314912418923,2.49678206807197,6.34228623206695
0.0616001636339008,-1.782929519755,-3.72331103193827,-3.71734260203513,-4.61407055832767,-1.64185001533422,0.768012030464622,1.23846187428226,1.83010391646234,2.50224657316057,6.36414419336434
0.080477633165092,-1.78541340039672,-3.71983362333275,-3.71436197183309,-4.62102544512294,-1.64433390341353,0.780431371166807,1.24641028580619,1.82314912419571,2.51565944928076,6.37010545553739
0.0422259185151724,-1.80578122167975,-3.71188526080219,-3.74913599088016,-4.62450288851842,-1.65426945573383,0.778941050282139,1.22405537839251,1.83109745821666,2.52211750073938,6.41928586842786
0.0104322855842837,-1.84800719263239,-3.72877553118113,-3.75559402299377,-4.63642555159689,-1.670166339449,0.809244241583902,1.26528776317667,1.82314912419961,2.48883369704604,6.48833715523198
-0.0625937150771452,-1.88526540228551,-3.73523357573558,-3.7769552061092,-4.64536754890336,-1.69798588594761,0.826134544938183,1.27522327757798,1.80278151826367,2.4634982643585,6.55987230128467
-0.0178839187991882,-1.89371059646965,-3.7064207615828,-3.77844552121201,-4.64785143704383,-1.70593432780066,0.855444188991344,1.3119846808609,1.75608505591231,2.43120800704321,6.5792464033358
-0.0928970215861319,-1.94338820938487,-3.72281425931737,-3.82216143089065,-4.62052866748404,-1.73474742954598,0.863889340671133,1.30999757797976,1.74763995101722,2.45306602738694,6.65922667073054
0.0193742446663708,-1.87682020813166,-3.7009562623415,-3.80179379115074,-4.60065756236579,-1.70692788305384,0.899657041871481,1.32092664381864,1.71584661491236,2.41183385260459,6.59613664611938
0.142077796995057,-1.79385859456933,-3.6890337185492,-3.76851008717892,-4.60165111762187,-1.66867600659197,0.861405472512922,1.29757818497467,1.74813672186259,2.47293695489437,6.561362616832
0.239942573367081,-1.75312295201311,-3.67959503803955,-3.77248426078627,-4.6170512240887,-1.65128879002868,0.832592602129028,1.26330066029595,1.79135578813173,2.54695616020501,6.53900788369817
0.234478042709144,-1.74616808620834,-3.69747885372588,-3.76801331548226,-4.58128323486804,-1.65526301095739,0.794837806400048,1.22703603271093,1.81718787369666,2.60309153056867,6.55887875759371
0.142574572492528,-1.81124575911429,-3.72976907651918,-3.82812269130899,-4.55843146397817,-1.68805033362895,0.806760373466181,1.21411986398286,1.82116204070646,2.60160121100024,6.65127832115352
0.220071552763073,-1.77150366882222,-3.72281425930804,-3.78540032505963,-4.55097979956,-1.6716566723027,0.851966773580224,1.24790061295344,1.77049141126946,2.54745293331696,6.61998169477622
0.22056832827792,-1.76554235527139,-3.72728521323472,-3.77844552124505,-4.52663769578217,-1.67513411561683,0.828121639445358,1.21461663970085,1.80278151819436,2.60507862325618,6.63687193757204
0.238452246826435,-1.76405202688414,-3.746659346913,-3.79732284587761,-4.48689548556108,-1.67265022753526,0.834579696606091,1.20120369525787,1.81718787361458,2.63885920016531,6.65276863667613
0.203677960839189,-1.78839405719647,-3.78789147752621,-3.79682607417666,-4.47248893435052,-1.68407611270372,0.834579696606091,1.1882875265449,1.84749089706761,2.66022044731855,6.67711045718757
0.285645920827077,-1.72629704106876,-3.77547216105915,-3.74913599089559,-4.45559849500451,-1.64681779148802,0.85097322632627,1.1853068722228,1.86736173210928,2.65475594223501,6.6259429569487
0.211626369237804,-1.77796175844302,-3.79136888612968,-3.77397457594703,-4.45063071872795,-1.65824367665045,0.835076470245896,1.16941004918237,1.91008402748867,2.72579450836994,6.69598778741593
0.158968164666502,-1.81472319196164,-3.80974947447969,-3.77546489104907,-4.42579183734037,-1.64880490194866,0.872831265976936,1.18679719938804,1.88872287981966,2.69350425108708,6.7218199234611
0.115251919429614,-1.83707811774599,-3.80180111194937,-3.77099394574086,-4.40989495324577,-1.64632101386924,0.883263512155677,1.19921659239467,1.88971642157189,2.68754297281783,6.7734841955722
0.068058245517268,-1.86340725258912,-3.8206784729723,-3.80378087799335,-4.42082406105657,-1.65228234526356,0.905618325425706,1.23250056566022,1.89070996332373,2.65276884960346,6.82365815211107
0.138103593117552,-1.82118128159919,-3.79782693068138,-3.75161984937305,-4.43125639124226,-1.6040949165045,0.930457006788423,1.26230710886569,1.88276162930336,2.63885920029234,6.79683247239161
0.105813184699888,-1.84701364028143,-3.82266556359157,-3.76950363058265,-4.43572738989284,-1.61502402405406,0.90015381551558,1.25485547306848,1.93442580049276,2.70542680769749,6.82862587061595
0.108297062273981,-1.83608456544215,-3.82564619954336,-3.77695520609836,-4.43175316887063,-1.5921722537135,0.920521534257722,1.26280388459675,1.91306465284051,2.6776075091282,6.83905807939777
0.155490736161699,-1.83360068479694,-3.80776238383954,-3.75161984935874,-4.44914038583288,-1.57925603569356,0.919527987002374,1.26429421175755,1.90511631881682,2.69549134393787,6.83309681723453
0.201690858963062,-1.8142264157708,-3.79434952206267,-3.73423283983327,-4.43821127802473,-1.55590748774653,0.92598604416029,1.25237159447629,1.9090904858237,2.70095584901969,6.82912264245825
0.176355307721994,-1.83062002801265,-3.79981402130704,-3.75460047955404,-4.44069516616297,-1.55590748774653,0.905121551786593,1.24988771587419,1.89816152655319,2.75013639471443,6.87631596792381
0.221065104009456,-1.82068450543191,-3.7829237509201,-3.7242974057954,-4.44019838853538,-1.54249449212164,0.909592514435601,1.27224262327103,1.89865829742916,2.74367834325871,6.87631596792381
0.280181390266038,-1.7988263557653,-3.7749753883879,-3.70790393967909,-4.44417260955537,-1.53454605027044,0.893695758347858,1.26826841751113,1.92498715385518,2.77944601286103,6.87830305531116
0.348736411172588,-1.76703268354501,-3.78043988762709,-3.6845556697524,-4.43224994649251,-1.51616527849091,0.882766738541407,1.2558490245045,1.95479340639942,2.7903750230199,6.84352902601352
0.392949431998298,-1.7466648622487,-3.7595754359714,-3.64382039029525,-4.42678539258639,-1.49033284245976,0.864882887927579,1.23697154713711,1.97863840842897,2.85147812519665,6.84899351632554
0.385994574798295,-1.76355525063561,-3.77249152508852,-3.66120739982029,-4.39697873492707,-1.50970716947472,0.850476452741327,1.23101023849974,2.01788330762424,2.89618771223145,6.87035470573335
0.349729962219328,-1.78839405708748,-3.75907866331245,-3.68157503955063,-4.37760440744827,-1.51715883371597,0.862399019805509,1.2344876685388,2.03626383003485,2.9210263716506,6.89469652623045
0.3949365340259,-1.78789728095854,-3.7228142592684,-3.660213856413,-4.36915918777864,-1.5201394994113,0.869353850590293,1.2513780430254,2.04371539317192,2.92400701078499,6.90115456023677
0.353704166318254,-1.80280056483374,-3.73672389370305,-3.6731299206292,-4.34829452742572,-1.51318461278812,0.866373208823922,1.25684257594733,2.07153456224117,2.94437471151973,6.94487048274491
0.322407308945758,-1.8042908932198,-3.71784653270193,-3.68455566974424,-4.34481708403344,-1.53007505172621,0.884257059403128,1.25833290310789,2.0680571661102,2.96821982458542,6.97020584693644
0.341781554014703,-1.81025220676511,-3.70592398889833,-3.67660732253368,-4.3338879762274,-1.5449783802054,0.903631230893782,1.26479098747268,2.08047643800804,2.95530372168815,6.98461223048766
0.332839594763431,-1.78541340033152,-3.69996271700112,-3.70045236417598,-4.33537830911021,-1.54646871305223,0.914063477070532,1.25435869735741,2.08643768851879,2.97269078329464,7.00199924512216
0.319923431391248,-1.79336181838977,-3.69946594434298,-3.72330386240239,-4.32991375520792,-1.55491393251921,0.919031213349442,1.24144252863202,2.08196675063754,2.97318755648308,7.03031524038026
0.263291022829403,-1.83012325189834,-3.70493044358395,-3.74367150212416,-4.31550720401622,-1.56286237436806,0.938405384820021,1.2553522487989,2.05017341458879,2.99107139127479,7.08247628431449
0.272729757602568,-1.81372963964821,-3.71089171548293,-3.75509725123185,-4.29166187789743,-1.5544171549025,0.957282782689659,1.27472650188623,2.03427674657221,2.96225854637066,7.09886975524572
0.278691063774115,-1.78094241514347,-3.70642076155664,-3.74615536061709,-4.27874565959185,-1.53702993834988,0.953805367298168,1.25584902452228,2.01937362030447,2.98610365941241,7.09588912416629
0.329362166267513,-1.75908426546444,-3.70344012560786,-3.72926512279047,-4.27030043992734,-1.52361694271733,0.940392479350414,1.25088126732343,2.02930903781679,2.96672950506829,7.12768252234254
0.303033064016211,-1.74616808611572,-3.72132394129101,-3.7506263059281,-4.25837777687026,-1.51616527847971,0.957282782673839,1.25435869736294,2.0258316416865,2.99405203044487,7.16146300789576
0.339794452096103,-1.71685829450344,-3.71436912407224,-3.74714890402292,-4.25887455449746,-1.51020394709005,0.989076294823319,1.26330066032272,2.02682518343826,2.9960391231983,7.15351465835265
0.333336370411322,-1.71636151837474,-3.73573034836457,-3.75211662103149,-4.24049378229092,-1.50324906046702,0.966721481596568,1.27969425908126,2.04719278933975,3.01938746304582,7.18431451283672
0.292104002682956,-1.7441809816061,-3.73076262178223,-3.76652300035295,-4.22459689821982,-1.49182317529879,0.970695670617745,1.28515879200361,2.06259268648251,3.02485196811883,7.2185917702292
0.319923431454477,-1.74120032483583,-3.75162707343174,-3.72777480769858,-4.19180957482318,-1.49579739622414,0.987089200311998,1.28813944632284,2.04123153881088,3.01094231883492,7.21014664883631
0.289620125055803,-1.76603913128508,-3.76354961723111,-3.72727803599773,-4.16647391584069,-1.50921039185441,0.989076294823182,1.30006206360812,2.0804764379571,3.06509059629642,7.24243681884113
0.285645920941516,-1.76355525064081,-3.76205929925612,-3.72827157939932,-4.16895780397647,-1.51119750231705,0.995534351975464,1.32589440103407,2.08395383408986,3.06061963760009,7.26628186747236
0.280678165798176,-1.75461328032735,-3.76951088913282,-3.72380063409554,-4.16548036058647,-1.52361694270863,1.02186335423466,1.32887505535345,2.07401841657317,3.07403251368164,7.26578509562606
0.270742655511498,-1.77547787773419,-3.76354961723297,-3.72727803600081,-4.16498358295949,-1.53007505171238,1.02335367511681,1.3512299627561,2.0804764379572,3.06707768904759,7.29708172194806
0.265774900369503,-1.7595810416167,-3.77199475242256,-3.72280709069614,-4.1495834765214,-1.5191459441656,1.041734299339,1.36017192571309,2.06607008256276,3.08297443107501,7.3075139307187
0.29905885981476,-1.76901978806315,-3.77298829773885,-3.69548464715206,-4.13865436872516,-1.51368139039284,1.021863354251,1.35073318703296,2.07550872920072,3.08893570933371,7.3065203870264
0.30253628841419,-1.75709716097703,-3.77000766178883,-3.68654275654151,-4.14163503448864,-1.50622972615789,1.00298595641893,1.34526865411359,2.0879280010937,3.10632277091724,7.33086220749678
0.313465349725946,-1.75759393710573,-3.7724915250804,-3.6691557470169,-4.1331898148317,-1.47443595876453,1.00397950367404,1.32986860679537,2.08991508459519,3.10980018323248,7.33881055703691
0.349729962309821,-1.70493566744549,-3.77497538837138,-3.64034298838432,-4.12325426229352,-1.46450040644885,1.01739239161411,1.32440407387302,2.07451518745243,3.13314852307198,7.35371371241507
0.534033677161323,-1.59067715820161,-3.72033039601105,-3.56334337499823,-4.12027359653279,-1.39346120750965,1.00944401358238,1.32539762531266,2.11823102452374,3.17040651220218,7.23647555640939
0.560859554958685,-1.56534157562364,-3.71983362335257,-3.54744668057751,-4.11928004127921,-1.36067388487137,0.920521533994666,1.26777164169826,2.17983061290385,3.25932891246597,7.23299815348714
0.587188657204392,-1.53603178404095,-3.69946594437436,-3.54943376738083,-4.1108348216188,-1.34875122209811,0.91505702409673,1.25137804295122,2.21112717807185,3.27274178855177,7.25634643025704
0.609543555341858,-1.53702533629783,-3.68009181070182,-3.54595636547858,-4.09146049417099,-1.32341556370625,0.884257059185966,1.25137804295123,2.22155936646425,3.29161916968739,7.26032060502721
0.629911351425416,-1.5295736943647,-3.69549176311413,-3.52707904085724,-4.07854427587387,-1.30006701577798,0.899657041627701,1.24690706147279,2.23199155484949,3.33086425151729,7.26777218271904
0.632395228996533,-1.52361238082339,-3.69151758184791,-3.51664683515022,-4.06562805757987,-1.29062824108258,0.894689305353262,1.22951991127479,2.25881718212747,3.35421259134569,7.28168179440867
0.608550004323711,-1.52162527630804,-3.69698208108856,-3.52658226916194,-4.05966672605711,-1.26877002600426,0.905618325154347,1.24342963143337,2.25533978599821,3.37010933335966,7.28963014394635
0.630408126937931,-1.51616073889558,-3.68704662792565,-3.51615006345466,-4.04029239860226,-1.25635058561793,0.918037665835536,1.25485547299027,2.25384947337145,3.37110287973538,7.28466242548431
0.592156412326457,-1.53652856018118,-3.69251112716841,-3.54049187679333,-4.03482784470845,-1.27920235592757,0.916547344952859,1.26131355735103,2.27372030837562,3.38451575580241,7.33086220715261
0.676608249652265,-1.5062252163733,-3.67015635756281,-3.51962746539555,-4.03830528809627,-1.24442792285578,0.937411837284458,1.29410075486172,2.27918478800826,3.36613514784608,7.27124958560405
0.439149554800415,-1.62793536754357,-3.70542721624774,-3.65077519417838,-4.03433106708263,-1.29957023809763,0.909592514146078,1.26727486597331,2.30551364438072,3.41084473470488,7.45704225639058
0.455046371259715,-1.61551596432899,-3.69251112713253,-3.63587204317038,-4.03035684606881,-1.29957023809763,1.02086980696968,1.35222351417178,2.21907551224601,3.28516111856678,7.47045509623173
0.452065718176649,-1.62296760625335,-3.71983362332848,-3.60705928454136,-4.01992451590486,-1.28814435294559,1.0163988443247,1.34129444833262,2.21460457436783,3.30850945839704,7.47542281469152
0.466472208077161,-1.61253530755815,-3.71138848814489,-3.57526589574868,-4.01098251862743,-1.27324102449255,1.03974720482634,1.33930734545308,2.24143020163792,3.31447073664645,7.47989376130745
0.445607636479168,-1.61054820304305,-3.69698208104908,-3.59513676377164,-4.00204052134957,-1.28516368726154,1.02136658062019,1.31546211088375,2.27222999588683,3.31645782939515,7.51069361575114
0.472930289745623,-1.61501918819889,-3.67214344815655,-3.59265290527077,-4.01495673964357,-1.27423457972422,1.0387536575748,1.33433958824084,2.27123645413643,3.29857399463557,7.52808063035586
0.494291636849391,-1.58819327725795,-3.66171122233504,-3.58023361275688,-3.99856307796491,-1.29013146341553,1.0387536575748,1.32837827960269,2.29905562315385,3.30552881926246,7.54149347019683
0.499259391986395,-1.57179966502815,-3.66916281220666,-3.55738211455988,-3.9930985240707,-1.27721524542071,1.04421816747184,1.32192019524528,2.32091354166862,3.31596105620431,7.54944181973579
0.547446616877252,-1.5529221721287,-3.64631126993064,-3.52260809551368,-3.97769841765052,-1.24939569895975,1.05067622462923,1.3144685594442,2.32290062516796,3.35421259160219,7.53205480513618
0.522607841221983,-1.58223196367997,-3.6656854035871,-3.53552415970974,-3.94987887056452,-1.2573441408002,1.01590207072996,1.30751369937087,2.33531989705485,3.38501252924857,7.56931269361524
0.545956290394549,-1.59862557592631,-3.663201540297,-3.49528565192391,-3.93298843126517,-1.24939569895555,1.03825688396951,1.32837827962066,2.33730698055327,3.37607061188531,7.5792481305295
0.539994984223464,-1.60607721785427,-3.65425963245383,-3.49180825002364,-3.9295109878787,-1.25237636464805,1.03130205318795,1.32291374670697,2.33482312617614,3.39693508576874,7.60060931989616
0.550427270012683,-1.6254514868686,-3.61898877373651,-3.50422754253107,-3.92255610110569,-1.24591825565153,1.05017945101486,1.34526865409858,2.35320364855792,3.39892217851891,7.62147373742002
0.54347241282034,-1.62098050171493,-3.63587904410794,-3.52757581242079,-3.89771721979996,-1.26330547218099,1.05216654552426,1.3532170656155,2.35121656505765,3.40538022995364,7.65575099479094
0.601595147944061,-1.58968360562407,-3.62693713626159,-3.49180824999362,-3.89473655404154,-1.25187958702726,1.05812782905261,1.37706230018482,2.33333281356398,3.41332860094635,7.64432524233901
0.607556454107429,-1.56931578436544,-3.64184031599269,-3.48187281599321,-3.86890411746169,-1.25784091841062,1.04024397847048,1.36911388866832,2.34773916894006,3.4575414146266,7.66667997539027
0.619975841950298,-1.5509350676272,-3.64978867852278,-3.46696966498668,-3.86244600831915,-1.24740858848699,1.04471494111449,1.37408164586691,2.35767458643703,3.46996074431107,7.68406698999173
0.636866209408932,-1.56037381406114,-3.63836290738764,-3.45604068759731,-3.84058779275687,-1.25585380794433,1.02236012788896,1.37507519730665,2.35519073206154,3.50324454784877,7.69598951429698
0.656240454442685,-1.53652855989392,-3.63140809017938,-3.45156974229574,-3.83015546260784,-1.25088603179406,1.02782463778958,1.38699781458698,2.37208094179812,3.50374132103524,7.71188621335979
0.593149964170431,-1.56732867986833,-3.62594359094068,-3.45455037249601,-3.81475535620146,-1.26380224979051,1.02782463778958,1.37358487015271,2.39145500592647,3.50026390872285,7.76454402901312
0.589175760057449,-1.55938026180808,-3.64631126993036,-3.45107297059238,-3.82121346534369,-1.26429902740572,1.04868913012174,1.39544300181855,2.36910031655801,3.48188330079614,7.77994395622497
0.606562903052584,-1.55292217213705,-3.65823381372231,-3.45256328569242,-3.79885847215906,-1.2528731422532,1.05862460266602,1.38252683310725,2.38151958844063,3.48088975442126,7.78143427176172
0.607556454079908,-1.52510270894196,-3.67462731142676,-3.45355682909335,-3.79687136165292,-1.25585380794368,1.05713428178566,1.38302360882677,2.38897115156364,3.49032844498171,7.79484711159229
0.606562903052277,-1.53205757473693,-3.64978867853349,-3.44958265549318,-3.80780046942373,-1.23896336902917,1.07849554774798,1.39395267465714,2.39195177681397,3.48685103267098,7.80031160189488
0.605072576512285,-1.52361238056078,-3.6309113175402,-3.46498257819707,-3.812768245688,-1.23946014664443,1.080482642257,1.40885594624787,2.4053645904357,3.48834135223174,7.8137244417294
0.490814208140385,-1.60210300892228,-3.64084677070163,-3.48833084810585,-3.80780046942638,-1.2389633690291,1.09240520931371,1.4232624421191,2.40437104868596,3.49032844497897,7.87681446604598
0.490317432626785,-1.63240635274163,-3.62196940969883,-3.49478888020732,-3.79935524978151,-1.22604715103483,1.13910193019668,1.46052062106738,2.3512165650205,3.44263821894586,7.88376927188429
0.46150445283773,-1.63638056176758,-3.6209758643831,-3.51615006329209,-3.788922919635,-1.21511804350237,1.15152127088092,1.46250772394672,2.3462488562686,3.41978665234423,7.9235110195408
0.462498003864709,-1.65724515916258,-3.61153718389079,-3.51118234629152,-3.78097447762025,-1.21561482111735,1.16394061155805,1.46896580830379,2.32389416690836,3.41134150817239,7.93642708752433
0.489323881637185,-1.62644503918817,-3.61799522844581,-3.4967759669943,-3.79836169453152,-1.19574371651036,1.1882825192945,1.48933361281139,2.31693937465928,3.41382537410988,7.94934315550337
0.540988535058033,-1.5936578147179,-3.56931150797501,-3.46845998008715,-3.7705421474718,-1.18481460897813,1.19722444457241,1.48486263133632,2.32836510478402,3.43866403346604,7.95133024288508
0.547943392252795,-1.58570939666366,-3.54397610242725,-3.46895675178719,-3.77153570272394,-1.17537583429111,1.19672767094532,1.47691421981734,2.3527068776519,3.4754252493015,7.97964623807198
0.577253147541583,-1.58223196376658,-3.52460196877825,-3.45355682907836,-3.75265815292519,-1.15053695354865,1.19871476545244,1.48039164985359,2.36413260776852,3.47343815655233,7.98262686914478
0.579240249596807,-1.60011590439161,-3.51367297031687,-3.44759556867958,-3.74272260040603,-1.14606595501449,1.17039866870628,1.48933361280107,2.36810677476828,3.49628972315396,8.0228653886209
0.552414371862169,-1.627438591443,-3.51615683360424,-3.43418273277553,-3.71689016384495,-1.12520129518245,1.18977284015784,1.49281104283723,2.36661646214408,3.48287684710288,8.05118138381121
0.670646944342213,-1.54298664954571,-3.48585370148029,-3.40089902887125,-3.71241916521051,-1.08993008452033,1.19424380280209,1.48734650992184,2.37754542138861,3.49132199127628,7.98759458764919
0.692505066931518,-1.51665751474963,-3.47442793035734,-3.39146036656981,-3.70993527708033,-1.08297519791097,1.14357289290227,1.44412702233509,2.45206105265607,3.5703089280779,7.99156876241336
0.690517964875909,-1.50821232057029,-3.45356347874059,-3.36016374949985,-3.71043205470624,-1.07254286799836,1.13860515662959,1.44213991945576,2.48335761777268,3.5996185461054,8.00100742747553
0.683066332172636,-1.4793993051249,-3.44760220685345,-3.35320894570111,-3.70347716794585,-1.06658153661929,1.14655353465851,1.44959155524967,2.51763480811498,3.59862499973199,8.0024977430118
0.681576005630455,-1.47393476771428,-3.4153119841032,-3.34973154380333,-3.67466406564378,-1.06211053808503,1.13314064672612,1.43617861082028,2.54346689359951,3.62346365908881,8.0238589323519
0.697969597559609,-1.46250891677321,-3.43319579976993,-3.35668634760139,-3.68509639578675,-1.04372976633775,1.11277292803118,1.42028178778934,2.56035710333733,3.63041848370265,8.04074917509215
0.69498894447637,-1.47244443934142,-3.43319579976993,-3.34426705510409,-3.66721240125573,-1.02783288266291,1.10830196538681,1.42922375074796,2.56035710333733,3.62843139095663,8.04074917509215
0.689524413831841,-1.45654760324698,-3.42524743725374,-3.32489295880975,-3.65876718161455,-1.03230388119462,1.109792286267,1.43667538653781,2.55340231109319,3.63985717426152,8.04223949062846
0.66269853607336,-1.43916043875024,-3.43766675368768,-3.32837036070882,-3.64336707521936,-1.03876199018868,1.12668258959457,1.41829468491902,2.58320856356658,3.63439266920713,8.04074917509308
0.700453475099272,-1.41481840846656,-3.41630552942826,-3.31346720971483,-3.61852819394132,-1.0258457722067,1.11923098519256,1.42475276927023,2.58320856356658,3.63240557645801,8.0263427915779
0.709892209853654,-1.40239900527183,-3.41382166614184,-3.297073743633,-3.59070864690452,-1.03627810211534,1.12121807970077,1.43071407790513,2.58867304318664,3.65128295753778,8.03031696634122
0.716847067037263,-1.38848927369329,-3.41034425754075,-3.26229972466596,-3.57034076424838,-1.03826521257494,1.1207213060736,1.44810122809544,2.6060600237763,3.65774100895973,8.04273626247649
0.712376087411585,-1.38799249756519,-3.41133780285524,-3.25931909447136,-3.55841810123001,-1.04025232303413,1.12668258960065,1.45903029392921,2.61003419077178,3.67562484366594,8.0631039081288
0.691014740316897,-1.38004407951747,-3.40686684894127,-3.26080940957089,-3.56487621036457,-1.03081354835369,1.12320517421343,1.46399805112354,2.5901633557978,3.68406998783823,8.09191667515165
0.695485719943181,-1.38550861692809,-3.41729907474609,-3.26428681146867,-3.5459986606024,-1.02385866174654,1.14456644017517,1.48436585562374,2.57078929168749,3.68009580234334,8.10334242758434
0.683563107632105,-1.38898604982262,-3.39941525907936,-3.24988043217537,-3.50526289531233,-1.01491666468549,1.17188898963878,1.5246046888952,2.55439585282451,3.6835732146493,8.11576172371198
0.696976046503959,-1.37159888533099,-3.38947980593383,-3.25137074727464,-3.48290790217048,-1.01591021991485,1.18232123580728,1.53553375472784,2.54495720620575,3.69102481244582,8.14308417518766
0.699459924069798,-1.36514079567068,-3.39742816845002,-3.24242885668356,-3.4585657985183,-1.00100689147914,1.17785027316632,1.52112725886484,2.55837001981729,3.70245059574376,8.17090339852118
0.714363189494631,-1.34576652667509,-3.38749271530213,-3.19523554524754,-3.45558513276573,-0.976664788356934,1.16791480062259,1.5345402032911,2.55042168582867,3.72083120364767,8.2002129373726
0.714363189494631,-1.33434067573425,-3.40140234970053,-3.17337759047637,-3.45459157751523,-0.972690567440829,1.17437285777117,1.52708856750106,2.55091845670342,3.75361823398135,8.21362577719726
0.641833964450929,-1.38352151242364,-3.39544107781462,-3.1897710565582,-3.46353357477294,-0.982626119739072,1.16443738522798,1.51168852019043,2.56433127031003,3.7675278831859,8.30155439372687
0.644317842016048,-1.38650216918978,-3.38550562467261,-3.20318389243835,-3.45856579851842,-0.965735680837771,1.19672767096562,1.51715305310413,2.51564772462139,3.73126344055703,8.30701888402508
0.64729849509992,-1.40239900529424,-3.37656371684428,-3.21858381511518,-3.44217213687948,-0.956296906158131,1.18877929292912,1.50970141730905,2.52707345472905,3.72579893550972,8.34278645685091
0.671143719762606,-1.41432163236682,-3.37457662621623,-3.21262255471774,-3.4262752528596,-0.954806573314197,1.20368250172684,1.52361113744631,2.5235960586066,3.70990219353521,8.34676063161094
0.648788821623411,-1.41978616977871,-3.35818312852586,-3.18927428484419,-3.43819791586527,-0.963748570380915,1.20268895447336,1.5300692217955,2.534028246976,3.72977312100125,8.35023803452454
0.691014740200265,-1.39693446790977,-3.35073153867035,-3.16791310177316,-3.43819791586527,-0.968219568911014,1.19225670831936,1.52659179176304,2.54048626834784,3.72182475001525,8.32987038887304
0.685550209549613,-1.38054085568652,-3.3626540824457,-3.14853900549128,-3.44664313549377,-0.963748570379215,1.19076638743851,1.5156627259304,2.57575700042709,3.76206337806545,8.31397368983509
0.679588903391196,-1.3835215124526,-3.3566928105582,-3.14605514699446,-3.44713991311903,-0.963251792764854,1.19821799183951,1.51019819301401,2.57078929168311,3.77994721277875,8.33483810732156
0.70542123010711,-1.36414724347289,-3.3398025402203,-3.13462939792662,-3.43223658436267,-0.966232458451933,1.21212765339922,1.50075945434466,2.56135064506757,3.79981814022222,8.31049628692116
0.712872862803043,-1.362160138962,-3.32092517925385,-3.13313908282946,-3.43372691723844,-0.97467767789946,1.21361797427933,1.49181749139278,2.58420210529269,3.81273424306526,8.33583165102119
0.775963353092364,-1.3333471235154,-3.32092517925385,-3.11177789975578,-3.41484936747673,-0.956793683765646,1.21312120065203,1.50075945434884,2.56731189556439,3.80577941846426,8.29211572870478
0.76751816936998,-1.3268890338559,-3.32291226988178,-3.09687474877838,-3.40739770309719,-0.951825907620514,1.20318572812347,1.50125623006819,2.58569241792996,3.84005676834816,8.32838007339068
0.781924659270492,-1.28814049587001,-3.31943486128316,-3.0760103374126,-3.39944926109515,-0.945367798631365,1.21759216331208,1.52311436172552,2.57923439656556,3.87483089134945,8.30652211222342
0.792356945053464,-1.27373398815807,-3.30900263548977,-3.04968143734504,-3.38007493371259,-0.926987026897293,1.20368250176792,1.51516595021975,2.60755033640244,3.91308242670289,8.31894140834575
0.832595761690019,-1.23150801728089,-3.28565432062508,-3.03726214487018,-3.36616516020666,-0.894696481950185,1.2021921808876,1.51466917450066,2.61053096164985,3.93692753963443,8.31447046174249
0.831602210665477,-1.22654025600796,-3.27422854951973,-3.01788804861609,-3.3592102734579,-0.882773819205145,1.19921153912821,1.50771431443383,2.63536950536854,3.97865648727345,8.33881228215395
0.838060292343395,-1.22455315149682,-3.25783505183081,-2.9895720617762,-3.3413262789546,-0.868864046000541,1.19076638746777,1.51615950166869,2.62543408788764,3.97517907497621,8.36514118993187
0.864389394532642,-1.2031917780149,-3.22455128383123,-2.9667205636199,-3.33635850270248,-0.857438160873138,1.18182446218621,1.52361113746338,2.63934367236772,3.98958549737178,8.36861859284514
0.845511925012028,-1.22355959925041,-3.24541573542758,-2.99553332215126,-3.32841006070352,-0.844521942898526,1.1808309149323,1.52609501606103,2.65225971510366,3.97319198223242,8.4168054617856
0.820176373837046,-1.21561118120854,-3.24889314402507,-2.99056560516149,-3.302080846581,-0.819186284565049,1.18877929295753,1.55043702630914,2.63735658887281,3.9697145699294,8.42773444237244
0.794840822637103,-1.1947465838381,-3.23398996431957,-2.98063017118148,-3.27624841009313,-0.802792623287675,1.20368250177069,1.56981127936627,2.64431138111557,3.9766693945304,8.44313436955795
0.800802128794368,-1.18928204643529,-3.21461583070729,-2.97963662778338,-3.27624841009313,-0.796334514300574,1.20865023803565,1.57726291515496,2.66020804909398,3.97766294090291,8.44909563169471
0.822660251386627,-1.18679816579734,-3.1977255603814,-2.9726818239996,-3.26730641284451,-0.778947297800147,1.20865023803565,1.56037254069468,2.65275648597865,3.96474683808136,8.45505689383251
0.833092537165367,-1.15649482201811,-3.2007061963217,-2.962249618322,-3.25190630647656,-0.772985966430021,1.19970831275165,1.54447571767323,2.64232429762229,3.98511453869237,8.45356657829805
0.83905384332839,-1.15848192652829,-3.21859001195983,-2.93890134849004,-3.23600942248133,-0.767024635060021,1.178347046787,1.5295724460945,2.65822096560109,3.99852741470309,8.47492776761989
0.829118333080864,-1.14059798595437,-3.19524169711658,-2.92995945791753,-3.21812542799535,-0.756592305163073,1.15599223357609,1.53603053044235,2.64828554811726,3.98412099231436,8.49529541325805
0.818189271778823,-1.14109476208214,-3.17487401819206,-2.93592071830156,-3.20272532163001,-0.744172864808775,1.15599223357609,1.55341768062002,2.66964669569519,3.98859195098212,8.52112754917298
0.757085883637939,-1.17288843424829,-3.17934497209861,-2.94933355417276,-3.16546699977746,-0.753114861864531,1.16294706435102,1.58024356945687,2.65971127821039,3.98163712637874,8.56335315595109
0.760563312234884,-1.15053350850294,-3.1405967048689,-2.93343685980552,-3.15751855778158,-0.753114861864531,1.19623089732761,1.603592028259,2.64629846459983,3.9806435800062,8.55639835012849
0.791860169565058,-1.1495399562479,-3.12768061579616,-2.92846914281699,-3.14658945004254,-0.744669642426107,1.19871476545978,1.603592028259,2.65971127820809,3.98660485823956,8.57030796177983
0.815705394224519,-1.14457219497194,-3.13016447907949,-2.90810150317332,-3.14410556192042,-0.729766314002052,1.19374702919008,1.60408880397816,2.66716284132269,3.99256613646694,8.56881764624602
0.788879516505945,-1.16146258331198,-3.10383552830894,-2.87879197295148,-3.10336979669349,-0.714862985577053,1.18480510391218,1.5916694109954,2.67908534229832,4.01641124939155,8.5737853646926
0.779440781752476,-1.16990777748209,-3.1112871181565,-2.87183716917011,-3.08300191408619,-0.699959657158352,1.19474057644941,1.61700497268023,2.69597555202248,4.02584993991587,8.62147546176059
0.794344047143335,-1.18977882257883,-3.08446139471282,-2.87481779936316,-3.09194391133069,-0.695985436245775,1.21510829514546,1.63836632861225,2.67511117529366,4.00746933204836,8.65028822874956
0.808253761518345,-1.16543679234069,-3.04869376345564,-2.87134039747561,-3.07505347209926,-0.693501548175388,1.2369663347369,1.65177927303363,2.69547878112328,4.01690802256869,8.63637861709953
0.765034291896958,-1.19275947933408,-3.06111307985758,-2.88475323333586,-3.0800212483438,-0.692011215333344,1.24640503365152,1.64681151584317,2.70740128210329,4.03578540362753,8.6532688598154
0.730756781419509,-1.21610795735097,-3.0650872611092,-2.89965638430367,-3.06462114199001,-0.705920988530599,1.25435341168499,1.63886310433534,2.69051107239237,4.00448869293091,8.68953320443495
0.698466372993733,-1.24243709214594,-3.06111307985887,-2.89766929750738,-3.07753736022456,-0.709398431830978,1.28813401826829,1.64134698292944,2.66368544515909,3.97468230174445,8.70244927238103
0.703434128131408,-1.25435971920749,-3.0526679447053,-2.8857467767402,-3.06561469723651,-0.702443545232204,1.28068241387583,1.64929539443005,2.63934367228763,3.95828878658994,8.72877818013117
0.666672740152378,-1.26777267465414,-3.03230026580311,-2.8723339408773,-3.0551823671274,-0.712379097513017,1.28415982926031,1.64830184299195,2.63785335966493,3.98461776543135,8.76553929661323
0.682072781066528,-1.28168240622946,-3.00249390642742,-2.88723709183405,-3.04723392513864,-0.699959657166856,1.30999205784795,1.66121801168547,2.62692440042924,3.96425006481335,8.78690048592536
0.699956699548686,-1.26528879401689,-3.00597131501739,-2.89667575410422,-3.04524681464184,-0.703933878079265,1.32688236114697,1.68506324620525,2.60158908584766,3.95232750835482,8.81919065581191
0.734730985465392,-1.23250156960864,-2.97517141033556,-2.87779842956693,-3.04127259364765,-0.723308205025418,1.33483073917286,1.67761161041908,2.60059554409957,3.92252111720927,8.79087466068517
0.727776128284066,-1.22355959931304,-2.97566818299153,-2.85544370312986,-3.01345304667755,-0.723308205025418,1.3273791347745,1.67463095610442,2.63338242180664,3.9597791061112,8.79385529175172
0.743672944703439,-1.23399189798346,-2.96622950253361,-2.84650181256465,-3.00302071657097,-0.726288870709914,1.34575975895611,1.68456647048456,2.61698898296977,3.94735977647821,8.82316483057965
0.765034291766763,-1.22703703220033,-2.94983600488499,-2.82414708613587,-2.99457549695596,-0.722811427412181,1.36265006226479,1.69301165770758,2.63238888005857,3.94388236417932,8.81422293737809
0.845015149476394,-1.17686264329889,-2.90959741975581,-2.77148928609909,-3.00898204806077,-0.702940322847194,1.3745726293085,1.708411705001,2.64927908976949,3.98114035309797,8.77348764615916
0.969705803327292,-1.10333977639766,-2.89419746741969,-2.70094770495785,-2.97818183536103,-0.660714225663106,1.33681783371127,1.68456647048432,2.70193680245312,4.04472732090534,8.71139116560809
1.05664151808129,-1.04024920826521,-2.85693951826351,-2.63686415595551,-2.98364638922969,-0.628920458380628,1.2831662819956,1.65376637590107,2.77545889185326,4.12371425742749,8.65227531610531
1.07204155899782,-1.02186849154396,-2.86687497138345,-2.64083832954358,-2.99457549696318,-0.612526797119538,1.24292761822036,1.63588245000659,2.8221553539792,4.16842384405493,8.63985602000057
1.10780939592413,-0.965732789165121,-2.85992015420341,-2.58818052954586,-2.9935819417148,-0.615507462802018,1.23001150393111,1.62296628131307,2.83556816758581,4.18283026644556,8.61203679670794
1.10383519181806,-0.956294042744862,-2.84849438312479,-2.573277378595,-2.99308516409063,-0.601100911997731,1.2086502379915,1.58670165380246,2.90213546465407,4.22903017268029,8.62097868990234
1.07750608962831,-0.980636072983002,-2.83011379487386,-2.56532903142671,-2.98712383260079,-0.585700805962307,1.20119863359233,1.60210170109069,2.8941871306676,4.25088819285831,8.64233987921047
1.07303511001075,-0.973184431072585,-2.82564284097062,-2.54148398992126,-2.98364638923218,-0.585700805962307,1.20815346436422,1.61303076690885,2.90312900639669,4.24343659508382,8.65624949085122
1.04074470164861,-0.986597386512746,-2.82961702221542,-2.53254209936003,-2.98116250111235,-0.568810367088494,1.19076638743615,1.61253399118996,2.90511608989277,4.25983011019764,8.68357194228019
1.05167376292996,-0.962752132414692,-2.80577193475511,-2.51068414465372,-2.97321405912493,-0.567320034246766,1.19523735007407,1.61601142122189,2.89667098503907,4.26877202753635,8.70692021896864
1.07303510997802,-0.948345624729997,-2.79832034492697,-2.48584555977861,-2.94936873316385,-0.544468264017796,1.17288253686073,1.60607590684045,2.87431629571278,4.2697655739065,8.70493313159096
1.01838980358392,-0.968216669815884,-2.77298493950152,-2.50521965598288,-2.9612913961389,-0.558378037199471,1.17139221598029,1.6184952998216,2.89667098501826,4.28864295493296,8.74914582575395
0.952815435910994,-0.991068371639687,-2.7769591207409,-2.53949690309824,-2.94042673592093,-0.561358702880377,1.20715991714162,1.65625025446517,2.88077431706244,4.2652946152408,8.81322939369806
0.965234823740188,-0.970700550424726,-2.74367535281229,-2.49578099367265,-2.92154918620311,-0.550926372992908,1.24044375014725,1.69152133051881,2.86686473261064,4.21561729675931,8.82713900533509
0.931454088866636,-0.987590938737083,-2.73821085360142,-2.51217445969488,-2.9140975218418,-0.5429779311738,1.23994697652056,1.7128826864303,2.88673556756709,4.24691400743197,8.88774517033877
0.925492782706378,-0.997526461284829,-2.74019794422323,-2.50720674271372,-2.89571674975592,-0.550926372995763,1.25882437432894,1.73275371521175,2.84649712682807,4.21909470906765,8.89420320431117
0.933937966430558,-0.956294042732911,-2.75659144185146,-2.48385847292506,-2.89124575113968,-0.548442484926479,1.26826307323404,1.7233149765527,2.86487764916707,4.25088819291762,8.90910635963517
0.927976660272601,-0.929468131874855,-2.73125603642226,-2.49876162386265,-2.8892586406436,-0.524597159465124,1.27323080949805,1.70940525641941,2.86438087829334,4.24343659514019,8.91606116545359
0.938905721568942,-0.903635773256144,-2.70443031303816,-2.50422611253848,-2.89770386025226,-0.506713165376666,1.27521790400495,1.70940525641941,2.87282598314952,4.24592046106528,8.90860958779314
0.926983109261782,-0.92151971382743,-2.70989481224482,-2.50621319932898,-2.89919419312466,-0.474422620495752,1.28018564026802,1.70543105066859,2.8827614006241,4.24045595602546,8.91407407807981
0.90015723157067,-0.923010042208199,-2.70741094896951,-2.52509052383127,-2.90416196936427,-0.475912953336094,1.31098560513259,1.71983754651999,2.89915483946579,4.24492691469051,8.96375126248982
0.935925068496297,-0.892209922332192,-2.69201099667077,-2.50621319932432,-2.9016780812439,-0.445609518915153,1.33483073920505,1.72083109795813,2.8703421288008,4.22058502862655,8.96971252462013
0.960763844149647,-0.88724216106427,-2.68754004277653,-2.48236815784657,-2.90962652322919,-0.430706190514403,1.33781138096532,1.7059278263972,2.87332275404347,4.23250758506871,8.95928031589257
0.869357149586381,-0.955797266686944,-2.70492708571608,-2.53353564275192,-2.91012330085312,-0.443125630857152,1.33781138096532,1.69897296633543,2.87530983753717,4.25983011024976,9.02982191768606
0.896679802796359,-0.949835953163558,-2.68008845296184,-2.49677453714494,-2.9136007442214,-0.409344753155923,1.38748874356752,1.70741815354968,2.83606493847942,4.20121087434412,8.99703497597501
0.92102180294205,-0.939900430615812,-2.66468850064898,-2.47889075602292,-2.92005885333077,-0.376557430657645,1.38152746005119,1.70592782639178,2.84152941809064,4.23052049226251,8.99753174781899
0.904628211004347,-0.972190878873255,-2.6403466405401,-2.49975516732214,-2.92651696244344,-0.356189548499409,1.37854681829222,1.7128826864568,2.83904556372148,4.21859793582506,9.02038325263753
0.90711208857033,-0.989081267187741,-2.61153382656907,-2.48087784280306,-2.92254274145185,-0.345260441004371,1.38401132818106,1.73126338805936,2.8296069171182,4.20667537937503,9.03727349533401
0.924499231532209,-0.994545804585499,-2.62196605232446,-2.46746500696503,-2.91012330085208,-0.316944117058799,1.39643066884431,1.74020535099731,2.81619410352144,4.19823023522838,9.03677672348992
0.906615313061105,-0.997526461348695,-2.60706287267412,-2.47143918054662,-2.89919419312362,-0.306511787183675,1.38798551719629,1.73672792096466,2.82761983361119,4.20915924530643,9.049196019593
0.901647557930051,-1.00348777487271,-2.60755964532915,-2.45305862774154,-2.90316841411617,-0.285647127427474,1.41083710399766,1.74616665962004,2.818677957881,4.19425604975215,9.01342844682448
0.878299108831459,-1.02137171544099,-2.604579009402,-2.45703280132047,-2.9021748588681,-0.268756688586851,1.40934678311905,1.76057315546733,2.82463920836677,4.20369474027048,9.01491876235691
0.842034496369511,-1.03726855150202,-2.61252737188147,-2.4590198881092,-2.90167808124393,-0.253853360195547,1.42872095454896,1.76901834268661,2.82215535399791,4.18928831790191,9.05466050987484
1.00547364022386,-0.935926221521383,-2.56781783293047,-2.37456869950042,-2.90763941273204,-0.197220712285856,1.45803059848865,1.77597320274838,2.80178774817827,4.16792707094557,8.96474480615692
0.972189680855124,-0.940397206663781,-2.56285010638403,-2.37059452592532,-2.90018774837217,-0.199207822737526,1.39245647982515,1.73970857527262,2.8623937947925,4.24840432697268,8.99107371389686
0.992060701365139,-0.903635773273428,-2.56086301576405,-2.34973011463642,-2.90068452599606,-0.174865719700197,1.4018951787251,1.74268922958829,2.85494223168592,4.24293982194051,8.98660276730077
0.947350905118282,-0.925493922888116,-2.55837915248962,-2.33283987691633,-2.88230375391151,-0.160955946529102,1.40239195235163,1.74616665961985,2.85841962780267,4.2568494711168,9.01094458763552
0.959770292944597,-0.895190579156014,-2.55241788063972,-2.29508522793137,-2.88478764203117,-0.145059062909024,1.41481129300201,1.75610217399226,2.85494223168456,4.26132042978645,9.01789939344948
0.950828333708528,-0.872338877319248,-2.52956633851732,-2.2806788487079,-2.87435531193317,-0.150523616650251,1.40586936772532,1.74318600530276,2.87978077537526,4.29311391361292,9.04075089827046
0.960763843971788,-0.850977503857979,-2.50522447845024,-2.26279506759694,-2.87882631054865,-0.150523616650251,1.41332097212083,1.7372246966739,2.86487764916997,4.30752033597883,9.05217665068164
0.96523482358978,-0.834087115543847,-2.47740520979103,-2.25584026383724,-2.85398742935783,-0.142078397230386,1.40338549960202,1.72728918229969,2.87829046276377,4.30155905775381,9.07353783997809
0.972686456283122,-0.795338577663003,-2.4744245738644,-2.22951136389143,-2.85050998598998,-0.144562285294422,1.40139840509701,1.72579885514358,2.88474848412138,4.31745579966873,9.09092485451869
0.947847680594744,-0.807261204715787,-2.45852784890922,-2.24888546009186,-2.84852287549341,-0.15648494800671,1.38748874355967,1.7203343222374,2.90114192295021,4.33285576840714,9.11576344669585
0.897176578355843,-0.806764428589501,-2.44809562317113,-2.24292419973288,-2.82567110479841,-0.154994615168823,1.39096615893922,1.73076661232532,2.88027754623571,4.32093321195585,9.13464077677619
0.908602415158922,-0.789874040278209,-2.43617307946569,-2.24739514500493,-2.81672910757014,-0.162446279364081,1.40537259412037,1.74417955674217,2.88226462972819,4.34477832478669,9.1440794418105
0.826634455456151,-0.816699951124993,-2.42027635451427,-2.24838868839915,-2.81772266281795,-0.177846385364362,1.41232742488562,1.76802479125081,2.89667098506509,4.35272669574205,9.18183410193842
0.889724945693054,-0.755099711353561,-2.38748935932624,-2.21013726773262,-2.81126455371107,-0.172878609233822,1.43269514356168,1.78590871711742,2.88027754622381,4.32689449012077,9.15004070394699
0.940892823474235,-0.738706099186807,-2.3859990413641,-2.20566632246278,-2.79934189073947,-0.15747850323712,1.41530806664878,1.77448287558871,2.91356119475834,4.35521056167054,9.12420856805999
0.947350905145041,-0.750628726229321,-2.36960554377372,-2.2026856922799,-2.808283887966,-0.150523616657597,1.42474676555182,1.75908282829368,2.93243848794293,4.3447783247959,9.11576344671474
0.936918619368517,-0.746157741088707,-2.36016686334905,-2.17834387912667,-2.80033544598359,-0.13363317782197,1.44561125784304,1.77150222126838,2.93194171706923,4.34179768568661,9.1291762864973
0.937912170394632,-0.748641621722382,-2.36612813520071,-2.17188584706624,-2.80281933410132,-0.12270407034194,1.43716610619778,1.77696675417484,2.93740619667898,4.37259762316221,9.15004070393781
0.933441190778886,-0.749635173974944,-2.36116040865751,-2.16244718482992,-2.78096111865975,-0.12071695989069,1.44809512597265,1.77796030561226,2.9463480724015,4.38054599411464,9.15848582528317
0.992557476877826,-0.700951113547253,-2.34874109229675,-2.10184103780357,-2.7501609059876,-0.088426415058895,1.45604350399529,1.78491516567439,2.95628348986707,4.39048145781015,9.09191839821107
0.954802537889837,-0.695486576158794,-2.36016686334358,-2.11028615664597,-2.75512868222348,-0.0973684120876323,1.41977902929025,1.75858605258443,3.00347672288114,4.4346942712791,9.11824730593871
0.963744497123489,-0.703931770312932,-2.35470236414808,-2.09438946234987,-2.75562545984717,-0.0750134195089413,1.45008222049617,1.76454736121113,2.98857359668278,4.38253308692239,9.117253762251
1.01838980362103,-0.685054277491652,-2.35172172822136,-2.08594434350058,-2.7392317982646,-0.0660714224752924,1.44461771060941,1.75858605258676,2.99205099279705,4.37657180870619,9.117253762251
1.04124147721196,-0.660215471177607,-2.37059908907938,-2.06309284547479,-2.71985747095616,-0.0402389866134039,1.43170159632967,1.75063764109255,3.02831526657971,4.39048145789128,9.11228604381239
0.908602415180766,-0.715854397365487,-2.38997322259757,-2.07998308316607,-2.70892836323829,-0.0387486537755485,1.42574031281285,1.73970857527609,3.04967641411787,4.40488788024236,9.17239543690638
0.89369914978415,-0.703931770322973,-2.38401195075049,-2.06110575868478,-2.69352825690613,-0.0352712104865581,1.45256608861584,1.77696675419438,2.99304453451139,4.36315893268597,9.17785992718882
0.893202374270876,-0.691015591032614,-2.39345063117517,-2.07302827940922,-2.66123771138425,-0.0293098791357036,1.43219836995089,1.78789582000545,2.99453484713245,4.35719765446599,9.18729859221809
0.876312006821704,-0.688034934272236,-2.37407649766501,-2.056634813419,-2.65229571416183,-0.0238453253975934,1.43219836995089,1.7789538570668,2.99652193062654,4.36365570586577,9.19872434462103
0.865382945535496,-0.684557501388453,-2.36612813519895,-2.04719615118711,-2.6398762735804,0.00397422090228119,1.42424999193346,1.76703123981434,2.98360588791496,4.34974605669682,9.20170497568364
0.843524822960126,-0.6915123671577,-2.34029595719801,-2.05315741154225,-2.62894716586914,-0.00496777612362297,1.42772740731727,1.77199899700002,2.9756575539429,4.3591847472027,9.25386601929501
0.890718496686454,-0.681080068510513,-2.31297346122942,-2.01589953432306,-2.6110631714256,0.0183807716664844,1.4401467479778,1.77696675418958,2.96323828210774,4.34428155166297,9.24939507270106
0.873828129242503,-0.653260605425925,-2.3045283261126,-1.99602866647062,-2.57231451681388,0.0198711045043082,1.40785646226481,1.77895385706473,2.96919953258839,4.3711073036359,9.27274334935522
0.889724945656349,-0.627925022978946,-2.27720583014239,-1.98112551556876,-2.5648628524625,0.0317937672105507,1.40487582050771,1.78342483853319,2.96572213647412,4.39197177738436,9.27721429594678
0.878795884376261,-0.63189923198744,-2.25832846928438,-1.98261583065661,-2.57330807205623,0.0377550985592644,1.39543712160518,1.78292806281469,2.96224474036079,4.41581689024919,9.3005625726025
0.945363803233981,-0.601099112117258,-2.2205737475773,-1.95429984394693,-2.56138540909791,0.0432196522972591,1.41282419852377,1.78690226856685,2.93442557146945,4.41333302432738,9.28069169886316
0.960763844143669,-0.581724843185994,-2.20467702266211,-1.93989346474946,-2.53952719367856,0.0362647657187645,1.40338549963463,1.78243128710049,2.98459942972528,4.45704906462224,9.29559485417483
0.968712252354892,-0.583215171565291,-2.19474156958366,-1.92101614027238,-2.5305851964661,0.0273227686919159,1.40189517875581,1.79385712862356,3.00198641029621,4.49132641436135,9.30801415026233
1.0079575178815,-0.54297630533696,-2.17636098140238,-1.89170661020198,-2.52810130834946,0.0372583209397723,1.41828870841655,1.82167656886341,3.0064573481572,4.47195226015536,9.29360776679717
1.01143494647307,-0.546453738220743,-2.15599330260028,-1.88326149136667,-2.53058519646514,0.0322905448172082,1.41431451940653,1.82614755033395,3.00546380640981,4.48735222887751,9.29807871339064
0.980634864630789,-0.568311887794552,-2.16692230098044,-1.89866141395897,-2.51220442441841,0.0119226626899562,1.41282419852783,1.82416044745983,3.01887661998587,4.4878490020619,9.33831723269805
0.949338007327211,-0.58967326121992,-2.16294811975235,-1.91654519501557,-2.50723664818686,0.00596133134149403,1.45604350396052,1.85247666341567,3.00148963940387,4.48188772384271,9.36514291225367
0.980138089128443,-0.570795768431159,-2.14158689565231,-1.91704196671164,-2.51319797966083,0.0188775492653443,1.4813789589094,1.86042507491422,2.99304453455576,4.46400388919834,9.37954929571383
0.960763844122758,-0.588182932852634,-2.1207224442141,-1.90263558751701,-2.50574631531215,0.0367615433133749,1.48684346879705,1.85992829919555,2.99354130542926,4.44363618863463,9.37706543649636
0.96424127271238,-0.588182932852634,-2.10134831072401,-1.89518401207888,-2.49730109571841,0.0367615433133749,1.50969505560528,1.87383801930861,2.98608974232725,4.43320395175999,9.36961385884187
0.970202578870336,-0.577253858069632,-2.09588381153659,-1.89915818564977,-2.49829465096468,0.0342776552508075,1.48982411055411,1.86638638352263,2.98907036756743,4.43469427131311,9.37805898018239
0.98162841566834,-0.580234514827256,-2.10482571929953,-1.8768034593293,-2.49531398522748,0.0466970955681049,1.4848563742947,1.86787671067821,2.97317369961862,4.43966200315838,9.38948473258396
0.983615517720761,-0.573776425184315,-2.096877356841,-1.85444873299779,-2.50475276006297,0.071535976189845,1.48932733693079,1.86092185062149,2.95628348992136,4.42773944673446,9.37607189280927
0.963247721695437,-0.570298992303599,-2.09985799276092,-1.84550684247634,-2.48637198800912,0.0546455373659916,1.47392735452264,1.85496054200208,2.96870276175226,4.46002970373337,9.3845170141516
0.949338007326335,-0.57178932068252,-2.08644513112426,-1.84252621230002,-2.47693321317112,0.0496777612423781,1.47690799628023,1.8768186736208,2.99503161804151,4.47344257970692,9.40438788789385
0.999015558666624,-0.525589140925292,-2.05713554457533,-1.80278447660201,-2.47246221456765,0.0844521941319129,1.4893273369323,1.88228320652414,2.98161880446545,4.45853938416955,9.35918165015042
0.998518783153562,-0.523602036419793,-2.05614199926846,-1.79185549928776,-2.45010722154055,0.0794844180070403,1.44412093699449,1.86390250494354,3.01291536950232,4.47791353837503,9.37060740254787
0.981628415718743,-0.531550454434277,-2.05216781804354,-1.78192006536866,-2.44812011104904,0.0784908627823807,1.44412093699449,1.84850245766211,3.00745088989284,4.48784900206844,9.36613645595739
0.984609068797491,-0.517143946769861,-2.07054840621394,-1.76502982770535,-2.44066844670307,0.0755101971086531,1.45554673039066,1.84452825191232,3.02086370347284,4.50921024900055,9.3641493685833
0.996034905588654,-0.516150394517675,-2.05713554458005,-1.74714604666511,-2.42228767465812,0.0760069747209776,1.44014674797957,1.82565077461357,3.02930880832158,4.51964248587519,9.37358803361206
0.980138089164368,-0.495285797218698,-2.03577432050088,-1.73323643917046,-2.40390690261006,0.0874328598066159,1.4461080314972,1.85645086917683,3.04272162189698,4.54001018642277,9.40687174711192
0.968712252366364,-0.475911528300864,-1.99305187234316,-1.72677840712696,-2.40341012498724,0.0968716344433753,1.44759835237517,1.86241217779795,3.05116672674634,4.53206181546972,9.40587820342496
0.934931517454316,-0.490318035968306,-1.97218742090742,-1.73075258069519,-2.37708091098328,0.0720327538216352,1.45703705126997,1.83956049473667,3.05663120635582,4.55044242328677,9.4530715285367
0.965234823730043,-0.476905080576048,-1.94685201560496,-1.69895919220669,-2.37459702286916,0.0919038583190271,1.47740476993604,1.84899923338323,3.03278620443377,4.52311989813745,9.43270388294314
0.95132510935342,-0.474421199944565,-1.95380683274856,-1.69299793185538,-2.34578392075894,0.0988587448917921,1.46448865564961,1.81670881166494,3.04272162189253,4.53702954728511,9.44512317902666
0.954802537943646,-0.461008244548081,-1.94983265152553,-1.6984624205092,-2.33733870117727,0.102832965790179,1.48734024242731,1.82068301741184,3.04272162189253,4.5410037327629,9.46052310617619
0.982125191147821,-0.433685557614396,-1.92300692826211,-1.6746173791169,-2.3274031487286,0.124194403119687,1.49578539407256,1.80428941868992,3.04023776752629,4.55789402102833,9.45257475668268
0.99206070140494,-0.415304840959955,-1.9006521588895,-1.64779170755985,-2.30951915431363,0.131646067303612,1.49826926220291,1.80379264297095,3.06358599857467,4.58273268023892,9.43965868875159
1.08197706911814,-0.34973039239141,-1.83905234996529,-1.60556611346366,-2.2812028298236,0.150026838952247,1.48386282705004,1.82515399886636,3.07004401992485,4.58422299979142,9.38153638301244
1.07998996706787,-0.321910929347142,-1.83259430547873,-1.61202414550414,-2.2662995011506,0.15698172552369,1.470449939133,1.79435390428631,3.13561777510128,4.66221638957586,9.36961385876518
1.06359637512003,-0.336317437003993,-1.82116853447079,-1.58966941919361,-2.23698962143233,0.154497837462066,1.46895961825378,1.79485068000466,3.13611454597427,4.65426801863308,9.36315582480485
1.06558347717223,-0.312472182973059,-1.83011044221573,-1.58917264749804,-2.2265572913558,0.157478503136046,1.48734024240532,1.79037969853899,3.1415790255808,4.64482932812197,9.37607189273318
1.01044139508809,-0.343272302843241,-1.83656848670498,-1.61202414553061,-2.21016362982323,0.1599623911994,1.4952886204182,1.79832811004167,3.14853381780892,4.63091967896477,9.40140725671587
0.978647762273287,-0.368607885257227,-1.85246521159617,-1.64332076232359,-2.19227963541042,0.163936612096864,1.52112084893755,1.80528297009404,3.11922433624133,4.59912619510473,9.43419419839759
0.960763843778,-0.374569198773224,-1.83110398752142,-1.67561092258102,-2.19923452212298,0.15896883597367,1.54645630387537,1.82515399885021,3.08594068773532,4.55690047444616,9.45952956239514
0.972686456083779,-0.367614333015078,-1.80874921815939,-1.63735950203548,-2.19227963541127,0.15251072701345,1.54347566212338,1.83111530746901,3.06457954016995,4.52808762971321,9.4461167226201
0.932944415049932,-0.368607885266659,-1.82017498917375,-1.6368627303401,-2.18482797107792,0.156981725521822,1.5424821148712,1.83061853174994,3.0874310003279,4.54696501069782,9.44015546049886
0.917544374149762,-0.381027288409987,-1.80775567286849,-1.64332076237835,-2.16495686619067,0.15896883597047,1.54645630387905,1.83508951322014,3.07848912461042,4.53851986656989,9.46052310608046
0.817692496172723,-0.456537259504775,-1.84252975852373,-1.66865611882542,-2.15154387039324,0.159465613582396,1.5414885676168,1.81720558735585,3.07650204111827,4.55044242298563,9.53404533896606
0.789873067452791,-0.468956662645495,-1.85395552954012,-1.65772714152737,-2.14707287179345,0.151517171786293,1.57377885332627,1.86737993495278,3.03179266261188,4.51070056835876,9.55838715930016
0.901150782287409,-0.410833855945704,-1.83408462345788,-1.60258548340101,-2.14210509557416,0.183310938955259,1.59762398737922,1.86092185061315,3.03576682959538,4.49877801193831,9.50423902835793
0.878795884191406,-0.445608184748848,-1.82613626101769,-1.60954028714008,-2.13415665361465,0.173872164319696,1.54446920937676,1.83061853176275,3.08196652075542,4.5648488454167,9.51864541181117
0.950331558223701,-0.371588541902667,-1.80626535490488,-1.5593663458418,-2.14061476270168,0.199704600163032,1.54347566212534,1.84452825188448,3.06855370717049,4.54646823758607,9.47492948963417
0.950331558223701,-0.35966591488094,-1.79632990184612,-1.5608566609284,-2.13365987598979,0.195233601653338,1.52509503799033,1.82763787746718,3.11525016930902,4.61204229798856,9.49778099442558
0.977157435961967,-0.33979486983346,-1.79632990184612,-1.50869563284602,-2.12918887738859,0.198711044939684,1.51714665997442,1.84403147617548,3.12021787804472,4.63588741084269,9.4833746109781
0.939402496974707,-0.361156243239984,-1.78887831206539,-1.50720531776131,-2.13713731934503,0.212124040470465,1.49131443143677,1.846018579048,3.14555319259652,4.68953891479279,9.51616155264189
0.960763844038032,-0.347743287847162,-1.76006549821801,-1.48783122165137,-2.13316309836835,0.214607928530305,1.50522409296235,1.87483157073247,3.12170819069199,4.65923575057146,9.52460667398004
0.962750946090185,-0.344265854966373,-1.76205258882623,-1.47640547266205,-2.13117598788069,0.215104706142441,1.49379829956244,1.88327675795109,3.13114683728255,4.67960345110883,9.52212281476337
0.953312211335986,-0.320420600910399,-1.74714940925089,-1.47491515757604,-2.13316309836864,0.199704600167859,1.50621764021553,1.89023161801142,3.12667589942452,4.6776163583734,9.52560021766653
0.974673558391472,-0.294091466259814,-1.70045277992861,-1.43020570505496,-2.10733066203335,0.219575704653079,1.51814020723225,1.88476708511121,3.11723725283835,4.63340354500245,9.51814864001492
0.817692496253146,-0.370594989637984,-1.72479463988259,-1.51515366493421,-2.12769854454007,0.185298049422227,1.49032088416744,1.86936703783098,3.12518558680302,4.66320993603944,9.61501914944317
0.787389189914202,-0.370098213511864,-1.70691082440593,-1.4927989386386,-2.11925332496145,0.20665948674993,1.54993371929983,1.9309672269191,3.04917964322582,4.58074558745155,9.61998686787404
0.789376291967813,-0.377053079272785,-1.68803346362054,-1.47690224439199,-2.12074365782798,0.200698155403986,1.55142404017694,1.94934792849302,3.06954724903648,4.58919073159218,9.63091584842309
0.773479475545677,-0.373078870266879,-1.67561414730536,-1.44709594268108,-2.10087255294987,0.211627262870626,1.54595953029539,1.94835437705625,3.07352141602203,4.58024881427802,9.62048363971572
0.801298904281728,-0.356188481989647,-1.65971742243016,-1.43268956352028,-2.09391766623883,0.225040258398858,1.53900469952862,1.92947689975456,3.07948266650327,4.58770041203874,9.59614181939525
0.718834168932569,-0.375562750909922,-1.6661754669066,-1.46696681049671,-2.08646600190458,0.212620818092841,1.53453373689339,1.90265101095811,3.08494714610833,4.58869395840674,9.64532223183682
0.729266454701234,-0.371091765780672,-1.64928519674319,-1.46497972371726,-2.05964001033211,0.216098261376176,1.56185628628773,1.91755428250202,3.06259245679738,4.56584239191249,9.64631577552354
0.734234209830945,-0.360659467141372,-1.63984651635622,-1.45752814829294,-2.05814967746649,0.218582149436697,1.56781756980162,1.93543820836446,3.06457954028957,4.55739724778991,9.6597286152916
0.717840617881208,-0.376556303176016,-1.64084006166084,-1.45107011625486,-2.04622701454164,0.217588594212185,1.56781756980162,1.93593498408295,3.07352141600464,4.53404890813288,9.69052846956252
0.663195311424835,-0.405369318455528,-1.65077551469725,-1.49230216690963,-2.0531819012441,0.213117595704474,1.5787465895601,1.95381890993239,3.05414735194559,4.520139258961,9.72530249859059
0.720324495541774,-0.364633676106482,-1.62693042739504,-1.44262499734603,-2.02983335300639,0.223053147950442,1.62295944226822,1.97368993867875,3.03030235004223,4.50126187797639,9.68208334826142
0.741189067123238,-0.343769078818899,-1.6448142428717,-1.41877995599144,-2.00251058380527,0.232988700189275,1.61501106426183,1.94587049846996,3.06656662381067,4.54199727913121,9.67463177061488
0.770498822396172,-0.327872242796942,-1.63736265309384,-1.39543168633953,-1.99207825374187,0.257330803175701,1.60904978075266,1.92649624545911,3.06706339468385,4.54845533053031,9.64085128527107
0.784408536766078,-0.306510869401633,-1.59364665973748,-1.39741877311888,-2.00946547050916,0.275214797201068,1.60010785548841,1.91805105824443,3.08991485483564,4.57776494837755,9.65376735319406
0.803286006248407,-0.275213973508049,-1.56433707328829,-1.36363829788574,-1.99207825374187,0.289124570333378,1.61997880052928,1.91507040393194,3.08594068784834,4.58173913384872,9.62892876101392
0.896183027375902,-0.237955764060067,-1.56632416389692,-1.31197404159576,-1.97618136983784,0.310982785267582,1.61600461151927,1.91059942246221,3.11226954410664,4.61551971032968,9.56931613986427
0.878299108912743,-0.232988002806335,-1.55887257412435,-1.32091593210484,-1.99108469848488,0.317440894220982,1.59812076101124,1.89917358094625,3.13412746254428,4.65327447234871,9.58968378543609
0.828124782058567,-0.243420301445635,-1.55092421169733,-1.32290301888438,-1.98810403275396,0.329860334519655,1.60159817639344,1.89271549660897,3.14008871301968,4.64184868911802,9.58223220778777
0.870847476208739,-0.200697554626754,-1.53105330561627,-1.29905797753097,-1.99207825372814,0.342279774823049,1.62295944229695,1.89569615091968,3.13214037905092,4.65277769917385,9.55540652826291
0.859421639389546,-0.207155644263184,-1.52608557909732,-1.29160640210518,-1.98114914605391,0.344763662882993,1.60308849727666,1.88029610366145,3.14455965088578,4.68208731705976,9.57577417382143
0.836569965758004,-0.222555704167379,-1.53403394152763,-1.2930967171903,-1.96823292789126,0.337808776311256,1.58272077862669,1.88029610366145,3.13760485865868,4.6642034824253,9.59117410095596
0.863892618993842,-0.208645972652548,-1.5052211277135,-1.27968388144077,-1.97171037124211,0.343273330040826,1.58073368412455,1.8882445151538,3.12121141983989,4.65873897739745,9.58869024174012
0.842531271933817,-0.209639524903608,-1.51118239953553,-1.27819356635752,-1.9568070425893,0.332344222580648,1.57328207973534,1.8961929266478,3.13263714991956,4.67314539974131,9.62296749892699
0.801795679829273,-0.230007346047544,-1.54347262189003,-1.27372262110425,-1.9424004915525,0.322905447957843,1.57228853248348,1.90761876817266,3.11177277326025,4.6423454623413,9.63091584841584
0.766524618416842,-0.235471883422806,-1.56533061855916,-1.29756766243941,-1.92998105101344,0.320918337510874,1.59116593025225,1.93047045122326,3.12220496160025,4.62396485453007,9.67512854248499
0.684556658615888,-0.261304241967167,-1.56085966469006,-1.33432876786288,-1.9096131685294,0.321911892734673,1.59563689288846,1.95133503140639,3.10034704319955,4.5906810512331,9.73424439179211
0.637859760347898,-0.292104361757123,-1.56930479976589,-1.34476097346183,-1.8758322902783,0.303034343481289,1.60954655439622,1.97518026586673,3.07401818689675,4.54994565010407,9.75312172182434
0.644317842027688,-0.281672063117823,-1.57079511772067,-1.3209159321202,-1.86987095881775,0.298066567362607,1.61600461153283,1.97518026586673,3.04669578887011,4.51715861992532,9.78094094503716
0.714859964771501,-0.228020241640597,-1.54496293985044,-1.29160640216203,-1.86192251687016,0.319924782280654,1.600107855514,1.98958676169531,3.04172808013805,4.5211328053986,9.72977344514914
0.745660046620331,-0.201194330854671,-1.54049198598465,-1.26527750234633,-1.86142573924874,0.32588611362345,1.56036596540841,1.95928344286066,3.08445037519189,4.57428753602443,9.71437351802056
0.752118128300869,-0.178342629064948,-1.53453071416156,-1.25285820997369,-1.87136129168083,0.347247550944385,1.57725626868072,1.95282535852035,3.12468881590134,4.59366169021099,9.71685737723521
0.736718087389694,-0.174865196187518,-1.51962753462193,-1.27074199097505,-1.86937418119455,0.349731439002861,1.57874658955735,1.95282535852035,3.14306933821243,4.60210683434426,9.71834769276473
0.726782577123173,-0.17039421105808,-1.50571790037382,-1.2722323060583,-1.8584450735227,0.352215327062438,1.59116593020434,1.95381890995687,3.1395919421019,4.59415846339729,9.73275407621067
0.749634250750742,-0.167413554304213,-1.47889217718264,-1.25633561183251,-1.84950307633253,0.347744328555577,1.59364979833388,1.94785760133606,3.14704350519698,4.59763587568692,9.73672825095446
0.736221311891067,-0.166916778179137,-1.4510729086996,-1.25981301369625,-1.85298051968271,0.358176658400293,1.58222400494985,1.95332213423542,3.16890142360625,4.60310038071375,9.75063786256087
0.780931108178529,-0.123697255245801,-1.418782686347,-1.2364647440276,-1.86788384832758,0.367615433024294,1.60259172361203,1.94438017130258,3.17386913233575,4.59316491703161,9.73275407622575
0.799808577701332,-0.0874325980779452,-1.41133109657399,-1.19721978013587,-1.87384517977962,0.386492982277678,1.60457881811227,1.92003816112399,3.19473350903134,4.61005520531532,9.70940579960554
0.79931180218756,-0.072032538190244,-1.40437627945282,-1.19423914997015,-1.85745151827204,0.387983315113393,1.60457881811227,1.92252203971552,3.21410757309039,4.64135191594173,9.69350910062933
0.71187931199751,-0.097864896664094,-1.41927945898849,-1.20318104046134,-1.84354174487116,0.369105765867185,1.6110368752466,1.90662521673164,3.22255267793416,4.63191322544133,9.75461203738066
0.660214658552703,-0.117735941687785,-1.40686014270086,-1.21212293096092,-1.82913519385527,0.355692770343768,1.65276585985519,1.92550269404411,3.18877225859672,4.58869395849528,9.78292803241862
0.682569556665119,-0.105813314675824,-1.3760602383153,-1.19622623673513,-1.80976086661716,0.362150879297441,1.66518520048662,1.95282535854588,3.15747569360737,4.56534561883208,9.78441834794733
0.697969597576293,-0.104819762425224,-1.36662155794704,-1.16393607660534,-1.78740587365985,0.356686325568449,1.66369487960999,1.95779311572692,3.172875590666,4.56981657748934,9.77994740135857
0.682072781141874,-0.0978648966699987,-1.36066028612995,-1.16641993507766,-1.81472864285039,0.365131544969049,1.66071423785549,1.94090274129909,3.172875590666,4.58024881435655,9.76554101791264
0.718834169108833,-0.0536518215317423,-1.33979583478866,-1.13860072021275,-1.82068997431007,0.382021983768288,1.67064971037024,1.95878666715596,3.15499183923322,4.58372622664553,9.73126376073354
0.697472822021574,-0.0774970755471527,-1.35469901432741,-1.11872985242806,-1.81870286382419,0.377054207652334,1.65425618071978,1.930470451206,3.16343694406686,4.6249584008878,9.74964431891975
0.72429869975673,-0.07451641879604,-1.34377001600675,-1.08345906212896,-1.78740587368243,0.401893088223714,1.65872714334989,1.95133503137613,3.14555319263496,4.62098421541347,9.71685737728307
0.696976046495554,-0.0904132548079826,-1.33532488093466,-1.10581378838701,-1.77995420936766,0.390467203151107,1.6438239345928,1.94338661988254,3.18281100810942,4.65774543103739,9.73871533837477
0.752118128465699,-0.0635873440597964,-1.32191201935197,-1.07700103014119,-1.78194131985272,0.401893088221784,1.66667552136551,1.95034147993709,3.16641756929142,4.64930028690523,9.7178509209582
0.744169720251868,-0.0864390458101703,-1.30104756800573,-1.07501394336503,-1.7705154345662,0.423751303137061,1.64382393457224,1.93792208697174,3.1987076760146,4.68457118296148,9.72083155201668
0.755595557080333,-0.0760067471706512,-1.30055079535442,-1.07849134522705,-1.7705154345662,0.434680410601163,1.6522690862076,1.94934792849392,3.21162371870909,4.67761635838618,9.70096067830808
0.718337393548844,-0.0968713444455266,-1.3055185218644,-1.08246551878232,-1.76157343738554,0.430209412094963,1.63935297195074,1.95630278854269,3.21311403132872,4.67364217290871,9.70741871226514
0.6930018423675,-0.113761732711407,-1.30700883981693,-1.09140740927461,-1.75561210593437,0.42772552403591,1.63835942469959,1.95630278854269,3.19672059252398,4.65873897738039,9.7416959694319
0.696976046477026,-0.131645673228974,-1.2911121149817,-1.08395583385857,-1.71686345145675,0.425738413588983,1.65624327521932,1.97319316297052,3.20417215561723,4.64333900866961,9.7416959694319
0.635375882826968,-0.157478031726685,-1.28713793377678,-1.10233638653286,-1.7044440109177,0.413815750908426,1.64630780270457,1.9528253585211,3.2155978857011,4.63936482319644,9.77348936739619
0.670646944287089,-0.126677911961307,-1.24739612170282,-1.0765042584421,-1.67712124175624,0.40388019867337,1.66816584223523,1.96921895723408,3.18479809158498,4.5911778243743,9.75461203736697
0.679588903525922,-0.11127785208654,-1.260312210628,-1.06160110763008,-1.69152779276795,0.387983315110708,1.66866261586073,1.95679956427841,3.18678517507819,4.61551971039137,9.76405070238655
0.708401883327781,-0.0834583890726501,-1.25186707556016,-1.01838197022026,-1.68755357180117,0.414312528530549,1.65872714334923,1.94438017131306,3.19373996729251,4.6189971226764,9.74368305682424
0.667169515739634,-0.0983616728178877,-1.24193162254284,-1.02881417578725,-1.66817924457994,0.390467203159364,1.64134006645955,1.94438017131306,3.22155913618794,4.64135191595915,9.77299259557276
0.651769474818344,-0.107303643074042,-1.25484771146841,-1.03576897950468,-1.66569535647501,0.379041318092548,1.66717229500635,1.95679956427841,3.19970121779633,4.6274422668181,9.78193448874675
0.689027638354151,-0.0943874638124403,-1.22951230627089,-0.998511102442889,-1.65327591595218,0.387486537493148,1.66071423787379,1.95630278856019,3.18281100811726,4.63240999865786,9.76703133345835
0.742679393822391,-0.0531550454060307,-1.22404780710999,-0.964233855554504,-1.66321146837537,0.41331897329502,1.64730134998198,1.93196077837845,3.1942367381975,4.66470025563802,9.74219274130968
0.729763230465434,-0.0233484778861419,-1.21361558144505,-0.957279051837934,-1.65774691454665,0.41679641657762,1.64283038735114,1.91954138542343,3.19821090518168,4.68904214166152,9.72430895496574
0.776460128706361,0.0293097913768831,-1.20417690108125,-0.931943695444049,-1.65874046978875,0.438157853873293,1.64730134997833,1.90563166530748,3.18678517510425,4.69897760534733,9.69102524146589
0.72827290381271,0.000993552221988277,-1.2170929900007,-0.92995660866764,-1.63489514397483,0.443622407602631,1.63339168844858,1.89917358096533,3.22901069927141,4.72828722319224,9.71337997439328
0.672137270761854,-0.0178839405326802,-1.23000907891443,-0.963240312175353,-1.64532747401401,0.435673965811565,1.64382393457897,1.91854783397165,3.22255267791855,4.70692597625224,9.74169596943351
0.642827515467405,-0.0248388062813337,-1.21510589938625,-0.952808106613508,-1.63936614255966,0.438157853868939,1.65674004883724,1.94338661987493,3.20864309346197,4.6805969974977,9.74268951311964
0.715356740342975,0.0223549255424262,-1.17784795060824,-0.924988891778142,-1.63787580969732,0.449583738928758,1.68207550373087,1.96872218151569,3.18926902943044,4.67364217292699,9.70741871224149
0.715853515856479,0.0317936719154998,-1.17238345145122,-0.921014718228172,-1.6373790320765,0.487338837421973,1.66071423781512,1.92947689974621,3.212120489566,4.71139693485538,9.69698650353703
0.752614903846871,0.0635873439220281,-1.13164809410432,-0.896176133534111,-1.63986292018143,0.503732498603065,1.6631981059427,1.94090274126721,3.20963663520183,4.70096469799284,9.66221247451499
0.7392019649802,0.0904132546735936,-1.12320295904697,-0.884750384582319,-1.63638547683638,0.516648716504001,1.64432070815746,1.91904460965302,3.23000424098954,4.72133239852216,9.66618664925915
0.674124372684818,0.0675615529150631,-1.11624814193568,-0.93045338044648,-1.59564971193185,0.473429064281049,1.65326263341976,1.91308330103237,3.23546872059086,4.73027431582995,9.69897359089189
0.68356310744631,0.0620970155392281,-1.12519004964809,-0.917040544714171,-1.60508848672783,0.483861394125765,1.68008840918839,1.94139951695806,3.22404299050923,4.68705504878698,9.70990257143643
0.655743678717244,0.0521614930457404,-1.12519004964809,-0.9145566862459,-1.58273349379215,0.477403285177956,1.67760454106231,1.96524475143636,3.25086861763737,4.69649373928364,9.75312172179614
0.767518169311725,0.129161792422815,-1.0998546444693,-0.892201960024834,-1.5812431609297,0.500255055305074,1.69101742896618,1.98362545301982,3.19821090513302,4.6950034197333,9.69251555693966
0.795834373609333,0.144065076177752,-1.08793210085628,-0.843021562323912,-1.55739783513366,0.533539155287241,1.64432070814557,1.95828989139223,3.2424235128153,4.75759684093079,9.66618664927137
0.789376291929794,0.137606986552172,-1.09439014531686,-0.861402114984128,-1.5265976226471,0.543474707514115,1.61799170599404,1.93593498408072,3.27968132830253,4.77796454147999,9.6627092463698
0.718337393594821,0.0765035232255564,-1.1087965521679,-0.8777955808646,-1.51914595833701,0.530558489619997,1.60507559173894,1.92898012402582,3.2841522661576,4.76604198506708,9.71139288700975
0.725789026296225,0.0745164187262749,-1.08743532820752,-0.859911799899449,-1.51070073878496,0.53502948812176,1.62047557414583,1.96226409717727,3.26378466038585,4.72779044995492,9.70543162489161
0.714363189494029,0.0710389858526417,-1.09886109916071,-0.844015105711344,-1.47642308296351,0.53453271051038,1.62842395215179,1.94537372275251,3.28017809918377,4.74269364547105,9.72728958599497
0.696976046508301,0.0561357021055269,-1.10134496241243,-0.847989279259057,-1.48288119203335,0.540494041846881,1.64680457631134,1.93792208696924,3.27222976522026,4.72878399633147,9.72381218309385
0.739698740705519,0.0730260903639599,-1.08395791964678,-0.801292740007699,-1.48685541299609,0.575765252287663,1.6641916531977,1.95083825564498,3.26775882736475,4.71090016171164,9.70443808122345
0.72330514874913,0.0705422097381631,-1.07501601193437,-0.792350849524461,-1.46052619910235,0.578249140345246,1.6522690861943,1.91755428253501,3.28613934966683,4.75163556283529,9.71188965886561
0.704924454750916,0.0486840602378053,-1.06557733157588,-0.821660379469605,-1.46151975434342,0.573281364230341,1.6403465191844,1.89569615093104,3.25732663904631,4.75610652148995,9.72579927046497
0.627924250171235,0.00943874639305892,-1.07203537602959,-0.820170064389084,-1.43866798379938,0.567320032894972,1.65624327520583,1.8902316180297,3.26179757690576,4.73772591369278,9.78292803242252
0.577749923236598,-0.0288130152634897,-1.09737078121737,-0.852956996176338,-1.43767442855848,0.539500486644452,1.70741095865192,1.91258652534991,3.23596549153006,4.70990661540848,9.82266977983919
0.560362780245158,-0.0402388661438345,-1.08793210085274,-0.846995735852266,-1.45108742431307,0.535526265754205,1.73970124430418,1.93444465694366,3.20367538477842,4.68010022435341,9.84452774092943
0.590169311038967,-0.00198710453065579,-1.07153860340253,-0.826131324733984,-1.44015831666316,0.551919926926297,1.73572705530077,1.95630278853628,3.1987076760505,4.6706615338545,9.8236633235201
0.441633432116719,-0.0859422697777974,-1.0904159641103,-0.899653535470169,-1.43568731807819,0.521119715008029,1.71337224212522,1.9503414799164,3.21112694786498,4.71139693488035,9.94040470649358
0.365130002962511,-0.128665016552717,-1.1048223709754,-0.946846846377814,-1.46648753055283,0.50025505532058,1.74119156511875,2.01144489320595,3.13114683724066,4.62545517390849,10.0029979586732
0.370594533616435,-0.131148897178149,-1.10531914362579,-0.944859759603859,-1.45704875575913,0.492803391149716,1.77546894525868,2.05466438070853,3.10680506445806,4.5976358755985,10.0342945847715
0.396923635818904,-0.119226270179456,-1.08644178292918,-0.934427554041241,-1.45804231099993,0.492306613538242,1.77695926613388,2.05069017496307,3.11077923144078,4.59564878286191,10.0303204100276
0.385994574508838,-0.110284299927808,-1.06259669571936,-0.947840389767588,-1.46599075292656,0.490319503092195,1.77497217163256,2.06161924076676,3.12766944110909,4.59862942196506,10.0477074245202
0.408846248126253,-0.0834583891801847,-1.05812574186718,-0.869350462213811,-1.44810675859467,0.507706719489775,1.78093345513848,2.08149026949867,3.13363069158566,4.58571331918203,10.010449536296
0.402884941955629,-0.108297195444673,-1.06607410427516,-0.857924713266816,-1.44462931525324,0.486345282192299,1.76056573648352,2.07701928803277,3.16095308959424,4.61999066884336,10.0298236381573
0.475414166997929,-0.0531550455438759,-1.03577097258445,-0.816195891001402,-1.44264220477159,0.52509393588938,1.76205605735844,2.06907087654414,3.17188204879566,4.61402939063423,9.98064322572298
0.472433513912502,-0.055638926170768,-1.02583551957478,-0.805763685438526,-1.41482265803107,0.522113270221255,1.72926899808031,2.0477095206687,3.22106236521231,4.65824220401568,9.99952055574515
0.451072166847113,-0.0675615531604505,-1.02583551957478,-0.81967329284831,-1.4252549880604,0.520126159776761,1.75013349033854,2.04025788490129,3.21659142735614,4.64582287440464,10.0323074973831
0.539498208583158,-0.00794841804305148,-1.03825483584146,-0.755589744286196,-1.42326787757851,0.534532710517745,1.77546894526877,2.03529012771664,3.19075934197349,4.59862942198856,9.95977880842986
0.615504862224111,0.0437162989773212,-1.00745493152422,-0.699951314596228,-1.40488710561228,0.557384480650653,1.76404315190156,1.99753517318678,3.24441059634015,4.66519702878714,9.91258548338357
0.635872658287599,0.0650776723475132,-0.982119526373153,-0.687532022263457,-1.39693866368411,0.562849034376184,1.72281094100074,1.9801480230538,3.26179757690214,4.7009646980353,9.90066295915873
0.612027433652553,0.0715357619692971,-0.976655027228093,-0.671138556390271,-1.39147410986028,0.563345811987659,1.70790773224324,1.98461900451738,3.25434601380889,4.69500341982429,9.91556611444614
0.62544037253244,0.0725293142192718,-0.984106616977526,-0.634874222780371,-1.39395799796298,0.587687914940159,1.69548839160504,1.98263190164445,3.22155913620462,4.6776163583826,9.8783082262378
0.554401474046517,0.0258323584537998,-0.976655027226551,-0.678590131759886,-1.38998377700245,0.564836144814971,1.69598516523045,1.98610933167041,3.22801715755226,4.67811313156673,9.92699186684334
0.604575800939466,0.0561357020929754,-0.960758302414362,-0.677099816680321,-1.3879966665219,0.608055797001417,1.72330771464043,1.9975351731923,3.19572705081089,4.61055197855134,9.89172106601128
0.680085678848368,0.100348777145843,-0.925487444285818,-0.642325798191916,-1.38402244555916,0.627430123826027,1.69151420261576,1.99157386457365,3.20864309349589,4.6269454936219,9.85645026513454
0.760563312033631,0.151516718007179,-0.892203676746224,-0.5996034326099,-1.38501600079925,0.646307673051108,1.67462389932825,1.96077377001359,3.22354621965922,4.66171961643325,9.79932150319603
0.734234209812343,0.14058764326136,-0.892700449395995,-0.600596975996681,-1.35918356454582,0.639849564105344,1.62991427303136,1.93941241413095,3.26775882730468,4.70295179071032,9.81323111479131
0.765034291693904,0.161452240516958,-0.858423136522248,-0.601093747690176,-1.35918356454582,0.656243225282629,1.63637233016481,1.95381890996289,3.26378466031982,4.6900356879232,9.82416009532755
0.692505066655808,0.126677911765659,-0.863887635671186,-0.639345168085499,-1.35272545548051,0.644817340218949,1.62743040491591,1.95083825565473,3.25832018071489,4.67413894602255,9.86837278932005
0.687040536006212,0.122703702768013,-0.859913454474485,-0.634874222847578,-1.34129957021416,0.643327007384839,1.64481748181317,1.98213512588271,3.23348163705035,4.61253907116401,9.8554567214055
0.65375657658282,0.107303642897773,-0.870345680116597,-0.641829026549723,-1.3557061212074,0.631404344706549,1.64283038731125,1.97219961151779,3.2563330971943,4.63390031807808,9.86886956115907
0.624446821243633,0.0958777920205465,-0.859416681818559,-0.659216035806587,-1.34278990307662,0.608552574588599,1.65872714332662,1.96872218148966,3.25931372243325,4.65079060633594,9.89072752224582
0.630408127417829,0.124690807290982,-0.85494572796956,-0.64878383024603,-1.33782212687704,0.632894677547267,1.66468842683043,1.95978021856447,3.24937830497449,4.65327447225637,9.89420492514378
0.602091923143745,0.13711021041058,-0.833087731377364,-0.630900049299865,-1.34726090166138,0.622959125327526,1.65922391695171,1.96574152718188,3.25186215934103,4.66718412142642,9.90563067752965
0.6398468620151,0.193742688447566,-0.811229734827819,-0.603080834552398,-1.35520934358762,0.64332700735671,1.67313357846933,1.98014802300709,3.23248809531045,4.66271316277223,9.8370761630539
0.560859555372593,0.15151671784182,-0.824642596365694,-0.629906505953766,-1.36117067502914,0.633888232746063,1.62295944214058,1.95828989135375,3.27819101547639,4.71735821277464,9.88327594445443
0.576756371811312,0.170394210581429,-0.832094186114025,-0.621958158860891,-1.37160300505065,0.633391455134777,1.65425618055992,1.97021250859351,3.22503653211563,4.69351309995072,9.86290829890243
0.60060159646847,0.181323285327018,-0.830107095514793,-0.582216423420063,-1.3596803421633,0.645810895412994,1.64183683991665,1.97468349005639,3.24639767965013,4.7123904809443,9.8385664786128
0.671640494966747,0.219078270826051,-0.808745871579051,-0.54644886148976,-1.35322223310002,0.679591772976519,1.61600461139519,1.97368993862024,3.26428143107896,4.74020977926163,9.77796031380076
0.624446821126456,0.185794270444566,-0.834578049374413,-0.574764848013372,-1.34626734641926,0.674623996862138,1.59116593010831,1.92947689971182,3.30948758052573,4.80031933456951,9.81124402726377
0.632395229350883,0.183310389819395,-0.829113550227737,-0.562842327382595,-1.30751869204662,0.705424208768699,1.60755945974268,1.94487694697525,3.26676528545306,4.77100971670449,9.79832795935301
0.648292045810182,0.192749136196631,-0.833584504076075,-0.553403665212719,-1.2936089186841,0.712379095328685,1.59315302460435,1.94736082556684,3.27918455727727,4.77995163401134,9.8003150467239
0.680582454229719,0.194736240696747,-0.827623232279261,-0.541481144578704,-1.28715080962644,0.712379095328685,1.57725626858984,1.95729633992789,3.29955216306249,4.78839677813837,9.76901842063055
0.651272698895629,0.168903882200663,-0.82563614168138,-0.572280989551429,-1.26380226148362,0.689030547595778,1.5693078905815,1.96077376995386,3.33432612416219,4.82664831330301,9.79087638170681
0.511182004383842,0.074019642605901,-0.852461864723423,-0.61550012676492,-1.24244082381381,0.64034634174063,1.58321755208851,1.97518026576822,3.30700372613889,4.82168058146377,9.90662422129178
0.551420821005625,0.0859422696080986,-0.845507047628373,-0.618977528615864,-1.24244082381381,0.636372120850803,1.64382393456727,2.03379980060043,3.21708819832315,4.72828722318177,9.88228240099111
0.523601392231416,0.0690518813681056,-0.838055457880042,-0.630403277562859,-1.23846660285261,0.63786245368463,1.62544331042275,2.01641265045662,3.23099778276746,4.74915169690435,9.88973397863338
0.481872249066878,0.0516647169977491,-0.838055457880042,-0.647790286808563,-1.2414472685738,0.613520350733158,1.62345621591904,2.02287073479005,3.19920444689398,4.74269364551394,9.89420492521838
0.447097963113225,0.0288130152555312,-0.845010274972418,-0.643319341571746,-1.23250527141261,0.601597688069216,1.64183684006306,2.03777400632699,3.18032715371864,4.73325495501803,9.91159193972372
0.512175555438784,0.0710389858807798,-0.812223280085092,-0.58668736856437,-1.22107938615648,0.629914011907137,1.65375940708499,2.06062568937106,3.18380454982576,4.72779044999797,9.87532759520287
0.48634322870041,0.0611034633774881,-0.824642596330107,-0.612022724913214,-1.22157616377618,0.618984904461038,1.62146912142745,2.03976110920472,3.2240429905362,4.78491936613335,9.88575980390037
0.527078820832499,0.0720325381253723,-0.802784599749544,-0.585197053507211,-1.23747304761983,0.610042907454963,1.63537878294052,2.0561547079011,3.19870767600674,4.75809361420006,9.86092121175667
0.527575596346329,0.0948842398647118,-0.794836237357082,-0.591158313823335,-1.25386670907785,0.607062241787908,1.62594008405035,2.03727723061068,3.1992044468793,4.76653875832331,9.85098577489615
0.54595629037331,0.0933939114890773,-0.79533301000653,-0.551416578383487,-1.25585381955705,0.638359231296943,1.63090782030596,2.02734171624911,3.18579163331933,4.75262910918153,9.84105033804489
0.516646535042051,0.0616002394979018,-0.79732010060394,-0.575758391337689,-1.24889893287865,0.642333452186854,1.62693363130505,2.01740620189554,3.21162371872413,4.7436871918676,9.8430374254166
0.500252943092631,0.0789874038653381,-0.798313645903057,-0.563835870708384,-1.23200849379886,0.645314117854287,1.65226908621594,2.02287073479447,3.21957205269074,4.70891306898469,9.84651482831767
0.481872249064585,0.0665680007400047,-0.782913693766978,-0.568803587643884,-1.24591826716643,0.644320562631746,1.65177231259015,2.03876755778372,3.22404299054582,4.71189370808603,9.8807920854529
0.489820657291623,0.0606066872386556,-0.7699976048777,-0.559861697172789,-1.23796982524422,0.665185222305978,1.67064971036664,2.04919984785619,3.22503653229262,4.67364217288203,9.89221783783436
0.549433718897667,0.0924003592218215,-0.753604107450275,-0.53551988423421,-1.22753749522775,0.667172332750388,1.66121101148418,2.03678045490955,3.24987507594073,4.65178415276806,9.87035987674062
0.519627188081978,0.0914068069726812,-0.756087970697075,-0.55986169717399,-1.24393115668418,0.654752892474794,1.64680457633171,2.02883204341905,3.24987507594073,4.66817766782348,9.87383727964141
0.590666086550057,0.134626329831603,-0.738204155307161,-0.485345943297849,-1.24542148954335,0.677107884972751,1.65326263346779,2.03081914629302,3.24391382547015,4.63688095726643,9.83359876036352
0.531549800386015,0.106310090701681,-0.750623471542629,-0.502236180845608,-1.20369216948001,0.687043437201513,1.628423952187,2.00150937891687,3.28663612054072,4.68953891472899,9.86886956120263
0.52906592281677,0.0963745682090271,-0.752610562140392,-0.475410509436955,-1.1882920632615,0.683069216311519,1.64432070820974,2.03330302486894,3.27521039046889,4.66668734826911,9.89072752229229
0.456536697660932,0.0665680006766199,-0.760062151883876,-0.508197441169164,-1.19773083804036,0.664688444700147,1.62991427306472,2.03578690345982,3.27024268174072,4.65327447230123,9.91854674546913
0.483362575423042,0.0844519411769125,-0.76254601513097,-0.486339486678327,-1.20468572471876,0.688036992414814,1.64084329281516,2.04621919353094,3.24093320022123,4.61701002981787,9.90910808045257
0.471439963089626,0.0799809560550777,-0.749629926247038,-0.478887911288599,-1.21362772187692,0.699462877469808,1.64283038731649,2.04572241781292,3.25186215942025,4.66420348228625,9.91457257072502
0.492304534688021,0.0924003591804111,-0.747642835649862,-0.448584838001127,-1.19425339468896,0.720327537134348,1.65127553895299,2.05516115645654,3.24391382545499,4.65178415269422,9.86042443987377
0.481375473375209,0.108793971305507,-0.747642835649862,-0.449081609693861,-1.19624050516922,0.72430175802258,1.64928844445113,2.03479335202404,3.26328788950788,4.6825840901373,9.85545672144748
0.456039922209525,0.113761732549019,-0.747642835649862,-0.427223655243489,-1.20269861422641,0.73572764307468,1.6477981235745,2.0174062018852,3.25533955554379,4.68357763650667,9.85843735250648
0.455543146695637,0.109290747427371,-0.73721061001577,-0.402385070611367,-1.19524694992641,0.736721198296968,1.63438523566368,2.02038685619452,3.25583632641618,4.69748728563341,9.88228240096029
0.410336574965932,0.0998520010626198,-0.724791293783974,-0.424243025053108,-1.20965350090397,0.724301758022948,1.64928844443053,2.04969662356153,3.24242351285097,4.68755182195363,9.90513390574072
0.432691473111174,0.108297195192634,-0.715849386093512,-0.410333417659806,-1.22952460568547,0.7387083087472,1.66170778507515,2.05516115646558,3.23894611674393,4.66420348234218,9.88377271650412
0.420272085261346,0.0874325979444831,-0.704423615159584,-0.428217198594934,-1.24790537762502,0.755101969914099,1.65574650156825,2.03379980059735,3.23099778277712,4.68854536835283,9.89023075045997
0.532543351511678,0.160458688332183,-0.680578527992068,-0.387481919784175,-1.25336993144634,0.779444072855806,1.66518520045765,2.04373531495763,3.22752038666668,4.68904214153699,9.83210844487045
0.507207800292643,0.155987703208377,-0.657230213483884,-0.382017431165175,-1.22753749522415,0.755101969918724,1.62792717855424,2.00647713610609,3.27868778657992,4.76306134598359,9.84601805647296
0.541982086249653,0.164929673451202,-0.662694712625875,-0.361153020088612,-1.21263416662937,0.75112774903066,1.62693363130361,2.00896101469606,3.2642814312709,4.71388080077711,9.82813427012378
0.512672330904235,0.141581195570182,-0.673126938263668,-0.377546485959774,-1.18729850802653,0.726288868475538,1.61650138516383,1.99604484602468,3.28514580792305,4.72878399628656,9.8743340514972
0.532543351469527,0.145555404568495,-0.669152757068964,-0.354694988106682,-1.16196284941757,0.732250199806628,1.62146912141809,2.02187718335001,3.2831587244313,4.70444211024701,9.85794058068575
0.497769065515203,0.128665016336302,-0.669649529718045,-0.364133650252795,-1.14407885511033,0.733243755028287,1.61252719615579,2.04423209066848,3.29508122537626,4.73822268677431,9.85495994962675
0.475414167380329,0.095381015959709,-0.682565618599304,-0.38996577827084,-1.14308529987053,0.74665675052508,1.64382393459901,2.0323094734284,3.28415226618073,4.71239048124504,9.85843735252499
0.466472208127675,0.100845553329234,-0.678591437407068,-0.410830189351008,-1.14457563273086,0.748643860969364,1.64233361372288,2.05118695069186,3.28762966229108,4.69053246113107,9.87234696412361
0.454549595785965,0.116742389330496,-0.675610801511305,-0.415301134583521,-1.15302085226881,0.75907619079866,1.6333916884596,2.06708377367657,3.26477820214433,4.67761635835485,9.88973397861944
0.434678575213761,0.131645673081053,-0.667165666478177,-0.401888298880685,-1.14258852224705,0.744669640076842,1.64233361371922,2.07354185801134,3.2632878895252,4.64880351368576,9.9016565028427
0.404375268884771,0.102335881728032,-0.672630165617744,-0.404868929034774,-1.12172386220983,0.729766311748174,1.65276585985445,2.06559344652353,3.25037184682407,4.64184868910625,9.91954028918759
0.428220493562201,0.120219822218187,-0.680081755350874,-0.388972234878848,-1.13811752365476,0.738708308748395,1.65773359611264,2.11278713972322,3.20864309350648,4.59664232937815,9.91954028918759
0.374071962551596,0.089916478603825,-0.673623710910531,-0.414307591188916,-1.14308529985182,0.745663195302067,1.62792717856838,2.10384517679781,3.2126172604893,4.62595194724395,9.97170133268206
0.391955881071419,0.118729493857926,-0.66170116732501,-0.395430266853591,-1.1679241808347,0.764540744526351,1.65375940709406,2.12123232693033,3.19473350907448,4.60856488581511,9.95729494924918
0.355691268528197,0.0933939114822458,-0.660707622026481,-0.40933987423934,-1.16444673749865,0.773979519130821,1.64134006645587,2.10930970970759,3.19672059256623,4.61651325677026,9.97368842006063
0.362149350208985,0.0958777921053831,-0.674120483557218,-0.421262394851282,-1.17438228988964,0.795837733996716,1.66518520047893,2.10086452250146,3.1684046528105,4.59912619532996,9.99057866272511
0.380530044232413,0.127671464107906,-0.668159211764634,-0.400397983757209,-1.16891773607162,0.792360290720504,1.66270133235047,2.12073555123079,3.16890142368315,4.58571331936809,9.97915291034396
0.408846248521815,0.147542509077363,-0.666172121168868,-0.37307554068042,-1.15103374175487,0.802295842939406,1.650778765337,2.08943868102069,3.1679078819374,4.62793904001997,9.95431431819993
0.383013921762472,0.13114889695089,-0.669152757064632,-0.384501289612465,-1.14258852221691,0.783915071332303,1.63935297193865,2.07503218519136,3.18430132074094,4.64433255508058,9.96772715794831
0.393942983079086,0.133136001450255,-0.657726986144215,-0.385494832997554,-1.11625930837602,0.807263619049435,1.65475295431993,2.08993545672482,3.17933361200973,4.63290677183753,9.96623684242062
0.356684819510881,0.139097314948726,-0.658223758793355,-0.382514202843465,-1.09787853645602,0.800308732492826,1.64730134993824,2.09987097108407,3.18430132074191,4.65128737964925,9.97319164821909
0.336317023433621,0.124194031207868,-0.658720531442347,-0.413810819474919,-1.10036242455488,0.803786175769772,1.64630780268671,2.08049671810038,3.20516569741144,4.65079060646482,9.97269487637623
0.358671921571087,0.161949016688671,-0.653256032302457,-0.403875385624032,-1.0824784302511,0.792857068327364,1.66419165321911,2.09689031679378,3.21162371875687,4.64930028691342,9.94040470660256
0.394439758573409,0.173871643680105,-0.645804442565803,-0.355191759788329,-1.07552354357287,0.806270063819626,1.65475295433897,2.10881293401838,3.22056559446625,4.64780996736163,9.90662422128983
0.396923636146495,0.186291046808828,-0.629410945148556,-0.369598138876561,-1.0914204273996,0.776960184772317,1.62395298951973,2.09788386822434,3.24192674199029,4.68854536845411,9.9101016241883
0.41580110566565,0.20367821116349,-0.599107813557307,-0.352211129653172,-1.09440109311783,0.765037522120709,1.61252719613758,2.11825167265631,3.24540413810277,4.69649373940024,9.90314681838621
0.458027024318354,0.233981554751135,-0.581720770841017,-0.331346718580729,-1.08396876310566,0.768018187786065,1.59911430823809,2.11179358832154,3.25086861770114,4.71288725446344,9.86886956122174
0.417291432172884,0.187284599046445,-0.58917236057635,-0.353701444731706,-1.0780074316702,0.755598747511782,1.59215947747663,2.09539998961963,3.28216518266902,4.71984207903232,9.90662422127412
0.462994779498671,0.216594390416079,-0.583211088785352,-0.332837033643298,-1.0700589897553,0.769508520621182,1.61203042251263,2.12470975698512,3.26974591084938,4.69550019302809,9.87185019228685
0.472433514268371,0.218084718790493,-0.599604586195329,-0.315946796103461,-1.06608476880111,0.749637416182538,1.59414657200411,2.10583227970745,3.26775882735655,4.72878399636897,9.85446317779263
0.515156208488704,0.217587942665678,-0.58867558791765,-0.328366088415077,-1.08396876310143,0.762056856460754,1.5901723829993,2.08695480242046,3.29359091274427,4.72828722318511,9.84651482830856
0.493298085851253,0.21013630079173,-0.582217543481889,-0.313462937632125,-1.06509121355764,0.759076190794832,1.60308849726495,2.07503218518998,3.29259737099859,4.73226140866017,9.87781145439564
0.414807554527326,0.136613434273541,-0.599107813556383,-0.337307978882494,-1.08347198548119,0.749637416181395,1.60904978077186,2.07900639093172,3.28266195354323,4.70791952263732,9.93593375996812
0.358671921431999,0.0919035830246854,-0.603578767397979,-0.383010974561606,-1.06360088069921,0.721321092355431,1.64332716089216,2.08993545671441,3.26130080600873,4.66668734832434,9.98213354134401
0.39742041154106,0.0924003591496988,-0.606559403290834,-0.345256325938486,-1.05863310450204,0.746159972906358,1.69399807072845,2.09738709248375,3.24590090895878,4.63191322544602,9.98014645397349
0.413317227967496,0.0914068069012052,-0.608049721236667,-0.331346718570588,-1.05167821782683,0.747153528127556,1.69896580698244,2.07006442799688,3.25285570118195,4.61850034947248,9.93593375991555
0.311478247569373,0.0273226868094607,-0.637856080189894,-0.358172389953416,-1.03975555496226,0.739701863963458,1.69548839159948,2.05069017497949,3.2617975768852,4.63638418407061,10.0049850460552
0.344762207010129,0.0521614930468304,-0.613017447751636,-0.35121758625934,-1.05018788497545,0.754605192291811,1.73771414975322,2.07900639091034,3.20466892651062,4.58124236063254,9.97418519180485
0.32787183952963,0.0312968958043738,-0.608049721260753,-0.350720814567023,-1.03727166687028,0.762553634064919,1.72579158273422,2.06857410083624,3.22553330316329,4.57577785560686,9.99554638104373
0.259316818491922,-0.0258323586153464,-0.615004538348606,-0.386985148125894,-1.04472333116001,0.762553634064919,1.730262545363,2.06112246506361,3.23149455364117,4.54100373271202,10.0457203371335
0.239942573447313,-0.0243420302409322,-0.616991628944019,-0.350720814597455,-1.03528455638846,0.777953740000803,1.76205605737727,2.08198704522182,3.18281100807536,4.4888425483333,10.0496945118758
0.315949227083861,0.0163936119746725,-0.614507765700156,-0.303527503857574,-1.04174266544096,0.785902181775757,1.75311413211741,2.07205153085742,3.20566246821372,4.52162957847052,10.0025011868138
0.368607431669414,0.0412324182563728,-0.572282090545754,-0.273224430606758,-1.02286511589808,0.809250729496833,1.72877222445195,2.04025788490039,3.23397840794865,4.55491338179998,9.96176589573829
0.39466054750858,0.0655744483760938,-0.56278821325942,-0.249048208251813,-1.02932322495145,0.830832956820115,1.69134861136088,2.0056491765633,3.24810877943545,4.58621009241402,9.93874880035137
0.374444543918228,0.0693002692945043,-0.562719217065082,-0.258569665695005,-1.01938767256189,0.82676214028556,1.67623841357868,1.99157386454838,3.24590090887545,4.59676652255922,9.92860637521308
0.298774987951216,0.0229936376559558,-0.573275635859714,-0.294230776446912,-1.01158116711433,0.81017331649719,1.66603681232751,1.99760614112157,3.25654599899086,4.60750037169215,10.0227268976274
0.36595796228153,0.0531550452325623,-0.529394051852072,-0.269747028765637,-1.0260113741539,0.822001354850939,1.70459590803054,2.02800408388374,3.22271826812229,4.53736072930471,9.97683464169304
