0,0,0,0,0,0,0,0,0,0,0
-0.0124192972106728,-0.0240107058726389,0.00215267377517003,-0.0190430672298744,-0.00943870030236543,-0.0180495846613256,-0.0112602920523051,-0.0120881122008584,0.0112601833128491,0.0173871613855346,0.014572083097126
-0.00212902238144146,0.00567740830130309,0.0150450607144735,-0.0411614123930037,-0.00766450852124628,-0.00752263161666672,-0.0256904982517256,-0.00510965212307105,0.0107870663637722,0.0205807216385069,0.0512388506515419
0.00683061346164052,0.0229757616766875,0.0153998970478283,-0.0484356275161584,-0.0187532071797958,-0.000869360732202756,-0.051416480606869,0.00198708693952471,0.00732739869403204,0.0235968618777455,0.0371339731354502
0.0171110317073115,-0.0110394049646675,-0.0019870835050082,-0.00827959441012305,-0.00419497791764351,-0.0243972979168959,-0.0681137273936778,0.0163382703808515,0.0239554880313381,-0.0160072279156264,0.0167799744901718
0.0119225253165533,-0.0139096502704828,-0.0109289592202091,-0.000993551298253625,0.0119225687945722,-0.0288130984474152,-0.0670649747047971,0.00745157602225133,0.0223547756951354,-0.0188774894802221,-0.000496775545804462
0.0312966289637871,-0.0362644453923335,-0.0218579184181535,0.0134129430456685,0.023348363889884,-0.0531551988656297,-0.0705424178396417,0.00695480428793234,0.0253354124553421,-0.0322904425466424,-0.0134129401084547
0.0298063132980542,-0.0218580218724413,-0.0263288562720224,0.00447098103760379,0.0114257950817497,-0.0417293150008374,-0.0630907539815827,0.00496771735038323,0.0278192764229787,-0.0193742655216828,-0.0129161645485437
0.0367611197330497,-0.0312967131481281,-0.0203676057938467,-0.000496775629971524,0.0139096635809365,-0.044709980358077,-0.0859425231372574,0.00695480428837961,0.0342773227388335,-0.0337807706673894,-0.0432194737228233
0.0457030137256397,-0.0263289808973022,-0.0481867746967699,-0.000993551296888051,0.0193741742794503,-0.0427228701205774,-0.0978651853085796,0.0114257498974738,0.0417289146319473,-0.0442130674959822,-0.0367613914396529
0.0506707326104121,-0.0397418579757861,-0.0452061494599449,-0.00496775663288745,0.0352709326797428,-0.0397422047629045,-0.109787847479044,0.00645803255521599,0.032290231559834,-0.0630905569886457,-0.051664658235957
0.039741751070162,-0.0223547951037,-0.0357675028703091,-0.00347742963278697,0.0357677063794976,-0.0089419960675918,-0.10332973880237,0.033780477953692,0.035270868321044,-0.0874325829235084,-0.0620969450010783
0.034774032185944,-0.0317934863869502,-0.0273223980238481,-0.0163935969582019,0.0312967430808375,0.000993555126920093,-0.102832961212035,0.0452062278493147,0.00844513750460496,-0.066567989251312,-0.0799808651802548
0.0362643478513859,-0.0536515082940874,-0.0367610446093231,5.04793429279005e-11,0.0576257491809582,-0.00596133070649432,-0.079484414466859,0.037257880099118,-0.000496772771094139,-0.0710389736074199,-0.0829615185403965
0.0322901727435126,-0.0307999399616486,-0.0248385436623152,-0.0223549049866189,0.0695483179900816,-0.00496777558834285,-0.0665681971198574,0.0183805541900405,-0.0149031837838264,-0.0635873330235708,-0.105813194284825
0.049677188839124,-0.0317934864115483,-0.0203676058069135,-0.0183806996490888,0.0591160702859941,-0.000993555113096067,-0.0710391954335136,0.0119225216468013,-0.00546450070825069,-0.0586195726287506,-0.08544539632205
0.0466965575080943,-0.0109290109653237,0.00496770870640895,-0.0278194373239049,0.0541483332871393,0.013412994111019,-0.0740198609772018,0.00645803257011274,-0.0094386830550727,-0.0571292445106216,-0.0859421718820198
0.0268256819709455,0.0029806393403326,0.030303023224695,-0.0486840153266499,0.0407354433874491,0.0312969862581695,-0.0973684077234971,0.0114257499143583,-0.0278192764065918,-0.054645364312733,-0.0546453115878887
0.00447094700614842,0.0461999099577293,0.0511673999121082,-0.060109855657232,0.0382515748882623,0.0447099803686719,-0.0884264111003648,0.0347740214507078,-0.0551417800330521,-0.0119226248904418,0.0039742045526594
-0.0144063847533535,0.0397418580319144,0.0496770872933855,-0.0506711179836279,0.0392451222881705,0.0581229744761104,-0.0799811920630534,0.0412320539989539,-0.03378054992052,0.00894196877118336,0.00248387787178087
-0.0253353662989381,0.0402386312568708,0.0561351086413422,-0.0561356503192939,0.0367612537871973,0.0685553032308897,-0.0779940817017857,0.056631977763997,-0.020864457294141,0.0392453071743627,0.0298065336717346
0.00496771888908647,0.0486837760863202,0.0392448989577276,-0.044213034314358,0.0486838225854384,0.0303034311475067,-0.0844521903784604,0.0218579563542773,-0.0263289580226074,0.0407356352921288,0.00943873571417708
0.0158967004352806,0.0233483416128594,0.0203676057763755,-0.0149032699865761,0.0640838072855091,0.0129162165598188,-0.0700456402535705,-0.00794834770746938,0.00298063676055654,0.017883937461602,0.00844518459348378
0.012916069104459,0.0327870328877901,0.0263288562509013,-0.0213613536583211,0.0461999540812226,0.00943877364386955,-0.0700456402535705,-0.00149031516067684,0.0158967293825918,0.0173871614220855,0.0238452269580093
0.0307998570933806,0.0198709290442667,0.0283159397427507,-0.0238452319941817,0.0317935167711947,0.0218582126242448,-0.0705424178439886,-0.00943866290650036,0.0119225470364998,0.0466969477405329,0.042722698223658
0.00248385945630003,0.0561353744999971,0.0461996911742121,-0.0586195286698879,0.0188774005745292,0.0342776516136451,-0.0536519797651142,0.0352707932051294,-0.00198709117822382,0.051167932096731,0.0740195585399927
-0.00248385942819476,0.061599879977876,0.0362642737142358,-0.0839550876689921,0.0248386849733199,0.0481874232865395,-0.0745166385589257,0.0615996951339114,0.00645804630993313,0.0799809423983632,0.117735807854808
0.00596126267373899,0.0466966832222137,0.0248385436334442,-0.0854454146683273,0.0382515748730101,0.032290541377301,-0.0581229780802354,0.0700448146219801,0.0149031837931842,0.0720325257660075,0.106309969965146
0.0452062418434637,-0.0104322376874654,-0.0382513572366364,-0.0496775666544372,0.0551418806742552,0.0104323287566364,-0.061600421211912,0.0253353585125866,0.0278192764108758,0.0283162342650134,0.0367613915083846
0.0536513639451621,0.0149031968035897,-0.0243417727909664,-0.0526582206571257,0.0591160702744384,0.00894199607766094,-0.0789876368732132,0.027819217185548,0.0188773661277938,0.0213613697091649,0.0486840049578794
0.0461997856205501,0.0193741558287957,-0.0253353145369396,-0.0486840153222488,0.0417289907772442,0.00347744291982824,-0.0879296334974174,0.0322901627969904,0.0019870911569019,0.0203678176297787,0.0536517605610524
0.0407352948470336,0.00248386617373186,-0.0144063553315009,-0.0561356503261948,0.0392451222769579,0.017387214579437,-0.0899167438590662,0.0397417388082341,0.00347740953720996,0.025832354062364,0.0765034363194378
0.0402385229584972,0.0198709290439604,-0.0188772931876691,-0.063587285328993,0.0620967125013974,0.0124194389852755,-0.104323293983956,0.0506707169590147,-0.00496772794810629,0.0134129530764477,0.0521614338746826
0.0442126980663149,0.0129161038935471,-0.024838543662195,-0.0531549963197181,0.0804773394060574,0.020367879936759,-0.11773628892589,0.0461997713494732,-1.38209443889536e-11,0.016890385353279,0.0342775137103082
0.0183805598629772,0.0432192706175155,-0.0471932329342765,-0.0536517719868518,0.081967660506559,0.0327873189235808,-0.126181507961176,0.0635867820475929,-0.00198709118650336,0.00546453644530981,0.0342775137103082
0.0218579630803535,0.0367612186818676,-0.0382513572126327,-0.0447098099904972,0.0849483027049649,0.029309876005899,-0.128665395914815,0.0596126081669281,0.00596127350616643,0.0134129530805653,0.0352710648320981
0.0298063132958779,0.0248386612776564,-0.0561351086283269,-0.00149032697204809,0.0899160397054683,0.0158968818926116,-0.116742733749496,0.030799847567421,0.00149031836483146,-0.0114258489056142,-0.0218581245982016
0.00447094699608246,0.0789869428803651,-0.0317933358397596,-0.00347742963764958,0.0690515443102779,0.0466970906013554,-0.127175063146526,0.0551416625825356,-0.000496772808092433,0.0327872186445727,0.0248387781139599
-0.0258321381894063,0.11574816153255,0.00347739611853981,-0.0387485019851331,0.0516644648092364,0.0392454272125114,-0.116245956159292,0.089418912257402,-0.00496772794614661,0.0596131247836661,0.053651760594195
-0.0168902441971905,0.0928965931665435,-0.0402384406785925,-0.0501743423245169,0.056632201810702,0.0188775472758151,-0.117736288929582,0.0650770972757732,-0.0014903183921999,0.0447098435992076,0.00149032679428193
-0.00397417510020542,0.0963740057424466,-0.0670640678014774,-0.0253355589630402,0.0909095871212884,0.00894199608295354,-0.0844521903643825,0.0581222929917421,0.00496772791812733,0.0322904426102708,-0.0591162914975561
-0.0198708755274856,0.0983610986422463,-0.0894187570790334,-0.025832334629868,0.0973676452227469,0.00894199608295354,-0.0839554127739882,0.0665674124745307,-0.00844513749972817,0.0387485311230785,-0.0745163338587437
-0.0387482072867237,0.106309470245478,-0.108792821111042,-0.015896821292166,0.0784902446004688,0.025832433107311,-0.0948845197586026,0.0481868583153015,0.000993545572385124,0.0611034529022588,-0.0685550271397522
-0.0640835735914651,0.113761068621021,-0.0914058405554445,-0.0402388289717235,0.0561354280972745,0.0337808740614353,-0.0889231886743707,0.0665674124942969,0.00248386395296657,0.0824648226136206,-0.041232371327954
-0.0720319238041077,0.116741707973586,-0.0884252153205902,-0.0437162586413034,0.0571289754976774,0.0303034311444753,-0.0670649746936133,0.079483477594181,-0.000496772805599732,0.100845536076874,-0.0193742466869144
-0.075509327021484,0.108296563138046,-0.105812195886833,-0.0397420533082635,0.0541483332992715,0.0447099803781628,-0.0864393007217797,0.0725286733049312,-0.0163935021870522,0.123697233917591,-0.0124193888332883
-0.0799802740179349,0.104819150563257,-0.0859413609795331,-0.0616001826629953,0.0486838225987932,0.0556390866921258,-0.0779940816838611,0.0844511949272444,-0.031793458775571,0.135123082828107,0.00347742908214299
-0.0412320667285998,0.0571289208865361,-0.121212092969792,-0.0476904639994987,0.0611031650930109,0.0367615394143207,-0.0794844144544368,0.062096466851021,-0.029806367602647,0.0973681037915127,-0.0422259225093839
-0.0198708755349527,0.0551418279845602,-0.14853449097101,-0.0238452319969741,0.0586192965942361,0.0407357598880822,-0.0770005265019886,0.0466965430767341,-0.027819276430331,0.0928971194329589,-0.0566324137536175
-0.0412320667348556,0.0844514482851799,-0.115250842509025,-0.0322904183304424,0.0447096329935952,0.0655746378619841,-0.0645810867462983,0.0814705644881931,-0.0307999131909028,0.125684338050729,-0.0119226133602994
-0.0322901727418916,0.0804772624842007,-0.1033283415699,-0.0397420533422345,0.0437160855923679,0.0690520807790163,-0.0953812973607167,0.0660706407250756,-0.023845094084604,0.10481974440348,-0.0044709799716158
-0.00496771887812135,0.0894191805359263,-0.100347716334316,-0.0268258860005686,0.0377548011909393,0.0730263012546752,-0.103329738805597,0.0655738689906945,-0.0183805933601468,0.0844519267919427,0.0104322868293866
0.0193741036553952,0.080477262482529,-0.112766988139974,-0.0129161673192131,0.023845137587221,0.0327873189515747,-0.0874328559169796,0.0700448145954283,0.00298063677067206,0.0630905570914041,-0.028316206818866
0.0397417510754339,0.0769998499069043,-0.13263782305944,-0.00198710265054736,0.0442128592890043,0.0183807697241692,-0.0819683024215936,0.0665674124521517,-0.000993545577242183,0.0392453071822557,-0.0442130247493328
0.0809738178227823,0.0447095902795539,-0.140586157018079,0.0317936427375444,0.0486838225914982,0.00993555121365619,-0.0948845197766463,0.0248385867750979,0.0119225470471621,0.000993552152609711,-0.113264827527999
0.0859415367048527,0.0516644154379552,-0.138599073525548,0.043716258741562,0.0591160702880835,-0.0104323287348819,-0.0829618576076108,0.00198708698470969,0.017883820563383,-0.0158968332099751,-0.149529443457964
0.0953802025869072,0.0645805192904476,-0.135121677414769,0.0516646694131521,0.0630902598882667,-0.0223549901680486,-0.0824650800170378,-0.00596126076429412,0.0203676845282872,-0.0228516977648361,-0.162445608015015
0.0576255390736952,0.0769998499236494,-0.11475407162506,0.0476904640797039,0.0457031803987664,-0.0233485452875205,-0.0616004212192247,-0.00596126076429412,0.025335412461662,-0.00794841657312867,-0.130155196573072
0.0521610483020081,0.0844514483071533,-0.0819671940191821,0.0417291560763174,0.0536515595960549,-0.000496777550581917,-0.0675617523045999,0.00695480433591318,0.0342773227400964,-0.0158968332085451,-0.110284174165079
0.0620964860678114,0.0779933963725406,-0.0725285474304708,0.0462001370759296,0.0606063913950287,-0.00397422046848064,-0.0680585298949705,0.00298063045723662,0.04073536905536,-0.0198710415281862,-0.0938905806676621
0.0144063847979395,0.149031967693141,-0.0352707319505404,-0.0109290645857857,-0.0163935320329226,0.0248388780063743,-0.0705424178457512,0.0615996951677203,0.011425774270403,0.0670647654525264,0.0452065763253873
0.00149031569609061,0.159960978651088,-0.0317933358418055,-0.00844518624986135,-0.0243419112317501,0.036761539437313,-0.0625939764008709,0.0660706407775973,0.0168902749966962,0.0809744945512557,0.0332839628838806
-0.0114257534053979,0.159960978651088,-0.00894187571351845,-0.0372581749358561,-0.0218580427318763,0.0765037441807032,-0.0630907539913248,0.091902770957984,-0.00596127351429476,0.100348760092819,0.0660711498131418
-0.0139096128474896,0.170889989605241,0.00397416698192032,-0.0308000912651058,-0.0422257644336596,0.093890958766586,-0.0630907539913248,0.0968704883057084,-0.0153999565866967,0.10929072880603,0.0675614764936972
-0.043219154275209,0.192748011500702,0.009935417450607,-0.0586195286478209,-0.0452064066354462,0.100349067039063,-0.079484414468836,0.116244585930582,-0.0153999565866967,0.12816821829372,0.114258379071521
-0.0213611911858696,0.180825454087892,-0.0149031261920344,-0.0660711636511931,-0.0342773852325242,0.0993555119200654,-0.0784908592877734,0.112270412056676,-0.0124193198277639,0.10531652046875,0.0864389477085528
-0.0223547349630457,0.17784481473652,-0.0412319824445299,-0.0665679393182627,-0.0278193271303513,0.111774950913076,-0.102336183621843,0.108793009917487,-0.0019870911710268,0.101839088192059,0.0924002544263697
0.0158967004387648,0.157973885727378,-0.0496770872866472,-0.0452065856413808,-0.0114257950407048,0.105813620197112,-0.116245956156053,0.0769996189190858,-0.00745159189765596,0.0958777757142891,0.0556388629418794
-0.0104322096312523,0.188773825744207,-0.0298062523482007,-0.0889228442767574,-0.0293096482296577,0.136613828920567,-0.129658951091877,0.0978640317910104,-0.0193741389344735,0.134129530795879,0.134626177168559
0.0144063847953805,0.159464205453765,-0.0531544833754283,-0.0635872852594367,-0.0163935320244182,0.114258838746144,-0.132142839043551,0.0750125320040515,-0.0357676411143594,0.0998519840657185,0.074516334396814
0.0238450506666426,0.103328830891215,-0.087928444492159,-0.033780745283067,0.0322902904916548,0.0794844095566864,-0.120220176877088,0.0278192171811894,-0.0188773661599919,0.0437162915229007,0.00397420468297682
0.0576255390967586,0.0730256641599621,-0.102334799795895,-0.0208645779311187,0.0655741284102202,0.0566326418192734,-0.0973684077060728,0.016393467291282,-0.0198709117467265,0.0273226822288002,-0.0238452266586144
0.0332837165720681,0.124193306412494,-0.0620963590726422,-0.0586195285581603,0.0362644801335941,0.0884264056615195,-0.106807181922434,0.0442126844461938,-0.020864457333432,0.0556389165094024,0.0556388630438525
0.0382514354564246,0.132638451245101,-0.0586189629609265,-0.0700453688972512,0.0357677064338393,0.0938909588196926,-0.121710509633728,0.0233482715941004,-0.0243418668850403,0.0606066769070413,0.0690518031728159
0.0586190828866896,0.118728800945018,-0.0561351085984568,-0.0720324715659142,0.0158967584345727,0.102336177332485,-0.109787847469552,0.018380554252588,-0.0382515050955117,0.0635873331432689,0.0586195164192054
0.0834576773226772,0.0854449948747061,-0.0750124017465247,-0.0303033155100595,0.0322902905514254,0.091407071026238,-0.101342628428596,-0.0153999236435107,-0.0248386396735552,0.0476904998862889,0.00298065378534315
0.0769996427717077,0.103328830990099,-0.0645802134241518,-0.0486840151826843,0.0198709480493074,0.0794844095928237,-0.0854457455422651,0.0059612609354098,-0.0258321852601996,0.061103452956244,0.0218581250677289
0.0819673616580737,0.111277202591209,-0.0884252153123283,-0.055142098854927,0.0243419113490808,0.0725295237594093,-0.0774973040952886,0.0029806305319186,-0.017387047772817,0.0457033957287142,-0.000993550692907713
0.121212340826157,0.0596127871080936,-0.122702405568975,-0.0129161672201099,0.0476902752382098,0.0506713111128717,-0.0690520850626339,-0.0258321300949737,-0.0134128654281835,5.37619393448097e-11,-0.107800296286392
0.159463776277058,0.0158967433708728,-0.154992512264479,0.0079484108190698,0.0745160550787732,0.0163936595526535,-0.0546455349387802,-0.0576255210591876,0.0173870477719232,-0.0372582028594448,-0.172381118939348
0.180328195580299,0.0198709291750367,-0.140586156951923,0.0178839241547307,0.0720321865798612,0.0392454273000315,-0.060110088432594,-0.0412320538176421,0.0253354124624071,-0.01689038522603,-0.151516545382583
0.144560619596468,0.0526579620339914,-0.113263758953382,-0.0203678022086827,0.0387483486612959,0.0670649706354225,-0.0839554127843856,-0.0208644127049617,0.0183805933569577,0.0178839375320693,-0.073026006875644
0.177844336113998,0.0193741558925538,-0.144063553094395,0.0193742510849808,0.0620967125388016,0.0322905414351324,-0.085445745554997,-0.0452062277176406,0.0124193198380015,-0.0144065050659994,-0.131645523055474
0.21063128076813,0.00745159848292859,-0.172876263716331,0.020864578085349,0.0839547553410178,0.016890437083479,-0.0620971988025443,-0.0576255210715768,0.0268257308423655,-0.0407356351620111,-0.165923036704197
0.21063128076813,0.0139096504066738,-0.176850430696137,0.0347742967702764,0.117238593252218,-0.00844521844595536,-0.0645810867539801,-0.0665674122831687,0.049677279337286,-0.0779938380888064,-0.196723121380152
0.20218615865795,0.0273225274726197,-0.159960221038167,-0.0024838782838994,0.0953805504330728,0.0154001044104756,-0.094884519767309,-0.0213611844974483,0.0248386396757283,-0.0730260776971074,-0.131148747548754
0.226031209313505,0.00546450555614109,-0.163934388018751,0.0312968670738295,0.103825703333579,-0.00248388772850572,-0.0938909645865084,-0.0367611082659578,0.0293095948161071,-0.0998519838296776,-0.175361772372128
0.228018296868245,0.00844514490743281,-0.149528032714662,0.0367613994117406,0.106806345534046,-0.00943877355989844,-0.085942523136483,-0.0178837823696268,0.030303140403147,-0.10730362442017,-0.152013321051248
0.263289100967594,-0.00149031959209617,-0.185792306401393,0.069548593450574,0.113761177336675,-0.0377550944586721,-0.0839554127753581,-0.0491804016238946,0.0347740955420229,-0.130155322225689,-0.18529728353906
0.166915354585525,0.123199759975274,-0.094386465776316,-0.0342775208551088,0.0268257798506948,0.0755101891446703,-0.103329738801667,0.0536513474598741,-0.00844513748032008,-0.00745164041766538,0.0655743746166834
0.198211983563301,0.0943869129143269,-0.127670114241562,-0.0158968211706844,0.0427225382496686,0.0521616438378093,-0.0804779696361306,0.0347740215465474,-0.00645804630709232,-0.0442130673534865,-0.0029806527192667
0.21361191210749,0.0779933964776249,-0.131147510352511,0.0094387378407807,0.0586192966508406,0.0337808741304432,-0.0874328559002343,0.0218579564482785,-0.00943868306565859,-0.0571292443836822,-0.0571291888039915
0.217089315327534,0.0606063335916068,-0.138102302571428,0.0243420078469511,0.0596128440505567,0.0243421004990869,-0.0725295281892971,0.008445119617306,-0.00546450071993021,-0.0859422546660452,-0.0924002535583723
0.162941179475585,0.0834579019667698,-0.107799279330003,-0.00397420514041491,0.024838685059534,0.0352712068121421,-0.0953812973515459,0.0471933149072678,-0.0218580028963064,-0.0491808277317151,-0.0352710641179404
0.152012197926189,0.110283656135561,-0.0854445900584692,-0.035767847834124,-0.00943870025105253,0.0645810828192162,-0.0938909645807202,0.0655738690687954,-0.0461998697702138,0.00298065638165285,0.0471936788086184
0.127173603496092,0.15399969997319,-0.0466964619664587,-0.0660711634919387,-0.0198709479508117,0.0765037442563445,-0.0546455349320391,0.086438281927673,-0.0461998697702137,0.0511679322333779,0.0799808657882682
0.107799499837238,0.162444844801511,-0.0268256270557522,-0.092400273849357,-0.0139096635480639,0.0904135159188414,-0.0432196503494081,0.0958769448811495,-0.0461998697702137,0.0635873332170294,0.117735808329236
0.0864383086295892,0.196225424149538,0.00149031270968836,-0.111774524858622,-0.0198709479485034,0.129658943136757,-0.0471938710748019,0.103328520897797,-0.0437160058023495,0.0904132393534041,0.118232583889489
0.0973672901885909,0.187780279329111,0.00149031270968836,-0.112768076193948,0.0153999848062933,0.11425883880237,-0.0491809814359268,0.104818836099263,-0.0243418668530074,0.0690518696848976,0.0635872724375874
0.147541250901351,0.116741707999021,-0.0452061494002378,-0.0412323802726976,0.0685547706477343,0.0601100847321165,-0.0377550968585003,0.0317933910429544,0.00248386397491412,0.0109290729624193,-0.103826091796947
0.146050935235119,0.139096503128633,-0.0144063552999558,-0.0521614449520277,0.0735225076502987,0.0730263012820318,-0.0481874262632845,0.0337804779803544,0.00347740956161963,-0.000993551977899243,-0.121710011940885
0.196224896022067,0.099354645160235,-0.091405840461111,-0.0188774752198683,0.116245045923173,0.0367615394683701,-0.0382518744567077,-0.0139096084635824,0.0183805933599206,-0.0596131245678782,-0.195232794695477
0.206657105684236,0.115748161595186,-0.088425215224724,-0.0163935968843906,0.132141804326104,0.051168088696673,-0.0501745366263149,-0.00943866285426451,0.0293095948156837,-0.0387485309185155,-0.183310181262897
0.30601148345731,0.0432192707621771,-0.159960220836708,0.0789873312383867,0.202683669778138,-0.0039742203773401,-0.0273227674640661,-0.0755093034955578,0.0551417800708109,-0.109787504539246,-0.347246115831755
0.312469518008821,0.0357676723780762,-0.169895638293765,0.0914067229093979,0.240438470993453,-0.0173872144867283,-0.0079484414335772,-0.0695480426827613,0.0620965991739192,-0.120716577410286,-0.388478487328748
0.358172531773589,-0.0149031966060656,-0.213611475110167,0.137110084247571,0.267264250805077,-0.0486842007465171,-0.0233485467476171,-0.113760727048207,0.0869352388354769,-0.188774894822766,-0.479388414758451
0.35121772533452,0.011922557579923,-0.203676057647514,0.12667779524794,0.242922339506312,-0.0362647617553113,-0.0357679865110487,-0.0983608032723794,0.0740191462110726,-0.168407077195957,-0.453556085618896
0.356185444218877,-0.0163935162894949,-0.239443560502554,0.143568167921599,0.237954602507457,-0.0466970905157233,-0.0382518744640328,-0.0899156837834655,0.0650772359285373,-0.18082647818867,-0.457033514540466
0.335321024881876,0.0109290110845749,-0.197218036340567,0.105813217217002,0.202186896052383,-0.0158968818370381,-0.0308002106088322,-0.0665674122792328,0.0452063241859257,-0.14009084299077,-0.379536527355391
0.394933651563183,-0.0149031966045417,-0.253849915776453,0.13114877625254,0.228515902181634,-0.0511680885508247,-0.0273227674753215,-0.0844511947010748,0.0655740087330006,-0.194736207304996,-0.457033514577099
0.390959476453536,-0.0109290108009087,-0.241430643948593,0.107303544246341,0.215599785977824,-0.06408430510074,-0.0337808761518415,-0.0824641077634759,0.0586191896273389,-0.152510243948601,-0.412323714193471
0.380030494889958,0.0163935165432441,-0.174366576244008,0.0645808368393656,0.17287724770495,-0.0412325373889469,-0.0367615416943147,-0.052657803749431,0.0541482344864133,-0.105316520264276,-0.380033302874943
0.389965932666294,0.0293096204112619,-0.162940846167134,0.0422259318315454,0.15946435780155,-0.0471938681051591,-0.0303034330199623,-0.0581222928273496,0.0427224602373807,-0.0869358067965508,-0.380033302874943
0.3452564626341,0.0784901696438721,-0.104321883253751,-0.0173871483003024,0.106309571836612,0.00149033269235435,-0.0452067607373308,-0.0158966954503629,0.0198709117403633,-0.0342775466498766,-0.25534263758778
0.360159619295901,0.0660708390103387,-0.104818654126476,-0.0233484563033828,0.0794837920175677,-0.0134129940870354,-0.0556390901406142,-0.0298063040107719,0.00844513750111181,-0.0293097862545534,-0.277697537768804
0.29855990510496,0.125683626064838,-0.0516641707123463,-0.0958777035941169,0.0283161009300688,0.0268259882544993,-0.0675617523113647,0.0223547281162021,-0.0089419102659653,0.0462001717620126,-0.152510096632957
0.330353305980363,0.0804772625515294,-0.073522089123759,-0.0675614905820299,0.0516644648282385,0.00943877366861651,-0.054645534957241,-0.0129160650301473,0.000496772804704587,0.0193742656229192,-0.230007083972217
0.343766146971586,0.087928860934038,-0.0506706289736484,-0.100348684582134,0.0481870489298578,0.00248388783086942,-0.0571294229099273,-0.007451575947172,0.0104322286744922,0.0347743228548184,-0.26329104648298
0.39791428289531,0.0625934264585472,-0.0948832366234461,-0.06209695820988,0.0690515443533267,-0.0223549901389064,-0.0342776537372687,-0.0347740213217326,0.0114257742610451,-0.0144065049975904,-0.377549424941836
0.355191900430239,0.0948836860755488,-0.0506706290072079,-0.0943873765827019,0.0367612538228113,-0.00596133068685287,-0.0596133108394845,-0.00447094554191663,-0.0144064110138274,0.00347743240092985,-0.330355746854404
0.380527266761839,0.0933933663990869,-0.0695479221825499,-0.0789873309153933,0.0412322171230792,-0.000496777531970582,-0.0536519797535374,-0.00347740207304273,-0.0134128654274869,-0.0124194008711915,-0.391459140692167
0.374566004092211,0.09836109864779,-0.0551415668689357,-0.0625937338982924,0.046696727826732,0.00397422050115018,-0.0551423125246134,0.00198708700104951,0.0029806367619219,0.00149032823204814,-0.392949467369317
0.407849720663139,0.0601095602954844,-0.0834575066128791,-0.0412323802247013,0.0615999388311284,-0.00198711021357645,-0.0581229780668722,-0.0124192932880755,0.0144064110109545,-0.023348473748091,-0.44809155444775
0.414307755219875,0.053154735143585,-0.0854445901042419,-0.0347742965526245,0.0745160550324377,-0.00447099801176595,-0.0566326452956178,-0.0168902388969461,0.0153999565971132,-0.0293097862232029,-0.521117561682746
0.429210911887913,0.0506708690178735,-0.0665672969321359,-0.0303033155504865,0.0834579816343334,0.0243421004367634,-0.0516648693899474,0.00596126088601215,0.0471934153697394,-0.0288130101836149,-0.527078868394339
0.47739778507659,0.0243418880452423,-0.0760059435298632,0.00844518639292835,0.095877324117903,0.0178839921551671,-0.0581229780629063,-0.0293095322815093,0.0630901447560519,-0.0447098434695926,-0.591659691280137
0.479881644521176,0.0263289809446175,-0.0819671940016152,-0.012419391619996,0.0919031345160709,0.0332840965020237,-0.0640843091504254,-0.018877325864464,0.0531546888923401,-0.0536518121760997,-0.614511366988555
0.504223467073708,0.0163935164352694,-0.087928444478039,0.0139097187090262,0.0998515137133594,0.0308002087033185,-0.0601100884259844,-0.0367611083122465,0.0536514616859884,-0.0521614840563699,-0.642827573866111
0.471933294265242,0.0243418880317083,-0.0720317765701044,-0.00546453232014005,0.0824644341921188,0.036761539413713,-0.0998522956665843,-0.0248385866988778,0.0546450072726037,-0.00596131244024878,-0.565827362352875
0.484849363377182,0.0158967432033869,-0.0566318795126097,-0.0243420076515946,0.0859418500926155,0.0755101890723104,-0.08494896796315,-0.00993543465905902,0.0432192330295095,0.062593781041611,-0.527078868699279
0.496771888715938,-0.00546450547944383,-0.0536512542755658,-0.0114258403082703,0.0968708714979556,0.074516633953148,-0.104323293986207,-0.00993543465905902,0.0332837771688355,0.0625937810416109,-0.534530502084
0.491804169825344,0.0104322377253222,-0.0521609416563321,-0.0367613993288435,0.087432171192691,0.0889231831766646,-0.0854457455446595,-0.00943866292497611,0.0139096382194935,0.0740196299537484,-0.54844021773315
0.484352591485865,0.0183806093245208,-0.033283648498095,-0.047193688335172,0.0779934708884707,0.0784908544294672,-0.079484414459713,-0.00149031518054393,-0.00397418234065608,0.0720325257964249,-0.548936993291867
0.524094342630031,0.00149031968073476,-0.0486835455495557,-0.038748501991511,0.102832155917097,0.0675617481204966,-0.0894199662660516,-0.0248385866771862,0.00496772793750491,0.0710389737173801,-0.580730629028796
0.551913568427063,-0.0119225573923755,-0.0625931299938631,-0.0303033156513198,0.109290214021235,0.0506713110947364,-0.0993555180762014,-0.0347740213686591,-0.00993545586990832,0.0556389164948442,-0.642827573857447
0.580726337993714,-0.0233483415764471,-0.0919026115061773,-0.00298065397790159,0.127670840912677,0.0317937638200674,-0.0839554127758227,-0.0263289018835472,-0.0317934587720781,0.0377549790604456,-0.702440640989816
0.620468089130669,-0.0203677022269865,-0.0933929241238416,0.0124193916961297,0.138103088619362,0.0258324331039791,-0.0854457455474345,-0.0337804778962815,-0.0168902749742322,0.0655744372691802,-0.706911621017303
0.630403526911995,-0.0238451148040043,-0.0923993823778927,0.0034774296935759,0.123199877627331,0.0308002087016477,-0.0953812973571079,-0.0198708693271755,-0.0218580029100371,0.0491808279571391,-0.709892274370986
0.641829280363948,-0.0029806393471915,-0.0839542775467362,-0.0099355133152495,0.128664388332193,0.0561358642373948,-0.0760069713368376,-0.0149031519861601,-0.0144064110084954,0.0452066196426524,-0.750627870168552
0.643816367920047,0.0139096503132861,-0.0755091727037915,-0.010432288981618,0.122206330231806,0.0466970905968261,-0.05961331085068,-0.0223547280074673,-0.0158967293874366,0.0198710415944098,-0.80427963059614
0.654745349484083,0.00546450549195687,-0.0943864658643401,-0.00745163497808782,0.11922568802969,0.0591165295893212,-0.0462003159135698,-0.0516642603183596,-0.00645804631993907,0.0248388019908398,-0.82315710182758
0.67014527804718,-0.000496773211422608,-0.105812195942333,0.00298065402636505,0.120716009130192,0.0625939725066424,-0.0606068660415683,-0.0347740213521488,-0.00745159190646277,0.0253355780306193,-0.830111959649279
0.648784086815987,0.0347741258010033,-0.0839542775266381,-0.0124193916393618,0.113264403630364,0.0968716241216591,-0.0720327506195425,0.00695480435830108,-0.00794836469951846,0.0630905570473171,-0.793847343837209
0.634874473910481,0.0556386012455561,-0.0745156309480971,-0.0382517263260102,0.0884257186017373,0.120716946984032,-0.0740198609802387,0.0352707931981951,-0.0134128654256452,0.0715357497204785,-0.786892486023179
0.649280858706777,0.0531547351219675,-0.0948832367243393,-0.0293097643147304,0.0998515137147471,0.121710502102864,-0.0680585298947204,0.0129160651605507,0.00894191029060248,0.0670647653673599,-0.792357017160784
0.652261490042589,0.0417289509449154,-0.102831570686481,-0.0129161672921564,0.116741819523467,0.12916216549898,-0.0591165332634419,-0.0163934671547393,0.0263289580512999,0.073522853883832,-0.819679672882698
0.649777630595229,0.0496773225458122,-0.096373549342478,-0.0208645779641552,0.105812798116616,0.132639608416518,-0.0491809814506718,0.00397417395335653,0.0114257742534541,0.0789873903214008,-0.833092612960404
0.655738893265356,0.0541482815735259,-0.0988574037072593,-0.018877475297278,0.118232140609116,0.127671832818849,-0.0442132055464307,-0.00894189114685079,-0.0109290014388724,0.105316520433956,-0.812228039477227
0.684054890966444,0.0327870328918362,-0.0993541745797775,0.0104322890673832,0.116741819507625,0.110781395792036,-0.0466970934987597,-0.025832130101235,-0.0208644573068364,0.0943874475724403,-0.837066817370295
0.696970960083791,0.0203677022576392,-0.121708863862261,0.0213613537304364,0.114257951008094,0.108297507992506,-0.0581229780813906,-0.0491804016165616,-0.0134128654107627,0.105316520452784,-0.836073266252303
0.675609768848125,0.0620966531768386,-0.0988574037183055,-0.00198710261825941,0.107303119205081,0.112768506031382,-0.0407357624092514,-0.0139096084913819,-0.00794836468497045,0.124690786008484,-0.798318323775294
0.663190471619301,0.0819675821955346,-0.10332834157316,-0.0149032699562768,0.103825703304103,0.116245948949209,-0.0402389848187975,-0.0158966954293287,-0.00546450071854807,0.147542483849201,-0.805273181595076
0.706906397873611,0.0332838061114313,-0.14307001140236,0.0317936427453127,0.131645030519235,0.0789876319786854,-0.0263292122882561,-0.0735222166254629,0.00745159190585623,0.0859422549571804,-0.93244772448773
0.734725623690061,0.0129161038914768,-0.149528032746046,0.0715356961236757,0.142574051927598,0.0466970906082549,-0.0144065501212214,-0.0928963142571191,0.00546450073317384,0.0536518123990326,-0.969705891326232
0.700945135211391,0.0387483115930122,-0.128166885224098,0.0481872397695836,0.126677293511477,0.0611036398359595,-0.0397422072228299,-0.0789867057033194,-0.0248386396747735,0.0874325830872291,-0.945860664535273
0.684551662867512,0.0700450247903529,-0.0943864658634876,-0.0109290645798777,0.0968708715068052,0.0640843051950557,-0.0720327505953662,-0.0407352821645854,-0.0362644139196136,0.129658546506104,-0.896679884214518
0.68157103153091,0.0750127570426383,-0.095876778481517,-0.0154000455814415,0.117238593224926,0.0521616437656025,-0.0844521903605843,-0.0640835536769923,-0.032290231574858,0.115748817394689,-0.914563804307033
0.685545206644882,0.0789869428459528,-0.084451048401005,0.00298065409684684,0.12121278282434,0.0402389823354065,-0.0804779696363338,-0.0730254448952924,-0.0332837771604699,0.09289711955953,-0.983615606959213
0.672629137515275,0.0700450248004366,-0.0869349027634142,0.00596130810252038,0.136612767545709,0.0476906457281186,-0.0938909645737655,-0.062593238483986,-0.0223547757053743,0.122206905880947,-0.994544669224418
0.684054890969143,0.0635869728739316,-0.0809736522904944,0.0119226161031515,0.14207727824513,0.0437164252494059,-0.109787847460859,-0.0531545755342863,-0.0317934587731577,0.110781056960703,-1.03229961168061
0.73174499235013,0.0218580219547323,-0.10879282115799,0.0342775211172861,0.149032110048143,0.00993555119858641,-0.116742733731465,-0.0923995425288,-0.0298063675996856,0.0640841092370948,-1.15848060342213
0.761551305706589,-0.0149031967131629,-0.134624906522299,0.0700453691513833,0.164432094757585,-0.00198711023185696,-0.10978784746386,-0.111773640163363,-0.0258321852526221,0.0253355781284439,-1.21958399704209
0.782912496964024,-0.0327870327936883,-0.13810230262865,0.0784905555030691,0.169896605465621,-0.00645810826442048,-0.102832961195088,-0.122702618302393,-0.0367611867047104,0.0198710417019488,-1.27224220602098
0.688029066143737,0.0750127572580304,-0.0665672968607497,-0.0114258401488834,0.105812798211407,0.0804779647552687,-0.102832961195088,-0.0486836298129595,-0.0620965991351016,0.131645650738333,-1.09688043362104
0.712370888720727,0.0715353446807339,-0.0784897978060058,0.010929064870418,0.120716009226109,0.0745166340393043,-0.0799811920459869,-0.0571287492932139,-0.0601095079625399,0.100845536285458,-1.15351284721278
0.771486743572019,0.0273225276395249,-0.111773446294074,0.0586195288693453,0.150522431230781,0.0491809784988224,-0.0750134161457948,-0.0948834010981505,-0.0660707814783972,0.0342775469287602,-1.29012612564486
0.780428637582577,0.0163935166862484,-0.121708863744804,0.0745163502129339,0.144561146823086,0.0606068623685964,-0.0700456402406008,-0.0993543467037789,-0.0685546454439828,0.0367614271266487,-1.33433915026362
0.801789828827783,0.0114257844322379,-0.141082927790572,0.0675614908731492,0.148038562723294,0.0740198564779846,-0.0819683024110656,-0.116244585660697,-0.0596127351712897,0.0347743229680768,-1.35122951922891
0.803280144496345,0.0298063937526847,-0.155489283086547,0.0591163045249335,0.132638578001925,0.0596133072541686,-0.072529528196741,-0.130154194207889,-0.0675610998666338,0.0213613699013844,-1.41282968827157
0.840538036219227,-0.00496773196687739,-0.193740640257343,0.118232608963964,0.166419189635251,0.0213614351803163,-0.0561358677192297,-0.161947585178463,-0.0715352822093244,-0.0193742653361365,-1.54993974197957
0.819176844967757,0.0332838063721457,-0.180327826700991,0.0924002742832859,0.160954678932656,0.0516648663119373,-0.0774973041072109,-0.126676792060339,-0.0854449204185206,0.031793666748654,-1.52559773968485
0.853454105358552,0.0278193009006885,-0.190263244140045,0.0924002742832859,0.175361116253444,0.0352712068547785,-0.0938909645914035,-0.131644509399491,-0.0839546020381209,0.0149032814127706,-1.59464954205295
0.817686529306832,0.0581224676028057,-0.185792306288913,0.0665679395720918,0.173374021450329,0.0690520808992847,-0.110781402668658,-0.121212302994185,-0.0879287843825115,0.0581227968192373,-1.55888170200378
0.894686172099762,-0.0168902895960886,-0.239940331511435,0.133632654521509,0.235470733902528,-0.00198711022040807,-0.115749178572423,-0.175857193851962,-0.0571288712266611,-0.00248388014376433,-1.75759192559448
0.923995713592112,-0.0422257240681959,-0.243417727619148,0.128168122181072,0.226528807292222,-0.00447099801828818,-0.106807181942002,-0.18082491119161,-0.0566320984334847,0.0059613125249478,-1.79037911235267
0.900647434773564,-0.0293096202243275,-0.240933873256253,0.130155224850245,0.228515902094293,0.0104323287669813,-0.0953812973670407,-0.161947585298112,-0.0611030535689437,0.0462001717413363,-1.76852098785323
0.924492485479371,-0.023845114748492,-0.246398352852081,0.131148776184654,0.226528807292168,0.0228517677620556,-0.11376206821031,-0.17088947650635,-0.0615998263620161,0.0566324685752144,-1.78292747900442
0.932937607603107,-0.0476902295492723,-0.256830541176753,0.154497232549539,0.241432018300686,0.0134129941287392,-0.102832961220979,-0.165424987433624,-0.063090144741139,0.0571292446148419,-1.8460179747454
0.923498941703271,-0.0163935163402277,-0.215598558750666,0.129161673527013,0.220070749192908,0.0601100847477953,-0.0988587404978718,-0.108793009716303,-0.0705417366394929,0.107800400683083,-1.79186943906267
0.897170031548391,0.0198709290544827,-0.188772931651429,0.0973680307810462,0.195728837862497,0.0973684017020727,-0.0938909645930351,-0.0794834774171378,-0.0670643270896929,0.146052155721257,-1.73523702566484
0.912569960123742,-0.00794837156351769,-0.173869805467304,0.106309992781993,0.200696574864787,0.108297508021256,-0.0745166385676555,-0.0968704881169968,-0.0710385094329913,0.136116634919736,-1.7531209457204
0.894686172089641,0.0134128771067613,-0.140089386154671,0.090909947092538,0.200199801163878,0.127671832835468,-0.0760069713383025,-0.0938898577136546,-0.0998513314298276,0.177349046201336,-1.7257982901297
0.906608697436219,0.0303031667654343,-0.127670114340802,0.0854454147542061,0.183309495346281,0.131646053314429,-0.071535973025075,-0.0615996949958422,-0.111773878457169,0.214110473158765,-1.69698530783102
0.925486029243138,0.00993546453187977,-0.147044178376131,0.0904131714263739,0.178838532042551,0.133633163552671,-0.072032750615386,-0.0705415862128008,-0.125683516663815,0.224542770002371,-1.74318543459165
0.934924695152595,0.00347741261313617,-0.156482824951205,0.12071648715189,0.180825626844456,0.125684722601187,-0.0829618576075989,-0.0725286731483127,-0.147044746756754,0.24342025950766,-1.78441780575741
0.923498941693783,0.0268257541998136,-0.13462490654461,0.103329338803545,0.14754178893878,0.135620273796524,-0.0546455349381489,-0.0526578037673543,-0.156980202608924,0.261304196958372,-1.7888887857702
0.921511854134355,0.0312967132266914,-0.114754071643636,0.104819665805253,0.139593409732478,0.130652498197721,-0.0442132055426187,-0.0248385866618414,-0.175360795941899,0.269252613596688,-1.82415985027805
0.963240692892829,0.0337805793503465,-0.13363136478893,0.111774525153432,0.168903058085311,0.123697612365029,-0.0452067607237051,-0.0303030757345671,-0.164431794491816,0.273226821914074,-1.86986320142502
0.995530865718425,-0.00248386610925871,-0.168902096748957,0.13661330850853,0.188277232391294,0.0993555119245729,-0.0327873209590825,-0.0839544230497383,-0.162941476112419,0.24689769178711,-1.93891500378905
1.04272419525516,0.000496773241395909,-0.177843972452644,0.133632654503776,0.193741743095248,0.0963748465660956,-0.0442132055384263,-0.0819673361126363,-0.169399522418599,0.25583966050594,-1.99008288607507
1.06607247407567,0.00993546451783922,-0.212617933531905,0.167910175545694,0.189270779793126,0.0660714154206317,-0.0596133108421279,-0.0774963905055546,-0.169896295211444,0.270246165669458,-2.0745347306107
1.07898854321051,-0.000993546432810299,-0.217585642257878,0.174368259220425,0.161451452564142,0.0685553032184601,-0.0635875315633296,-0.0715351296975285,-0.159464066563317,0.26577518131027,-2.1088122439834
1.09687233123786,-0.0283160738141776,-0.242424185878014,0.182813445562134,0.172380473973714,0.0576261969029081,-0.0690520850571434,-0.0923995425365766,-0.14853506512192,0.243420259505262,-2.17488339299887
1.11276903171462,-0.0243418880142598,-0.271733667332193,0.205168350602677,0.180825626881695,0.0745166339346308,-0.0655746419247164,-0.101838205483444,-0.149528610707653,0.230504082461452,-2.18829633301032
1.11922706628569,-0.00993546450013877,-0.279682001286744,0.193742510241578,0.179335305780245,0.0745166339346308,-0.0784908592717181,-0.0894189121332344,-0.12866415340789,0.232987962660599,-2.20220604856913
1.18529772764174,-0.0109290109512328,-0.324888150692551,0.213116761259301,0.209638501482898,0.0809747422138129,-0.103826516398838,-0.10481883590521,-0.120219015933932,0.227026650175578,-2.24194809309245
1.19324607788011,-0.0158967432032529,-0.360158882628394,0.23100068528875,0.219077201790774,0.0715359685789287,-0.108794292302126,-0.113263955387788,-0.105812604944984,0.22007178561691,-2.25436748199194
1.17287843038474,0.021858021917143,-0.364629820476023,0.222058723270122,0.182812721632427,0.10631039776261,-0.102336183624213,-0.0789867057249226,-0.119225470359971,0.249878348017847,-2.20270282416752
1.19225253409417,0.0233483415921719,-0.35270731953865,0.223052274604989,0.183309495332855,0.095381291450462,-0.104820071577733,-0.0516642603510453,-0.131644790184104,0.259813868817151,-2.18680600637383
1.19274930598436,0.0178838361163362,-0.360655653494174,0.227026479944764,0.184303042733752,0.110781395806592,-0.0774973040949077,-0.0476900864762453,-0.124193198292129,0.259813868817151,-2.15401881967822
1.21957498805237,0.0248386612704647,-0.363139507854698,0.231994236622545,0.178341758332653,0.128665387953372,-0.0660714195158377,-0.0526578038173851,-0.13015447180507,0.250375124053889,-2.1177542041181
1.2081492345867,0.0337805793205185,-0.372578154430696,0.236961993296882,0.191754648241248,0.154001043505954,-0.0561358677114045,-0.0402385104615854,-0.13015447180507,0.267762285455316,-2.09688963076635
1.28713596514843,0.00198709296362976,-0.40685534457655,0.314458997545916,0.209638501471258,0.122207279707281,-0.0625939763840538,-0.0799802491420109,-0.119225470356325,0.224542770023451,-2.1838253528918
1.31247133154795,0.000496773288560959,-0.418777845494949,0.324394510905561,0.217090106981599,0.114258838749691,-0.0556390901174492,-0.0804770208759322,-0.120219015941998,0.211129816946699,-2.2131351106698
1.30750361264702,0.0332838061553973,-0.409339198923573,0.31545254888854,0.207154632975095,0.148039712811734,-0.0511680918059366,-0.0620964667033727,-0.12369642549382,0.238452499153927,-2.1858124551006
1.28961982459868,0.0168902897200088,-0.418777845490096,0.344265537617452,0.184799816468191,0.127175055300659,-0.0501745366250645,-0.0725286731227663,-0.12468997107922,0.231994410630124,-2.1917737617737
1.29309722782853,0.0382515384131101,-0.427719721182399,0.334330024265717,0.17883853206264,0.150523600614792,-0.0481874262638921,-0.0442126842552546,-0.146547973953993,0.258323540755488,-2.15699947283975
1.29756817483871,0.00844514489063908,-0.427222950310488,0.335820351268535,0.182812721665462,0.126678277740536,-0.0481874262638921,-0.0576255210868982,-0.152012474675442,0.239942827270626,-2.20767057955315
1.33929701363333,-0.0258322076048157,-0.497267643217237,0.378046283047572,0.210135275210177,0.0988587344230508,-0.0630907539787595,-0.113263955263145,-0.132141562952272,0.217587905477854,-2.29907728173024
1.33880024174313,-0.0342773524279492,-0.507699831529137,0.391459226075343,0.218580428120027,0.0581229745348556,-0.0670649747057733,-0.130154194225554,-0.130154471780501,0.205665280520138,-2.35918712397302
1.32687771637707,-0.0283160737223404,-0.487332225763867,0.383510815391505,0.223051391420666,0.0755101891348197,-0.0675617522962987,-0.108296237915246,-0.123696425474715,0.218084681525186,-2.34329030617683
1.36512915190701,-0.0268257540469137,-0.511177227620515,0.387981796399499,0.215599785914655,0.0581229745370219,-0.0452067607189059,-0.129160650748555,-0.114754515199561,0.217091129444772,-2.38154202397522
1.29905849048174,0.0352708990444653,-0.488822538401525,0.322904183836148,0.18181917427292,0.10183939977109,-0.0407357624072861,-0.0680577274945514,-0.137109290882319,0.275213926077711,-2.30354826185362
1.27968438676284,0.0506708690259334,-0.466964620045775,0.309491240801832,0.168406284356534,0.106310397809409,-0.0521616469869039,-0.0526578037372109,-0.138102836467931,0.283162342714899,-2.28318046407929
1.28316178999341,0.0466966832208143,-0.485841913184136,0.322904183828913,0.161451452555251,0.101839399769047,-0.0511680918064367,-0.0521610320025814,-0.147044746740624,0.268755837547291,-2.31050311964849
1.28614242133418,0.0397418580707727,-0.484351600568662,0.312471894801419,0.182812721661258,0.0993555119713218,-0.0466970934919229,-0.0635867818842027,-0.144560882777012,0.255342884464831,-2.34825806187879
1.28912305267432,0.0437160438768474,-0.464977536563693,0.304026708456457,0.15896758405884,0.0938909588106522,-0.0417293175881581,-0.0630900101493246,-0.132141562965406,0.251368676142209,-2.37905814636558
1.30899392828192,0.0531547351537948,-0.469945245282247,0.301542830118491,0.16244499996203,0.100845844646522,-0.0546455349419721,-0.0591158362742263,-0.128167380622715,0.248884795942608,-2.39843239302325
1.27322635216925,0.113761068594451,-0.407352115462178,0.266271757684953,0.134625672716886,0.142078382075066,-0.0457035383143379,-0.0144063802520403,-0.147541519553103,0.274717150016089,-2.32739348864252
1.27869084296176,0.128167492118575,-0.400894094126872,0.278194373717447,0.121212782803097,0.176356033683677,-0.0755101937426438,-0.00844511944341808,-0.143070564415733,0.285646222893773,-2.32789026419765
1.27670375540114,0.128167492118575,-0.409339198958856,0.258323347022142,0.113761177302651,0.169897925402215,-0.0789876368759878,-0.0248385866784034,-0.149031837928858,0.280678462490999,-2.3527290419998
1.26378768625656,0.178341587927644,-0.363636278708995,0.236465217659551,0.0963740978006471,0.209143352655176,-0.101839406043715,0.0223547280948821,-0.171883386400026,0.298065623904058,-2.3154708753138
1.25633610790803,0.203180249222247,-0.352210548654223,0.227026479977706,0.0899160396999029,0.219078903855878,-0.104820071584902,0.0223547280948821,-0.167909204058672,0.316446337397863,-2.30901279308911
1.27918761485964,0.196225424067747,-0.371584612652551,0.244910404025527,0.104322477017901,0.214111128257796,-0.104323293994615,0.0114257499432813,-0.170393068022435,0.310485024919731,-2.34676773529195
1.28216824620041,0.192251238263477,-0.369100758293244,0.22652970432411,0.117238593222426,0.209143352658374,-0.101342628452928,-0.00397417382445769,-0.183309160629862,0.329362514451422,-2.35570969529
1.27024572083885,0.205167342115624,-0.37853940485607,0.233981339343174,0.107303119216472,0.237459673567731,-0.119226621705195,0.0149031520704571,-0.188276888556706,0.356188420623685,-2.35223226640272
1.28365856187257,0.193244784699948,-0.400397323219312,0.253852366043072,0.116245045813669,0.234975785767839,-0.130652506282074,-0.0312966192200519,-0.199205889991419,0.358175524784916,-2.41085178193509
1.27769729918913,0.206160888560375,-0.403377948449861,0.275710495428117,0.10531602440591,0.248388779885583,-0.125684730377714,-0.0347740213608064,-0.210134891431479,0.373078805986291,-2.40439369971752
1.26428445815615,0.197218970499335,-0.409339198917233,0.268258860415177,0.103825703304708,0.26080821888401,-0.133136394234343,-0.0153999237199444,-0.21112843701703,0.377549790347927,-2.44065831526551
1.28067793053872,0.195728650823908,-0.42225524158579,0.252362039040152,0.121212782824506,0.253356555486657,-0.129162173513047,-0.0248385866661034,-0.225534848010824,0.388975639270718,-2.45158737747589
1.30104557804035,0.187780279216854,-0.460506598721932,0.305517035495827,0.139096636030771,0.241930671608341,-0.135620282187708,-0.0288127605392139,-0.221560665668984,0.378046566388159,-2.49232297301854
1.29756817480992,0.177348041463226,-0.473919412284196,0.31594932450671,0.143567599329679,0.237956451124098,-0.129658951102905,-0.0208644127768901,-0.220567120083949,0.401891816346132,-2.49381329968703
1.3392970135818,0.14605132823746,-0.498261185001832,0.358175256277071,0.163438547339388,0.22752412236347,-0.119723399297281,-0.0506707168267103,-0.229509030350629,0.353704540459245,-2.56435542851335
1.3412841011435,0.157973885646767,-0.507699831558419,0.355194602267952,0.152012752224165,0.243421004280961,-0.122704064838825,-0.0452062277516616,-0.229012257557906,0.379040118501324,-2.57975547071146
1.3626452924263,0.17883836112866,-0.507699831558419,0.360162358942288,0.144064373020281,0.249879112560412,-0.118729844115909,-0.0377546517365044,-0.221560665670259,0.363143285210512,-2.5862135529303
1.3854967993728,0.189270598861943,-0.525583582928576,0.357678480602281,0.149032110022572,0.247892002320065,-0.105316849178155,-0.0228514997015313,-0.221063892877643,0.348240004000073,-2.63241367953646
1.41281925334604,0.186786732734639,-0.543467334299171,0.365130115620006,0.16741273693079,0.247892002320065,-0.0983619629147185,-0.00248385860820632,-0.212121982613424,0.329859290514839,-2.65029759950231
1.41977405981016,0.166419030497276,-0.55191243911668,0.36463333995189,0.157974036629442,0.25832433108351,-0.0879296335116851,-0.00198708687385003,-0.206657481894312,0.342775467563362,-2.69997515497961
1.43467721651377,0.173870628881178,-0.572776815738693,0.391459226011909,0.161451452532439,0.263292106684686,-0.0765037489304237,-0.0163934671727027,-0.215102619369044,0.347246451925813,-2.70295580831
1.4336836727328,0.185296413062503,-0.588176712755842,0.412820579737617,0.163438547335774,0.272234102761789,-0.0601100884470173,-0.00447094555575639,-0.223547756842227,0.336317379043033,-2.73623977046703
1.46647061751603,0.159464205363037,-0.621460361114341,0.433188382156543,0.182315947961708,0.256337220853211,-0.0596133108567302,-0.0307998474450334,-0.217089710534664,0.301543056267314,-2.83509810571821
1.45305777648755,0.163935164399589,-0.640337654261023,0.43120127948737,0.173374021365005,0.251866222809227,-0.06209719880894,-0.0491804016405794,-0.215102619364411,0.292601087530354,-2.88129823239795
1.45852226728273,0.172877082458719,-0.641331196003979,0.431698055155805,0.163935321057652,0.260311441329385,-0.0596133108567897,-0.0392449669622751,-0.218580028911236,0.3278721863661,-2.88030468128909
1.46498030185904,0.176354495037873,-0.647789217329641,0.437659363174502,0.171883700267472,0.261801774009692,-0.046697093507001,-0.037754651759728,-0.212121982604463,0.305020488523066,-2.93246611447104
1.46100612673569,0.166419030519767,-0.684053490945344,0.467962678915584,0.178341758370359,0.262298551569722,-0.0536519797716048,-0.0382514234941588,-0.200199435577121,0.289620431282427,-3.00847277430723
1.48832858071274,0.193741557944195,-0.6711374482907,0.465478800575896,0.160457905168546,0.265279216930304,-0.0536519797716048,-0.041232053902048,-0.197715571613813,0.276207478200782,-3.03778253200282
1.49578015907272,0.198709290199135,-0.663189114350159,0.474420762600955,0.144561146760339,0.261801774010888,-0.0407357624190294,-0.0526578037862408,-0.212121982592633,0.257826764729332,-3.09292461848453
1.50621236877145,0.222554405015838,-0.695479220972936,0.487336929976124,0.165425642169957,0.239446783809077,-0.0571294229071523,-0.0596126080660974,-0.226031620783121,0.222555665882146,-3.13564731611691
1.51515426279662,0.232489869532352,-0.694982450101233,0.476904640948362,0.156980489263845,0.245904892092149,-0.0874328559132164,-0.0551416624572268,-0.234973531045701,0.239942827299435,-3.16942805383682
1.51565103468711,0.253851118238007,-0.689517970515841,0.476904640948362,0.13661276754009,0.260808218894749,-0.110781402658392,-0.0536513472546055,-0.247392850851233,0.247394467900801,-3.21165397591326
1.45852226728133,0.30203812109097,-0.667163281325853,0.424743195772037,0.0998515137078908,0.296576203203906,-0.104323293983575,-0.0218579562895967,-0.279683082363383,0.320420545786801,-3.16048609389686
1.5042252811769,0.255838211098434,-0.709388805406167,0.470446557214669,0.122703103908311,0.278692211036329,-0.108794292296803,-0.0571287494280075,-0.289618538212212,0.282168790671091,-3.26033798030319
1.4783931428798,0.302038121139107,-0.697963075359227,0.418285112098634,0.113264403605919,0.289621317360959,-0.124194397595336,-0.00546448902071583,-0.311476541060929,0.314459233311711,-3.24493793811082
1.48236731800426,0.301044574687854,-0.708395263650186,0.413814131084438,0.111277308803134,0.29359553784223,-0.136613837354897,-0.00198708688100514,-0.336315180688317,0.343272243639041,-3.25735732694781
1.47292865208808,0.338302566658128,-0.686040574442689,0.389472123354244,0.0859418501051203,0.329860299752283,-0.142575168436985,0.0149031520966112,-0.359166729149704,0.39145951955328,-3.23003467147745
1.45454809213757,0.324392916327948,-0.707401721905539,0.401394739387656,0.0904128134039039,0.332840965113237,-0.149530054702089,-0.00745157594830104,-0.368605412208256,0.400898264313672,-3.25139602028503
1.43418044462398,0.356186402790986,-0.703924325805574,0.398414085378844,0.0774966972075956,0.37258316993668,-0.157975273741222,0.0228514998459136,-0.368605412208256,0.452562972484722,-3.20320879156441
1.44958037323246,0.368605733436795,-0.688524428807273,0.386988245008061,0.0854450764176356,0.386492941615351,-0.160955939283124,0.0253353585170113,-0.375560231299035,0.477401774484496,-3.23251854920068
1.45802549536941,0.35916704214598,-0.718330681087949,0.411827028416746,0.0849483027173996,0.382021943573039,-0.139097725315991,0.0357675649416229,-0.386489232724395,0.457530732865744,-3.28169932903571
1.45405132024572,0.351218670531707,-0.727769327643612,0.40288506638916,0.0824644342160826,0.380034833332156,-0.11823306652368,0.0452062278941551,-0.36165059310384,0.45902106098629,-3.28169932903571
1.48038023043002,0.339792886338785,-0.739691828548003,0.438156138826321,0.0909095871168219,0.374073502610249,-0.131149283871301,0.0367611084141122,-0.350721591676141,0.405369248640675,-3.34975757985033
1.48733503689754,0.38450247665235,-0.733233807223764,0.413317355420189,0.0755096024133441,0.384009053812808,-0.136117059773756,0.068554499409333,-0.355689319598279,0.421266081928264,-3.34230594655005
1.57128948643175,0.31644454469695,-0.783407665208078,0.490317583974259,0.0983611926276703,0.351221734853896,-0.127175063150195,0.00894189125900051,-0.334328089541905,0.34973033213556,-3.49531281694803
1.57029594265059,0.348238031163386,-0.784401206949795,0.498265994666876,0.0760063761114912,0.353208845094779,-0.128665395920842,0.00248385871430772,-0.337308726294641,0.348736780054743,-3.48090632589657
1.60705706254879,0.315450998225602,-0.815201000962605,0.526582207743685,0.111774082519076,0.323898969026228,-0.110781402669432,-0.042722369105327,-0.327870043238398,0.297568847901498,-3.54697747452878
1.61550218468703,0.305018760484795,-0.790362457399023,0.530556413089789,0.133135351628627,0.32737641194781,-0.10432329399477,-0.0248385866714099,-0.319424905765216,0.315452785352211,-3.55740976114918
1.66120519863625,0.24938015921015,-0.840039544484847,0.565330709887851,0.163438547334633,0.294092315403684,-0.115749178571649,-0.0546448907316658,-0.321411996933707,0.271736493815772,-3.65229389184135
1.67312772401513,0.232986642759434,-0.855936212353867,0.586692063630019,0.162941773633902,0.288627762243241,-0.124194397604708,-0.0606061515417788,-0.31843136018088,0.267265509453955,-3.67415201615815
1.67014709267245,0.258818850514103,-0.849478191030102,0.563343607224956,0.145554694134304,0.29707298076831,-0.133136394230413,-0.0526578037860159,-0.319921678556496,0.301046280215422,-3.6428551562742
1.7014437217835,0.231993096341013,-0.904122986792411,0.605569539058226,0.164928868453685,0.278195433488153,-0.154497830612761,-0.108793009700892,-0.329857134409273,0.284652670894409,-3.69352626267283
1.71386301904702,0.237954375049488,-0.916045487689799,0.594640474352509,0.182315947967712,0.270743770087858,-0.156484940973219,-0.111773640104756,-0.327373270447408,0.314459233294136,-3.67812622053373
1.71038561581309,0.232489869560953,-0.935419551656351,0.606066314715368,0.188277232367492,0.285647096899435,-0.15052360989013,-0.121709074796229,-0.321908769732973,0.315949561415376,-3.67812622053373
1.67710189911012,0.249380159220077,-0.943864656453397,0.612524398414483,0.195232064177624,0.294589092974681,-0.151020387480429,-0.129657422536089,-0.311476541090587,0.32638185824714,-3.65676487180001
1.67412126776681,0.23596728211042,-0.944858198195065,0.599111455372587,0.197219158977935,0.292601982733798,-0.144562278806851,-0.117734900913478,-0.313960405050782,0.331349618651627,-3.66769393397773
1.64530849811365,0.239941467917981,-0.940884031228297,0.584208185326994,0.162941773669244,0.312473085149234,-0.161452716878032,-0.0794834773804836,-0.324889406483826,0.396427279952383,-3.6135453986453
1.65027621701944,0.249876932432902,-0.982612784397751,0.583711409658687,0.147045015259718,0.305518199306576,-0.177349599765887,-0.0819673360528238,-0.33830227188036,0.413317665334486,-3.62348090970834
1.62742471003749,0.282663965306745,-0.967212887414149,0.591659820364167,0.143070825656018,0.314460195388508,-0.167414047960263,-0.0740189883077954,-0.330850679997267,0.431698378811896,-3.60957119423648
1.6155021846586,0.302534894339773,-0.954793615642542,0.595137250045357,0.118232140637011,0.326879634391319,-0.158472051336916,-0.0680577274976824,-0.340289363046009,0.444117779818958,-3.56585494558399
1.6358698321719,0.286141377875918,-0.98161924266626,0.619479257787431,0.14307082564159,0.315453750505173,-0.159962384107492,-0.105315607575332,-0.328366816037254,0.417788649662634,-3.6036098876614
1.6274247100281,0.307502626566167,-0.949329136097221,0.597124352687744,0.125683746123235,0.325389301703398,-0.133633171819116,-0.0591158363472079,-0.33979259026044,0.433188706903274,-3.56635172120169
1.62046990356,0.329360648513593,-0.93492278084533,0.600105006697782,0.111774082510667,0.344763626548992,-0.124691175195555,-0.0372578800418201,-0.34873450052138,0.47789855057085,-3.52611290137462
1.61152800953146,0.358173495653054,-0.905613299452858,0.592156596009861,0.0963740978152815,0.349234624594275,-0.139594502900061,-0.018380554123772,-0.353702228443668,0.507208336973663,-3.49729991925952
1.59612808091825,0.394437941149473,-0.875807047212306,0.555891972188933,0.0630902598911925,0.361654063593218,-0.141581613261139,0.0332837062421715,-0.37059250338513,0.556885940995366,-3.40191901306553
1.61848281599913,0.392450848245161,-0.878290901566263,0.575266223252435,0.0581225228908264,0.359170175792346,-0.148039721934717,0.0173870107469463,-0.360657047542071,0.54893752434867,-3.40042868640521
1.63586983216635,0.385992796308306,-0.902632674225508,0.611034071381153,0.0784902445881033,0.336318408016019,-0.158472051324745,-0.00596126076896419,-0.350721591694152,0.513666425454288,-3.42228681077354
1.63537306027574,0.409341137939268,-0.905613299448614,0.615505052396381,0.0745160549879201,0.349731402142956,-0.151020387472581,-0.0218579562645868,-0.341779681431026,0.513666425454288,-3.38006088872864
1.64481172620128,0.40387663245628,-0.921013196432216,0.606066314683987,0.0899160397071592,0.358176620667849,-0.154994608195403,-0.027819217073656,-0.363140911486748,0.502240576534277,-3.3601898666127
1.62444407868827,0.425734654417139,-0.942374343874676,0.587188839279325,0.0814708868085221,0.372086392358654,-0.169897935898837,-0.00745157595893794,-0.366121548237844,0.535524571264245,-3.29610582015595
1.63437951650387,0.442128170880993,-0.943367885615614,0.590169493290664,0.0953805504260921,0.366621839197644,-0.161452716864158,0.00794834779801745,-0.359663501937783,0.540989107709458,-3.29660259570922
1.63338597272238,0.466470058953281,-0.968703200004892,0.596130801314721,0.0864386238232069,0.365628284077636,-0.179833487710511,0.0124192934064408,-0.360160274729912,0.538008451468578,-3.25437667365519
1.65723102347582,0.449082996038465,-1.01440612007911,0.621963136087622,0.118232140667764,0.35072495727194,-0.197220703363893,-0.017883782374133,-0.337308726275509,0.482866310956974,-3.29113806461085
1.65574070780462,0.429212066971989,-1.04967685191911,0.662698740897745,0.127174067263477,0.343273293863598,-0.175362489393616,-0.0476900864470614,-0.340289363028154,0.436169363145332,-3.29709937125804
1.65872133914859,0.432192706331005,-1.05911549846669,0.673627805603742,0.124193425064329,0.352712067507107,-0.179336710115198,-0.0586190646126022,-0.344760318156778,0.427724170454538,-3.2816993290784
1.61848281601312,0.456534594423454,-1.05365101888758,0.668163273250532,0.108793440371925,0.373576725042448,-0.181323820475894,-0.021857956260587,-0.345257090949075,0.441137123547331,-3.24344761143344
1.62146344735693,0.460508780230484,-1.06159935281081,0.679589113638926,0.121709556582166,0.368608949441788,-0.177349599756503,-0.0114257498419762,-0.367115093806478,0.412820889260415,-3.24394438698704
1.60308288740924,0.452063635381858,-1.04172851798183,0.693002056690813,0.116741819583174,0.367118616760646,-0.183807708428533,0.0124192934062283,-0.378044095238519,0.40040148824303,-3.22606046704088
1.60059902795491,0.449082996028178,-1.04719299755385,0.709395653773182,0.0968708715608226,0.353208845074174,-0.182317375657564,0.00844511953450905,-0.36661832102616,0.396924055964084,-3.22258303816898
1.61997313168653,0.435173345686476,-1.05663164409103,0.722311821153328,0.112767629961555,0.344763626546649,-0.187781929146138,0.00397417392217202,-0.344263545379618,0.363143285193713,-3.23997018257254
1.60059902794868,0.437160438592168,-1.05911549844316,0.727776353508643,0.0720321865405228,0.371092837243,-0.194736815410242,0.0124192934068615,-0.349728046095221,0.346749675861732,-3.20767977158941
1.58569587122965,0.443121717308607,-1.04371560146521,0.723802148159068,0.0745160550408774,0.385996164047457,-0.189272261917083,0.011425749938236,-0.344760318173237,0.344265795661276,-3.20469911826528
1.56681853938186,0.449579769246498,-1.01539966186614,0.718834391469292,0.0382515748945682,0.39295104988896,-0.172381823854001,0.0307998475631095,-0.365624775458967,0.338304483180968,-3.16644740064813
1.57526366151951,0.459515233777081,-1.01043195315999,0.723305372490263,0.0541483332979385,0.417293150364806,-0.179336710119771,0.0218579563499524,-0.355689319614694,0.344762571702807,-3.15949254289293
1.55539278589775,0.458024914097513,-1.01688997447949,0.701447243084445,0.0541483332979385,0.435177142541669,-0.184304486020678,0.0278192171667745,-0.34724418214848,0.336317379014923,-3.14508605181315
1.55638632967833,0.459018460550943,-1.03079955885977,0.704924672763581,0.0645805809913502,0.432196477178363,-0.175859266986404,0.00596126084116004,-0.357179637991235,0.327872186326012,-3.14210539848774
1.56483145182047,0.460012007002833,-1.03477372582022,0.695485935050945,0.0725289602022694,0.443125583501178,-0.17188504626625,-0.0129160650551709,-0.327870043243908,0.335323826924659,-3.16396352283674
1.59066359012803,0.468953925077969,-1.05613487326059,0.691511729701268,0.0923999082064827,0.438654585458309,-0.173375379036433,-0.0273224453543838,-0.320418451359222,0.312968905109228,-3.18085389167512
1.59811516849156,0.48832808088543,-1.05613487326059,0.686543973008173,0.0968708715095948,0.444615916180092,-0.178343154939245,-0.0392449669647713,-0.311476541100469,0.305517264513148,-3.18035711612195
1.59811516849156,0.494786132828497,-1.0466962267234,0.682072991990992,0.0839547553079281,0.459519242995383,-0.166917270370583,-0.0491804016552504,-0.32737327045228,0.303033384311282,-3.17340225836197
1.61053446575819,0.49925709186708,-1.04768976846417,0.683563318997255,0.0988579663049047,0.437661030339766,-0.16592371519014,-0.0481868581862273,-0.332837771166046,0.292601087469368,-3.16843450282244
1.62394730680504,0.475411977012794,-1.07054122849177,0.715356961816725,0.106806345508349,0.432196477177053,-0.164930160009411,-0.0466965429832705,-0.336811953503754,0.289620431229154,-3.18582164720822
1.62941179760205,0.475411977012794,-1.06756060326852,0.72876990488205,0.111774082510364,0.438157807899951,-0.183310930842104,-0.0511674885906877,-0.329360361619069,0.286639774989544,-3.18830552497733
1.64878590133719,0.464979739255821,-1.08345727112392,0.733240885904055,0.10879344030866,0.410338264501006,-0.182317375661423,-0.0511674885906877,-0.344760318175104,0.282168790628089,-3.19078940274726
1.68206961800992,0.427224974079955,-1.11773446116994,0.776957144740396,0.1435675993295,0.383015498680634,-0.182814153251448,-0.0849479665290238,-0.347244182136211,0.24789124386597,-3.24642826480309
1.69895986228393,0.409837911152596,-1.11674091942881,0.793847517476524,0.160954678831984,0.381028388438636,-0.184304486022452,-0.0799802491844054,-0.340786135839112,0.245407363663903,-3.25040246923689
1.66418582994682,0.439644304733992,-1.08792820894794,0.783912004099779,0.134625672709287,0.379041278197753,-0.169897935905506,-0.044709456047759,-0.367115093834888,0.26279452506956,-3.17837001392437
1.6189795879209,0.4600120070323,-1.05861872757053,0.764537753031798,0.100845061115205,0.416299595247203,-0.163439827233941,-0.0238450431972309,-0.387482778311602,0.306510816638792,-3.09789237406379
1.56632176751882,0.508695783252974,-1.01341257833958,0.740195745254083,0.0923999082102607,0.433686809860889,-0.1659237151849,0.0129160651244456,-0.387979551103885,0.364136837307472,-3.01691795876711
1.53800576976078,0.527573165868648,-1.00894164050465,0.731750558891118,0.0958773241097957,0.414312485002822,-0.171885046264988,0.0163934672655481,-0.39344405181498,0.362646509186474,-3.00151791657747
1.5226058411508,0.546450548487853,-0.993044972646524,0.727279577872673,0.0760063761165747,0.432196477174113,-0.164930160000551,-0.000993543435180488,-0.396424688567168,0.37605946226975,-2.97121460776521
1.51217363144726,0.579237581420381,-0.96671611652551,0.69747303772789,0.073025733914871,0.433190032294514,-0.161949494458077,-0.0158966954597177,-0.390463415060239,0.393446623676112,-2.93395644120961
1.52508970060718,0.558373105936816,-0.996025597868488,0.706911775446103,0.0869353975278236,0.416796372810121,-0.142078390854451,-0.0188773258641034,-0.383011823172137,0.366620717535931,-2.97916301656467
1.57228303026262,0.496773225967337,-1.05166393526437,0.754602239745151,0.132638578008311,0.361654063668555,-0.153007497839327,-0.0640835536023501,-0.357676410765754,0.293097863708986,-3.09342139371787
1.55737987353964,0.527573165973468,-1.02483830827676,0.754602239745151,0.122703103995487,0.36463472902926,-0.116245956145298,-0.0491804015778129,-0.356682865181357,0.298562400146111,-3.06709228936743
1.5613540486641,0.522605433711494,-1.0377543509077,0.747150604712688,0.107799892992327,0.358176620743908,-0.121213732047872,-0.0422255972932601,-0.365128002646278,0.289620431420754,-3.04473738941912
1.58768295885907,0.494786133034038,-1.04619945570805,0.782918452892861,0.114257951094321,0.354202400262637,-0.121710509638278,-0.0680577274839834,-0.344760318162715,0.263291301296993,-3.07653102489272
1.64183109491891,0.463489419755593,-1.0864378962323,0.810241114661012,0.155490168195651,0.307505309569875,-0.120220176867631,-0.100347890219561,-0.337308726283951,0.217587905567376,-3.11577629374564
1.68803088073918,0.392450848374255,-1.13810206677374,0.831602468423484,0.181322400623279,0.271737325235462,-0.11574917855569,-0.141083172409777,-0.324392633679683,0.1654264213356,-3.18184744244278
1.70541789690372,0.383508930290757,-1.14356654634964,0.852467046503393,0.187283685024049,0.279685766200976,-0.0943877421774384,-0.143567031082055,-0.319921678552561,0.171387733820138,-3.1555183380323
1.70790175635649,0.35867026895368,-1.14654717157398,0.852963822172057,0.217090107022125,0.253853333068958,-0.104820071573219,-0.135618683335039,-0.293592720555981,0.156981228656912,-3.14309894916432
1.70144372177965,0.341779979253945,-1.13512144154858,0.859918681535064,0.21063204892013,0.242924226746824,-0.106310404344509,-0.114754270497556,-0.299553994062909,0.153007020334371,-3.13316343807355
1.68952119640109,0.3686057334514,-1.10680550194674,0.847002514132355,0.203677217112307,0.246898447226857,-0.0914070766292841,-0.105812379283058,-0.297566902892171,0.167413525480077,-3.09491172047068
1.60457320306641,0.428218520515453,-1.04421237236564,0.783912004095198,0.160457905133205,0.310485974896826,-0.0859425231375663,-0.0526578037999811,-0.323399088090441,0.251865452192018,-2.90862088789026
1.61997313168027,0.395431487607452,-1.04719299758824,0.807757236229405,0.182812721669791,0.305021421735816,-0.111278180258004,-0.095876944640339,-0.310482995487753,0.223549217940112,-2.94935648328877
1.60159257173336,0.40139276632198,-1.01987059970541,0.82564116031214,0.201690122275882,0.308002087098069,-0.108297514716603,-0.118231672689165,-0.296573357307896,0.219078233578657,-2.91110476555357
1.59165713392164,0.405863725356621,-1.0268253918913,0.800802376846667,0.213612691085665,0.311479530019145,-0.104323293993019,-0.107799466270032,-0.304521721987446,0.224045993977201,-2.85546590344853
1.55638632968982,0.413315323751472,-1.01987059970763,0.800802376846667,0.194735290473308,0.320421526102191,-0.0919038542334584,-0.0958769446507005,-0.298560448481974,0.247891243912452,-2.8504981479009
1.52012198167529,0.455541047966399,-1.00298039012201,0.797821722831882,0.183806269057085,0.338305518262712,-0.100845850856376,-0.0695480427568151,-0.303031403615382,0.260807420949977,-2.77449148810654
1.54396703242907,0.402883086006364,-1.04520591406797,0.830608917002938,0.19721915896605,0.314460195374094,-0.105316849169926,-0.105812379336707,-0.295083038941907,0.228516978342745,-2.81423353248916
1.50074787797559,0.416792736351038,-1.03924466361884,0.823157281974303,0.175857889862407,0.33681518558287,-0.097368407725998,-0.083457651281172,-0.319921678562461,0.251865452232235,-2.76604630362359
1.50869622822418,0.41927660248239,-1.06110258192269,0.829615365670764,0.198212706379204,0.359666953353026,-0.111774957842944,-0.0993543467783847,-0.31247008667846,0.232491186669073,-2.7650527525143
1.49329629961614,0.431695933142466,-1.05812195669915,0.821170179296734,0.190761100873811,0.373079947478013,-0.124691175196758,-0.100347890246861,-0.324392633699242,0.253355780343384,-2.70891711488841
1.49925756229967,0.435670118953532,-1.04768976841687,0.837067000704018,0.189270779772939,0.372086392356869,-0.126181507967369,-0.0834576512785382,-0.300050766878911,0.237458947057729,-2.7138848704417
1.47789637099836,0.461502326694398,-1.04669622667605,0.807757236209864,0.154993394428219,0.382021943559635,-0.12568473037707,-0.0601093798017455,-0.310979768312623,0.266271957349435,-2.6304265773596
1.49180598393029,0.463986192826015,-1.06805737411485,0.807757236209864,0.164928868439395,0.37009928211285,-0.121710509654535,-0.076999618755285,-0.311476541104966,0.263291301108919,-2.64781372179187
1.48087700234061,0.470941017993149,-1.06954768672581,0.805770133534005,0.166419189541174,0.375067057715264,-0.145059056394673,-0.0869350534402974,-0.312966859481949,0.270246165668573,-2.66569764176756
1.48087700234061,0.481373255750958,-1.0581219567046,0.801299152514757,0.174864342444249,0.363641173831965,-0.161949494465854,-0.0829608795655967,-0.31892813298742,0.243917035533068,-2.63738143512741
1.4739221958763,0.478392616391465,-1.05315424800027,0.80626690920632,0.153006299631755,0.358176620670388,-0.1490332771204,-0.0894189121088359,-0.338302271884643,0.238452499093284,-2.63936853734716
1.45206423268473,0.516644154781578,-1.01838028710997,0.778944247393246,0.147045015226534,0.367615394310956,-0.151517165071955,-0.0591158363411444,-0.336315180715667,0.246897691771067,-2.60161359518516
1.4729286520695,0.515153835101293,-1.00546424446418,0.785899106753215,0.154496620724919,0.364634728948579,-0.147046166758406,-0.0774963905219786,-0.341779681427094,0.225536322041519,-2.62595559740709
1.46398675803996,0.519624794138562,-0.999006223149585,0.795337844467307,0.148535336317719,0.347744291898967,-0.144562278807923,-0.0745157601172204,-0.350721591687487,0.220568561643176,-2.61900073964095
1.46199967047812,0.519128020912,-0.998012681408306,0.795834620136265,0.153999847021372,0.344763626537209,-0.142078390855892,-0.078489933990629,-0.346250636555718,0.218581457482953,-2.58969098189292
1.45901903913623,0.523102206723915,-0.999502994020388,0.777950696053989,0.15499339442194,0.356686287993652,-0.152510720247171,-0.0953801729589518,-0.371586048959778,0.234478290768608,-2.55541346855528
1.44659974187393,0.517140928011299,-1.01539966186762,0.789873312114047,0.176354663542127,0.341286183631125,-0.171388268670163,-0.108296238034611,-0.380527959218257,0.225039546014146,-2.5693231840881
1.41828374412539,0.531547351581222,-1.00149007749142,0.768511958350478,0.156980489225425,0.34476362655249,-0.185298041195703,-0.0779931622547949,-0.37655377687909,0.222555665813992,-2.56733608186787
1.41232248144153,0.542476362563403,-0.99155466008301,0.749634482939997,0.151515978519505,0.347247514354084,-0.177846377345325,-0.0665674123666019,-0.388973096681965,0.207155608577411,-2.54398763078597
1.41927728790701,0.537011857070487,-0.976154763087724,0.746653828927739,0.142077278216329,0.360163730918215,-0.185298041195881,-0.0829608795946177,-0.388476323889926,0.197716863818741,-2.5325617930099
1.41579988467536,0.537011857070487,-0.963238720450784,0.730757007519229,0.155986941821202,0.368608949441179,-0.179833487701151,-0.0715351297089964,-0.389966642265678,0.183807134704789,-2.50971011747327
1.41033539387957,0.545457001920467,-0.976651533944097,0.730757007519229,0.158470810323137,0.369602504561456,-0.192749705044437,-0.085941509997761,-0.386986005511758,0.171387733709055,-2.52709726189699
1.39195483394472,0.542476362560257,-0.997515910521675,0.715853737465214,0.160954678823286,0.386989719180559,-0.192749705044437,-0.0889221404038611,-0.375560231294859,0.174865165989341,-2.51169721967768
1.37208395833157,0.563837611308716,-0.978638617436454,0.696479486372846,0.146548241514055,0.405370488911592,-0.19622714817503,-0.0789867057181032,-0.386489232717548,0.199207191950845,-2.46748419526246
1.36810978320822,0.555392466459188,-0.986586951365323,0.69896336471783,0.153503073321108,0.396428492828546,-0.218085362142687,-0.0923995425349878,-0.381024731999273,0.156484452545006,-2.49927783078418
1.37059364265977,0.550921507420843,-0.984599867882522,0.708402102425859,0.155490168122409,0.373576725042252,-0.220569250092217,-0.0874318251928544,-0.366121548236963,0.147045707780404,-2.52014240412568
1.36761301131747,0.566818250658733,-0.970690283516874,0.713369859119719,0.160954678831654,0.381525166002318,-0.204175589620601,-0.0606061515647867,-0.360657047524031,0.155490900455278,-2.51169721969595
1.37307750210929,0.580231127785593,-0.954296844775543,0.702937570080971,0.150522431131318,0.3924542723299,-0.191259372275766,-0.0561352059540153,-0.373573140122771,0.156981228575341,-2.47096162414689
1.3551937140637,0.5747666222937,-0.954793615646079,0.704924672754891,0.147045015228417,0.393447827450609,-0.191756149865875,-0.065077097171421,-0.357179637980973,0.165923197292178,-2.46400676637364
1.34327118869514,0.555889239694167,-0.978638617440271,0.716350513137707,0.161451452535257,0.383015498686731,-0.176852822162083,-0.0725286731796835,-0.361650593108777,0.160458660854609,-2.49679395302154
1.34327118869514,0.549431187750237,-0.976651533956935,0.726782802185568,0.175361116150903,0.388480051850238,-0.185794818789074,-0.078986705724538,-0.350721591683417,0.180826478488436,-2.50126493301946
1.33283897899641,0.52558607288958,-0.959761324371317,0.740195745252616,0.170393379147376,0.404873711340759,-0.179833487708558,-0.0730254449166612,-0.349728046098656,0.171387733735889,-2.49232297303161
1.34078732923734,0.512173195774547,-0.965225803947614,0.769008734034074,0.186786911256973,0.399409158173393,-0.189272261924919,-0.0923995425454103,-0.341779681421293,0.146052155705107,-2.51567142413464
1.33035511954488,0.499753865103851,-0.975657992233722,0.774473266391495,0.168406284361973,0.383512276243026,-0.177349599760457,-0.111276868444102,-0.309986222716702,0.138103739061957,-2.48834876855845
1.31843259417749,0.515650608353209,-0.959761324372873,0.761557099001063,0.161948226255334,0.390467162085106,-0.163439827238252,-0.0914059990825241,-0.334824862330423,0.173374837868393,-2.43221313081336
1.30998747204291,0.531050578378699,-0.965722574820691,0.749137707280929,0.156483715552286,0.403880156217893,-0.149530054717047,-0.0998511185634119,-0.346250636549417,0.161452212907776,-2.44115509081158
1.29508431533513,0.539495723229356,-0.965722574820691,0.721318269811749,0.133135351624408,0.414809262542296,-0.154497830618906,-0.0928963142835553,-0.342276454211586,0.154994124391435,-2.41880019083691
1.30551652503094,0.494289359618221,-0.985593409656966,0.748144155922758,0.169896605452539,0.408847931817542,-0.147046166762455,-0.136115455145528,-0.337805499082415,0.133135978639609,-2.47145839970497
1.3159487347231,0.501244184790001,-0.988077264009464,0.760563547639382,0.17486434245689,0.398415603052147,-0.134129949415763,-0.156483096236815,-0.353205455640333,0.128664994280783,-2.4525809285965
1.28216824620057,0.560856972011734,-0.940884031264647,0.734731212870463,0.138599862361739,0.43319003228277,-0.151517165069145,-0.108296238000644,-0.364631229850249,0.178839374344228,-2.3134837728278
1.28514887754196,0.556386012974943,-0.959264553478079,0.71436341044892,0.124193425045733,0.441635250810646,-0.159962384102204,-0.119721987882551,-0.366618321019041,0.180826478504533,-2.28864499505154
1.28663919321301,0.575760168796897,-0.947342052585652,0.701447243050856,0.145554694170647,0.439151363008329,-0.163936604822739,-0.112767183604434,-0.381521504784085,0.205168504452715,-2.25337393062417
1.2856456494328,0.604076242717761,-0.941380802138709,0.694989159354727,0.145554694170647,0.423254481074,-0.16244627205202,-0.102831748925384,-0.394437597382825,0.212620145047285,-2.21214155951274
1.29707140290565,0.606560108851236,-0.920516425561132,0.693995608016899,0.169399831767789,0.437164252762494,-0.15549138578625,-0.0968704881172091,-0.414805281872613,0.200697520087394,-2.22803837730611
1.30005203424713,0.576256942043888,-0.94237434386659,0.729763456196154,0.174864342473255,0.41629959524232,-0.177846377335239,-0.111773640140255,-0.398411779731816,0.163439317124359,-2.26380621729971
1.28465210565393,0.553405373623547,-0.939393718642899,0.74416995059225,0.185793363881014,0.404873711350953,-0.175859266974304,-0.10531560759637,-0.395927915771849,0.150523140090237,-2.25436748174593
1.28812950888519,0.567811797201169,-0.916045487721991,0.734234437220099,0.169896605479403,0.427725479136298,-0.187285151544061,-0.100347890252124,-0.404373053238578,0.161452212965042,-2.20767057951279
1.26279414248638,0.605566562407298,-0.914555175109946,0.72678280218553,0.153006299657133,0.429712589377717,-0.194736815400513,-0.0745157600930548,-0.415798827455127,0.169400629599814,-2.14954783952949
1.26031028303559,0.610037521447673,-0.909090695534049,0.718834391485972,0.155986941860403,0.443622361065922,-0.196227148171696,-0.0471933147219104,-0.415302054663163,0.160458660884608,-2.1396123284141
1.25832319547644,0.601592376579637,-0.92349705080463,0.7044278971106,0.162444999954182,0.438157807897761,-0.188775484322033,-0.0561352059498276,-0.392947279027554,0.152510244234045,-2.16941886185762
1.24242649499191,0.595631097865588,-0.910084237299172,0.729266680554378,0.161451452553504,0.427725479128466,-0.200201368890694,-0.0531545755464854,-0.395431142988206,0.138103739075491,-2.15948335074028
1.21907821615249,0.591160138827961,-0.901142361625256,0.727279577878518,0.14058695712888,0.411331819639648,-0.19076259467818,-0.0720319014385678,-0.370095730579499,0.131148874516401,-2.14308975739811
1.22205884749322,0.568805343623695,-0.915051945998733,0.742182847949762,0.14058695712888,0.381028388481598,-0.197220703350519,-0.0725286731726384,-0.364631229865901,0.143568275512385,-2.16594143296216
1.22354916316386,0.56632147749022,-0.934426009964338,0.729763456231223,0.138103088627701,0.37059605971447,-0.222556360450306,-0.0765028470449539,-0.36661832103427,0.15946510879353,-2.15550914628638
1.17138811472415,0.611031067879039,-0.908097153820773,0.668163273296984,0.104819250720183,0.412822152333676,-0.211627253473813,-0.0417288256404522,-0.385495687134352,0.224045993965454,-2.0477088505964
1.16045913314592,0.613514934010325,-0.896671423792572,0.664189067945265,0.101838608517407,0.414809262575261,-0.206659477570643,-0.0427223691088787,-0.393940824596693,0.242923483479159,-1.9880957838595
1.15648495802451,0.593644004940663,-0.906606841209007,0.685053646032677,0.121212782821247,0.400402713316739,-0.206659477570643,-0.059612608074245,-0.387482778299002,0.222555665852762,-1.99206998830824
1.18231709631367,0.589173045899093,-0.893690798566693,0.678098786669671,0.108296666614936,0.402389823558324,-0.212124031063671,-0.0655738688831654,-0.375063458498026,0.227026650210954,-1.97219896606105
1.15747850181527,0.595134324621266,-0.887729548118583,0.673627805652605,0.0819676605031636,0.408351154284316,-0.22007247250817,-0.0650770971487968,-0.36661832103233,0.246897691804731,-1.93692790156985
1.17883969308195,0.577250488442799,-0.907103612087032,0.708402102439054,0.10134183479843,0.384009053823133,-0.207156255162407,-0.0973672598827596,-0.372082821746096,0.214607249188334,-1.96971508831707
1.17933646497199,0.610037521393723,-0.891206944217235,0.676608459636737,0.0914063607946747,0.38152516602159,-0.203678812033481,-0.0869350534675401,-0.362147365901215,0.233484738708161,-1.92699239046795
1.18430418387271,0.611031067846437,-0.8867360063788,0.673131029954474,0.0794837919914871,0.397422047949976,-0.196723925768878,-0.0889221404025054,-0.380031186429107,0.256833212592917,-1.89768263264786
1.17337520229127,0.611527841072906,-0.861400691977122,0.671143927277644,0.0904128134061993,0.426731923987481,-0.199704591309279,-0.0884253686684348,-0.383011823182207,0.23745894704193,-1.86936642596761
1.16343976448817,0.607056882033487,-0.850471732819311,0.695982710722698,0.0760063761061336,0.423254481066117,-0.174368934209492,-0.0779931622519111,-0.386489232726268,0.217091129402323,-1.86241156818137
1.19423962165285,0.608547201714966,-0.84202662801131,0.720821494140314,0.0958773241032019,0.404376933768316,-0.172381823849511,-0.109786553252698,-0.372579594549387,0.186291014914488,-1.86191479262413
1.22404593505592,0.606063335583681,-0.858916837615943,0.734731212874904,0.108793440318802,0.381525166000058,-0.173872156620587,-0.153502465814283,-0.348734500526773,0.148536035901616,-1.90910847046911
1.21858144426471,0.598114963961763,-0.867361942416089,0.733737661536898,0.113761177323153,0.377550945516476,-0.15251072024592,-0.153005694080212,-0.339295817471683,0.148536035901616,-1.90414071490809
1.19274930597555,0.598114963961763,-0.866865171545066,0.739202193893336,0.126677293529464,0.373079947473142,-0.147542944343227,-0.145057346334587,-0.331347452794076,0.151019916100963,-1.89172132599565
1.21659435669368,0.56135374520548,-0.858916837611529,0.7352279885457,0.148038562636062,0.351718512378546,-0.144065501211634,-0.174366878641082,-0.325386179286236,0.131645650546834,-1.9036439393503
1.22354916315537,0.531547351612934,-0.862394233706473,0.725789250840339,0.161948226245551,0.346750736777267,-0.146549389163367,-0.18281199811669,-0.31197331389462,0.112271384997419,-1.91556655270237
1.2429232668721,0.511179649318436,-0.881271526800471,0.74367317491021,0.193244969375993,0.331847409973429,-0.141084835673876,-0.196224834935252,-0.297070130115909,0.10531652043579,-1.93941177941777
1.242426494982,0.53353444451852,-0.884252152026205,0.736221539878896,0.197715932676261,0.321415081206734,-0.160459161690896,-0.196224834935252,-0.302037858036831,0.0770002861528926,-1.92649561494388
1.23646523230263,0.543469909050696,-0.875310276347474,0.714860186115876,0.175857889853489,0.30402786660388,-0.158472051330676,-0.188773258922704,-0.297070130114693,0.0725293017971468,-1.89917295934512
1.22404593505265,0.546947321636818,-0.863884546312561,0.693995608019887,0.179832079452352,0.316944083171499,-0.179833487710975,-0.182811998110802,-0.295083038946749,0.0998519840004966,-1.85595348591623
1.23944586364499,0.509192556409504,-0.888723089855472,0.699460140376044,0.188774006058206,0.304524644167914,-0.17287860144954,-0.175360422099558,-0.297566902907778,0.097368103801552,-1.90016651047234
1.21709112859035,0.522605433522387,-0.874813505476208,0.696479486360646,0.160954678836148,0.320918303651625,-0.162446272049758,-0.131644509537973,-0.299057221285216,0.145058603616952,-1.84850185261642
1.21112986590998,0.535024764183127,-0.840536315383215,0.686543972983391,0.155986941831797,0.310982752445558,-0.167414047952808,-0.140089629015482,-0.320418451349426,0.165923197283228,-1.8067727058653
1.20963955024002,0.537508630317199,-0.831097668831479,0.681576216295656,0.136612767525813,0.301543978801265,-0.177846377347088,-0.150521835430963,-0.33631518070075,0.172878061842742,-1.77547584577886
1.1937428497595,0.562844064857663,-0.829110585347609,0.676608459612261,0.130154709421139,0.317440860730311,-0.178343154937351,-0.116244585780098,-0.334328089530983,0.19175555135683,-1.74020478125505
1.17784614927764,0.565824704214767,-0.838549231888024,0.7009504673881,0.119225688012776,0.319924748530822,-0.182814153249721,-0.11127686844194,-0.357179637969321,0.195232983633802,-1.73523702569237
1.17784614927764,0.551915053880127,-0.831594439697541,0.701447243056944,0.114754724705088,0.324395746570999,-0.159962384096238,-0.112270411909621,-0.377050549671232,0.156484452540859,-1.73324992346695
1.17387197415706,0.544463455477112,-0.821659022276729,0.709892429425984,0.109290214004912,0.349731402155152,-0.147542944343822,-0.0829608795987289,-0.367611866620182,0.172381285818458,-1.70741759449934
1.18480095573666,0.52956025868084,-0.83805246101806,0.711879532100618,0.120716009113497,0.362647618716064,-0.138104170130176,-0.0904124556112769,-0.382515050382039,0.170394181660611,-1.71983698341153
1.19871056865693,0.507702236721733,-0.852458816278414,0.718834391463446,0.140090183420552,0.337311963147697,-0.121213732063855,-0.108296238041616,-0.371586048954006,0.147045707775855,-1.72679184120968
1.14803983589435,0.556386012950212,-0.801788187418627,0.691511729698102,0.118728914313955,0.363144396282398,-0.120220176883459,-0.0839544230520728,-0.369102184992977,0.183310358705448,-1.63439158755477
1.15052369534417,0.555889239723637,-0.79483339522542,0.679589113641108,0.137109541223699,0.356189510439451,-0.124194397607805,-0.0844511947862677,-0.384502141551836,0.166419973343548,-1.61551411638873
1.14853660778427,0.559863425536826,-0.800794645680534,0.661208413906642,0.13363212532147,0.358673398240581,-0.124194397607805,-0.0814705643828509,-0.381024732008413,0.164432869184091,-1.62197219862854
1.15201401101427,0.548437641322839,-0.801788187423029,0.663195516581582,0.147045015223387,0.351221734839823,-0.103329738813993,-0.0834576513185115,-0.373076367334696,0.142077947392677,-1.63488836311336
1.17188488661604,0.531050578399196,-0.80675589613234,0.707905326778085,0.166915963245188,0.315453750514325,-0.0824650800126786,-0.118231672703012,-0.377547322466328,0.105316520457601,-1.66519167207342
1.16443330826761,0.541482816152824,-0.77744641475565,0.693498832376438,0.178838532054642,0.318434415875278,-0.0814715248322354,-0.101341433743981,-0.366618321043305,0.114755265211871,-1.59862374743922
1.12816896029362,0.562347291658687,-0.763536830367535,0.67809878664822,0.153006299632016,0.323898969036628,-0.0864393007373103,-0.0923995425330607,-0.367115093835542,0.140090843227248,-1.55093329398215
1.12419478517349,0.548934414540787,-0.777943185626126,0.664685843593232,0.174367568742158,0.300053646133153,-0.0943877421797135,-0.111276868433168,-0.372579594549977,0.127671442228242,-1.57775917406336
1.12469155706355,0.550424734219876,-0.784897977815417,0.658724535569942,0.188774006063344,0.302040756373913,-0.0904135214568923,-0.115747814039356,-0.363637684294503,0.147542483813965,-1.55490749846021
1.14307211700225,0.558869879064667,-0.791852770006411,0.656737432894593,0.197219158972961,0.310982752453802,-0.0933941869990083,-0.109786553231031,-0.37953441364194,0.148536035893713,-1.56881721405076
1.20268474378924,0.516147381551193,-0.839542773642654,0.681576216316037,0.213115917375452,0.299556868563858,-0.094387742179404,-0.151018607175381,-0.363140911489618,0.12071657764156,-1.63836579210207
1.18728481520314,0.510186102833321,-0.823149334892094,0.677602010965339,0.221561070286237,0.290614872483041,-0.094387742179404,-0.148534748504283,-0.363637684281597,0.129658546361115,-1.62644317872677
1.18976867465303,0.487831307645183,-0.834078294055255,0.717344064467215,0.237457828701919,0.276705100800036,-0.1058136267519,-0.148037976770337,-0.354199001231412,0.129658546361115,-1.60458505421615
1.17685260551477,0.495282906044813,-0.82116225139903,0.708402102431591,0.240935244604051,0.295085870526106,-0.116245956151432,-0.140089629026501,-0.363637684281019,0.161452212915025,-1.5573913762588
1.16989779905289,0.524095753184274,-0.82116225139903,0.682569767638781,0.234477186494554,0.300053646123672,-0.114755623379105,-0.129160650883646,-0.359663501941852,0.181323254494706,-1.52410741395645
1.18132355252111,0.520618340599081,-0.817188084429441,0.681079440632326,0.230502996890524,0.293595537842076,-0.101342628438458,-0.145057346374896,-0.355689319604387,0.193742655492704,-1.55639782518152
1.20516860323957,0.49776677218912,-0.821162251398446,0.700453691711754,0.240438470894829,0.287634207120664,-0.110781402654819,-0.154496009319639,-0.345753863756771,0.203181400250226,-1.58868823638626
1.22454270695441,0.475411977014122,-0.820665480527631,0.739698969565524,0.244909434200167,0.267763104719261,-0.0924006318146349,-0.170392704800553,-0.343269999795892,0.188278119059728,-1.60259795197271
1.20218797190851,0.466470058941376,-0.7923495408849,0.729763456197457,0.221064296571366,0.259814663757213,-0.0909102990433804,-0.166418530928436,-0.346250636548262,0.190761999259075,-1.55242362068451
1.18281386818961,0.457528140870541,-0.778936727371564,0.743673174929188,0.232490091690697,0.249879112557543,-0.0874328559108701,-0.184799085081691,-0.326876497654001,0.171884509750726,-1.53603002730913
1.17536228983577,0.437160438602164,-0.795826936965862,0.776957144763944,0.255838455619866,0.208149797527594,-0.103329738790723,-0.202682867488776,-0.326876497654001,0.126181114119312,-1.57477852071174
1.17536228983577,0.443121717320036,-0.815201000942374,0.768511958396422,0.236961055001243,0.238453228703895,-0.0998522956569618,-0.214108617373254,-0.318431360188305,0.112768161041202,-1.57080431625206
1.16145267691861,0.460012007015258,-0.806755896134994,0.736718315588387,0.212122369982923,0.265775994517458,-0.094387742166554,-0.203676410957513,-0.327373270446511,0.114755265200659,-1.56881721402288
1.16840748337709,0.446599129898075,-0.823149334889566,0.743673174949071,0.211625596282577,0.259814663793941,-0.0993555180692469,-0.200199008818585,-0.315450723435569,0.0978648798387584,-1.59216566523386
1.14654952022003,0.429212066963747,-0.796820478716358,0.730757007565607,0.187780458667628,0.28266643155603,-0.127671840725119,-0.169399161292735,-0.320418451359376,0.10829717667454,-1.57229464294287
1.13611731053151,0.432192706322444,-0.79880756220125,0.717344064512686,0.169399831760426,0.283163209116091,-0.132142839039633,-0.168405617824905,-0.314457177851354,0.0894196871600695,-1.53702357837186
1.10333036579774,0.453553955052639,-0.79234954087622,0.7079053268049,0.15896758405605,0.285647096916498,-0.150026832279896,-0.153005694070645,-0.326379724867762,0.0978648798409338,-1.48337181819359
1.06805956160682,0.478392616359851,-0.776452873003699,0.672137478631158,0.139593409740956,0.302537533956639,-0.160459161677677,-0.131644509515228,-0.310979768301842,0.135123082834174,-1.41730066908971
1.08892398098256,0.471437791195132,-0.791852770007277,0.712873083472675,0.164432094771644,0.293098760317639,-0.179833487695625,-0.141083172460207,-0.303031403627638,0.112768161049105,-1.46151369369542
1.10482068146908,0.4644829660319,-0.81122683396814,0.7108859807961,0.162941773668711,0.307505309558506,-0.189769039501249,-0.151515378863949,-0.31048299551278,0.10879395273341,-1.46201046925241
1.08644012153629,0.486340987979326,-0.76005943427162,0.675614908286455,0.134625672737252,0.350724957269443,-0.165923715176897,-0.125186476981255,-0.330850680002567,0.135619858854563,-1.39494576909489
1.06607247406168,0.49130872024568,-0.743665995523468,0.668163273259352,0.127670840935393,0.338802295818449,-0.181323820479122,-0.101341433736629,-0.336315180716165,0.152510244213382,-1.36166180672048
1.063091842723,0.480379709264667,-0.748633704234117,0.671143927270385,0.127670840935393,0.316944083165102,-0.17983348770876,-0.107799466280353,-0.335818407924172,0.146052155695732,-1.34328111109317
1.04272419524128,0.495282906062134,-0.732737036351089,0.648292246523242,0.120219235431854,0.316447305604876,-0.173375379035027,-0.0923995425149247,-0.350721591686483,0.154994124415288,-1.31844233320842
1.04918222980902,0.480379709274224,-0.750620787717744,0.669156824608511,0.142574051944942,0.309492419761929,-0.165923715181971,-0.124192933508555,-0.352211910063328,0.141581171341528,-1.33483592659961
1.05613703626769,0.459515233773379,-0.746646620747765,0.676111683968124,0.170393379163152,0.300550423682412,-0.168407603134061,-0.120715531370757,-0.359166729155807,0.137606963024544,-1.34576498886632
1.0611047551648,0.466966832173407,-0.747143391618994,0.662201965249256,0.190264327176709,0.305021421723796,-0.144065501219911,-0.133134824721898,-0.359166729155808,0.133632754703775,-1.35222307111604
1.04769191414363,0.48981840060535,-0.720317764555879,0.653260003216158,0.190761100876835,0.323898969018067,-0.143568723629659,-0.129657422582796,-0.3760570040983,0.121213353699735,-1.306519719755
1.03676293256434,0.485347441572261,-0.705414638423566,0.635376079128828,0.16840628434767,0.315453750502118,-0.131646061466912,-0.137108998588823,-0.371586048967352,0.122703681818105,-1.29608743305726
1.01291788183722,0.490811947057439,-0.687034116204736,0.628421219762426,0.159464357732665,0.304524644180665,-0.119723399299591,-0.118231672711373,-0.378540868057067,0.127671442212823,-1.28764224858717
1.01341465372717,0.508695783215356,-0.691505054047439,0.629911546768575,0.171386926540469,0.290614872495061,-0.13512350459554,-0.121212303114939,-0.371089276173521,0.136613410926399,-1.2796938396678
1.03179521364276,0.50323127772244,-0.711375888891982,0.647298695169615,0.19572883785876,0.27124054764987,-0.121710509655535,-0.136612226880367,-0.369598957797268,0.122206905766677,-1.31645523094448
1.05812412380977,0.500250638365097,-0.720814535438866,0.681079440660095,0.230999770595019,0.258821108651185,-0.116245956163294,-0.164431443967794,-0.348734500519829,0.11127783289453,-1.34626176438741
1.07402082428231,0.472431337686154,-0.739195057677491,0.705918224082177,0.243419113102633,0.259317886211411,-0.115749178572923,-0.200695780557661,-0.333334543965205,0.0899164631810043,-1.37110054227217
1.07253050861273,0.477399069947463,-0.733730578094908,0.702440794399736,0.226032033590049,0.252363000370486,-0.104820071583592,-0.203676410960705,-0.322902315324414,0.0914067912999487,-1.34377788661426
1.10034973446104,0.46050878027345,-0.763536830350779,0.73622153989629,0.234973960205055,0.240440338936329,-0.103329738812374,-0.230502084579382,-0.316941041816757,0.0700454216072032,-1.36265535779107
1.09885941879183,0.462495873180629,-0.741182141133431,0.740195745243517,0.208148180391947,0.252363000384104,-0.120716954468256,-0.212121530416935,-0.325386179281421,0.0799809424103349,-1.30502939304285
1.10581422524662,0.452063635414735,-0.753601412926319,0.755595790969757,0.215599785895485,0.23944678381273,-0.109291069889186,-0.230502084573867,-0.315450723435022,0.0789873903302834,-1.34328111103545
1.07302728052888,0.53005703203505,-0.703427554867081,0.700453691804601,0.190761100895714,0.284653541785782,-0.104820071576387,-0.173373335122897,-0.337805499077463,0.134626306814288,-1.2444227749714
1.02633072290124,0.585695633430106,-0.663685885147838,0.684556870405077,0.155986941879684,0.315950528083268,-0.0993555180807395,-0.124192933410559,-0.33730872628544,0.187284567060214,-1.13811280551789
1.00447275974998,0.592650458607275,-0.619473277548919,0.669653600348765,0.159464357783451,0.332840965131126,-0.0854457455558668,-0.102831748841789,-0.349728046089454,0.20467172845706,-1.11128692539655
0.998014725183959,0.593644005060413,-0.603079838803576,0.658724535637714,0.146548241569637,0.333834520251011,-0.100349073266447,-0.129160650735674,-0.357179637969356,0.211129816975887,-1.09091912753365
0.976156762025064,0.589173046025294,-0.580228378735149,0.645808368237327,0.138103088654648,0.327376411974242,-0.0943877421823577,-0.102831748850347,-0.37357314011817,0.208149160738874,-1.06707390078212
0.960756833442188,0.604076242812409,-0.554893064293783,0.640343835881732,0.123696651346613,0.316944083211664,-0.0874328559159199,-0.0874318251010936,-0.387482778297178,0.227523426292217,-1.02236410057196
0.932440835732007,0.620469759284147,-0.536512542050658,0.619479257800215,0.104322477052419,0.326382856853409,-0.109787847478842,-0.0884253685686756,-0.406360144404183,0.255342884529144,-0.982622055925836
0.883260418622089,0.674618040940381,-0.484351600574156,0.569304915245718,0.0725289602192946,0.359170175811639,-0.10879429229797,-0.0611029232159779,-0.416295600249064,0.30601404057479,-0.890221802136328
0.881273331063244,0.668656762219483,-0.481370975343315,0.552414542525644,0.077993470918715,0.347744291924069,-0.0839554127851006,-0.0640835536218544,-0.406360144407827,0.276704254217137,-0.917047682294116
0.886241049960356,0.649282606384069,-0.471932328781414,0.52956286177498,0.0695483180149385,0.338802295840281,-0.085445745556641,-0.0650770970893122,-0.406856917200292,0.276704254217137,-0.891215353266507
0.897666803419168,0.607056882058563,-0.523596499454375,0.573279120559667,0.0849483027107499,0.313466640262442,-0.110781402649746,-0.10630915105738,-0.386489232727312,0.259317092802316,-0.930460622403623
0.890215225080001,0.630901996993141,-0.511177227651149,0.536517721123313,0.0615999388377642,0.316944083186913,-0.110781402649746,-0.122205846573677,-0.39096018785498,0.267762285493796,-0.905125068869622
0.937905326518257,0.581224674356152,-0.58370577489765,0.570795242270002,0.0740192813567156,0.268259882316616,-0.10432329397431,-0.179334595950359,-0.376553776881444,0.228516978358415,-0.990073689156072
0.955292342660214,0.592153685344174,-0.579234837055713,0.563343607243281,0.0814708868635513,0.281672876439095,-0.0814715248137051,-0.153502465790643,-0.374069912921857,0.208645936767458,-0.980138177997476
0.953305255100981,0.602585923094457,-0.565325252653637,0.539001599473695,0.064580581045487,0.286143874476672,-0.0968716301107611,-0.17188301994068,-0.367115093830439,0.212123369044007,-0.960763931245269
0.95678265832879,0.585695633403297,-0.577744524442573,0.549930664186429,0.0943870030748917,0.285647096916663,-0.116245956132889,-0.174366878610722,-0.363140911494794,0.197716863887498,-0.97715752466486
1.00000181273759,0.570792436610209,-0.604073380623515,0.567814588254923,0.160457905240989,0.251866222847605,-0.104820071559298,-0.181321682882405,-0.354199001236315,0.153503796347168,-1.04372544941173
1.0109307943117,0.555392466581839,-0.628911924200473,0.590666269006173,0.179335305853868,0.23646611848284,-0.115252400956078,-0.185295856754223,-0.345753863768553,0.150523140106289,-1.07253843181251
0.974169674493082,0.592153685391168,-0.615002339784096,0.5767565503066,0.15201275237339,0.251369445293797,-0.131646061437913,-0.159463726555101,-0.341282908638015,0.199207192041636,-1.00298985356675
1.01391142569496,0.581224674415995,-0.644311821198809,0.618485706480354,0.176851437395833,0.21411112831399,-0.114258845763272,-0.183308769759182,-0.331347452785845,0.150523140168456,-1.11526112953294
1.034775845064,0.549431187928323,-0.651266613394739,0.614014725463747,0.20566431202346,0.193246470799449,-0.0829618575849343,-0.200199008709343,-0.314457177837672,0.118729473613258,-1.13364182518376
1.0611047552027,0.484353895158219,-0.694982450108381,0.660711638273274,0.258322324205498,0.165923704977941,-0.0953812973456862,-0.246398779981366,-0.290612083809229,0.0774970622647962,-1.2126291390587
1.00944047864748,0.53204412488718,-0.66368588523244,0.624447014453278,0.231993318075518,0.208149797563825,-0.104323293972677,-0.192747432745351,-0.309489449909888,0.125684338123357,-1.0938997808011
1.01341465376683,0.518134474539904,-0.664182656103815,0.620969584775124,0.220070749266064,0.203678799522163,-0.1092910698793,-0.1982119218204,-0.301541085236655,0.147542483874297,-1.08545459631321
1.02185977589434,0.508199010015692,-0.665176197847136,0.638853508847752,0.228019128472586,0.229511232644524,-0.0998522956663334,-0.185295856743772,-0.304521721990483,0.153007020309872,-1.07402875847802
1.04222742337833,0.488824854212371,-0.682563178338877,0.655247105928436,0.22305139146425,0.20566590977621,-0.0864393007298663,-0.214605389026815,-0.296076584524013,0.140587619319677,-1.10830627195729
0.996027637632928,0.52608284621749,-0.639840883386507,0.63040832250444,0.178838532093115,0.249879112611529,-0.0834586351878932,-0.203676410884506,-0.297070130108532,0.189271671222458,-1.02236410042274
1.02086623213202,0.506708690393465,-0.662195572579778,0.657234208638191,0.191257874612409,0.217091793674405,-0.0943877421693638,-0.236960117029778,-0.285644355880457,0.143071499535185,-1.06906100286446
1.06756278974597,0.454547501563995,-0.697963075345485,0.723802148219636,0.257825550437574,0.186291584941995,-0.096374852529917,-0.281669573122399,-0.281173400748688,0.0963745517585707,-1.16990644125826
0.992053462500365,0.508695783276656,-0.645305362942994,0.656737432984316,0.225038486215205,0.235472563367597,-0.116245956156886,-0.22006987811999,-0.316941041788074,0.175858718132074,-0.987093035889614
1.01689205700327,0.492799040053206,-0.651763384265652,0.697473037840483,0.239444923546355,0.220569236582637,-0.117736288928355,-0.248882638648891,-0.325386179264354,0.139594067267895,-1.05564806279352
1.02235654778922,0.47988293617173,-0.644808592067509,0.693002056821924,0.239444923546355,0.192749693232804,-0.104323293986422,-0.245405236513875,-0.331844225567179,0.102335864301839,-1.09886753631853
1.093394928072,0.391954075204093,-0.719324222645184,0.75559579112919,0.290115841038395,0.120716947101755,-0.104820071576697,-0.344759583132981,-0.279683082340892,0.0168903855247873,-1.25336473461123
1.06557570224584,0.420270149136306,-0.694485679061536,0.750131258779069,0.301541636147296,0.125684722703653,-0.0933941869896829,-0.338798322323763,-0.28564435584618,-0.00149032794889759,-1.26330024577315
1.02980812619013,0.447592676590664,-0.680079323778612,0.714363410650351,0.289122293638652,0.120716947101032,-0.0948845197604372,-0.32935965937784,-0.278689536753063,0.0188774896853423,-1.22455175220656
1.03080166997013,0.461502326908953,-0.65822140544373,0.720324718683136,0.30750292057636,0.112768506150209,-0.0730263057712948,-0.336314463642045,-0.283160491882918,0.00248388038792002,-1.25783571452595
1.07948531516591,0.399405673608568,-0.710382346943215,0.755099015485665,0.349231911440613,0.0660714155175767,-0.0725295281809242,-0.37257880018204,-0.271734717657288,-0.0491808277506659,-1.3258939659965
1.03378230130099,0.427224974285281,-0.677098698579828,0.709395653946766,0.309986789108953,0.0919038486157982,-0.0571294228871908,-0.341282180972379,-0.286637901431443,-0.0034774321035046,-1.26280347012389
0.994040550136298,0.463986193064156,-0.647789217151482,0.665182619423089,0.261799740166079,0.114258838820859,-0.0491809814438348,-0.31644359426668,-0.292599174940195,0.0238452500954155,-1.17437742071662
1.01788560082812,0.449579769473829,-0.69051151213,0.690518178484655,0.273225535267079,0.0993555120145451,-0.0457035383104908,-0.357675648200719,-0.28514758306348,-0.00496776024476503,-1.21908722106501
0.950324623820784,0.502237731453561,-0.658718176367836,0.629414771232582,0.230999770708485,0.154497821165272,-0.0571294228881911,-0.302037214038384,-0.302037858002877,0.0685550936179408,-1.06906100252586
0.913563504004221,0.542973136033306,-0.626428069702375,0.595634025792433,0.201193348699692,0.18778191767691,-0.0586197556599458,-0.269250279592601,-0.307502358718646,0.158471556872623,-0.953809072961315
0.845505755059122,0.600598830179831,-0.549428584767398,0.55738229924725,0.162941773716984,0.231001565329515,-0.0556390901181157,-0.20963767168075,-0.353205455649806,0.185297462968229,-0.855944288300489
0.846499298838253,0.583708540460689,-0.559364002204506,0.568311363949036,0.148535336406956,0.22056923656672,-0.070045640248532,-0.207153813009714,-0.343766772598756,0.194736207723264,-0.819182896981836
0.882763646783884,0.56234729172022,-0.600595984538726,0.591659820358896,0.17287724773198,0.207653020004734,-0.0471938710851873,-0.234476258367194,-0.343766772598757,0.164432869297975,-0.882273392886748
0.854447649064609,0.597618190788241,-0.592150879721216,0.549433888499593,0.125186972473059,0.239446783823872,-0.0630907539886686,-0.196224834883938,-0.338302271884322,0.212123369102742,-0.784905383589995
0.808247863315978,0.651766472454602,-0.547938272173168,0.51913057271103,0.0988579663212285,0.268259882288555,-0.071039195433168,-0.159463726610059,-0.350224818902189,0.249381572076349,-0.725292316618462
0.837060632919633,0.615998800163616,-0.567809107023548,0.556388747870474,0.124690198732422,0.245408114546397,-0.0665681971199404,-0.185792628488144,-0.344263545394167,0.212123369096701,-0.784408608031316
0.871834665186311,0.607553655302578,-0.589667025380904,0.569801690917538,0.142077278232983,0.219078903862623,-0.0387486520441841,-0.195231291439968,-0.347244182147722,0.192252327494466,-0.831105510565911
0.871834665186311,0.577747261702864,-0.582712233181228,0.575266223268501,0.159961131449142,0.202188466826692,-0.0377550968631215,-0.183308769829282,-0.332340998384045,0.177349046297321,-0.860415268529073
0.871337893297027,0.583211767199868,-0.566318794409398,0.587685614970769,0.172877247656525,0.19324647073956,-0.0298066554184316,-0.196224834916569,-0.324889406501182,0.176852270256969,-0.885750822053592
0.88624104997484,0.574766622340636,-0.593641192360441,0.617988930730532,0.202683669665318,0.184304474657257,-0.0402389848177133,-0.227024682427784,-0.316941041823091,0.124690786008272,-0.948344542485866
0.877299155962535,0.599605283665766,-0.584202545799926,0.581724306932893,0.186290137554814,0.197717468772216,-0.0303034330085164,-0.20864412828556,-0.290115311031251,0.159961884808275,-0.903634742260738
0.907602241239364,0.561850518466699,-0.613015256340029,0.595137249984436,0.214109464784566,0.176356033700688,-0.0258324346932522,-0.239940747517914,-0.26825730815514,0.150523140053239,-0.955299400314939
0.88673782186887,0.580231127846559,-0.591654108876133,0.598117903996234,0.198709480064901,0.15102037815705,-0.0417293175921598,-0.229508541113129,-0.29110885659278,0.150523140053239,-0.945363889159276
0.886241049979259,0.578740808166274,-0.589170254517372,0.593150147312966,0.220567522876186,0.156484931317719,-0.0471938710874146,-0.224044052038081,-0.300050766851806,0.160955436897903,-0.938409031337989
0.882763646753295,0.558373105869599,-0.574267128355873,0.580233979942109,0.219077201774407,0.149033267918353,-0.0273227674704498,-0.230998856311329,-0.309489449901414,0.15698122857802,-0.918538008982842
0.87382175273587,0.577747261685342,-0.555389835248475,0.565330709869717,0.223051391379427,0.150026823037124,-0.0273227674704498,-0.195728063221428,-0.314457177824917,0.189271671157109,-0.887737924398469
0.869847577617958,0.567315023921121,-0.551415668276161,0.550427439817999,0.24043847089682,0.137110606485868,-0.0481874262807687,-0.224044052049993,-0.30551526756261,0.198213639876121,-0.897176660006662
0.874318524624454,0.570295663278942,-0.549925355661635,0.579240428603158,0.230999770586072,0.119226614343173,-0.0471938710996584,-0.249876182197436,-0.303528176393088,0.201691072154644,-0.888234699953714
0.930950520047585,0.502237731294449,-0.607054005869763,0.640840611564301,0.269748119263959,0.0616004174173948,-0.0412325400141402,-0.303527529393208,-0.27223149044775,0.12469078602167,-1.01044148718523
0.942873045394329,0.500747411613807,-0.58817671274388,0.615505052483213,0.276206177372384,0.0442132028224854,-0.0178839932560897,-0.313959735797472,-0.28167017350255,0.14803925990974,-1.00249307825006
0.922008626041022,0.501740958067502,-0.55936400216357,0.62096958483193,0.287135198777725,0.0521616437830469,-0.00794844144212867,-0.302533985916708,-0.311476541046306,0.173871613992646,-0.999512424898896
0.893692628322537,0.53353444454583,-0.539989938184213,0.602092109428722,0.271238440355446,0.0720327461745469,-0.0213614363850269,-0.296075953380735,-0.326876497621172,0.187781343106598,-0.938905806786113
0.8713378932963,0.517637701297322,-0.545951188641516,0.59265337172627,0.270741666655032,0.0933941812389773,-0.00248388794121632,-0.283656660034562,-0.319921678534855,0.207155608652873,-0.916054131113243
0.848486386381706,0.533534444559848,-0.535519000331404,0.582717858363562,0.25136749234369,0.0943877363592334,-0.00546455348347522,-0.273721225348804,-0.320418451326879,0.208149160733549,-0.868363677429894
0.877299155978522,0.513663515511425,-0.576750982684802,0.620969584833079,0.272728761481013,0.0521616438066684,-0.0168904380655583,-0.290611464287985,-0.293095947747191,0.17784582231563,-0.958280053462112
0.86438308684621,0.504224824214054,-0.571286503097804,0.615008276807338,0.259315871567595,0.0720327461907411,-0.00198711034783253,-0.312469420576428,-0.281173400728231,0.174368390035838,-0.946357440064519
0.85792505228055,0.500250638400653,-0.563834940022618,0.620969584826647,0.246896529053454,0.0899167383404913,-0.00695488625195465,-0.300050127235535,-0.294586266119847,0.171387733795804,-0.918041233229347
0.874318524642509,0.500747411627002,-0.581718691389711,0.612524398454135,0.249380397555801,0.112271728520948,0.00645810869769686,-0.299056583768947,-0.301044312419907,0.187781343115488,-0.928473519957479
0.82166070433385,0.557876332619092,-0.528564208157788,0.547943561483721,0.207154632975013,0.153007488402376,0.0129162173756103,-0.234476258422941,-0.331844225572932,0.267762285490732,-0.814711917228483
0.812222038434015,0.564831157796447,-0.51912556158826,0.54396935614068,0.185296590155868,0.173872145917784,0.00695488628594718,-0.209637671737118,-0.333334543949504,0.249381572002516,-0.770995668040273
0.829609054560921,0.573773075882096,-0.545951188681587,0.543472580472551,0.196722385268562,0.148536490365202,0.00049677760633049,-0.219573106416416,-0.327373270445125,0.24093637931857,-0.762053707984684
0.830602598340136,0.554398920052895,-0.539989938222679,0.542975804804294,0.194238516766353,0.129658943092885,0.00447099832924708,-0.206160269604227,-0.329857134407446,0.270246165691672,-0.747647216772521
0.832589685897455,0.581721447519664,-0.503725664580343,0.515156367392284,0.178341758360344,0.129658943092885,-0.00447099830417555,-0.198708693592797,-0.316941041810681,0.282665566690929,-0.697472885331211
0.855937964701659,0.541979589388836,-0.518132019864325,0.527575759096466,0.200696574875286,0.0978651792651647,0.0084452190487096,-0.226527910700397,-0.321411996938213,0.289620431256787,-0.720324561065735
0.81222203842599,0.570792436515979,-0.479880662744103,0.501743424329537,0.152012752227257,0.143568714737145,0.0029806655551578,-0.192250661073532,-0.338302271883804,0.338801259199891,-0.630408185033517
0.813712354094864,0.577747261681998,-0.486338684074033,0.494788564968496,0.167909510644259,0.137110606460511,-0.0213614363782503,-0.185295856802545,-0.349728046110481,0.346749675840141,-0.614511367161297
0.799305969298769,0.561850518436888,-0.478390350124152,0.490814359622085,0.168903058045074,0.128665387943685,-0.0134129949310834,-0.192747432808012,-0.353205455654648,0.359665852882903,-0.610040387131785
0.776951234261607,0.573276302646601,-0.441629305630253,0.454549735829105,0.15250952593593,0.140588049381803,-0.00993555179457117,-0.15499278104084,-0.34873450052411,0.367614269526698,-0.555395075650826
0.776951234261607,0.556882786170043,-0.449080868708539,0.469453005880057,0.15250952593593,0.121213724551499,-0.00993555179457117,-0.194237748006895,-0.340786135845048,0.34078836335933,-0.586691935841384
0.779435093708689,0.542476362591266,-0.451067952197226,0.483362724584276,0.156483715537433,0.0973684016782333,-0.015896882882519,-0.199205465346544,-0.340289363052873,0.344762571679937,-0.588679038078855
0.765525480806484,0.534031217732485,-0.435171284294351,0.477898192235699,0.141580504522318,0.101839399714974,-0.0188775484262787,-0.197715150144966,-0.337805499092071,0.334330274839081,-0.584704833608687
0.755590043015588,0.553405373561686,-0.41728753290712,0.488330481271768,0.139096636020452,0.105813620192119,0.00149033279063254,-0.193740976272948,-0.350721591690022,0.300549504107062,-0.592653242554346
0.749132008454707,0.546947321611371,-0.429706804709737,0.504227302645159,0.146548241521516,0.106310397751984,0.0129162173784686,-0.220069878167492,-0.351715137274752,0.298562399946758,-0.607059733770481
0.73174499232246,0.559863425494572,-0.424242325120465,0.500749872967184,0.127670840907071,0.120716946981184,0.00496777592958644,-0.220069878167492,-0.33879904468075,0.282665566656268,-0.582220955797193
0.770493199700462,0.518631247722947,-0.456532431785136,0.527078983403046,0.168903058039194,0.0874328504875167,0.017883993280304,-0.261301932059258,-0.342276454226193,0.238452499106977,-0.661705045123872
0.774467374817764,0.518631247722947,-0.469448474438831,0.536517721107923,0.171883700243948,0.0705424134645625,0.0347744313535092,-0.284153431797646,-0.340786135849255,0.208645936719332,-0.670647005178229
0.767015796477245,0.527573165796649,-0.467461390950875,0.529066086085605,0.182812721656544,0.0601100847125995,0.0268259899063422,-0.266766421113874,-0.343269999808919,0.201194296116908,-0.661705045116828
0.780428637497856,0.513166742229036,-0.482364517105077,0.548937112813062,0.207651406676238,0.0357679842827596,0.0193743260431021,-0.307004931547424,-0.333334543958876,0.160955436884207,-0.726285867763425
0.781422181276544,0.511676422550066,-0.486835454950735,0.543969356128136,0.207651406676238,0.0367615394018807,0.00844521905088921,-0.307004931547424,-0.343269999807097,0.14257472341611,-0.716847132154489
0.776454462382552,0.520121567405237,-0.488822538439227,0.537014496774776,0.20665785927578,0.0462003130363731,0.0129162173666894,-0.304024301143783,-0.331347452790323,0.14257472341611,-0.731253623371475
0.715351520055101,0.583708540553916,-0.438648680289077,0.490814359707598,0.166915963295932,0.0914070710103642,0.0208646588176677,-0.236463345221484,-0.350224818882903,0.203181400363136,-0.591659690959414
0.711874116828943,0.578740808288093,-0.440138992905282,0.484853051686298,0.183806269115398,0.088426405652444,0.0238453243632854,-0.273721225240438,-0.34525709096183,0.198710416005035,-0.630904960091893
0.728764361067571,0.556386013092788,-0.438151909417374,0.501246648741293,0.209638501543026,0.0834586300542595,0.0203678812271899,-0.273224453506902,-0.346747409338813,0.172878061935744,-0.660214718057941
0.749628780427286,0.55340537373433,-0.439145451160987,0.514659591788356,0.230502996960146,0.0625939725527163,0.0223549915891247,-0.286637290312719,-0.341779681415309,0.148536035979667,-0.710885825097498
0.715848291941542,0.589669819239468,-0.420268158040188,0.483362724670502,0.216593333338729,0.0735230788589635,0.0303034330397218,-0.272230910047008,-0.363140911463849,0.149529588058551,-0.654253411477887
0.687532294240454,0.624940718335762,-0.367610445631251,0.442130344204143,0.208148180426543,0.0978651792781886,0.0367615417184095,-0.243418149502979,-0.367115093802045,0.17685227024584,-0.581227404274537
0.680080715901495,0.647792286765874,-0.371087841735047,0.430207728174405,0.199703027516226,0.099355511956762,0.0397422072607397,-0.255837442850083,-0.350721591661249,0.174368390045536,-0.559369279666655
0.666667874880884,0.657727751294067,-0.360158882556369,0.418285112135481,0.193741743108367,0.0963748465997082,0.0387486520791768,-0.23546980177662,-0.349231273283218,0.199207192033226,-0.494788457020058
0.658719524652162,0.673127721315854,-0.347739610760441,0.414807682456791,0.197715932711738,0.102336177315301,0.052658424615721,-0.20466995429082,-0.343269999775014,0.223052441940442,-0.467465801290073
0.653255033869572,0.643818100952591,-0.354197632096695,0.433685157850301,0.202683669714577,0.077497299337789,0.0417293176232461,-0.202186095620778,-0.353205455622933,0.193742655591106,-0.473923883557085
0.728764360988693,0.5866891797544,-0.399403781524643,0.489324032611446,0.256832003008837,0.0198711023749132,0.0402389848509554,-0.273721225413703,-0.332837771153689,0.135619858843881,-0.615504918204308
0.7247901858735,0.579237581358155,-0.412319824193831,0.498762770312685,0.233980412786293,0.0283163208899852,0.0188775484501707,-0.251863269144388,-0.324889406476812,0.144561827560899,-0.554898300024691
0.709887029191942,0.594140778152038,-0.425732637733434,0.486840154271311,0.219573975466303,0.0243421004121804,0.00347744314019249,-0.248385867009286,-0.325386179269109,0.159465108751398,-0.527078868735704
0.686538750385457,0.603579469455462,-0.429706804707401,0.496278891976672,0.212122369957406,0.0158968819048239,-0.000993555173892602,-0.241927834474282,-0.334824862322468,0.157478004592785,-0.519130459795055
0.68455166282847,0.601095603322716,-0.419274616396268,0.492801462300037,0.201193348548135,0.01788399214286,-0.0238453243361414,-0.234476258470677,-0.313463632273928,0.165426421225302,-0.499756213001267
0.712867660529558,0.57576016875382,-0.451564723078331,0.52409832939297,0.201193348548135,0.00695488582912387,-0.0278195450617258,-0.243914921412116,-0.296573357329885,0.145058603591887,-0.559866055680641
0.72677727343021,0.556386012909087,-0.454048577437821,0.549433888464947,0.194238516742621,0.011425883865401,-0.0352712089167477,-0.240934291009519,-0.2856443558935,0.165426421241817,-0.562349933477945
0.739693342561079,0.526579619340433,-0.475409724917927,0.575762998894046,0.212122369972137,0.00397422047439097,-0.0352712089167477,-0.26378579074905,-0.295083038952051,0.142077947372679,-0.623453327217013
0.754596499241389,0.516644154808788,-0.463487223986684,0.578743652904313,0.223548165086727,-0.00794844095530955,-0.0367615416889669,-0.283159888366656,-0.289121765441661,0.147045707772936,-0.634879165071335
0.781918953162728,0.523102206749267,-0.473919412294753,0.573279120551665,0.232490091695301,0.015896881902607,-0.0104323293791289,-0.315450051052979,-0.283657264726057,0.161452212923314,-0.646801778483014
0.80626077575501,0.470941017982519,-0.509190144196054,0.602092109330163,0.234477186498196,-0.00894199605582319,-0.0119226621513124,-0.340785409459532,-0.277199218425601,0.126677890149007,-0.691014803174893
0.811725266538515,0.468953925077358,-0.501738581118679,0.603582436336043,0.249877171210193,-0.0243421004045984,-0.005464553474328,-0.349727300663522,-0.276702445633167,0.123200457869779,-0.725292316753386
0.81321558220639,0.474915203798257,-0.468951703561775,0.587188839291154,0.234973960201674,-0.0362647618340516,-0.00149033275026811,-0.342772496391491,-0.283657264723734,0.119723025591186,-0.693995456516599
0.805764003867119,0.48336034865275,-0.446597014323083,0.554401645176531,0.236464281303206,-0.00298066534660429,0.0278195451040799,-0.322404855305806,-0.277695991216986,0.147542483826421,-0.66816312744219
0.830602598337423,0.453553955085689,-0.464977536581957,0.562846831535158,0.258322324128398,-0.0183807696870659,0.0536519798110888,-0.33730800731022,-0.263786353030752,0.141084395312305,-0.698466436523344
0.799802741189947,0.450076542500496,-0.435668055134237,0.547943561484588,0.236961055015301,-0.00794844093315317,0.0635875316264792,-0.310482333675445,-0.274218581674734,0.169400629587742,-0.672137331896293
0.783409268843322,0.458521687353409,-0.438151909493423,0.541982253464667,0.252361039731132,-0.0104323287311883,0.0779940817486059,-0.320417768349029,-0.290612083826556,0.1400908432188,-0.694989007620014
0.740686886351417,0.486837761242496,-0.42126169985985,0.52062089971756,0.237457828705299,0.0124194390085969,0.0755101937949073,-0.299056583810704,-0.292599174996079,0.158968332728296,-0.646305002864286
0.729757904785246,0.491805493507655,-0.438151909510377,0.50174342432696,0.229012675793814,0.0253356555577076,0.0635875316210124,-0.284650203532746,-0.297566902921556,0.161948988968933,-0.632395287214862
0.698461275749823,0.501740958035849,-0.43219065904928,0.465975576238666,0.206161085580751,0.0317937638358166,0.0457035383503079,-0.256334214718342,-0.308992677142994,0.189768447214318,-0.5936467936063
0.663190471590912,0.5350247641844,-0.408842428079222,0.452562633181267,0.195728837868007,0.0606068622699884,0.0466970935317516,-0.235966573648953,-0.30402494921782,0.235968618910954,-0.529562746555752
0.65176471813545,0.555392466472368,-0.402384406743284,0.443620671147709,0.191754648263646,0.0725295237004318,0.0596133108917593,-0.223050508575231,-0.301044312462897,0.238452499110352,-0.496278784096132
0.592152091469116,0.615998800243362,-0.349726694192511,0.375562404776583,0.138599862433966,0.13909771675758,0.0382518745088992,-0.164928215635199,-0.324889406465105,0.343769019766626,-0.337807380078435
0.596623038472491,0.615502027016521,-0.345255756341817,0.390465674821793,0.128664388426088,0.1286653880028,0.00794844147377446,-0.167908846039286,-0.317437814578597,0.328368962525362,-0.338304155637808
0.588177916350643,0.629411677341871,-0.32339783797804,0.403878617869545,0.1122708563047,0.136117051392108,0.00198711038468313,-0.155986324436649,-0.32588295205023,0.346252899953237,-0.321910562204982
0.598610126026641,0.62345039862591,-0.356184715526917,0.399407636856614,0.138103088723753,0.116742726567034,-0.0129162173366159,-0.202682867407166,-0.335321635103299,0.328865738552163,-0.339297706773097
0.592648863357013,0.637856822207382,-0.334823568027983,0.397420534183715,0.130651483214444,0.123697612402182,-0.01639366047046,-0.193740976201164,-0.339792590232743,0.341285139551671,-0.332342848946331
0.62642935183474,0.602089149933597,-0.356681486374637,0.415304458249453,0.127174067310196,0.0789876320621545,-0.031793765776746,-0.207153813006981,-0.333831316723446,0.327375410438001,-0.361652606922769
0.627919667502657,0.589173046046945,-0.350223465039331,0.422756093269856,0.110780535199238,0.0720327462271514,-0.0104323293769856,-0.206657041273072,-0.333334543930966,0.321414097957089,-0.367613913630604
0.638848649067455,0.610534294800542,-0.3437654437045,0.447098100989422,0.124690198803726,0.0730263013470153,-0.0029806655160681,-0.203676410869208,-0.320915224124675,0.310981801111368,-0.358671953558635
0.64878408685516,0.601592376724929,-0.353204090270099,0.441136792966897,0.134625672815727,0.0496777560614859,0.0024838879827242,-0.20665704127091,-0.328366816011867,0.281175238716473,-0.376059098123326
0.649280858744452,0.590166592511858,-0.356681486374321,0.436169036283374,0.127670841010212,0.0387486497500191,-0.00645810865198476,-0.216592475943749,-0.332837771144045,0.273723598119033,-0.39990432496453
0.728764360988415,0.494786132895901,-0.441132534738628,0.533537067077877,0.210632048869298,-0.0317937637822928,0.0158968829120094,-0.286140518757974,-0.29756690292005,0.144065051526415,-0.628917858349948
0.722306326428165,0.499753865164909,-0.452558264799554,0.525091880717514,0.206161085567546,-0.0387486496162849,0.0327873209916937,-0.302037214238889,-0.306012040391168,0.154497348366215,-0.612027489325783
0.719822466980944,0.495779679356605,-0.489319309306953,0.535524169761086,0.218580428082374,-0.0432196476501482,0.0218582139994808,-0.308992018507963,-0.291108856614736,0.13661341093834,-0.627924307200195
0.70690639785873,0.512669969056791,-0.475409724898748,0.538008048101477,0.199703027464796,-0.0486842008031019,0.0298066554495061,-0.272727681955275,-0.287631447069507,0.127174666182921,-0.610537162632079
0.706409625969639,0.49081194707549,-0.487332225831159,0.52658220773627,0.193741743059575,-0.0556390866382494,0.0437164279883847,-0.267263192882959,-0.283160491940063,0.112768161024075,-0.590169364699801
0.699951591405242,0.519624794179539,-0.456035660918444,0.504724078324837,0.185296590152061,-0.037258316953018,0.0630907540207316,-0.260805160347955,-0.285147583110071,0.139594067178937,-0.571788669023644
0.676106540726064,0.54197958937365,-0.444609930858637,0.491311135290177,0.193244969355505,-0.0322905413567938,0.0462003159353778,-0.260805160347955,-0.299057221293755,0.143568275499384,-0.527575644240336
0.664680787272037,0.528069939019682,-0.425732637714267,0.49379501363063,0.191754648254509,-0.0452067579118054,0.0238453243606648,-0.257327758209549,-0.3030314036328,0.144561827579738,-0.53850470655009
0.6448099116994,0.548437641309283,-0.419771387252294,0.473427211234202,0.183309495343958,-0.0193743248286021,0.0163936604990327,-0.23248917151503,-0.296076584538195,0.169897405613088,-0.510685275240831
0.650274402482066,0.521611887097494,-0.429210033817893,0.495782116320105,0.21261914368544,-0.0382518720821038,-0.0104323293819406,-0.239940747516399,-0.28266371913797,0.154000572346121,-0.52260788865298
0.613016510783111,0.558869879076728,-0.407848886323666,0.46895623023597,0.181819174255907,-0.0263292106546309,-0.0144065501061911,-0.229508541109788,-0.28266371913797,0.194736207600155,-0.46448514827276
0.632887386356858,0.549927960993469,-0.413810136787682,0.457530389871937,0.185296590157173,-0.0273227657736075,-0.0322905433666046,-0.223547280305935,-0.27272826328914,0.202684624242982,-0.462001270474134
0.612022967007045,0.569302116816976,-0.373571696174784,0.408846374383412,0.153503073336361,-0.00198711023733461,-0.0188775484208121,-0.202186095757463,-0.297566902908936,0.223052441870204,-0.409343061226773
0.598113354111441,0.576256941992101,-0.35072023605489,0.409839925719657,0.14456114673496,0.0109291063080215,-0.0178839932393444,-0.192747432808235,-0.290115311023793,0.249381571986495,-0.37506554761452
0.613513282676473,0.572779529406537,-0.352210548670949,0.427723849772532,0.140586957132578,-0.00844521850780011,-0.0193743260118137,-0.199702237081831,-0.277695991213325,0.25335578030533,-0.418781796814784
0.593642407101062,0.572779529406537,-0.36264273698055,0.431201279449971,0.145554694136517,0.0044709980362152,-0.0407357624054284,-0.192250661077295,-0.287631447059725,0.229510530388448,-0.400401101125233
0.619971317226905,0.538005403560645,-0.39741669801213,0.465478800557037,0.159961131451726,-0.0059613307146644,-0.051664869394497,-0.218082791224092,-0.262296034644824,0.207155608594316,-0.443620574790666
0.622951948562385,0.524592526443462,-0.416790762028483,0.466969127561462,0.162444999953455,-0.0258324330933729,-0.0228517691381544,-0.236960117110982,-0.271237944904125,0.1694006295692,-0.446601228147049
0.618481001560071,0.523102206762978,-0.402881177610403,0.468459454565352,0.153999847046875,-0.0188775472585144,-0.0243421019101592,-0.250372953929879,-0.272728263281791,0.157478004609067,-0.427723756884004
0.586687600654502,0.564334384548925,-0.365623362194338,0.406859271724471,0.11376117730217,0.0218582126229138,-0.0193743260088954,-0.206160269614188,-0.308992677116163,0.199703967997127,-0.337807380595009
0.555390971657516,0.581721447498121,-0.339294505949579,0.395433431366601,0.100845061105504,0.025335655540379,-0.0139097725128545,-0.17834105250311,-0.324392633674081,0.199703967997127,-0.289123375728999
0.515152448632192,0.59016659235442,-0.325384921530818,0.404375393390053,0.103328929606821,0.0248388779809061,0.00993555183779377,-0.170392704761858,-0.341779681405546,0.202684624238852,-0.31147827590782
0.512171817297503,0.573773075887061,-0.336313880717523,0.426730298446098,0.130651483121306,3.91003895927611e-12,-0.000496777565239609,-0.168405617825948,-0.333831316731342,0.181820030572154,-0.335820278309415
0.501739607629367,0.59414077820061,-0.332339713737523,0.415304458082358,0.140090183422916,0.00894199607785662,-0.025832434677781,-0.183805541582904,-0.339792590239729,0.184303910773264,-0.318929909265949
0.509191185969678,0.583211767221641,-0.333830026353472,0.419278663429687,0.155986941837719,0.00894199607785662,-0.0412325399870208,-0.201192552256242,-0.333334543934535,0.170890957699776,-0.300549213588706
0.488823538516396,0.610037521462101,-0.306010857515948,0.402885066384377,0.139593409729935,0.0178839921508747,-0.0337808761312842,-0.187282943706964,-0.33234099835017,0.202684624260775,-0.271736231129475
0.467462347280731,0.646301966988555,-0.272230438228955,0.352710723914944,0.114257951010898,0.0342776516185853,-0.006458108647804,-0.143567031131169,-0.366618321019724,0.232987962697735,-0.212619939545479
0.490313854194367,0.608050428596398,-0.303030232268154,0.383014039696501,0.13263857793437,0.0104323287859178,-0.0213614363716043,-0.162941128733274,-0.3387990446413,0.234975066855501,-0.260807168758133
0.533533008573601,0.531547351825364,-0.349229923334305,0.446104549633162,0.182315948030102,-0.0466970905119495,-0.00943877419256409,-0.216592475918315,-0.331844225544356,0.180826478567877,-0.387981711730918
0.553403884136254,0.493792586620244,-0.377545863056754,0.495782116425012,0.207154633047048,-0.0814715196833549,0.00794844147123805,-0.260805160234006,-0.293592720538639,0.151516692208442,-0.471440005755699
0.559861918688935,0.509689329902314,-0.351217006777822,0.473427211396526,0.21957397554367,-0.0601100846078346,0.00645810869944763,-0.241431062580061,-0.274218581640824,0.184303910876723,-0.44759477884825
0.59960366982478,0.465476512755985,-0.382016800835118,0.495782116473242,0.247393302781888,-0.0844521850093706,-0.019374326012516,-0.257327758059385,-0.252857351568127,0.156981228674481,-0.484852945768919
0.593145635267143,0.493792586663229,-0.383010342579072,0.498265994814397,0.235967507670774,-0.077497299178411,-0.0322905433613756,-0.266766421003184,-0.234476758244141,0.179832926500839,-0.45405286109357
0.646300227417642,0.42225724205067,-0.432687429773125,0.52956286191376,0.259315871596068,-0.113265283454146,-0.0149033276992408,-0.318430681261904,-0.21162520978345,0.13065209856571,-0.545956339575735
0.62394549240139,0.431199160123894,-0.414803678374509,0.525588656566432,0.271735214117423,-0.107303952743256,-0.0258324346859513,-0.302533985789734,-0.222554211221505,0.132639202724282,-0.535027277274808
0.633384158292926,0.427721747534984,-0.393442530848377,0.510188610869858,0.273225535217513,-0.110781395660938,-0.0178839932368788,-0.295082409777187,-0.217586483298761,0.129161770442164,-0.520124010472631
0.64033896474034,0.423747561720415,-0.401887635675397,0.529066086239124,0.300548088739555,-0.131646053163347,-0.0471938710813885,-0.321411311680948,-0.189270434142148,0.111774609039327,-0.546949890704393
0.622951948609064,0.445108810423217,-0.39940378131913,0.515653143182413,0.30303195724417,-0.132639608280859,-0.0432196503560899,-0.318430681281853,-0.190760752520772,0.0943874476643293,-0.530059521712497
0.566319953226255,0.517140928153518,-0.338300964080168,0.443123895556391,0.250870718647258,-0.0943877362443328,-0.0665681971169393,-0.259811616757535,-0.214109073763022,0.137110187037269,-0.403381754299447
0.540487814996969,0.563837611444764,-0.293094814679896,0.398414085437985,0.229509449530616,-0.0779940767841105,-0.0705424178413803,-0.237456888745045,-0.235967076634455,0.168407077557935,-0.340291258246672
0.537010411776149,0.544463455571554,-0.315946274848475,0.413317355454105,0.226528807330644,-0.089419960664087,-0.0690520850695899,-0.269250279756965,-0.252857351572303,0.142574723451987,-0.37953652751986
0.475410697534501,0.606560108896828,-0.257327311925045,0.35420105097408,0.187780458689202,-0.0511680885934115,-0.0427228727666959,-0.238450432254221,-0.273225036060846,0.171387733775227,-0.288626600136723
0.467462347311325,0.609540748257995,-0.224540434348874,0.322904183898833,0.17436756878543,-0.0397422047238748,-0.0223549915590628,-0.225037595438007,-0.288128219838646,0.177349046255173,-0.267762026625596
0.413314211383067,0.647295513435879,-0.186289077220223,0.30154283015886,0.159961131466237,-0.0139097716412077,-0.0357679864997101,-0.183308769854859,-0.303528176413512,0.191258775358132,-0.21212316401694
0.403378773602573,0.634876182779784,-0.195230952921502,0.281175027766616,0.144064373040441,-0.00894199604766524,-0.0427228727609794,-0.191257117592534,-0.302037858036028,0.190265223278825,-0.194736019437522
0.394436879600003,0.611527841128235,-0.218579183937294,0.299555727470395,0.161948226251158,-0.0392454271660732,-0.0347744313088576,-0.210631215219345,-0.31048299550379,0.165426421278046,-0.218084470757023
0.383011126151398,0.586689179806423,-0.203676057769591,0.301046054474016,0.154993394441603,-0.0481874232329646,-0.023845324320837,-0.20814735655067,-0.318431360184311,0.158968332760134,-0.208148959563401
0.38003049481546,0.564334384652925,-0.18380522290851,0.314955773199673,0.162941773658679,-0.0491809783504355,-0.0233485467301211,-0.20814735655067,-0.331347452793317,0.131148874585785,-0.231000635255619
0.359662847375251,0.588676272776596,-0.179334285054532,0.303529932845031,0.146051467859769,-0.00596133065116636,-0.0258324346818548,-0.210134443486529,-0.327870043248725,0.145555379739959,-0.195729570490119
0.360656391152954,0.578244035009866,-0.197218036477672,0.303033157177629,0.139096636059834,-0.0104323286868863,-0.0218582139574137,-0.20417318267895,-0.331347452793743,0.121213353775987,-0.208148959489363
0.375559547816002,0.533534444610294,-0.239940331506399,0.337310678258282,0.170890152885043,-0.0442132027349,-0.0317937657673252,-0.23795366057336,-0.309489449929659,0.088922911181845,-0.248884555379198
0.458023681421736,0.431199160040969,-0.314952733183197,0.417291560833224,0.243915886932842,-0.108794285416095,-0.0447099831276424,-0.332837061598163,-0.27570890003228,-0.0198710414129116,-0.425736654249519
0.436165718317152,0.430702386814074,-0.315449504055959,0.397420534145063,0.241928792133136,-0.120716946845053,-0.0640843091548798,-0.338798322406487,-0.293095947755774,-0.0342775465702971,-0.433685063208174
0.422752877320128,0.441134624574114,-0.300049607009777,0.378046283098979,0.233483639227257,-0.140091271659668,-0.0541487573478266,-0.342772496275325,-0.302037858018354,-0.0457033954768779,-0.431201185410283
0.369101513353361,0.489818400793486,-0.256830541083752,0.343768762048257,0.207651406815349,-0.135123496065094,-0.0382518744614956,-0.287134062044818,-0.325882952041696,-0.0228516976426451,-0.359665504728817
0.351714497243682,0.501740958228911,-0.257327311956137,0.33333647302505,0.196225611706448,-0.123697612205284,-0.0501745366385348,-0.290611464180963,-0.321908769704472,-0.0342775465545507,-0.348736442411742
0.342275831354122,0.500747411776729,-0.262791791552232,0.334330024360862,0.193741743203688,-0.146052602357892,-0.0417293175983889,-0.308992018321809,-0.31247008664592,-0.0665679891185883,-0.370097791473188
0.31843078067561,0.505218370805279,-0.256830541090113,0.299555727565479,0.203180443528535,-0.136613828740254,-0.0432196503705009,-0.325385485511295,-0.286637901417644,-0.0466969475687028,-0.357678402512594
0.270740679397758,0.521115114086924,-0.222056579969976,0.276704046876442,0.208148180526566,-0.140091271661474,-0.0481874262730748,-0.287134061961082,-0.300050766799828,-0.0308001142853036,-0.303529866368104
0.260805241621977,0.519128021179639,-0.230998455675634,0.301046054594133,0.222554617829421,-0.144562269696359,-0.0715359730182506,-0.312469420380938,-0.275212127176236,-0.0616002287356815,-0.303529866368104
0.2518633476234,0.556882786398882,-0.198708348976177,0.269252411850616,0.192251422104137,-0.139594494104054,-0.0720327506086212,-0.305514616113255,-0.293095947703581,-0.0526582600215623,-0.264781372718325
0.15548960113914,0.638850368654658,-0.114754071584305,0.197219939951551,0.122206330256557,-0.0943877362455193,-0.0745166385616053,-0.226031138845792,-0.318431360133198,0.0288130103692902,-0.0824647426833831
0.125186515948157,0.641334234789262,-0.102831570634669,0.196723164284609,0.135619220158844,-0.0988587342798469,-0.076006971332181,-0.220566649771563,-0.29905722124012,0.0114258489837213,-0.0352710644546336
0.106805956071552,0.647792286738887,-0.0854445900846076,0.193742510279241,0.144064373064723,-0.1028329547527,-0.0799811920555739,-0.225037595373055,-0.289121765392505,-0.00596131238563885,-0.0213613487819198
0.109289815512674,0.631398770242616,-0.0839542774648264,0.184303772609273,0.139593409766434,-0.0968716240378499,-0.0814715248266855,-0.272727681865887,-0.267263762539112,-0.0402388591289985,-0.0347742889251582
0.0983608339623641,0.608050428605415,-0.0839542774648264,0.186787650947621,0.152509525977032,-0.117736281516867,-0.0844521903698734,-0.298063040268007,-0.250373487595069,-0.0968713275702705,-0.0799808648423311
0.0228515069359353,0.650772926097198,-0.044212607641466,0.138103635552874,0.134128899067288,-0.0859425177379969,-0.126678285536185,-0.270740594917359,-0.269747626498806,-0.0725293016413274,0.0248387784001262
-0.0516642763314966,0.718830858108966,0.0129160427093308,0.0914067228117111,0.078987018292296,-0.08395540750223,-0.140588058070728,-0.236960117057578,-0.283160491910922,-0.0576260204683452,0.140587483806973
-0.0576255389867396,0.699456702236274,-0.000496770872642216,0.109290646826922,0.0730257338948243,-0.126181500076715,-0.144065501201821,-0.272727681937935,-0.257825079513058,-0.1197230254231,0.114258379061634
-0.0809738177489142,0.66070839058667,0.0124192718145727,0.0765034527653538,0.0819676605024088,-0.145555824884894,-0.139097725300795,-0.277695399271374,-0.262792807440813,-0.12965854620529,0.139097157066242
-0.16790889817364,0.691508330690742,0.0501738581745039,0.0382517264088162,0.0705418654061486,-0.133633163459154,-0.152013942646249,-0.244908464833789,-0.261799261856478,-0.141581171156724,0.253355536123903
-0.201192614682351,0.678592226796152,0.0710382348583397,0.0308000914000862,0.0760063761078359,-0.156484931178537,-0.174865711799732,-0.251366497373637,-0.263289580233461,-0.183310358463907,0.31644603238306
-0.243914997038972,0.697469609429987,0.100844487263089,0.0248387833977712,0.0561354281080197,-0.162943039448869,-0.172878601438941,-0.246895551766332,-0.263289580233461,-0.196226535485203,0.374568773059905
-0.300050220387194,0.683063185853135,0.120218551322143,-0.006954859297571,0.044212859300875,-0.166420482362075,-0.182317375653944,-0.234476258426371,-0.255341215550996,-0.186787790743365,0.49180780546349
-0.311972745702999,0.649779379677905,0.110779904732045,0.0288129887392816,0.0794837920176215,-0.237459673284106,-0.17039471348205,-0.273721225350233,-0.248386396455115,-0.251865451819903,0.475414211964781
-0.373075687945226,0.670147081955532,0.166915013388475,-0.016890372635273,0.0611031651053358,-0.237459673284106,-0.171388268663018,-0.260805160286522,-0.262792807437899,-0.227523425926965,0.648292107118812
-0.42374642046536,0.696972836244742,0.229508143518182,-0.0397420532885166,0.0293096483328887,-0.224543456736873,-0.136613837355837,-0.229508541020514,-0.258321852308317,-0.236465394638364,0.758576281996311
-0.458520452603495,0.677598680391208,0.260804708561185,-0.0427227072894446,0.0372580275332549,-0.231001565002511,-0.149530054700981,-0.236463345290458,-0.261302489065061,-0.254349332044856,0.852466863167432
-0.5131653602301,0.679585773300299,0.299056065836903,-0.0859421902979056,0.0322902905368731,-0.249879112246999,-0.146052611569888,-0.227024682342174,-0.261799261857555,-0.269749389249293,0.98957691836917
-0.543468445409251,0.660211617505776,0.320913984249387,-0.0720324716119066,0.0486838226623418,-0.304027866114883,-0.141581613257947,-0.261798703641471,-0.261799261857555,-0.355194867809958,1.00199630738065
-0.546449076734338,0.588179499600335,0.312468879399616,-0.0486840152734033,0.0874321712791323,-0.358673397600741,-0.139594502897632,-0.322901626867974,-0.231992894299222,-0.428220945510969,1.01441569643988
-0.612022965884438,0.613018160944049,0.337307423098838,-0.0869357416063673,0.0750128287777016,-0.377054167272236,-0.129162173504603,-0.324391942069179,-0.224044529620401,-0.452562971407359,1.13562893379066
-0.632887385156271,0.603082696397536,0.355687945436937,-0.116245505924366,0.0978644189793865,-0.408847931039225,-0.135620282176478,-0.356682104765998,-0.214605846561561,-0.478395325429538,1.24193890426454
-0.694983871057961,0.620966532563577,0.392945760987139,-0.145058494571888,0.0779934709850664,-0.422757702686994,-0.160459161669103,-0.35171438742784,-0.217089710525249,-0.514659976259916,1.39097157336194
-0.798809195514526,0.659218071008878,0.451564724091455,-0.205168350262672,0.0491805963662058,-0.404873710586625,-0.187285151546217,-0.333333833308592,-0.231496121506272,-0.509195439840284,1.59663665620924
-0.8802797850079,0.682566412671658,0.496770873653388,-0.255839468182172,0.0283161009750547,-0.406364043263001,-0.221066027670763,-0.321908083437541,-0.23646384942841,-0.526582601194848,1.74666287652871
-0.927473114251115,0.65276001901937,0.512170770778412,-0.297071848423009,0.0486838226509259,-0.462996684995291,-0.24689846236167,-0.376056202453936,-0.22503807520278,-0.584705397739453,1.8465147650102
-1.01540173822056,0.681076092965961,0.545454419369209,-0.354697825684027,0.0228515902625961,-0.490319450715248,-0.256337236570338,-0.357675648306656,-0.237457395016663,-0.61451196005462,2.04125078633318
-1.09786587138948,0.697469609474062,0.593641194221848,-0.400401186921287,0.01887740066648,-0.507706665269365,-0.276705117758441,-0.379533604601112,-0.256334761120207,-0.624944256865033,2.21313513195267
-1.30750360749739,0.850972536707506,0.729259643080471,-0.556388745898726,-0.0834579814476762,-0.474422568869669,-0.303034330025988,-0.291605007769563,-0.296076584487586,-0.555892387586179,2.59714264321046
-1.62146343901292,0.961752966429286,0.870342571620483,-0.732744106907276,-0.122206330064467,-0.536022986031407,-0.385499409818968,-0.286637290441092,-0.3094894498956,-0.739699520973652,2.59962652102304
-1.99205526482549,1.0566366530679,0.990064352677601,-0.904628486639153,-0.15052243093562,-0.618488060600074,-0.516151915648044,-0.338301550680438,-0.276702445554374,-1.00001016374371,2.54448443346735
-2.49826581437786,1.19126219812488,1.19274687037602,-1.14208725354531,-0.222057843643954,-0.711385463864779,-0.63587531450842,-0.336314463746764,-0.290115310952138,-1.32887589911123,2.45903903660249
-3.06607607646116,1.35619091024524,1.40288095136166,-1.44810106136241,-0.266767476550806,-0.851476735009545,-0.759572933938561,-0.396423843455074,-0.276205672750596,-1.72281929440594,2.27821273154512
-3.77745341104424,1.56582921325301,1.68007910121954,-1.80031500541968,-0.325386773046509,-1.03478765340509,-0.957290413814007,-0.435172038605525,-0.254844442670715,-2.18929198984923,2.06907021977523
-4.65922349888375,1.79881585826131,2.01639298629208,-2.22754207280305,-0.387483485376785,-1.25138266805203,-1.16096922457511,-0.500249135609311,-0.219573574390658,-2.80678459797632,1.74964353321555
-5.65773497672446,2.06707340285386,2.39046145876418,-2.69947894882595,-0.48485113025278,-1.48437134183975,-1.41283546112492,-0.55390048274607,-0.198709117088346,-3.45060633511887,1.43717170441102
-6.7322525505231,2.32787934912853,2.83755525110701,-3.24146119209052,-0.586689738344912,-1.73574078500066,-1.65128870286598,-0.637358133872734,-0.169896295105602,-4.15056376309318,1.0864481568901
-7.86936337952655,2.58967884199129,3.32290040215081,-3.81871450626263,-0.692502536018204,-2.01492977125509,-1.8976903858981,-0.709886806859349,-0.139096381977997,-4.86890190424428,0.77447310270321
-9.03578374669156,2.84601383010278,3.85841941421317,-4.39497426739194,-0.825637886634164,-2.27524121052036,-2.11329185868026,-0.769996186656329,-0.134625426854018,-5.55743348420284,0.591659694284383
-10.0313145866985,3.03925861716309,4.35121613006801,-4.89473057747426,-0.954799048086525,-2.52661065310276,-2.2648090225054,-0.810731468713135,-0.128167380547837,-6.07159667435474,0.60606618560218
-10.9558070470301,3.19623895842551,4.86785784897569,-5.37461586079435,-1.07799892504154,-2.74618633219645,-2.36267420694088,-0.834079740123392,-0.168902749567885,-6.50081116328638,0.710389054052704
-11.7198421907519,3.26181302500597,5.28812601714235,-5.7660750768739,-1.16543109574272,-2.97569756224714,-2.44662961900748,-0.912072902120931,-0.154993111377398,-6.86395443998067,0.902641197406573
-12.392471308513,3.26529043762668,5.70143939320218,-6.0899728032616,-1.24789552947907,-3.18285380211953,-2.47544271900977,-0.959266216640556,-0.157476975342832,-7.15109098390044,1.19722910713572
-12.9687266809691,3.28565814017776,6.15499121290086,-6.43622543314271,-1.3874889381608,-3.28916419859525,-2.4312295138746,-0.912569673757598,-0.19026397963996,-7.25094296548175,1.77249521257998
-13.3189508507126,3.20716796946465,6.48782770732655,-6.62350985390011,-1.48088239310147,-3.39597137252832,-2.34826765704991,-0.917537391077377,-0.222554211166917,-7.2251106121136,2.38750336232191
-13.5415046489684,3.08794239361171,6.78887086549689,-6.76558769011674,-1.55092748424212,-3.47992677894566,-2.22457003829813,-0.917537391077377,-0.255837988279317,-7.16996847324922,3.05566649859204
-13.7044458224121,2.96275553894267,7.06209485457382,-6.85053632632237,-1.61004355404063,-3.5142044300815,-2.0914336453307,-0.894685891398968,-0.289618538184956,-7.04974867511213,3.81772021856152
-13.809761458759,2.84949124176716,7.29160300579938,-6.89574291044182,-1.6840628346718,-3.53655941994343,-1.94786492311341,-0.850473207212597,-0.309489449886867,-6.89127712295366,4.6329289272361
-13.7844260934331,2.63389165850657,7.40635708165926,-6.85500730720009,-1.65574673406366,-3.60064372421431,-1.82814152490971,-0.895182663142014,-0.287134674248525,-6.80334776641271,5.2613500242521
-13.8306258772583,2.50423384485847,7.59513002035208,-6.88133641661883,-1.69250798753809,-3.59915339155855,-1.6989793525382,-0.895182663142014,-0.310482995497198,-6.65580528685852,6.13021049865704
-13.8077743712697,2.35470510204369,7.75558701843258,-6.86345249322977,-1.71684989861074,-3.59468239358801,-1.56286229385777,-0.867363446139431,-0.329857134385537,-6.47497881326679,7.09544544017159
-13.8023098807023,2.23647307307386,7.91803109996064,-6.85997506368007,-1.753611152074,-3.58325650989287,-1.44164856271785,-0.8201701315915,-0.339295817444667,-6.25838446556823,8.11433214698082
-13.7272973283076,2.08595078451602,8.02086267440463,-6.78098773519751,-1.75261760468184,-3.59219850581829,-1.30801539167991,-0.817686272935365,-0.370095730584512,-6.1163065221092,9.07459933711012
-13.6960007005564,1.95082846557042,8.08693320320662,-6.72236820862183,-1.74715309404208,-3.61008249770247,-1.21760187077303,-0.859911870227896,-0.359663501951691,-5.99260929113517,10.160550760417
-13.7272973283261,1.86637701643957,8.1882744652857,-6.71243269562969,-1.75013373621305,-3.64734081407883,-1.14258845503514,-0.875311793911323,-0.356186092405716,-5.9161057829245,11.345857301615
-13.8286387895791,1.82613838476204,8.31296395950634,-6.74074890761855,-1.76255307858539,-3.66969580390372,-1.11178824462885,-0.863389272337893,-0.369102184998141,-5.82767965007367,12.6856610568473
-13.9707155438749,1.83259643676796,8.4719306457629,-6.80582651755979,-1.80030787936339,-3.69403790395594,-1.0953945842417,-0.850969979023391,-0.369598957790347,-5.72484701235893,14.18592333742
-14.0879537047319,1.76751914352801,8.60804587088348,-6.83066529999821,-1.80279174783566,-3.74570276933491,-1.06956214968883,-0.888227858962243,-0.363637684282325,-5.68411137809718,15.7696439273224
-14.2439400713598,1.77049978291085,8.78638662210889,-6.92107846805327,-1.84998524882446,-3.77302553466965,-1.03975549442696,-0.860408641951316,-0.364631229866904,-5.58227229244587,17.6494427815765
-14.3557137416615,1.71933214022611,8.90114069886205,-6.94591725049106,-1.86637878075504,-3.84356794694097,-1.00945206156178,-0.884253685067785,-0.336315180688654,-5.49881391978175,19.5809063117049
-14.5663450137068,1.71833859376625,9.07103634528034,-7.0417949506899,-1.90363680784323,-3.89572958987868,-0.995542289091579,-0.867860217887314,-0.329857134395106,-5.43771046824063,21.7364156652197
-14.8365889098753,1.77000300969407,9.28415105972865,-7.17542760008049,-1.96473997221721,-3.92305235522757,-0.973684075204072,-0.866369902689238,-0.337308726280019,-5.35772952743928,24.1318676582908
-15.114284384521,1.8176932396002,9.49577546095901,-7.32545384635785,-2.03031409998211,-3.96279455930022,-0.991568068404043,-0.848486120355909,-0.316444268998116,-5.22707743185704,26.7752106947708
-15.2712642948747,1.76404173087978,9.65722600217584,-7.37264753302164,-2.04273344234278,-4.05022740831981,-0.989084180461478,-0.871834391761498,-0.307999131528547,-5.15057392323279,29.4240183002963
-15.44811507986,1.7630481844217,9.87580519663001,-7.46405425235764,-2.1063204752057,-4.06910495526175,-0.986600292518495,-0.82911202280392,-0.306508813151474,-4.93745700624974,32.4538528396262
-15.5067341602596,1.69499025202972,10.0476879269797,-7.49286723995305,-2.12221723342977,-4.11033749199523,-0.911586876660196,-0.827621707606738,-0.27620567282227,-4.69204964712363,35.6525911314248
-15.4645085515234,1.55887438714927,10.1202164780009,-7.45759616894326,-2.10979789107734,-4.16647335528679,-0.831108907298885,-0.844015174780243,-0.272728263276509,-4.40143566865061,38.9715491701171
-15.3547219686983,1.43368753361888,10.2215577410965,-7.41934444397488,-2.1177462701863,-4.14560869812791,-0.715856506593965,-0.829112022813083,-0.280676627953386,-3.96576308824331,42.5920500738177
-15.1917807958994,1.29459102959581,10.2776928525331,-7.33837001326392,-2.14010108640092,-4.1078536042026,-0.587687888479577,-0.788873512424806,-0.288624992627832,-3.42974174754794,46.3839386343733
-14.9672399112112,1.14754615431521,10.2920992085353,-7.22510516508972,-2.1167527227377,-4.06860817768289,-0.487835592987422,-0.745654371755145,-0.284154037489913,-2.91905598484017,50.224511245203
-14.7809504607619,1.03626895114735,10.3129635862644,-7.1431371830838,-2.10979789102043,-4.04625318786633,-0.39444140616006,-0.746151143488085,-0.2632895802163,-2.39495726822985,54.0139160272987
-14.336339637872,0.819675823795807,10.2712348308103,-6.91462038431112,-2.04869472664645,-3.95981389374694,-0.235969354786214,-0.709390035233507,-0.245405759686767,-1.64234157029158,58.1366573692699
-13.7943615270611,0.634379410367161,10.22155774112,-6.67120031526229,-2.03081087364338,-3.7943869688611,-0.0248388785242511,-0.607551829973108,-0.271237944888986,-0.707905839796198,62.4014766123459
-13.1728999159495,0.420270150256311,10.1137584565333,-6.39698015535971,-1.97964318306228,-3.62299871338069,0.193246483993668,-0.518629689792358,-0.264779898585767,0.282168809565,66.6111538110826
-12.4759289802322,0.169399671291125,9.9215081194673,-6.05867593653547,-1.89072069173039,-3.47992677829243,0.421267398427696,-0.45752676658877,-0.246896078050219,1.2921145042679,70.6762693498217
-11.7710096935451,-0.0516644139564351,9.71087725935693,-5.7034813450889,-1.8435271907116,-3.2966158614283,0.627430099039649,-0.387481952195163,-0.228515484708252,2.35471846210307,74.6137135878266
-11.0740387563542,-0.227025362497337,9.53601390391435,-5.34629965054821,-1.78540466838818,-3.11181461186653,0.812728140794467,-0.301540442317,-0.189270434068786,3.49283238362589,78.4334220359874
-10.4207837430689,-0.381521835335106,9.29855741569809,-5.01842771915543,-1.72281118280998,-2.96725234390996,0.971200192810592,-0.220566649766761,-0.1485350650587,4.60759783559538,81.9903361884818
-9.78094156961738,-0.55638601034478,9.04967519715641,-4.679626723192,-1.6169983858152,-2.84256117802375,1.09042681502421,-0.203676410814066,-0.0819675107901414,5.72087296532273,85.2561398132836
-9.17935082965835,-0.6612051605951,8.85345069387371,-4.39447749722977,-1.57328230057698,-2.67763103042873,1.22455676495019,-0.117238129192778,-0.0541482343487844,7.00801971609719,88.4722658965701
-8.45555420908073,-0.840043521433884,8.55886555317555,-4.00798603801621,-1.46945659819218,-2.51965576846439,1.37359004267433,-0.0516642603372813,0.010929001605288,8.36521189511975,91.434539613445
-7.94288563333247,-0.924494969488201,8.28017708146571,-3.7481723700557,-1.4118308494866,-2.42924225359223,1.46151967671826,-0.015896695483758,0.0874320118704892,9.6155972346767,93.9020247420306
-7.52112630957761,-0.997520633254603,8.01887559171033,-3.5146878111594,-1.32737932117617,-2.38502905125227,1.48437144604276,-0.0238450432301778,0.195728480877677,10.8545567326485,96.0267346263408
-7.18133434502168,-1.00298513870082,7.78688358490047,-3.31746787491971,-1.28167614111651,-2.32193830182488,1.4967908858908,0.0178837824667045,0.303031404445291,12.1973424352663,97.9745923606595
-6.92450328406277,-0.958772321861483,7.65623284008563,-3.16942872885012,-1.27621163046166,-2.22556345617994,1.51566843447499,0.0948834014055559,0.389469870644599,13.6871738636732,99.7441076161479
-6.66022064448927,-0.941882032294807,7.4853436533112,-3.03430574969681,-1.23497941368067,-2.16992437002519,1.49977155146321,0.149528292238729,0.499256658336453,15.2624507842158,101.237912333007
-6.374080041999,-0.971688425650151,7.274216024471,-2.88229239786874,-1.17983753335395,-2.12521439007847,1.49033277717825,0.179831368064776,0.633882085934084,16.8769730253875,102.442593562582
-6.08495880800487,-0.977152931096807,7.09885590003101,-2.73723390524117,-1.1102892157892,-2.0730527467873,1.49182310996159,0.21063121562452,0.773972014285057,18.6559281597854,103.354673870442
-5.83557932428109,-0.947843310968354,6.94684400758232,-2.61502709292772,-1.08694085204919,-1.99605222569691,1.48337789086553,0.278192171578927,0.913068397219345,20.5541095676823,104.085431026026
-5.59265787482664,-0.921017556932077,6.79433534432399,-2.4992783641191,-1.07154086745132,-1.92004525970634,1.48039722530218,0.352211160162792,1.06557764569987,22.5814527748166,104.540477631333
-5.3094979026249,-0.958275548557155,6.5986076140972,-2.35819407631677,-1.01987640288324,-1.88378049816506,1.48039722530218,0.3904625837618,1.25931903672536,24.667912349465,104.620458530101
-5.08346669684951,-0.957282002111685,6.46149884867973,-2.2290324045242,-0.981624828209406,-1.83608985282033,1.45158412483987,0.46199771366209,1.43865401674677,26.8631659093309,104.421748222214
-4.86488706892774,-0.951320723447616,6.32389331265914,-2.11229012402109,-0.94138615869838,-1.78492176461719,1.43668079701668,0.538997332589385,1.66120823055186,29.1642327964304,103.943353157776
-4.70393297933205,-0.920520783638874,6.20168767417004,-2.03230924250545,-0.914063605346335,-1.72977945592648,1.417306470857,0.620467897297931,1.87233667019753,31.572603345506,103.195208851943
-4.51019194567216,-0.90611436015168,6.03874682250647,-1.95381868809031,-0.880779767685453,-1.69202436165061,1.36613837868185,0.679086962238682,2.11873597867081,34.0306515329421,102.145521655856
-4.36712164373798,-0.890714390239294,5.9190250384479,-1.87483135792823,-0.844018514090108,-1.67016614919732,1.33831883344061,0.740189885802962,2.37059978853452,36.5229772917053,100.786839942379
-4.29359940522977,-0.846998346635121,5.82463856979831,-1.85496033145733,-0.843521740392702,-1.6339013876237,1.32142839525721,0.819176591862003,2.63339260060528,39.1072066564902,99.1902026477921
-4.28068333630284,-0.830604830290339,5.7083941821988,-1.81323117584274,-0.835573361225306,-1.6686758164971,1.23995686992545,0.873324711074795,2.92847564513114,41.5886033860581,97.2209835526917
-4.3755667655732,-0.728766319315651,5.68603949222936,-1.85197967739143,-0.824644339889776,-1.70643091074008,1.15004012564572,0.953801732438164,3.22008128036744,44.1082519054615,95.0162927612185
-4.51366934849125,-0.645308417622123,5.64927844653485,-1.91904439159228,-0.821663697708018,-1.75759899898248,1.067078267638,1.0074530800406,3.55739001418387,46.5712679723685,92.5557624779572
-4.76006820162108,-0.478392614560339,5.70292970234736,-2.05665124977802,-0.879786220336663,-1.80677997694987,0.975174412914682,1.10283325349159,3.88724715704958,49.0889294363003,90.0390965644184
-4.98609940739646,-0.380031516196228,5.72230376696943,-2.17488385706765,-0.901147489320399,-1.86539972850606,0.873335006429559,1.15499428587305,4.25237516959438,51.5598939714461,87.3147784132231
-5.28913025484049,-0.220070537997233,5.79532908741234,-2.3288843120513,-0.959766785615125,-1.90762582072042,0.779940818981846,1.24391642681228,4.59812904353026,54.0432779375299,84.5308472037935
-5.58321920812416,-0.0914062727609408,5.89716711943522,-2.49580093397031,-1.02434736619847,-1.96028424163499,0.68108207809033,1.33035470924675,4.99902470002624,56.5172231878907,81.618747881821
-5.85147602368248,-0.0198709283834316,5.9652247310982,-2.60807223322572,-1.03279251904364,-2.05169131188474,0.616997768651287,1.38102542653845,5.42724286197118,58.8853551419836,78.5273125549639
-6.1291715050407,0.0665676126516782,6.06308859602257,-2.74915652083628,-1.07303118851573,-2.11825950429401,0.553907014403399,1.47888945898052,5.88129321153868,61.265409745566,75.4458127839456
-6.36166074521371,0.132638451475624,6.15697829378337,-2.858447166174,-1.10283761033578,-2.19526002537801,0.488332372174904,1.58817924146746,6.33037583409569,63.592806100752,72.2942676760539
-6.55440823487104,0.192748011530046,6.25732601295371,-2.98512495972622,-1.14605692201608,-2.2111569071319,0.439151390574909,1.70641091512444,6.83708410491802,65.9991898866718,69.255490701333
-6.62345952617187,0.16492871091576,6.25434538762632,-3.01741537762427,-1.15251498007879,-2.25189266664313,0.468958046093989,1.80079754553443,7.38353420212884,68.3111862233748,66.1491522670231
-6.72380744580064,0.192748011563487,6.34674477287767,-3.06361551393869,-1.19821816014477,-2.23202156442605,0.476409709973313,1.97119025230809,7.93594557519869,70.6549762595796,63.2117175996942
-6.71883972700425,0.169399669973691,6.36115112862937,-3.06212518695997,-1.19573429166021,-2.22904089909757,0.482371041078129,2.09587995891733,8.54498905244278,72.8705980568647,60.1535664853404
-6.6795947485212,0.128167492313308,6.35171248175989,-3.03182187171501,-1.19176010208376,-2.22755056643266,0.503235699926973,2.24044053509125,9.22258718192449,74.9982904873948,57.1018734927783
-6.61700149171787,0.045206363696807,6.34624800198972,-2.99456369723446,-1.19325042317351,-2.2394732277503,0.520622915643309,2.38798174188656,9.95632064292415,77.0107308594557,54.0486902096798
-6.50820845015895,-0.0630901993798981,6.28365487005142,-2.89967954626048,-1.15450207485135,-2.27176376881991,0.569307119641461,2.51416176404775,10.7407249363897,78.8567512222391,50.9562616868556
-6.42375723066239,-0.108793336097264,6.22602944702263,-2.83758258878812,-1.14804401679364,-2.27573798925764,0.596629887207499,2.69896085173824,11.5733161979136,80.6143454324602,47.9726270706688
-6.37358327086223,-0.107303016420722,6.21112632035379,-2.80131796566238,-1.17387624899984,-2.22009890307751,0.634881761807293,2.88723734190667,12.447139609006,82.295436120422,45.1042444379233
-6.32589317043669,-0.105315923520127,6.1982102772497,-2.77896306098437,-1.18480527032148,-2.16595014956684,0.662701306969778,3.10035241948917,13.4168401817637,83.8399133616703,42.2994491235125
-6.29161591075371,-0.0869353142085159,6.21211986212453,-2.76107913723898,-1.20815363405955,-2.1058400653795,0.70691451264528,3.35122214954205,14.4317470897374,85.2055511751975,39.5696669627188
-6.23051296953743,-0.115251388005328,6.20367475703265,-2.70991124423715,-1.22603748714417,-2.07056885897746,0.711385510976842,3.57675652086813,15.5311053868933,86.3421751576951,36.8244847927577
-6.12619087486809,-0.174367401832004,6.13114620728355,-2.60062059901433,-1.19176010210558,-2.07404630186664,0.749637385599575,3.79533608855414,16.7054763904323,87.2398497854929,33.9878959293067
-6.0283268144391,-0.2429221067561,6.04619838558562,-2.49927836419205,-1.17983753337492,-2.04423964856141,0.75808260466767,4.02285754725738,17.9672794264111,87.9899818773858,31.2968623646663
-5.96374647000654,-0.237954374512703,6.01192119435985,-2.43370397694234,-1.1823214018603,-2.00400066657391,0.784411817054541,4.31247547451781,19.2489533857492,88.5751842662036,28.7354872623697
-5.9473529979686,-0.186786732355843,6.00148900571181,-2.40389743730631,-1.18728913882523,-1.93693569658501,0.815212027787882,4.65723506639798,20.5822917310015,89.0039021466179,26.3276158477375
-5.89419840676745,-0.172380308863649,5.97217952336294,-2.33881982563663,-1.20467621821089,-1.89023860640876,0.821173358897561,4.97566575582005,21.995610519847,89.19665132117,23.9748865544175
-5.85992114703278,-0.164431937268696,5.9677085853762,-2.29659389444174,-1.22156652389539,-1.81721230576023,0.85147679205842,5.31446408773219,23.4541356500959,89.2279482232532,21.7200220734376
-5.79484403075194,-0.210135073961648,5.89120586864929,-2.20667749982347,-1.21461169215121,-1.78492176461429,0.856444567985655,5.66915911629147,24.9812154492739,89.0197989853887,19.4979447988157
-5.72777982692137,-0.242922106794332,5.84202555075161,-2.12918049673998,-1.21808910802488,-1.73971500700246,0.87432856132413,6.03527989595817,26.5430693640021,88.6238683349561,17.3955904622093
-5.62594159143831,-0.301044574014914,5.74962616569118,-2.0124382163297,-1.1743730227033,-1.72083745987118,0.904631994482082,6.39394909969651,28.1486393077128,87.9909754276,15.2833006340658
-5.60010945365706,-0.301541347239034,5.70442001496527,-1.94139929669531,-1.14903756416151,-1.66966937161817,0.939903203576028,6.82564375154218,29.7696092257441,87.2860499702585,13.4089663313377
-5.55639352818171,-0.306509079484819,5.67461376171924,-1.89072817915551,-1.16990205941017,-1.61253995266054,0.944870979506243,7.25286745899619,31.4119403931556,86.404272181163,11.6712453286895
-5.57626440341731,-0.288128470218359,5.69299428451248,-1.83856673455498,-1.1867923651096,-1.55093953571222,0.982129298965423,7.74516826615497,33.0363877555785,85.3973067892936,10.0656666456922
-5.54248391551398,-0.302534893720554,5.65225907182704,-1.79485047626516,-1.21610201321119,-1.5097069985438,1.0114391769449,8.22654009632349,34.6881576418532,84.227398802845,8.51324295866247
-5.46747136154788,-0.382018609631887,5.56979510460833,-1.70741795973487,-1.21262459733588,-1.48536489827916,1.02137472880414,8.68853782974448,36.3712242369131,82.8870965800272,6.99310969155411
-5.46300041462083,-0.38350892930401,5.53104697546662,-1.69102436286757,-1.21361814472884,-1.42227414864115,1.05018782919178,9.24045125211798,38.0140522450834,81.4757553678838,5.64833821278878
-5.40338778891733,-0.433186251716752,5.47342155261498,-1.60210151922664,-1.19722461274118,-1.37955127877076,1.05515560512402,9.78839050210319,39.6494286741193,79.9034586733219,4.30952804807139
-5.34129130380651,-0.461005552257488,5.42225415132945,-1.53950778571001,-1.18728913881626,-1.34527362735281,1.08595581589948,10.3676263747707,41.2500310153877,78.2486971384573,3.08746014780705
-5.30303986897295,-0.477895841876016,5.35866747786144,-1.45604947435023,-1.18530204403139,-1.31844763927907,1.10433658684679,10.9602750867859,42.8163560402657,76.4876255077411,1.9458698946107
-5.29360120323062,-0.47441842931237,5.30849361840888,-1.40885578632504,-1.2210697502115,-1.2583375548935,1.13364646486143,11.6319105107748,44.3434360199462,74.6883021256162,0.973183340456995
-5.24243369949364,-0.490811945700915,5.25533913361878,-1.34626205272491,-1.2627987407319,-1.20716946653116,1.17140156198632,12.3030491654989,45.8412064103135,72.7836622033078,0.00496776967374535
-5.20219517713402,-0.526579617831404,5.16194620706595,-1.27571990847811,-1.26478583551622,-1.17338859264862,1.20319532796792,12.9970393239792,47.2813511525365,70.8223898112604,-0.919531548260538
-5.12171813236185,-0.56532792923679,5.07054036415117,-1.19424869948751,-1.22554071342549,-1.15103360258787,1.23151165080174,13.7302744541177,48.6807605278942,68.7741816046086,-1.81869530791094
-5.06906031291968,-0.626431035691088,5.01589556677527,-1.1048290799509,-1.2002052548998,-1.13215605542683,1.27920229980618,14.500767469934,50.017079750205,66.6812635589126,-2.65327824239949
-5.06607968163302,-0.594637549367307,4.97317327063767,-1.04968698125434,-1.2066633129534,-1.0700588607621,1.33384783511722,15.3755825626167,51.2823604520631,64.5908294100001,-3.3646608377765
-5.01838958104314,-0.575263393620388,4.92796712006624,-0.982125490988066,-1.21908265536075,-1.01094233142287,1.39544825677014,16.2638104972137,52.4532543016634,62.4467434535194,-4.03232718250293
-5.01242831846735,-0.570295661385084,4.89518024162056,-0.958777034768838,-1.23646973474112,-0.930464367041354,1.47741655982424,17.2280445181917,53.5536063990791,60.3170640255112,-4.58176094378421
-4.98262200557596,-0.587682724201922,4.86388367584957,-0.886744563407978,-1.23796005583021,-0.885754386857237,1.5484557558198,18.2121494147787,54.5888812464964,58.1108810884719,-5.19229809614733
-4.94834474575539,-0.613514931824132,4.80824533672918,-0.833589567294854,-1.21610201318211,-0.836076631085766,1.62346917255776,19.2538798429724,55.5421885612447,55.9061884993734,-5.7407383038465
-4.94983506139908,-0.574766620356678,4.82463877594255,-0.811234662400662,-1.25485036146357,-0.744172782766438,1.6756308199746,20.3890033744056,56.3757735964667,53.7720381419528,-6.15703621495311
-4.93691899248306,-0.55539246462321,4.80079377346532,-0.770995833550838,-1.25634068255179,-0.692507916736232,1.76057978875744,21.5698299159622,57.1065266314515,51.5777778928207,-6.59221159537288
-4.88376440114868,-0.556882784293821,4.8027808570045,-0.739202190989364,-1.25037939819816,-0.625442946386986,1.87384508046383,22.8132497102261,57.7269960695527,49.4028919329046,-6.99261268657074
-4.85743549140004,-0.526579617688792,4.79185189755322,-0.731253780337774,-1.30651482597246,-0.570300637481225,1.98711037218653,24.1306885089991,58.2088658514005,47.2627803243566,-7.32743940437116
-4.88873211994575,-0.468457150578384,4.7878777304771,-0.725789248019364,-1.32539222644597,-0.460512797118036,2.10832410556751,25.538539784585,58.582935899455,45.1604237200173,-7.59172399455291
-4.84600973814306,-0.454547500294645,4.76353595713676,-0.700950464771401,-1.3388051162422,-0.391957494021079,2.24394438928112,26.9627845422792,58.804496645348,43.0401831913318,-7.87140862678347
-4.79434546243244,-0.511179647805858,4.70640730546033,-0.653756776577859,-1.30750837335925,-0.362150840517369,2.37608722989716,28.4401838921439,58.9579994942306,40.9204394600612,-8.23405477390763
-4.76354560577503,-0.480379707917359,4.66716240557254,-0.61202762071164,-1.32638577381033,-0.326879633820425,2.4968041858954,29.9940861138653,58.9669414077542,38.8548443421605,-8.48045544417315
-4.72777803027265,-0.448089448387442,4.63685938161823,-0.584208183424646,-1.32936641598813,-0.251866222435017,2.65676657217711,31.6294589242424,58.8213869265114,36.8657527654947,-8.68661729457823
-4.65375901982364,-0.472431336306325,4.57724687558772,-0.512672487490539,-1.32588900010985,-0.222059568922645,2.8331226192219,33.3010960893325,58.5441876075353,34.84884174482,-8.95139865872227
-4.55589495908968,-0.509192554879975,4.48137009492223,-0.451569080648002,-1.29310193618481,-0.215104683089519,3.03779498940433,34.9911138287283,58.1358402247827,32.8219952153778,-9.24847043358987
-4.48336626432097,-0.534527989296605,4.43020269386808,-0.424246419035615,-1.28416000965363,-0.163936594507369,3.22557692163618,36.7914149288733,57.5814415900874,30.9228201630706,-9.42879995547978
-4.49379847384141,-0.483360347203965,4.44162842422218,-0.440640015987897,-1.3109857892294,-0.0859425176425905,3.43074607003488,38.6880897825509,56.9107980832065,29.1115744933129,-9.47500008098046
-4.46697279219083,-0.46100555213584,4.42026727622083,-0.428220624338251,-1.3080051470511,0.00794844105685388,3.6542959897293,40.6289773464902,56.1249032507522,27.3177160027132,-9.54802608561132
-4.37656030965088,-0.480876481082897,4.37009341695198,-0.387485019734208,-1.30750837335468,0.0417293151160904,3.88778146176938,42.5892390320479,55.1999119928196,25.5313091666191,-9.66476833791692
-4.30601870237683,-0.526082844467026,4.31892601594435,-0.35718170412852,-1.29012129398728,0.0745166340579804,4.11679593555461,44.5778167329355,54.1775532408243,23.8005412650308,-9.75120728224569
-4.23199969185391,-0.546450546599972,4.27073924030796,-0.307504137484655,-1.29707612574376,0.122207279741138,4.39747528026772,46.593716902459,53.0275238432215,22.1298832848749,-9.78002026357596
-4.12469696522775,-0.623947169447988,4.18032693959052,-0.22603292815315,-1.23994715063365,0.151517155768295,4.67567073710499,48.638429863321,51.7980107816145,20.4800899100499,-9.89626574025007
-4.02633613241207,-0.693495420673576,4.07848890860139,-0.171884380461978,-1.18083108068155,0.168407592801421,4.95982752572759,50.7074846660117,50.4696399128599,18.8511611422474,-9.96382721375375
-4.02236195735008,-0.613514931677676,4.10581130717689,-0.211626433791356,-1.22603748704678,0.278195433558931,5.27478452616676,52.8808615838459,49.0086306800049,17.4134911736228,-9.79939450951637
-3.98560083802054,-0.601592374310397,4.08991463892396,-0.19175540713432,-1.21560523942173,0.348241069562434,5.5922254150002,55.0363547365767,47.4855248424472,15.9867502880438,-9.70252327896315
-3.93443333408852,-0.58917304371832,4.03725692535292,-0.158968213148528,-1.19772138634601,0.415306040199905,5.94593106976751,57.1689964075457,45.8943611277384,14.5803772294788,-9.59919396630132
-3.83954990452887,-0.624940715875551,3.93889629034216,-0.104322889920246,-1.16294722762899,0.453061134824524,6.32695949363172,59.262889896656,44.2505394974875,13.1730106253014,-9.55746482069147
-3.77944050668331,-0.647792284167107,3.87381930470968,-0.0591163042482112,-1.14903756412373,0.494293672359248,6.7164331372825,61.3488350564157,42.5411438565874,11.8292313672506,-9.44469677263588
-3.67809904246611,-0.686540595552841,3.77694898271106,0.0203678025432208,-1.0824698886796,0.512177664527568,7.13919088167716,63.3572838192877,40.821812774569,10.481974686326,-9.36123848168059
-3.60706066316944,-0.707901844146691,3.72280095654299,0.0824647608998739,-1.04670218249949,0.558874755219361,7.59970372494479,65.3453649556397,39.0771462917717,9.18141496135036,-9.26039304660176
-3.58718978783521,-0.674618038210571,3.72329772742525,0.0874325175712763,-1.03378606637818,0.647301161008463,8.08008767422849,67.3692136894457,37.2639251657836,7.97027493375371,-9.00952139771599
-3.57973820958535,-0.608050426296569,3.74118147918345,0.0412323805301999,-1.05216669317255,0.751624448854208,8.60667194208882,69.3110950796113,35.4159299564597,6.79440601168367,-8.74126260458827
-3.57725435016731,-0.560856970136122,3.74912981329098,0.0317936428483542,-1.04719895619292,0.836076634198753,9.1665403115538,71.1695188052492,33.5858185910606,5.66523404508867,-8.47995866930551
-3.53701582763981,-0.58271499200765,3.71087845529561,0.0422259318394139,-1.00944415528033,0.900160939670261,9.77310577864417,72.9270978526343,31.770610436128,4.50824262221046,-8.30260979979542
-3.51118368970998,-0.564334382718126,3.68802699470391,0.0521614451755852,-0.999508681346084,0.976664684192201,10.4323296745251,74.6285416875887,29.9618603478339,3.37062547198054,-8.10886733758036
-3.46746776396256,-0.599108508355054,3.65971105444408,0.0665679395202471,-0.968708712118404,1.04124576720605,11.1059601237237,76.2211924843457,28.1640392839645,2.2508922648794,-7.98367990052297
-3.44511302921296,-0.594140776115106,3.64927886591039,0.0765034528510605,-0.936915195518254,1.12669150789243,11.8218166731621,77.7328694702415,26.3533021459571,1.18282377033378,-7.79440841778832
-3.42275829445125,-0.590663363550811,3.63636282298533,0.0750131258491996,-0.90363135780125,1.23548579401816,12.6176544220165,79.1302889215638,24.5842939476602,0.143071515433706,-7.59122721980695
-3.44014531039127,-0.555392464728629,3.65424657470401,0.034774296745218,-0.933437779672393,1.35073818831262,13.4428020539152,80.4551796770023,22.8073374021915,-0.815209463429281,-7.38059438903335
-3.412326084894,-0.535024762581548,3.63636282297392,0.0243420077273696,-0.930457137487504,1.44363559240683,14.3603503279483,81.6528968247523,21.04776792568,-1.774980766842,-7.17741319103209
-3.36861015911988,-0.535521535804913,3.61003396623075,0.0407356047520487,-0.906115226310571,1.542494327356,15.2982664888142,82.672272852677,19.3348951173653,-2.74071337914168,-7.04527089577049
-3.3144620237909,-0.574269847246504,3.57029229567844,0.0859421904577475,-0.872334614890228,1.61502385155514,16.3295768487683,83.553546284494,17.6712028392729,-3.68657494674585,-6.94094803101057
-3.27273318554211,-0.592650456502168,3.52955708341033,0.103826114490412,-0.877302351869851,1.73425046666712,17.4224876406299,84.3275169788404,16.0199298981224,-4.62051388549115,-6.82271545104429
-3.20566898122906,-0.604076240652064,3.48385416226395,0.12965844915915,-0.853953988107903,1.83956731014083,18.5670633129054,84.937056161217,14.4237987598199,-5.52017527616326,-6.75416042552317
-3.14357249574453,-0.634876180532338,3.42225457297139,0.155490783857076,-0.802786297259518,1.93792926774316,19.7886395256837,85.369744530451,12.8698933268081,-6.41139146965638,-6.67268923584208
-3.13413382995114,-0.616495571275201,3.40784821741581,0.13661330851108,-0.820670150365888,2.11031108248863,21.0703258397697,85.6787366844988,11.353245871685,-7.2171621842425,-6.4486434640104
-3.04620520646719,-0.676108358067042,3.3283648763834,0.210136107317701,-0.779437933441289,2.19774393373979,22.4538515805467,85.7761039871511,9.94737876975601,-8.08652022691608,-6.39598525596426
-2.96274752990004,-0.70293411211764,3.2970683108684,0.234974890697039,-0.756586343331233,2.33535131918371,23.9104036455679,85.7249364760723,8.57380191229944,-8.90967809652926,-6.30755920841256
-2.912573569593,-0.703430885340953,3.29359091469964,0.240936198707161,-0.734728300630563,2.51369446489876,25.4429627011321,85.521259975881,7.2538765317419,-9.67570672153565,-6.13865552209434
-2.90611553509947,-0.674618038363103,3.32041654230072,0.238949096037733,-0.723799279281738,2.72830237306436,27.036625421309,85.1397391175037,5.99902840043233,-10.4044771427752,-5.94292595573148
-2.84998031215206,-0.672630945469564,3.28067487180988,0.240439423040666,-0.722805731886061,2.92949728716423,28.7261662415392,84.5550385332855,4.82316715521908,-11.113873296836,-5.79240296442492
-2.8509738559203,-0.61649557117539,3.3045198741319,0.186787651006052,-0.743670227182595,3.18335062359588,30.4812817284769,83.8555836302227,3.68903483478385,-11.7482562711658,-5.50476992079018
-2.81570305212443,-0.615502024729601,3.29905539444363,0.186290875338255,-0.719825089667879,3.40888763881061,32.3218429901414,82.9156911095517,2.64233453515395,-12.4049941633113,-5.31053068107666
-2.79831603617089,-0.605069787027801,3.29210060210432,0.208149004700284,-0.714857352693338,3.65976031027723,34.2314563645755,81.8083864482392,1.67611143599683,-13.0547771904095,-5.07803972357989
-2.77447098571618,-0.602089147686777,3.3079972702909,0.20864578036789,-0.735721848008331,3.94043963596653,36.2140960757543,80.5480760366939,0.765030123108137,-13.6538890616166,-4.83859390848829
-2.66220053977219,-0.652760016405739,3.25931372400654,0.306510586966695,-0.654747735190101,4.14312488371475,38.2916203429109,79.0463344741336,-0.0566320810771243,-14.3449044932274,-4.77053565811602
-2.65276187396163,-0.594637549286021,3.30451987418044,0.264284655185489,-0.679586420095769,4.47149485633053,40.3756027411673,77.4730577632093,-0.887732964099439,-14.8784419282912,-4.50774139179614
-2.6547489615012,-0.570792434576288,3.32637779294772,0.262297552513968,-0.680579967492463,4.78943250082415,42.4968434871978,75.7621752402536,-1.64779533424295,-15.3826695778139,-4.25388908503007
-2.64431675192357,-0.552411825304922,3.32290039677955,0.264284655184417,-0.668657398735435,5.1043894800778,44.6583232473208,73.9161707687523,-2.32241278116898,-15.9405490349446,-4.04673367997784
-2.57576223184342,-0.584702084846046,3.27173299601569,0.310981567969955,-0.61848325518506,5.41934645990897,46.8342095833514,71.936534668605,-2.92797880821284,-16.4770671227765,-3.91906236303212
-2.56781388168444,-0.579734352611271,3.27272653777701,0.321910632661636,-0.586192964795639,5.77404564593688,49.0180443845858,69.8833763468077,-3.49827396531722,-16.9832818729673,-3.72382957099411
-2.51465929004471,-0.59513432256724,3.23993965959148,0.397917309754591,-0.536018821303529,6.14414493774909,51.1830016550159,67.7119863271832,-4.00895638596986,-17.5222838391934,-3.62000348017411
-2.5409881999238,-0.508199008355379,3.28961674772088,0.370097872378306,-0.567315564285103,6.58975442121902,53.3126877299017,65.5778542242776,-4.51318075873244,-17.9470273229711,-3.3457833745105
-2.43120161327897,-0.617489117322076,3.17088850743983,0.463988473782526,-0.4475931027832,6.95190527240863,55.4080961628418,63.2296134644577,-4.93096666710828,-18.4934809258752,-3.32392525019156
-2.40040175641809,-0.612024611862292,3.15052090132802,0.475911089808895,-0.384999616765532,7.38310820751875,57.4617752884845,60.9091919536032,-5.36315898416183,-18.9445535357951,-3.17638291071831
-2.47243367974128,-0.502237729463484,3.22652684608858,0.393943104552862,-0.417289907196918,7.93055709608504,59.4424281081584,58.653350816808,-5.75859011479547,-19.2565288645504,-2.84652394281543
-2.45156926057224,-0.50869578137464,3.20069476026256,0.410833477254282,-0.34277385237689,8.455154217554,61.3823451721257,56.2877231198106,-6.09788592035224,-19.6862401051415,-2.71090421640637
-2.41480814107218,-0.532044122861566,3.15499183923063,0.45057553072349,-0.285148103277825,8.97627389716393,63.2666231477555,53.8883149641442,-6.39445926692267,-20.1437708009417,-2.63787820987842
-2.41878231614973,-0.478889387839478,3.19423673887743,0.450078755055858,-0.256335228749009,9.62357508369926,65.0624747008073,51.5405711087975,-6.69649711334039,-20.4840623603724,-2.4491034987602
-2.42275649123043,-0.441631396056283,3.22752038790329,0.422756093305955,-0.248386849559854,10.3031668146368,66.769403052085,49.1719628669611,-6.9871091855956,-20.8288249033049,-2.23996098984079
-2.39493726566011,-0.434179797701634,3.22851392966466,0.448091652387693,-0.171883699790179,10.9748101057517,68.3898920880425,46.7869611849459,-7.23003107136834,-21.2187940610615,-2.17041241216026
-2.33284077999955,-0.478889387824159,3.17784329984605,0.484356276203963,-0.0809741127098689,11.6707955009934,69.9239418064271,44.3497984884813,-7.44513368150564,-21.6201890661257,-2.17041241216026
-2.2707442944046,-0.517637699351626,3.14207579638059,0.526085432283395,0.0307999696175477,12.4427878700618,71.3491972054174,41.9349905476089,-7.6373847436661,-22.0012162553577,-2.15252849212231
-2.34128590215178,-0.384005702391311,3.2752103922243,0.451569081925258,0.0283161011135516,13.3747426236117,72.6547291716471,39.7074656258511,-7.8663969909228,-22.233210644971,-1.89271487661051
-2.30452478263792,-0.398908899096034,3.24987507733334,0.489820808392809,0.134128899401373,14.2729165043762,73.8306021484988,37.3880379401983,-8.00996432129625,-22.5690312171059,-1.85694703660848
-2.29061516986958,-0.392450847170047,3.2677588290832,0.51118216209273,0.212619143935527,15.2883299028159,74.8743322442694,35.1307067537434,-8.15899615196381,-22.861135502278,-1.78988233628201
-2.26279594429191,-0.402883084867948,3.24689445209395,0.566324261308878,0.317935168608416,16.3340467373325,75.756609568538,32.901691590961,-8.2662990699694,-23.1641688582485,-1.77348874293049
-2.26031208486487,-0.353205762520196,3.2702426834778,0.561853280289515,0.419277003679417,17.5044547535114,76.4575630084055,30.7387471045481,-8.39496321697352,-23.4145439585909,-1.66171424273393
-2.2116284401344,-0.406857270766073,3.20516569802908,0.59811790406014,0.568309114049108,18.6932435481529,76.9915991172148,28.5713316921382,-8.48537586070292,-23.712609554284,-1.68059171390926
-2.26180240049024,-0.367115412781754,3.2250365332945,0.575762999020745,0.681076744174233,20.0211300787345,77.3532533386404,26.546986581939,-8.60658841580774,-23.9048618636224,-1.58918501112958
-2.20119623042273,-0.434676571088132,3.15350152660061,0.63487930367389,0.846999161028596,21.3882620438185,77.5152028939985,24.5067448019656,-8.6676914662616,-24.1621918268111,-1.59166888890718
-2.23298963109443,-0.408844363474888,3.17337236180847,0.625440565961739,0.991063534940062,22.8686593124169,77.4963253384488,22.6542827785105,-8.74717510901367,-24.3271214557372,-1.47095242870914
-2.16493188275839,-0.470941016395488,3.11525016881191,0.720324718810827,1.19275365858921,24.3301790403376,77.3343757828697,20.7501565071297,-8.78343952100221,-24.6301548093924,-1.58123660207479
-2.00348101975115,-0.638353592361165,2.93989004834988,0.893699427754055,1.5022436768341,25.787227777261,77.0025282277015,18.8187078078354,-8.78691693037182,-25.0121755447768,-1.89122454838153
-2.03378410475855,-0.612521384732059,2.96572213412137,0.892705876416279,1.67015318901234,27.4742845616977,76.4848857848018,17.1465739916485,-8.82963938830171,-25.1562405817374,-1.80726947928884
-1.96125540952164,-0.660708387510378,2.88276139697071,0.956293161988247,1.93692066825376,29.1235862610558,75.7923775665856,15.4823885356115,-8.85249093555057,-25.3768091213421,-1.87334062850067
-1.96125540952164,-0.649282603364752,2.88574202225358,0.954802834980338,2.17636559457407,30.8851597129818,74.9607715740602,13.9369315488522,-8.87385216451389,-25.5243515900524,-1.80677270387302
-1.92946200884022,-0.679585770012656,2.84401326830989,0.991564234503572,2.43965565895293,32.6328234041322,74.000996919965,12.4555581322263,-8.87037475514872,-25.6982231860395,-1.82565017505206
-1.85941717293814,-0.728766319102139,2.79980065999464,1.0760160983426,2.75262309475821,34.395887214086,72.9299440502881,11.0119393822292,-8.86640057301727,-25.8934561492957,-1.85048895289282
-1.7695014617554,-0.775463002224984,2.75757513507894,1.16195828896867,3.08496470484343,36.1495122648501,71.7421484111347,9.63737191398079,-8.83460711602755,-26.104585944672,-1.90712136661056
-1.81123030017357,-0.699456699113062,2.81768441152004,1.15053244855943,3.37458377746136,37.9806346365436,70.4703973373728,8.43369394380869,-8.84801998073075,-26.1666829431152,-1.76206290398909
-1.79483682795576,-0.709392163583939,2.80874253567409,1.17338412934414,3.71238990013618,39.7481694844557,69.1176714959512,7.22703534794954,-8.82169102411194,-26.2670316927136,-1.68903689692237
-1.79881100304464,-0.685050275663756,2.81768441150885,1.17884866172136,4.08944114722948,41.5241495621751,67.6645965552279,6.09836992805763,-8.79734915853947,-26.3231673791361,-1.57974627467027
-1.87730096115168,-0.58519885813251,2.92200629601995,1.10582263799413,4.40936341889625,43.3443428612386,66.1434630728608,5.10731029105276,-8.81026525047726,-26.2675284687531,-1.28118416619558
-1.82563668505803,-0.588676270700055,2.9071031696093,1.16891314804425,4.83807913315947,45.0209674364504,64.5895422701238,4.05018001355613,-8.78890402152627,-26.3589352503953,-1.23995179488213
-1.82762377260073,-0.570295661407586,2.92150952513801,1.21014552864408,5.29213030807317,46.6618240319572,62.9978663713358,3.06905581805975,-8.76456215597747,-26.4314645445259,-1.12917084535361
-1.82315282563087,-0.560360196927426,2.92945785922779,1.25783599295416,5.78343951338266,48.2127638818293,61.3694289317257,2.13611848643083,-8.74667833638217,-26.4612711037559,-1.0432286737463
-1.8380559822038,-0.520618339018455,2.99006390665045,1.28168122511471,6.30703901139962,49.7358841926202,59.7017460642934,1.27918723483203,-8.73078160784625,-26.4548130159265,-0.879292739351796
-1.86438489216893,-0.480876481178446,3.02980557704179,1.29757804658449,6.86193525626266,51.1318294285384,58.0335664318175,0.472926705646525,-8.69749783245748,-26.4274903366819,-0.730756847500033
-1.82861731638691,-0.513166740716122,2.99850901157289,1.37855248087649,7.52959913731638,52.4150061429991,56.3549544809754,-0.345256342648033,-8.63738832766734,-26.4726969514607,-0.697472885067289
-1.78043044344729,-0.537011855451318,2.978638176366,1.44859785044801,8.21912106491079,53.5720013350769,54.6659102121782,-1.12965890947832,-8.60857550718023,-26.5154196863003,-0.63289206239907
-1.71336623884153,-0.550424732478586,2.94932869445419,1.57229499255587,9.00899128840407,54.6385829961814,52.9972338421449,-1.90213895179459,-8.57678205007458,-26.560129525101,-0.629911409044917
-1.6944889071654,-0.53949572156529,2.94585129829575,1.66320494051262,9.8102873115821,55.5983574612282,51.3225961533581,-2.55489700421007,-8.54796922955419,-26.5367810537724,-0.488827150528927
-1.7536047615751,-0.463489418309305,2.99453484458489,1.69946956450594,10.6349317028295,56.4552989520185,49.6698166980679,-3.13214575241746,-8.52760154610919,-26.4617678797571,-0.271239455272738
-1.72230813275124,-0.463489418309305,2.9885735940237,1.78094077463909,11.6160598245631,57.1045873756846,48.0458503621404,-3.73622017141737,-8.47245976892062,-26.4339484245099,-0.187284385763537
-1.64530849039075,-0.4873345330636,2.96472859177485,1.89768305753738,12.6702136908931,57.5909327225949,46.4690779210605,-4.34575907757319,-8.41433735511666,-26.4304709926044,-0.143071360927967
-1.56334112917741,-0.542476360861509,2.92200629607899,2.04075445117367,13.8068320053298,57.921786656625,44.9250928204069,-4.93989805827241,-8.36316976005536,-26.4821356951858,-0.156981076583692
-1.47938668040199,-0.573276300748362,2.86686472833454,2.20021944200362,15.0383341110087,58.081749069519,43.4332693903217,-5.4982694742201,-8.3169698926601,-26.4602775517509,-0.140090707524915
-1.47938668040199,-0.50472159577484,2.88425170915529,2.30454233322356,16.2991458756602,58.131923615156,41.9638009669557,-5.98609930410763,-8.27424743459905,-26.3976837773692,-0.006458081666529
-1.43765784194433,-0.485347440058959,2.87829045859527,2.45754924066483,17.6612994962213,57.9968000863102,40.5559329877139,-6.48038716458813,-8.22009920282196,-26.3435351948222,0.0864389480423412
-1.4227546853519,-0.457528139531593,2.89816129380216,2.61304002650765,19.0974724151986,57.6927721470099,39.2245687820845,-6.92003013501804,-8.15502197015551,-26.2685220208113,0.171387568880881
-1.38201939064095,-0.425237880005124,2.9359158806795,2.75909207483529,20.579348532762,57.2223236858511,37.9195338017257,-7.32489908414027,-8.08895119190999,-26.1925152948027,0.299058887881196
-1.36363883084144,-0.399902445590524,2.96025765380106,2.90415057191452,22.1575987719328,56.6028419225304,36.6731185969101,-7.73225189140539,-8.02784814132795,-26.0792503697512,0.429214084817746
-1.26478122551305,-0.455044273473822,2.89617421024076,3.15750616609577,23.8610360119886,55.7459004317401,35.49525871941,-8.16195942547653,-7.92948713311429,-26.0643470901188,0.37506554860814
-1.21858144005624,-0.451566860906276,2.90312900256232,3.38502942548251,25.5754022928877,54.8055002953598,34.3735347254732,-8.53404143926032,-7.87235826465961,-25.9913210199482,0.45852384283521
-1.18231709230633,-0.452560407353709,2.89816129376401,3.61453978796105,27.3543491808787,53.7036474199085,33.2930432847153,-8.8837687250148,-7.80082298584785,-25.9083594300577,0.504723969993433
-1.13959471002352,-0.398908899228163,2.89865806464368,3.83163075880151,29.1650896092239,52.4900195739847,32.267694171289,-9.2046832507141,-7.70047488633032,-25.7677718256687,0.644814678019512
-1.11723997510919,-0.373076691584573,2.91207087840553,4.0725669623975,31.0006687434912,51.1318294326588,31.3079197151768,-9.51317848361165,-7.62496542536005,-25.682326355695,0.728769747920829
-1.04123387647772,-0.416792735364989,2.89766452286727,4.37609690148583,32.8898994633466,49.6380189968419,30.4077585837353,-9.83608009562023,-7.56088173805902,-25.6172487012118,0.73870525916537
-1.00099535363304,-0.399405672525869,2.90809671134846,4.65776871153744,34.7940334199771,48.0344207074639,29.5508171130157,-10.1068206773346,-7.50424964224693,-25.5084547597777,0.819679675714972
-0.968208409107773,-0.420270147925293,2.91902567072056,4.97173094108249,36.7110835131612,46.3498476717567,28.7410695233788,-10.3865031495366,-7.43569499992097,-25.4006543702433,0.874821763079221
-0.933931148888131,-0.42623142661132,2.90909025311443,5.29562868485471,38.6564497346877,44.5589642297001,27.9854707019075,-10.6532695569324,-7.3661468120054,-25.2958346366116,0.905125072353259
-0.834576771429501,-0.467960377393457,2.89120650143043,5.6890750248886,40.6127450018039,42.6572993853288,27.3078659754988,-10.9597777003442,-7.30355344287949,-25.2610603174142,0.837563595996957
-0.759067444561999,-0.44610235554936,2.91753535806243,6.05370837607906,42.524330645118,40.7397376714329,26.6436742485453,-11.2007119784145,-7.24741811974462,-25.1626986716181,0.913073481385485
-0.705416080730607,-0.447592675221244,2.91952244158332,6.44665794173216,44.4175356769261,38.7342463298952,26.0217086241029,-11.405878693336,-7.1664441580274,-25.0623499217849,0.952318750790198
-0.665674329729441,-0.437160437520558,2.94038681854441,6.85302045169358,46.2645407621262,36.6880192395692,25.450414322372,-11.6085615493289,-7.10087015217471,-24.9297107325872,1.02286088059305
-0.65971306708126,-0.423250787240533,3.01837984680323,7.26037651341263,48.0569007440335,34.6174500605177,24.9287977874613,-11.7481543986855,-7.06162510318577,-24.7642843278263,1.14606122021007
-0.61003587833257,-0.421263694343387,3.03427651497694,7.72734565885187,49.8462801007205,32.4659061474191,24.4265555823938,-11.9473598525077,-6.99456077900498,-24.6381032262857,1.20517751220197
-0.560855461484729,-0.42424433368831,3.05116672491937,8.23356008508294,51.6108207829478,30.2880330398537,23.9526297047173,-12.1227202642326,-6.91805777213029,-24.5074511408206,1.24293245496697
-0.519126622931179,-0.430702385601881,3.08544391568112,8.75914876458287,53.2844518691776,28.0997276215249,23.5408010339639,-12.283177524696,-6.85198699343462,-24.3767990552778,1.30006164471379
-0.443617296031062,-0.406360497633611,3.10332766739366,9.32100207104853,54.8840636646511,25.9248352178907,23.139404694738,-12.4192929715667,-6.79436135183654,-24.2287598099077,1.37855218369276
-0.399901369906018,-0.391457300914962,3.14704350489709,9.92955229455359,56.3833271563406,23.7325556183269,22.775266679687,-12.545472984256,-6.74716793843941,-24.1040690361538,1.45455884481919
-0.384004669486939,-0.370096052311987,3.18380455004247,10.5808252311434,57.8155261915738,21.5482244817491,22.3897672266391,-12.665691736146,-6.64831015655334,-23.930694215435,1.56086881504984
-0.353204812429268,-0.359663814604615,3.22106236608968,11.284259617535,59.1617833577895,19.3673708061326,22.0683520905616,-12.8037942694868,-6.56882651284641,-23.8005389057576,1.61551412698536
-0.333830708803644,-0.31992195664683,3.30203601973166,12.0333973704933,60.3952728655965,17.2193044714134,21.7628338395067,-12.932458140485,-6.50374927951878,-23.6261705325663,1.72828217991903
-0.314456605174509,-0.296076841880437,3.38797738220292,12.8302255934307,61.5090398779237,15.096077035613,21.4821544710478,-13.020883503487,-6.43171722733155,-23.4642215590351,1.81521790353944
-0.244411768983698,-0.297070388329355,3.40337727953797,13.7442928852793,62.550277911985,12.9465204055386,21.2148880992864,-13.1659408405789,-6.35869162959469,-23.3748018803308,1.8177017813605
-0.214605455701249,-0.296573615105035,3.49826051795949,14.6802183130589,63.4404966941543,10.8933386463068,20.9689831666001,-13.2359856505549,-6.28914344126434,-23.2307368423611,1.88476648252777
-0.165921810673928,-0.283160738049118,3.58916958936241,15.6851955697237,64.1950962127051,8.86847322758236,20.7583494467245,-13.3278884152941,-6.20816947905182,-23.1120073800732,1.95332151032474
-0.117734937521539,-0.275709139687108,3.66169813812216,16.7676698424851,64.8135796912954,6.86149181895533,20.5462253939846,-13.4431394498815,-6.11626651575972,-22.9858262777989,1.97865706408004
-0.087431852339008,-0.269747860996146,3.74366533367354,17.9276411328843,65.319792274557,4.88183319233673,20.3499982260743,-13.5265970956812,-6.0293312802052,-22.8780258871629,2.00399261785335
-0.0576255390411825,-0.263289809081024,3.82960669631361,19.1263609357278,65.6749855991563,2.97371055171931,20.1637066110647,-13.6130353716325,-5.93593799855389,-22.7384318329403,2.06459923669377
-0.0293095414021275,-0.240438240780926,3.96472837634081,20.3643260295102,65.8513403272187,1.11576246104908,20.0141765416753,-13.6338997830442,-5.8723510832554,-22.5898958107961,2.17736728971868
0.0124192972346161,-0.227025363719995,4.08693401345723,21.6927043126551,65.9114499669588,-0.691017528077379,19.8706078040117,-13.7019575059597,-5.78789971139258,-22.446824324568,2.25089007323728
0.0561352234029323,-0.224541497594814,4.2131138179381,23.0866569999291,65.8170629294408,-2.45904885456395,19.7459166166838,-13.7342476665054,-5.71288702227309,-22.3529336615769,2.27324497365859
0.105812412243728,-0.230006003064812,4.32538403767027,24.569532552991,65.6089146732786,-4.16150553165349,19.6167544307248,-13.809260193241,-5.63986142421384,-22.2605333265156,2.31149669214669
0.144063847668479,-0.228515683391415,4.4754088445801,26.0871824193425,65.2492503834712,-5.79540689408847,19.5069665727063,-13.8554599613412,-5.53951332338921,-22.1482619516897,2.33633547037077
0.18132173930661,-0.212618940206179,4.60158864924388,27.6823293129541,64.7301216796233,-7.40446936879463,19.4095981557337,-13.9140790219843,-5.43618458589383,-22.0439389926417,2.35869037079958
0.199205527292538,-0.19324478444167,4.77446491730164,29.2968504736636,64.0728898390449,-8.93156353822213,19.3067651847911,-13.9369305201785,-5.35918480550299,-21.9152740098606,2.4163163363386
0.208644193175383,-0.159464205163119,4.96125077009976,30.9570750167903,63.295935496791,-10.3831475115291,19.2118806560584,-13.9508401277563,-5.29460434450151,-21.8069768428338,2.48834879323321
0.24242468160597,-0.13661263683007,5.15399787367544,32.6610158411066,62.3932973679397,-11.7746213943272,19.124944569612,-13.9657432787555,-5.21710779127376,-21.6862602758094,2.54746508547012
0.280676117041394,-0.1236965329931,5.36562227109799,34.4330149583819,61.4181302577902,-13.1462241671713,19.0390020384602,-13.9900850920309,-5.13265641910743,-21.5764727806596,2.55143928998935
0.279682573264204,-0.067064385345782,5.59314333730227,36.1861366112924,60.313305174017,-14.4229424242016,18.9664725035358,-14.0054850147257,-5.05714695686846,-21.4478077975536,2.60956203117312
0.282166432708409,-0.0516644153750081,5.8350707593013,37.9849616518816,59.0981962986241,-15.6683636903807,18.8919558580872,-14.0159172204076,-4.98461813127252,-21.3265944544139,2.64135566735581
0.318430780593299,-0.0521611886000708,6.07054016032159,39.8294900797694,57.8070810315609,-16.8660943072396,18.8323425417052,-14.0636073035801,-4.89917321344456,-21.1959423672307,2.66072991440368
0.32886299025867,-0.0139096502763724,6.3566801921947,41.6163925331593,56.4071722994124,-18.0379924868633,18.770742114843,-14.0521815544928,-4.81124443167401,-21.070258039959,2.70643326643975
0.340288743705202,0.0163935164419307,6.64580084971283,43.4301208959424,54.9501345826064,-19.1582257984521,18.7026835787204,-14.0556589563885,-4.75063815265904,-20.9326510887098,2.7481624139114
0.3591660754834,0.0526579618840998,6.9791341170062,45.192184593365,53.4483872326537,-20.1940069271555,18.6535025927728,-14.0422461204938,-4.68903832807143,-20.7995151212919,2.79634964379218
0.3840046699232,0.0923998199257391,7.29756425830823,46.9527579789454,51.8860334858731,-21.2188589457218,18.6127668266487,-14.044233207292,-4.61750304789863,-20.6663791538554,2.82615617774347
0.423746421036306,0.126180399265644,7.6721295108816,48.6755764199938,50.2744991421106,-22.1975106512852,18.5874311672187,-14.0298268280148,-4.5474580860617,-20.5198302344246,2.87831761217522
0.495778345002706,0.0884256342087728,7.99900475774968,50.4252207731067,48.6778680258103,-23.1965302300303,18.5571277314585,-14.0874523451074,-4.4565486673827,-20.4458106107342,2.81324001316583
0.477894557001808,0.142573915776767,8.43417606083118,52.0362646900247,46.9709531337727,-24.0668844302334,18.53228884969,-14.0581428148334,-4.40488429831233,-20.308203659118,2.89620153264802
0.499255748217503,0.174367402250847,8.88027632472252,53.6507860501845,45.2625479372128,-24.9382321825939,18.5303017391478,-14.0119430467137,-4.35769088423537,-20.1874870913538,2.89868541047939
0.537010411790759,0.20168992964973,9.35717638479843,55.1992362432032,43.5735169343009,-25.787721721154,18.5004950810444,-13.9816399730511,-4.28764592222338,-20.0811770276239,2.87086597881734
0.501739607683045,0.28713492455568,9.91505010325441,56.6016343580269,41.8492150082796,-26.5522623038212,18.4682045347434,-13.9051371312403,-4.24989119094743,-19.9276732437097,2.97171141882035
0.525087886469,0.32091550391995,10.4793818446863,58.02290996395,40.1542227542422,-27.2879897882843,18.4627399807565,-13.8713566556397,-4.20716873183685,-19.8293115958382,2.97568562334915
0.516145992467053,0.383012157185494,11.1008422411237,59.3140303155462,38.4269402172867,-27.9939106201917,18.4617464254863,-13.8281375177502,-4.15202695319301,-19.6996530598513,3.02039542428845
0.510184729799173,0.452560408916307,11.767508792258,60.5395762661529,36.702141567177,-28.7107605553715,18.4483334293393,-13.8003183025325,-4.116756085784,-19.5848978037829,3.02784705778341
0.494784801244456,0.52657961974531,12.5121683779261,61.6513605601745,35.002181622985,-29.3670036332931,18.4552883162328,-13.7471637306112,-4.06211107988491,-19.4766006357172,3.05566648950315
0.460010769018062,0.615005254190388,13.29905349357,62.6473960919836,33.319112003841,-29.9979110571382,18.4170364383293,-13.6492997055921,-3.9985241639141,-19.3429678914858,3.10136984166563
0.405365861168134,0.76950172747384,14.1867831041802,63.475521400603,31.6121972558725,-30.5756632861183,18.4264752133973,-13.5300744976313,-3.95927911416371,-19.1765479313799,3.19426687236399
0.423249649169032,0.841533845400456,15.0769965754373,64.2673820753046,29.9981792230835,-31.1911706041429,18.4264752133973,-13.4823844143821,-3.88774383364201,-19.0637797791284,3.19973140359698
0.364133794440652,1.01143028966823,16.1177316393888,64.8302290929277,28.3603160658434,-31.7068256447483,18.3892168907658,-13.3845203890892,-3.85147942062686,-18.8700371382849,3.37310607683238
0.38946916080832,1.10581720280968,17.1241895116614,65.3548243750255,26.8118721975217,-32.2661971025268,18.4105783290688,-13.3512366851775,-3.81074405250978,-18.77714002615,3.37260930126726
0.387978845142566,1.19672670363508,18.2021824042493,65.7343611127852,25.3031702472945,-32.8171233425059,18.4200171041362,-13.2911273092645,-3.74765390926132,-18.6668557536281,3.37062219899729
0.377049863581277,1.32439742325745,19.3358136440715,65.9668522043453,23.8461327803858,-33.338242931527,18.4339268779238,-13.2230695861907,-3.67760894698878,-18.5257713691349,3.40241583525031
0.366617653915179,1.45107459656248,20.5325347974593,66.0672009233599,22.4288372269794,-33.8226009852516,18.4478366517108,-13.15302477631,-3.63588003329641,-18.4229387366657,3.44166110502921
0.386985301367892,1.54446796358184,21.7565783589273,66.0582589582897,21.0875480704806,-34.2905653806577,18.4687013123877,-13.0963928023549,-3.55838347928448,-18.3369964882684,3.41582877558945
0.431694771383863,1.62991295899939,22.9766477599377,65.9479747224177,19.810839511467,-34.7466071155775,18.4677077571171,-13.0616187832648,-3.49380301753106,-18.2391316158044,3.39893840632736
0.449081787492814,1.76751914377626,24.277194060573,65.7060448901122,18.5634406142258,-35.1544614336694,18.5168887430061,-13.001509407255,-3.45108055822377,-18.1402731911719,3.40142228416466
0.448088243714501,1.91208015370305,25.6537463214792,65.3235274964484,17.3701900644651,-35.5543673107452,18.5432179576926,-12.9304710538417,-3.41531291786258,-18.0240276064387,3.44911273856021
0.457030137718319,2.08893142372817,27.0238405695756,64.8282419889575,16.2241330279099,-35.9254600930681,18.585444056717,-12.8365812021137,-3.36960982180925,-17.9241756297899,3.47444829247411
0.480378416464864,2.22455051632079,28.3889671223659,64.2619175405632,15.1575598005548,-36.2970496531673,18.6465477058683,-12.789884661958,-3.31844222522591,-17.8352527248981,3.44215788046282
0.453552734429071,2.44561460423965,29.8291060910693,63.539108704006,14.0726059482741,-36.6120065784803,18.6912576930863,-12.6860593762669,-3.28813908546298,-17.6842328199395,3.52660972667316
0.497268660650438,2.6478013098569,31.2295033966634,62.7601642034169,13.0651488068905,-36.9274602810961,18.7245417946743,-12.6184984246124,-3.26081658240553,-17.5560646107193,3.58175181472331
0.545952305812914,2.82514935374594,32.6299007096904,61.9191227256306,12.1093561386105,-37.2364558758357,18.7618001173664,-12.549943929604,-3.24342953498625,-17.4631674979582,3.59168732606062
0.596623038505459,3.03776829754968,34.0298012618859,61.0110165157484,11.2176472871445,-37.554393464873,18.8005487729658,-12.4734410873273,-3.18332002817004,-17.3558638810158,3.59516475503133
0.583210197498704,3.3239096802789,35.4719273565214,59.9826905611914,10.3244481197356,-37.7958273214309,18.8368135403835,-12.329377293212,-3.15798461620154,-17.180501951285,3.75761036560353
0.560358690594636,3.64482518983708,36.9408790922515,58.8500416898659,9.44714571550942,-38.023848185711,18.8840074157924,-12.177861923616,-3.16245557125426,-17.0016625894431,3.89770107570887
0.590165003944024,3.90215372584062,38.3318377968651,57.7253412374291,8.65181098033952,-38.2921080258263,18.9063624094174,-12.1068235699176,-3.11526215677291,-16.892371868287,3.9131011183056
0.613016510852237,4.21263699839106,39.6780871231441,56.5400341425505,7.91509554757063,-38.5260902192053,18.9321948465012,-12.0347916728431,-3.06260424165374,-16.7522810346819,3.96029479722359
0.634874473982138,4.53752669547137,41.0302977103473,55.3134946623412,7.18583172389412,-38.7456658655417,18.961007949415,-11.9548114284317,-3.04670751256164,-16.6102030970683,4.01643043637871
0.735222395577751,4.83062290629488,42.2747090059014,54.1112972058221,6.50723882340844,-39.0109450400319,19.0106857130872,-11.9140761486326,-3.00199796201741,-16.5635061524727,3.95830769486299
0.769996427850256,5.19674478354397,43.5230944747764,52.8365704870959,5.86143299025748,-39.2171076940037,19.0459569252949,-11.8082637755811,-2.94387554624873,-16.4581896392618,4.00599814931885
0.812222038455963,5.59813756191918,44.7312415027961,51.5454501776007,5.25089809346851,-39.403896026241,19.0986153547835,-11.7173545535104,-2.88923053999632,-16.3752280461199,3.99705618908628
0.82911228271157,6.07354955348966,45.8887178953661,50.1907425723489,4.65625995713771,-39.5996263527311,19.1453124526536,-11.6184969842087,-2.84899194446907,-16.272395412873,4.0223917430142
0.867363718223343,6.58572276692389,46.9831043791847,48.8156671696806,4.06708633371769,-39.7610790330891,19.1925063281622,-11.5161620129147,-2.82166944129743,-16.1596272593839,4.08697256684332
0.969698727513878,7.07405086606232,47.947833640887,47.4857983737778,3.5285836314254,-39.985125675633,19.2327453167421,-11.4893363407927,-2.78292116409289,-16.1054786745996,4.02338529407837
1.06160152710855,7.63888204732642,48.8370537167462,46.1519553825767,3.01790025851199,-40.1570106830383,19.2844101909988,-11.4297237360476,-2.73026324894962,-16.0100976810914,4.01543688497348
1.11773675065101,8.29462273440129,49.6696419026684,44.7808542152978,2.51218462392213,-40.3045535938537,19.3251459572229,-11.3497434913727,-2.71436651983037,-15.887394007221,4.06710154407661
1.20069765628899,8.97917627213088,50.4267209000552,43.4375725014701,2.03776573349855,-40.4411673999987,19.3713462774734,-11.2613181277134,-2.70939879198014,-15.8143679340714,4.05319182817578
1.31495519105027,9.68111687567807,51.0302976616863,42.1370135125372,1.61153389390014,-40.6224911788663,19.4200304859372,-11.2116409571109,-2.6587279678955,-15.7632000052914,3.98910777994688
1.42325146318888,10.4680057087456,51.5454491871431,40.8175770535121,1.20914719345148,-40.7635759821111,19.4637469180686,-11.1396090597025,-2.61799259951498,-15.6812319640338,3.96029479702312
1.5101865440189,11.3368621330519,52.002478507171,39.4713147122774,0.791857282868314,-40.8753509142649,19.4955406868714,-11.0347902295091,-2.60607005266498,-15.5525669779491,4.01096590498163
1.60805060643898,12.2832151908705,52.3328312230922,38.1469105158428,0.382018978948388,-40.9796741843119,19.5372700084493,-10.9399068333561,-2.57974109504153,-15.4507278961688,4.03481113227556
1.70094694998825,13.2633488338777,52.5643265097992,36.8528096489212,-0.00596128149462913,-41.0690941299059,19.5695605549112,-10.840552491858,-2.53105736204843,-15.325043566067,4.08051448452385
1.83259150109008,14.2941533560276,52.6492743510878,35.6118637970322,-0.361154476819984,-41.1644754051888,19.5983736579069,-10.7600754752306,-2.50969613226412,-15.2391013165886,4.05716603281263
1.9185330382461,15.4173577104772,52.6800741532217,34.3445888380053,-0.702934781330368,-41.1962691636107,19.6460643111411,-10.6378696351091,-2.47839944676235,-15.1104363302518,4.12472751013073
2.0556420802452,16.5425491654149,52.5767457847933,33.1284817905521,-1.02633445841365,-41.3045666532089,19.6853097445581,-10.571798997976,-2.43219957767561,-15.0577780732622,4.0988951805572
2.22007357626473,17.7159276349866,52.3656181090011,31.94317484699,-1.3363212450684,-41.3770961645986,19.7429359505747,-10.4813865470894,-2.38947711809069,-14.9713390475808,4.07306285099236
2.38549861622883,18.949415677664,52.0456975842268,30.7846938004711,-1.6651854319108,-41.4337287967418,19.7876459380133,-10.3944514981675,-2.35470302309668,-14.8834096939117,4.10833391632731
2.50422709839179,20.3100776882815,51.697461112901,29.5785222892689,-2.03577860823541,-41.4103802554283,19.8244074832567,-10.2359813231223,-2.35221915916691,-14.7194736107031,4.25239883117972
2.64928449094802,21.6553397360358,51.2359608546516,28.4130863969048,-2.37259117279205,-41.431741686835,19.8492463651913,-10.1053303637136,-2.32887083821991,-14.570937583735,4.35026361814146
2.83358686301144,23.0214662725484,50.6582161833965,27.3231604238027,-2.67015861501418,-41.442670791285,19.8984273514055,-10.0144211408741,-2.31545797300323,-14.45518877329,4.39348309265743
3.09141147545027,24.3389090359507,49.9383950095442,26.3385509122631,-2.91755191394708,-41.5002969783595,19.9361824519542,-9.97567294755146,-2.29310319762913,-14.4109757083871,4.35374104718013
3.34377159712148,25.7318613486694,49.1748579905781,25.328109068224,-3.1887903496921,-41.5097357503755,19.96698266555,-9.89420238715517,-2.29459351598822,-14.3175818184134,4.38106370345523
3.50919663750011,27.1739942305929,48.4416240042167,24.289351013471,-3.49082875362242,-41.4779419919889,20.0260992045821,-9.74815150430135,-2.2871419241964,-14.1546392867938,4.54052866131931
3.79831787963412,28.5406175784121,47.5230944420208,23.3598836236382,-3.72828657764035,-41.5002969783547,20.0698156368113,-9.68655181225006,-2.26727101273547,-14.0965164935195,4.51270922946044
4.04571028284281,29.9683440541013,46.6005907153299,22.4219710518582,-3.9935637277723,-41.4446579011894,20.1055836268266,-9.56136534129466,-2.2702516494547,-13.9638772985319,4.59765785181182
4.38649580270088,31.3334771017659,45.594132696793,21.5292650747381,-4.22009253002582,-41.448135343511,20.1473129485263,-9.4789012373827,-2.2702516494547,-13.8848899127323,4.61653532341428
4.64730104745526,32.7572294126337,44.6174809407027,20.5898621851927,-4.51616964778036,-41.3686509474836,20.1711582752003,-9.30801176868707,-2.25733555700943,-13.7035666683068,4.81971653173098
5.04968628284945,34.0394013381859,43.4942817507499,19.7662080422163,-4.69500817517935,-41.3646767276833,20.2034488217524,-9.22803152312512,-2.2399485094904,-13.6270631624389,4.80630359134777
5.53652274166376,35.2207282848232,42.3293538058779,19.0523413351199,-4.83807899715379,-41.3780897194874,20.2402103670709,-9.20319293758974,-2.22653564425038,-13.6345148026089,4.70396782428013
6.0218688850846,36.3975842816359,41.1773419110711,18.2922744900648,-5.02685299801596,-41.3746122771629,20.27051380308,-9.13761907167865,-2.21113568787686,-13.5689403689842,4.67068386114056
6.49926667916657,37.5386726044925,40.0317880476086,17.5073688613209,-5.22754956734257,-41.3512637358645,20.3082689036985,-9.0372711860584,-2.18580027574909,-13.4536883342602,4.72830982710316
7.03329647013702,38.6092191228683,38.8951760664674,16.7641923965573,-5.43520096776976,-41.2837019992494,20.3584434453008,-8.92798140939605,-2.17288418329909,-13.3568170118416,4.77749060847323
7.75609958357726,39.4790692217773,37.6289068684329,16.1149065440319,-5.56386535211542,-41.3065537630939,20.3832823272982,-8.9294717245326,-2.13811008822547,-13.3612879959552,4.62199985515422
8.4565479635101,40.3250742029932,36.4346694703307,15.4487303186036,-5.72879421548978,-41.2812181118778,20.4091147645685,-8.85098179406344,-2.13214881478246,-13.2783264019005,4.62796116197852
9.27920223243605,41.0066472157508,35.1982065462748,14.8595543303898,-5.85696182595103,-41.2837019992539,20.4523344192538,-8.7993175359805,-2.10134890199075,-13.2430553049867,4.55443837770447
10.0834759432378,41.6474848172919,34.0372528147489,14.2077846059931,-6.03679389939524,-41.2186241500124,20.4781668565392,-8.68903421575972,-2.07352962592167,-13.145190430408,4.62150307956479
11.0859616448562,42.0543421800235,32.8151962602585,13.6583506792558,-6.11975510433611,-41.2156434851564,20.5313220640168,-8.67512460777838,-2.05067807772415,-13.163571142917,4.47545106168442
12.1147762614563,42.3782383956695,31.6706359838033,13.0776198844082,-6.28766460900024,-41.1565269655519,20.5809998280429,-8.6085571981848,-2.03527812133464,-13.121345181785,4.45607681447688
13.1579972673381,42.6440121306329,30.5484304080195,12.4601276880935,-6.46948377695308,-41.0676037975295,20.6003741560076,-8.50075773660387,-2.01888461935961,-13.0090738029853,4.54897384572957
14.3740949007908,42.6782894909121,29.3959218093822,11.923609933252,-6.59467074485504,-41.0129582752232,20.6267033709373,-8.43220324019422,-1.97516861409084,-12.9901963144854,4.51916731161216
15.6408632724689,42.6022831702574,28.3169353169147,11.3612598443048,-6.73525769678937,-40.9160866674719,20.6580003622924,-8.33384244092933,-1.97566538687804,-12.9176670164966,4.58772234025712
17.0208956444175,42.3519094080694,27.2081425729851,10.8490841022522,-6.83063824355198,-40.8842929090006,20.694761907703,-8.29708133409957,-1.96125897605633,-12.8843830235782,4.55344482595872
18.4123537763126,42.0081422594599,26.1857879793801,10.3036243900175,-6.97619293207113,-40.7759954192887,20.7205943450122,-8.19524313284679,-1.93443324552019,-12.7755890765851,4.64236765281882
19.915585595128,41.4815625248615,25.1847945417586,9.79442930413725,-7.07703798935454,-40.6994916880074,20.746923559956,-8.13861115750684,-1.88723983068593,-12.7045501066051,4.63938699940649
21.4784300507573,40.8233378583252,24.2240395547008,9.27480192986669,-7.18533465174701,-40.6205040693236,20.7658011103071,-8.0794953235751,-1.86339473687165,-12.6588467133464,4.65379349090269
23.1088354930642,40.0240295665782,23.2901102007524,8.7954133890645,-7.27922487722458,-40.5380390082055,20.7831883277291,-8.02634075009827,-1.84551091651641,-12.6205949602335,4.63739989709807
24.7829568728536,39.1104634132667,22.3864838780922,8.35179269837395,-7.36367640282015,-40.4997871425212,20.8278983154342,-7.99007641495854,-1.83259482404275,-12.5674399267242,4.57828360438804
26.4704911023514,38.0940651854994,21.5384959032422,7.91711397119286,-7.43074084951224,-40.4366964029548,20.8264079825116,-7.95877979693869,-1.77745304459304,-12.5063364769587,4.56189001060871
28.2151541118906,36.9504929929336,20.7317399197178,7.4988288422352,-7.49085046474354,-40.381057325593,20.8711179701927,-7.9071155386478,-1.74516281338178,-12.4790137962004,4.52562539408952
29.8828174801928,35.7870498731463,20.0223510395771,7.02589838926361,-7.59467616365359,-40.2727598355729,20.8885051876177,-7.8117353693389,-1.74416926780612,-12.3766779372404,4.59269009590342
31.6100934877114,34.4999102039287,19.3268717475856,6.63096172001124,-7.68260510476555,-40.1833398896178,20.915331180246,-7.74119378572966,-1.70939517266562,-12.326006783725,4.54847707016169
33.3433307674274,33.1218610272693,18.6860372597186,6.24198635954551,-7.76904372483338,-40.0790166193454,20.9307312871269,-7.67313606074474,-1.68157589656001,-12.2609291258002,4.53655445650365
35.0720971074695,31.6514120259991,18.0665639235772,5.90219179252242,-7.82219850840244,-40.0054935526638,20.9292409542043,-7.63140723666691,-1.66617594012113,-12.2594387977559,4.47892849045785
36.701012295346,30.2271629526346,17.5474383143997,5.49036475242404,-7.91161777054649,-39.8962025075635,20.9535830586165,-7.53602706731059,-1.688530715586,-12.195354691795,4.55096094802151
38.2996244027803,28.7214430695074,17.0481835436089,5.11082813227421,-7.98116608550145,-39.7774726903228,20.9719638313434,-7.47790477663582,-1.67760171424278,-12.1193479615151,4.56685776623381
39.8599850770172,27.1675361867699,16.5568771084399,4.77202711892057,-8.02786281121834,-39.6989818487609,20.999286601608,-7.42375665958412,-1.65425339319385,-12.0890446245915,4.5236382917093
41.3214881408866,25.6185970498769,16.1609506896641,4.38950984623225,-8.10039176817888,-39.5583938224231,20.9828929394381,-7.30999593659543,-1.62096961638755,-12.0105540141544,4.59567074923164
42.746230086999,24.0070644925221,15.7610501047424,4.06213467417501,-8.14510139916841,-39.4555608843577,21.0037576003636,-7.24541561354238,-1.6060664327204,-11.9752829170666,4.61454822085725
44.0591983504401,22.4213641603443,15.4306974484599,3.71836590515126,-8.21266261935454,-39.3139793030034,21.0236287060311,-7.18133206220751,-1.5961309769502,-11.8799019221835,4.65031606180733
45.3577602315565,20.7591607544701,15.0844481232343,3.45805545069143,-8.23054647173804,-39.2300239090358,21.0400223681882,-7.17934497534206,-1.56781492801851,-11.872947057967,4.56785131737996
46.5202066018799,19.1481250095273,14.7958242241495,3.17191266141691,-8.25786902397368,-39.1341458555116,21.0549256974413,-7.15500316122191,-1.55340851715281,-11.8500953612496,4.51916731159709
47.5524987240349,17.5569602101699,14.5454516856214,2.86689239701033,-8.29115286032613,-39.0213773676241,21.0390288129193,-7.09390024005253,-1.53204728725372,-11.8033984157632,4.53804478322494
48.4789784225016,15.9856663576353,14.3402853002462,2.57379474897549,-8.3154947705064,-38.900163662615,21.0787710242253,-7.03230054720691,-1.53105374167652,-11.7696176467346,4.52512861843971
49.3234907496502,14.3791016135615,14.1137577659089,2.32838756641258,-8.34828183318149,-38.7908726170289,21.0782742465839,-6.98312014720461,-1.49528610091797,-11.7542175902387,4.45011550746407
50.0646745119205,12.8237045302136,13.9289589882306,2.0884449164246,-8.38156566952935,-38.6944977858764,21.0847323559244,-6.92698494322999,-1.48087969004524,-11.7596821264104,4.39944439944745
50.633975177045,11.3020880397705,13.7997985522669,1.83558609948198,-8.42130756366128,-38.5549033138716,21.09268079819,-6.87283682603149,-1.47988614446794,-11.7070238687173,4.40441215513614
51.1103794865572,9.77401350955003,13.6308964437491,1.62147578521994,-8.43124303719481,-38.4505800429246,21.1115583485686,-6.873333597749,-1.48584741793079,-11.6936109162759,4.33188292204539
51.4049652590947,8.34479686854283,13.5384970550745,1.36364921204315,-8.46850106293478,-38.3184372329916,21.1423585623547,-6.80726295933248,-1.49826673765436,-11.6513849549076,4.30108283676881
51.5693967781082,6.9463801791324,13.4540460009577,1.10631941495715,-8.49930103087685,-38.1808298706832,21.1324230095186,-6.74566326638268,-1.48684096351112,-11.6205848418981,4.29363120323335
51.5818160771372,5.62297625987665,13.3785368232225,0.850976720669459,-8.5186752042723,-38.0392482884905,21.1473263387638,-6.67065073706757,-1.48882805466583,-11.5709072402949,4.32294096176387
51.468055298093,4.30901104036581,13.3104792090688,0.610537296847054,-8.54202356705906,-37.8902150439278,21.1373907859271,-6.60458009859187,-1.48137646283374,-11.5247070707802,4.3363539021232
51.2301015289072,3.04472315379566,13.2573247221243,0.41431090779487,-8.54649453014651,-37.7620464535417,21.1557715586568,-6.56632867630123,-1.47889259889016,-11.5083134622375,4.29859895888169
50.8451032596791,1.88575120097831,13.2146024242227,0.207652229818588,-8.56537192985554,-37.6289100883345,21.1676942220637,-6.50919992873427,-1.47044746148149,-11.4352873878565,4.2931344276284
50.3234927021635,0.777450124730863,13.1967186716206,-0.00596130712314258,-8.56288806147314,-37.4783865111176,21.1895524382947,-6.4659807892383,-1.467963597537,-11.3856097861914,4.31201189924356
49.6732182074397,-0.27918652892206,13.1992025261481,-0.208149003662297,-8.55195904058957,-37.3214048265751,21.1786233301813,-6.40289078104308,-1.45802814175527,-11.3051320715409,4.345295862341
48.9409763415114,-1.28167489597839,13.1902606498428,-0.397917308115258,-8.54103001971202,-37.1748554689904,21.1796168854647,-6.36811676074642,-1.44610559482301,-11.2703577503614,4.33635390210206
48.0914962948667,-2.22653756258419,13.2056605479136,-0.563840380646175,-8.53208809353209,-37.0417191035192,21.196507325292,-6.3075106111182,-1.44014432136016,-11.2350866531661,4.34628941347198
47.1625327376436,-3.13364546041481,13.2051637770079,-0.725292471925834,-8.51221714648035,-36.8991439656887,21.1870685500945,-6.26627855846174,-1.41381536353494,-11.1993187799507,4.33983133108006
46.1670017406043,-3.99455344450954,13.2091379442525,-0.854950920511846,-8.48986233104375,-36.7819044795036,21.1965073252888,-6.25336249378688,-1.39742186148931,-11.1953445718177,4.2772376094694
45.0423100391855,-4.79088090753836,13.2483828458031,-1.00994492785188,-8.4814171785406,-36.6403228964944,21.2074364334088,-6.19374988750765,-1.39444122475716,-11.1560992664806,4.29412797880761
43.8773798130779,-5.54398909733657,13.2896148309928,-1.14506790852315,-8.45806881575384,-36.5106639729889,21.2029654346339,-6.15847909544989,-1.3800348138721,-11.1178475131613,4.26183756684357
42.6111081135402,-6.21065874594641,13.3626401542143,-1.31595873686132,-8.44117851075103,-36.3690823898078,21.2168752086025,-6.08446010925075,-1.35519617441548,-11.0492924227741,4.29114732540771
41.3050946627612,-6.86739292807433,13.4421234992203,-1.4610172306609,-8.41534627956527,-36.2081264846377,21.2029654346285,-6.03875711107946,-1.34228008189961,-11.007066461299,4.30952802144624
39.9941134972244,-7.48339170483155,13.5007424661419,-1.5737853061885,-8.40143661661756,-36.0605835714203,21.1840878842457,-6.00149923212851,-1.33433171727471,-10.9832212124644,4.30754091917029
38.5981843339837,-8.04673251967944,13.5722774766631,-1.71139216478723,-8.39249469043517,-35.9150277680833,21.1960105476425,-5.96026717942074,-1.32141562474938,-10.9449694591128,4.31350222599837
37.1585392463557,-8.56685406450985,13.6602059271706,-1.83707640728826,-8.37659793278327,-35.7754332944514,21.1875653277349,-5.89419654069016,-1.31197694175514,-10.9077112577948,4.34728296469549
35.7104490406594,-9.05071116338306,13.7516117740269,-1.9563025663125,-8.35871408041012,-35.6229226062516,21.1513005598878,-5.85544834656911,-1.27620930093215,-10.8813821288698,4.36119268061997
34.2295718933717,-9.48638126075388,13.8594110608525,-2.09987073250405,-8.34182377539893,-35.471902250294,21.1274552330926,-5.78987447951831,-1.27620930093215,-10.8441239275488,4.39596697044218
32.7531656981641,-9.91907071730047,13.9418750313553,-2.20717427550475,-8.30108833386547,-35.3323077766055,21.1244745672413,-5.71833935193694,-1.26577707234905,-10.8098463823748,4.39994117498425
31.2727853353043,-10.3159925031116,14.0461969219259,-2.31596814530042,-8.28370125517006,-35.1733389806739,21.0986421298761,-5.66518477785443,-1.23646747778711,-10.7318525475329,4.45558003876692
29.7968759249825,-10.7084433287874,14.1316415180102,-2.41979425848441,-8.24445613467318,-35.0307638417751,21.0733064701701,-5.61501083411555,-1.2195772029401,-10.6995621063731,4.49432853312874
28.3318955044092,-11.0919522366011,14.2076474669513,-2.5087171017034,-8.21862390346182,-34.8951435876456,21.0588999185599,-5.60408185626422,-1.22702879478107,-10.6796910656457,4.49631563540551
26.8296571961382,-11.3711387730071,14.3626399906178,-2.67811760164896,-8.24395936097127,-34.7048778094923,21.0613838067688,-5.51168231616333,-1.23795779614131,-10.5833165180091,4.60510948520628
25.3572252081871,-11.6885768444096,14.4783876122451,-2.77995661202375,-8.21663680872134,-34.563793002757,21.0459836998906,-5.46647608960943,-1.22752556756523,-10.5246969478596,4.63590957050113
23.9453994007191,-11.9831633484278,14.5976126303469,-2.85596328801474,-8.18285619865897,-34.418733976046,21.0246222613097,-5.42126986304878,-1.22653202198593,-10.5013484750056,4.64336120403822
22.5956700895486,-12.3110336558037,14.6681540993939,-2.89322146251248,-8.11777884687547,-34.2875847189558,21.010712487352,-5.4287214388564,-1.20666111040122,-10.4914129546447,4.5862320136211
21.2116635212782,-12.5619041179634,14.7794307830849,-2.99605402408145,-8.09592080506198,-34.1161964851559,21.0052479332984,-5.36215402826764,-1.2205707485084,-10.4278256242951,4.63094181485911
19.8942243952572,-12.8217164973252,14.8767978813603,-3.04573158998992,-8.05369504246483,-33.9761052330737,20.999286601604,-5.34874119179887,-1.21411270224287,-10.3975222871793,4.62050952790739
18.5772820451234,-13.0656321337594,15.00695185959,-3.12422214421587,-8.00699831669135,-33.8201171013923,20.9774283853745,-5.30552205209418,-1.23050620429901,-10.3369156129874,4.66819998246129
17.3045524014288,-13.2946445745695,15.1157446889053,-3.18482877461334,-7.95185643843221,-33.6944323963788,20.9645121667042,-5.28217378119073,-1.25484807097282,-10.3349285089118,4.63392246815204
16.0606355324048,-13.4789474278468,15.2458986673605,-3.25735802081369,-7.9066500337034,-33.5548379216009,20.9679896101914,-5.26727062956082,-1.25534484376268,-10.31406391614,4.62398695677152
14.8728538941301,-13.6642438273904,15.3621430604153,-3.29163554127516,-7.84256622919242,-33.4092821168831,20.9555701691563,-5.21908377259948,-1.23845456891825,-10.2887283391893,4.60610303628622
13.7759815197057,-13.8987207729084,15.400891191519,-3.24593218073191,-7.73327602007379,-33.3218492783849,20.9163247354902,-5.23498046770109,-1.21908043013824,-10.3249929886018,4.49482530864163
12.6448318871853,-14.0442753171566,15.5260774611548,-3.30355815709712,-7.6905534837455,-33.1832483583008,20.9118537367213,-5.16741951353944,-1.2121256110838,-10.3081026039567,4.49134787965483
11.5444821157169,-14.2047330568623,15.6318896653134,-3.34777119070636,-7.63392128438136,-33.0585572079413,20.8934729640068,-5.13314226476032,-1.22901588592359,-10.2807799229292,4.50078661547165
10.4938095376189,-14.3284295804315,15.7486308294218,-3.42129398817175,-7.60014067420269,-32.9284015051347,20.8696276372441,-5.07551674510885,-1.24242875124594,-10.2405410654267,4.53158670072387
9.50771731054439,-14.4779583097498,15.8574236591627,-3.45159730331262,-7.53854073804034,-32.8042071320663,20.856214640937,-5.05216847417807,-1.22752556755922,-10.2479927057105,4.52860604730552
8.55292171559356,-14.6329515439113,15.9339263795677,-3.45755861121308,-7.46601178087804,-32.7187614034525,20.8547243080137,-5.03776209425713,-1.22156429408108,-10.2479927057105,4.46948975466096
7.60557770187442,-14.7203836246326,16.0685512968692,-3.49630711254919,-7.44166987058648,-32.603509025266,20.8348532023708,-5.01242673645566,-1.23895134169832,-10.2097409522506,4.48091559274461
6.71883986270758,-14.8594801166047,16.1430669337269,-3.51071360663218,-7.3681473659787,-32.500179306827,20.8164724296617,-5.01938154055742,-1.20268692806895,-10.2196764726271,4.43670256711045
5.83607620087963,-14.9548605682655,16.2528533055232,-3.51518458755346,-7.31946354537479,-32.3744946010968,20.7881561041404,-4.97814948765662,-1.22206106686197,-10.1834118232437,4.44564452735275
5.03080895663437,-15.0750796790573,16.3397882152993,-3.50972005531004,-7.2668055352961,-32.2532808927532,20.7682849984999,-4.98609783520465,-1.22603524917989,-10.1948376716757,4.40689603301161
4.21312241716372,-15.1888407384355,16.4505681289959,-3.5579072941406,-7.2365023408323,-32.1365381817714,20.751891336358,-4.97218822699144,-1.24143520564793,-10.1829150472172,4.42477995349267
3.48386127677618,-15.3055824369333,16.53700626801,-3.55144921059095,-7.16645725198203,-32.0163180282311,20.7404654506196,-5.00100098688249,-1.25882225327845,-10.202786087975,4.36566366079082
2.71734224634123,-15.3805951878433,16.6572248292809,-3.58572673096018,-7.12472826286307,-31.8906333222456,20.7081749039991,-4.96324633598512,-1.25385452538622,-10.1759601829369,4.36417333408267
1.94337163908097,-15.4143757644197,16.7928432888644,-3.61652682170739,-7.1033669946292,-31.7545162887988,20.6952586853476,-4.9061175878904,-1.26229966280572,-10.1416826376052,4.39994117506812
1.24093618529663,-15.4710079074392,16.8812685116458,-3.61652682170739,-7.04276060561894,-31.6501930149341,20.678368245566,-4.89717569688839,-1.28167380159579,-10.1247922529588,4.35870880281733
0.527571751366827,-15.4804465979399,17.0496738517477,-3.6368946236868,-7.01444450582571,-31.492714549207,20.6316711473565,-4.84650498122171,-1.32141562474217,-10.0830630673615,4.42527672899839
-0.119225248156562,-15.5504916168611,17.1241894890191,-3.62248812960934,-6.94887037997882,-31.3536168506726,20.5909353808491,-4.84650498122171,-1.30601566828212,-10.0949856918229,4.39696052158322
-0.790860840427256,-15.5604270805341,17.268749825313,-3.63838495065401,-6.91658009069821,-31.2016029371756,20.5516899472824,-4.79186009178542,-1.33284139891985,-10.0641855786428,4.44614130291147
-1.42672885559951,-15.5807947810865,17.3820135941312,-3.67266247101621,-6.88379302776845,-31.0833698932508,20.5228768441606,-4.76106024498461,-1.3293639893946,-10.0309015853264,4.46501877454454
-2.07451939539802,-15.5817883274535,17.5260771597333,-3.71290129931802,-6.8405737174946,-30.9780530642022,20.4925734080962,-4.71734433343122,-1.33830589960635,-9.98569496758651,4.48538657284461
-2.67710369221792,-15.5798012347191,17.6448054087247,-3.71737228023437,-6.78841248100321,-30.8558458001944,20.4722055248472,-4.69051866042119,-1.35370585605982,-9.95042387019645,4.49780596207506
-3.25783002560984,-15.6195430893617,17.7297532353605,-3.68458508679528,-6.71737384451539,-30.7738775133507,20.4404117558697,-4.67859613909201,-1.33582203563958,-9.92955927740036,4.45011550755981
-3.82116934141593,-15.6210334089132,17.8276171060185,-3.65378499603149,-6.67316098689112,-30.6496831392126,20.4344504241915,-4.65922204189324,-1.33333817169289,-9.89875916417258,4.45061228312919
-4.33582501191022,-15.6563043049797,17.934422853223,-3.60708808423431,-6.59715461366767,-30.5538050823517,20.4071276539941,-4.68257031287347,-1.35668649277106,-9.88932041979756,4.41285733986826
-4.87929345110487,-15.6726978200325,18.0531511024029,-3.59417191713089,-6.53853531918521,-30.4519656955305,20.3604305558471,-4.6607123570739,-1.34923490093146,-9.8639848428062,4.41136701316167
-5.39891683899294,-15.6975364792221,18.1281635109865,-3.57976542305011,-6.48140634578278,-30.3471456436482,20.344036893735,-4.67015101980588,-1.32936398937041,-9.87044293105799,4.38801856142136
-5.88972745754515,-15.730820282448,18.2150984214868,-3.54896533222791,-6.40341287760882,-30.2686547991259,20.3301271198243,-4.66220267225369,-1.32141562474017,-9.89279785190758,4.33784422906231
-6.3979250903579,-15.7030009841505,18.3402846929348,-3.55939762103139,-6.3890064408342,-30.1538991971341,20.3177076788378,-4.6259383364542,-1.34228008187226,-9.82275243308088,4.36616043653742
-6.85495521928577,-15.7313170556136,18.4272196036464,-3.48835870195251,-6.30852910429919,-30.0788857950198,20.2973397956211,-4.63835762952476,-1.35171876486765,-9.84510735396999,4.31052157281748
-7.30055959453766,-15.7571492611367,18.4853418010965,-3.43371337954703,-6.2474259413214,-29.990459400468,20.2645524714053,-4.64630597708705,-1.35122199207824,-9.87739779522117,4.23600523765361
-7.75908003784582,-15.7372783337819,18.5906572359374,-3.41384235324425,-6.18980019416494,-29.8896135683265,20.2253070378853,-4.62345447782782,-1.34724780976906,-9.83666216155313,4.23749556436167
-8.23945844339078,-15.6761752322342,18.7083919436248,-3.44215856576309,-6.15303894160675,-29.7654191937969,20.1920229360401,-4.57725470760991,-1.38500254174428,-9.80089428814744,4.29760540808845
-8.66866934473849,-15.6558075316872,18.7978107091112,-3.42526819338798,-6.08945191022663,-29.6824573515209,20.1567517236463,-4.58619659862707,-1.38351222337608,-9.80437172028798,4.27028275178742
-9.11427371757968,-15.6453752948293,18.8782875980789,-3.41582945588339,-6.0432519577185,-29.5826050742864,20.1284353982076,-4.55589352351978,-1.37407354039107,-9.79294587182919,4.25537948472636
-9.50871058694821,-15.6294785529601,18.9458484431148,-3.38006160847513,-6.00251651567773,-29.5036174520206,20.1194934007022,-4.58470628343237,-1.37705417712732,-9.81977177687806,4.21017290800174
-9.91904415563528,-15.5733431831449,19.0680540894889,-3.38751324334583,-5.97271009470022,-29.3903521821824,20.0852157436014,-4.53403556766088,-1.39593154311089,-9.77804259122133,4.23451491088041
-10.3641517553344,-15.4809433710595,19.1996983832508,-3.40440361573826,-5.9692326789139,-29.2572158124159,20.051931641782,-4.48882934089754,-1.41729277304587,-9.67868738729068,4.3348635756987
-10.7347435729821,-15.4471627945001,19.2836526689065,-3.36068735785758,-5.90365855275977,-29.1692861949403,20.0221249834454,-4.49379705813424,-1.41282181794839,-9.69160356382684,4.30207638809887
-11.1261998092372,-15.3731435900593,19.3740649764472,-3.38403581380733,-5.87236181067687,-29.041117600066,20.0007635449716,-4.47094555887842,-1.41580245468264,-9.66328733069722,4.31201189946839
-11.529081798174,-15.2737889532379,19.5081931250531,-3.40738426976306,-5.8644134317377,-28.9179167801567,19.9699633313623,-4.42772641897023,-1.44014432134603,-9.59224835988895,4.41931542217438
-11.9205380333534,-15.1987762022843,19.6105279349106,-3.41284880199836,-5.83758765282614,-28.7788190799675,19.9436341165114,-4.39344917003224,-1.43865400297984,-9.56442890271122,4.47346395929411
-12.2911298496013,-15.1391634200955,19.7237917049851,-3.3939713269904,-5.81821347915044,-28.6884055749127,19.9148210134652,-4.38301696383919,-1.43120241114957,-9.53760299762299,4.51171567810421
-12.6567539467263,-15.0537184321946,19.8291071404038,-3.40738426976007,-5.79983285285032,-28.5776241922721,19.8800465787704,-4.34575908457455,-1.46001523291045,-9.50282867619556,4.57977393112744
-13.0025071686898,-14.9782089080987,19.9294548666071,-3.39844230790938,-5.76803933707699,-28.4887010196648,19.8457689217129,-4.3378107369978,-1.4734280982033,-9.4953770358935,4.593186871482
-13.3904859994742,-14.8440801480429,20.0715313502945,-3.42725529610454,-5.74717484233751,-28.3366871043961,19.7980782684172,-4.26329497851775,-1.49776996486223,-9.40347347217917,4.73576145988985
-13.7258070115913,-14.7740351288351,20.1415760503821,-3.4034100645082,-5.71091036341506,-28.2517381516725,19.7618135008223,-4.26081111989819,-1.49131191860716,-9.38608631146807,4.74271631785952
-13.9915799619249,-14.746215830484,20.1495243851275,-3.33535179919003,-5.62993625277244,-28.2100088415962,19.7151164028388,-4.30899797699398,-1.47044746146169,-9.43526713746364,4.65031606212113
-14.2961011175554,-14.6702095330037,20.2160916887974,-3.31746787548315,-5.58671694222219,-28.10667912122,19.6748774141533,-4.31297215078246,-1.46647327915179,-9.41738320071947,4.64683863313578
-14.5916803794366,-14.6105967506921,20.2906073271875,-3.28219680371842,-5.56187825799072,-28.0281882759646,19.6311609819975,-4.31098506388941,-1.49180869137084,-9.39701538388688,4.66074834905972
-14.8971950782949,-14.5311130408574,20.3477359833483,-3.26530643132772,-5.50772992637432,-27.9328069956077,19.5993672131592,-4.30601734665258,-1.49329900973681,-9.37664756704405,4.64882573540309
-15.1540261338513,-14.4724938048047,20.400393701246,-3.20320947401774,-5.44165902629218,-27.8905809078933,19.575521886531,-4.33632042180367,-1.49180869137048,-9.4153960966759,4.55841258174552
-15.4108571892708,-14.3940036413014,20.4475869389664,-3.16595129960596,-5.39297520516895,-27.8125868400768,19.5332957873127,-4.3497332583366,-1.49031837300401,-9.40943478443012,4.51221245383933
-15.6418561074302,-14.3627069305197,20.4863350710053,-3.09391882906728,-5.32541398401277,-27.751979984787,19.5258441227429,-4.36612672522162,-1.48485387232915,-9.42235096096602,4.42179930022826
-15.9349515085277,-14.2345394481369,20.5817150884575,-3.07603490535353,-5.2941172418686,-27.6476567092479,19.4955406868414,-4.33880428040236,-1.48783450905939,-9.37267335889488,4.45210260994456
-16.1743955479931,-14.1679718409393,20.6279147844195,-3.04026705793243,-5.2583495365447,-27.5900305188984,19.4796438024342,-4.34675262798683,-1.50075060155751,-9.36770559868437,4.39547019494
-16.4128460436155,-14.1009074606024,20.6765983349795,-2.99853790256824,-5.18582057848078,-27.5264429985374,19.4538113652826,-4.37655893140114,-1.52856987771493,-9.3607507343965,4.34827651589791
-16.705941444533,-13.9543593703952,20.8305973212957,-3.00847341576828,-5.17588510475723,-27.4087067304373,19.4354305927014,-4.32986238947501,-1.56086010900016,-9.29269241960897,4.4357090159428
-16.9260113808642,-13.8867982168215,20.8872292066819,-2.97320234396467,-5.11825935719558,-27.3625064226274,19.4071142673776,-4.33184947636894,-1.55887301784484,-9.32995062114472,4.37112819201664
-17.1644618760931,-13.7854564864583,20.9850930788561,-2.95382809324968,-5.07106585706142,-27.2745768045413,19.3768108315063,-4.31396569432259,-1.55390528996186,-9.30113761193825,4.40093472616529
-17.425763876659,-13.6557986840693,21.1038213300083,-2.96724103603174,-5.07802068865429,-27.1593244236122,19.3316040665245,-4.27323041293386,-1.57327942870696,-9.22662120871166,4.52165118970017
-17.6637175996288,-13.5365731186526,21.1952271802734,-2.96624748471316,-5.06709166756471,-27.0515237052333,19.2923586331762,-4.22504355570476,-1.58321488447989,-9.18787267907981,4.60262560752112
-17.8957100601234,-13.4257926974544,21.2806717793769,-2.97121524130554,-5.02734977267269,-26.9511746494591,19.2685133065974,-4.19871465435381,-1.60209225044502,-9.1590596698716,4.66819998263907
-18.1227348019192,-13.3135219567611,21.3606518983102,-2.97369911960443,-5.00102076730055,-26.8766580238963,19.2064161019551,-4.18182441574479,-1.60109870486757,-9.12974988464579,4.71986464180554
-18.2717663608951,-13.2563930399137,21.3904581538573,-2.91905379704346,-4.9473692092126,-26.8299609385103,19.1761126660985,-4.21014040401132,-1.59911161371413,-9.15111125354862,4.69999361903663
-18.4665009312506,-13.1644899997386,21.4550383741983,-2.89471178973302,-4.90911763538483,-26.7549475353513,19.132893011679,-4.21312103435468,-1.59315034025474,-9.15607901375913,4.70247749688503
-18.674151569918,-13.0581805370847,21.5370055769398,-2.89669889237145,-4.89520797216111,-26.6690050270998,19.090170134923,-4.18778567645537,-1.59712452255906,-9.12378857239698,4.77053574984769
-18.8450410907213,-12.9717420019862,21.5598570395265,-2.87036978238022,-4.86838219308014,-26.6128691691135,19.0722861399949,-4.16344386200369,-1.60904706947894,-9.12776278056491,4.76656154529359
-19.0377885733698,-12.8584777145679,21.61549538322,-2.84602777504169,-4.8504983403511,-26.545804206008,19.0494343687096,-4.16990189440763,-1.62891798102117,-9.08951102698743,4.81425199986918
-19.2111619532972,-12.7526650249292,21.6686498723684,-2.83460193486736,-4.82864029814179,-26.4712875802629,19.0419827041579,-4.1584761447585,-1.64878889254399,-9.0641754498988,4.85349726988552
-19.3393290935755,-12.6955361078838,21.6666627886613,-2.771511426145,-4.75660811365695,-26.4499261475309,19.0042276038102,-4.1828179592569,-1.6617049850279,-9.10093687551867,4.76954219847676
-19.4640188308797,-12.6249943146561,21.690507793147,-2.75015007278327,-4.70643397129695,-26.413661389628,18.9699499468968,-4.21163071926357,-1.68306621491917,-9.09845299541199,4.77749060760209
-19.5906956555811,-12.5529622018674,21.7342236346901,-2.6989821798208,-4.67265336056977,-26.3694481916558,18.9207689609157,-4.21312103443531,-1.67015012241908,-9.07063353821356,4.76705832064005
-19.7173724802584,-12.4416850068901,21.7799265599386,-2.66669176191033,-4.64930499728302,-26.306854226007,18.9038785212856,-4.22255969718917,-1.688530715592,-9.06268512187514,4.77600028089119
-19.8256687460661,-12.3607109766261,21.8062554190423,-2.63390456829977,-4.59813730747615,-26.2348214877361,18.8656266433012,-4.24590796818569,-1.706911308752,-9.07113031422698,4.73228403085492
-19.9270102057384,-12.2787433998744,21.8370552165091,-2.59913027208895,-4.55094380718706,-26.1846469596664,18.827374765328,-4.25882403300178,-1.70840162711706,-9.04678828918594,4.72781305072798
-20.0114614220839,-12.1898209984075,21.8604034500789,-2.53554298755818,-4.49977611737878,-26.1404337616618,18.7960777742727,-4.28068198883839,-1.71436290057172,-9.05920768971484,4.66223867560744
-20.1510543149378,-12.0581761022347,21.9438609658351,-2.5524333600095,-4.49083419100957,-26.0301491553297,18.7260321276217,-4.25584340263256,-1.72082094681634,-8.97525254203143,4.78593579264861
-20.2518990026196,-11.9627956491422,21.9845961818519,-2.53703331453464,-4.46400841188271,-25.9511615318797,18.6872834720224,-4.23050804472819,-1.72976285700242,-8.93054270011257,4.8102777955398
-20.3606920400339,-11.8584732784922,22.004467018953,-2.50225901831044,-4.42824070639207,-25.8935353411473,18.627670155707,-4.23497899024384,-1.7257886746998,-8.90769100310838,4.8236907359392
-20.4540851497214,-11.7481896294435,22.0576215081859,-2.4818912162381,-4.41631813789782,-25.8090831650463,18.5933924988727,-4.24342410955267,-1.71287258221589,-8.87391023362188,4.8684005372462
-20.5330718755229,-11.6786413823398,22.0809697417725,-2.42227813696451,-4.3904859061332,-25.7663602995025,18.5576245091113,-4.2672691522853,-1.70641453597265,-8.86695536932186,4.80232938646834
-20.6140456887296,-11.5956802589926,22.0859374510448,-2.4073748671442,-4.34975046370141,-25.7137018838353,18.5278178509985,-4.29459159708073,-1.73423381211393,-8.88682641018108,4.79040677280275
-20.7114129732815,-11.4998030324341,22.1231952706182,-2.37657477616407,-4.31596985293509,-25.6441530329258,18.4890691954293,-4.29061742329017,-1.75311117805369,-8.84509722436245,4.82667138940945
-20.8346123945446,-11.3830613317456,22.1738659052173,-2.39594902694065,-4.31994404243986,-25.5636750768126,18.4488302069775,-4.25932080471412,-1.74814345017466,-8.77852923751082,4.93546523907248
-20.9349603102181,-11.2668164041022,22.2141043503666,-2.38203930843885,-4.29709245278174,-25.5070424410454,18.4041202198268,-4.26081111988467,-1.76354340660554,-8.75567754051169,4.98067181594821
-21.0199082982278,-11.1833585073702,22.2215559142775,-2.38551673806702,-4.2975892264699,-25.4330225925208,18.3479843471016,-4.24243056611458,-1.74615635902335,-8.71394835470984,5.04028488423254
-21.0546823283933,-11.1148038063561,22.2295042491296,-2.34676823653919,-4.24890540504854,-25.3967578344737,18.3206615771964,-4.26180466335778,-1.73671767604958,-8.73282584356294,4.98017504013239
-21.1172755826768,-11.0219072187636,22.2642782140877,-2.32192945348942,-4.24095702604031,-25.3421123086666,18.2739644795204,-4.25484985922154,-1.75609181476924,-8.72189677108157,4.99805896063891
-21.1301916510242,-10.942423507403,22.2851425930652,-2.29013581117267,-4.20419577310088,-25.2800151202246,18.2262738265932,-4.27074655438019,-1.75708536034498,-8.71245802666063,5.00799447205049
-21.1441012630849,-10.8922494146033,22.2901103023465,-2.24542600167047,-4.13613777779503,-25.2661053500152,18.1905058369143,-4.29161096677489,-1.75956922428499,-8.72636775527831,4.97272340656834
-21.1912945897403,-10.8142560229019,22.2975618662629,-2.23400016145542,-4.09192491949649,-25.2159308217808,18.1532475143127,-4.29806899917673,-1.76105954264904,-8.70997414656335,4.99855573617508
-21.2528943002808,-10.680127259828,22.3576711485559,-2.22108399426854,-4.10136361958035,-25.1294915354387,18.1100278601263,-4.27174009782907,-1.77546595348923,-8.63893517541805,5.06065268241207
-21.2777328932373,-10.6175338370436,22.3730710473332,-2.21065170537707,-4.07006687719616,-25.0649104594163,18.0802212020461,-4.28465616264547,-1.78142722693934,-8.60118019771187,5.07406562281412
-21.3100230640643,-10.5246372491682,22.4073482413996,-2.20021941649978,-4.05466689286028,-25.0072842684557,18.0499177663507,-4.27819813023477,-1.79285300105885,-8.56541232410556,5.10486570819246
-21.29412636457,-10.4744631562449,22.3884709461342,-2.15054185034036,-4.01244112928526,-24.9576065176743,18.0146465543341,-4.30750766189958,-1.7888788187555,-8.55647035570884,5.04773651764878
-21.2866747866823,-10.3919988055379,22.4108256378838,-2.11179334873402,-3.96326053409109,-24.9253159796569,18.0161368872363,-4.33582365013293,-1.81123359421491,-8.56491554807919,5.01643965678187
-21.3130036952142,-10.3065538155174,22.422748140168,-2.07354162279078,-3.94736377604744,-24.8751414513108,17.9972593371413,-4.33184947634099,-1.83855609754501,-8.52070248205848,5.05518815130928
-21.3438035504573,-10.1917992066796,22.4595091889038,-2.07999970638678,-3.9304734706433,-24.79317316237,17.9644720133048,-4.33333979151325,-1.84203350705636,-8.45711515116188,5.11678832204036
-21.3775840368828,-10.1113219485837,22.471928462115,-2.06261255822273,-3.93444766015388,-24.7330630838074,17.9296975789489,-4.34426876942747,-1.83756255196502,-8.42283760560285,5.12821416016854
-21.3795711243196,-10.0273672781533,22.4659672109776,-2.04373508306859,-3.90712510722148,-24.6833853329945,17.8904521459009,-4.35569451906292,-1.84551091657051,-8.42283760560285,5.12573028231955
-21.3979516831058,-9.90863848379409,22.5017347178148,-2.02287050526719,-3.89768640712121,-24.6178107018787,17.8522002681005,-4.33632042185111,-1.86438828250335,-8.368689019164,5.17292396147741
-21.3994419986821,-9.84306442149767,22.4793800260318,-1.97915424703232,-3.87135740161177,-24.5740942810831,17.8179226113969,-4.35470097562578,-1.86786569201458,-8.36521158700478,5.14560130511421
-21.3969581393872,-9.74669042092907,22.4788832551033,-1.95034125863621,-3.84800903821034,-24.5264036402181,17.7677480703933,-4.35867514941376,-1.85296250838522,-8.35229541040784,5.16745943022921
-21.3820549836244,-9.68409699782297,22.4570253342426,-1.88774752525446,-3.79882844298495,-24.4951066571392,17.7294961926124,-4.39593302867747,-1.86488505528398,-8.34484377006667,5.12672383344656
-21.4128548388884,-9.60709715198642,22.4937863829336,-1.88228299296915,-3.79386070608726,-24.4429450187096,17.6967088688205,-4.3939459417863,-1.88227210285396,-8.30708879235593,5.20869180252804
-21.4322289413933,-9.51171669770421,22.5355151409332,-1.88277976863126,-3.79386070608726,-24.3987318204316,17.6356052199185,-4.39245562661712,-1.89220755860384,-8.26535960649785,5.27923393342605
-21.4163322419046,-9.44614263533131,22.5345215990759,-1.86290874213742,-3.77200266375431,-24.3634606172749,17.578972569738,-4.44262957068224,-1.89518819532798,-8.27281124684397,5.25588548158827
-21.4068935765909,-9.39745886167269,22.5275668060666,-1.8335989781075,-3.73126722124384,-24.3381249642737,17.5357529156702,-4.4555456355038,-1.88922692187951,-8.2867209754916,5.25340160373329
-21.3944742801145,-9.33486543847034,22.5146507619271,-1.82366346486389,-3.6835769470589,-24.3048408711214,17.4925332616245,-4.46498429824307,-1.89320110418299,-8.26933381468259,5.26085323729795
-21.404409717297,-9.25190431406613,22.5295538897741,-1.81273440029256,-3.68804791026886,-24.2516856776394,17.4532878286518,-4.47491973270337,-1.90711074223324,-8.21270134811876,5.29065977150202
-21.3909968771026,-9.21265923124645,22.5186249293448,-1.7998182330709,-3.67165437850399,-24.2059821467572,17.4075842864386,-4.48187453683285,-1.90562042387092,-8.19779806742667,5.32791793932089
-21.3562228469729,-9.15553031314963,22.534024828126,-1.79087627114706,-3.65824148889003,-24.1642528359245,17.3673452982076,-4.48733902578962,-1.90214301435968,-8.18587544287709,5.35921480024848
-21.3348616570299,-9.1018788074637,22.5290571188418,-1.78193430922231,-3.66320922578649,-24.1205364150494,17.3191578678546,-4.49031965613008,-1.91555587962673,-8.17146893820329,5.37014386281312
-21.3582099343889,-8.99060161031426,22.591153484986,-1.83012154843094,-3.68556404181469,-24.0480068985532,17.2635187730282,-4.46399075479095,-1.91605265241398,-8.09993319081362,5.47198285489372
-21.3323777977177,-8.90863403214057,22.5737665024885,-1.81670860554226,-3.68009953122564,-24.0003162576054,17.2188087861239,-4.4401457120815,-1.91406556126407,-8.06615242123402,5.49135710217027
-21.3179714138048,-8.84653738195628,22.5449537886224,-1.78739884145595,-3.64532537292644,-23.9580901692873,17.162176136085,-4.43915216863532,-1.89469142254619,-8.03088132360851,5.46999575265207
-21.3070424329023,-8.79437619581394,22.5235926387028,-1.76355360963643,-3.61452540413949,-23.9108963058287,17.1358469215807,-4.43368767968386,-1.89518819533349,-8.0025650902813,5.48440224420898
-21.2568684751414,-8.73476341156982,22.492296070191,-1.72629543495808,-3.59217058808846,-23.8890380953751,17.0980918215502,-4.47591327615747,-1.89518819533349,-7.98170049730693,5.44515697413285
-21.2384879163487,-8.67366030776579,22.5042185724734,-1.7118889407458,-3.58223511428403,-23.8527733371125,17.0643109425895,-4.48286808027829,-1.91704619798522,-7.94046808733947,5.45906669012613
-21.2131525515281,-8.60411205947915,22.5032250306166,-1.69797922219155,-3.57975124583419,-23.8120375812813,17.0295365083728,-4.46945524375572,-1.91803974355979,-7.92556480664319,5.45707958784476
-21.1709269434766,-8.5231380275787,22.4903089864806,-1.67015978506948,-3.58074479321431,-23.7777599330633,17.0017169609886,-4.4793906782222,-1.91903328913468,-7.88433239668154,5.43522146271765
-21.1426109474895,-8.48438971781386,22.4624898144975,-1.6473081045787,-3.54348676645642,-23.7554049450878,16.9614779728367,-4.50422926437046,-1.90015592320357,-7.86048714756509,5.40491815293001
-21.1182691263764,-8.42577047994427,22.443115748301,-1.61998544311637,-3.51715776088957,-23.7231144068909,16.907329211029,-4.51764210089703,-1.88773660351224,-7.82173861771108,5.39796329493378
-21.0502113816927,-8.42328661392892,22.3725742763761,-1.56881754993214,-3.47344167618626,-23.7265918494676,16.8651031123778,-4.5355258829425,-1.88574951236312,-7.81776440951668,5.34133087977454
-21.0079857736331,-8.37658993286956,22.3581679194611,-1.55590138269722,-3.4471126705976,-23.6843657610504,16.8134382387433,-4.54049360017599,-1.87829792054878,-7.77404811940386,5.35822124920733
-20.9851342681045,-8.32989325179533,22.3581679194611,-1.5544110557086,-3.44363525476399,-23.6247524597707,16.7960510216575,-4.54794517602111,-1.87631082939692,-7.72735117317425,5.40938913296736
-20.951353781658,-8.2697836942511,22.3596582322455,-1.55639815836135,-3.44661589690696,-23.5835199263581,16.7453797032729,-4.55241612152696,-1.86786569201068,-7.67568646666896,5.44962795425635
-20.9185668389256,-8.22259023992323,22.3536969811059,-1.54844974775402,-3.45655137071085,-23.5497390556185,16.6822889441668,-4.54248068707063,-1.85395605395575,-7.63942181693343,5.48589257090683
-20.8753476871335,-8.15850649669503,22.3452518753219,-1.52609484292064,-3.43618364939461,-23.5229130700196,16.6326111810905,-4.53403556778075,-1.84650446214596,-7.61905399993613,5.50824747162647
-20.8351091665001,-8.11330013517016,22.299548949962,-1.49132054649129,-3.40886109642374,-23.490125754301,16.5849205285464,-4.54595808913459,-1.82464645949156,-7.57831836598705,5.53606690358
-20.8067931704853,-8.06560990762935,22.2985554081058,-1.49281087348098,-3.3810417697598,-23.4444222232686,16.5307717667821,-4.53403556777421,-1.81222713980099,-7.54950535657537,5.58574446071461
-20.783444893076,-7.98165523619706,22.2930909278993,-1.4987721814377,-3.35322244306361,-23.4076606874418,16.49450699975,-4.53006139399257,-1.82663355064513,-7.51522781093011,5.62747360862839
-20.7422128287047,-7.92601663737139,22.2920973860436,-1.49579152745766,-3.33732568496685,-23.3674217090135,16.4711584511248,-4.52062273125259,-1.84054318869878,-7.47747283306511,5.68162214593566
-20.7084323422454,-7.87584254379085,22.2821619674827,-1.48088825757275,-3.33583536389555,-23.2993631899225,16.4254549091533,-4.52111950297584,-1.8196787316183,-7.45263403183564,5.71987386493272
-20.677135715064,-7.83610068747836,22.2538460246111,-1.48188180889882,-3.33186117436939,-23.2780017569305,16.4021063605344,-4.54645486084738,-1.81371745816437,-7.45511791195776,5.70298349549993
-20.6219940386209,-7.78791368667325,22.2280139363527,-1.46499143635305,-3.32341602162781,-23.2635952090993,16.3459704883296,-4.54248068706366,-1.81421423095236,-7.44369206339876,5.69950606650322
-20.5574136967983,-7.75512665520413,22.2101301829479,-1.45704302574083,-3.29708701601444,-23.2521693263341,16.3017572792533,-4.5315517091587,-1.8137174581648,-7.3994789971689,5.70596414893833
-20.5092268263656,-7.71985575768139,22.168401425021,-1.4386623261989,-3.2732418788759,-23.2253433407133,16.2754280648807,-4.5399968284469,-1.81620132210405,-7.38457571644022,5.73676423435386
-20.4650141308014,-7.67216553002031,22.1217049578089,-1.42028162664989,-3.26877091565705,-23.2005044651324,16.2267438571828,-4.53403556776953,-1.788382045984,-7.34533041047118,5.74073843892833
-20.4297433287283,-7.62199143633189,22.1212081868817,-1.42823003726782,-3.26777736827551,-23.1478460488858,16.1760725389764,-4.5260872202011,-1.797820728952,-7.29267215185197,5.74719652135052
-20.39099512362,-7.60609469379128,22.0799761998902,-1.39742994612413,-3.24790642063208,-23.1324459460185,16.1373238838568,-4.54993226291472,-1.7863949548283,-7.26882690265824,5.7387513366307
-20.3552275496875,-7.5747979818592,22.0456990059023,-1.38550733020886,-3.26131931029454,-23.1170458431557,16.0742331249266,-4.53353879605707,-1.78838204597822,-7.22262673236537,5.77749983118419
-20.3234341506225,-7.54300449674169,22.0233443141616,-1.3820299005649,-3.25982898922225,-23.0936973000865,16.0354844698201,-4.54744840430391,-1.77198854398516,-7.20523957148706,5.7561384815903
-20.2702795615719,-7.49779813508362,21.9880735783101,-1.36762340633192,-3.23846772052001,-23.0922069675495,15.9863034845517,-4.57973856628899,-1.7799369085904,-7.18785241061155,5.73030615187161
-20.2315313564531,-7.43073375236489,22.0074476444811,-1.35868144439546,-3.24740964695264,-23.0479937689717,15.9420902755376,-4.5409903718842,-1.78589818204434,-7.10985857465755,5.77302885104712
-20.221099147387,-7.34826940018367,22.0129121246868,-1.40140415139449,-3.27324187885558,-23.0003031278144,15.9028448428487,-4.52012595950666,-1.78490463646835,-7.01696145791619,5.86195167839994
-20.1893057482939,-7.2951146672253,21.9781381597789,-1.38699765715152,-3.27622252100243,-22.9729803646584,15.8472057484164,-4.52360336156798,-1.77248531677436,-7.01745823394168,5.842080655528
-20.1619832959586,-7.2548760375759,21.9682027412377,-1.38352022750649,-3.26231285765702,-22.9337349411968,15.796534430285,-4.52211304639974,-1.77447240792549,-6.97175483965092,5.83115159295687
-20.1232350908134,-7.21910836675031,21.9537963843539,-1.3999138244024,-3.26976446302114,-22.891508852651,15.7662309949396,-4.52111950295334,-1.79136268271834,-6.92853532541023,5.85450004484458
-20.082499798236,-7.19327616004638,21.9413771111767,-1.39295896511189,-3.27026123671192,-22.8790894148404,15.7463598897949,-4.52410013329187,-1.78291754532617,-6.92803854938498,5.88082915012149
-20.0283516653877,-7.14061820028414,21.9095837718679,-1.38997831112764,-3.27522897362483,-22.8567344267899,15.6887336848807,-4.53304202430212,-1.77447240792523,-6.89574810773172,5.88828078369765
-19.9945711788638,-7.12124404525233,21.8971644986984,-1.3835202275038,-3.28119025791605,-22.8090437856044,15.6375655891981,-4.53701619808703,-1.75460149641516,-6.86147056197464,5.87933882341077
-19.9329714680968,-7.1003795706146,21.8469906351047,-1.36712663060243,-3.26479672611271,-22.7856952425127,15.5695070541243,-4.55042903460157,-1.75460149641516,-6.81924459979056,5.87983559898251
-19.874849160355,-7.0745473639038,21.8142037539466,-1.34626205272876,-3.25237738383231,-22.7524111491632,15.5292680662652,-4.52360336157149,-1.74267894950584,-6.80632842313225,5.8753646188416
-19.814242993292,-7.07901832275919,21.7640298903118,-1.32937168017086,-3.24889996799793,-22.7335336036785,15.4785967481867,-4.5429774587833,-1.72280803798424,-6.77602508552944,5.8803323745644
-19.7412175297457,-7.09342474575682,21.7093850883218,-1.28118444087446,-3.20965484643845,-22.7166431682462,15.4309060959063,-4.57228699045029,-1.71336935500932,-6.79937355875404,5.81972575477018
-19.6955145185011,-7.06957963185727,21.6830562292175,-1.2796941138832,-3.21164194120274,-22.6957785127245,15.393150996199,-4.56384187115747,-1.70095003530586,-6.7551604924458,5.85002906465619
-19.6354051232915,-7.08050864238789,21.6418242423245,-1.26926182494436,-3.1997193726124,-22.6714364145963,15.341982900566,-4.57526762077783,-1.65922112108118,-6.74174753975744,5.8306548173827
-19.5976504618285,-7.0611344873288,21.6060567356234,-1.24293271477145,-3.19624195677619,-22.6321909910585,15.3072084666184,-4.58023533800934,-1.64133730071174,-6.74969595617521,5.81823542807803
-19.5464829601121,-7.03430873417541,21.5777407928082,-1.24740369574421,-3.1873000303401,-22.6033778953134,15.2510725946885,-4.57427407733183,-1.62891798100942,-6.72585070695169,5.8192289792211
-19.5146895609712,-6.98860559916726,21.5658182905804,-1.28366831918805,-3.20270001476142,-22.5571775866106,15.2118271621242,-4.55191934979868,-1.63140184495133,-6.6801473125394,5.86741620973374
-19.4759413558023,-6.96128307280624,21.5722763126276,-1.31248130764699,-3.20866129905067,-22.5219063831736,15.1840076150106,-4.54198391533492,-1.6234534803405,-6.61854708526199,5.9324938096722
-19.421793222865,-6.92948958759923,21.5812181892984,-1.30651999967942,-3.20419033582898,-22.5000481725994,15.1601622889068,-4.51515824229681,-1.6110341606378,-6.59420505997007,5.96081001727789
-19.3969546297848,-6.89719932916055,21.5593602685562,-1.31397163463688,-3.24045481526373,-22.4742157419087,15.1219104116325,-4.51168084023471,-1.60656320554455,-6.55247587379697,6.00701014543914
-19.3626773713194,-6.86242520470153,21.5335281803974,-1.30304257003274,-3.23151288882937,-22.4444090911135,15.0727294265584,-4.51068729678841,-1.60656320554455,-6.53161128067174,6.01992631032304
-19.2995873448729,-6.8509994209457,21.4922961935402,-1.29111995410585,-3.23797094681339,-22.4165895503759,15.0210645533799,-4.49578414509872,-1.60358256881449,-6.49286275062732,6.02340373932367
-19.2340134590743,-6.82665753380854,21.4570254578133,-1.30204901870578,-3.25883544182517,-22.3708860191706,14.9952321167781,-4.49479060165227,-1.6105373878496,-6.46951427737637,6.02688116832932
-19.1878136759121,-6.78145117202682,21.4441094137439,-1.32937168020035,-3.28268057899795,-22.3609504689071,14.9599609052997,-4.44461665761841,-1.63835666401127,-6.40890760217502,6.09543619721037
-19.0800141817835,-6.81920593571315,21.3790324225492,-1.29261028103111,-3.24939674167452,-22.3952281173171,14.9197219175196,-4.48286808025956,-1.61153093342024,-6.40692049807082,6.03035859735437
-19.0516981856572,-6.78790922365222,21.3700905458791,-1.31446841021639,-3.26479672608946,-22.3539955836913,14.8615989352409,-4.46001658097924,-1.59911161370843,-6.31750081327724,6.11928142481813
-19.0114596648298,-6.78840599685943,21.3373036647894,-1.29012640270679,-3.25486125227076,-22.3395890357983,14.8397407196681,-4.46101012442569,-1.5717891103266,-6.30508141260708,6.11431366909089
-18.9245245889811,-6.78194794516827,21.2677557351603,-1.24541659301077,-3.23896449416173,-22.3281631529838,14.7920500675611,-4.47293264578161,-1.56781492801973,-6.32842988586744,6.06115868286898
-18.8907441023374,-6.77598666668594,21.2210592681457,-1.25435855496144,-3.24492577845706,-22.3053113873625,14.7657208533537,-4.47243587405834,-1.56731815523142,-6.29613944411658,6.0850039103512
-18.8326217944637,-6.76058669725708,21.2026787439038,-1.27323603017418,-3.22555160452156,-22.2809692891864,14.7254818656487,-4.47442296095104,-1.54794401647981,-6.24795216951929,6.11779109813016
-18.7839381519503,-6.73773512972023,21.1664144663525,-1.27174570318223,-3.21313226224425,-22.2700401838857,14.6931913199571,-4.45554563546191,-1.52012474030879,-6.23006823254075,6.1406427744795
-18.7476738059909,-6.71339324256496,21.1520081095188,-1.27323603017349,-3.20915807271589,-22.24023353306,14.6599072190361,-4.43418445135391,-1.50621510222795,-6.2022487750354,6.16746865535768
-18.7213448972659,-6.69352231426624,21.1286598760437,-1.23498430404673,-3.19276454092296,-22.2039687745425,14.6166875655636,-4.41729421275668,-1.50621510222795,-6.16499057299339,6.21913331492704
-18.6771322014968,-6.65179336483226,21.0899117438854,-1.21710038016373,-3.18580970925083,-22.1523039131071,14.5948293500299,-4.42871996239926,-1.48137646280016,-6.1331969072544,6.22658494851236
-18.6766354296337,-6.58671607474643,21.0874278892639,-1.27522313287222,-3.20766775167913,-22.0842453937532,14.5496225860749,-4.36264932324572,-1.51813764915442,-6.04129334226005,6.34630786135493
-18.6513000646601,-6.5410129395792,21.0456991315227,-1.2747263572092,-3.21064839382243,-22.0514580778081,14.5312418139356,-4.35420420393985,-1.52310537704028,-6.03682235801185,6.34680463692824
-18.6011261065292,-6.5077291346669,21.0238412108262,-1.31446841027029,-3.22257096240421,-22.0161868743098,14.4810672737314,-4.31893341156054,-1.53502792397618,-5.97571890662353,6.38306925375967
-18.5598940419115,-6.47444532976166,20.9672093254499,-1.30453289699049,-3.22555160455072,-21.9848898909208,14.4462928399733,-4.29508836884157,-1.52509246820476,-5.9166025593895,6.43026293310996
-18.5241264677841,-6.43271638033212,20.9190225457726,-1.30701677530939,-3.23747417313547,-21.9506122424485,14.395124744535,-4.28217230403225,-1.51366669406955,-5.86891206072622,6.46901142781692
-18.4724621940409,-6.40738094672802,20.8763002462485,-1.30304257000297,-3.23946126789904,-21.9421670247082,14.3707826408999,-4.26279820681996,-1.48783450903151,-5.847053915517,6.46454044766272
-18.3929786959205,-6.43669056595501,20.8022813785741,-1.27969411378075,-3.23399675729431,-21.9138507064062,14.3365049847599,-4.29856577088949,-1.49180869134456,-5.84755069154436,6.40045639882267
-18.338333790982,-6.41532931801714,20.7650235592249,-1.28416509475385,-3.23648062574963,-21.8939796058354,14.3156403245085,-4.30253994467875,-1.48485387229968,-5.8162538018133,6.41486289041723
-18.3075339354683,-6.38055519344354,20.7232948015927,-1.33632653945342,-3.25585479968513,-21.8681471750776,14.2768916697486,-4.2806819888258,-1.45852491450824,-5.77055040723149,6.43125648434129
-18.265805098963,-6.36912940965371,20.6845466695095,-1.33980396909863,-3.25933221552153,-21.8492696295257,14.2296977953803,-4.25037891367244,-1.46200232403041,-5.75614390243,6.42877260647928
-18.2315278403941,-6.35820039908273,20.6477856211466,-1.33881041777175,-3.2717515577985,-21.810520983385,14.1949233616365,-4.25137245711998,-1.43517659345577,-5.74124062158781,6.44615975154543
-18.1515475704599,-6.39396807009268,20.5787344626949,-1.32241682088468,-3.27423542625088,-21.8075403182969,14.1710780356425,-4.27323041296313,-1.43070563835856,-5.73378898117235,6.41088868586496
-18.1008768403964,-6.40390353425181,20.5310444539854,-1.27472635720157,-3.25585479968401,-21.7861788851674,14.1402778229048,-4.28465616261396,-1.42325404652465,-5.73378898117235,6.38008860033354
-18.0755414753672,-6.38502615233893,20.5047155950493,-1.306519999679,-3.26479672612059,-21.7687916721561,14.1174260521815,-4.26577883710788,-1.40835086285614,-5.7258405647267,6.39548864308812
-18.0104643612399,-6.4004261217821,20.465470692099,-1.29111995409669,-3.25635157337388,-21.7573657893212,14.0995420576895,-4.26577883710788,-1.39841540707986,-5.72037602841564,6.35872725067237
-17.9712193840207,-6.4004261217821,20.4133097451294,-1.28913285144317,-3.25088706277352,-21.704707372757,14.0667547344716,-4.24491442470435,-1.40387990776441,-5.69553722701799,6.36071435296302
-17.9518452813276,-6.34081333686533,20.399896930211,-1.3124813076654,-3.27224833149168,-21.6664555041211,14.0379416322532,-4.18530181788614,-1.40089927102971,-5.6443692961476,6.43721779113211
-17.9185615664614,-6.32889077986614,20.3487295250846,-1.30453289704584,-3.28764831590705,-21.6361520757194,13.994721978943,-4.16990189444831,-1.40387990776359,-5.62946601530932,6.4511275071623
-17.8783230455091,-6.31746499606355,20.3397876484604,-1.29757803776068,-3.30553216875207,-21.598893762078,13.9500119927725,-4.15052779719496,-1.40735731728566,-5.59320136520036,6.47546951028144
-17.8370909808201,-6.30554243905801,20.2935879526132,-1.29757803776068,-3.31000313196931,-21.5829968816019,13.912256893356,-4.14804393857379,-1.3954347703494,-5.5549496110314,6.49732763547564
-17.7725106385014,-6.29113601602287,20.2627881553883,-1.30353934572122,-3.32341602161881,-21.5482224555255,13.8690372400709,-4.1306569282347,-1.37705417715234,-5.52017528903121,6.50925024924226
-17.7163754178839,-6.30653598546441,20.2106272085145,-1.28714574882027,-3.29112573171116,-21.5382869052292,13.8183659224257,-4.1192311785924,-1.36314453906428,-5.51669785683655,6.45460493631412
-17.6801110718148,-6.26431026275163,20.1768467857475,-1.31148775633986,-3.32589989006508,-21.4980479264923,13.7855785992395,-4.07303140822479,-1.36612517579825,-5.46702025397012,6.50080506462544
-17.645833813218,-6.24741997365552,20.156479177915,-1.30801032669644,-3.32589989006508,-21.4662541655251,13.7567654970595,-4.05663794132343,-1.36016390232703,-5.42231041141558,6.48888245087913
-17.646827356946,-6.17886527087552,20.1291567771723,-1.35917822003557,-3.36067404840845,-21.3981956459192,13.7135458437681,-4.01192848614959,-1.35320908328002,-5.36220051191385,6.56439233806173
-17.6254661667963,-6.15402661044601,20.1122665658018,-1.34725560411021,-3.37607403282339,-21.3887568731268,13.672810078631,-3.98559958475204,-1.37059613090045,-5.3318971741748,6.56737299149801
-17.5946663112117,-6.14955565156959,20.0904086452133,-1.39643639478404,-3.37905467496809,-21.3440468967227,13.6231323162806,-3.95132233575082,-1.36711872137594,-5.29116153981365,6.61506344657865
-17.5643632275011,-6.12720085717559,20.0476863458877,-1.41928807530648,-3.3735901643706,-21.3216919085333,13.5898482155175,-3.91803863021551,-1.34675103701685,-5.26085820208132,6.63195381605425
-17.5171699004017,-6.13415568209974,19.9776416458036,-1.42624293459164,-3.34577083771511,-21.2983433652889,13.5620286686161,-3.9249934343599,-1.32688012545216,-5.2509226814942,6.62102475342641
-17.4893506760069,-6.128691176803,19.954790183381,-1.4451204097976,-3.35620308521769,-21.2635689392111,13.54414467418,-3.90512256537939,-1.31843498803369,-5.22260644785034,6.64039900077356
-17.4674927139655,-6.10832347525161,19.9135581968477,-1.45058494209315,-3.36613855902569,-21.2531366113785,13.5148347944177,-3.89469035916865,-1.30551889550441,-5.19727087036214,6.64039900077356
-17.4292412803978,-6.07156225785403,19.869842355763,-1.45903012837719,-3.38899014881248,-21.2287945131352,13.4904926908875,-3.8743227184857,-1.29160925740445,-5.15852234015993,6.65828292135511
-17.4048994590436,-6.06758807218203,19.8325845366008,-1.4644946606733,-3.40289981213523,-21.1816006490996,13.4502537034125,-3.87829689228498,-1.25186743423987,-5.13219321060008,6.66970875955276
-17.3452868353201,-6.07851708277537,19.78539129902,-1.4749269496017,-3.40588045427977,-21.1508004431229,13.4269051551239,-3.87233563159023,-1.23746102334205,-5.12126413796329,6.68411525116359
-17.2638162495336,-6.10335574323196,19.726275559359,-1.44710751246322,-3.38799660142587,-21.1562649957991,13.3901436110166,-3.87034854469128,-1.23100297708146,-5.14709649148615,6.62549573346262
-17.2156293786848,-6.09342027905091,19.675604925333,-1.47244307129584,-3.37855790130214,-21.1120517968803,13.3792145033107,-3.86637437089241,-1.20069983693096,-5.13318676267541,6.65281838997837
-17.2012229946121,-6.0541751955342,19.6522566920035,-1.46846886599351,-3.4103514174816,-21.0926774737463,13.3658015074967,-3.85544539293759,-1.18579665324606,-5.08549626382549,6.65530226784964
-17.1634683329047,-6.04871069023382,19.6105279346108,-1.47492694961453,-3.42078366498446,-21.0559159375679,13.3330141844097,-3.84203255636286,-1.19275147229838,-5.05867035826084,6.67765716864366
-17.1257136711812,-6.04274941172757,19.5782378247255,-1.49479797612978,-3.43220945986603,-21.0320706167844,13.3215882990861,-3.81818751357197,-1.1823192437172,-5.03134767662559,6.70199917177583
-17.0924299562524,-6.03579458680213,19.5211091687832,-1.51218512432951,-3.43220945986603,-20.999780078239,13.2912848641048,-3.80427790527382,-1.18629342603232,-5.02041860398241,6.7039862740687
-17.05815269757,-6.04573005097631,19.4659675965642,-1.52609484289304,-3.43121591248548,-20.9704702047805,13.2848267550103,-3.77149097143307,-1.20268692808696,-4.99707013058784,6.72087664358111
-17.0566623819757,-6.01343979239176,19.4624902001184,-1.57279175522066,-3.4595320128332,-20.9053923501736,13.2644588724868,-3.72479442930091,-1.2011966097184,-4.92404405427179,6.81774788028615
-17.028346385686,-6.01493011201886,19.4257291519464,-1.60905637860122,-3.4356868757019,-20.8934696897711,13.2371361032586,-3.69300103888452,-1.21908043015448,-4.89026328422923,6.83960600554833
-16.999533617518,-6.00102046217168,19.3775423726366,-1.62544997547736,-3.4366804230833,-20.866146926372,13.1944132277355,-3.67412371333938,-1.22504170363099,-4.86294060261604,6.85599959946038
-17.0020174768435,-5.98611726590169,19.359161848576,-1.66469525285757,-3.44562234951247,-20.8189530623103,13.1844776752854,-3.64332386638041,-1.21759011178865,-4.80084359890959,6.93001915996994
-16.9702240774857,-6.00251078179759,19.2955751707641,-1.68307595238205,-3.44462880213074,-20.7946109639949,13.1596387941571,-3.64084000775571,-1.21808688457846,-4.78842419817907,6.90816103475496
-16.9111082255416,-6.02734944226078,19.2285110964587,-1.70592763285935,-3.44214493368124,-20.7752366408454,13.1263546934714,-3.63487874705055,-1.20417724646023,-4.76358539665814,6.92604495543537
-16.919056575378,-5.98512371943126,19.230994951063,-1.74964389116038,-3.47195135508467,-20.7195975589558,13.1308256920711,-3.59911118280713,-1.19622888182877,-4.69999806483258,6.99112255563812
-16.8937212102522,-5.99356886398122,19.1912532774296,-1.74765678850977,-3.47791263936783,-20.6907844629779,13.1064835885768,-3.59116283520382,-1.20815142877815,-4.67515926331967,7.0080129251723
-16.8768309668438,-5.97320116239897,19.1649244186589,-1.77646977692067,-3.51417711873449,-20.6391196012159,13.0995287018661,-3.55738235786787,-1.20467401925247,-4.62349455621349,7.0626582382877
-16.8663987576732,-5.93445285208979,19.1380987889857,-1.79137304679908,-3.51914485563671,-20.606829062619,13.0846253731942,-3.55191786888916,-1.19573210904289,-4.58275892172738,7.09494865062252
-16.8316247271209,-5.95283346082937,19.0730217984684,-1.78342463619808,-3.51467389242687,-20.5735449689739,13.0478638291786,-3.54794369508563,-1.1897708355673,-4.59070733820766,7.09097444603239
-16.7764830500726,-5.97220761597083,19.0109254334664,-1.75510842342728,-3.53653193479844,-20.5492028706341,13.0314701676591,-3.55936944477236,-1.1897708355673,-4.59070733820766,7.08749701701213
-16.7541283161335,-5.98959467827819,18.973667614492,-1.76653426366608,-3.54050612432351,-20.5089638917539,13.0170636166307,-3.53105345642111,-1.175364424662,-4.57381695319525,7.09842607962611
-16.7496573693475,-5.96574956422149,18.9513129230896,-1.80577954096675,-3.56484803513597,-20.446369924541,12.9912311802829,-3.51118258739004,-1.16294510491719,-4.52215224599208,7.14313588138209
-16.7297864947348,-5.94736895548875,18.9289582317194,-1.81819893252747,-3.58173834061796,-20.4115954983337,12.9480115271913,-3.47541502316,-1.16344187770698,-4.46253912239839,7.21169091052927
-16.7044511295866,-5.95283346078621,18.8822617652987,-1.81571505421603,-3.56931899836534,-20.3673822992937,12.9321146433007,-3.47442147970897,-1.16592574165754,-4.44614551338084,7.19728441886906
-16.6473223650988,-6.00002691570705,18.7908559160645,-1.81521827855407,-3.53653193481885,-20.3509886412126,12.9216823132363,-3.48584722940482,-1.15300964912313,-4.45260360177687,7.12823261407924
-16.5887032849362,-6.02387202970988,18.7049145471021,-1.78988271974095,-3.51566743981917,-20.3296272079655,12.8844239916174,-3.49578266390846,-1.1281710096354,-4.43571321673377,7.09991640633723
-16.5370390109326,-6.04423973129213,18.6512632878276,-1.77100524458003,-3.48387392366604,-20.2993237793808,12.8615722210131,-3.49975683771566,-1.11128073478581,-4.4322357845208,7.07656795435516
-16.4963037179522,-6.05268487585354,18.6070506760372,-1.77448267421668,-3.47294490247935,-20.2724977934368,12.8238171217593,-3.4744214797039,-1.09737109667226,-4.40789375900302,7.0750776276311
-16.4754392996049,-6.03082685464768,18.582212130094,-1.8077666435866,-3.4649965234369,-20.2416975873366,12.7994750183257,-3.45604092585223,-1.09190659598437,-4.35821615595914,7.12723906292672
-16.4615296873633,-5.99058822471603,18.5543929586356,-1.86042486379393,-3.45506104963494,-20.1875488378807,12.7855652449255,-3.4207701333199,-1.08246791297889,-4.31052565699659,7.18039404943195
-16.4466265313962,-5.97171084278157,18.5230963907507,-1.88675397388375,-3.45605459701607,-20.1686712922102,12.7766232477405,-3.41580241606114,-1.08246791297889,-4.264822262199,7.21864576861842
-16.3919816261905,-5.99555595683828,18.464477422303,-1.8728442553559,-3.42972559144195,-20.1403549736561,12.7612231414717,-3.37506713448548,-1.08395823134877,-4.26979002251171,7.19728441888061
-16.3740978390298,-5.97916244092625,18.4456001273876,-1.88774752521826,-3.44164816000793,-20.0926643319193,12.7567521428812,-3.34625437436456,-1.06855827485815,-4.25041575731267,7.21665866628227
-16.362175314248,-5.98214308017875,18.4028778284172,-1.88675397389359,-3.45059008643068,-20.0529221304662,12.764700584825,-3.32091901634648,-1.08197114018459,-4.21564143511807,7.23901356713788
-16.335846405367,-5.98810435868658,18.368600635062,-1.89172173051259,-3.46102233392923,-20.0375220274103,12.7229712646203,-3.30303523421094,-1.08197114018459,-4.1853380972451,7.28422014435288
-16.3482657020195,-5.94488508953406,18.3676070932265,-1.92997345655101,-3.48437069737964,-19.9833732779322,12.7175067107886,-3.25782900717937,-1.08892595924498,-4.16049929569007,7.33340092624106
-16.3502527894825,-5.92153674869401,18.3378008381361,-1.9647477528858,-3.50374487129214,-19.9446246314901,12.684719387792,-3.23944845331441,-1.09637755109255,-4.12373786940866,7.35227839805466
-16.3234271087144,-5.93743349138749,18.3030268738752,-1.96872195818406,-3.5126867977181,-19.8924629920696,12.6747838353684,-3.22106789944256,-1.08892595924111,-4.11032491656203,7.38208493255273
-16.2876595343769,-5.94488508952873,18.260304574925,-1.97120583649295,-3.50970615557628,-19.8591788983367,12.6742870577476,-3.20566797593216,-1.09786786945669,-4.09393130753554,7.35674937825273
-16.2936207967668,-5.95034959483317,18.2210596723976,-1.98561233067567,-3.52212549782788,-19.833346467361,12.6504417319406,-3.17983584615054,-1.08842918644574,-4.05567955309251,7.38506558606323
-16.2662983441447,-5.94885927520595,18.1773438316244,-1.98710265766082,-3.53057065056526,-19.7747267201854,12.6290802942367,-3.15847466192376,-1.09389368713546,-4.04127304819306,7.38059460589557
-16.2305307697838,-5.94786572878753,18.1207119470158,-1.97021228514929,-3.53603516115928,-19.7628040597317,12.5987768593544,-3.17685521581578,-1.09439045992539,-4.01146648630174,7.41238824272125
-16.2012212296959,-5.98413017305848,18.055138185869,-1.96375420154368,-3.53106742425775,-19.7429329589803,12.5669830916278,-3.20616474766255,-1.10184205177751,-4.00798905408492,7.38109138154139
-16.1734020051899,-5.97220761604566,18.0198674507413,-1.99703817089226,-3.53802225591683,-19.7007068698651,12.5297247700431,-3.17884230270497,-1.09290014156111,-3.99407932519331,7.40692371144382
-16.1490601837547,-5.96425924470146,17.9900611956975,-1.99604461956856,-3.52908032948987,-19.6555001156767,12.5178021071431,-3.16592623781931,-1.08048082180681,-3.97073085172474,7.41387856948413
-16.1237248185791,-5.97022052321119,17.9542936896502,-2.01392854340476,-3.52411259258807,-19.6063191412753,12.4959438918306,-3.13512639077199,-1.06607441089271,-3.9319823212488,7.42778828559123
-16.1028604002118,-5.98661403912322,17.9075972234311,-2.01392854340476,-3.51864808199947,-19.5705511598892,12.4840212289357,-3.12221032588376,-1.05117122719415,-3.90714351967621,7.43076893903678
-16.0800088943567,-5.99803982292581,17.8574233608182,-2.0213801783368,-3.51268679771599,-19.5308089583507,12.4462661297696,-3.12668127142172,-1.05613895509549,-3.91409838411612,7.41685922293327
-16.0760347194281,-6.00300755501831,17.8097333527955,-2.02386405664537,-3.52013840306963,-19.4836150940242,12.4278853578087,-3.0998555981816,-1.04968090882918,-3.89472411888891,7.43027216344185
-16.0268543046822,-6.00996237994893,17.7605530320153,-2.01045111378594,-3.50821583450825,-19.4418857823899,12.4055303648898,-3.09339756573096,-1.04868736324876,-3.87534985362883,7.4228205298044
-16.0079769737677,-6.01493011203919,17.7029276056873,-2.03379956987159,-3.51616421355158,-19.4026403583542,12.3633042671684,-3.07352669666222,-1.0387519074479,-3.83660132316776,7.43722702145862
-15.9905899584407,-6.04274941173503,17.6587149941305,-2.04621896142562,-3.52013840307346,-19.3633949343192,12.3429363847316,-3.07302992493563,-1.02136485979135,-3.84753039586544,7.4024527311826
-15.9751900305884,-6.01443333881716,17.6189733208127,-2.07155452017374,-3.5226222715244,-19.3162010699695,12.3325040547071,-3.01391408947163,-1.0059649032932,-3.7943753604899,7.43424636793706
-15.9682352244586,-6.01592365844418,17.6015863387303,-2.06062545561783,-3.53156419793926,-19.2764588683822,12.3245556127778,-3.00447542665939,-0.986590764474127,-3.78940760016956,7.44418187944508
-15.9508482091377,-6.02486557620617,17.5325351813825,-2.05913512863219,-3.5355383874629,-19.2277746714696,12.2843166255412,-3.00397865493285,-0.984106900522129,-3.76804623080656,7.43027216336639
-15.9543256122021,-6.00896883350931,17.4823613188406,-2.06758031488243,-3.55590610875159,-19.1939938001058,12.2788520717167,-2.99652707902714,-0.990564946795547,-3.7392332209259,7.45213028869314
-15.9374353687532,-6.01741397806444,17.4451035001268,-2.05963190429713,-3.57528028264911,-19.1443160480931,12.247058304031,-2.98112715549561,-0.980629490988923,-3.71638152345696,7.48442070104269
-15.9324676500871,-6.00598819426185,17.4058585977746,-2.05814157731095,-3.57677060372016,-19.1095416216934,12.2525228578534,-2.94635313461838,-0.964732761699294,-3.67316200869141,7.51671111343769
-15.9011710225096,-6.01095592635303,17.3641298408478,-2.05814157731095,-3.56931899836653,-19.0886769658566,12.2261936439921,-2.95380471052204,-0.944861850094543,-3.66968457646953,7.5201885424596
-15.8768292010451,-6.02188493695306,17.3238913966629,-2.07552872546028,-3.57577705633825,-19.0404895463801,12.2023483182387,-2.95181762361373,-0.945855395674963,-3.67564588885888,7.51671111342955
-15.8534809233215,-6.02238171016201,17.29110451624,-2.05019316672775,-3.56534480884317,-19.0052183424457,12.2048322063376,-2.93343706970749,-0.931945757543563,-3.66074260789606,7.54800797463794
-15.8306294174505,-6.0189042977023,17.2488789884398,-2.05814157731815,-3.55292546658437,-18.9475921500767,12.187941767259,-2.91157911372533,-0.934429621495637,-3.625471509627,7.58228548933825
-15.8162230333247,-6.03579458681637,17.2091373152008,-2.04820606408754,-3.54746095599185,-18.9083467259686,12.1596254429334,-2.91903068963383,-0.931945757542957,-3.61652954104787,7.58278226491286
-15.7710167934485,-6.04672359741087,17.1361119906196,-2.05267704504298,-3.51715776090129,-18.8556883087649,12.1332962290645,-2.9259854938117,-0.943371531721099,-3.59814882785389,7.59420810315196
-15.7486620594523,-6.04622682420198,17.1197185504209,-2.08596101436168,-3.51517066613958,-18.8010427815017,12.1223671214336,-2.88674052737598,-0.943371531721099,-3.57579390640763,7.64090500716098
-15.7109073975929,-6.0765299899562,17.0769962517218,-2.09539975193112,-3.51069970293185,-18.7657715775275,12.0796442461286,-2.87730186455808,-0.942874758930927,-3.57231647417837,7.65729860116857
-15.7019655039991,-6.06858161861031,17.0452029131409,-2.12669661859189,-3.48337714999341,-18.7290100409725,12.0796442461286,-2.85743099546753,-0.954300533108021,-3.55592286511148,7.67965350205032
-15.6676882451849,-6.06609775256534,17.0094354072666,-2.14905152337252,-3.47592554463689,-18.6703902935002,12.0548053651295,-2.83557303945647,-0.950823123573842,-3.52214209489701,7.69853097393129
-15.6284432677083,-6.08050417562231,16.9567776903163,-2.14010956146015,-3.47046103404227,-18.6212093189567,12.0359278155894,-2.83010855046073,-0.959268261008828,-3.50574848584437,7.69604709605845
-15.6130433398346,-6.09391705225906,16.9066038279273,-2.12123208632587,-3.45009331273896,-18.6008414405925,12.0289729289165,-2.81421185518709,-0.932939303107193,-3.48587744454094,7.70101485181581
-15.598140183833,-6.11080734135562,16.8688492384158,-2.14507731807505,-3.45655137071282,-18.5615960164361,12.0195341541425,-2.80974090963977,-0.942377986126226,-3.47743225199133,7.70449228084138
-15.5991337275668,-6.11676861985759,16.827617252532,-2.15153540167735,-3.45009331273486,-18.5347700302866,11.9976759388849,-2.80427642064048,-0.933932848687626,-3.44563858590263,7.71045358775057
-15.5961530963677,-6.10335574320943,16.7958239139976,-2.17637418474431,-3.45704814439777,-18.4836019455944,11.9832693879272,-2.78241846463433,-0.930455439153234,-3.43918049748234,7.74969885817575
-15.6254626365136,-6.0710654846163,16.7655208882291,-2.21810334027863,-3.45704814439777,-18.4354145259776,11.9534627307579,-2.72876711805636,-0.921016756137084,-3.38354158178438,7.81577000983451
-15.6105594805085,-6.07205903103406,16.724785673248,-2.21512268631212,-3.45406750225479,-18.4115692049514,11.9425336231328,-2.73522515051313,-0.924494165669775,-3.38155447765484,7.8237184190362
-15.6021143587714,-6.05765260797671,16.6994503566206,-2.21860011594181,-3.42177721238815,-18.3648721179207,11.9236560736077,-2.71386396622453,-0.910087754748189,-3.35472857186973,7.83911846190159
-15.5529339439664,-6.08298804162997,16.6418249305712,-2.22307109688922,-3.41084819120116,-18.3216524735213,11.8868945297824,-2.70641239031046,-0.907107118007113,-3.35025758757686,7.83017650154649
-15.5554178033018,-6.09888478431204,16.5926446100982,-2.21860011593516,-3.40190626476927,-18.2694908337021,11.8620556488133,-2.73075420495762,-0.905120026844392,-3.34628337931329,7.82024099002842
-15.5762822217124,-6.07802030953627,16.5812188790801,-2.24741310430467,-3.38153854344741,-18.2118646411807,11.8406942111967,-2.69747049922389,-0.889720070342005,-3.31051550497867,7.85948626044816
-15.5807531685151,-6.07702676311907,16.554890020649,-2.2643034767941,-3.39296433832771,-18.1626836665233,11.8143649973851,-2.67809640184199,-0.891210388714934,-3.28319282316023,7.87041532311782
-15.5772757654472,-6.07702676311907,16.5196192857748,-2.26778090642174,-3.36663533272743,-18.109031694156,11.7736292326205,-2.68008348875203,-0.872333022671388,-3.27375407854253,7.87289920099352
-15.562372609437,-6.07205903103422,16.490806572798,-2.26529702811342,-3.36862242749012,-18.0538893891998,11.7448161307256,-2.66617388038344,-0.870842704299414,-3.26630243804704,7.89773797979708
-15.5410114191693,-6.0934202790249,16.4460971905692,-2.25138730959984,-3.3462676114212,-18.024082737873,11.7229579154988,-2.66120616310597,-0.860907248482772,-3.25040560500526,7.90469283785353
-15.5102115634221,-6.13564600178931,16.4068522884125,-2.216116237666,-3.33335149546545,-18.002721304404,11.6986158121759,-2.65325781545249,-0.851468565461143,-3.25388303724007,7.86693789402718
-15.5231276319602,-6.13415568216264,16.3487300915706,-2.20419362179539,-3.334841816537,-17.9604952150291,11.6663252669539,-2.64034175053686,-0.832591199417596,-3.22010226701332,7.88531859031575
-15.5037535291442,-6.14856210521999,16.2911046656354,-2.17736773606448,-3.32739021117493,-17.920256235707,11.6563897145793,-2.65226427200309,-0.82762347151064,-3.21016674634473,7.88333148801001
-15.5226308600873,-6.12074280552045,16.2786853928016,-2.15998058792987,-3.32888053224627,-17.8834946990307,11.6429767188756,-2.63139985942885,-0.812223515006371,-3.18582472073598,7.91512512484262
-15.5246179475556,-6.1222331251462,16.238446948868,-2.16892254983696,-3.32391279533775,-17.8661074857327,11.6315508336399,-2.61898056624524,-0.803778377562096,-3.14409553392962,7.93598969903513
-15.4833858825899,-6.1470717855909,16.1733699592803,-2.14259343977686,-3.31844828473527,-17.8417653871265,11.6062151751002,-2.62494182697776,-0.801791286399436,-3.15154717442029,7.92903484098158
-15.4550698861634,-6.14458791954765,16.1207122425218,-2.13166437522655,-3.29609346865832,-17.8030167403564,11.5769052956137,-2.63338694635168,-0.816197697330707,-3.13962454961727,7.95635749767661
-15.456560201764,-6.13067826970454,16.0774931731127,-2.12272241332565,-3.31049990568967,-17.7657584261425,11.5446147504308,-2.61848379452149,-0.813217060584985,-3.11081153970924,7.98020272529587
-15.4560634298969,-6.12670408403571,16.0412288964938,-2.12967727258815,-3.30751926354554,-17.7379388848557,11.5466018609051,-2.61947733797671,-0.804275150350282,-3.0810049777047,7.99113178797724
-15.4510957112282,-6.13216858933173,16.0119194126424,-2.13116759957222,-3.30801603723626,-17.6947192403667,11.5312017547364,-2.60010324058272,-0.806262241514096,-3.04225644712229,7.99659631930865
-15.441657045752,-6.1291879500809,15.9488295068046,-2.12918049692615,-3.29808056341784,-17.6604415912724,11.5247436456964,-2.63139985944994,-0.796823558486988,-3.03877901488748,7.99063501239391
-15.4351990114835,-6.14359437313365,15.9085910629358,-2.12123208634167,-3.26330640504951,-17.6221897220105,11.5083499842955,-2.63189663117762,-0.801791286395309,-3.04026934298669,7.96977043822954
-15.4322183802802,-6.1584975693882,15.866365535416,-2.1391160101664,-3.26479672612218,-17.5725119696687,11.492453100506,-2.61997410971139,-0.787384875456554,-3.03381125454996,7.96132525343189
-15.4108571900017,-6.16495562110785,15.8082433386561,-2.13067082392395,-3.23995804158366,-17.531776212746,11.4760594391023,-2.63040631600124,-0.792849376153287,-3.02884349421868,7.96033170228026
-15.4029088401281,-6.1545233837251,15.7853918767051,-2.13464502921467,-3.24343545741977,-17.4801113503011,11.4313494534585,-2.59910969714418,-0.791359057780312,-3.00499824458324,7.99560276821665
-15.4232764866832,-6.14707178559516,15.7411792655789,-2.14110311281763,-3.25287415755027,-17.4448401461548,11.4164461249203,-2.5951355233227,-0.780430056381337,-2.97419813054051,8.01497701565634
-15.4068830150578,-6.16793626034818,15.6870312362262,-2.12073531068469,-3.21611290438556,-17.4100657195134,11.4134654592122,-2.60705804478565,-0.76105591753977,-2.9806562189762,7.95784782441891
-15.3924766309163,-6.19426524039962,15.6378509159774,-2.10632881650234,-3.18431938816309,-17.3862203983865,11.3990589083008,-2.60656127305779,-0.765526872658147,-2.98512720327449,7.94989941520997
-15.3860185966433,-6.17936204413399,15.6135091412974,-2.1147740027463,-3.18481616185382,-17.3410136437272,11.373723249769,-2.57377433900928,-0.776455874055453,-2.94985610485574,7.98368015443709
-15.3880056841108,-6.14955565159084,15.580225490196,-2.12818694559782,-3.18580970923522,-17.29531011154,11.3583231436119,-2.57129048036766,-0.788378421033238,-2.93147539160939,7.996596319407
-15.3959540339856,-6.13962018741798,15.5613481955744,-2.12570306728994,-3.17289359326307,-17.2615292399213,11.3230519327369,-2.54645189396914,-0.789371966615298,-2.90266238164487,8.01795766919141
-15.3502510222068,-6.1912846010331,15.5161420426823,-2.08546423865591,-3.14259039805872,-17.2496065793598,11.3071550489667,-2.56930339342897,-0.765030099850018,-2.91160435023828,8.00106729964251
-15.3467736191358,-6.18979428140818,15.4749100570723,-2.06758031483118,-3.13811943484037,-17.2183095953322,11.2808258352174,-2.57377433897965,-0.770494600552427,-2.88130101216633,8.03087383423516
-15.3164705352309,-6.22258131318125,15.4103298386477,-2.02187695392583,-3.10831301334889,-17.230232255902,11.2584708424153,-2.57973559971425,-0.758075280784469,-2.90166882951819,7.96281558044229
-15.3149802196294,-6.23549741660665,15.3874783767227,-2.01392854334358,-3.08695174463072,-17.2029094920645,11.2475417348282,-2.57427111070242,-0.756584962411358,-2.89570751710571,7.9956027685404
-15.3040512385524,-6.23897482906766,15.3681043112037,-2.00846401106429,-3.06410015483257,-17.1646576227209,11.2063091925955,-2.57278079551916,-0.749630143335457,-2.88577199643854,7.97622852110072
-15.3224317976471,-6.22407163281788,15.3666139984713,-2.01790274864076,-3.09788076585159,-17.1313735286031,11.1829606445633,-2.55191638295429,-0.758572053572895,-2.83510084097448,8.06962232945213
-15.3368381817886,-6.18582009574981,15.3666139984713,-2.03131569150053,-3.11079688182374,-17.0623214527072,11.1660702055766,-2.52658102481673,-0.747643052170247,-2.78890066985296,8.11979666262587
-15.3204447101672,-6.21165230260269,15.3194207619309,-1.99753494650259,-3.07453240236497,-17.0454310168788,11.1317925499657,-2.54049063320754,-0.732243095653744,-2.80330717484701,8.09446110820126
-15.2926254856114,-6.23599418984982,15.2727242962997,-1.97170261211361,-3.0397582439832,-17.0091662575819,11.1158956662027,-2.55787764369237,-0.72181086704866,-2.80678460708386,8.09197723032191
-15.3005738354845,-6.21960067395305,15.2662662744595,-1.96127032321705,-3.02982277015216,-16.959985282641,11.1178827766729,-2.54098740492367,-0.727275367748899,-2.76654574828377,8.14910642169534
-15.333360778723,-6.1594911157911,15.2866338817939,-2.00001882486613,-3.06211306012222,-16.8894428741985,11.0910567853385,-2.50124566671578,-0.748636597769369,-2.69749387961688,8.22262920687369
-15.3313736912538,-6.1222331251295,15.2861371108835,-2.00399303016194,-3.03926147032218,-16.8526813373525,11.064727571623,-2.46448455882486,-0.73323664123969,-2.68010671841118,8.25044863919218
-15.3701218968982,-6.06560097930354,15.3000466963728,-2.05516092334224,-3.07800981825148,-16.7582936076805,11.0383983579094,-2.43418148340543,-0.733733414030591,-2.58969348028138,8.38755869811716
-15.3591929158187,-6.04970423662484,15.2647759617135,-2.05317382069617,-3.06708079703703,-16.7190481832053,11.0210111413057,-2.41629770117438,-0.733733414030591,-2.58621604804009,8.39103612716039
-15.3850250529044,-6.03380749394066,15.2523566889548,-2.06459966091474,-3.0675775707286,-16.6763253160748,11.0080949232739,-2.37854304982789,-0.731249550074191,-2.54200298102245,8.46902989258579
-15.369625125015,-6.03778167960843,15.2011892852091,-2.04621896141949,-3.04224211247029,-16.6360863365579,10.9723269348505,-2.367614071809,-0.711378638428761,-2.53951910084995,8.44766854277256
-15.3418059004607,-6.05765260796525,15.1445574014356,-2.01939307569065,-2.99157119591098,-16.6321121163564,10.9529526077946,-2.39493651685794,-0.697469000269309,-2.540512652918,8.40643616995905
-15.3457800753999,-6.03529781357541,15.1286607323101,-2.01243821641905,-3.00299699081683,-16.5814408088005,10.9440106106881,-2.37208501735362,-0.702436728179451,-2.51219641895615,8.42730074418922
-15.4004249807571,-6.00996237990936,15.1400864632524,-2.02436083229517,-3.01193891726428,-16.5481567146034,10.8958231818568,-2.32191107277036,-0.701443182597665,-2.45357684689773,8.49635254932682
-15.3745928436633,-6.00648496744456,15.1063060413532,-2.00995433809545,-3.02038407002101,-16.5163629529723,10.854590639639,-2.33085296388499,-0.693494817942166,-2.45705427914232,8.4973461004823
-15.4029088400728,-5.97369793563838,15.0879255176603,-2.01045111375712,-3.00945504880687,-16.4582399824814,10.8208097617121,-2.28713705176466,-0.703927046546613,-2.43221547741613,8.55894627201412
-15.4034056119401,-6.00102046213082,15.0601063466948,-1.98511555498234,-2.99355829066798,-16.4224720006316,10.8064032108254,-2.31147886645678,-0.697469000255631,-2.41780897240779,8.55199141393159
-15.3899927715294,-6.02635589581102,15.0327839466358,-1.98461877932105,-2.97368734302235,-16.4115428950669,10.7756029985995,-2.29707248632316,-0.694985136300977,-2.4153250922347,8.52566230835516
-15.4024120682104,-6.01542688521157,15.0248356120732,-1.95977999622796,-2.98908732745898,-16.3708071379494,10.7418221206685,-2.29409185594976,-0.686539998850766,-2.37359590530093,8.55695916976595
-15.3954572620737,-5.9950591836277,15.0248356120732,-1.95282513696528,-2.98262926946747,-16.3300713808478,10.7204606831722,-2.30253697533611,-0.681075498145351,-2.37061524909463,8.56341725226429
-15.4063862431573,-5.95680764654032,15.0044680047933,-1.95481223961426,-2.96772605871061,-16.2918195113684,10.7209574607888,-2.29111122558267,-0.696475454672677,-2.33136994233589,8.59968186939987
-15.41979908357,-5.93892381102013,15.0084421720704,-1.96176709888086,-2.98362281686223,-16.252077309318,10.6916475814312,-2.26329200880521,-0.697469000255889,-2.30752469269176,8.65283685605162
-15.4237732585087,-5.93544639855709,14.9741649793115,-1.96872195815246,-2.96424864288715,-16.2287287656046,10.6673054782166,-2.26031137843315,-0.68455290768636,-2.28864720336573,8.68065628838557
-15.4029088401093,-5.93942058423247,14.9339265355871,-1.97021228513646,-2.95033897952254,-16.1860058983592,10.6389891541107,-2.25832429151635,-0.66319167766328,-2.30404726044547,8.68264339069451
-15.3870121403501,-5.94438831632484,14.906107364654,-1.96425097718861,-2.92550029493258,-16.1581863568977,10.6260729360835,-2.24888562867302,-0.645307857174195,-2.28964075542898,8.68512726858336
-15.3482639347316,-5.95531732693329,14.8544431900397,-1.93990896975208,-2.9145712737118,-16.1318571479968,10.6081889419094,-2.28167256277227,-0.60357894271624,-2.29262141163745,8.6364432620376
-15.3557155127406,-5.92849157365017,14.8410303754809,-1.94437995071474,-2.91556482109589,-16.1129796019993,10.5739112863921,-2.2449114548584,-0.621959535999215,-2.27175681816212,8.66376591880147
-15.3581993720763,-5.91706578983786,14.8147015172774,-1.90861210306803,-2.87731324681627,-16.0836697279604,10.5629821788391,-2.26627263919073,-0.618978899253129,-2.25784708918814,8.65879816303544
-15.3368381817824,-5.92253029513838,14.749624528165,-1.88029589030305,-2.85346810961847,-16.0647921819558,10.5406271861212,-2.28763382352359,-0.615501489713532,-2.26033096936475,8.62799807720229
-15.3403155848509,-5.94240122351316,14.7093860844794,-1.86837327441836,-2.83707457778344,-16.0290242000539,10.5227431919553,-2.29508539944975,-0.612024080172765,-2.26231807350233,8.61855934124374
-15.337831725514,-5.95034959486243,14.6984571244841,-1.84800547225669,-2.8331003882462,-15.9833206676097,10.5023753096859,-2.27819516067177,-0.592649941313439,-2.26827938592542,8.63246905741927
-15.3542251971228,-5.94786572881661,14.6721282662877,-1.84105061299009,-2.82564878286437,-15.9420881329134,10.480517094599,-2.28266610622791,-0.593146714105024,-2.25188577678165,8.61210125878237
-15.3482639347145,-5.93445285216738,14.6830572262914,-1.8196892595051,-2.81869395117592,-15.9018491532693,10.4671040989624,-2.28465319314267,-0.584701576650166,-2.22058888655126,8.63346260863121
-15.3269027444361,-5.94339476993389,14.6388446153787,-1.76405038535802,-2.79236494549203,-15.8874426049951,10.4601492123459,-2.31644658378754,-0.581720939900528,-2.19624686084014,8.64091424229113
-15.3696251250231,-5.92799480044323,14.6428187826525,-1.76156650704588,-2.79882300348872,-15.8268357467003,10.4392845524731,-2.28614350831288,-0.572779029648607,-2.15799510610017,8.67022400139827
-15.3914830871719,-5.9205432023018,14.6140060699446,-1.76454716101935,-2.78640366118431,-15.8029904254069,10.4223941135451,-2.27869193238598,-0.57178548406497,-2.15104024161318,8.69506278023632
-15.3969475777109,-5.90166582033874,14.5762514808641,-1.76901814198098,-2.79534558763867,-15.7493384524912,10.4010326760777,-2.26975004126153,-0.562346801030362,-2.1232207836185,8.73530160207017
-15.4188055398576,-5.88676262405131,14.5588644990505,-1.76752781499426,-2.78988107702065,-15.702641364966,10.3622840220731,-2.25335657421783,-0.558372618701398,-2.10732395049573,8.7745468726487
-15.4396699582844,-5.8798077991231,14.5603548117759,-1.77945043090035,-2.78093915056333,-15.6743250459316,10.3533420249927,-2.23149861815603,-0.546450071702845,-2.08993678925416,8.80435340732534
-15.4704698140194,-5.8152272818278,14.5668128335965,-1.78143753354831,-2.80677138253902,-15.6241505156745,10.3285031442326,-2.19126010812162,-0.544462980536359,-2.00647841533766,8.90122464496389
-15.4794117076314,-5.78641443567059,14.5479355390731,-1.78839239282544,-2.78739720853237,-15.5858986460624,10.2892577125997,-2.1838085321856,-0.542475889369993,-1.96772988456172,8.94046991564368
-15.4659988672247,-5.75859513593481,14.5226002227281,-1.76951491766065,-2.78193269791708,-15.5665243225061,10.257463945242,-2.17039569551416,-0.538501707036899,-1.94140075470186,8.96878612350923
-15.4813987951108,-5.7561112698876,14.4863359463749,-1.78491496319871,-2.76305529760629,-15.514362682127,10.2202056240752,-2.13015718545161,-0.530553342369498,-1.92848457776976,8.99759910705516
-15.4868632856484,-5.73226615583406,14.4704392773064,-1.79087627115068,-2.76404884499129,-15.496478691154,10.1978506313951,-2.11525403359315,-0.53800493424257,-1.91954260913512,8.98816037108631
-15.4799084795097,-5.7173629595407,14.4222524991648,-1.77945043091072,-2.75759078699461,-15.4761108125127,10.170527862546,-2.12220883780453,-0.552411345201577,-1.90712320823271,9.01448947675419
-15.4938180917794,-5.67464046347245,14.42374281189,-1.78640529018035,-2.76206175022518,-15.4279233923272,10.1322759862016,-2.10035088173618,-0.552411345201577,-1.86390369316225,9.08105740416171
-15.5077277040568,-5.65625985470061,14.4267234373411,-1.7710052446415,-2.73771983931123,-15.4001038507685,10.1109145487564,-2.09687347963114,-0.553404890784424,-1.83509068306311,9.12626398185471
-15.4997793541867,-5.63539537987825,14.4138073937179,-1.76901814199237,-2.75560369223674,-15.3772520844999,10.0905466665525,-2.07501552355188,-0.537508161458849,-1.80975510525242,9.16600602807288
-15.5117018789967,-5.61254381223875,14.3864849937698,-1.76305683404024,-2.75311982377558,-15.3414841025143,10.0587528991871,-2.06855749107448,-0.548437162874524,-1.77994854309537,9.19829644067932
-15.4823923388623,-5.63489860671239,14.343265924702,-1.74219225622652,-2.70493277563714,-15.3340324395959,10.0453399035891,-2.08693804505091,-0.544959753332588,-1.80627767299251,9.14265757593853
-15.4938180918078,-5.63390506029238,14.3268724847355,-1.72877931333269,-2.72331340225934,-15.3226065564533,10.0289462422963,-2.08743481678007,-0.532043660745296,-1.79932280848779,9.15954794561713
-15.5117018790156,-5.61900186398831,14.3070016484089,-1.73970837790402,-2.72977146025906,-15.2778965789565,10.0080815824945,-2.06160268686885,-0.534030751911964,-1.7869034076007,9.20823195219768
-15.5077277040778,-5.60558898732767,14.2702406012136,-1.71337926778313,-2.7481520868777,-15.251070592432,9.99466858689096,-2.09935733828792,-0.534030751911964,-1.77796143895141,9.20972227893372
-15.5499533127494,-5.56684067692577,14.2866340411906,-1.73076641596591,-2.762558523954,-15.1735732980629,9.97330714946376,-2.06706717588963,-0.517140476994766,-1.7536194132073,9.26933534827045
-15.5290888943255,-5.58373096605735,14.2528536194695,-1.69698567086918,-2.7436811236427,-15.1800314059267,9.96188126431946,-2.0770026104731,-0.489321200648654,-1.77150335050479,9.23654816008447
-15.5365404723249,-5.54349233595022,14.2707373721812,-1.71288249204753,-2.7665327134705,-15.1472440890446,9.9514489344197,-2.04123504594582,-0.487830882273082,-1.74269034041556,9.26486436806524
-15.5032567572239,-5.56584713040008,14.2076474668932,-1.68854048455792,-2.74715853945422,-15.1348246508384,9.92611327608316,-2.05862205646493,-0.475411562483113,-1.76156782979468,9.21916101479365
-15.507727704026,-5.54498265555441,14.1604542306482,-1.67711464432147,-2.7367262919165,-15.101540556452,9.89233239832599,-2.06309300202855,-0.466469652230647,-1.76554203808044,9.22015456594991
-15.5320695255008,-5.49927952019156,14.1639316270032,-1.67959852263508,-2.75013918160267,-15.0518628036064,9.88339040126333,-2.03030606788018,-0.455540650814973,-1.73126449155508,9.28423861570768
-15.5131921945543,-5.50921498439348,14.1222028707502,-1.65028875852546,-2.74517144467384,-15.0404369204605,9.86252574146155,-2.04123504591217,-0.442624558224128,-1.7446774445107,9.25194820319162
-15.5107083352187,-5.47493763287088,14.0998481799084,-1.64830165587373,-2.73821661298116,-14.9927462777199,9.83520297266922,-2.01888031808793,-0.434179420757658,-1.71139345006797,9.29765155649679
-15.4943148636118,-5.46053120976565,14.0814676563237,-1.60806282719428,-2.71983598636049,-14.9798300619832,9.81235120243441,-2.03080283958958,-0.418282691417508,-1.69549661692333,9.30609674132142
-15.5057406165566,-5.41880226009318,14.0854418235848,-1.60905637852025,-2.69052633850023,-14.9559847406031,9.7805574351128,-2.00745456832571,-0.412818190706414,-1.66817393491921,9.33242584700604
-15.4724569014902,-5.41880226009318,14.0322873364353,-1.58322404407162,-2.64929412200973,-14.96840417882,9.75820244248019,-2.04471244801139,-0.400895643695472,-1.68407076806096,9.29765155654236
-15.4828891107037,-5.38849909428741,14.0372550455083,-1.60210151928,-2.65028766939503,-14.9227006462086,9.71498279003522,-2.04123504590774,-0.404869826033546,-1.64532223723326,9.34186458304566
-15.4883536012356,-5.38750554786391,13.9756554529017,-1.55490783136863,-2.62147479525955,-14.9167393158616,9.68915035411574,-2.06060914336801,-0.403876280449757,-1.66569005471364,9.31851613084868
-15.5201470007357,-5.32987985544988,13.991552121932,-1.58123694150911,-2.64929412204562,-14.8824616663795,9.66480825103747,-2.02583512231458,-0.404373053241538,-1.62892862801459,9.3756453224512
-15.5514436283351,-5.28218962714368,14.0233454600217,-1.59117245475858,-2.6487973483532,-14.8442097966549,9.66679536149224,-1.99950622064768,-0.412321417910641,-1.58521233683587,9.43823904537531
-15.5037535291038,-5.28020253429928,13.9940359764771,-1.582727268491,-2.61948770050751,-14.8273193606642,9.62109182101047,-2.03726087208654,-0.402385962071834,-1.60508337830567,9.38458728277623
-15.518656685115,-5.21413169725725,13.9806231619857,-1.60806282730023,-2.62495221112915,-14.7890674909625,9.59824005077566,-2.00447393797256,-0.399902098110881,-1.56534129545292,9.42432932895576
-15.5251147193874,-5.19028658311747,13.957771700262,-1.5996176410281,-2.60756513188569,-14.7801254954381,9.58283994474506,-2.02086740504613,-0.423747192122562,-1.54994123830743,9.41936157315766
-15.534056612992,-5.1470673137351,13.95429430391,-1.62743707814874,-2.61352641619716,-14.7299509650109,9.56346561782673,-2.00795134008568,-0.413811736277074,-1.52907664478947,9.48145852048513
-15.5226308600472,-5.12471251922936,13.9026301295769,-1.62942418080052,-2.6140231898901,-14.6996475357231,9.53216862816751,-2.00248685106252,-0.404869826018594,-1.5126830355724,9.49884566576375
-15.5206437725796,-5.07205455881074,13.8996495041334,-1.64631455332852,-2.63886187453425,-14.6509633378764,9.48547153252438,-1.95131936294296,-0.405863371603174,-1.47840548909768,9.55696840842303
-15.5166695976415,-5.01343531989938,13.8822625223831,-1.64432745067587,-2.64581670622981,-14.613208245654,9.471561759343,-1.94635164565098,-0.417289145819723,-1.4446247185826,9.58329751413066
-15.4903406887073,-5.01194500026404,13.8758045005885,-1.65277263694215,-2.62445543744439,-14.5774402635412,9.46013587423511,-1.96125479753065,-0.412321417899863,-1.42077946884779,9.59273625012256
-15.4744439889607,-4.98511924683823,13.8435143916339,-1.6244564241481,-2.60756513190083,-14.5307431757626,9.45963909662157,-1.9572806236921,-0.396424688555341,-1.42077946884779,9.58081363621213
-15.4322183802886,-4.96822895761724,13.7958243845183,-1.59912086535188,-2.59117160004317,-14.5118656296425,9.44473576821547,-1.96125479753085,-0.391953733429449,-1.411837500188,9.55547808167636
-15.4376828708287,-4.94040965777345,13.7685019846424,-1.58074016581561,-2.61203609512466,-14.487026753164,9.43132277265857,-1.94784196084367,-0.379037640829918,-1.3720954172323,9.5996911082543
-15.4436441332314,-4.91408067753366,13.776947090062,-1.57775951183977,-2.61402318989575,-14.4433103305736,9.41294200096637,-1.94188070008987,-0.367611866604638,-1.34030175090378,9.67470422059013
-15.4009217526392,-4.93593869882962,13.7461472938668,-1.55888203662994,-2.59613933694209,-14.4403296653981,9.36872879339417,-1.95926771060768,-0.325882952061238,-1.353714703902,9.62552343824232
-15.3929734027685,-4.94040965773588,13.7039217667839,-1.54894652337716,-2.57279097337756,-14.4130069012603,9.34836091126892,-1.95827416714884,-0.330850679984741,-1.36265667255473,9.58925882098436
-15.3760831592783,-4.91159681144456,13.7108765594748,-1.55043685036586,-2.5747780681492,-14.3827034719345,9.33991569184522,-1.95678385196044,-0.323399088098916,-1.34874694351348,9.6036653127958
-15.3661477219386,-4.88725492403104,13.7004443704261,-1.53553358048898,-2.56832001014502,-14.3717743662819,9.34140602468325,-1.97268054731265,-0.317934587382979,-1.33135978223989,9.58975559659155
-15.3492574784468,-4.86937108839433,13.680076763252,-1.52957227252981,-2.55888130998611,-14.3464387122575,9.30514125893316,-1.9428742435347,-0.297070130111916,-1.33533399053819,9.60813629304538
-15.336341409906,-4.83211309747213,13.6512640506553,-1.52361096457753,-2.55739098890711,-14.327064388591,9.29222504099275,-1.90760345073477,-0.285644355890478,-1.30354032418908,9.62353633598718
-15.3149802196106,-4.81075184934624,13.6169868581295,-1.51566255396123,-2.54894583612939,-14.3032190671373,9.25894094091272,-1.91654534187038,-0.271734717701268,-1.29261125137604,9.67172356724345
-15.3005738354642,-4.79336478689691,13.6090385236212,-1.51218512431995,-2.54199100442768,-14.2753995254597,9.21423095575918,-1.93293880894682,-0.244412214127426,-1.28565638686062,9.70153010199407
-15.2643094891374,-4.7779648173227,13.5956257091503,-1.49032699511896,-2.52261683042424,-14.2450960961214,9.18988885273378,-1.92548723300559,-0.243915441334933,-1.29012737119635,9.72040757403993
-15.2181097054904,-4.77995191017228,13.5583678911498,-1.45853335268151,-2.51168780918051,-14.2202572196144,9.14418531238108,-1.92846786338271,-0.230005803136792,-1.27770797027558,9.71792369614442
-15.2196000210933,-4.70742302122819,13.5663162256472,-1.46250755799037,-2.52957166213418,-14.1556761407213,9.14468208999372,-1.90015187481735,-0.248883169253029,-1.2374691112589,9.80187876909956
-15.2121484430879,-4.65327474106918,13.5891676873517,-1.45356559605851,-2.55142970462103,-14.1164307158147,9.10792054669671,-1.88524872292875,-0.234476758270685,-1.19027538777718,9.85006600026203
-15.1828389028951,-4.65426828749376,13.5310454913656,-1.41581064564272,-2.5166555460856,-14.1005338348417,9.07960422277194,-1.89568092924517,-0.219573574488785,-1.19921735644746,9.84211759098573
-15.1560132220644,-4.63588767860946,13.5181294477891,-1.39792672177532,-2.50870716700035,-14.0568174121821,9.04681690036004,-1.87829391870305,-0.233483212671193,-1.1649398099006,9.87788543266943
-15.1391229785647,-4.59912646085798,13.5131617387254,-1.39395251646819,-2.49877169314352,-14.0131009894892,9.03439746004935,-1.8738229731325,-0.232986439878699,-1.14357844028963,9.91613715235991
-15.1013683166501,-4.59018454302558,13.490807047946,-1.37706214392676,-2.47840397171816,-13.9837911151949,8.99912624956104,-1.89816478788844,-0.226528393576071,-1.17139789834736,9.90024033383951
-15.110806982131,-4.54696527348682,13.5380002840474,-1.40835901070956,-2.49132008772955,-13.9321262519646,8.96335826147532,-1.87382297312095,-0.244412214102871,-1.10830734155874,9.97475667101662
-15.1048457197239,-4.51020405568348,13.5340261167944,-1.42226872927095,-2.50672007220828,-13.8720161707304,8.94746137788857,-1.83656509338224,-0.259812170668321,-1.0660813783871,10.0030728790626
-15.0854716168769,-4.48784926111766,13.5091875715016,-1.43319779387453,-2.5002620142025,-13.8471772941952,8.93106771668361,-1.82414580014065,-0.247392850851021,-1.05266842537746,9.9961180209388
-15.0819942138043,-4.44363644516448,13.4982586115678,-1.44015265316218,-2.49132008772542,-13.7999834287615,8.91268694504863,-1.80924264825056,-0.247889623644017,-1.03031350370424,10.0135051662126
-15.0591427078865,-4.43320420769044,13.480374858953,-1.43518489652598,-2.48039106647807,-13.7637186689996,8.87095762562838,-1.79930721365667,-0.233483212662554,-1.02484896728948,10.0219503510817
-15.0005236275245,-4.43668162018244,13.4336783937585,-1.42475260760025,-2.45207496597866,-13.7532863408492,8.86847373757014,-1.81619745246291,-0.233483212662554,-1.02137153502934,10.0274148824565
-14.9761818059905,-4.40339781493026,13.4590137099369,-1.43121069122922,-2.48287493497058,-13.7239764665278,8.86797695995777,-1.78390729003721,-0.24391544131132,-0.975171363531132,10.088518278833
-14.9458787220653,-4.39942362922317,13.407846306619,-1.42425583194299,-2.4759201032681,-13.6976472573878,8.84015741370982,-1.79334595290482,-0.219076801691524,-0.983616556163066,10.0795763184073
-14.8991821664665,-4.40886232027438,13.3740658850182,-1.41779774831717,-2.48039106650436,-13.6752922684802,8.81382820027594,-1.80824910480272,-0.219076801691524,-0.981629452012264,10.0626859486666
-14.9091176038163,-4.36663659711908,13.3800271358903,-1.42723648591567,-2.49728137207824,-13.643995284025,8.77955054507055,-1.80278461577847,-0.211128437007844,-0.966726170913831,10.0666601532958
-14.8559630139707,-4.36961723640083,13.3258791071097,-1.41680419699369,-2.4600233450971,-13.6514469469977,8.77607310178775,-1.80874587654061,-0.190760752517433,-0.999016613384974,9.97922765103054
-14.807279370943,-4.38899139173864,13.298059936361,-1.40835901072547,-2.43270079198061,-13.6663502729375,8.74527288987335,-1.82911351747309,-0.163935021716573,-1.02733284751987,9.9161371524456
-14.7506473779464,-4.3984300827808,13.2846471219156,-1.40637190807073,-2.40488146515996,-13.6430017289712,8.7263953406232,-1.85643596259434,-0.170393068022753,-1.0283263995949,9.87887898395811
-14.6960024724764,-4.38303011315454,13.3119695217611,-1.41779774832359,-2.39246212282331,-13.6246209603036,8.72987278390423,-1.84848761491506,-0.182315615050095,-1.03925547241547,9.86347894100071
-14.6214866922096,-4.38203656672814,13.3025308745541,-1.41282999168611,-2.38153310156932,-13.6241241827722,8.71000167944813,-1.86041013642714,-0.166418885676417,-1.02534574335421,9.8336724061814
-14.5782675396787,-4.33533988463871,13.3104792090477,-1.40637190806261,-2.38451374372925,-13.5848787577849,8.69807901677273,-1.83706186513237,-0.158470520991036,-0.983119780156069,9.81628526090209
-14.5246161778727,-4.32391410073249,13.2916019146372,-1.40885578638087,-2.35868151167507,-13.5506011081097,8.65485936454264,-1.84053926724227,-0.164431794501609,-0.966726170893852,9.78250452142343
-14.487358287766,-4.30056575968622,13.301537332747,-1.41382354301415,-2.34477184826206,-13.5153299033677,8.64492381232034,-1.83706186513367,-0.161947930537541,-0.93592605657512,9.7944271353251
-14.4242682604255,-4.29013352220829,13.2682536821076,-1.40537835673097,-2.30353963170779,-13.5029104650768,8.6419431466507,-1.82712643053631,-0.158470520989654,-0.897674301640794,9.7944271353251
-14.3318686929679,-4.31050122397748,13.2349700314279,-1.38997831117316,-2.28764287352104,-13.464658595132,8.63250437203894,-1.8226554849699,-0.152509247474343,-0.838061177156546,9.83218207933356
-14.277720559307,-4.28715288292437,13.2210604460767,-1.38997831117316,-2.29261061045632,-13.4254131701165,8.61114293474322,-1.8077523330612,-0.149528610717507,-0.773480292171745,9.87341445252281
-14.1987338322149,-4.28516579007014,13.1838026281701,-1.37110083597204,-2.27422998379097,-13.397096850823,8.60120738252259,-1.82414580013805,-0.141580246027268,-0.74317695388581,9.88434351525841
-14.1808500449345,-4.2409529740946,13.1698930428288,-1.37507504128131,-2.27124934162906,-13.3499029852902,8.5788523900119,-1.80228784404404,-0.141580246027268,-0.685550933467015,9.9673050371664
-14.133656717417,-4.22505623124126,13.1087902214075,-1.35669434174079,-2.26975902054808,-13.3349996593333,8.52818107368915,-1.81222327864265,-0.120219015930409,-0.639350761965061,9.98071797780618
-14.1053407208755,-4.19226919914028,13.0774936543846,-1.35073303377413,-2.26081709406261,-13.2907864590011,8.52023263191208,-1.80079752886039,-0.127670607826258,-0.610040975703027,10.0189696974974
-14.0690763744594,-4.19674015806879,13.0347713565189,-1.36017177137699,-2.2573396782093,-13.279360575765,8.50036152746843,-1.7898685507981,-0.117238379170796,-0.60656354343641,10.0418213741527
-14.041257149788,-4.1579918473782,13.0253327093203,-1.34775237978249,-2.27373321009414,-13.2430958159106,8.48595497674522,-1.77148799678174,-0.0988577858395055,-0.570795668644442,10.0949763612942
-13.9781671224535,-4.16544344558763,12.9691975970646,-1.31844261562775,-2.25882999928254,-13.2301796000768,8.47750975736004,-1.77595894234982,-0.0799804197001848,-0.562847252039782,10.0721246846543
-13.9304770229737,-4.18183696162176,12.9299526956352,-1.29261028109164,-2.24442356215093,-13.2068310560725,8.45018698874178,-1.80576524612702,-0.0690514182591238,-0.569305340539374,10.0433117010054
-13.8927223609342,-4.16146925985257,12.899152899533,-1.28019088950383,-2.24144291998935,-13.2098117212652,8.40895444706746,-1.7963265832613,-0.0715352822241015,-0.562847252044883,10.0393374963702
-13.8341032803661,-4.15352088842357,12.8693466452412,-1.24889402270416,-2.23051389872993,-13.1919277300977,8.3801413456339,-1.8226554849591,-0.0665675542948275,-0.554898835419615,10.0130083905909
-13.8321161928899,-4.11576612415291,12.8688498743363,-1.24541659305985,-2.23498486197458,-13.1497016398615,8.36871546058611,-1.80079752885364,-0.0665675542948275,-0.519627736711795,10.0472859055654
-13.7923744433463,-4.08049522594001,12.8450048709164,-1.22455201517707,-2.23895905152368,-13.1233724306295,8.34735402332078,-1.7858943769576,-0.058619189609932,-0.494292158726195,10.0433117009168
-13.7585939562434,-4.07900490629682,12.8042696567388,-1.21710038022324,-2.23250099350469,-13.1084691046633,8.36076701880585,-1.78539760522779,-0.0640836903350581,-0.478892101539541,10.0592085194621
-13.7277941003311,-4.07652104022621,12.7660182971103,-1.208655193934,-2.21759778268568,-13.087107670766,8.31903769952653,-1.77595894235923,-0.0650772359209115,-0.462498492259058,10.0532472124934
-13.6855684914447,-4.05565656521731,12.7451539191158,-1.20319066163817,-2.2021977981844,-13.0587913514183,8.26985671611094,-1.77397185543817,-0.0670643270938964,-0.432195153914821,10.0790795426506
-13.6488073730962,-4.05565656521731,12.6994509959012,-1.1952422510135,-2.1758687924227,-13.0404105827042,8.26290182955851,-1.79086209426465,-0.0779933285366296,-0.436169362227617,10.0562278659218
-13.5911818362224,-4.04770819379382,12.6870317232994,-1.19077127003685,-2.16692686592981,-13.009113598155,8.22464995356308,-1.79632658329095,-0.0874320116090314,-0.422756409201414,10.0582149682375
-13.5544207178306,-4.01045020278634,12.6820640142632,-1.19375192402354,-2.1723913765673,-12.9758295034716,8.21372084612593,-1.77347508373242,-0.0789868741268115,-0.401891815581221,10.0790795426006
-13.5201434588396,-3.99107604742428,12.6527545309194,-1.19822290499607,-2.14904301295117,-12.9485067391916,8.20974662524601,-1.77148799681275,-0.0769997829548591,-0.378543341779261,10.0939828099857
-13.4356922409055,-4.05515979197421,12.5638325392116,-1.15053244120404,-2.10930111740636,-12.9564551797121,8.19683040737509,-1.81172650688736,-0.0546450072543322,-0.400898263531261,10.0373503938751
-13.3974408069669,-4.03429531694975,12.527071492279,-1.14010015226734,-2.12023013866639,-12.9435389638604,8.18888196560645,-1.79284918114058,-0.0526579160811641,-0.40139503956975,10.0592085193906
-13.3373314106994,-4.04770819374279,12.4843491945559,-1.12768076065978,-2.11476562803615,-12.9480099616566,8.16752052836327,-1.79284918114058,-0.030303140384054,-0.393446622941421,10.0418213740605
-13.3035509235651,-4.0352888633782,12.4808717982274,-1.11377104207162,-2.10979789109689,-12.9008160960364,8.12281054344702,-1.76602350771229,-0.0278192764183157,-0.379536893861292,10.057221417036
-13.2598349989994,-4.01144374908358,12.466962212926,-1.10979683675776,-2.10035919090513,-12.8749836643213,8.13920420458239,-1.77397185539137,-0.027322503625396,-0.363640060609144,10.0805698693382
-13.2136352151027,-3.98809540797453,12.457026794841,-1.09787422083423,-2.09042371702634,-12.8580932282034,8.13672031653421,-1.768010594627,-0.0377547322795823,-0.370098149111875,10.0656666019366
-13.161970940604,-3.99405668654755,12.4118206426332,-1.07651286726429,-2.07552050620074,-12.8352414616745,8.09946199575764,-1.766520279437,-0.0203676845263248,-0.360162628328679,10.0477826810329
-13.162964484344,-3.93196003468491,12.4118206426332,-1.10830650974253,-2.08694630116308,-12.7964928140811,8.08753933312423,-1.72379791064594,-0.0288128220075108,-0.314956008815968,10.1262732226287
-13.1296807690111,-3.93345035432663,12.3830079302472,-1.09539034246353,-2.07601727988645,-12.7945057039493,8.05822945411686,-1.74813972539215,-0.0298063675938819,-0.301046279725976,10.1302474272712
-13.0725520039541,-3.96126965432739,12.339292090763,-1.04273212205489,-2.06508825860891,-12.7781120453665,8.05425523323771,-1.77248154014444,-0.00894191027370883,-0.313465680687232,10.0924924832463
-13.0626165665372,-3.8778117544051,12.3765499084698,-1.06906123228793,-2.09042371702887,-12.7264471819363,8.04183579298484,-1.71584956297907,-0.00943868306738771,-0.27422037359798,10.1689959225839
-13.0005200827846,-3.89271495085352,12.3447565706364,-1.04968698139057,-2.06161084278356,-12.6867049792724,7.99116447678186,-1.75608807310191,-0.0149031837930148,-0.25434933205051,10.1481313482278
-12.9493525800982,-3.88029562048992,12.309485836538,-1.03229983312659,-2.01292702073175,-12.6698145431493,7.99563547527278,-1.77844280094179,-0.0193741389348979,-0.268755837187459,10.115344159924
-12.8589400996722,-3.9205342508412,12.223544470327,-0.993054555627541,-1.95430772474485,-12.6966405299342,7.97626114850587,-1.85444887556132,0.00496772794943026,-0.310981800442046,10.014995492964
-12.8723529401695,-3.88874076506763,12.2364605138208,-1.02584174944249,-1.98659801485404,-12.6519305519004,7.95489971127145,-1.80477170251495,-0.0144064109631899,-0.272233269346747,10.0532472127404
-12.8147274031836,-3.93792131332712,12.1400869586514,-0.978151285674938,-1.95480449840502,-12.6474595541025,7.95191904561404,-1.86835848390949,0.0248386397230684,-0.275710701616744,10.0060535326938
-12.7685276191944,-3.91208910616362,12.1261773733771,-0.971196426368009,-1.94437225081975,-12.6444788889015,7.93055760839919,-1.86835848390949,0.0298063676559866,-0.269749389144893,10.0239374535974
-12.6358895296663,-4.02783726506917,11.9940363133692,-0.852467042471675,-1.85644330679201,-12.7254536267501,7.93999638298341,-1.96671928633742,0.0745159190768646,-0.35966585204976,9.81827236411614
-12.6468185108238,-3.95630192213198,11.9980104805924,-0.882770357997247,-1.87780457564469,-12.6529241068272,7.93006083078698,-1.89866155931914,0.072528827904303,-0.310485024132573,9.89825323268227
-12.6130380236172,-3.90910846674905,11.9875782916386,-0.891215544298846,-1.87581748086624,-12.6226206772963,7.89180895486441,-1.86537785342587,0.0705417367297984,-0.265278404603377,9.95786630222141
-12.5872058863204,-3.9200374774744,11.9622429755905,-0.87333162037087,-1.8524691172256,-12.6131819041577,7.87044751764699,-1.86935202726729,0.0591159624793697,-0.249878347373974,9.95985340454499
-12.5559092584688,-3.88128916668374,11.9205142197604,-0.876809050020542,-1.84303041703176,-12.6057302411509,7.86398940872811,-1.83308769098737,0.080477192599085,-0.21709112878544,10.0080406358223
-12.5807478520149,-3.84353440232762,11.9294560960048,-0.907609141220349,-1.88674650214554,-12.5297232784505,7.81083420450992,-1.78937177874369,0.0774965558385133,-0.137606962407104,10.1431635939572
-12.5817413957571,-3.78392161659108,11.9354173468284,-0.919034981513092,-1.9230109818888,-12.4765680823848,7.81927942386762,-1.7506235838759,0.0650772359950133,-0.0859422544150785,10.2425187097572
-12.4630129185895,-3.84999245415357,11.8181794138804,-0.826634707892322,-1.87879812310924,-12.5083618445506,7.79841476426468,-1.82563611512815,0.131148017509911,-0.14952958746233,10.1143506099577
-12.4590387436216,-3.77150228616261,11.8574243151566,-0.856441247760807,-1.89618520242427,-12.4492453180339,7.78152432554746,-1.76701705103738,0.115748060900205,-0.101342311677008,10.2072476433976
-12.4749354434955,-3.72083141816106,11.8738177549452,-0.896183300909608,-1.93195290840571,-12.3941030117485,7.75916933313704,-1.71932696489857,0.1003481043131,-0.0427227389599166,10.3110737400078
-12.5375286992884,-3.59713488780216,11.9428689102545,-0.984112593655932,-2.00448186791728,-12.2813345117256,7.72687878852474,-1.62245647766256,0.0809739653489475,0.0730260779896361,10.528661443424
-12.5097094745175,-3.57229622699591,11.9468430774785,-0.996035209587415,-2.01789475764901,-12.2361277560469,7.70054957522738,-1.60655978226708,0.0993545587044009,0.125187562252082,10.5867841865799
-12.503251440195,-3.5400059679809,11.961746204557,-1.00299006889185,-2.04372698975171,-12.1963855533257,7.7020399080542,-1.56781158727639,0.108296468991584,0.143568275710865,10.6185778237255
-12.4764257591365,-3.49678669825688,11.9383979721487,-0.993054555591387,-2.05863020058966,-12.1407464694862,7.6682590306393,-1.56483095689539,0.121709334416821,0.157974780869711,10.6657715039569
-12.4426452719013,-3.4987737911199,11.9374044303443,-0.985602920627039,-2.0645914849232,-12.1178947029178,7.65236214715529,-1.55688260920877,0.105812605022733,0.128168218514687,10.6076487610875
-12.3517360194395,-3.53007050368367,11.8777919221231,-0.950828624107558,-2.04720440562931,-12.1402496919722,7.63894915172003,-1.58072765226269,0.128167380740349,0.0993552081727549,10.5073000935793
-12.305039463528,-3.5295737304684,11.8733209840052,-0.956789932083703,-2.03627538434452,-12.140746469506,7.61112960561364,-1.54645040289365,0.141580246171738,0.102335864406385,10.4844484169104
-12.3492521600919,-3.4297223142121,11.9205142196436,-1.03031273048447,-2.06260439014769,-12.0562942886609,7.57337450733822,-1.46398629567374,0.114257742505179,0.217587905676011,10.6796812203553
-12.314478129104,-3.45307065535785,11.8584178569002,-1.02137076852874,-2.07154631664601,-12.0369199648129,7.53661296429564,-1.44709605683587,0.118728697648429,0.227523426468267,10.6916038342977
-12.2419494358727,-3.48933510011807,11.7848957634074,-0.970699650749716,-2.02484958937828,-12.0493394031765,7.51972252560163,-1.49727000162461,0.157973748334687,0.182813582857798,10.5867841865258
-12.2066786330186,-3.46449643930454,11.7724764908522,-0.98560292066713,-2.03130764740279,-12.0195327511,7.49935464364143,-1.46746369776477,0.148038292464597,0.214110473371486,10.634474642322
-12.1783626363548,-3.46797385181941,11.7550895092531,-0.973183529071676,-2.01888830505893,-12.0086036453188,7.48395453776612,-1.43815416559602,0.134128654247746,0.21262014524816,10.6384488469872
-12.159982077123,-3.41829653014868,11.7535991965448,-1.01491268484579,-2.02335926830371,-11.9529645613991,7.45067043799275,-1.41232203556028,0.120715788818818,0.241929931602843,10.7233974714341
-12.1411047459958,-3.40687074618191,11.7312445059665,-1.03528048710624,-2.01789475766456,-11.9385580128841,7.44023810821404,-1.39592856845682,0.118231924850345,0.254349332608646,10.7497265772861
-12.1286854492103,-3.37706435321441,11.7277671096515,-1.05912571898206,-2.03279796848975,-11.9017964753155,7.43129611125968,-1.39096085115107,0.132638335863078,0.305020488633753,10.8649785119964
-12.1411047460081,-3.3005612779658,11.764031385465,-1.10930006108307,-2.04770117931411,-11.8411896160533,7.42136055909104,-1.34625139540151,0.0988577859016695,0.356188420816046,10.9951337144857
-12.1028533118655,-3.28814194757972,11.7223026297462,-1.08942903448878,-2.04521731083937,-11.8088990763307,7.41192178452776,-1.36512872114829,0.111277105755422,0.376059462382841,11.0264305760158
-12.025356899875,-3.30552901015034,11.6895157502383,-1.06955800792152,-2.01690121025704,-11.8228088473138,7.41937344865558,-1.37556092750223,0.118728697659927,0.346252899933561,10.9568819944611
-11.9781635720523,-3.299070958347,11.683057728524,-1.05763539197412,-1.99007543074873,-11.8044280785206,7.39999912194331,-1.38549636211448,0.123696425598313,0.355691644689935,10.9653271793404
-11.9597830127856,-3.26976133861475,11.6944834592518,-1.0794935212284,-1.99305607291838,-11.7636923206643,7.38658612651969,-1.32638052616198,0.115748060894706,0.401891816422157,11.0318951072583
-11.9334541035904,-3.27522584399657,11.670141685066,-1.06856445662342,-1.99802380985873,-11.7289178931951,7.35876658046023,-1.33979336290444,0.133631881465243,0.418285425754802,11.0492822526233
-11.8644028133877,-3.27920002972705,11.6274193874864,-1.06359669998301,-1.97566899361817,-11.7234533403027,7.32895992396006,-1.381522188352,0.158470521146546,0.408846680975847,11.0383531897956
-11.7883967170057,-3.32092897993936,11.5678068792431,-1.04024824378715,-1.94586257196533,-11.7383566663652,7.32399214787909,-1.42623164416187,0.161451157907573,0.383014326898701,10.963340076965
-11.7153712517632,-3.33086444425868,11.5206136436595,-1.01888689019637,-1.93642387176653,-11.7333888910132,7.32250181505399,-1.43616707877164,0.167412431432544,0.377549790455373,10.8982624757585
-11.6637069770894,-3.32142575314237,11.5007428075847,-1.00448039594157,-1.94089483501168,-11.7135177896014,7.30412104354887,-1.43119936146465,0.163438249082928,0.408349904953199,10.9181334990382
-11.5718041806843,-3.38203208550801,11.4222530052214,-0.93940278388452,-1.89916584467233,-11.7164984548146,7.28921771530489,-1.46299275223021,0.191754298310523,0.38102722270664,10.8336816500175
-11.5643526025999,-3.35023859968194,11.4068531072994,-0.971693202089882,-1.91804324507176,-11.6648335911685,7.25792072599442,-1.44510896994423,0.187283343162079,0.43318870689612,10.897268924358
-11.5285850277791,-3.34030313535785,11.3725759151437,-0.944867316191721,-1.91953356615615,-11.6360204941233,7.23357862318682,-1.46050889359957,0.197218799040068,0.453059748524944,10.9231012546272
-11.4446305812895,-3.36414824969755,11.3099827817124,-0.898170403660378,-1.88426263377876,-11.6573819281248,7.2301011799327,-1.50472157756391,0.207154254921399,0.406362800818371,10.8143074025767
-11.4168113564358,-3.3258967120116,11.3129634071207,-0.910093019606854,-1.90363680786943,-11.6171429477358,7.20973329800981,-1.49677322985941,0.203676845364795,0.453556524720804,10.8962753737641
-11.3860115003718,-3.28516130821772,11.3030279890941,-0.910589795270851,-1.89121746551597,-11.5962782912302,7.21321074126519,-1.4654766107796,0.206160709334481,0.475414670514726,10.9176367238005
-11.3631599942325,-3.27423229745686,11.2642798588097,-0.897673627999811,-1.89221101290503,-11.5878330731213,7.20327518910804,-1.45653471961964,0.207154254922523,0.48535019133478,10.9057141098121
-11.3462697505704,-3.2339936668966,11.2588153788962,-0.890718768701983,-1.9110884132909,-11.5545489782357,7.18588797283408,-1.43815416557664,0.228515485059221,0.539995555760869,10.9588690970264
-11.3090118600837,-3.22703884187362,11.254344440794,-0.906118814316313,-1.91257873437525,-11.5446134275286,7.1680039789413,-1.42623164404432,0.230005803440805,0.558873045297535,11.0095402063482
-11.2712571977755,-3.2111420989301,11.2160930814055,-0.908105916972784,-1.90512712896605,-11.5326907666737,7.14465543137735,-1.41927683981245,0.22702516667923,0.570795670274829,10.9807272225979
-11.2528766384664,-3.18481311850037,11.2046673507072,-0.913570449291334,-1.91059163961124,-11.5331875442092,7.11931977338731,-1.40834786174252,0.247889624036406,0.578247310884505,10.9941401633056
-11.2404573416556,-3.14358094148895,11.2260284994409,-0.919531757261818,-1.90661745005511,-11.5033808920553,7.10044222430238,-1.36065777556796,0.228018712280427,0.60954420145149,11.0299080051933
-11.2354896229277,-3.11476809491915,11.2160930814356,-0.950331848475063,-1.90463035527589,-11.4517160283017,7.07858400956087,-1.31644509149318,0.236463849781494,0.658228253510233,11.083062992562
-11.2861603539684,-3.02882632851006,11.2583186079354,-1.03776436546302,-1.95530127219073,-11.3627928494264,7.06368068133556,-1.22901326692938,0.215599392437718,0.756589909421373,11.2733280400654
-11.178857629332,-3.10582617701867,11.1693966167766,-0.974673855996186,-1.9056239026856,-11.3881285037533,7.06219034851273,-1.2861420159848,0.237954168171738,0.70492520115395,11.1451599397818
-11.1420965107697,-3.10532940380112,11.1599579696559,-0.973183529004158,-1.90115293943625,-11.3647799595471,7.03884180095215,-1.28862587464373,0.230999349057572,0.700454216785425,11.1541019002676
-11.0889419203464,-3.10334231093482,11.1261775484431,-0.959273810394938,-1.8882368233742,-11.3394443052025,7.02443525033279,-1.30104516792036,0.25534121598358,0.700950992826533,11.1396954083726
-11.0482066267759,-3.11228422884461,11.0745133747892,-0.938906008151212,-1.84402396454456,-11.3305023095538,7.03337724727186,-1.31247091773287,0.256334761572018,0.673131534558024,11.1277727944081
-11.014426139368,-3.1078132698999,11.0511651424939,-0.928970494853045,-1.8350820380366,-11.2992053247996,7.002577035604,-1.30949028734868,0.274715354956133,0.691015472027229,11.1233018141697
-11.0228712612036,-3.08098751615196,11.0481845170901,-0.95281572671479,-1.83657235911869,-11.2420759081214,6.99363503867161,-1.26478083151423,0.289121765975473,0.729764003243511,11.2032826829378
-11.0074713331266,-3.05515530890176,11.0447071207919,-0.971196426320406,-1.85395943843323,-11.1864368240825,6.98966081781326,-1.22454232129591,0.28465081082525,0.766525430284419,11.2574312214238
-10.9746843895256,-3.04571661776584,11.0099331577487,-0.983119042255867,-1.87979167053236,-11.1660689450895,6.98171237609845,-1.23000681034255,0.311973314495986,0.790370680267054,11.3056184529368
-10.9463683927635,-3.00796185322767,11.0332813900688,-0.995041658196224,-1.90363680786847,-11.1412300682455,6.96531871505753,-1.22007137570547,0.309489450524629,0.808751393824606,11.3314507832876
-10.8897363992428,-3.01889086400688,10.9950300307652,-0.962254464372023,-1.89419810766967,-11.1352687378064,6.94693794359449,-1.22951003860303,0.338302272577845,0.808254617783658,11.2862442052901
-10.9190459398001,-2.94983938697194,11.0069525323503,-0.995041658293842,-1.92648839786362,-11.092049092174,6.92955072733603,-1.1852973545658,0.337805499783423,0.85097735730469,11.3552960111751
-10.8569494556573,-2.97765868713424,10.9413787735287,-0.962751240105054,-1.89171423921964,-11.0995007552209,6.90520862458827,-1.23298744075704,0.356682865957374,0.85097735730469,11.3036313506347
-10.8087625838975,-2.98560705859816,10.8941855381058,-0.956789932126613,-1.88475940749007,-11.0816167639028,6.88782140833693,-1.24490996229531,0.341779682120794,0.860416102087665,11.3031345750523
-10.7789562714997,-2.97020708886198,10.8792824111149,-0.976660958706114,-1.89866907095381,-11.0403842283686,6.84559531171433,-1.22056814746945,0.356682865954638,0.917048570739003,11.3518185821096
-10.7839239902382,-2.9125813957009,10.8797791820145,-0.989577125992735,-1.9105916396301,-11.0026291355952,6.84410497889286,-1.18032963723906,0.336315181395107,0.960268086343488,11.419380061353
-10.6830792999556,-2.9468587477053,10.8166892777366,-0.935925354262506,-1.86985619667529,-11.0210099044543,6.82274354179231,-1.21609720191466,0.353205456399568,0.944371253016573,11.3528121332922
-10.6612213375125,-2.91556203502731,10.816192506837,-0.940893110909676,-1.86389491234077,-10.9926935848495,6.79691110623165,-1.2205681474985,0.347740955662079,0.979642351986067,11.384605770623
-10.5886926439864,-2.95530389240943,10.7734702094662,-0.905622038746,-1.83359171698994,-10.9698418181539,6.77256900349913,-1.23398098424296,0.351715138018015,0.969706831157147,11.3210184960688
-10.5087123723104,-2.99603929624998,10.7004448871936,-0.869357415237946,-1.78987563184958,-10.9857386993371,6.76462056178701,-1.27173563583744,0.359166729933227,0.931951851972789,11.2286182376293
-10.447112659959,-2.9975296159012,10.6775934258261,-0.859918677611594,-1.76950791035107,-10.9683514855479,6.75667212007834,-1.27024532064338,0.374566686568835,0.933442180095661,11.2261343597197
-10.4083644537934,-2.97567159434045,10.6741160295297,-0.880286479868389,-1.76652726818175,-10.9266221724499,6.74723334554417,-1.24590350579441,0.361153821125142,0.958280982177028,11.2867409808696
-10.3696162476343,-2.95927807817841,10.6547419644642,-0.900157506452479,-1.77000468404918,-10.8873767470433,6.73779457101705,-1.23646484291147,0.384998915270962,0.963745518627559,11.298663594831
-10.3517324601607,-2.93294909769117,10.647787171885,-0.897673628127586,-1.75559824688652,-10.8675056455631,6.72736224127329,-1.22205846271849,0.398411780723269,0.985603664454728,11.3235023739651
-10.3080165352661,-2.95182647994667,10.6224518560257,-0.863396107265192,-1.74615954668015,-10.868995978174,6.71742668913936,-1.23199389734489,0.400895644696905,0.968713279053787,11.264882855275
-10.2951004665448,-2.91605880823985,10.6418259211204,-0.901647833409623,-1.76454017337394,-10.811369783827,6.70600080417833,-1.20814885420697,0.417785919695685,1.00299082596675,11.3259862521011
-10.2856618009375,-2.88376854910698,10.6378517539284,-0.903138160404138,-1.76106275750767,-10.7805695765417,6.68165870146282,-1.19622633265559,0.432192330742778,1.02882318012823,11.3562895626143
-10.2528748572481,-2.90165238492941,10.6035745618793,-0.900654282080712,-1.74665632035775,-10.7825566866905,6.67669092539717,-1.22305200613749,0.445108423397987,1.0149134509511,11.3279733543645
-10.2429394197674,-2.849491197098,10.5951294565958,-0.904628487398141,-1.73870794124088,-10.7606984750484,6.66625859566345,-1.20318113688319,0.449579378549576,1.02981673219599,11.3786444637618
-10.2409523322701,-2.82167189692385,10.5777424751414,-0.914564000694777,-1.7560950205708,-10.7105239437785,6.64042616012023,-1.17933609377924,0.455043879289573,1.06359750304241,11.4670705175303
-10.2444297353895,-2.78938163778754,10.5668135153661,-0.907609141388204,-1.77695951576411,-10.6802205140017,6.58925806669397,-1.17883932204786,0.430205239561939,1.09688149781018,11.5241997095131
-10.2151201948007,-2.78441390561107,10.5136590291962,-0.893699422776127,-1.76304985230075,-10.6618397451142,6.55945141029866,-1.20020050650877,0.454050333691716,1.08942985718312,11.5043286861691
-10.2126363354301,-2.76106556438569,10.5151493418929,-0.885751012144939,-1.78391434749118,-10.6131555464196,6.53560608519676,-1.15300719202688,0.436663285873599,1.13761713320876,11.5758643700568
-10.2126363354301,-2.71933661410333,10.5384975741329,-0.901151057754132,-1.81421754288889,-10.5659616803387,6.50331554078522,-1.10631064926062,0.424740738804334,1.17437856032572,11.6588258925438
-10.1813397073482,-2.68803990140615,10.5285621561576,-0.918538206025252,-1.81719818505986,-10.5272130324253,6.48990254541201,-1.10531710579821,0.433185876317542,1.1942496019751,11.6940969588578
-10.0968884886718,-2.751130100065,10.4311950599731,-0.861905780278035,-1.7625530786178,-10.5510583542408,6.45910233380945,-1.15549105070102,0.44759228735979,1.13910746131251,11.586296657241
-10.076024069952,-2.7402010892689,10.404866202346,-0.869854190913507,-1.77348209990953,-10.5292001425951,6.45463133535463,-1.14803947472778,0.438650377053193,1.12420418006218,11.5708966141887
-10.0601273699707,-2.67114961197085,10.4078468277392,-0.887738114835057,-1.79037240553241,-10.4666061728295,6.43724411913428,-1.07948497575765,0.418282692486188,1.16245593531832,11.6618065460519
-10.038766179378,-2.67711089058754,10.3934404716756,-0.894692974138596,-1.77894661054576,-10.4377930756346,6.4327731206786,-1.07799466056277,0.427224602793058,1.15599784677775,11.6632968728005
-9.99008253565971,-2.70095600502507,10.3651245304819,-0.878299377196412,-1.74268213078145,-10.4387866307102,6.41389557164823,-1.09339458423735,0.435172967509061,1.13811390926502,11.6235548261243
-9.96623748569132,-2.70244632467875,10.3507181744236,-0.897673628115652,-1.7188369934157,-10.4477286263861,6.42929567742337,-1.07501403016772,0.436663285891647,1.12768161239264,11.5857998818427
-9.97219874818587,-2.65376254927926,10.3884727627167,-0.937415681266493,-1.75460469944259,-10.3945734297947,6.41091490600106,-1.03427874815265,0.42325042043934,1.18332052912941,11.6960840616019
-9.89718619511335,-2.68108507624221,10.3278667131406,-0.910093019696889,-1.71684989860408,-10.4298446349812,6.40992135078907,-1.07352371494017,0.446101969004138,1.13016549269415,11.6324967870249
-9.8395606576382,-2.69151731382155,10.2846476449731,-0.911583346690677,-1.68505638211992,-10.4253736371371,6.4079342403654,-1.1003493884576,0.460011607252464,1.12122352393089,11.585799882118
-9.82515427327387,-2.67114961187929,10.2543446201787,-0.907609141372941,-1.67561768191016,-10.4169284189939,6.38408891527901,-1.07998174746711,0.442127786641458,1.13712035726199,11.6190838461501
-9.83012199202501,-2.63786580631423,10.2548413910764,-0.917544654673912,-1.70741119840575,-10.3886120993354,6.36123714541006,-1.04222709586887,0.442624559436246,1.18679796145698,11.7075098999766
-9.77746417329771,-2.64730449745669,10.2304996170744,-0.908105917043924,-1.69300476124707,-10.3657603325937,6.33937893075596,-1.02881425910999,0.458024516078447,1.19077216978951,11.7402970884219
-9.69052909515094,-2.72182048014151,10.1385970009853,-0.842034753584835,-1.63835965476273,-10.3915927645802,6.33838537554381,-1.07898820403161,0.500746976419123,1.14357844578082,11.623058050671
-9.66121955454968,-2.69598827278874,10.0963714746511,-0.837563772604276,-1.63388869150511,-10.3806636587386,6.30460449835437,-1.08395592134742,0.505714704369512,1.15748817494723,11.6523678100769
-9.6527744326735,-2.65674318859409,10.0978617873446,-0.841537977924869,-1.66369511323454,-10.3414182332187,6.27479784202581,-1.0506722153261,0.499753430832145,1.20567545105303,11.6936001835047
-9.59812952643654,-2.67263993155922,10.0377525087296,-0.82017662434615,-1.64730158127724,-10.3076373606482,6.26287517948922,-1.06756245420154,0.524592070562058,1.21710130000872,11.7055227974822
-9.51169122016906,-2.74665914104488,9.95926270683116,-0.762053871585447,-1.59365002221021,-10.3334697926511,6.24399763047796,-1.11177513833597,0.548933937502211,1.18630118537096,11.5947418421396
-9.51715571079551,-2.69201408707893,9.97317229196365,-0.790370084484127,-1.60308872242727,-10.2773339308512,6.22064908301019,-1.06507859556739,0.537508163215793,1.2588304874515,11.6662775260501
-9.51467185141951,-2.67313670478822,9.97168197926987,-0.796828168122547,-1.63140482304872,-10.253985386541,6.21270064131741,-1.03030457433414,0.514656614671262,1.2960886906533,11.7244002694049
-9.48933648579933,-2.65773673501222,9.97764323004549,-0.812228213724228,-1.63438546522075,-10.206791520392,6.19680375794179,-1.00794984639374,0.521611433795424,1.32192104483836,11.7735810521604
-9.44711087639283,-2.66618187971345,9.94833374710183,-0.788879757458856,-1.58917905893673,-10.1953656370116,6.19531342512513,-1.02980780259094,0.540985572804013,1.30552743544287,11.7358261077917
-9.42724000138143,-2.67562057085114,9.9249855149235,-0.779937795489361,-1.55837908980014,-10.1859268637859,6.18190042978068,-1.03278843298258,0.541482345599166,1.31347585210988,11.715458308904
-9.45009150765745,-2.61153682576013,9.96472718669436,-0.83607344566074,-1.60408226978022,-10.137242665019,6.15606799428162,-0.978640314200368,0.528069480131271,1.38103739387674,11.817297303529
-9.36911769197426,-2.66568510651615,9.91902426417366,-0.79732494378596,-1.56185650562559,-10.1327716671733,6.16202932554633,-1.00149181383709,0.548933937539495,1.35470826367557,11.7502325998543
-9.31944050442728,-2.69251086027839,9.87083748714258,-0.777453917174837,-1.538011368246,-10.1446943280975,6.16749387920334,-1.01341433540337,0.573275804497514,1.33583077405581,11.7199292892561
-9.2821826137637,-2.68058830305581,9.85990852741368,-0.767518403874377,-1.52956621541367,-10.1208490062545,6.13271944684431,-1.00844661808856,0.590662852331053,1.363650232405,11.7144647578491
-9.2071700604556,-2.71436888178381,9.78638643477356,-0.707905323938472,-1.48286948794721,-10.1561202114447,6.15209377346137,-1.05067221520381,0.619972447266584,1.29360481055046,11.587290208824
-9.2171054979561,-2.6820786225468,9.78787674746691,-0.714860183240583,-1.49777269880617,-10.134261999735,6.12030000673924,-1.03080134590732,0.615004719318475,1.30751453974114,11.646903278906
-9.18282823854986,-2.68704635473042,9.7670123697656,-0.703434342955758,-1.48137916687287,-10.1203522286458,6.09993212491546,-1.02285299818832,0.631398221531945,1.31347585225869,11.6424322986431
-9.14258971664595,-2.67114961172249,9.74714153385371,-0.699460137640368,-1.4928049618611,-10.1129005655612,6.08353846394719,-1.03030457417125,0.653256224512985,1.33930820647101,11.6518710347386
-9.11824789473032,-2.64233676507898,9.7357158032262,-0.704427894294934,-1.52161783620911,-10.0681905870641,6.07658357747086,-0.993046694275228,0.655243315694659,1.37755996174422,11.7030389198836
-9.10880922909607,-2.61352391843318,9.72826423977073,-0.71386663192928,-1.54496619991427,-10.0349064919754,6.06267380453026,-0.980130629241543,0.647294950974038,1.41730204511794,11.7681165212661
-9.07602228530422,-2.61898842383713,9.70640632028704,-0.696479483663516,-1.51466300450567,-10.0195063882634,6.05224147481866,-0.995033781214663,0.669649726760016,1.39941810757328,11.7710971747736
-9.10731891347326,-2.51913700690772,9.76005757716976,-0.762550647070032,-1.57675971646345,-9.94250586967947,6.01001537839744,-0.921511564898458,0.623946629615043,1.49281200350912,11.8918136415179
-9.04820306020315,-2.52162087299487,9.72925778160203,-0.7476473770983,-1.55043071057007,-9.92362832321342,6.00455082474043,-0.943866292815959,0.635372403914043,1.46996030556784,11.8639942088699
-9.0745319696094,-2.44859520984014,9.78439935120381,-0.790866859918142,-1.60010808011501,-9.87345379175835,6.02591226175403,-0.871834391611643,0.607553127389315,1.50721850876359,11.9812332465928
-9.11526726347821,-2.37308568083423,9.84947633859459,-0.85743479916794,-1.64134029692677,-9.7800596145226,5.99908627105833,-0.798312175400154,0.579733850839061,1.60458661295614,12.1441756376478
-8.99902264455098,-2.44859521003938,9.77148330779141,-0.813221764990536,-1.61352096998006,-9.78254350221788,5.99312493980339,-0.856931239767693,0.619972447262437,1.5658380816589,12.0319043557785
-8.94934545694787,-2.44660811716609,9.73323194872846,-0.794344289722568,-1.61103710150402,-9.75074973969826,5.97822161165239,-0.875808565595122,0.633882085517144,1.56434775352938,12.0189881905792
-8.93046812566883,-2.44859521004282,9.70938694566007,-0.781428122441916,-1.58321777456346,-9.70305909590211,5.96729250434744,-0.861898957091397,0.615004719304514,1.56931551395795,12.0254462731729
-8.91109402249975,-2.42971782773499,9.69398704786805,-0.777453917118365,-1.58222422717292,-9.68616865955937,5.929537406374,-0.877795652522239,0.609540218555495,1.57577360251646,12.0140204347333
-8.86141683491033,-2.43319524026357,9.66865173214006,-0.776957141453514,-1.58123067978183,-9.65288456442473,5.91562763344278,-0.885247228504237,0.639346586277882,1.56981229000629,12.0259430487455
-8.82614603170701,-2.42922105451541,9.64182610371524,-0.764537749825548,-1.59861775912088,-9.62506502221031,5.8917823084075,-0.869847304798487,0.635869176709154,1.57328972230562,12.0264398243301
-8.7883913691505,-2.44660811720328,9.60903922449216,-0.741686069274371,-1.58669519044162,-9.6384780157878,5.90469852612717,-0.884253685044031,0.658720725265566,1.55739288892968,12.0160075370575
-8.80776547233374,-2.40885335264298,9.62046495510049,-0.772982936201752,-1.6120306489435,-9.58929703939889,5.87042087140257,-0.828615251069451,0.652262678921666,1.61849634216824,12.1173497561384
-8.75013993474034,-2.4287242814209,9.57376849074325,-0.739202191017468,-1.592159701142,-9.58681315170037,5.84210454792419,-0.871834391823367,0.685546456197921,1.6100511494389,12.0731367291359
-8.70791432524131,-2.43617587969167,9.53104619365385,-0.725292472387183,-1.60457904353664,-9.58333570892397,5.80931722601015,-0.870840848359187,0.690514184149828,1.61203825361012,12.0567431348658
-8.69748211583208,-2.3974275686904,9.54147838246991,-0.726782799383572,-1.62047580179718,-9.54210317314911,5.80434944996568,-0.836066827145063,0.675114227482192,1.63985771197117,12.1094013466531
-8.62346310617637,-2.439156518985,9.48236264587911,-0.672137476135649,-1.57079843220418,-9.57886471105863,5.79491067547561,-0.886737543751102,0.690017411339739,1.58670267541081,12.0030913718048
-8.60359223113513,-2.41779527054901,9.49726577279355,-0.686047194745225,-1.5966306643647,-9.55650972174667,5.80236233954653,-0.851963522449198,0.686540001776646,1.59415431605556,11.9876913286995
-8.58123749669632,-2.41829204376788,9.50223348175744,-0.69250527839558,-1.59861775914573,-9.52620629180796,5.79938167391999,-0.82414430543688,0.6910109569348,1.61203825361112,12.0244527219584
-8.58521167170599,-2.37606632016263,9.51266567058276,-0.700453689031665,-1.6020951750143,-9.49689641694982,5.7795105697488,-0.801789577482508,0.665178771572236,1.65426421725611,12.071149626894
-8.55341827160581,-2.37805341303682,9.49776254369552,-0.702937567357896,-1.57477262175968,-9.48646408861112,5.76212335359461,-0.819176588117162,0.669649726732166,1.68705143610264,12.0726399536479
-8.52510227466247,-2.38947919708002,9.45504024660612,-0.696479483718979,-1.56285005307252,-9.45963810144867,5.75020069108386,-0.809241153466181,0.686043228977222,1.70096116530603,12.043826969775
-8.49529596206856,-2.37954373270933,9.43020170181365,-0.677105232769902,-1.57278552698507,-9.42983144904287,5.74572969264572,-0.802286349208408,0.683559364999484,1.69897406113327,12.0314075801596
-8.44561877441408,-2.39395015606008,9.38052461219072,-0.679092335429433,-1.55986941090232,-9.40648290466435,5.7049939291134,-0.80327989267291,0.680578728225695,1.70145794134748,12.0393559895026
-8.37805779911266,-2.41978236337566,9.30749929063135,-0.630905095811484,-1.51416623084771,-9.4094635699013,5.70896814994869,-0.847989348511822,0.704920595212008,1.68158689964247,11.9708009590352
-8.39792867417527,-2.39345338277755,9.30501543615084,-0.655743879067736,-1.51963074149652,-9.38710858059626,5.69505837703054,-0.818679816298386,0.707404459189671,1.72331608724331,12.0140204348304
-8.419786636774,-2.32539545189186,9.34724096226942,-0.700950464674771,-1.55539844761732,-9.31259194964018,5.67220660723036,-0.764034925835431,0.711875414349601,1.79286473323342,12.1357304528018
-8.36414818660021,-2.35023411286163,9.27669949497182,-0.679589111091666,-1.5236049311068,-9.32004361274647,5.64239995096281,-0.810731468712553,0.743668873239867,1.79087762906127,12.1481498424021
-8.31496777078599,-2.35172443251816,9.21559667480116,-0.696976259370373,-1.50770817285241,-9.301166066208,5.62898695564871,-0.814208870841222,0.75161723796851,1.80478735828018,12.1342401260275
-8.28367114257295,-2.34576315388383,9.20516448597584,-0.704924670003192,-1.50472753067939,-9.28477240737347,5.63196762127317,-0.792350914594858,0.764533330644655,1.80776801454023,12.102446488615
-8.21114244848936,-2.37407922731802,9.1430681240643,-0.665679392411468,-1.48187594065272,-9.28725629507358,5.64190317335948,-0.795331544987842,0.772978468172328,1.75908396232936,12.0184914149505
-8.18978125779809,-2.35818248429949,9.14902937481552,-0.66170518709414,-1.4769082036974,-9.26688841591175,5.62004495877433,-0.794834773255163,0.773475240967891,1.76206461858826,12.0661818710341
-8.11079452930489,-2.38798887739566,9.10680384873857,-0.630905095801831,-1.43368889213776,-9.28228851965935,5.61209651710891,-0.836563598765297,0.782913924085321,1.74269035291231,12.0100462300498
-8.07403341039646,-2.38898242383323,9.07153311518064,-0.605072761212013,-1.42176632343774,-9.2763271891761,5.62352240199401,-0.848486120335449,0.798313880755784,1.7387161445697,12.0045816986262
-8.0819817604385,-2.342285741352,9.09190072184746,-0.644318038848071,-1.45852757696907,-9.22466232501671,5.59570285616305,-0.81619595779521,0.808746109475374,1.78094210821212,12.1138723269967
-8.01988527583144,-2.34278251457117,9.06805571885022,-0.620472806922681,-1.428224381532,-9.20379766831328,5.60712874105942,-0.844511946544491,0.803281608725015,1.75212909771822,12.0761173826197
-8.00448534763827,-2.33682123594161,9.04222363227305,-0.625440563576354,-1.42077277609604,-9.18939111963517,5.62054173637384,-0.826131392445917,0.790862288839359,1.75709685815365,12.0651883197573
-8.00746597889976,-2.30155033735467,9.04719134122959,-0.636369628203214,-1.44809532935067,-9.13176492488645,5.61010940669037,-0.79582831676156,0.794836471205018,1.80578091041787,12.1362272283897
-8.01442078518059,-2.25833106726671,9.08593947107242,-0.636369628203214,-1.46647595608103,-9.10742282538078,5.6076255186702,-0.739693110895808,0.773475241005607,1.82068419173263,12.1878918892487
-7.99951762887911,-2.21163438456511,9.0685524897089,-0.646305141489649,-1.48038561955092,-9.07066128734763,5.59470930096732,-0.721312556760937,0.773972013801049,1.85843917105797,12.2703566363711
-8.02087881961754,-2.18331831113092,9.07103634418169,-0.657730981809377,-1.4937985093527,-9.02793841887023,5.56341231191162,-0.703925546128891,0.760062375522516,1.93295557754249,12.3468600762669
-7.97418226317854,-2.18679572366738,9.03129467254018,-0.624447012244718,-1.48833399870027,-9.01651253543045,5.55794775826895,-0.707899719989979,0.76900428584525,1.92401360876689,12.3011567225183
-7.98809187575595,-2.14109258756709,9.03775269416975,-0.667666495173282,-1.51913396786835,-8.96981544661704,5.55645742545703,-0.654745144622506,0.760062375523338,1.96971700474499,12.3816343671546
-7.98809187575595,-2.10333782290212,9.03924300685404,-0.691014951438654,-1.53055976287269,-8.93553779630971,5.53310887808988,-0.602087340967038,0.745655964444077,2.02933012995197,12.4223699650683
-7.96126619435702,-2.08197657449404,9.0511655083271,-0.69796981075826,-1.50820494654503,-8.89927303582391,5.53012821246736,-0.551913395992748,0.730752780561001,2.03479466642867,12.4288280476688
-7.94984044117766,-2.05316372775989,9.03775269415355,-0.71684728603495,-1.52906944176947,-8.88039548926713,5.49436022498676,-0.523100635510664,0.742675327655061,2.0864593749246,12.4953959759508
-7.90562774407032,-2.065583058236,8.9920497718289,-0.686047194761618,-1.51168236240688,-8.8719502710725,5.46952134478174,-0.523597407243282,0.745655964426753,2.06360767692999,12.4556539292184
-7.87433111581239,-2.04124117043987,8.97664987406762,-0.702440791690336,-1.50125011480547,-8.87493093632151,5.47200523280113,-0.492300788045358,0.738701145287488,2.03827209869876,12.4208796382542
-7.82564747181832,-2.06657660464152,8.93541788975023,-0.669156822114569,-1.47988884590085,-8.87642126894501,5.47746978644591,-0.533036070193812,0.75608819312209,2.01641395277356,12.3562988121971
-7.7595768121408,-2.11377006056273,8.86835381891717,-0.612524396313572,-1.44958565047048,-8.87989871173434,5.46455356875111,-0.581222928295038,0.783410696894775,1.98014930157838,12.2733372894905
-7.72977049947903,-2.09538945146838,8.84748944135526,-0.619479255635321,-1.44014695024064,-8.85555661221912,5.46057934792204,-0.565823004579666,0.787384879258855,1.98909127037177,12.2917179861238
-7.69151906490408,-2.09340235859049,8.81718641678126,-0.617988928638549,-1.43617276067419,-8.85257594697307,5.44617279741647,-0.555390798192615,0.7739720137766,2.01591717670837,12.3130793362351
-7.65922889284112,-2.05862823322169,8.8147025623081,-0.631898647261693,-1.44263081871887,-8.82823384744931,5.42580491566429,-0.570293950179145,0.781920378506945,2.02535592154057,12.3076148048009
-7.64730636778168,-2.05415727424314,8.80476714441487,-0.638356730904589,-1.44263081871887,-8.78551097888199,5.43673402293924,-0.568306863246018,0.797817107974445,2.02833657780473,12.3309632572936
-7.6179968269711,-2.06657660471594,8.7640319310777,-0.618485704270511,-1.44809532937931,-8.79942075003368,5.42381780524662,-0.601590569332213,0.790862288833691,2.02535592154456,12.2872470058767
-7.56086806101986,-2.10085395686015,8.69796140213083,-0.584704959025533,-1.39841795975748,-8.80240141528047,5.41437903078291,-0.620467895170021,0.809739655083855,2.00349777562913,12.2345887939374
-7.53801655462848,-2.06856369760505,8.69150338050635,-0.617988928625224,-1.4197792286863,-8.76166565688831,5.40046925788116,-0.597616395456771,0.826629930133774,2.03876887471673,12.2942018640597
-7.50274575132106,-2.11227974097129,8.63735535298755,-0.580233978101886,-1.39444377020053,-8.76464632213695,5.36619160323989,-0.632887188517571,0.839546022823352,2.04671729141389,12.2678727580762
-7.45555242289658,-2.11625392672528,8.58122024194403,-0.571788791782512,-1.36612766952039,-8.74626555310729,5.31651384288604,-0.643816166640753,0.858920161860979,2.06658833316327,12.2698598604139
-7.40190106006168,-2.12171843214002,8.56085263529075,-0.537511270822447,-1.34575994797291,-8.76116887934156,5.30359762519933,-0.636364590653355,0.859416934657271,2.0551624841677,12.2241565067053
-7.26975974029696,-2.22206662211011,8.44709210086863,-0.433685156402123,-1.27670840403538,-8.83270484519371,5.29018462990685,-0.743667284680166,0.895184575977748,1.92053617656843,12.0199817421599
-7.25435981207998,-2.1902731360349,8.4495759553402,-0.458523939666664,-1.26726970381153,-8.79196908679398,5.28571363147614,-0.723796415356348,0.905616804685211,1.94040721831821,12.0522721551534
-7.23895988385513,-2.20915051838601,8.40784720023694,-0.41977543776304,-1.25137294554353,-8.77805931562649,5.27478452420277,-0.729260904415275,0.909590987051844,1.94537497875767,12.0597237889275
-7.17189568032215,-2.25932461352821,8.36413136156488,-0.376555954881074,-1.22603748704586,-8.80786596812333,5.26882319296116,-0.768505871307743,0.923500625348672,1.90513611922213,11.9762654907563
-7.15053448954685,-2.24740205627449,8.35171208922236,-0.386491468200663,-1.21908265529592,-8.78700131139277,5.26286186172114,-0.755589806265987,0.946848946761562,1.92053617657024,12.0055752502206
-7.17040536467061,-2.18629895023429,8.38201511375005,-0.406362494822498,-1.27074711969976,-8.7452719979041,5.25242953205575,-0.728764132701632,0.928468353307174,1.95878793193507,12.0835690170004
-7.15003771765736,-2.19027313599178,8.35270563101882,-0.389968897862641,-1.25683745621411,-8.72291700851324,5.21666154463713,-0.72280287190255,0.93691349083872,1.99554935920724,12.1034400404061
-7.11228305492378,-2.18480863057661,8.34078312956632,-0.377549506227023,-1.250379398163,-8.71447179030781,5.21417765662186,-0.736215708683889,0.942377991595095,2.01045264052139,12.0969819578107
-7.1167540018298,-2.13960226757488,8.37058938319829,-0.418781886457274,-1.28018581993033,-8.66926503398595,5.21219054621019,-0.696970741759045,0.918036124602825,2.04224630735396,12.1705047444178
-7.16543764588705,-2.07055078994359,8.41281490920968,-0.496775665944976,-1.30750837322045,-8.60070973323192,5.21169376860702,-0.642325851099417,0.895681348784708,2.09242068776552,12.2619114519186
-7.25386304036984,-1.92996396919015,8.49279502286305,-0.59066626704775,-1.38550184369164,-8.49042511912109,5.189835554075,-0.552906939450631,0.886739438447202,2.23747929229455,12.4785056060888
-7.19772781810373,-1.9453639390146,8.44709210063525,-0.544466130150205,-1.38003733303347,-8.49042511912109,5.17542900358261,-0.57873906956772,0.899158758345776,2.20270496924303,12.43081514999
-7.23349539332552,-1.86687377016594,8.51018200421765,-0.625440563527141,-1.41530826542159,-8.41243104492588,5.15605467706676,-0.488823385770649,0.894687803183383,2.2901375531427,12.562957455954
-7.23995342774524,-1.80875130350367,8.51813033851461,-0.636369628173077,-1.43368889217836,-8.3602694030322,5.1327061297204,-0.450075190611482,0.879287846498315,2.32491187619422,12.648402856466
-7.26131461852055,-1.75062883678251,8.53899471605442,-0.675614905735585,-1.46448886133623,-8.30761098358417,5.12426091046665,-0.392449669553678,0.85544275228977,2.3855185535938,12.7258998477577
-7.19574073057047,-1.77695781745855,8.49478210651286,-0.656240654779545,-1.42325664456436,-8.30214643062196,5.11184147039567,-0.407352821538345,0.877797528115411,2.36067975140204,12.6603254705762
-7.18828915239201,-1.75013206357902,8.47789189614472,-0.66170518710104,-1.3999082808321,-8.30164965307971,5.12525446567039,-0.411823767137825,0.881771710484717,2.33335706896475,12.6712545334561
-7.15699252404333,-1.74119014562347,8.44808564254433,-0.66120841143545,-1.40338569670606,-8.25495256412559,5.09693814231742,-0.39890770208929,0.889223302428194,2.33584094918466,12.7000675173565
-7.10880565180464,-1.75460302256949,8.38251188461216,-0.617492152875269,-1.38152765408152,-8.27780433106813,5.08004770382597,-0.421759201827106,0.909094214255883,2.309511818836,12.6583383681746
-7.01342545114075,-1.81173194293021,8.30203499981973,-0.558872624372457,-1.35023091121847,-8.27730755352572,5.06315726532517,-0.464481570901086,0.925984489315619,2.27523427181102,12.6349899156833
-6.95778700070505,-1.82464804664792,8.27272551713976,-0.553408092045631,-1.34426962686319,-8.27233977810343,5.05272493567032,-0.451068734119076,0.921016761352467,2.24840836542921,12.6195898725495
-6.98510945403136,-1.76751912626739,8.29309312377196,-0.605569536921922,-1.36612766948592,-8.2251459115785,5.04676360443503,-0.399901245585298,0.917539351779909,2.31497635531395,12.6931126590732
-6.88972925336088,-1.83110609852465,8.1992034248116,-0.52062089821715,-1.31495997881574,-8.27830110866891,5.04328616121616,-0.458520310206352,0.950326356332706,2.2265502193263,12.5733897427376
-6.85247136246188,-1.8360738307251,8.16492623317833,-0.516646692892069,-1.30303741011079,-8.26339778239281,5.04427971642185,-0.464481571004988,0.961255357849637,2.22704699537025,12.5560025972609
-6.79534259640649,-1.85445443987875,8.11872654008349,-0.46845945334216,-1.26279874071655,-8.24849445611301,5.01596339306683,-0.478391179551483,0.987087543243809,2.20916305776132,12.5331509203166
-6.80577480586109,-1.80428034459605,8.12766841616273,-0.494788563611022,-1.2970761257504,-8.19732636922484,5.00602784101543,-0.424243060620386,0.970197268172705,2.25933743821465,12.6210801988493
-6.74765249601608,-1.82166740730016,8.09289445368462,-0.452065856329109,-1.2876374255096,-8.19583603659802,4.9856599593054,-0.431694636617284,0.961752130639092,2.25387290173086,12.5848155811299
-6.75659438983276,-1.76006752793415,8.11773299834855,-0.464982023630317,-1.29558580464755,-8.17944237768838,5.00404073060027,-0.385494865413418,0.958274721065045,2.27275039141039,12.6096543603811
-6.74020091781931,-1.73820950623937,8.1271716453105,-0.478394966608147,-1.29061806768372,-8.13522917641035,5.00155684258799,-0.376552974214793,0.954797311493444,2.28964077691383,12.6166092185733
-6.77348463370472,-1.67710640010791,8.16542300409154,-0.521117673839607,-1.32489545272136,-8.10095152595938,4.99112451293264,-0.328366116066584,0.960758585048134,2.34229903758067,12.6851642493545
-6.79931677141771,-1.61799038686508,8.19771311213118,-0.536517719483983,-1.32737932120297,-8.05326088185319,4.99261484574015,-0.283159888327207,0.956784402678705,2.39793795455349,12.7601773627731
-6.74169123346884,-1.66120965708214,8.16890040031605,-0.493795012262392,-1.29310193616912,-8.07611264881367,4.96628563280488,-0.310482333677172,0.973177904955856,2.38303467322028,12.7462676463872
-6.70642043003181,-1.6661773892806,8.12220393644563,-0.477898190942886,-1.27819872526692,-8.05326088185461,4.95237585993526,-0.318927453142223,0.960758585041705,2.38998953783693,12.718448213628
-6.74765249595775,-1.55142277511208,8.18479706903729,-0.549433886669483,-1.30254063636446,-7.97377647489277,4.9270402022051,-0.230998856180951,0.927474807717599,2.47493824150097,12.8843712595286
-6.71387200816053,-1.55738405375261,8.13114581267288,-0.533537065348345,-1.29310193612314,-7.9842088032896,4.93051764542204,-0.255340671113887,0.947842492384286,2.46351239247988,12.85704860234
-6.6353820512373,-1.63239681001632,8.05663017880039,-0.470446555776238,-1.23001167666244,-8.02494456179192,4.91958853817102,-0.310482333510231,0.969203722624211,2.40389926720029,12.7651451191351
-6.60358865094041,-1.63885486187371,8.04868184452809,-0.474420761108767,-1.226534260783,-8.00755734780546,4.92058209337592,-0.31395973564116,0.969700495420184,2.43569293403221,12.7879967960481
-6.5623565849894,-1.65723547106071,7.99701767166148,-0.465975574797414,-1.20666331293152,-7.98917657871167,4.91263365173289,-0.33333383325586,0.977152087365484,2.44463490283286,12.7884935716334
-6.53304704409821,-1.68406122495526,7.96025662562406,-0.430704502502458,-1.18728913875946,-7.97526680750628,4.91511753974517,-0.33482414845591,0.979635951345122,2.46997048110988,12.7884935716334
-6.46846669981481,-1.73423532024866,7.88723130437775,-0.381523711611523,-1.14705046936078,-7.97427325242001,4.90766587570886,-0.371088485011318,0.968210177033889,2.46053173626503,12.7283837257933
-6.44263456210181,-1.73771273279755,7.85692827990829,-0.385497916937114,-1.16294722763493,-7.96235059137869,4.91313042933733,-0.365127224202845,0.970694041014668,2.45804785604033,12.7204353164137
-6.40736375865648,-1.74665465076097,7.81768337939872,-0.353704274292388,-1.14804401673026,-7.93105360618821,4.9171046501556,-0.387978723921237,0.975661768980708,2.43171872570717,12.672248084708
-6.38997674286492,-1.74069337212267,7.80178671087175,-0.353207498625943,-1.14953433782103,-7.93602138161594,4.90617554290747,-0.387978723921237,0.99106172567567,2.4590414081489,12.7119901315164
-6.30304166405012,-1.81818999475557,7.72925816042627,-0.284155681227617,-1.10730857365123,-7.9916604665168,4.92107887098027,-0.459513853681958,1.01639713825946,2.40837025154187,12.564447782263
-6.30999647036391,-1.77795136389495,7.75608378859064,-0.307007361872646,-1.12221178455632,-7.94744726518491,4.91064654133119,-0.446597788619216,0.986590770463215,2.44463490280112,12.6166092187399
-6.31844159231958,-1.6969773289748,7.78887066746062,-0.343271985510098,-1.15400530116262,-7.8937952905577,4.90667232051407,-0.396920615296008,0.990564952836533,2.50524158016994,12.6931126587896
-6.30999647036099,-1.67362898763365,7.78340618765023,-0.353704274504104,-1.16543109619254,-7.86498219306676,4.89127221484347,-0.378540061168489,1.00248749994445,2.48984152279307,12.6965900878868
-6.25982251052545,-1.70740956663271,7.74863222521837,-0.315452548224175,-1.12717952151659,-7.87591129901611,4.86891722273884,-0.399404473963193,1.01291972867362,2.43768003816866,12.6325060374677
-6.23995163533138,-1.68654509138472,7.73124524400779,-0.306510586223687,-1.11873436866582,-7.87938874181821,4.85798811548703,-0.410333452093478,1.04371964205271,2.41880254846957,12.6245576281055
-6.21610658510509,-1.67362898765875,7.73074847311586,-0.297568624230088,-1.13463112695755,-7.87094352358331,4.85003967385126,-0.404868963027721,1.06955182746347,2.41780899638084,12.6295253839545
-6.17686160662096,-1.67412576087996,7.70243253225931,-0.270742738266507,-1.10134728930495,-7.85305953201025,4.81079424327891,-0.417288256376688,1.07551310101889,2.42575741310077,12.6166092187182
-6.18282286917753,-1.65276451240467,7.70044544869124,-0.308497688901304,-1.108302121062,-7.83020776502005,4.79936835842845,-0.364133680904243,1.09041628492613,2.46599627267798,12.6911255564467
-6.21312595383738,-1.59513881880267,7.73174201486566,-0.345259088183785,-1.12866984262356,-7.76264601911505,4.78794247358432,-0.320417768340472,1.07402278263845,2.49679638746707,12.7517321779513
-6.14407466251457,-1.65822901775925,7.65672961022722,-0.278691148875877,-1.08594730465667,-7.77705256786305,4.76260681586696,-0.3497273005986,1.10233883204358,2.4282412934011,12.6801964937789
-6.10234582461164,-1.68952573065835,7.62692335671346,-0.263291103226757,-1.07501828332749,-7.78202034329765,4.75416159663109,-0.357675648330511,1.1192291071214,2.40837025160855,12.6533706121485
-6.11178449032445,-1.68952573065835,7.6224524186826,-0.271239513877939,-1.09737309965762,-7.75122013558721,4.73776793576856,-0.352211159257376,1.10631301441167,2.42774451735649,12.6866545763992
-6.04124288329862,-1.74764819734697,7.55737543196359,-0.212619985171948,-1.03626993484795,-7.78996878392909,4.7546583742466,-0.400894789071524,1.13860324620625,2.36912494420416,12.5644477826996
-6.05167509277514,-1.71784180411569,7.56929793336204,-0.220071620167476,-1.06309571449935,-7.75320724571608,4.73478727017391,-0.369598169871253,1.13214519984931,2.4302283976325,12.6474093053665
-6.04819768961505,-1.71188052546911,7.55836897375164,-0.255839468144629,-1.07501828322869,-7.71346504223352,4.7169032765016,-0.360159506940905,1.11426137917047,2.44264779874868,12.6911255568905
-6.02186877997179,-1.71585471123191,7.51067896818363,-0.247891057480182,-1.0611086197242,-7.71147793206017,4.71143872287879,-0.378043289332341,1.12071942552959,2.44314457479303,12.6821835963629
-6.00448176417397,-1.73870627939356,7.50918865550807,-0.266271757125906,-1.05812797754335,-7.70452304644483,4.71740005410017,-0.376056202397028,1.13562260942771,2.45854463219524,12.6876481278082
-5.95132717300961,-1.75211915634603,7.46795667151471,-0.232987787491182,-1.03477961377688,-7.70253593627074,4.69653539482434,-0.428217234404003,1.12618392628487,2.42526063723159,12.6166092191688
-5.97119804818252,-1.68157735876285,7.53402720026462,-0.286639559291636,-1.08644407812219,-7.65186462671743,4.68212884437771,-0.378043289183825,1.1073065600347,2.49629961181244,12.7348418090853
-6.01690106115924,-1.62097102591098,7.56631730818738,-0.328865490968738,-1.12419887912139,-7.60069653974579,4.67914817876595,-0.338798322252114,1.10780333283172,2.56286760169988,12.8232678631617
-6.01541074551895,-1.6006033238715,7.55588511946797,-0.322904182972239,-1.11823759475722,-7.57039310957876,4.67368362514458,-0.306508159571443,1.11922910715904,2.57578377886321,12.848106642448
-5.94486913855267,-1.61898393305604,7.51067896832268,-0.298065399676454,-1.06359248812336,-7.59821265202861,4.68908373080295,-0.336314463588469,1.14853870216899,2.55193852871408,12.7755774069737
-5.9841141171264,-1.53155184634455,7.56333668275087,-0.362149460710394,-1.13214725838341,-7.51773469001798,4.65977385227634,-0.271237366565162,1.12916456308454,2.65377761775511,12.940506901051
-5.93692078851796,-1.54496472330453,7.53551751283209,-0.346749415049807,-1.11277308419475,-7.51177335949165,4.68113528915525,-0.273224453499978,1.13910001901936,2.61403553420714,12.8943067716276
-5.89966289749582,-1.55589373415512,7.50571125937924,-0.314458996740001,-1.08445698344965,-7.51177335949165,4.68312239956252,-0.280179257764879,1.1684096140311,2.59664837264625,12.8510872956887
-5.91456605390004,-1.49727449406793,7.55290449405533,-0.355691377026354,-1.08445698344965,-7.45812138474919,4.67567073553374,-0.220069877996456,1.1594677036884,2.629932367641,12.9131842438632
-5.88625005672557,-1.50124867983231,7.52905949126135,-0.341284882710915,-1.0660763566568,-7.45166327667601,4.6592770746791,-0.230005312671033,1.15797738529797,2.6085709976986,12.9121906926912
-5.89171454740964,-1.47889388490617,7.53104657482536,-0.36016235803316,-1.06806345144662,-7.42334695667743,4.66672873870376,-0.221560193212527,1.17635797879173,2.63440335199482,12.9509391882877
-5.77546992749214,-1.58818399372412,7.39542812130932,-0.259813673618645,-0.982618375718325,-7.47848926412738,4.6652384058995,-0.311972648864242,1.20715789215856,2.53057715844626,12.7616676895732
-5.73026368639592,-1.60408073678631,7.35518967913658,-0.249381384624639,-0.951818406488091,-7.47302471114339,4.6403995258182,-0.333333833406305,1.20069984579846,2.52411906986716,12.7393127882322
-5.68754130468137,-1.59960977779906,7.32687373835394,-0.252362038623118,-0.94436680103009,-7.45712782972902,4.61307675773304,-0.333333833406305,1.20268693698664,2.54299655957967,12.7417966661622
-5.69648319852984,-1.59762268491512,7.30799644449907,-0.246897506293766,-0.971689354367784,-7.42334695675001,4.56290221998511,-0.320914540071312,1.16493220444127,2.55442240860656,12.7720999768484
-5.66220593876528,-1.61451297442546,7.27322248212543,-0.225039376972711,-0.939399064060491,-7.42533406692635,4.56091510957803,-0.334327376879812,1.17139025080018,2.54697076793064,12.7254030717882
-5.65624467619979,-1.58570012761062,7.27520956568978,-0.258323346610854,-0.964734522610691,-7.39950163462854,4.54899244713126,-0.335817692080794,1.15996447647567,2.59416449215105,12.780545161755
-5.65028341363266,-1.56086146657727,7.27918373281429,-0.269252411275591,-0.975166770258814,-7.38956608374764,4.55197311274252,-0.315450051012423,1.14605483815841,2.6130419818463,12.8103516968773
-5.60954811944649,-1.5817259418837,7.2349711234829,-0.233484563321396,-0.959766785651998,-7.37913375531159,4.54054722790361,-0.351217615855213,1.15549352129808,2.60161613281315,12.79793230723
-5.58570306917698,-1.55340986829396,7.2071519535922,-0.235968441652409,-0.985599017896046,-7.36323687389328,4.54303111591106,-0.322404855285249,1.15151933892427,2.62297750275555,12.8078678189515
-5.56881282524168,-1.55042922896845,7.17585538748173,-0.232987787655385,-0.992553849658674,-7.36224331880501,4.52216645664878,-0.278688942736781,1.14406774696484,2.6438420966301,12.8307194958699
-5.57527085969142,-1.53552603234923,7.17833924193354,-0.231994236321946,-1.00199254990443,-7.34038510685799,4.51968256864194,-0.251366497390915,1.148041929339,2.64880985707692,12.8545647239753
-5.57179345652781,-1.49926158721877,7.18827465974651,-0.235968441653659,-1.01937962931508,-7.32250111526535,4.51868901343931,-0.227024682445807,1.14704838374537,2.67017122699893,12.882880932344
-5.57427731593121,-1.47342937971582,7.18529403440328,-0.23298778765518,-1.01937962931508,-7.31604300718776,4.51918579104053,-0.217089247764273,1.14059033738468,2.67414543536131,12.874435747383
-5.5663289658438,-1.44710039898359,7.19274559776493,-0.252858814299971,-1.01441189234768,-7.28573957697503,4.54849566951215,-0.184799085056958,1.16095802203641,2.68557128439354,12.8972874243183
-5.55142580941421,-1.44113912033463,7.16939736591911,-0.242426525297124,-1.01888285562446,-7.2564297018573,4.52216645663642,-0.169399161313095,1.16294511322428,2.69202937297921,12.9116939162956
-5.54397423120596,-1.44262943999856,7.14555236315976,-0.223052274320692,-1.00248932362547,-7.23804893270542,4.49434691095406,-0.158966954903876,1.18082893390969,2.70444877410497,12.906229384852
-5.52807753102211,-1.42275851114802,7.15201038473875,-0.232987787646913,-1.0298118769609,-7.19979706177562,4.45708859084421,-0.127670335660565,1.17387411475553,2.72879080031247,12.9593843725751
-5.51466469024337,-1.42623592369682,7.14803621761258,-0.223052274314569,-1.01987640301401,-7.18737762315538,4.4466562612142,-0.0983608033635979,1.17288056916162,2.72581014404383,12.9554101678893
-5.51714854964719,-1.40884886094495,7.14753944672203,-0.211129658322797,-1.00248932362307,-7.15707419292261,4.45063048202673,-0.0879285969400299,1.17834506992586,2.72531336799845,12.9673327819603
-5.50025830570394,-1.39841662330189,7.14753944672203,-0.201690920662522,-0.992057075978116,-7.11435132408795,4.45162403722922,-0.081967336130513,1.1733773419548,2.72233271172956,12.9946554391728
-5.46647781780015,-1.38401019989198,7.12816538200605,-0.207652228662388,-0.98261837573236,-7.09497699984558,4.45162403722922,-0.0824641078644095,1.1778482971269,2.7397198733014,12.9817392739463
-5.43816182059824,-1.36761668357694,7.12965569467841,-0.21510386365715,-0.986095791612472,-7.06616390225167,4.43821104199838,-0.0611029232961732,1.18380957068962,2.75959091510606,13.018500667315
-5.41332322655649,-1.38748761242854,7.11375902618862,-0.210136106991999,-0.985599017915163,-7.04927346573286,4.42628837957226,-0.0516642603441131,1.16741606840093,2.76654577974179,13.0319136081367
-5.38252336995112,-1.40040371618863,7.09339141967329,-0.200200593672154,-0.969205485913,-7.03089269656882,4.39101716989117,-0.0556384342186151,1.17784829713488,2.77797162877936,13.0493007536449
-5.40686519211625,-1.35470057981654,7.11276548439451,-0.237955544322461,-0.966721617426039,-6.99611826841669,4.38108161787132,-0.0332837061820886,1.17635797874396,2.79635234245558,13.112391253092
-5.37805242302982,-1.33781029028502,7.10233329569615,-0.238949095655058,-0.970199033305861,-6.98618271751793,4.38604939388327,-0.0312966192463781,1.18132570671562,2.81224917590576,13.1258041939102
-5.34774933828483,-1.34526188860646,7.05563683201772,-0.229510357995268,-0.949334538035283,-6.97276972380086,4.37859772986937,-0.0466965430071848,1.21460948412323,2.81622338426847,13.0895395761055
-5.33036232245308,-1.32390064008216,7.0322886001673,-0.257826570979,-0.945857122152575,-6.94693729145021,4.37561706426176,-0.0536513472849544,1.2141127113263,2.81224917591085,13.1148751309885
-5.29111734385271,-1.33035869196332,7.00248234675627,-0.269749186970772,-0.93095391123266,-6.92855652227402,4.3641911794278,-0.0640835537085224,1.21659657531065,2.81572660822875,13.0999718634006
-5.27969159059248,-1.31495872209861,6.99801140874446,-0.269252411304314,-0.942876479969251,-6.93054363245406,4.36270084662409,-0.066567412379372,1.21808689370181,2.84503639488854,13.0860621469978
-5.29260765950063,-1.30055229867755,6.9880759909486,-0.273723392303008,-0.925489400556194,-6.91961452646429,4.35276529459969,-0.0645803254437113,1.22802234964423,2.85944290020029,13.1218299891801
-5.23498212126631,-1.32489418653407,6.9259796296932,-0.262794327643042,-0.903134584172304,-6.93104040999704,4.35028140659494,-0.102831748956618,1.24143521516834,2.82913956145464,13.0522814071769
-5.21113707097005,-1.30055229868794,6.90461848142975,-0.256833019643176,-0.886244278455595,-6.91613708364705,4.33289419056918,-0.119225216186274,1.27273190137019,2.8038039831483,13.0294297302257
-5.21660156166003,-1.27472009115881,6.87779285336775,-0.25087171164882,-0.900650715670414,-6.90173053483298,4.3398490769804,-0.117734900983429,1.25683517187351,2.80877174360108,13.0378749151912
-5.14705349828727,-1.33184901160639,6.8161932630365,-0.203678023324425,-0.865379783118506,-6.93203396508265,4.33537807857303,-0.161947585298015,1.27819640215657,2.76406189954785,12.9241133060676
-5.14109223571477,-1.33930060993101,6.79830951099472,-0.200697369326482,-0.840044324550097,-6.94495018125024,4.33388774576931,-0.156483096223786,1.27769962935934,2.73226823265781,12.9151713455213
-5.14804704205195,-1.33830706348832,6.80178690722237,-0.198213490994193,-0.840044324550097,-6.92955007734364,4.33835874417734,-0.146050889806479,1.27124158299133,2.72034560757162,12.9201391013819
-5.10631820402136,-1.37059732287605,6.75956138160403,-0.153503681000938,-0.826134661012538,-6.97426005639453,4.32444897134753,-0.159463726621016,1.27372544697614,2.71488107108095,12.8510872949967
-5.07949252242172,-1.37804892119768,6.75210981825815,-0.11276807633205,-0.801295976118545,-7.01102159473286,4.30706175530798,-0.170889476507209,1.28018349333722,2.68656483650671,12.804887165531
-5.0432281750934,-1.40388112870545,6.71584554330999,-0.0958777036648965,-0.773973422752149,-7.00953126209784,4.30358431209973,-0.188276487194458,1.2886286308897,2.65775182589171,12.7949516538194
-5.01193154657717,-1.41679723246278,6.71783262686877,-0.0864389659997753,-0.772483101658818,-7.0070473743722,4.29861653608933,-0.182315226386283,1.28316413012062,2.65079696125739,12.7740870792068
-5.04819589392509,-1.39990694293306,6.75956138161134,-0.0725292473327073,-0.776457291240209,-6.98369882975601,4.31202953131855,-0.14157994420116,1.26875771900257,2.68308740418439,12.8391646809326
-5.03180242183721,-1.41282304669211,6.7506195056008,-0.0645808366633623,-0.769005685771908,-6.9782342767587,4.3309070801472,-0.148534748476321,1.27273190138173,2.6865648364994,12.8292291692212
-4.97566719925505,-1.4401455738853,6.73174221180076,-0.0516646693359576,-0.714857352732193,-6.99661504593375,4.33537807855565,-0.16244435703186,1.29657699563259,2.65626149775313,12.7701128745226
-4.99156389946643,-1.41232627351532,6.74316794225123,-0.0675614906791382,-0.742676679821157,-6.96581483813868,4.34531363057335,-0.127173563934904,1.28614476688618,2.70047456576087,12.8332033738415
-4.90313850452469,-1.4818745244013,6.68156835200638,-0.00298065394427111,-0.706908973546117,-6.96432450550432,4.31898441772548,-0.178341052480196,1.30651245158528,2.65328084154717,12.7268933987033
-4.86935801658862,-1.48584871017173,6.66269105820634,0.00248387838788688,-0.688031573042339,-6.96333095041323,4.31848764012454,-0.184302313290756,1.29707376843666,2.66271958640659,12.7249062963589
-4.84998391320076,-1.50422931933665,6.64033636820885,0.0258323347587676,-0.669650946208333,-6.94395662616805,4.31898441772545,-0.202682867429303,1.3313510914658,2.65824860200604,12.7015578438835
-4.85147422884571,-1.48882934946865,6.63387834664465,0.00149032708046021,-0.694489631102326,-6.90173053482869,4.30457786730376,-0.205663497833316,1.3388026834241,2.68358418030776,12.7303708278413
-4.85197100072717,-1.46150682229588,6.63586543020176,-0.014903269920223,-0.683063836045877,-6.88136265547423,4.30259075689931,-0.191257117550676,1.33681559223488,2.70842298256005,12.7576934850576
-4.83359044110967,-1.45157135786796,6.6274203250783,-0.0183806995868562,-0.682567062348073,-6.84509789465066,4.29811975849097,-0.183805541537942,1.33184786426459,2.72084238369415,12.7805451620152
-4.7913648311805,-1.45753263652726,6.57674969433068,-0.0134129429176228,-0.663689661828638,-6.83317523356131,4.27675832164853,-0.204669954374903,1.34377041139585,2.7133907430149,12.7507386268526
-4.75460371192589,-1.48584871012152,6.54942729543411,0.00993551344246493,-0.655244508960828,-6.84211722937444,4.26930665763517,-0.22006987811838,1.36463486890238,2.69451325331082,12.7249062964215
-4.77348104342351,-1.47293260636247,6.57674969436094,-0.0144064942058408,-0.694489631088455,-6.78598136671465,4.25788077281549,-0.186289400180889,1.35966714093057,2.74717151410709,12.8317130474497
-4.77944230600096,-1.40934563393216,6.60854303130062,-0.0566324258352369,-0.71783799486202,-6.72885194892576,4.25042910880177,-0.136612226698672,1.33482850108516,2.7759845247619,12.9181519995315
-4.82216468785398,-1.33035869183449,6.64282022262335,-0.113264851906677,-0.75757989071878,-6.68761941267161,4.26682276962763,-0.0620964666374696,1.3268801363215,2.84950737936597,13.0358878131461
-4.81918405656397,-1.29012006086975,6.66517491265164,-0.116742281572775,-0.765528269880683,-6.64688365390166,4.28321643046492,-0.0233482713368472,1.32737690911866,2.8599396763201,13.0582427145289
-4.81769374091832,-1.23448146009863,6.70690366733363,-0.161452091619989,-0.786392765204328,-6.58379290561043,4.27725509925487,0.0278192172532227,1.29657699566889,2.9200495777737,13.1456752175281
-4.80179704070231,-1.22653308854887,6.70143918755015,-0.152510129619272,-0.787386312599374,-6.55746369567893,4.27824865445605,0.0571287495787744,1.28366090294335,2.93445608309423,13.183430162075
-4.78838419990054,-1.21411375800254,6.70789720911213,-0.171884380602171,-0.800799202447508,-6.51573438182565,4.25340977441656,0.0735222168096601,1.28266735734883,2.93892706750232,13.2003205320055
-4.77695844662005,-1.19722346846291,6.68206512287406,-0.179336015599994,-0.810734676400984,-6.52417960010452,4.2404935567979,0.069548042935854,1.30700922441781,2.94190772377544,13.2003205320055
-4.79782286565009,-1.16393966259075,6.69994887488811,-0.224542601243009,-0.845508835237193,-6.48890839434722,4.23055800478569,0.106309151282353,1.3065124516205,2.99953374508741,13.297688547002
-4.76801655271326,-1.15698483750141,6.67511033046876,-0.214110312221946,-0.83358626647588,-6.4660566272626,4.21813856476938,0.10432206434858,1.28614476691143,2.99903696904276,13.27434009452
-4.70244266431042,-1.18033317890546,6.60804626044165,-0.144064943192043,-0.784405670378294,-6.49685683510987,4.23204833759417,0.0581222930661586,1.30949308839219,2.95283679682862,13.1516365247733
-4.65276547613471,-1.22355244925283,6.5558853170513,-0.0919034982246901,-0.737708942800824,-6.53908292653215,4.22211278558005,0.00844511958394134,1.3353252738322,2.90415274436269,13.0681782262065
-4.68555242031296,-1.16940416799857,6.60456886424738,-0.126181019187395,-0.760063759181625,-6.49238583719505,4.20472556955303,0.0586190648493016,1.31148017956456,2.9677400782526,13.1620688121455
-4.67164280762299,-1.19076541654624,6.58221417421909,-0.136116532515657,-0.768012138340012,-6.47648895570512,4.16945435988891,0.0481868584147745,1.30601567879665,3.01195314634568,13.1814430600269
-4.65524933551671,-1.19275250943379,6.55091760819951,-0.118232608509171,-0.751618606302044,-6.5067923860074,4.15405425427091,0.0322901629163692,1.31843499872904,2.989101448255,13.1695204459635
-4.6343849164725,-1.20666215964364,6.51763395864115,-0.0973680304914246,-0.733734753182819,-6.50480527582272,4.14511225746207,0.0149031522095528,1.33979622901145,2.97916592734338,13.141204237548
-4.59712702533014,-1.21312021152876,6.48981478885041,-0.064580836509,-0.720321863334686,-6.51374727165452,4.15455103187356,0.0139096087406291,1.35668650412648,2.98463046384327,13.1243138676175
-4.56980457181854,-1.22852018140375,6.4590149937636,-0.0278194371585583,-0.708896068287714,-6.49735361263989,4.13467992786061,0.0158966956774328,1.34774459377037,2.99655308893939,13.1079202732763
-4.54993369655211,-1.22106858306601,6.45404728486922,-0.0183806995055545,-0.694489631063735,-6.47350829040844,4.13815737106434,0.0193740978218402,1.3229059539242,2.98512723987536,13.1039460685751
-4.56980457184608,-1.16791384836883,6.47838905839988,-0.053651771887457,-0.717341221182636,-6.43028864390638,4.1520671438831,0.0705415864298232,1.31942854434228,3.03083063602515,13.199823756566
-4.57974000949059,-1.14257841407798,6.48832447616762,-0.08445186326518,-0.734728300626458,-6.40097876869779,4.14113803666284,0.100347890470699,1.30998986118644,3.03877905274395,13.2490045395094
-4.58073355325478,-1.14655259985201,6.47540843306321,-0.0730260229202211,-0.739199263910405,-6.3696817832978,4.12226048784917,0.100844662204906,1.31048663398377,3.06957916755807,13.2758304211611
-4.51466289298612,-1.20666215976684,6.39840894520504,-0.0258323346224844,-0.692005762629431,-6.38458510969184,4.1257379310534,0.0397417387797455,1.3278736818838,3.00897248994055,13.1759785281903
-4.49578556146967,-1.2041782936579,6.37208008809236,-0.00546453229405514,-0.675612230611406,-6.39253355043812,4.12027337744886,0.0347740214318966,1.33482850104328,2.97668204694335,13.1754817526034
-4.49379847394113,-1.20169442754844,6.37853810964798,-0.0158968212998475,-0.70690897358,-6.35030745902283,4.1172927118467,0.0581222929495591,1.325886590691,3.00400472944558,13.1963463272181
-4.47790177370882,-1.1753654467853,6.37307362987499,-0.0447098099851024,-0.692502536332124,-6.34086868564335,4.11530560144526,0.0720319015137946,1.31992531712099,3.02238544313524,13.2072753901115
-4.47541791429795,-1.16542998234571,6.37853810965228,-0.0308000913091049,-0.719328316018378,-6.30410714720244,4.10089905102946,0.0839544231441587,1.30502213319505,3.02188866708975,13.2236689844557
-4.48137917688407,-1.14903646602674,6.39940248696402,-0.0571292016617905,-0.712373484247099,-6.28026182497937,4.11977659984131,0.106805922931689,1.31148017956286,3.01741768267802,13.2430432323146
-4.45206963584598,-1.15748161080929,6.37506071339923,-0.0372581750088367,-0.695979952219556,-6.28671993308606,4.11133138063327,0.0819673361992789,1.32091886269992,2.99655308874879,13.1953527759499
-4.45206963584598,-1.18033317901546,6.36313821207442,-0.0422259316771773,-0.692999310031783,-6.28473282290019,4.0899699438083,0.0874318252817076,1.3229059538895,3.00251440129637,13.172997874572
-4.40636662265844,-1.18033317901546,6.35767373230156,-0.0173871483118734,-0.672631588395901,-6.28224893516901,4.08351183499905,0.0809737927357226,1.33184786424753,2.98612079181668,13.1397139103471
-4.37954094101567,-1.15946870369233,6.36164789940973,-0.0407356046617682,-0.682070288658359,-6.27430049442601,4.08003439179841,0.0963737165023061,1.35569295853706,2.99754664087049,13.1372300324152
-4.37010227525306,-1.14357196059324,6.3656220665178,-0.0462001369968729,-0.693496083716703,-6.27181660669431,4.06364073098359,0.100347890377901,1.36612518728601,3.00450150550749,13.1402106859309
-4.33334115595564,-1.14754614636737,6.34823508542447,-0.0462001369968728,-0.688031573040705,-6.27479727197349,4.04824062537855,0.0879285970137155,1.38102837120922,2.99357243250272,13.0895395761201
-4.30204452736655,-1.14704937314544,6.32041591566112,-0.0402388289942516,-0.647792903499642,-6.27529404951999,4.04327284937591,0.0874318252790112,1.39195737275156,2.98562401577165,13.0875524737751
-4.29757358042494,-1.14506228025614,6.3228997701032,-0.0168903726491531,-0.665676756633206,-6.25045517218786,4.03284051977149,0.0904124556869005,1.37705418883611,2.97668204694792,13.1019589657783
-4.26230277677202,-1.18132672543498,6.28365486991726,-0.00894196197266411,-0.620967123800531,-6.27877149234327,4.04575673738519,0.0834576514016517,1.37953805282282,2.97469494276604,13.0632104700731
-4.22156748241373,-1.17834608610271,6.26825497237556,-0.00943873763935138,-0.617489707913882,-6.27777793725012,4.02985985417406,0.0794834775236707,1.38351223520429,2.97767559904044,13.0656943480048
-4.19921274770755,-1.19275250954645,6.26279049259974,0.0144064943711332,-0.615999386819728,-6.26883594140963,4.02687918857205,0.0804770209923708,1.41729278542401,2.96575297394601,13.0502943048232
-4.17238706605808,-1.19324928276801,6.24937767861775,0.0362646237213744,-0.608051007649914,-6.2723133842348,4.02687918857205,0.0695480428290171,1.4232540589942,2.94687548421701,13.073642757374
-4.09538742414278,-1.27670718383119,6.15350089738898,0.105316441644524,-0.562844601009719,-6.32099758371922,4.02638241097142,-0.00596126062981445,1.44163465252339,2.88676558288548,12.9261004090312
-4.09737451167256,-1.28664264827369,6.13909454162558,0.11525195498146,-0.555889769237862,-6.30162325939715,4.03681474057508,-0.000496771548479116,1.42375083180296,2.9006753121756,12.9360359207604
-4.06111016424572,-1.297074885934,6.12717204030371,0.127671346654385,-0.550922032256866,-6.27827471470664,4.02439530057251,0.00496771753176262,1.42027342221923,2.91458504145553,12.9623650268314
-4.06458756742412,-1.28465555538701,6.11177214277641,0.136116532991973,-0.550922032256866,-6.26635205358772,4.04227929417944,0.0243418151832847,1.4148089214458,2.9051462965917,12.9688231094487
-4.08495521460426,-1.24292660469732,6.13561714542836,0.122206814322048,-0.580231680450012,-6.23058407021392,4.03532440777775,0.0675609561490305,1.4098411934711,2.94886258864457,13.0314168333924
-4.06756819871492,-1.23398468669287,6.12220433144472,0.102832563310296,-0.575263943470251,-6.23654540077597,4.06016328779693,0.0750125321707105,1.42722824137379,2.95134646887305,13.0294297310466
-4.05117472658272,-1.20666215950989,6.11624308079024,0.109787422654903,-0.593147796616672,-6.21717107646272,4.03582118537784,0.0700448148255953,1.43467983333618,2.95035291678217,13.054765285924
-4.0481940952864,-1.20368152017714,6.09935287059672,0.116742281989687,-0.583212322651109,-6.19233219912083,4.04327284938153,0.0670641844176316,1.42325405899209,2.95383034910276,13.0666878999998
-4.05564567352334,-1.17337835361012,6.10183672504009,0.0760066773228907,-0.603083270563006,-6.16351910138995,4.03929862857952,0.106805923206387,1.40487346548146,3.00400472974772,13.1297783995461
-4.04471669210483,-1.14804291929358,6.08544328574086,0.0675614909800971,-0.598612307278441,-6.13967377915012,4.02389852297522,0.105315608002759,1.39692510072169,3.02685642784258,13.1183525610611
-4.08942616162421,-1.07153984333329,6.15300412635212,-0.000496775607776168,-0.646302582412053,-6.07012492271361,4.0025370861595,0.201689324310031,1.38053159838384,3.12124387628053,13.2753336455228
-4.07452300514815,-1.04421731610365,6.14853318835867,0.00546453239683498,-0.630902597764791,-6.05919581667889,3.99905964295769,0.221560193709379,1.39543478231617,3.10584381885266,13.2773207478691
-4.08296812715494,-1.01639801566316,6.140584854148,-0.0163935969421801,-0.644315487610328,-6.03684082706033,4.00154353095761,0.242921378310205,1.40437669267584,3.1152825637257,13.2991788736851
-4.08992293351072,-0.982617436533419,6.16293954411084,-0.0432194829429537,-0.638850976932668,-6.00355673140534,3.98514987015067,0.256830986892184,1.39344769113449,3.17688279342904,13.3687274558226
-4.04421992030987,-1.02683025333264,6.1187269350493,-0.0163935969277144,-0.617986481613637,-6.00604061914135,3.98813053575111,0.209637672049253,1.40139605589475,3.13416005346742,13.3175595703648
-4.03478125453783,-1.02683025333264,6.11226891350479,-0.0114258402598841,-0.615999386821348,-5.98269207443152,3.96329165573193,0.229011769718706,1.385002553586,3.15403109530438,13.3359402670691
-4.03130385135731,-1.00894641733661,6.10382380841395,-0.0129161672625102,-0.592154249288831,-5.95834997463119,3.97124009733501,0.24093429134907,1.39344769114752,3.17837312154254,13.3364370426552
-4.01739423863784,-0.998017406445778,6.1068044337412,0.00198710274901737,-0.59265102298724,-5.96133063991357,3.96676909893247,0.259811617273728,1.39493800953977,3.17241180899327,13.31904989713
-3.97467185672498,-1.01043673701199,6.06755953357166,0.0347742967423864,-0.560857506317655,-5.97275652350065,3.95136899333188,0.251366497774463,1.40686055667943,3.15403109527969,13.2708626651787
-3.96722027848318,-1.00894641734524,6.06855307534699,0.0447098100872323,-0.576754264657722,-5.94692409104746,3.94938188293216,0.277198627986508,1.43219596936477,3.17737956944216,13.2922240153941
-3.98262020686025,-0.994043220693024,6.05911442848331,0.0303033157307313,-0.598115533686932,-5.91562710558536,3.95882065733638,0.265276106356144,1.43070565097124,3.18433443407831,13.3284886331475
-3.95033003447418,-1.02633348014192,6.04123067651942,0.0347742967353951,-0.595631665194202,-5.92307876879139,3.94689799493463,0.254347128184042,1.42573792299228,3.17340536107087,13.3076240585191
-3.92847207162899,-1.03875281070085,6.02632754988284,0.0511678937373415,-0.569302659191646,-5.92456910143327,3.95385288133599,0.233979487052513,1.41878310382323,3.15452787132844,13.2708626651123
-3.88028519899332,-1.06508179149842,5.9920503586166,0.0760066770701155,-0.554399448244125,-5.94344664822833,3.95285932613598,0.228018226230472,1.43716369732879,3.12174065227346,13.2261528622873
-3.88078197087625,-1.03328830527139,5.99354067128002,0.0670647150609028,-0.575263943563155,-5.92655621161839,3.95186577093579,0.267263193302529,1.43467983334079,3.1480697827061,13.2529787439706
-3.85047888601238,-1.04521086260971,5.97963108642196,0.07948410673606,-0.567812338090116,-5.91314321783865,3.94491088453577,0.253353584717418,1.46051201880452,3.14608267852168,13.2495013148633
-3.81272422288784,-1.06259792538385,5.95578608383158,0.0879292930857939,-0.565328469595325,-5.90618833217688,3.93050433413244,0.250869726043836,1.45802815481538,3.13515360551379,13.2430432322449
-3.8514724297358,-0.997520633128273,5.97516014846938,0.0511678937447925,-0.608051007607089,-5.83365881020057,3.91162678533239,0.286637291002926,1.46697006517176,3.19874093944764,13.3612758220555
-3.85296274538478,-1.00000449924052,5.97317306491852,0.0625937340888712,-0.615005839383368,-5.81130382056861,3.91659456133133,0.288127606208418,1.45902170041102,3.19079252271092,13.3970436643197
-3.84501439525848,-0.974172291664513,5.96274087627997,0.0223549050737611,-0.61152842349768,-5.79341982885397,3.92305267013112,0.300546899591554,1.43269274213098,3.18284410597226,13.4149275854444
-3.8335886419471,-0.957778775333293,5.96125056361769,0.0049677567267552,-0.618483255269152,-5.77354872695211,3.89423956933173,0.328366116740203,1.42971210534433,3.21314744476716,13.4829858408225
-3.8335886419471,-0.950327177003903,5.9498248332046,0.00397420539229631,-0.626431634444679,-5.73927107618522,3.90467189893289,0.343766040529898,1.41679601260614,3.24792176798961,13.507824620144
-3.78937594433306,-0.954798136003088,5.90859284956736,0.0228516807450793,-0.628418729238671,-5.73579363335401,3.892749236532,0.345256355733936,1.42524115016896,3.2429540075335,13.493418128148
-3.77248570030108,-0.961256187891145,5.87183180392619,0.0521614451187727,-0.618980028965514,-5.7223806395801,3.89970412293302,0.317933910322476,1.42424760457353,3.22904427825074,13.4760309826266
-3.74168584354629,-0.970694879120463,5.85692867729694,0.0591163044589141,-0.595631665154509,-5.71045797843652,3.88728468293463,0.297069497439069,1.42325405897844,3.21116034059529,13.468082573236
-3.73522780906379,-0.954301362778306,5.8360643000278,0.0516646694528629,-0.602089723231321,-5.71294186617407,3.88529757253505,0.310482334288829,1.42871855975487,3.21662487710284,13.4675857976493
-3.73622135283073,-0.925488515886596,5.8301030493846,0.0298065400846594,-0.632392918844305,-5.69456109691542,3.87238135494061,0.334824149303334,1.44163465250255,3.24295400753923,13.5078246201449
-3.70740858364009,-0.953804589644091,5.81321283918651,0.0342775210818608,-0.619476802711926,-5.70946442336678,3.86145224774846,0.340785410136114,1.43169919655131,3.24196045544524,13.4909342501376
-3.67015069239696,-0.959765868312136,5.77446470998383,0.0337807454145864,-0.608051007649474,-5.70996120091439,3.84853603015371,0.316443595127088,1.43865401571675,3.2369926949861,13.4467212229018
-3.64729918577402,-0.983114209776626,5.75707772893155,0.0725292474276442,-0.586192964924026,-5.70698053562732,3.83611659015592,0.312966192979027,1.4570346092285,3.24096690335511,13.4397663646851
-3.64183469505859,-0.96870778632212,5.75707772893155,0.0720324717608163,-0.569799432886965,-5.68661265616085,3.84406503175173,0.32240485594903,1.46100879161082,3.25984439311518,13.4288373017651
-3.62444767914633,-0.957282002211262,5.7317424136908,0.0774970041009726,-0.569799432886965,-5.70300631522938,3.81872937415806,0.313959736449976,1.47839583953001,3.24196045545174,13.4208888923796
-3.63686697623444,-0.94734653776717,5.73521980989792,0.0919034984615432,-0.563341374805688,-5.68710943370887,3.8152519309591,0.326379029821307,1.47392488434915,3.27375412238829,13.4447341205154
-3.61898318842719,-0.940391712656862,5.73323272635166,0.0869357417849103,-0.557380090420086,-5.66574799916459,3.79985182535998,0.337804779716072,1.48634420429636,3.27226379425132,13.4467212228601
-3.60557034757408,-0.932443341095649,5.70044584780602,0.0978648064673281,-0.533534952879657,-5.66723833180786,3.8097873773581,0.340288638391518,1.49727320584573,3.28567674749168,13.4427470181657
-3.58271884093433,-0.930456248204709,5.68007824144502,0.118232608824,-0.521612384120651,-5.6404123442287,3.80829704455854,0.334327377568284,1.49578288745197,3.27375412238587,13.4472179984465
-3.57278340326364,-0.929462701759372,5.6830588667664,0.121710038494562,-0.504225304676828,-5.62352190760024,3.816742263754,0.324888714599935,1.48535065869344,3.26729603378565,13.4432437937526
-3.53502874015115,-0.946352991348589,5.64480750842882,0.144064943496068,-0.492302735931008,-5.63594134630265,3.816742263754,0.297069497395611,1.48435711309865,3.22954105424401,13.3692242312087
-3.5474480372365,-0.91455950509695,5.67560730343002,0.119226160148624,-0.516147873444405,-5.60116691794561,3.81872937415266,0.342275725293263,1.4848538858963,3.26630248166554,13.4243663213689
-3.50919660220459,-0.89965630842087,5.65971063505247,0.124193916822578,-0.518631741937272,-5.61756057701991,3.81177448775716,0.343766040499501,1.47144102035864,3.25537340865233,13.3965468885216
-3.50671274278821,-0.893695029746779,5.65871709327767,0.129658449158384,-0.500747888788873,-5.61259280153766,3.80332926856171,0.359165964302295,1.45951847321461,3.2737541223801,13.4035017467428
-3.47392579847354,-0.903133720969296,5.66120094771164,0.129161673491034,-0.486838225229393,-5.58676036906096,3.79488404937072,0.343269268784407,1.45951847321461,3.27226379424207,13.3930694594281
-3.44859043240922,-0.914062731857505,5.65523969707123,0.121710038475606,-0.478393072350374,-5.5678828222417,3.78991627337322,0.354198246957602,1.46547974678936,3.26630248168831,13.3925726838417
-3.44710011675822,-0.896178895847641,5.64828490466083,0.111277749458829,-0.489322093722466,-5.55099238561184,3.78743238537443,0.373075572885094,1.44610560767586,3.26679925773396,13.4208888922708
-3.45802909819446,-0.866869275686332,5.67461376167055,0.0730260230973803,-0.521115610436006,-5.51870184498692,3.76309028298754,0.381520692383936,1.43567337892403,3.3010768049372,13.4914310256899
-3.45852587007809,-0.867862822131829,5.69796199335439,0.0611034070811159,-0.527076894816498,-5.52217928782294,3.76607094858676,0.398907703123371,1.42573792296914,3.31150910190447,13.5073278444725
-3.43766145096065,-0.869353141799815,5.66914928193282,0.0809744337820347,-0.523102705226976,-5.52615350820718,3.7551418413933,0.401391561798817,1.43219596934268,3.29064450797693,13.5028568641927
-3.38202299998544,-0.908598226374401,5.61798188063345,0.109290646821026,-0.485844677845295,-5.5152244021494,3.73924495821504,0.38599163800604,1.44610560767526,3.27772833077871,13.4750374313471
-3.3720875623175,-0.90313372091943,5.58916916917929,0.125684243826761,-0.480380167167936,-5.51224373685931,3.73825140301568,0.378540061971871,1.45802815482331,3.27276057031311,13.4720567778218
-3.34724896811903,-0.924991742706931,5.56085322866275,0.142574616527747,-0.478889846072257,-5.4879016370177,3.73676107021695,0.361153051239396,1.47243456595679,3.28816062774223,13.4452308961771
-3.30651367366579,-0.951320723503097,5.51912447416551,0.161948867548953,-0.481373714566155,-5.48343063908279,3.73725784781658,0.351217616526549,1.481376476314,3.25537340866993,13.416914687717
-3.28912665772915,-0.93492720716619,5.49627301338457,0.182316669920795,-0.478889846072257,-5.47995319624727,3.74520628940801,0.372082029396386,1.48882806828506,3.25487663262394,13.4124437074406
-3.30154595482175,-0.900649854813491,5.49776332604451,0.154000456888347,-0.491309188540029,-5.45610787392805,3.72036740943839,0.381023920633474,1.49528611466018,3.28418641936056,13.4660954708284
-3.31346848002807,-0.863888636294801,5.49975040959009,0.129161673537714,-0.496276925525146,-5.44766265560866,3.7084447470484,0.405365735671728,1.49627966025518,3.3179671904882,13.4983858839885
-3.27124286991501,-0.898662761904808,5.45603457155504,0.164929521561708,-0.47193501429639,-5.46405631470059,3.70645763665073,0.391952898822303,1.51018929859245,3.28816062770004,13.4268501993958
-3.25584294151934,-0.900649854795641,5.40983487910038,0.172381156571012,-0.456535029642741,-5.45412076373917,3.69205108625849,0.386488409731126,1.52310539133498,3.29809614862539,13.4109533806133
-3.25882357282257,-0.900649854795641,5.41678967150872,0.170890829567735,-0.45256084005234,-5.43573999445657,3.69850919505392,0.395430300965306,1.53453116569446,3.34230921673105,13.4233727702813
-3.26875901050307,-0.869353141787147,5.42970571454293,0.16592307289123,-0.45405116114909,-5.44269488013028,3.70943830223766,0.40586250740427,1.54098921206721,3.33684468022616,13.4213856679364
-3.20666252501595,-0.901146628048122,5.38797696009597,0.185297323915918,-0.435670534313052,-5.4347464393549,3.70049630544559,0.39095935534432,1.53900212087526,3.3115091018673,13.3841274989004
-3.23944946935428,-0.84699834675484,5.39542852338595,0.153503681196898,-0.456038255943302,-5.38755257224474,3.7094383022396,0.438649441961215,1.53353762009899,3.33634790419278,13.4824890650722
-3.2359720661671,-0.823153232073111,5.40138977402313,0.143071392183068,-0.461999540327255,-5.38506868450277,3.6975156398516,0.435172039812893,1.52509248253928,3.35423184186313,13.4983858838529
-3.22852048790596,-0.813217767619474,5.38400279301147,0.124193916813317,-0.471935014300786,-5.35873947444604,3.70596085904584,0.431197865931234,1.52012475455819,3.3666512430159,13.5162698049633
-3.19821740299245,-0.804772622827233,5.37456414616705,0.132142327484907,-0.478889846078988,-5.34085548269108,3.72732229581791,0.419275344282678,1.51466025377907,3.37012867534292,13.5028568641055
-3.14605635518545,-0.852462852242882,5.33680955883441,0.169897278190474,-0.455541482236995,-5.35526203158707,3.75017406540478,0.373075572908968,1.54098921206878,3.33485757607837,13.4283405261069
-3.11873390155632,-0.867862822135129,5.32041611959565,0.180329567209929,-0.441135044963624,-5.34284259288209,3.75067084300418,0.369101399029397,1.54546016725115,3.32392850306515,13.4104566049908
-3.09786948242903,-0.864882182798799,5.30600976390558,0.186290875219439,-0.431696344685507,-5.32297149094694,3.74570306700918,0.366120768616662,1.53602148409213,3.31548331027835,13.4149275852723
-3.07154057257518,-0.868359595356969,5.27570673985818,0.182813445545573,-0.436664081673371,-5.32247471339856,3.73576751501704,0.351714388296909,1.5086989802024,3.28766385168569,13.4134372585119
-3.06905671315531,-0.852959625444583,5.28762924112786,0.174865034865818,-0.459018898109797,-5.28571317481472,3.72334807503597,0.369598170776454,1.49528611466187,3.32690915933881,13.4636115927697
-3.0784953789563,-0.841533841325797,5.28514538669921,0.16791017552139,-0.443618913448908,-5.28770028500881,3.73030296142946,0.386488409778576,1.49677643305581,3.34926408141879,13.4765277580293
-2.99752156182374,-0.885746658173397,5.25037142470281,0.210632882937143,-0.399902827970209,-5.32197793586646,3.70645763665405,0.335320921017013,1.52111830016427,3.30157358097616,13.3642564754604
-2.97069588008269,-0.886740204619078,5.21957162976295,0.221561947618439,-0.383012522210537,-5.30806816450667,3.72036740944071,0.344759583992446,1.53949889368221,3.31796719051881,13.3707145580929
-2.96026367051448,-0.875811193713951,5.20268141965166,0.230503909633393,-0.368606084947125,-5.30409394411824,3.68211553429441,0.339295094906463,1.53701502969224,3.3254188312135,13.3746887627858
-2.94309744206975,-0.894743773206335,5.17215760854545,0.251699671442308,-0.346968830514297,-5.32666972382876,3.67427748772864,0.339239898052853,1.53580069618897,3.29914489809599,13.3458205814738
-2.93964763731386,-0.883635371974802,5.18181704243654,0.249629772829685,-0.353454487136708,-5.29776003039387,3.6446088255295,0.368356241412116,1.52186345935564,3.33585112816523,13.3898404181655
-2.9472766341035,-0.852320917055947,5.17507515184975,0.243420076987061,-0.371728662492076,-5.28400993753361,3.6412378346808,0.390178714067282,1.51387961081996,3.36033509044703,13.413082418842
-2.93012617618972,-0.850310168292932,5.17519343063952,0.247559874221013,-0.377879193997806,-5.28637554490559,3.63425929221877,0.384501322813134,1.52558925534472,3.37228137156983,13.4018458282137
