0,0,0,0,0,0,0,0,0,0,0
0.0698792394137284,-0.069713846169853,-0.0304686152242597,0.0476904679133425,0.0647461688881126,-0.0430540551283518,0.00447099830707082,-0.0571287486481701,0.0185461805947383,-0.109125149712193,-0.102004578642504
0.0481159014666008,-0.0393160544162181,-0.0195869669636891,0.0320775170807251,0.0783483051872674,-0.0248388779616679,-0.00369034781634469,-0.04683847718314,0.036761179396115,-0.0522324583671742,-0.0733808448824085
0.0591158494299367,-0.0543966709821464,-0.0418529483848503,0.0296823484691363,0.0897918415975471,-0.0391212327954005,-0.0228517691405026,-0.0608545366540568,0.0411079404707753,-0.0946358468478271,-0.10531641569341
0.0776068013979822,-0.0517748121808377,-0.0453717422758771,0.0427227107777178,0.0975884284180636,-0.0502297309994147,-0.0189879434426422,-0.0745157591706547,0.0406249670154714,-0.117128764695683,-0.133467029957241
0.068554514452112,-0.0367612206134265,-0.0382513593888702,0.0218581310588932,0.0923999033680014,-0.0521616437351321,-0.00298066553890044,-0.0571287487231835,0.0501740421446892,-0.0919035783482368,-0.101342211367298
0.112767208540729,-0.0824643597596095,-0.072031780642489,0.0596130847732474,0.112767623978032,-0.0745166339216235,-0.0149033277022195,-0.101838204258383,0.0571288598642922,-0.120716592167885,-0.141084255108717
0.088922160008642,-0.0442128194835094,-0.0342771922794808,0.0203678038374361,0.0968708663974623,-0.0536519764421733,-0.0134129949322154,-0.0670641833776836,0.0526579056161764,-0.101342324325731,-0.0968712316061691
0.142076747340483,-0.081470813269958,-0.0755091769558723,0.0566324305080467,0.130154702564836,-0.0914070709186082,-0.0238453243237442,-0.103825291166769,0.0516643602271569,-0.153007038594552,-0.162445603534189
0.148038009471753,-0.0824643597714783,-0.076502718756174,0.0958777114255568,0.133135344609963,-0.0928974035962841,-0.0223549915535973,-0.0998511173476668,0.0531546783100849,-0.173871634755445,-0.170890787808643
0.173870145372891,-0.0854449992761985,-0.0665673007614952,0.0938906085952944,0.14009017604706,-0.105316842576401,-0.00695488626909281,-0.103825291168058,0.0481869513627606,-0.148039277590444,-0.145058459441495
0.156979902660632,-0.0516644182590578,-0.0606060499654235,0.0799808887719259,0.115251492315114,-0.100349066988016,-0.0154001052989133,-0.081470563457085,0.0432192244160301,-0.127174681467258,-0.0983615582218564
0.165425024008248,-0.0645805227885505,-0.0551415700628878,0.0645808418531488,0.0988579610689485,-0.106310397701257,-0.0139097725291593,-0.0625932378022166,0.033780543216537,-0.155987695244986,-0.0904131494874321
0.150025096840837,-0.0412321800006299,-0.0303030250694473,0.0571292062428496,0.0695483143043731,-0.103826509905955,-0.00695488627289153,-0.0457029990739831,0.020864453161214,-0.102832652646268,-0.0357678394800026
0.120218786192842,-0.0144064244357658,0.0153998977703771,0.0462001406744238,0.0556386514278817,-0.0914070709268694,-0.00745166386294052,-0.00695480432806701,0.0223547712448545,-0.0506711622261489,0.0283162058967402
0.119722014348831,-0.0213612499510849,0.0258320866754755,0.0665679446716879,0.0611031618431199,-0.0904135158084907,-0.0158968828974173,-0.0213611844271657,0.00546449962950447,-0.0755099671930126,0.0149032661583182
0.132141310450588,-0.00943869192386115,0.0223546903731752,0.0899164029269698,0.0824644298246694,-0.108297507942645,-0.00943877422647094,-0.0412320535216845,0.0119225446574556,-0.118232711758214,-0.00248387795896421
0.13661225704919,-0.0352709009501755,0.00894187607820718,0.110780982654996,0.103825697826794,-0.134129941009759,0.00496777588909372,-0.0670641833245764,0.0268257254891847,-0.128168233730509,-0.0253355530373165
0.102334999789121,-0.00347741292377712,0.0471932353534729,0.078987337351028,0.0899160349434124,-0.103329732362406,-0.0064581086765551,-0.0213611844413956,0.0437159971105923,-0.0730260867665091,0.0491807787122019
0.100844684256214,-0.0104322384329203,0.0417287554526906,0.070045374603264,0.104819245176427,-0.110781395749393,-0.00844521903672718,-0.0178837823490304,0.0402385882506348,-0.0735228628653561,0.0422259210765275
0.0516642716906312,0.0149031973725449,0.094386470906375,0.0571292062115765,0.0869353929150192,-0.0988587343286043,-0.00645810867660267,0.00347740194490315,0.0481869513670664,-0.0531550427732693,0.0476904520806415
0.0397417474277717,0.0049677323610875,0.112270223305183,0.0521614491342474,0.088425713937972,-0.0864392953531281,0.000496777582999399,0.00298063021771991,0.0511675875349265,-0.0158968353651619,0.0566324118984627
0.0223547328906513,0.0283160751709994,0.124689495816465,0.0437162621195227,0.088425713937972,-0.0854457402343577,-0.00496777590557453,-0.0109289781612873,0.0466966332844058,0.0327872224174426,0.101838986622882
0.023348276578679,0.00397418588212162,0.120218557715383,0.0571292062201462,0.106309566195443,-0.072032746135274,-0.00645810867497125,-0.032290162432831,0.0725288134050883,0.0124194023422865,0.0725292294224418
0.0601093930479759,-0.0342773544485309,0.0556383406893963,0.0695485989120216,0.133135344609703,-0.0779940768460395,-0.0124194397546301,-0.0685544985434508,0.0774965403515219,-0.046200177360026,-0.00447098011915875
0.0769996357480553,-0.0357676742014732,0.0392449009838123,0.0745163559878065,0.132141797261354,-0.0720327461349024,-0.0134129949349305,-0.0735222158165846,0.0963739027462768,-0.0258323572891023,-0.0154000421229987
0.0829608978783701,-0.0461999124757155,0.0442126099872827,0.0705421503253253,0.111774076627223,-0.0720327461349024,-0.0347744313003801,-0.0660706399084645,0.0983609935246126,-0.0203678201978115,-0.025832328587646
0.0566319901387803,-0.0332838079670763,0.0625931332826553,0.044213037815139,0.070541861669072,-0.0596133071638091,-0.0303034329866166,-0.0407352818328673,0.0933932665792183,-0.020864596296318,-0.00894196005345715
0.0665674270225065,-0.0347741277195373,0.0725285512881243,0.0551421033824322,0.0725289563660417,-0.0466970906224755,-0.0243421019096727,-0.0551416619269326,0.0765029949578107,-0.031793670479467,-0.0263291041479214
0.0755093202208449,-0.0442128194777553,0.0650769877894485,0.0501743463021428,0.0675612196203362,-0.0407357599130711,-0.020367881189138,-0.0720319006555876,0.0859416761508161,-0.0392453119609336,-0.038748492778312
0.0953801939768909,-0.0551418310059462,0.0397416718464199,0.056135654789533,0.0601096145166449,-0.044213202828082,-0.018380770828823,-0.107302693314643,0.0859416761508161,-0.0635873408494528,-0.0312968595889863
0.104818859018006,-0.0576256972579752,0.0268256284456865,0.0630905146981541,0.0571289724708623,-0.0606068622743494,-0.0134129949276782,-0.102334976042253,0.0864384488455114,-0.0710389823357185,-0.0258323285876548
0.133134854125475,-0.0909095050844244,-0.00844510546632832,0.109787431179083,0.0675612196257906,-0.0874328504666695,-0.000993555178835416,-0.12369616031966,0.087431994234412,-0.129161786003476,-0.101342211598714
0.147044465760649,-0.0923998248357627,-0.0168902107656613,0.113264861132628,0.0755095984125758,-0.103826509920084,-0.000993555178835416,-0.111276867141319,0.060606268725274,-0.15251026265365,-0.108793844779866
0.122702645391782,-0.0869353190790934,0.0213611485247095,0.110284206885844,0.0481870463243542,-0.106310397715799,-0.0124194397433888,-0.0983608022327831,0.0720320407077057,-0.114258503033689,-0.0258323286833601
0.126676820145856,-0.0889224120828285,0.0203676067248002,0.0953809356623502,0.0486838199985214,-0.110781395749291,-0.020864658774019,-0.111773638864052,0.0611030414239189,-0.14009086019386,-0.0263291042288773
0.12319941723639,-0.098361103849681,-0.00844510547825833,0.1018390198643,0.0769999194229375,-0.0914070709366875,-0.000496777588846017,-0.125683247223621,0.0645804502865781,-0.175858739314188,-0.0695485766795643
0.14356706284463,-0.0938901445945861,0.00596125062984937,0.0958777113764469,0.0889224875939289,-0.0829618524326622,-0.0337808761237239,-0.111276867127039,0.0700449499265934,-0.128168233810508,-0.0293097574792725
0.109786577450784,-0.0670643890318883,0.00894187603244637,0.0601098604521054,0.0680579932866559,-0.0745166339210974,-0.0337808761237239,-0.0844511938400657,0.0645804502880479,-0.083458384847855,0.0303033080370881
0.0993543687195979,-0.0496773252630072,0.00298062523549206,0.0541485519574572,0.0635870302166899,-0.0889231831329491,-0.0367615416641964,-0.0849479655671621,0.0690514045392367,-0.088922921932788,0.0288129814018498
0.0998511405636351,-0.0645805227910214,-0.0149031271756764,0.0541485519574572,0.0894192612559704,-0.082961852421193,-0.0382518744344505,-0.0630900095604641,0.0680578591494749,-0.103826204913526,0.0248387770339369
0.0953801939649137,-0.0511676450260952,-0.0203676070734916,0.0412323835577394,0.0769999194038399,-0.0675617480932006,-0.0452067606957198,-0.0765028461930723,0.0581224052583894,-0.102335876616458,0.0243420014883128
0.108296261915827,-0.0630902030388816,-0.00894187637636798,0.0243420094983203,0.0923999033102292,-0.0471938681721506,-0.0536519797257426,-0.0879285959134396,0.07004494992983,-0.108297189805161,0.00546453077067366
0.106309174539056,-0.0620966565380026,-0.0119225017752866,0.0188774767144614,0.0973676400537473,-0.0481874232901786,-0.0402389847973139,-0.0923995414585348,0.0879287669311117,-0.123200472761438,0.0089419595882726
0.142076747331455,-0.0645805227912342,-0.0183805234787616,0.0298065422882662,0.101341829445827,-0.0650778602941967,-0.0332840985413794,-0.11227041054512,0.0625933595024074,-0.164929665071089,-0.0690518010609893
0.141083203642896,-0.0611031100345576,-0.00943864727781257,0.029309766581016,0.0983611874010291,-0.0630907500571921,-0.0382518744401425,-0.0983608021865929,0.056632087168825,-0.179336171936754,-0.0670646988788622
0.166418567705025,-0.0765030808016944,-0.0188772943698455,0.0327871965368132,0.10879343456859,-0.0953812914028162,-0.0372583192598659,-0.114257497442771,0.0397418155570082,-0.192749126593085,-0.075509883142236
0.166915339549268,-0.0998514235663683,-0.0581221954677153,0.0432194863917726,0.122206323770367,-0.108794285496052,-0.0437164279246203,-0.142076714171627,0.0327869978336641,-0.218581483752719,-0.106309966980289
0.184799125930425,-0.118232033863533,-0.0640834462724681,0.0566324304805834,0.14307081807764,-0.134626718580865,-0.0466970934633066,-0.161947583276559,0.0481869513650767,-0.267265541508006,-0.149032663947907
0.174366917202164,-0.133632004631084,-0.0581221954755138,0.0397420564224771,0.144064365426426,-0.137607383933958,-0.0571294228515843,-0.157476637732245,0.036264406697912,-0.256833243435686,-0.133632622046223
0.17983140748701,-0.146051335895239,-0.0804768859671273,0.0546453276490596,0.146051460123286,-0.156484931182757,-0.0616004211617036,-0.182811995828705,0.0342773159185665,-0.276207511296757,-0.172381114600739
0.245902062833942,-0.236960840555644,-0.157476375278634,0.10929065555348,0.219573964012345,-0.208646574834281,-0.0601100883916281,-0.263785787159578,0.0452063151990871,-0.384504700641847,-0.316942797964183
0.278689004575633,-0.279186566789013,-0.199205130836719,0.13114878669203,0.223548153409675,-0.252363000009354,-0.0566326452620355,-0.298559808007309,0.0367611793892666,-0.447098489033511,-0.378542965471423
0.266269708473214,-0.268257555275822,-0.205166381633232,0.126181029617146,0.215599774620703,-0.249382334655146,-0.0645810867021523,-0.29061146037089,0.0213612258592346,-0.427227445089744,-0.36612357683325
0.238947257031474,-0.264780142521204,-0.214605028734583,0.10730355272085,0.231993305872282,-0.231995120092006,-0.0521616469536071,-0.282166341011515,0.0278192708864137,-0.417788699216553,-0.354200963755895
0.216095752201955,-0.27223174128471,-0.212617945133833,0.112768085501311,0.235967495265456,-0.240937116157226,-0.0566326452614758,-0.284650199647679,0.0307999070529376,-0.410833833834212,-0.344265452842924
0.10183822813669,-0.206657672122621,-0.119225015817861,0.0238452339725908,0.177348201735496,-0.20715624213306,-0.0665681970620982,-0.192250658293587,0.0461998605806685,-0.249381601359968,-0.154993969559563
0.120218786378332,-0.20069639312168,-0.113760535922743,0.0342775238332256,0.185296580526438,-0.220569236218777,-0.0407357623910066,-0.200199005923263,0.0476901786639973,-0.29111079363581,-0.207155401780649
0.174863689262908,-0.231496334659685,-0.146050644417802,0.072529253323211,0.20069656443537,-0.238950005896759,-0.00695488626079218,-0.220566646735234,0.0412321336329582,-0.364633656180409,-0.331846063449137
0.216592524193503,-0.260805956407604,-0.192747108946697,0.0924002816284097,0.227522342873255,-0.233485452749138,-0.00198711036226724,-0.239940744086677,0.0481869513544317,-0.410833833323277,-0.403381741881053
0.240437572718585,-0.286638165410285,-0.207650235927314,0.0859421974288019,0.226528795524797,-0.224543456685773,0.00447099830821468,-0.234973026815403,0.0526579056082931,-0.417291922606812,-0.417291457142596
0.153999271762054,-0.168902905190794,-0.124689495818117,0.0149032711834215,0.150522423266337,-0.145555824826335,-0.002980665541091,-0.129160649120721,0.0432192244110568,-0.282665599998214,-0.233484505644859
0.0352708010466731,-0.057128923774278,-0.0303030247894485,-0.0541485521011278,0.0983611874960003,-0.0869360728687777,-0.00546455349085957,-0.0293095319518948,0.0397418155494368,-0.138103755131575,-0.0571291869792712
0.0923995631521308,-0.103825609285411,-0.061102820543309,-0.0188774768415815,0.124193418572958,-0.117736281511016,-0.00546455349085957,-0.073025443912931,0.052657905605918,-0.172381305924248,-0.13462617198208
0.0943866505290353,-0.120715899801706,-0.064580216842691,-0.035767850890937,0.114257945085375,-0.10929106300436,-0.00198711035993323,-0.0710383570043221,0.064580450278071,-0.159465127354897,-0.117735803446237
0.0730254612445639,-0.111277208034091,-0.0392449009159244,-0.060606636244125,0.0814708826178557,-0.0829618523583115,0.0119226621566035,-0.0332837057011805,0.0680578591396911,-0.0859422646178357,-0.0496775535877271
0.172379829977076,-0.200696393197374,-0.136611997427218,0.0248387853287984,0.133632118376709,-0.126181499998354,0.0308002105818588,-0.116741355975233,0.0735223587819928,-0.248884825386764,-0.254845854300403
0.118728470810682,-0.166915812155692,-0.131147517530616,-0.0243420096787955,0.107303113645121,-0.105316842528433,0.0168904380626546,-0.0879285958025606,0.0735223587819928,-0.185297484746894,-0.147542336471823
0.0536513592027203,-0.130651364855577,-0.0978638672348877,-0.0635872905830887,0.0760063721665553,-0.0725295236335152,-0.0208646587851413,-0.0481868576135223,0.0740191314765991,-0.0710389820464804,0.0203677977108411
0.00447094661087178,-0.0879288653430939,-0.0471932355070423,-0.110780982774318,0.028316099415656,-0.0541487539459937,-0.0198711036052934,-0.0233482712621088,0.0750126768656187,-0.00645808924130928,0.131645519803205
-0.113263980333234,0.0461999125642958,0.0745156351576226,-0.189271544411111,-0.0317935150643011,-0.00695488577843084,-0.026825989865729,0.0635867811858995,0.0675610864431846,0.128168233876374,0.311975043249933
-0.0973672813218189,0.0099354652436876,0.0665673007610948,-0.179336030266747,-0.0129161154482836,-0.0466970905201708,-0.00645810867127949,0.0417288251841107,0.0695481772211047,0.092400354733008,0.265278141932443
-0.0312966261169084,-0.0745159874446135,-0.00546447980078607,-0.140587525144879,0.0357677045993417,-0.0809747421060074,0.000496777588822735,-0.0139096083249777,0.068057859137776,-0.0228517003515798,0.137606826606961
-0.0774964076524557,-0.0486837784530505,0.0288127122508257,-0.161452104883716,0.020367720683628,-0.0556390866128661,0.00695488625868541,0.0134128366394214,0.0685546318324564,0.00943874604597381,0.191755360975034
-0.101838228012223,-0.0392450866958485,0.0293094831507008,-0.148039160786914,0.0193741733351705,-0.0551423090535582,0.00397422071785563,0.00347740209836018,0.0606062687167376,0.0213613724238751,0.200200545247172
-0.0531545872995109,-0.0710385747359341,-0.0114257306767501,-0.0993551414643989,0.0655741250111118,-0.103329732289412,-0.00993555179868112,-0.0461997706540549,0.0576256325495901,-0.0909100259890436,0.079980863138978
-0.0645803397172452,-0.0263289822084358,0.0263288577104843,-0.124193926844611,0.0521612358015829,-0.0874328504078979,-0.0119226621600441,-0.0293095319363582,0.0531546782966641,-0.043716296612303,0.130155193184143
-0.0278192232597265,-0.0615998830005333,0.00894187622644765,-0.0640840662626453,0.0779934668586351,-0.101342622056533,0.00844521903196418,-0.0586190638357802,0.051167587518922,-0.0824648323348476,0.0407355949621404
-0.0104322087191245,-0.0958772372997463,-0.00695479257837864,-0.0526582249949996,0.0909095823828958,-0.116742726391559,0.0248388794969,-0.0779931612128477,0.0417289063239422,-0.13611665106216,-0.0109290618278133
-0.0750125483874956,-0.00447095894093907,0.0586189663176137,-0.0869357487242491,0.0471934991385788,-0.076503744053367,0.0129162173418691,-0.00645803234759633,0.0178838170038643,-0.0342775505149263,0.0928970275290582
0.0347740290465514,-0.122702992850956,-0.0496770900649929,-0.0104322899176666,0.116245039756622,-0.147046157490463,0.0258324346845359,-0.0933930847956046,0.0263289528162088,-0.168903873632609,-0.0983615579035323
0.0228515047873536,-0.132638457857868,-0.0486835482655986,-0.0104322899176666,0.099354734836098,-0.133633163397505,0.0248388795038544,-0.0834576502523121,0.0298063616781406,-0.174865186817968,-0.108297068811055
0.0268256795402605,-0.114754620850237,-0.0332836503740366,0.0119226169190223,0.0943869980905292,-0.123697612218258,0.0258324346840595,-0.0849479654334527,0.0298063616781406,-0.127174681333113,-0.0735227806537919
0.00745157762307249,-0.103825609342928,-0.0124192725749118,-0.0233484583021482,0.0814708825584487,-0.125187944895068,0.0208646587839865,-0.0615996942523456,0.0283160435941437,-0.0933939065936203,-0.0402388191041388
-0.0283159951215814,-0.0486837784544005,0.0457029227951053,-0.0655743933899905,0.0685547670334771,-0.11723950394474,0.0198711036038052,-0.00397417384516181,0.019374135093503,-0.032787222414015,0.0442130237719219
-0.0665674271155021,-0.0372579936962967,0.0461996936949434,-0.0993551415044534,0.0461999516916447,-0.0779940767806042,0.0258324346811778,0.00596126069540358,0.0377547247994272,0.0417291924029783,0.10630996693847
-0.0844512135014343,-0.0476902319623975,0.0263288576928342,-0.0924002816012371,0.035767704535568,-0.0730263011904648,0.0104323293870752,0.0173870104243241,0.0312966797695463,0.0481872816933563,0.105813191392981
-0.0973672814501059,-0.0283160751976141,0.036761046581454,-0.113264861328722,0.0352709308610454,-0.0784908543359308,-0.00248388795652048,0.0258321297807492,0.0417289063553419,0.0655744451508341,0.137606826280244
-0.0948834222293565,-0.0223547961936279,0.0193740650905516,-0.115748739865746,0.037754799232155,-0.0804779645719863,-0.00794844144627328,0.0183805538715134,0.0347740886361547,0.0635873407558382,0.133135846370677
-0.0471933252543008,-0.106309475790132,-0.0273223995997093,-0.085445421789404,0.0799805614550365,-0.137110606361891,0.00149033275922726,-0.0382514231680139,0.057625632567213,0.00248388037542396,0.0452065744954225
-0.0660706553338851,-0.0839546795206676,-0.0094386472097287,-0.083955094666765,0.0685547669460455,-0.120716946919708,-0.0173872156619553,-0.0486836294362583,0.0422256790302774,0.00695486526383948,0.0794840871032191
-0.0750125485257769,-0.0735224412632696,-1.1303666336282e-10,-0.0983615901744129,0.087928940238568,-0.132639608336041,-0.0402389848044824,-0.0476900859816564,0.0447095425035312,0.0193742677350146,0.105316415470873
-0.0824641261871293,-0.0735224412632696,-0.0144063562054986,-0.112768085694376,0.0854450718662963,-0.128665387863188,-0.0531552021434337,-0.0332837058926241,0.0586191779531294,0.00447098476078017,0.1222067840216
-0.0705416019315917,-0.0914062782718625,-0.0213611488076101,-0.0804776647197573,0.0894192612597983,-0.147046157536208,-0.0407357623910183,-0.0407352818044632,0.0496772694519542,-0.0119226265158169,0.109787395378562
-0.0288127670594874,-0.147541655661377,-0.0899155330724261,-0.0382517296319148,0.119722455390672,-0.156484931164429,-0.0367615416700072,-0.093889856668783,0.0486837240632911,-0.0819680565784175,0.00844518396103588
-0.00198708748345364,-0.156483574168319,-0.112766994452292,-0.0253355612422349,0.131645023569537,-0.186788362271513,-0.0352712089003962,-0.088922139396641,0.0317934524408738,-0.113761726928736,-0.0447097993988968
0.033283713452598,-0.182812556432741,-0.12270241244599,-0.0283162154867794,0.15250951788772,-0.18976902762572,-0.0317937657704701,-0.124689703743569,0.0357676339974267,-0.155987695334241,-0.0675614744808288
0.0357675726731483,-0.189767381940386,-0.104321889152885,-0.039742056756497,0.135619212962082,-0.173872145744536,-0.0288131002303548,-0.119225214746327,0.0298063616618846,-0.136116651367357,-0.0387484928298267
0.0327869416082691,-0.185296422686132,-0.0963735547589078,-0.0392452810491181,0.151515970545278,-0.171388257949441,-0.0347744313084419,-0.12220584510924,0.0327869978268941,-0.127671457687484,-0.0471936771013037
0.0710383736011684,-0.228515695465622,-0.137605539448529,-0.0064580843880051,0.187283675093686,-0.183807696920534,-0.0412325399758277,-0.163934670193152,0.0327869978268941,-0.198213663786053,-0.127174539954643
0.0685545143808835,-0.239444706978519,-0.146050644745777,-0.0312968697502007,0.185296580397209,-0.189769027628082,-0.0412325399758277,-0.141083170741298,0.0312966797434317,-0.156981247553481,-0.0948841294846412
0.0909092473646414,-0.260309183487421,-0.177347211417816,-0.0109290657534643,0.192251411840622,-0.201691689038476,-0.0432196503348566,-0.166915300544835,0.0183805896865646,-0.171884530518117,-0.139593928565868
0.116244611419328,-0.293592991237744,-0.19821158918862,-0.00298065443344397,0.218580416604094,-0.233485452802825,-0.03427765371644,-0.198708691072264,0.0178838169917357,-0.215600827188956,-0.224542546751172
0.130154223055616,-0.284651072735613,-0.214108257984421,-0.0293097669245326,0.215103000884732,-0.226530566982261,-0.0462003158789016,-0.202682864890771,0.0213612258527322,-0.223052468674602,-0.237458710933481
0.143070291001701,-0.301044589994151,-0.222553363276251,-0.032787196876456,0.209638490463929,-0.249879112257126,-0.0635875315276984,-0.201689321436665,0.0466966332821935,-0.236465423344028,-0.250374875104661
0.118728470644859,-0.294586537739571,-0.218082425182232,-0.0481872438016157,0.215599774556315,-0.251866222492315,-0.0620971987579802,-0.205663495254478,0.0327869978413248,-0.235471871146221,-0.240439364204727
0.0750125483628817,-0.2906123517398,-0.215101799784637,-0.0650776178452834,0.216096548230851,-0.266769549257782,-0.0770005264535551,-0.17436687645443,0.0283160435902696,-0.203678200824306,-0.229510302211588
0.0765028638952915,-0.299554270245781,-0.228017843181545,-0.0715357020381997,0.225535248040289,-0.283163208697583,-0.0750134160932401,-0.169895930910116,0.019374135090965,-0.211129842313823,-0.244413568586883
0.0819673541810856,-0.317934880506344,-0.236462948475042,-0.0909099546164464,0.232490079487339,-0.297072980346796,-0.0546455349026966,-0.190263571711414,0.0447095425151261,-0.221562140388526,-0.254349079490903
0.0531545872217413,-0.307502642258488,-0.245404824661646,-0.107800328660989,0.229012663764245,-0.298563313022894,-0.0387486520255115,-0.16691530054429,0.0332837705456705,-0.175858739277984,-0.219574791324788
0.0730254609886636,-0.344263862754394,-0.271733682330326,-0.0948841602766625,0.262296499959098,-0.30303431105258,-0.0298066554070948,-0.187282941361343,0.0447095425222968,-0.22851700577929,-0.282168510044636
0.0546449027565922,-0.329857438500767,-0.252359617253373,-0.130155235476819,0.254348121166844,-0.286640651611758,-0.0253356570990119,-0.157476637738903,0.046696633299623,-0.210136290121569,-0.262297488240486
0.00993543678937318,-0.282167206481699,-0.225533988686939,-0.189768320296679,0.22702556905456,-0.263292106351434,-0.0298066554087025,-0.115251040933596,0.029806361684273,-0.153503814873597,-0.183806952149434
0.00198708728228607,-0.285147845982891,-0.226030759586606,-0.19324575024563,0.249877158079774,-0.260808218557885,-0.0273227674587553,-0.127173562384357,0.0347740886298157,-0.159961904159279,-0.178839196695478
0.0293095387214716,-0.311973601465469,-0.255340242630765,-0.199207058733175,0.275709389174506,-0.284653541368278,-0.00844521903938282,-0.146547659730484,0.038251497495697,-0.188774917868164,-0.202187647295925
0.0447094658841546,-0.327373572222662,-0.2523596172342,-0.205665142923916,0.292599694113624,-0.282169653574265,-0.012916217348216,-0.169399159167512,0.0407353609664271,-0.198213663745669,-0.209639280471241
0.0412320629775659,-0.296076857444572,-0.228017843137324,-0.216594208473657,0.298560978209127,-0.285150318926244,0.0049677758877599,-0.174366876440646,0.0526579056385801,-0.196723335448292,-0.199703769564302
0.0392449756010327,-0.308992961945565,-0.238450032028776,-0.210632899987966,0.311477093745829,-0.272730879957729,-0.00397422073215715,-0.171386246077212,0.0625933595269933,-0.217587931606585,-0.21510381147624
0.0124192960239248,-0.307005868945306,-0.241430657425635,-0.199207058726239,0.305019035973479,-0.268259881928507,0.00943877420913334,-0.138102540366733,0.0531546783252434,-0.217587931606585,-0.188277932026454
0.0278192231890746,-0.317438107193162,-0.243417741022118,-0.186290890340574,0.319922246220029,-0.274717990190526,0.00149033276901656,-0.14704443145525,0.0655739956837186,-0.266768765406744,-0.201690871753317
0.00347740282605719,-0.290612351703368,-0.224540446848069,-0.207652245740719,0.293593241463804,-0.269750214601934,-0.00447099831035654,-0.130650964457794,0.0591159506524866,-0.254846139039246,-0.186290829860378
0.0139096115512542,-0.291109124953679,-0.209637319853108,-0.191755423123326,0.316444830500968,-0.277698655544342,0.00645810866901815,-0.15847018117346,0.0760062222693511,-0.284652704963564,-0.182813401043052
0.0283159950237147,-0.332341304727376,-0.216095341548295,-0.171884394870626,0.329360946039803,-0.30601497638903,0.0168904380597966,-0.202186093158494,0.0879287669372284,-0.311478614308269,-0.216097362579668
0.0322901697770459,-0.350721914974092,-0.23050169763329,-0.162942432143479,0.32439320929273,-0.30700853150648,0.0308002105850027,-0.198708691069426,0.0968706754429467,-0.340788404121367,-0.254349079550036
0.0139096115339301,-0.342773542983318,-0.229011384937159,-0.1684069649221,0.3040254886188,-0.300053645689237,0.0312969881752183,-0.182315224085469,0.0760062222585722,-0.337310971434206,-0.256336181727806
0.00298063096620798,-0.336315490731866,-0.225037217741053,-0.174865049110667,0.29061259940115,-0.308002086629169,0.0308002105854075,-0.172379789550854,0.0993545389015766,-0.333833538742927,-0.210632831551411
0.00347740280998668,-0.36562511250975,-0.250372533637176,-0.165426310681712,0.292599694100088,-0.299556868130929,0.0253356570949997,-0.178341050276978,0.100348084291309,-0.352214254404085,-0.204671525005379
-0.00993543697883563,-0.345257409254074,-0.240933886545143,-0.173871497702561,0.286638410005078,-0.315950527568008,0.0422260951580822,-0.190760343455009,0.116244810525122,-0.350227150008841,-0.2111296070947
-0.00347740300833644,-0.356186420752855,-0.246398366438238,-0.185794114671165,0.296077109826984,-0.312473084655813,0.0163936604640787,-0.208147353907723,0.115748037830442,-0.322904464565444,-0.214607035913865
-0.0243418204563625,-0.327373572244436,-0.218579196069615,-0.197716731642857,0.276702936508867,-0.305518198835105,0.0154001052842784,-0.190760343454141,0.125186719029089,-0.303033420617963,-0.220568342456861
-0.0233482767683879,-0.336812263995289,-0.209637319875728,-0.207155470067901,0.283657767950175,-0.300550423245482,0.0258324346743067,-0.209637669086397,0.144064081435127,-0.284155928857266,-0.199703769554741
-0.0402385194648601,-0.35121868824853,-0.221063050572852,-0.211129675723484,0.260309405238612,-0.310982751978385,0.0218582139538672,-0.191753886916503,0.156980171506664,-0.260310676120784,-0.187781156463145
-0.0402385194648601,-0.325883252494877,-0.220069508773727,-0.227523274033448,0.254348121142617,-0.2935955374286,-0.000496777591370756,-0.180824908929244,0.153502762644316,-0.243420288759109,-0.16244560365566
-0.0561352184756388,-0.308992961998575,-0.209140548986054,-0.253852386495892,0.25931585788969,-0.292601982311149,-0.00298066554298516,-0.187282941379886,0.144560854138598,-0.204671753066349,-0.1197229067759
-0.10034791259081,-0.283160753004927,-0.16939887704853,-0.28067827465927,0.245406195003628,-0.267763104375923,-0.00546455349394458,-0.186289397925879,0.147044717611554,-0.165923217375199,-0.0526582081901722
-0.099851140746892,-0.277199474001581,-0.14952804105623,-0.268755657694063,0.235470721515498,-0.246401669343869,-0.00546455349394458,-0.177347506840486,0.136612491022329,-0.177349067644644,-0.0730260055615632
-0.0884253883381568,-0.275212381001161,-0.157476375448442,-0.274716966176049,0.240935231938707,-0.239943561078498,-0.00695488626380568,-0.18579262619944,0.120715764793742,-0.178342619842142,-0.0919034762858565
-0.0943866504649706,-0.295083311006967,-0.166418251641005,-0.295581545858676,0.253851347480385,-0.227524122112045,-0.00943877421512241,-0.176850735112038,0.119225446708676,-0.187781365718078,-0.0750131077410832
-0.103328543654594,-0.28465107275827,-0.143070019360136,-0.308000938526424,0.237457816213917,-0.21013690754349,-0.0129162173445483,-0.163934670205758,0.112767401679181,-0.206658857482304,-0.0526582081809873
-0.0963737378398853,-0.306509095768773,-0.151515124654675,-0.317936452663839,0.254844894831782,-0.226530566974784,-0.00745166385505744,-0.178837822024044,0.116741583238109,-0.224046020937254,-0.0476904527285879
-0.0963737378398853,-0.307005869018684,-0.155489291852449,-0.299058975809106,0.277199710196994,-0.233982230358832,-0.0183807708349561,-0.183805539292715,0.0963739027482963,-0.241433184401595,-0.0462001260920656
-0.0978640533715588,-0.308496188768378,-0.140089393954805,-0.308994489944463,0.283160994290692,-0.232491897682981,-0.0119226621638549,-0.178837822020449,0.0819674945922288,-0.253355810772808,-0.0501743304565533
-0.117734927125219,-0.308992962018784,-0.135121684958447,-0.280181498966108,0.281670673267001,-0.219078903593087,-0.00894199662588298,-0.166418528845827,0.0784900857306087,-0.273226854726482,-0.0387484929076439
-0.119225242657131,-0.307999415518521,-0.113760536265406,-0.25931691928186,0.268754557727456,-0.216098238240488,-0.0198711036094495,-0.153502463942447,0.0879287669312303,-0.291607570383439,-0.00397420469657939
-0.120218786344509,-0.312470374770006,-0.111276681766706,-0.244413648084616,0.286638410011503,-0.226033789417672,-0.0198711036094495,-0.1400896273085,0.0735223587932466,-0.297072107471891,-0.0203677977005736
-0.144560606688681,-0.317934880523146,-0.120218557965668,-0.265278227768864,0.29359324145262,-0.226530566976774,-0.00496777590994493,-0.128663877582431,0.0750126768770209,-0.280678496214027,0.00894195949757054
-0.170392742564301,-0.323399386273787,-0.0884252203779878,-0.27571051760788,0.262296499960274,-0.227027344535711,0.0119226621547571,-0.0953801718528492,0.0968706754452482,-0.25285903466848,0.0725292293617606
-0.179334635752731,-0.31445746777382,-0.0665673007891551,-0.272729863368895,0.243915873999898,-0.205665909498335,0.0054645534827271,-0.0884253676709826,0.0844513580748958,-0.234975095110917,0.0789873114553817
-0.187779757096515,-0.313463921273636,-0.0541480282882968,-0.270245984835989,0.245902968698071,-0.235969340595352,0.0163936604628877,-0.100347889123231,0.0914061757990714,-0.234975095110917,0.0496775542583857
-0.21112803375504,-0.293592991265158,-0.040735213995315,-0.273723414782868,0.217586869243263,-0.208646574870291,-0.00347744312835435,-0.0998511173961347,0.0705417226252976,-0.210633066270448,0.0635872695302793
-0.22454087354046,-0.303031683010933,-0.0352707340981744,-0.289123461692072,0.21361267984298,-0.210136907546822,0.0213614363797515,-0.0869350524950112,0.0859416761640744,-0.206162081380825,0.0650775961668892
-0.207153859000555,-0.30849618875878,-0.068554384378295,-0.281175050384199,0.223548153336852,-0.209143352429536,0.0149033277086503,-0.101341432581168,0.0774965403542539,-0.226529901417897,0.044213023263543
-0.200695825031779,-0.336812264009816,-0.0735220933746534,-0.295084770172256,0.225038474360543,-0.231001565016619,0.0243421019150558,-0.105812378124924,0.080973949215874,-0.213116946750979,0.0322904101691452
-0.228018276439596,-0.32041874674775,-0.0705414679738221,-0.33433005098811,0.220567511291315,-0.215601460688947,0.014903327706614,-0.0740189875578249,0.0695481772368572,-0.17585873932352,0.0283162057997532
-0.231992451188843,-0.325883252498096,-0.0615995917759629,-0.346749443653284,0.204173980030261,-0.211130462659724,0.0168904380673578,-0.0680577268287255,0.086438448848169,-0.164432889046241,0.0566324119042165
-0.210631261908078,-0.324392932747401,-0.0630899044754038,-0.328865518211033,0.208644943100966,-0.215104683132166,0.00745166385642716,-0.0665674116465808,0.0958771300485083,-0.167910321738242,0.0178839193443878
-0.188276528939835,-0.307005868989748,-0.0611028208745062,-0.32737519109152,0.223548153328649,-0.217588570926694,-0.0059613310784322,-0.0819673352000211,0.0814707218980382,-0.185297485208002,-0.0273226553410653
-0.179334635751405,-0.307502642239859,-0.0720317806718896,-0.339297808044684,0.227522342723901,-0.238950005964069,-0.00844521902867708,-0.0730254441054794,0.0879287669294635,-0.192749126691945,-0.0273226553410653
-0.1818184949698,-0.295083310983056,-0.068554384370276,-0.349233322174379,0.226528795374787,-0.225537011876681,5.39478661396031e-12,-0.0521610315593587,0.0814707218997754,-0.177845843721427,-0.000993551419887329
-0.1818184949698,-0.303031682989012,-0.0735220933687189,-0.364633369074409,0.244412647656866,-0.219078903609835,0.00745166384987789,-0.0606061509183124,0.0869352215379944,-0.185794261304713,0.0337807367932206
-0.177347548375196,-0.281670433241679,-0.070044697069766,-0.380033415971249,0.228515890064483,-0.230504787460158,-0.0168904380683576,-0.0432191404612593,0.0730255860829919,-0.185794261304713,0.0536517586230545
-0.205663543478885,-0.269251101994232,-0.0312965668876491,-0.383014070212087,0.212619132476913,-0.219078903608412,-0.0114258845775568,-0.0298063038296553,0.0779933130294254,-0.152013486599608,0.0854453935302407
-0.210134490072773,-0.266767235745879,-0.0278191705903269,-0.38102696738584,0.206657848382886,-0.213117572904824,-0.000496777596348246,-0.0188773258320335,0.0864384488392458,-0.143568292916577,0.0943873533505136
-0.187282985260334,-0.298560723756022,-0.0486835483868767,-0.359168836308436,0.207651395731508,-0.236466118171934,0.00645810866208678,-0.0491804012174343,0.0750126768680828,-0.158471575894527,0.0481872276020301
-0.192250703696296,-0.305515549254125,-0.0397416721850448,-0.358672060601983,0.21709009554666,-0.234479007936456,0.00248388794078987,-0.0745157593037785,0.0894190850207056,-0.157974799795391,0.0437162476886974
-0.210631261915364,-0.320418746755673,-0.0362642758861776,-0.392452808645571,0.206657848383406,-0.25037588981962,-0.0154001052891847,-0.0740189875763722,0.0909094031054598,-0.12568435335021,0.0988583332724291
-0.202186140568312,-0.352709008006855,-0.066070529879042,-0.383014070219305,0.22603202169779,-0.255840442966674,-0.0154001052891847,-0.0705415854847012,0.0784900857443866,-0.142077964610117,0.0844518424555337
-0.209637718225487,-0.362147699756439,-0.0690511552772985,-0.378543088862737,0.230006211093917,-0.258821108319211,-0.0238453243177905,-0.0899156828511319,0.0645804502952041,-0.13214244263101,0.099851884377727
-0.202186140569804,-0.387979908761207,-0.0814704277803025,-0.377549537449999,0.224541700674768,-0.252859777611291,-0.0427228727421407,-0.10680592158063,0.0760062222725134,-0.113264950855016,0.111774497483101
-0.193741019226922,-0.398412147013835,-0.080476885980712,-0.363143041963248,0.205664301044205,-0.259814663437053,-0.0481874262283569,-0.0839544221304868,0.0799804038287101,-0.0889229219978585,0.0859421690916666
-0.206160315321716,-0.408347612015668,-0.0869349076782893,-0.331349396743283,0.223051379661591,-0.252859777615767,-0.0536519797162759,-0.108296236766109,0.0904126304188706,-0.0859422654043122,0.0541485341714045
-0.211624805602405,-0.407850838765596,-0.0993541801806803,-0.340291359463019,0.243915873998148,-0.244414559113144,-0.0616004211569644,-0.107302693311557,0.0993545389261924,-0.0859422654043122,0.0491807787145298
-0.197715193975215,-0.40089601326843,-0.105315430975722,-0.343768789408817,0.258322310562082,-0.230504787465664,-0.0745166384977734,-0.122205845125008,0.0914061758109485,-0.0948842351862518,0.0327871857131043
-0.20715385900814,-0.3944379610208,-0.103328347376983,-0.349730097886943,0.279683578570674,-0.212620795348218,-0.0809747471663976,-0.135121910029354,0.107302902033835,-0.107303637660781,0.035271063439377
-0.164431480437201,-0.425237902480912,-0.165921480706388,-0.32836874249731,0.294586788815174,-0.231001565020094,-0.076503748854885,-0.159960496357218,0.0849481307678686,-0.166419993385507,-0.0218581242727275
-0.168405655186077,-0.435670140724838,-0.174366586002594,-0.292600891625776,0.302038393931168,-0.216595015813925,-0.0650778642930703,-0.167908843994232,0.0755094495666829,-0.213613722790681,-0.0794840875826344
-0.173373373625751,-0.435173367475248,-0.163437626210336,-0.283162153194865,0.284651315314739,-0.20765301975446,-0.0640843091130081,-0.192747430349984,0.0899158577063889,-0.204671753013942,-0.0715356788570831
-0.157476674621975,-0.429708861726077,-0.152011895514622,-0.27272986335882,0.27670293652336,-0.206659464636989,-0.0596133108041749,-0.192250658622875,0.0988577662080986,-0.210136290102962,-0.09140670069042
-0.168405655183132,-0.41281857122705,-0.142573248413038,-0.274220190477908,0.273722294477249,-0.21361435046275,-0.054148757314684,-0.189270028259887,0.0869352215363018,-0.235471871167321,-0.0973680072438073
-0.18032817943135,-0.408347611976646,-0.14456033201217,-0.297568648675133,0.283657767964559,-0.212124017785971,-0.0308002105907771,-0.201192549715409,0.0864384488417252,-0.254349362936254,-0.105813191519915
-0.178341092056461,-0.405863745726689,-0.146050644711317,-0.309988041345454,0.275709389165961,-0.210136907550947,-0.0188775484334598,-0.181321680627336,0.0769997676408216,-0.249381601946184,-0.0874324963364987
-0.185295897867087,-0.416295983975386,-0.152508666409532,-0.294587994436649,0.251864252783293,-0.207156242196369,-0.0144065501234477,-0.179831365445415,0.0606062687144062,-0.247891273649271,-0.0839550675167886
-0.225534417202943,-0.398908920221008,-0.0933929292806369,-0.315452574098201,0.236464268870546,-0.212620795344558,-0.00596133109382968,-0.161450811540553,0.0526579056029632,-0.210136290102776,-0.0312968596563815
-0.225037645359165,-0.422257262951764,-0.0943864710800312,-0.301046078606226,0.220567511280351,-0.222556346522566,0.0178839932310938,-0.157973409451745,0.050670814824271,-0.208149185707285,-0.023845226476104
-0.272230970521902,-0.38698636224317,-0.0377545885522886,-0.315949349810804,0.2011933379649,-0.209143352439076,0.00149033276026339,-0.132638051397008,0.0665675410547587,-0.154497367072487,0.0283162057776664
-0.271237426834723,-0.383012176246179,-0.0188772943558763,-0.342278462264384,0.211625585132461,-0.21858212605789,-0.00198711036791222,-0.136115453487204,0.0551417690815471,-0.136116651420494,0.0422259210473808
-0.29756633455393,-0.362147699751309,-0.00298062555654316,-0.364136593360469,0.223051379649942,-0.228517677234868,0.00198711035281306,-0.126676790675669,0.0730255860999324,-0.112271398666177,0.0581227385059548
-0.31743720830759,-0.370592844999346,-0.00993541815470644,-0.357181733466621,0.237457816211894,-0.228517677234868,0.00198711035281306,-0.118231671312922,0.0824642673014002,-0.122206920643014,0.0531549830500532
-0.295082475338154,-0.373573484500297,-0.0144063562560088,-0.34128491085705,0.233980400492053,-0.23696289573486,0.00198711035281306,-0.12021875822163,0.0948835846680408,-0.121213368444918,0.0442130232225995
-0.284153494777434,-0.380528310000458,-0.0208643779518327,-0.314459022713126,0.230502984770873,-0.229511232349574,0.00794844143547295,-0.12468970376561,0.0973674481410719,-0.126677905533143,0.0437162476770335
-0.279682548183547,-0.384502496000229,0.00546447974933739,-0.312471919886415,0.238451363569471,-0.228020899673198,0.0163936604677227,-0.134128366584917,0.108793220121796,-0.122703696740344,0.0332839612199465
-0.263289077342138,-0.389967001747195,0.00844510514825597,-0.31694290124831,0.255838442178722,-0.247395224471321,0.0158968828776737,-0.148534746672152,0.126677037133233,-0.120716592344316,0.0253355524898811
-0.240437572539457,-0.406857292251675,-0.0372578176893122,-0.280181498972246,0.260806178923334,-0.256833998087981,0.0273227674526349,-0.153999235672668,0.139096354496533,-0.162445784681711,-0.00596130691203128
-0.237456941476647,-0.398412147012043,-0.0412319848863991,-0.276207293317383,0.266270689343384,-0.254846887852709,0.0193743260079451,-0.173870104743386,0.145554399528151,-0.168903873966454,-0.0203677977252593
-0.235966625946106,-0.388973455261698,-0.0322901086832429,-0.297071872984339,0.25583844218214,-0.235472563052173,0.0208646587774847,-0.13959285555919,0.132638309464722,-0.161949008579056,-0.00347742916295296
-0.230005363822475,-0.394934734256864,-0.0640834462669999,-0.289620237387936,0.258322310556258,-0.219078903606586,0.036264764063835,-0.141083170740517,0.149528581080072,-0.166419993468679,-0.0119226134347607
-0.21758606773083,-0.427721768738218,-0.0794833441665439,-0.288626685975018,0.246399742364267,-0.221066013841487,0.0233485467242644,-0.153005692185923,0.126180264421018,-0.192252350618115,-0.0233484509841178
-0.222057014323941,-0.42275403623984,-0.0720317806684197,-0.305020284292199,0.230006211105018,-0.226530566987066,0.0233485467242644,-0.155489550822397,0.107799674717841,-0.180826500344396,-0.0198710221650888
-0.233979538575977,-0.442624966233884,-0.0869349076655873,-0.301542854344599,0.241928779290118,-0.220569236281499,0.0188775484145738,-0.154496007368068,0.100348084296743,-0.173871634956565,-0.0357678396283332
-0.257327815224531,-0.438650780234113,-0.069051155272076,-0.314955798421251,0.246896516034866,-0.234479007932155,0.00645810866096751,-0.140089627278316,0.0983609935182882,-0.166419993472312,-0.0342775129916064
-0.257327815224531,-0.446599152231089,-0.0769994896760587,-0.319426779781061,0.234477174163595,-0.219078903604163,0.00745166384145845,-0.135121910005554,0.0829610399808923,-0.185297485232224,-0.0268258798084104
-0.245902062815643,-0.441134646484123,-0.0899155330681847,-0.321413882608235,0.244909421337186,-0.212124017781,-0.000993555187552264,-0.136612225186397,0.0665675410530071,-0.211129842367706,-0.0173871444411804
-0.27173419867851,-0.44957979173057,-0.0794833441687511,-0.3402913594615,0.230006211107452,-0.215601460691463,-0.0104323294021032,-0.118728442997314,0.0690514045267806,-0.197716887695772,0.00248387739682715
-0.193741019116779,-0.532540924211379,-0.144063561011455,-0.296575097203652,0.286638410103581,-0.268756659428161,-0.00298066554779578,-0.164928213510092,0.0496772694394533,-0.330852881792782,-0.127174539554199
-0.175857232745646,-0.549431214708589,-0.16492793881264,-0.281175050308807,0.292599694194982,-0.285647096434634,0.011922662153495,-0.189766799881339,0.0506708148285915,-0.340788403774159,-0.145555234753816
-0.178341091963942,-0.533037697467251,-0.149528040926779,-0.279684723189179,0.283657768049759,-0.305518198791478,0.0039742207139498,-0.179334593609711,0.0337805432132414,-0.335323866686729,-0.130651968389905
-0.17188305799465,-0.534031243965778,-0.156979604422328,-0.275710517536992,0.283657768049759,-0.311479529495189,0.00496777589363097,-0.164431441801838,0.0427224517170889,-0.336317418884227,-0.130155192844388
-0.182812038553329,-0.535521563715431,-0.139095852015574,-0.26577500340704,0.288625504793414,-0.291111649582596,0.0288131002236991,-0.145057344429122,0.0566320871662714,-0.333336762290185,-0.105813191097835
-0.195728106488725,-0.541979615958892,-0.141082935614363,-0.276207293247948,0.290612599491696,-0.303531088550854,0.0342776537134519,-0.143567029247535,0.0576256325555582,-0.351220701854808,-0.121710008551117
-0.170889514308915,-0.547940894958228,-0.15250866631205,-0.276207293247948,0.271238426194908,-0.307505309020985,0.0322905433535656,-0.154496007247611,0.0471934059725685,-0.347743269161362,-0.112768048728918
-0.187282985150543,-0.558373133199068,-0.15250866631205,-0.269749209061221,0.266270689448792,-0.311976307052713,0.0203678811908181,-0.162444354883435,0.0452063151945889,-0.330852881797932,-0.0933938024423632
-0.201689368622042,-0.583211795672248,-0.152011895412506,-0.27720084466129,0.247393289805759,-0.319924747993305,0.0322905433504218,-0.162941126610358,0.0422256790276196,-0.334827090585529,-0.107800293264619
-0.177844320133878,-0.591656940914831,-0.157973146212845,-0.276704068954863,0.265773915757535,-0.315453749965475,0.0312969881701928,-0.182811995708348,0.0427224517224188,-0.34873682135628,-0.136116499379066
-0.295082475336829,-0.487831331943082,-0.0541480282645214,-0.351717200722467,0.197715922248642,-0.248885557136376,0.0218582139551893,-0.103328519490904,0.0531546783050968,-0.165923217331735,0.0511678808739667
-0.297069562711824,-0.495282930686939,-0.0655737589560051,-0.334826826694549,0.207154622064053,-0.231498342570708,0.0213614363649737,-0.112270410576967,0.0576256325569538,-0.181820052493353,0.0238452258721256
-0.292101844275066,-0.506708715432439,-0.0581221954586168,-0.319923555491901,0.211128811461383,-0.226530566983045,0.0402389847888713,-0.138599312109137,0.0655739956679218,-0.176852291503696,0.0268258791459585
-0.307501771430761,-0.471934587952215,-0.0541480282613337,-0.323897761144088,0.206161074717045,-0.220072458720623,0.0546455348996012,-0.13065096447371,0.0615998141100624,-0.14555539726268,0.019374245964222
-0.317933980142871,-0.448586245193823,-0.0342771922351898,-0.353207527812645,0.188773996120235,-0.216595015806984,0.0481874262241649,-0.150025061846426,0.0471934059664814,-0.109787518105193,0.0466969010136953
-0.316443664612092,-0.442128192950362,-0.0193740652394936,-0.3681107990041,0.182812712026044,-0.205169131956425,0.0476906486341279,-0.147044431482917,0.0576256325575775,-0.108793965907509,0.0630904940125526
-0.354198324718855,-0.442128192950362,-0.00397416734108993,-0.361155939113674,0.203677206346523,-0.201194911486294,0.0576262004354648,-0.145554116301442,0.0606062687234778,-0.088922921935257,0.058122738555386
-0.337804853877228,-0.425734675712111,-0.0134128144417423,-0.363143041940591,0.200199790625056,-0.210136907547245,0.0680585298274937,-0.155986322568645,0.0655739956688721,-0.0829616087453154,0.030303307994708
-0.336314538345952,-0.39990246673931,-0.00198708374884868,-0.371091453244141,0.190761090810943,-0.182317364243621,0.0665681970571681,-0.1485347466635,0.0690514045303883,-0.0620970126030603,0.029806532449259
-0.331843591752721,-0.393444414495329,0.0114257305543958,-0.38450439731315,0.187283675088901,-0.184304474478315,0.0616004211567379,-0.16492821365441,0.0581224052482345,-0.0293097900590628,0.0372581656342062
-0.309985630641195,-0.417289530483051,-0.018380523456861,-0.356188182044619,0.200696564300276,-0.187285139832832,0.0640843091076378,-0.184302311011655,0.0690514045323481,-0.0561356994327521,-0.00993551121765901
-0.310482402484928,-0.408844385239785,-0.00149031286715762,-0.345259116489216,0.20864494309603,-0.211130462662529,0.0551423124857916,-0.203179636624599,0.0824642672951348,-0.0357678793800251,-0.0044709802196452
-0.316940436452583,-0.408844385239785,0.0109289596346205,-0.363143041931005,0.200199790627749,-0.213117572897718,0.0546455348954687,-0.20765058216434,0.0909094031047026,-0.0402388642707628,-0.00993551122140457
-0.327372645167337,-0.40735406548917,0.0511674025513074,-0.357678509159036,0.191754638165512,-0.201194911485592,0.0546455348954687,-0.221063418797282,0.091406175799383,-0.0412324164695199,0.00546453068993014
-0.302037281147142,-0.429708861747807,0.0303030247243713,-0.328865518197098,0.21361267983278,-0.229511232339098,0.0635875315235316,-0.223547277433446,0.0968706754385819,-0.0854454893091601,-0.0352710641003294
-0.307501771426373,-0.428715315248612,0.0198708358262253,-0.312968695592468,0.206161074717811,-0.219575681160263,0.0829618575438019,-0.237953657519603,0.0854449034581992,-0.0680583258430129,-0.0283162064612498
-0.292598616125645,-0.428218541998741,0.0352707337364128,-0.309988041352942,0.188773996115737,-0.205169131950505,0.0849489679046409,-0.232985940247213,0.0914061757916034,-0.0824648327245422,-0.027819430915577
-0.326875873331725,-0.443618512738118,0.0372578173361825,-0.334330050965966,0.201690111655993,-0.197717468566611,0.0864393006753595,-0.232489168520327,0.109786765502472,-0.0904132503108007,-0.0183806955501956
-0.337804853893028,-0.454547524231021,0.0307997956394023,-0.311975144166336,0.206161074725221,-0.234479007925245,0.0819683023650259,-0.225534364339675,0.111773856280807,-0.101342324482824,-0.0149032667318476
-0.333830679143039,-0.48087650644232,0.00844510513896063,-0.295581545858496,0.216096548218546,-0.240937116186862,0.0829618575450166,-0.231992396786934,0.132141536766968,-0.153503814872597,-0.0561356369944341
-0.335817766517345,-0.460508803204726,0.0337804210457146,-0.309988041351217,0.208148169425417,-0.229511232325866,0.0819683023646209,-0.220566647065711,0.121709310177431,-0.149529606078394,-0.0288129819856365
-0.358669271321855,-0.462992669453147,0.0511674025499204,-0.331846172455795,0.194735280209613,-0.224046679179492,0.0794844144147928,-0.182315224094556,0.108296447414644,-0.151019934375524,-0.0163935933494087
-0.362146674227052,-0.458024936955971,0.0511674025499204,-0.336317153813637,0.191257864488528,-0.213117572883909,0.0750134161024227,-0.160954039840068,0.109289992804287,-0.121710144521019,-3.4059849385315e-10
-0.351217693668665,-0.477895866954293,0.0293094829308745,-0.335820378107017,0.19572882755628,-0.216595015796393,0.0770005264633093,-0.165424985382374,0.131147991384927,-0.126677905514185,-0.0104322867976855
-0.370095023724564,-0.475412000704669,0.0114257305250035,-0.338801032346466,0.181322390999879,-0.198711023682288,0.063587531522662,-0.167908844018229,0.124193173662622,-0.121213368426073,-0.0213613488034521
-0.379036916907029,-0.46945072170838,0.0327868792270072,-0.351717200713731,0.198709469606259,-0.199704578800357,0.0531552021248809,-0.151515377022819,0.123696400968001,-0.110284294240881,0.00496775513319736
-0.370095023723729,-0.484353919198702,0.0253353157206062,-0.354697854953257,0.212619132486579,-0.2041755768319,0.0596133107989237,-0.154496007386401,0.12468994635711,-0.0978648917573197,0.00347742849620802
-0.340288713111536,-0.490811971440425,0.019870835821712,-0.347246219360714,0.198212695923041,-0.216098238245016,0.0457035382763852,-0.141083170755802,0.109786765508901,-0.111774622526914,-0.0124193889592529
-0.333830679143881,-0.491308744689948,0.0253353157188527,-0.376059210342054,0.211128811462587,-0.203182021720039,0.0466970934563759,-0.14853474666355,0.12419317365894,-0.0928971307721007,-0.0149032666866931
-0.357178955793993,-0.470941041473174,0.0332836501161652,-0.372085004689558,0.188277222436115,-0.161949484327449,0.0556390900784365,-0.139592855582172,0.122206082878704,-0.0591163560564693,0.0308000834879126
-0.336811310202336,-0.483857145967913,0.0188772940084131,-0.367614023330906,0.207651395750498,-0.185298029602799,0.0611036435712023,-0.145554116307107,0.128167355214781,-0.0924003546875166,-0.00695485797102574
-0.315450120928983,-0.494786157456994,-0.00149031289500556,-0.355691406367861,0.221064284966303,-0.174865700865348,0.0819683023590114,-0.158470181214676,0.124689946352121,-0.119723040118426,-0.0129161645171739
-0.315946892772555,-0.508695808445716,-0.0114257308970411,-0.345259116531276,0.217586869245888,-0.190265805189503,0.0914070765751463,-0.145057344578052,0.109289992819328,-0.146052173379198,-0.0362646151628844
-0.316940436459814,-0.515650633940075,-0.0203676070979901,-0.354201079248464,0.223051379663532,-0.191756137866127,0.0784908592327891,-0.145057344578052,0.0928964938811531,-0.156981247560531,-0.0134129400608131
-0.324392014110824,-0.537011883675915,-0.00447093829355627,-0.350723649302396,0.240935231942166,-0.182814141804063,0.0735230833310488,-0.133134823123125,0.114754492446767,-0.130652114300305,0.0178839193319035
-0.309985630649129,-0.557379586905291,-0.0327868795913202,-0.327375191093682,0.238948137243447,-0.197717468570148,0.0814715247765008,-0.138599312123095,0.132141536767339,-0.159465128050492,-0.0312968596974187
-0.301540509307374,-0.540986069665276,-0.0437158393957173,-0.33731070522209,0.23099975845338,-0.20169168904193,0.0675617522502944,-0.142573485940512,0.137109263713773,-0.152013486557259,-0.0208645732366537
-0.30849531511902,-0.533534470924625,-0.0342771922966957,-0.335820378103234,0.212122358835804,-0.20516913195297,0.0665681970704703,-0.135121910030718,0.144560854136207,-0.130155338201406,0.00596130622521585
-0.323895242270811,-0.539992523167217,-0.0347739631964971,-0.315452574138151,0.207651395763377,-0.208149797305506,0.0784908592340753,-0.148534746657636,0.133135082154117,-0.144065068969556,0.00298065295260891
-0.313463033556612,-0.550424761403006,-0.0298062541965829,-0.338304256628755,0.246896516065793,-0.237459673290673,0.0760069712831159,-0.136612225209553,0.114754492448192,-0.175361963193016,-0.0238452265076844
-0.308992086961831,-0.563340865888712,-0.0243417742948563,-0.347246219345018,0.237954589918108,-0.228020899671467,0.0625939763488996,-0.132638051393128,0.114754492448192,-0.168407097811253,-0.0168903688747338
-0.349230606280507,-0.522108686146077,0.0134128141277901,-0.380033415975559,0.206161074756093,-0.218582126047949,0.0521616469523691,-0.109289780207943,0.110780310891758,-0.0973681156259452,0.0437162477430639
-0.335817766501709,-0.513663540904174,0.0238450030300561,-0.396923789993853,0.206657848430397,-0.220072458723955,0.0263292122657968,-0.125186475479988,0.113264174363824,-0.100845548318597,0.0521614320166908
-0.337308082032548,-0.517637726899775,0.0183805231314317,-0.398910892819329,0.227522342767528,-0.228020899664382,0.0303034329856647,-0.115251040940166,0.112767401668981,-0.121213368370477,0.0144064905547946
-0.311475946169337,-0.514657087403235,0.000993541627225869,-0.39593023857934,0.234973947888855,-0.247892002019988,0.0218582139554394,-0.128167105849347,0.120715764790876,-0.158968351904421,-0.0248387775664306
-0.302534052983412,-0.509192581660972,0.00794833422298608,-0.412820612605508,0.250373931809655,-0.246898446902537,0.0104323293785608,-0.147044431474066,0.111773856280882,-0.148536053826467,-0.0158968177500104
-0.31892752382154,-0.519624819906302,-0.00347739647526557,-0.417788369667783,0.262296499996067,-0.261304996107211,0.0258324346759861,-0.153502463925675,0.10581258394534,-0.18032972418141,-0.0303033085756522
-0.324392014101207,-0.522605459402923,0.00496770882761105,-0.416794818255148,0.280677125939243,-0.248885557136891,0.0417293175588872,-0.161450811562689,0.100844856996679,-0.204671753030982,-0.0402388194907638
-0.315450120917071,-0.540986069619479,0.00397416702804515,-0.405368976996973,0.294090015159847,-0.253853332723626,0.0496777590051014,-0.162444355016176,0.122206082882624,-0.201691096438488,-0.0462001260349272
-0.324888785944329,-0.533534470880231,0.00496770882817507,-0.387981827278337,0.265277142018101,-0.256337220517329,0.0576262004492196,-0.170392702649025,0.137109263723706,-0.164432889024962,-0.0342775129449661
-0.341282256789238,-0.540986069617875,-0.0104321890728894,-0.367117247600574,0.277696483891081,-0.282169653571573,0.0516648693701322,-0.188773256543338,0.130651218693053,-0.188278141754015,-0.0367613906712388
-0.307501771438216,-0.590166621348506,-0.0491803192951753,-0.332342948142137,0.317935151527421,-0.315950527575402,0.0332840985414041,-0.229508538167788,0.139096354501611,-0.24987837806672,-0.101342211652357
-0.300050193781241,-0.628914934779566,-0.0869349076777506,-0.305020284281584,0.333831909112366,-0.31644730513405,0.0357679864906369,-0.251863265872626,0.144560854141463,-0.297072107416992,-0.155987521608421
-0.306011455903997,-0.627921388280746,-0.0700446970772085,-0.292104115912311,0.328864172363243,-0.303531088604515,0.0412325399816995,-0.254843896235093,0.14356730875182,-0.260310676091239,-0.128664866608721
-0.319921067524876,-0.636366533519696,-0.0774962605744131,-0.304523508575878,0.318928698868824,-0.301047200810966,0.0387486520322882,-0.253353581053692,0.122206082870345,-0.256336467301,-0.123200335608139
-0.335817766520591,-0.637360080018409,-0.0665673007762203,-0.304026732869438,0.291109373085982,-0.291608427193132,0.047193871066765,-0.240934287881549,0.125683491734771,-0.264781660983504,-0.116245477970966
-0.330850048085557,-0.662695515732532,-0.0660705298764312,-0.285646031732596,0.298064204531692,-0.305021421272446,0.0377550968508564,-0.23546979888417,0.128664127902275,-0.28316237663817,-0.117239029062088
-0.322901698587594,-0.676108393461375,-0.0889219912760365,-0.263787900641606,0.323399661943506,-0.319924748036056,0.0447099831159604,-0.246895548606818,0.117735128620448,-0.297568883496652,-0.160955277042348
-0.329856504397662,-0.664682608734315,-0.0735220933772528,-0.282665377499272,0.318431925193973,-0.311976307096784,0.0268259898662657,-0.249379407240317,0.0928964938719478,-0.295085003002624,-0.156484297134356
-0.327372645180195,-0.67114066097517,-0.0814704277769192,-0.281175050379798,0.336812551158395,-0.300053645684658,0.0163936604714859,-0.256830983143231,0.0938900392618285,-0.300052763994448,-0.144064908493021
-0.343269344174425,-0.658721329744093,-0.0571286536698292,-0.304026732882832,0.324393209285415,-0.283163208690809,0.0293098778116757,-0.230005309886382,0.0938900392618285,-0.26378810879293,-0.119722906765061
-0.347243518923195,-0.656734236747415,-0.0347739631660771,-0.320420331206806,0.322406114585218,-0.274221212635612,0.0457035382797553,-0.229508538159756,0.104819038549862,-0.251865482422212,-0.11624547794719
-0.372578882950827,-0.622953655812059,0.000993541615649768,-0.344265565123633,0.317438377838419,-0.269750214607411,0.0655746418843345,-0.207153810454919,0.112270628970737,-0.20516852917085,-0.0546453103519094
-0.375559514011847,-0.639843946284735,0.00695479241922536,-0.365626920498881,0.310483546391943,-0.276208322873049,0.0680585298352939,-0.208644125635985,0.116741583224598,-0.227523453632434,-0.0591162902629653
-0.375559514011847,-0.647295545021777,0.0233482321167169,-0.352710752128605,0.306509356995707,-0.274717990196797,0.102336183563465,-0.217586016722717,0.129657673289186,-0.23944608000117,-0.0750131077159354
-0.381024004290057,-0.651269731016097,0.0288127120180386,-0.352213976422152,0.309986772716217,-0.268259881929817,0.103826516334612,-0.208147353906707,0.121212537476841,-0.226529901426721,-0.0675614745311342
-0.382017547977117,-0.643818132280257,0.0303030247174796,-0.36463336908411,0.305515809643667,-0.257827553202111,0.0968716300730096,-0.212618299450129,0.125683491729099,-0.220568588242972,-0.0640840457120369
-0.388475581944341,-0.623450429058551,0.0471932353146865,-0.388478603000319,0.298560978193745,-0.261304996112285,0.0904135213981928,-0.210631212542313,0.146051172214651,-0.204671753088289,-0.0332839619156038
-0.396920703283391,-0.625437522055069,0.0457029226142892,-0.379536640280583,0.2757093891635,-0.253356555170373,0.0928974093486163,-0.208644125635539,0.15250921724569,-0.210633066273524,-0.0317936352794317
-0.390462669317201,-0.640340719525346,0.0516641734137447,-0.375562434628087,0.273225520788835,-0.264782439023779,0.0899167438082153,-0.20963766908905,0.136115718320254,-0.233981542921273,-0.0531549837387633
-0.369598251885882,-0.652760050756423,0.0238450030080452,-0.36363981767338,0.274715841813142,-0.278692210666639,0.0914070765787553,-0.228514994718008,0.157476944200453,-0.260807452253717,-0.0819679653734007
-0.376553057695208,-0.659218102994846,0.00447093790335881,-0.370097901857765,0.268257784039014,-0.279188988225349,0.101342628383903,-0.206657038734218,0.150522126470873,-0.247394497579554,-0.0814711898279517
-0.374565970321115,-0.680082579462214,-0.00347739649807341,-0.371091453270323,0.27123842608693,-0.289124539397995,0.0884264110387593,-0.210631212550246,0.133135082160694,-0.252362258568075,-0.0988583339224161
-0.379036916912199,-0.661701969241208,-0.0173869817036698,-0.366620471914681,0.269748105063034,-0.289621316956819,0.0894199662192264,-0.204173180098153,0.13164476407594,-0.226529901410588,-0.0968712317398219
-0.373075654789601,-0.661205195992165,-0.0412319848956071,-0.373078556100906,0.288625504702949,-0.289124539398047,0.0665681970608125,-0.205663495278885,0.125186719042392,-0.228020229706263,-0.0958776806493032
-0.380030460597071,-0.654747143750963,-0.0342771922917789,-0.385994724464492,0.29806420451914,-0.295582647665027,0.0457035382745038,-0.213611842913717,0.11723835592881,-0.226529901408762,-0.0824647409111441
-0.376056285848672,-0.664682608731415,-0.0303030250927304,-0.373078556095889,0.310483546390069,-0.292601982313419,0.041232539964706,-0.221560190543988,0.128664127912267,-0.234478318986764,-0.0899163740943401
-0.371585339256098,-0.682069672458664,-0.0293094832924533,-0.377052761745708,0.310483546390069,-0.278195433110838,0.0317937657512864,-0.217586016727762,0.111773856288335,-0.227523453603267,-0.0770002099105135
-0.354198324732435,-0.701443829163511,-0.0442126102903567,-0.387485051584995,0.335819003794911,-0.296576202785004,0.0308002105710813,-0.207153810463943,0.104322265868128,-0.238452527772338,-0.082961516454677
-0.346746747077747,-0.686043858444017,-0.0471932356903052,-0.39344636006343,0.331844814396159,-0.303531088606145,0.0312969881611183,-0.206160267010431,0.115748037844754,-0.241433184364027,-0.0889228229982566
-0.392946528517093,-0.650772957725936,-0.00943864727325058,-0.430704538022286,0.306012583325599,-0.28316320869778,0.036761541654015,-0.178837822015354,0.104819038553781,-0.176355515375856,-0.0233484509546633
-0.39990133432512,-0.629411708005611,0.00198708342725704,-0.439149725029356,0.291606146760873,-0.271240547285902,0.0357679864732858,-0.193740973825086,0.109786765503184,-0.168407097787616,-0.00347742912872118
-0.385494950859773,-0.617985923276401,0.00149031252727175,-0.433188416553237,0.287135183689184,-0.268756659493127,0.0506713141799357,-0.192747430371154,0.12618026442372,-0.16791032168881,0.00447097959869786
-0.37555951398997,-0.617985923276401,0.0114257305302881,-0.433685192259471,0.289619052062413,-0.280679320901788,0.0437164279176661,-0.194237745552592,0.134625400239093,-0.186291037361425,0.0104322861474147
-0.369598251866418,-0.61301819078524,0.0243417739224142,-0.434181967966014,0.283160994288641,-0.28117609846056,0.0407357623771222,-0.18330876755797,0.133135082154785,-0.174865187092216,0.0253355525098662
-0.392946528496284,-0.607056911791356,0.0188772940192041,-0.429214210904125,0.267761010380556,-0.285150318931681,0.0556390900794847,-0.1679088440126,0.150025353775688,-0.158471575813575,0.0362646145239816
-0.386488494529232,-0.614508510523188,0.00397416702681808,-0.445111033510402,0.256335215858987,-0.289621316958954,0.0660714194705132,-0.147044431476372,0.11972221940199,-0.155490919222134,0.0322904101605055
-0.409836771173425,-0.622456882507336,-0.0104321890723997,-0.441633603566855,0.260806178933629,-0.304027866161534,0.0710391953717771,-0.15151537701957,0.125186719043148,-0.179832948055524,0.0193742459766789
-0.429707644914091,-0.611527871035306,0.00546447972575625,-0.434678743674628,0.256335215859602,-0.304524643720099,0.0814715247663068,-0.137605768659308,0.136612491022165,-0.164929665096461,0.0362646145221138
-0.511674999033664,-0.550424761279779,0.0601092787949566,-0.491807949832347,0.215103000899182,-0.261801773644016,0.0630907539428659,-0.0760060744447745,0.137109263716979,-0.0407356401279068,0.196226340593914
-0.484849319495216,-0.574766650514954,0.039741671876958,-0.491807949832347,0.241432005644537,-0.269750214585928,0.0521616469585134,-0.0919027697191994,0.127173809822331,-0.0760067431892822,0.185794054121092
-0.461997814692535,-0.583211795756175,0.039244900976801,-0.481872435705997,0.253851347509997,-0.274717990174932,0.0372583192532928,-0.0685544985456664,0.110780310894935,-0.111774622315556,0.179335972025953
-0.483359003966744,-0.602585952466753,0.0233482321837455,-0.484356314237939,0.270741652453299,-0.275214767733508,0.0223549915466429,-0.0745157592685183,0.0963739027517851,-0.12965856186606,0.188277931847277
-0.491307353462798,-0.624940748679085,0.0193740649819504,-0.487336968475072,0.278690031249928,-0.281672875994053,0.0188775484163834,-0.0715351289055305,0.0844513580725053,-0.134129546757262,0.194239238397394
-0.507204052456816,-0.637360079904482,0.00298062529336043,-0.497272482603223,0.287631957398843,-0.292601982284417,0.0288131002198639,-0.0774963896306135,0.0789868584311834,-0.116245607194497,0.187781156305924
-0.475907426332593,-0.670643887595712,-0.0278191704969855,-0.50025313684051,0.318928698903248,-0.299060090548581,0.0109291069783149,-0.112767182249181,0.0710384953133265,-0.13810375556352,0.150026214822583
-0.471933251583081,-0.677598713076043,-0.0238450033000948,-0.490814398419622,0.335322230175582,-0.316944082649323,-0.00298066554188957,-0.13462513823897,0.083457812672915,-0.135123098971708,0.151019765913394
-0.46944939236631,-0.680579352569218,-0.0322901085948423,-0.502737015366302,0.325386756677882,-0.319427970441994,0.00943877421648036,-0.127670334060228,0.0824642672834799,-0.11425850283032,0.144561683823946
-0.468952620522922,-0.67710193982676,-0.0491803191924662,-0.533040333449707,0.328864172402029,-0.312969862179841,0.000496777592276146,-0.130154192696702,0.072032040693631,-0.110284294039667,0.133135846277274
-0.403875509085169,-0.752611473804136,-0.111773452659371,-0.491807949892089,0.38003186086097,-0.365628283425477,0.0342776537127731,-0.176353963375472,0.0705417226092332,-0.237458975599538,-0.0218581243416399
-0.422256067289523,-0.770992084021681,-0.131644288657066,-0.47690467871723,0.389470560684695,-0.381525165301382,0.0298066554026539,-0.196721604177278,0.0774965403348637,-0.248884825875868,-0.0531549837343565
-0.455539780801809,-0.79036624073695,-0.14704418655585,-0.493298277022948,0.387483465985647,-0.392454271593561,0.0392454296147158,-0.208147353903918,0.0769997676403465,-0.228020229725377,-0.0526582081886349
-0.430204416777557,-0.801295252205748,-0.173869815115664,-0.484356314306454,0.405864091971318,-0.413318929044425,0.0422260951551883,-0.214108614624985,0.0928964938679836,-0.250375154144702,-0.100845436077382
-0.417288348845607,-0.81172749042891,-0.215101799787985,-0.488330519955244,0.421760849575077,-0.411331818810597,0.0506713141868307,-0.228514994708625,0.0849481307532149,-0.284155928851211,-0.14704556180415
-0.411823858567179,-0.813217810175397,-0.220069508781891,-0.509195099607611,0.413812470775822,-0.410338263693498,0.0541487573191743,-0.229011766435635,0.0928964938684588,-0.319427031864952,-0.134129397619564
-0.421759295434861,-0.797817839460045,-0.206656694491889,-0.498762809775079,0.408844734025468,-0.421764147541211,0.0804779695968198,-0.214605386359543,0.0963739027320534,-0.321414136261145,-0.13065196880108
-0.411823858559225,-0.80576621143436,-0.24143065743808,-0.508201548195967,0.404373770949719,-0.40189304520623,0.0829618575461717,-0.219573103626603,0.100844856983777,-0.344265836788881,-0.147542337339568
-0.41579803330598,-0.788379147717399,-0.226030759544997,-0.513666080960718,0.391457655410884,-0.382021942857637,0.0710391953779937,-0.222056962262147,0.0993545388997353,-0.337807747503334,-0.118232580151183
-0.414307717775777,-0.807256531168581,-0.22553398864527,-0.498762809778141,0.402386676262566,-0.407854375895793,0.0789876368215402,-0.244411689976467,0.0914061757880546,-0.345259388985265,-0.122206784514036
-0.422256067270453,-0.795830746441829,-0.222553363246498,-0.517640286598651,0.396425392162797,-0.408847931012522,0.0730263057374512,-0.253850352790122,0.0948835846518572,-0.310485062063446,-0.107800293695166
-0.406359368283434,-0.793843653446219,-0.242920970123777,-0.516646735186582,0.394438297462656,-0.414809261713264,0.0829618575390262,-0.260805156961577,0.106806129331137,-0.327375449418454,-0.103826089329977
-0.396920703260584,-0.798314612685318,-0.237456490225557,-0.527575800715944,0.395431844812152,-0.406364043215199,0.0779940816374051,-0.261798700415757,0.128167355208782,-0.331846434309378,-0.102335762692755
-0.442623712860459,-0.788379147713951,-0.204172839970079,-0.559866221616964,0.367115745328508,-0.397918824725374,0.103826516339459,-0.246895548609744,0.120715764787684,-0.298065659623218,-0.0571291880781322
-0.470939707936187,-0.796327519689549,-0.188276171190755,-0.555892015968174,0.357180271824518,-0.398415602283847,0.0963748524878316,-0.255340667964272,0.141083445276888,-0.294588226935045,-0.0357678396342788
-0.467959076874888,-0.796327519689549,-0.160457000809087,-0.549930707498385,0.364631876948716,-0.397918824725282,0.0919038541749256,-0.251863265874944,0.138102809108226,-0.272730078594632,-0.0466969016370486
-0.456036552633352,-0.7983146126858,-0.161947313508418,-0.562350100155518,0.363141555923876,-0.374073501906475,0.0755101936962353,-0.248882635513072,0.14307053605748,-0.284652704968322,-0.0223548998943099
-0.486339635095753,-0.77347595025471,-0.128166892361523,-0.568808184335555,0.359664140199059,-0.373576724347889,0.096374852482544,-0.228514994710249,0.146051172225964,-0.242923512683811,0.00894195946530613
-0.505216965137047,-0.770992084008094,-0.126179808761557,-0.556388791686141,0.370096387364323,-0.379041277495397,0.0869360782709346,-0.231992396799491,0.151018899173288,-0.237458975594678,0.0064580817361633
-0.520120120436383,-0.760063072538709,-0.124192725162523,-0.575763044221234,0.346251250969185,-0.346750736193344,0.071535972976832,-0.212121527721335,0.167412398095294,-0.228517005816082,0.0293097568310735
-0.515649173845837,-0.776456589753148,-0.133631372257119,-0.5593694459308,0.356683498145073,-0.326382856292167,0.0511680917858002,-0.209637669086596,0.162941443841967,-0.232491214609707,0.0452065742958745
-0.517636261219586,-0.785895281480389,-0.112270223580421,-0.560859773048884,0.352212535070554,-0.29906009056824,0.058122978049737,-0.185295854475876,0.155489853416415,-0.233981542905164,0.0183806948429364
-0.520616892279692,-0.77049531076338,-0.0958767838768603,-0.550427483225537,0.353206082420105,-0.281176098444853,0.0531552021493067,-0.17933459375005,0.137606036400703,-0.222555692626698,0.0278194302140486
-0.485842863241412,-0.761553392284581,-0.0769994896776523,-0.544466174755593,0.36512865061833,-0.263788883897594,0.0312969881685493,-0.176353963387508,0.156980171502506,-0.2126201706511,0.015400041575632
-0.470442936097634,-0.742676008836952,-0.0725285515812053,-0.548440380404384,0.351715761396619,-0.243917781550651,0.030800210578536,-0.156979866039448,0.143070536043762,-0.164929665162282,0.0471936765021213
-0.487333178775173,-0.740688915841609,-0.0943864711700381,-0.540988744814542,0.357677045498193,-0.246898446901888,0.0248388794961619,-0.157476637766532,0.136115718318963,-0.169400650051719,0.0476904520475995
-0.497268615643385,-0.744663101833469,-0.0854445949723996,-0.536020987752654,0.344264156280173,-0.253853332726494,0.0412325399748522,-0.159463724674497,0.13661249101397,-0.170890978348012,0.0203677970318452
-0.496771843799937,-0.751121154068766,-0.0769994896768185,-0.527079025041255,0.349728666705187,-0.256833998077855,0.035271208890906,-0.165424985399431,0.122702855565619,-0.179832948129395,0.0258323280351031
-0.489817037996363,-0.772979177027525,-0.0849478240755041,-0.526085473628954,0.358173819176721,-0.270246992161903,0.0253356570938562,-0.14952829012937,0.128167355209391,-0.179832948129395,0.0258323280351031
-0.473423567166765,-0.760063072555369,-0.0854445949752808,-0.508698323918874,0.377547992495371,-0.291608427181984,0.0337808761246889,-0.169399159207525,0.123199628261621,-0.178342619832637,0.0273226546724429
-0.485842863250291,-0.743669555340929,-0.0839542822764284,-0.525091922209308,0.361651234896425,-0.294589092534459,0.0486842038234789,-0.174366876476693,0.126180264430372,-0.194736231099356,0.0208645725761658
-0.502733105922872,-0.711379294148814,-0.072031780679577,-0.528569352151054,0.351218987726854,-0.303531088592996,0.0476906486427736,-0.187779713102607,0.116741583229468,-0.178839395943022,0.0685550249565597
-0.498262159332624,-0.73770827633462,-0.0859413658834565,-0.511678978139321,0.352709308751284,-0.341782960618406,0.077497304063219,-0.201192549733207,0.113760947062053,-0.202684648691889,0.0620969428601561
-0.529558785468537,-0.736217956587734,-0.100347721984452,-0.494788604131088,0.33879964585412,-0.361157285398833,0.0794844144241532,-0.210631212546391,0.0928964938764317,-0.209142737976497,0.0735227804072756
-0.527074926251202,-0.726779264856685,-0.105315430980443,-0.474917575878903,0.338302872179434,-0.381028387745776,0.0953812973104842,-0.217089244997839,0.104322265859546,-0.22702667754595,0.0596130651220326
-0.532042644684315,-0.730256677598393,-0.0943864711889937,-0.479388557233155,0.333335135427986,-0.360660507838257,0.090910298999829,-0.218579560179017,0.120218992091934,-0.218581483865201,0.0854453935003111
-0.531049100997613,-0.755095340028147,-0.108792827283233,-0.47342724875719,0.354696403446572,-0.360660507838257,0.0839554127345583,-0.213611842908734,0.114257719752829,-0.22752345364101,0.10730351751056
-0.5320426446845,-0.767514671243525,-0.102831576484219,-0.474917575876046,0.344760929947778,-0.370596059006778,0.0735230833417792,-0.208147353910946,0.125186719032696,-0.231994438530447,0.0973680065964212
-0.526081382566117,-0.764037258501817,-0.121708870668518,-0.48137566005508,0.341283514223726,-0.373079946799295,0.104323293928139,-0.215598929820367,0.126677037117673,-0.233484766827607,0.0750131070450822
-0.536016819433402,-0.788379147691813,-0.124689496066922,-0.482865987173704,0.346251250975448,-0.366125060980897,0.0953812973073643,-0.217586016727092,0.131644764065443,-0.255342915170745,0.073026004861982
-0.541978081552023,-0.792850106933558,-0.123695954267625,-0.484853089995835,0.347244798324972,-0.369105726333,0.105813626702894,-0.20466995182468,0.13810280909957,-0.230504110216784,0.101838986534995
-0.52260397966224,-0.832095193605819,-0.152508666447927,-0.486343417113533,0.370593161046174,-0.390467161348204,0.09488451971828,-0.198211919376293,0.134625400237431,-0.224542797030434,0.082961515790367
-0.528565241782451,-0.820669408888285,-0.164431168043602,-0.510188651008128,0.375064124120201,-0.367118616093212,0.0814715247737739,-0.191257115198592,0.145554399520564,-0.215600827252396,0.0943873533466618
-0.506210508830912,-0.843520978327346,-0.175856898737059,-0.526582249310449,0.386986692317113,-0.360660507834812,0.0884264110385445,-0.19423774555972,0.144064081436879,-0.229510558013321,0.103329313169737
-0.522107207818992,-0.847495164319954,-0.156979604545772,-0.56185332444392,0.398412486838368,-0.371092836560352,0.0864393006770862,-0.19374097383276,0.147044717607679,-0.252362258554824,0.108297068627876
-0.529062013624235,-0.852462896806974,-0.161947313542621,-0.560362997325952,0.398412486838368,-0.385996163323653,0.078490859238303,-0.192250658651582,0.146051172217709,-0.249878378059918,0.0948841288897172
-0.533532960214186,-0.836069379607084,-0.145057102948332,-0.57924047416015,0.388477013338207,-0.401396267642374,0.0839554127322478,-0.21311507117844,0.149031808386995,-0.230007334109134,0.0978647821653016
-0.535023275744467,-0.828121007630204,-0.156482833644892,-0.603582483751741,0.396922165811833,-0.381028387742465,0.0968716300764628,-0.219076331903225,0.137109263718405,-0.216594379438315,0.105316415350541
-0.520120120444335,-0.854946763049289,-0.149528041052736,-0.596627623866538,0.406857639310901,-0.38003483262549,0.0874328558596491,-0.248385863786558,0.134625400243518,-0.247891273657224,0.0938905778096865
-0.504223421455408,-0.835572606349652,-0.140586164856201,-0.616001876398119,0.405367318285241,-0.389473606235683,0.0983619628411197,-0.238450429250951,0.136612491023042,-0.237955751685547,0.0968712310843952
-0.482365460349131,-0.858424175790557,-0.148534499249198,-0.582221128393899,0.421264075885062,-0.390467161352968,0.0943877421183937,-0.251366494153363,0.13412862754808,-0.282168824485686,0.0452065743146817
-0.48981703800024,-0.845508071325348,-0.133631372264536,-0.572782389979855,0.408844734008322,-0.372086391689868,0.0978651852492367,-0.256830983148288,0.155986626122187,-0.300052764040277,0.0303033079472682
-0.493791212746518,-0.842527431832655,-0.111773452667071,-0.571788838568172,0.39642539213876,-0.376557389719183,0.0784908592336108,-0.273721221861349,0.163934989241707,-0.278691391779205,0.0154000415705141
-0.544461940750746,-0.81520490315221,-0.0774962605672398,-0.602092156605279,0.370593161055403,-0.362150840521088,0.0566326452664777,-0.248882635504977,0.159464034991453,-0.243917064861721,0.035767838957065
-0.555887693144237,-0.836566152847831,-0.073522093366818,-0.596627623842367,0.364631876956455,-0.339795850389362,0.0630907539419139,-0.253353581047172,0.158470489601127,-0.231000886297467,0.0263291035874317
-0.550423202868797,-0.851469350300875,-0.0536512573720657,-0.59315019389999,0.367115745332008,-0.336815185037444,0.0735230833309419,-0.264282559039885,0.16343821655157,-0.242923512670662,0.00298065294903738
-0.546449028122201,-0.847495164310831,-0.0576254245719968,-0.604079259427088,0.34625125099947,-0.331847409451843,0.0844521903231547,-0.252360037598643,0.158470489603058,-0.234975095085725,0.00248387740308226
-0.55936509604881,-0.846501617813481,-0.0655737589657782,-0.601595380898749,0.337309324851048,-0.335324852362811,0.0695488626190059,-0.260308385228914,0.172380125050577,-0.238949303877863,-3.25574012194352e-10
-0.576255338721842,-0.84004356558652,-0.0645802171667027,-0.604576035135573,0.343270608953113,-0.340292627947278,0.0625939763567363,-0.262295472134697,0.173870443135465,-0.216594379439965,0.0183806948513634
-0.589171406650863,-0.845011298075544,-0.0755091769619282,-0.591163091077332,0.341283514252425,-0.327376411427127,0.0799811920209552,-0.268256732856656,0.179831715475461,-0.200200768177673,0.0124193883022964
-0.609042280384372,-0.836069379602035,-0.0576254245732719,-0.612027670734021,0.326380304002182,-0.320918303164035,0.0789876368403928,-0.289121145373623,0.167909170800814,-0.165923217362215,0.0377549411281398
-0.602584246420164,-0.84501129807891,-0.0541480282752632,-0.604576035140706,0.314457735808551,-0.323402190957171,0.0770005264798396,-0.300546895085438,0.172380125058149,-0.18629103739421,0.0213613481340983
-0.589171406649777,-0.862398361779504,-0.0779930314713201,-0.598117950963513,0.31694160418178,-0.322408635839618,0.0864393006903177,-0.295579177818378,0.177844624705024,-0.206162081358618,0.00645808176610113
-0.552907062104744,-0.889224117211574,-0.120218557962775,-0.575266268513739,0.337309324840574,-0.335821629920881,0.106807181886232,-0.342275720142725,0.171883352373223,-0.225536349218883,-0.0432194728065391
-0.549926431045911,-0.886740250969166,-0.120715328862871,-0.562846875864968,0.34823834569015,-0.33482807480343,0.0948845197177681,-0.347243437410652,0.166915625422484,-0.223549244823764,-0.0392452684408057
-0.541481309709564,-0.883759611479519,-0.109786369057395,-0.565330754395301,0.338799645864867,-0.32489252362769,0.112271735377819,-0.353701469858072,0.160457580387199,-0.206162081360868,-0.017387144439547
-0.551913518418473,-0.899159582186174,-0.0923993875519012,-0.551917810338449,0.34823834567898,-0.295085870092425,0.0948845197110988,-0.349727296042738,0.163438216556128,-0.195233007177265,-0.017387144439547
-0.529062013622194,-0.905120861169475,-0.0998509510432208,-0.524098370799079,0.364631876954472,-0.313466639756288,0.103329738742134,-0.365127219567358,0.1674123981147,-0.212620170635104,-0.0392452684412338
-0.521113664129957,-0.922507924852302,-0.102334805540818,-0.507207996784284,0.363638329603991,-0.308498864171821,0.101839405971951,-0.368604621652001,0.170393034284876,-0.221065364314099,-0.0491807793493403
-0.503229877765505,-0.960759464973036,-0.114754078028189,-0.486840192826058,0.356186724478357,-0.315950527549682,0.0809747471766391,-0.39642383833088,0.163934989249977,-0.242923512661324,-0.0740195566220386
-0.510681455412837,-0.949333680250586,-0.0909090748185954,-0.487336968531893,0.350225440381706,-0.315453749990911,0.0779940816352377,-0.361153045729914,0.16542530733384,-0.233981542875297,-0.0486840037708863
-0.515649173846944,-0.956288505729608,-0.0829607404208906,-0.501246688303739,0.365128650624975,-0.321911858251858,0.0695488626050124,-0.353204698104997,0.145057626837939,-0.197220111585437,-0.0124193889516809
-0.522107207811066,-0.959269145219495,-0.074515635125518,-0.507207996775072,0.382018955571996,-0.335821629893852,0.066568197064397,-0.361649817458262,0.141083445276397,-0.216594379434835,-3.12291525972341e-10
-0.520616892281063,-0.968707836936329,-0.0561351118401254,-0.474420800169156,0.379038313522932,-0.338305517685853,0.065574641883644,-0.348733752570995,0.169399488871492,-0.222555692619451,0.00943873504902337
-0.512668542789673,-0.969701383433332,-0.0576254245403386,-0.481872435759383,0.367612518998532,-0.346750736182866,0.0750134160997789,-0.354695013290872,0.175360761212558,-0.219078259927594,-0.0084451845918726
-0.518629804909646,-0.966720743943204,-0.0874316785412955,-0.484356314289394,0.378044766174132,-0.364634728296229,0.0700456401954185,-0.350720839477323,0.172380125043272,-0.242426736574859,-0.017883919958363
-0.51465563016374,-0.979636848396952,-0.104818660046789,-0.490814398466086,0.383012502920385,-0.385996163333604,0.0750134160987069,-0.356185328473203,0.177347851992675,-0.264781661035978,-0.0312968596954711
-0.531049100997274,-0.997023912087259,-0.0760059478650646,-0.518137062299751,0.373077029418309,-0.375563834607198,0.0794844144106483,-0.337804774587603,0.188276851283648,-0.240439632191464,-0.0149032666959718
-0.526081382563765,-0.968707836938279,-0.0774962605634757,-0.541485520492743,0.369599613692056,-0.366621838552558,0.0928974093461508,-0.338301546313931,0.186289760503471,-0.226033125325499,0.00794840839849098
-0.518133033065696,-0.994043272559065,-0.0993541801226407,-0.523104819341144,0.404870544647241,-0.391957494019931,0.103329738741181,-0.354695013267215,0.188276851283173,-0.286639809274685,-0.0546453102208577
-0.523100751496423,-1.01937870823844,-0.136611997625216,-0.529066127810161,0.416793112842512,-0.412822151479457,0.112271735366671,-0.381023914792158,0.184302669726502,-0.315949599116402,-0.104819640352492
-0.533532960205889,-1.02335289422527,-0.14356679022338,-0.541982296160702,0.416296339167539,-0.39642849204442,0.123697619937798,-0.380527143065496,0.199702623269881,-0.309988285928937,-0.110780946901675
-0.542474853385133,-1.01639806874812,-0.131147517723748,-0.552911361686667,0.395928618498094,-0.383015497961208,0.137110614873943,-0.368107849897691,0.184799442422563,-0.263788108723687,-0.0859421696046526
-0.538003906794765,-1.01739161524435,-0.124192725124898,-0.553408137393236,0.401393128921754,-0.380034832610775,0.12419439752849,-0.378540056153441,0.170393034271662,-0.267762317512606,-0.0874324962408831
-0.546945799972459,-1.02335289422525,-0.125683037825001,-0.554898464510934,0.393941523801042,-0.382021942844933,0.122207287166841,-0.385991632050778,0.170889806966848,-0.254349362839278,-0.070045352145738
-0.547939343659029,-1.03179803944603,-0.107302514529628,-0.54247907185766,0.384999597650158,-0.388976828663187,0.107303959460906,-0.401391555573861,0.171386579661691,-0.26527843700676,-0.070045352145738
-0.547939343659029,-1.0342819056861,-0.116244390726605,-0.536020987680968,0.394438297471804,-0.404873710539092,0.0953812972950142,-0.408346359748266,0.159960807680284,-0.262794556512113,-0.070045352145738
-0.551913518405465,-1.04173350440551,-0.120715328826472,-0.530059679211488,0.397915713196909,-0.408847931006831,0.0884264110324111,-0.422255968095687,0.149528581084199,-0.279684943876244,-0.0611033923233637
-0.607055192980286,-1.02384966744695,-0.0615995917048734,-0.565330754300204,0.365128650668033,-0.389473606210316,0.0829618575391214,-0.370094936763573,0.14505762682967,-0.224046020726188,-0.0228516752713363
-0.64530662492418,-1.00795292353208,-0.0387481303470005,-0.607556689351956,0.338302872188799,-0.375067057026275,0.0576262004460159,-0.345256350465452,0.146547944914602,-0.154994143099761,0.0680582494408293
-0.614506770642992,-1.02384966747003,-0.0307997959522384,-0.587685661114694,0.355689950821021,-0.35072495665506,0.054645534903757,-0.353701469815135,0.172876897745258,-0.186787813395919,0.0586195140806236
-0.628913154094117,-1.04123673115239,-0.026328857853695,-0.591659866759265,0.341780287927303,-0.362647618063473,0.0382518744341056,-0.343269263552357,0.169896261574458,-0.185794261197863,0.0576259629892293
-0.628416382250882,-1.06259798082388,-0.0312965668544675,-0.574272717055938,0.366618971673605,-0.37307994679551,0.0303034329894158,-0.346249893913336,0.185792987812072,-0.212620170553715,0.025335552507843
-0.641332450177146,-1.06607539356026,-0.0397416721527583,-0.59364696960207,0.365128650648807,-0.376557389704312,0.0322905433497307,-0.32389516621575,0.204670350219239,-0.20367820077772,0.0417291455111951
-0.621461576446023,-1.08296568399568,-0.0675608425344261,-0.576259819888387,0.395431844825551,-0.38599616331431,0.0183807708235243,-0.315450046865224,0.192251032844062,-0.224046020834255,0.000496775247801062
-0.61649385801291,-1.08942373622073,-0.0963735547197058,-0.594640521012376,0.390464108076974,-0.377054167261898,0.00645810866649285,-0.30352752542904,0.198709077878382,-0.202187872494296,0.0089419595229166
-0.639345362796083,-1.08594632348454,-0.095876783819978,-0.605569586540889,0.397418939527662,-0.367118616090695,0.0129162173388325,-0.305514612335566,0.212618713335048,-0.214110498866252,0.0158968171634947
-0.661700095736887,-1.06806248655291,-0.0899155330199339,-0.631401923228593,0.399406034228022,-0.368608948765927,0.0178839932404536,-0.293592090895515,0.198709077883786,-0.1922523505104,0.0213613481676088
-0.623448663833296,-1.10830111968533,-0.123199183353455,-0.601595380904345,0.425238265306402,-0.389473606238446,0.0183807708306932,-0.333830600792336,0.204173577528375,-0.234478318984342,-0.020864573250152
-0.59612621244881,-1.10482370695213,-0.120218557957038,-0.582717904069169,0.438651154541035,-0.397422047168644,0.0511680917806071,-0.352707926381733,0.201689714053562,-0.25931712390889,-0.0625937190601136
-0.609539052219555,-1.10184306746481,-0.114754078058818,-0.589175988248537,0.422257623258774,-0.395434936933166,0.0447099831071837,-0.340785404945846,0.206657441007419,-0.204174976962072,-0.0347742885146913
-0.589171406649092,-1.09637856173783,-0.125186266953874,-0.571292062841485,0.435173738802585,-0.39990593495979,0.0591165332161867,-0.360159502286655,0.224044485344622,-0.218084707731089,-0.0437162483354895
-0.576255338722656,-1.09935920122491,-0.119721787052957,-0.591163091072572,0.436167286153148,-0.402389822752462,0.0606068659868337,-0.368604621640341,0.215102576834093,-0.249381601941546,-0.0655743723303272
-0.582216600840959,-1.09687533498471,-0.108792827254495,-0.581724352655106,0.436167286153148,-0.40934470856855,0.0685553074299992,-0.382514229988456,0.194238123648471,-0.264781660998125,-0.0601098413268554
-0.597119756140296,-1.07601085856223,-0.072528551570784,-0.606563137955543,0.417289886496086,-0.386989718433576,0.0779940816431925,-0.386488403800914,0.198212305207518,-0.251368706328699,-0.0149032666971831
-0.594635896923491,-1.0958817884713,-0.0601092790821865,-0.598614726660844,0.448089854359304,-0.39891237983605,0.116245956087968,-0.404372185952514,0.205663895634852,-0.268259093684058,-0.0536517592304518
-0.545952256281589,-1.12618495657897,-0.0501738610850555,-0.588679212544271,0.450573722735199,-0.395931714483885,0.127671840667038,-0.406359272858842,0.212121940672261,-0.266271989289145,-0.0774969854187804
-0.534526503891298,-1.15052684573166,-0.0630899044829196,-0.558375894503242,0.445605985984708,-0.387983273548242,0.126181507896427,-0.422255968110658,0.227025121513343,-0.29409145082949,-0.111774498061482
-0.53651359126388,-1.15599135145893,-0.0650769880831796,-0.558872670209025,0.441631796585628,-0.386492940872237,0.144562278743662,-0.40884313148742,0.222057394563643,-0.286639809339508,-0.117239029063348
-0.540984537855441,-1.13065591581158,-0.0387481303956563,-0.580234025573762,0.43219309675281,-0.366621838541793,0.144065501153125,-0.3800303713701,0.226528348818574,-0.240936408258401,-0.101342211620028
-0.523597523336881,-1.13810751452898,-0.0387481303956563,-0.593150193925976,0.429709228378009,-0.361654062952376,0.143568723562945,-0.394436751437565,0.207154213706926,-0.255839691229539,-0.133135846526592
-0.544461940750387,-1.13463010179279,-0.0218579198009506,-0.606066362277185,0.428715681028157,-0.358673397601386,0.145059056333413,-0.388972262445912,0.180825260860531,-0.244910617054564,-0.118232580156843
-0.544461940750387,-1.11376562537312,-0.00496770918873499,-0.591659866811699,0.425238265301425,-0.364634728302747,0.159962384045779,-0.388475490719324,0.180328488165643,-0.208149185755541,-0.11674225352143
-0.534526503886018,-1.11525594511728,0.00546447971533351,-0.624447063399785,0.435173738802407,-0.363144395628041,0.162446271997394,-0.377049741005514,0.188773623975716,-0.167413545648817,-0.125187437799027
-0.521610435960271,-1.13711396803548,0.0084451051169005,-0.618982530636449,0.43815438085221,-0.365131505863107,0.159962384046137,-0.382514229996348,0.189270396670664,-0.179336172022012,-0.150522990623382
-0.521610435960271,-1.13065591581738,0.00298062522097359,-0.605072810862801,0.429212454692957,-0.354202399577732,0.14108483561002,-0.376552969280933,0.173870443124522,-0.170394202247131,-0.125684213365275
-0.552410290251319,-1.08942373624884,0.00695479242119923,-0.610537343627553,0.419276981191428,-0.348737846431132,0.127671840670016,-0.354198241573307,0.151515671851875,-0.155490919280018,-0.112768049182714
-0.530055557303656,-1.08048181778832,0.0183805231188867,-0.609047016509546,0.430702775719602,-0.349731401548231,0.131149283801609,-0.344262807042409,0.156980171496953,-0.149529606095526,-0.105316416003458
-0.528565241774229,-1.069056033084,0.0312965665240834,-0.59315019391809,0.431199549394439,-0.348737846430843,0.119723399218978,-0.33929508977225,0.158967262276655,-0.160955456379215,-0.0924002518153309
-0.533532960208667,-1.07700440505553,0.030303024723929,-0.596130848153139,0.417289886491916,-0.34178296061129,0.121213731990626,-0.320417764155538,0.157476944191545,-0.165426441271439,-0.061103392444682
-0.543965168920776,-1.06259798086584,0.0412319845248191,-0.595137296741739,0.427225359993171,-0.363641173197011,0.116742733679542,-0.294088862645047,0.155986626106969,-0.156981247588934,-0.0213613488052509
-0.52260397966395,-1.06210120761776,0.0337804210254076,-0.581227576978537,0.430702775717893,-0.378544499948246,0.11425884572882,-0.273721221844765,0.144560854130001,-0.155987695390962,-0.0347742885384184
-0.540487766022438,-1.05166896939908,0.036761046429035,-0.590169539682526,0.410831828720851,-0.336815185007538,0.0884264110341977,-0.241927831317336,0.150025353774589,-0.153007038796672,0.023845225857298
-0.53204264468564,-1.04223027768403,0.0298062538257218,-0.568808184336044,0.390464108049724,-0.322408635813929,0.0784908592295263,-0.24441168995133,0.151018899164291,-0.168903873968529,0.0273226546771445
-0.527074926251467,-1.03875286494877,0.0317933374270118,-0.561356548747167,0.387483465999922,-0.332344186986782,0.0904135213982761,-0.239940744413486,0.154496308029341,-0.168903873968529,0.0158968171371853
-0.52856524178157,-1.03477867896728,0.0576254242208275,-0.582221128403856,0.380528634545789,-0.332344186986782,0.0928974093494141,-0.223547277436892,0.164431761928444,-0.174368411053575,0.0129161638649284
-0.53750713495807,-1.05117219615615,0.0675608422248249,-0.585698558344252,0.376057671471885,-0.349731401539815,0.0953812973006117,-0.218579560165122,0.182812351639312,-0.165923217368088,0.0327871856970977
-0.577248882411307,-1.02484321399725,0.0720317803256858,-0.606066362280325,0.353206082422771,-0.346750736188393,0.0933941869396298,-0.205663495267543,0.171883352350953,-0.144065069012235,0.0710389027184049
-0.577248882411307,-1.03279158596622,0.0750124057280623,-0.626434166223254,0.355689950797162,-0.348737846423128,0.0784908592326227,-0.228018222973496,0.175857533911069,-0.132142442629132,0.0620969428951547
-0.596622984299281,-1.03974641143851,0.0928961581383477,-0.617988979222746,0.366618971648242,-0.344763625953905,0.0774973040515124,-0.2404375161444,0.166915625403212,-0.150026382189667,0.0432194721590309
-0.604074561948999,-1.03229481271529,0.0874316782371606,-0.601595380927217,0.3586705928468,-0.334331297222301,0.0973684076637134,-0.258321298306262,0.182812351645578,-0.155490919278687,0.031793634606317
-0.615997086186878,-1.04769478339958,0.0859413655376094,-0.59315019392321,0.381522181911639,-0.331350631872796,0.110284625010715,-0.274217993566803,0.192747805538148,-0.165923217355341,0.024838776969689
-0.625932523048994,-1.05464960887935,0.081470427432334,-0.582221128395546,0.389967334382709,-0.358673397616008,0.113265290550759,-0.300546895100944,0.191257487453082,-0.166916769553479,0.000993550758474682
-0.630900241482637,-1.07899149802942,0.0968703253429015,-0.567317857209495,0.420270528560287,-0.372086391693095,0.112271735370554,-0.311972644813329,0.178341397391583,-0.173871634937843,-0.00596130688074148
-0.63388087254322,-1.07153989930881,0.101838034346985,-0.56284687585478,0.428218907360854,-0.352712066902211,0.106310404285321,-0.31296618826627,0.190263942077277,-0.17635551543151,0.0238452258429944
-0.664680726818656,-1.0630947540953,0.112270223253886,-0.573279165674614,0.409341507713145,-0.339299072817886,0.111774957778873,-0.309488786178591,0.188276851296982,-0.158471575875804,0.0591162895871506
-0.651764658896355,-1.05216574263767,0.114257306855274,-0.570298511440029,0.405864091989763,-0.328369966528882,0.11872984404381,-0.328366111804723,0.191257487468227,-0.16542644126407,0.0576259629491979
-0.617487401720453,-1.10035274769243,0.113263765054997,-0.542479071912184,0.434180191467952,-0.33085385432176,0.122207287175654,-0.334327372527723,0.191257487468227,-0.190265246212354,0.0173871437465419
-0.617487401720453,-1.10283661393204,0.0983606380475294,-0.537511314854927,0.449580175396805,-0.339299072817546,0.135123504521107,-0.30998555791336,0.191754260163309,-0.219078259961344,-0.00695485797855733
-0.617984173563602,-1.09439146871535,0.0904123036409961,-0.558375894496488,0.435173738821769,-0.340292627934913,0.113265290548734,-0.285146971563805,0.179334942799266,-0.195729783310199,0.0208645725848448
-0.618480945406864,-1.10333338718284,0.0928961581413518,-0.576756595614765,0.440638249247384,-0.350724956666517,0.0884264110364602,-0.265772874221063,0.170393034286064,-0.194736231112288,0.0312968590458142
-0.617984173563695,-1.12121722409043,0.0933929290411898,-0.595137296736374,0.429709228386678,-0.359170175155817,0.0740198609191686,-0.258818070046138,0.167909170812365,-0.193742678914708,0.0387484922279883
-0.653751746245375,-1.11177853236725,0.108792826963543,-0.627924493300688,0.424741491638511,-0.342776515713633,0.076006971279436,-0.225534364327354,0.157973716915341,-0.154994143156738,0.104322864362786
-0.661203323894595,-1.11475917185281,0.0884252200520799,-0.648789072957917,0.421760849586001,-0.341286183038772,0.0789876368201943,-0.217586016702041,0.172380125061505,-0.162942560736391,0.115748701913934
-0.683061284998248,-1.12668172980434,0.0655737586434499,-0.654750381430639,0.432193096767058,-0.374073501906464,0.0844521903149252,-0.2165924732491,0.148535035698669,-0.154497367056869,0.100845435547688
-0.665674270491051,-1.12966236929191,0.0417287554356218,-0.650776175785657,0.4580253278689,-0.395931714484472,0.0715359729688524,-0.194734517255492,0.133135082159432,-0.156981247551517,0.0750131071668796
-0.706409561615407,-1.12519141005738,0.0213611485306949,-0.660711689899142,0.463986611966536,-0.408351153448862,0.0516648693609388,-0.185295854444664,0.125683491732321,-0.141084412375366,0.0770002093508361
-0.7267772071875,-1.10035274767371,0.012419272330408,-0.688531129426986,0.465476932992934,-0.417293149501089,0.0516648693609388,-0.173373332996878,0.112270628979155,-0.139097307980453,0.0924002512603616
-0.738202959578248,-1.08594632347936,0.0193740649325195,-0.684060148074355,0.47094144342246,-0.423254480202202,0.0422260951461616,-0.169399159179462,0.114754492454785,-0.11823271182086,0.120716457350961
-0.758570605141648,-1.10482370689958,0.0134128141296797,-0.685550475190741,0.486341427347923,-0.435673919165818,0.0620971987564572,-0.168405615724835,0.129657673292749,-0.121710144515028,0.115251926345027
-0.764035095417087,-1.11326885211491,0.0168902104306926,-0.687040802307667,0.501741411283558,-0.445112692776208,0.0730263057381897,-0.162444355000198,0.123199628258429,-0.111277846434473,0.117239028528555
-0.748635168275569,-1.10084952093092,0.015399897731215,-0.68207304524951,0.51614784787406,-0.4431255825437,0.0829618575421465,-0.171386246081799,0.125186719037358,-0.138103755754657,0.0899163735379508
-0.707403105320054,-1.16294617691598,-0.0173869817022106,-0.631401923262861,0.532044605473005,-0.477403234091822,0.0874328558534447,-0.197715147625137,0.120715764785635,-0.184800709096244,-0.00496775578408426
-0.724790119829105,-1.15847521768746,-0.0149031272019164,-0.632395474674544,0.524593000343885,-0.489325895488109,0.082961857542468,-0.171883017820956,0.12618026443055,-0.165923217340254,-0.00844518460454358
-0.72578366351533,-1.16493326990799,-0.016393439901578,-0.651769727198098,0.498263995565195,-0.475416123852756,0.0720327505544474,-0.143567029391296,0.128664127904249,-0.14158118848259,0.0298065324197605
-0.733732013005341,-1.17089454888168,-0.0278191705953176,-0.645808418729081,0.486341427359751,-0.475416123852756,0.0690520850141892,-0.172379789559655,0.132638309461396,-0.13065211430421,0.038748492240909
-0.710383736390732,-1.19374611829124,-0.0332836504931328,-0.6403438859673,0.501244637612454,-0.453061133712212,0.0710391953741231,-0.190760343450299,0.139593127193262,-0.14108441238975,0.0317936345977426
-0.731248153794498,-1.19722353102697,-0.0372578176919852,-0.642330988789174,0.487334974704188,-0.448093358128055,0.0730263057354385,-0.184302310996434,0.136115718333097,-0.0943874590617483,0.0561356363447721
-0.74118359065317,-1.2041783565015,-0.0546447991927577,-0.651272951493395,0.478393048547643,-0.4351771416071,0.0834586351309687,-0.200199006261339,0.137606036418653,-0.0933939068632183,0.0591162896193054
-0.733235241166339,-1.1947396647938,-0.0601092790938099,-0.633885801795021,0.476405953846845,-0.439648139632424,0.0755101936845638,-0.206657038715526,0.135122172944731,-0.099355220052045,0.0516646564312935
-0.734725556695864,-1.19622998453728,-0.0586189663931919,-0.64034388596703,0.470941443416567,-0.421267369966652,0.07501341609436,-0.224540820884082,0.146051172235051,-0.0919035785631473,0.0278194302392289
-0.743667449875585,-1.20020417051707,-0.0496770901946706,-0.635872904613589,0.457528554176766,-0.420273814850336,0.0660714194705846,-0.227521451243723,0.129657673315985,-0.0665679975393183,0.0332839612349957
-0.741183590659941,-1.15251393873914,-0.0322901086835978,-0.655743932859599,0.469451122385164,-0.409344708564962,0.0710391953731584,-0.214605386340021,0.142076990684852,-0.0347743271889995,0.0630904939680714
-0.754596430418521,-1.14307524703093,-0.0203676070779178,-0.666672998384715,0.459018875209563,-0.398912379843536,0.077000526454675,-0.226031136065235,0.137606036429788,-0.00596131342743747,0.0606066162394637
-0.762544779907366,-1.13313978207533,-0.00397416737557094,-0.661705241329259,0.472928538106727,-0.40437693298696,0.0839554127191121,-0.222553733974605,0.148535035718475,-0.00695486562619455,0.0462001254053561
-0.774964075982113,-1.14406879352209,0.0178837522181172,-0.661705241329259,0.467464027681864,-0.41580281682661,0.105316849100436,-0.22305050570128,0.15002535380265,-0.0144065071119958,0.046696900951068
-0.778441478883089,-1.14208170053107,0.044212609921237,-0.66021491421214,0.471934990760074,-0.441138472317648,0.105813626690449,-0.197218375904189,0.146547944936353,-0.00149032852922656,0.0625937184239651
-0.739693275123935,-1.16642358966282,0.0491803189199251,-0.637860007454193,0.485347879992861,-0.452564356159669,0.0899167438052615,-0.21212152771764,0.175857533923377,-0.0362646554842813,0.0168903682242974
-0.717338542188198,-1.17784937436529,0.0630899041193414,-0.630905147573493,0.485844653668108,-0.467964460472317,0.0909102989860621,-0.216592473258608,0.151018899181559,-0.0452066252695652,0.0158968171327472
-0.699951527679842,-1.18877838581587,0.0844510528318905,-0.621963184865336,0.484354332642653,-0.463990240005403,0.0829618575427062,-0.223547277437698,0.158967262299416,-0.047690505764471,0.0183806948618413
-0.715351454814787,-1.17586228136838,0.091902616336636,-0.619479306337897,0.462496290938086,-0.462003129770421,0.0799811920017335,-0.208147353904624,0.152509217263358,-0.0481872818638032,0.048187227605425
-0.737706187754698,-1.15648812470885,0.107799285143817,-0.633389026100738,0.468954348718969,-0.452564356163361,0.088923188625509,-0.203179636638308,0.15797371690125,-0.0407356403810983,0.0690518005091796
-0.757577061475221,-1.17387518839215,0.0899155327326481,-0.627924493335138,0.465973706666131,-0.449583690811938,0.091903854167625,-0.216592473268908,0.157476944206317,-0.040238864281539,0.0630904939597625
-0.724790119834609,-1.2061654494792,0.0660705295283514,-0.608053465103022,0.490315616751912,-0.436667474293396,0.0973684076605216,-0.220069875357889,0.150025353783883,-0.0914068024893584,0.036264614506299
-0.718332085875052,-1.21659768768245,0.0620963623265562,-0.603582483752011,0.493793032477878,-0.422260925094404,0.0859425230844647,-0.231495625081962,0.147541490308551,-0.10780041376289,0.0203677970436772
-0.704919246114146,-1.21212672845501,0.0615995914264362,-0.614511549277128,0.49081239042865,-0.407854375904384,0.0740198609154292,-0.231992396808625,0.132638309472813,-0.105316533267881,0.0417291455184893
-0.713861139286593,-1.1967267577674,0.0700446967347328,-0.616001876394247,0.482367237948514,-0.400402712527451,0.0685553074259383,-0.244411689984487,0.127173809827245,-0.116742383552994,0.0377549411493308
-0.739196503287524,-1.1902687055519,0.084451052837862,-0.633389026097124,0.473425311792216,-0.379538055072688,0.0765037488670078,-0.25434712452059,0.116244810537905,-0.10978751816603,0.064084045058649
-0.770989901236545,-1.1475462061934,0.1157476195717,-0.649782624383313,0.451070496419621,-0.36165406296675,0.055639090080199,-0.21758601670949,0.13164476407346,-0.0725293107052816,0.0998518843789741
-0.775460847825183,-1.1376107412386,0.1038251179619,-0.669653652618002,0.474418859165888,-0.367615393666873,0.0526584245397265,-0.222056962251908,0.135122172938718,-0.0809745043860314,0.0904131490097105
-0.774467304139249,-1.15400425842042,0.0889219909551675,-0.669156876912475,0.486838201040235,-0.368608948784385,0.0566326452611186,-0.223547277433048,0.122702855568737,-0.0879293697755971,0.0700453516311387
-0.765525410964895,-1.16791390935752,0.0735220930480212,-0.669156876912475,0.486341427364701,-0.380034832624035,0.0620971987553254,-0.21609570153125,0.128167355208425,-0.0844519370828734,0.0645808206308778
-0.751119027518573,-1.16990100234885,0.0889219909566881,-0.682073045265023,0.472928538133022,-0.392951049144186,0.0551423124910551,-0.209140897353548,0.139593127195638,-0.0894196980780011,0.0650775961766088
-0.7699963575576,-1.15897199091032,0.103328347055906,-0.691511783677845,0.462496290949381,-0.403383377871242,0.047193871047318,-0.198708691084783,0.145554399533318,-0.0655744453345835,0.110284170827529
-0.768009270185203,-1.15599135142428,0.124192724874086,-0.69002145656061,0.454051138473198,-0.413815706602412,0.0407357623766812,-0.207650582168614,0.139096354499191,-0.0670647736316199,0.115748701829182
-0.745654537239628,-1.18579774625343,0.104321888879334,-0.658724587085706,0.495780127207187,-0.426235145559842,0.0506713141837345,-0.207153810441952,0.161947898452785,-0.120716592266418,0.0322904102157897
-0.740686818810756,-1.18132678701914,0.0983606380731091,-0.659221362791387,0.49031561678097,-0.424248035325602,0.067561752246817,-0.217089244977063,0.163934989232784,-0.133632770843014,0.0223548992956185
-0.748635168297693,-1.17288164181085,0.0829607401701442,-0.658724587085809,0.511676884828366,-0.441138472314193,0.0660714194763843,-0.209140897348577,0.151515671867257,-0.150026382109052,0.0139097150198411
-0.721312716936893,-1.21908155390349,0.0367610464372997,-0.6164986520778,0.55936715765671,-0.451074023485809,0.0779940816377027,-0.243914918252705,0.15201244456219,-0.222058916480783,-0.0645808212003227
-0.732241697484638,-1.23646861757089,0.0253353157345359,-0.617492203488994,0.541483305337713,-0.436667474291303,0.0824650799485723,-0.24937940724763,0.146547944917111,-0.200697544223705,-0.0606066168347451
-0.740190046971363,-1.23100411184523,0.0253353157345359,-0.629414820418076,0.532044605512429,-0.450577245932141,0.0869360782610495,-0.254347124517293,0.150025353779771,-0.197716887628424,-0.0432194727321079
-0.725286891676003,-1.2334879780829,0.0134128141370962,-0.624447063361076,0.539496210646883,-0.453061133722648,0.0620971987535391,-0.255340667971027,0.138599581807925,-0.215600827185616,-0.048684003731192
-0.734228784850238,-1.23249443158726,0.015399897739073,-0.627924493300661,0.540986531672133,-0.445609470346489,0.0630907539340063,-0.266269645963467,0.138102809112665,-0.22255569257706,-0.0397420439063655
-0.75608674593611,-1.2061654494588,0.0417287554642897,-0.653756829985689,0.506709148111198,-0.422757702652722,0.0546455349033761,-0.261798700418037,0.137606036417777,-0.191258798315235,0.00447097973127319
-0.752609343034161,-1.22802347234526,0.0144063559448662,-0.637363231688462,0.523102679392105,-0.434183586495929,0.0655746418856327,-0.259314841784043,0.148038263012615,-0.207155633477844,-0.0203677975394794
-0.784402740997173,-1.19225579854451,0.0466964644463012,-0.677105288155782,0.498760769285553,-0.429712588471997,0.0521616469472363,-0.253353581063125,0.141580217979066,-0.140587636264839,0.066071147350898
-0.76155123621583,-1.20020417051583,0.0183805231408494,-0.685550475150386,0.514657526893687,-0.443622360108216,0.0476906486350805,-0.248385863796188,0.139096354504105,-0.139594084066887,0.0486840032499637
-0.762048008058707,-1.18877838581612,0.0208643776405307,-0.692008559321893,0.477896274920828,-0.440641694758154,0.0412325399644438,-0.228018222983709,0.154496308038739,-0.113761726915304,0.0799808626390021
-0.775957619663073,-1.1947396647874,0.0531544861523272,-0.723802204513039,0.449083401738635,-0.432693253821191,0.0546455349041264,-0.220069875353835,0.171386579675292,-0.053651818937331,0.132142294910138
-0.765525410958477,-1.18083001385478,0.0546447988523198,-0.723802204513039,0.447096307037619,-0.450080468365202,0.0630907539384007,-0.205166723545962,0.160457580390525,-0.0765035194907024,0.12369711063403
-0.763538323586954,-1.18083001385478,0.0471932353530924,-0.70194407347073,0.456535006862902,-0.440144917193999,0.0740198609285173,-0.197218375913907,0.17635430662909,-0.0680583258020567,0.133135846009025
-0.790860774957227,-1.17536550813148,0.0710382385550348,-0.719331223164602,0.427722133693399,-0.430209366030427,0.0914070765806484,-0.176850735102444,0.182315578961247,-0.038748535965212,0.168406909751109
-0.807254245771084,-1.17685582787492,0.0625931332479888,-0.715853793225017,0.421760849593138,-0.423751257769212,0.0859425230886687,-0.159463724657105,0.165425307331257,-0.028813013976815,0.17834242067128
-0.822654172892067,-1.18579774633785,0.0437158390264139,-0.714860241814697,0.439147928202868,-0.427228700680541,0.0854457454987388,-0.155986322565521,0.161451125772685,-0.023348476879279,0.165923032001235
-0.83060252238176,-1.17486873489785,0.0407352136265391,-0.717344120345481,0.441631796580062,-0.431202921146465,0.0914070765823991,-0.167412072279332,0.149031808398621,-0.0139097310027547,0.202684422370589
-0.82911220685285,-1.2011977170079,0.012419272322485,-0.706415054825175,0.446599533333835,-0.454551466373349,0.0884264110417123,-0.183308767531147,0.137606036422336,-0.0471937296324189,0.172381114070892
-0.858918517434429,-1.20517190299228,0.017883752220435,-0.69051823224401,0.442625343930489,-0.449583690789914,0.0864393006810638,-0.177347506809188,0.136612491032455,-0.0521614906217662,0.176355318435769
-0.838550871871029,-1.23050733862124,0.0149031268208542,-0.677602063898821,0.48435433266218,-0.450080468348283,0.108297514651341,-0.21659247323414,0.114754492471414,-0.0774970716745434,0.139593928046255
-0.839047643713946,-1.2339847513536,0.0124192723181074,-0.695982765000915,0.471438217112681,-0.442628804967483,0.116742733691892,-0.208644125601093,0.0998513116147416,-0.0904132502610699,0.151516541151862
-0.867363638762481,-1.23597184434461,0.0208643776201503,-0.700950522056114,0.465973706686013,-0.433190031359444,0.102832961166686,-0.212618299417616,0.118728674020216,-0.0531550428258699,0.181323073903619
-0.860408832961318,-1.25733309399026,0.0183805231210209,-0.714363466107756,0.458025327885446,-0.447099802997974,0.0799811920121068,-0.224044049137698,0.12866412792704,-0.0750131911903514,0.171387562982669
-0.828615435001274,-1.26081050672346,-0.00149031288255974,-0.684060148059664,0.487334974730689,-0.463990239973594,0.0730263057495037,-0.250372950670525,0.127173809843801,-0.089916474162728,0.121710008430461
-0.811228420501497,-1.25236536150904,0.00248385432031467,-0.69300211076018,0.502238184985033,-0.476409678935922,0.0779940816512439,-0.263785787301125,0.147541490340919,-0.0914068024612509,0.116245477423885
-0.792847862324105,-1.25832664048192,-1.81205828120312e-10,-0.702440849156138,0.526083321391328,-0.486345230108362,0.0894199662226444,-0.282166341206904,0.156980171544079,-0.112271398645123,0.102335762120657
-0.796822037068315,-1.2454105360445,-0.0119225017762917,-0.72280865309643,0.528567189768864,-0.469951570682172,0.0998522956231766,-0.254843896228189,0.15499308076509,-0.10631008545803,0.089916373476403
-0.790364003109016,-1.23597184434898,-0.00745156367829994,-0.73622159714321,0.54396717371425,-0.43617069672953,0.112768512969249,-0.241927831337056,0.16592208004659,-0.0789874000191743,0.0799808625663509
-0.778938250722229,-1.26726855894609,-0.0183805234727164,-0.762550709536105,0.561354252360351,-0.441635249871253,0.0943877421422837,-0.256830983138608,0.174367215862469,-0.06309056484963,0.0834582913861291
-0.804770386556842,-1.26478469270949,-0.00844510547239763,-0.781924962050629,0.553405873546876,-0.45653857661754,0.0834586351542631,-0.242424603067548,0.183309124361239,-0.0357678793994211,0.0894195979321603
-0.811228420514161,-1.25782986724412,-0.0357675049823792,-0.764041036654228,0.58519938876227,-0.474422568727562,0.0606068659936578,-0.252856809335272,0.179831715496605,-0.0591163560573575,0.067064698363745
-0.833583153432015,-1.23199765834427,-0.0134128144598653,-0.780931410632283,0.573773594239128,-0.463990239998556,0.0819683023754937,-0.22354727741976,0.165922080037861,-0.0471937296658304,0.0779937603815001
-0.841034731076069,-1.23050733860235,0.00645802154175337,-0.772982999343553,0.599109051678139,-0.465977350231972,0.0799811920154168,-0.199205462790819,0.13114799138996,-0.0188774920080184,0.0601098407335987
-0.88574419694963,-1.24143635004529,0.0139095850407971,-0.806266971623298,0.603580014760411,-0.450080468372895,0.0938909645429571,-0.185295854438192,0.140586672586069,-0.0134129549192255,0.104819639826208
-0.883260337734714,-1.26577823918227,0.0218579194488999,-0.810737952971993,0.615999356648433,-0.448590135697756,0.11028462502715,-0.175360419897875,0.131644764072065,-0.0357678793859189,0.109290619740591
-0.889718371689965,-1.30204268622587,-1.5126211394545e-10,-0.777950756418716,0.621960640754929,-0.45504824395763,0.0988587404557492,-0.182811995800789,0.127173809817268,-0.0660712214300664,0.0531549830586638
-0.909589245404659,-1.31595233715811,0.00496770884583209,-0.791363700465148,0.616992904000199,-0.462003129776173,0.0715359729893001,-0.192747430342842,0.126677037122558,-0.0432195208657749,0.0695485760703639
-0.906608614346143,-1.3442684122302,-0.0134128144395605,-0.767021690891837,0.618483225027869,-0.464487017568433,0.0839554127527317,-0.225534364280898,0.135618945630949,-0.0730260867975239,0.0551420852577004
-0.926976259902753,-1.33582326702668,-0.000993541945445764,-0.754105522552667,0.62792192487134,-0.457035354193047,0.0993555180390819,-0.217089244928055,0.120715764782295,-0.090910026362518,0.0462001254363767
-0.924492400688665,-1.33979745300507,-0.0114257308456517,-0.739202251389386,0.636367077360774,-0.451570801053819,0.105813626713125,-0.231495624999114,0.130651218675458,-0.118232711812727,0.0362646145271029
-0.934427837543893,-1.3313523077936,-1.45989997868412e-10,-0.744666784151166,0.630405793253621,-0.450577245936947,0.1073039594837,-0.217089244913677,0.122702855559027,-0.0968713395520984,0.0466969009899111
-0.911079560940489,-1.39295219049517,-0.0228514615687222,-0.72976351299483,0.659715440088376,-0.486345230131748,0.0983619628560662,-0.256334211367028,0.107302902028995,-0.120219816229926,0.00447097958373066
-0.918531138583052,-1.39195864400049,-0.0417287557707259,-0.748640989800187,0.656734798034881,-0.49180978327279,0.0914070765972976,-0.289617917076677,0.121212537479424,-0.137110203608797,0.00844518394884114
-0.900647352240066,-1.39791992296664,-0.0496770901696076,-0.757086176787356,0.656734798034881,-0.482371009663968,0.0755101937094423,-0.300050123342058,0.120715764784759,-0.154994143167475,-0.00695485796973278
-0.910086017255867,-1.40189410894514,-0.0710382388842659,-0.771989447942148,0.635373529992776,-0.476906456520997,0.0655746418992925,-0.311972644789844,0.127173809822167,-0.154497367068442,-0.0288129819881158
-0.890711915386754,-1.36165547591984,-0.0640834462867892,-0.794841130394288,0.615502582978779,-0.480880676987746,0.0705424177991274,-0.300050123343843,0.126677037127264,-0.150026382179098,-0.0154000422612525
-0.868853954300008,-1.38500381853256,-0.0620963626876083,-0.768015242292046,0.622954188111387,-0.496280781293041,0.10084585080955,-0.287134058438207,0.138599581804406,-0.184303933017345,-0.0253355531786993
-0.861899148495877,-1.3681135281439,-0.0521609446975884,-0.775466877878993,0.644315456188186,-0.511680885599295,0.0884264110461187,-0.268753504570491,0.128664127906491,-0.193742678887987,-0.0253355531786993
-0.844015362154084,-1.38450704530015,-0.0377545885948147,-0.774970102173467,0.623450961803962,-0.506216332455871,0.0824650799661741,-0.26775996111698,0.123199628265333,-0.191755574492537,-0.0372581662688941
-0.854944342694835,-1.38997155101905,-0.0283159414948613,-0.793350803273181,0.615502582990267,-0.501248556873672,0.078987636833747,-0.268256732843382,0.122206082875749,-0.198710439874878,-0.0337807374510909
-0.842028274782523,-1.40239088221105,-0.039741672194523,-0.788383046217082,0.615999356665788,-0.510190552924042,0.0745166385223416,-0.307004927532251,0.136115718331999,-0.224542797024851,-0.0625937190998356
-0.816692910792065,-1.39791992298962,-0.0645802171898027,-0.777453980695078,0.626928377531609,-0.500255001764181,0.0630907539482022,-0.326875796593055,0.1465479449153,-0.264781661033131,-0.0894195985448937
-0.810731648678135,-1.41083602741628,-0.0531544864907051,-0.761060382417803,0.63885094574854,-0.506216332462077,0.0794844144190326,-0.316443590331838,0.130651218687188,-0.280181720103467,-0.0879292719078166
-0.80129298366032,-1.42375213183635,-0.0665673007817008,-0.738208699973355,0.637857398396829,-0.531551987929977,0.0988587404402318,-0.341778948382151,0.140586672583321,-0.301543092336582,-0.109787395905223
-0.785396284684962,-1.42822309106114,-0.0695479261819436,-0.72131832599705,0.643818682499059,-0.531551987929977,0.0998522956210325,-0.338301546293951,0.141083445278611,-0.311478614315276,-0.126677764451981
-0.822157401043422,-1.4302101840521,-0.0541480282789787,-0.727279634458349,0.659218666432999,-0.530061655255023,0.0988587404409702,-0.344759578744754,0.116244810552381,-0.286143033259867,-0.108297069259205
-0.844512133972901,-1.39394573700265,-0.035270734076975,-0.733737718634539,0.650276740274239,-0.5012485568693,0.0924006317629019,-0.366120763007236,0.117238355942529,-0.266768765400809,-0.125684213355371
-0.886737740620848,-1.40785538791208,-0.0253353160820512,-0.747647438389096,0.601096146367889,-0.499261446636792,0.0784908592366955,-0.350224067756611,0.106309356661682,-0.217587931612911,-0.0968712317218627
-0.929460119089783,-1.37854576631945,-0.0273223996830467,-0.788383046199539,0.566321989114451,-0.488829117904972,0.0879296334473998,-0.3219080793107,0.121709310200459,-0.16194900847326,-0.0188774709885794
-0.955292254900634,-1.34377163898979,-0.0188772943793364,-0.81173150432784,0.536018794919357,-0.479390344295954,0.0854457454960237,-0.269250276243073,0.115251265169613,-0.128168233740084,0.0158968172156737
-0.975659900452628,-1.36761675485503,-0.0243417742768816,-0.824150896965677,0.542476852702372,-0.494293671039148,0.101839405975893,-0.254843896175249,0.0899158577401513,-0.13860053181197,0.00447097967437199
-1.01043392945473,-1.38699091147341,-0.034277192266411,-0.846009028003458,0.544960721081891,-0.509196997777393,0.108794292237662,-0.250372950638297,0.0839545854060345,-0.133632770826957,0.00447097967437199
-1.02980803132152,-1.38102963250838,-0.0541480282606729,-0.874325243200863,0.540489757999619,-0.524100324515639,0.102336183565787,-0.254843896179487,0.0879287669616373,-0.124194024946315,-0.00347742905569343
-1.04868536135476,-1.38599736497523,-0.069547926139313,-0.905622112628762,0.539992984323783,-0.530558432767873,0.0645810867207064,-0.242921374748062,0.0680578591753091,-0.110781070290541,-0.0188774709516482
-1.05265953609924,-1.40388120186359,-0.0884252203306004,-0.894196271401065,0.566321989132187,-0.533042320560287,0.0521616469641229,-0.247889092016733,0.0710384953473563,-0.11326495078457,-0.0223548997687023
-1.02732417212634,-1.41828762604166,-0.094386471133146,-0.907609215432217,0.58818003086744,-0.530558432768491,0.0581229780452108,-0.262295472091746,0.0904126304306305,-0.136116651345538,-0.00496775565516638
-1.00198880813859,-1.4441198349061,-0.0958767838339479,-0.929467346473961,0.593147767621759,-0.541487539056814,0.0645810867232791,-0.263785787271994,0.0809739492266237,-0.1520134865131,0.0044709797098455
-0.979634075213283,-1.43865532919293,-0.10283157643091,-0.932448000705768,0.618979998747777,-0.537016541033067,0.0700456402146038,-0.276701852164094,0.0894190850339202,-0.203181424694343,-0.0188774709267198
-0.930950434628509,-1.48286814818772,-0.122205641530336,-0.858428420595757,0.650276740272856,-0.576758745701381,0.0705424178047599,-0.339791861453399,0.105812583977975,-0.313962494746449,-0.134129397530748
-0.846499221334296,-1.53999707162332,-0.135618455834574,-0.77049912068799,0.677599292413718,-0.595139515357614,0.0606068660022321,-0.408843131485351,0.118231901347214,-0.393446670513267,-0.223548995673946
-0.830602522367839,-1.51664872900558,-0.09239938751345,-0.745163559698275,0.654250929670664,-0.555397310688476,0.0402389848019233,-0.400894783857261,0.125186719069103,-0.354698134794748,-0.179832747662009
-0.803776842854791,-1.51366808952716,-0.09190261661409,-0.713866690250116,0.636863851021212,-0.539003651275896,0.027819545050401,-0.402881870762697,0.137606036434259,-0.352214254301854,-0.171884338940505
-0.789867231259142,-1.53204869966315,-0.0640834462166302,-0.677602063761717,0.617489677677499,-0.505222777322553,0.018877548431127,-0.408346359756122,0.14605117224307,-0.369601417763306,-0.17734886994098
-0.795331721530136,-1.50870035705734,-0.00645802183611285,-0.638853558748221,0.593644541253483,-0.483861342327743,0.0397422072054321,-0.395430294864022,0.164431761944599,-0.351717478210572,-0.150026214957866
-0.818679998145368,-1.48137782847093,0.0491803189890219,-0.640343885865263,0.56483166806891,-0.484358119886195,0.0283163226359489,-0.389965805868416,0.149528581089709,-0.325885121060063,-0.112768049036049
-0.816196138931412,-1.50124875835329,0.0327868792911259,-0.607059913622577,0.538005889579338,-0.512674440697382,0.0213614363748464,-0.397417381765194,0.140089899892472,-0.32191091226842,-0.144561683977484
-0.824641260262578,-1.49578425263498,0.0402384427962392,-0.594143745282739,0.525089774020951,-0.504725999760915,0.0173872156496431,-0.411326990108798,0.148535035706331,-0.302536644406544,-0.132639070879817
-0.812718736030264,-1.50124875834815,0.0466964644933382,-0.558375894470487,0.506212374348301,-0.526584212313516,-0.00546455348631068,-0.42473982671865,0.148535035706331,-0.311975390272677,-0.160955276942137
-0.801292983638907,-1.49876489211529,0.0576254242907216,-0.545459726099876,0.513663979481319,-0.515158328478135,0.0049677759097197,-0.441133293666618,0.123199628254153,-0.318433479542397,-0.186787605247073
-0.860905604807633,-1.47094559029045,0.0909090746176696,-0.564833978656545,0.497270448191838,-0.523603546964104,0.0253356571100286,-0.421759196343693,0.100844856996204,-0.269252645817838,-0.122206784397492
-0.855937886379225,-1.481377828485,0.0760059475999011,-0.554898464533797,0.510683337423517,-0.540493983956552,0.0268259898801041,-0.43864943504959,0.108296447415743,-0.30203986835298,-0.158968174776205
-0.869350726138163,-1.43815855599376,0.103825117983629,-0.555395240239722,0.499754316566721,-0.543971426863189,0.0382518744512306,-0.425236598434049,0.0769997676733204,-0.296575331267706,-0.127174539865283
-0.859415289280948,-1.4257392248228,0.0824639692821524,-0.563840427236294,0.499754316566721,-0.574274857911771,0.056135867693637,-0.442126837131519,0.0362644067527373,-0.293594674675213,-0.126677764319834
-0.905615070630969,-1.42275858533908,0.0844510528844234,-0.621466409022889,0.466967254035138,-0.582223298842299,0.0442132055343192,-0.412817305229903,0.0044709543088645,-0.251368706233737,-0.0243420017578525
-0.911576332743152,-1.44014564898965,0.0551415697520107,-0.619479306200141,0.470941443437172,-0.587687851984589,0.0442132055343192,-0.439146206740394,-0.021361225807958,-0.271239750198145,-0.0129161641975292
-0.936911696717733,-1.44312628847016,0.0620963623494874,-0.638853558706638,0.461502743607732,-0.585203964195474,0.0387486520450903,-0.431694630843615,-0.0427224516555985,-0.278194615583086,0.0178839196513828
-0.932440750130884,-1.44163596872853,0.0541480279441313,-0.628918044593152,0.46498015933408,-0.612526729903522,0.00943877422025557,-0.422255968040087,-0.0695481771671417,-0.301046316136458,0.0248387772942767
-0.941382643305477,-1.4490875674257,0.0476900062470323,-0.642330988655562,0.480380143276075,-0.623952613729892,0.0119226621685953,-0.425733370122648,-0.0760062221966369,-0.303033420528853,0.0481872279047811
-1.01838227891861,-1.41083602739752,0.0755091766671525,-0.719827998748779,0.419773754950108,-0.593649182661812,0.000496777592264507,-0.340288633154788,-0.0864384487833678,-0.153503814682658,0.314955696474874
-1.03775638077791,-1.39891346945977,0.0620963623496708,-0.791860476031449,0.398909260603214,-0.59116529487213,-0.0521616469333643,-0.325385481355095,-0.0993545388298133,-0.110284294053335,0.414807581342917
-1.12866562791298,-1.42772631777603,-0.0466964645457585,-0.942880290142001,0.403876997358218,-0.714366129044795,-0.0983619627558729,-0.288127601837736,-0.214605803611725,-0.0675615495289705,0.499259424184235
-1.28018103966957,-1.52757774027524,-0.339294522551366,-1.27870066440547,0.446599533472417,-0.978651788471883,-0.184801263267983,-0.17536041956449,-0.444114786590123,-0.0109290742080493,0.572285429521177
-1.42821904856789,-1.65922265026303,-0.669647168190018,-1.60905650576786,0.532044605811378,-1.23399545185036,-0.286143891437599,-0.0531545745477759,-0.590662730540221,0.015400059041782,0.604575839996239
-1.55787649914778,-1.77596436301603,-1.0173867956025,-1.88079281410296,0.662199308939396,-1.50026822149871,-0.33184742965145,0.0253353585538553,-0.691507587108406,-0.00993552203205267,0.566820898420436
-1.71883057581653,-1.8847577037726,-1.30799777011549,-2.16395496427064,0.763541138986994,-1.71934712372154,-0.351718533235547,0.118231671585812,-0.731746175287342,0.0114258502303512,0.61302102426033
-1.90164261339756,-1.97467366120878,-1.59314426464278,-2.47692365589733,0.852463627049664,-1.9374324706242,-0.385996186907847,0.217089245413707,-0.768507354588792,0.0536518186700718,0.71138258260902
-2.09140945694563,-2.09389924016014,-1.88276169739826,-2.74915674074671,0.935921604683068,-2.14210482366395,-0.386989742087623,0.280676026522519,-0.778939581164923,0.0804777280175633,0.793350547829716
-2.40984020693264,-2.09886697262325,-2.08594099434942,-3.09739650738287,0.947347399229169,-2.2697766556139,-0.387486519677315,0.440139751219017,-0.813713669742156,0.252859034672161,1.15450637171456
-2.56433624952214,-2.22604092357988,-2.35022311178881,-3.31448748911902,1.09488918100106,-2.4804103396218,-0.386989742087171,0.450571957501841,-0.819178169380211,0.172878082591592,1.08446101936011
-2.74317411236362,-2.36464065913133,-2.65921460951808,-3.5425075361144,1.20268906871967,-2.66471481291652,-0.367118638508312,0.486836293594361,-0.823152350930945,0.142574740532962,1.10184816353157
-2.86438644153249,-2.44760179110148,-2.80973619096609,-3.67912085377651,1.25137288899108,-2.71637967867129,-0.324892543405766,0.513661966890037,-0.714359131179493,0.123697248756969,1.18729355775146
-2.9458570233375,-2.48237591821341,-2.7794331664802,-3.62149487281138,1.30303735140384,-2.62099838838717,-0.258324346491566,0.437655892424222,-0.501243647090279,0.0914068022856197,1.27820348305676
-3.05564360002721,-2.43915664598113,-2.65474367229642,-3.54846884520997,1.266772872978,-2.4987911101448,-0.168407602895268,0.399901241038148,-0.322902250722911,0.136613427367118,1.48684921327186
-3.13959804096719,-2.45256952356938,-2.58867314354977,-3.50326225670416,1.24690192587483,-2.40539693008268,-0.118729843962408,0.350720839881288,-0.22404448493045,0.165923217239284,1.65177869530636
-3.19473971522188,-2.45505338978922,-2.54694438849277,-3.48587510725278,1.21262454211855,-2.32889318667698,-0.095381297249134,0.306508156084742,-0.158967262024542,0.171387754332732,1.75659833596508
-3.24640398654999,-2.4784017322564,-2.53750574152594,-3.45060403273711,1.21411486315127,-2.28219609661883,-0.0650778642953687,0.26825673298757,-0.134128627370305,0.149032829855355,1.80627589083174
-3.32191330622753,-2.4942984760585,-2.50670594613053,-3.44166207015738,1.2101406737314,-2.22109245742356,-0.0551423124954609,0.24143105968252,-0.111277083433101,0.132142442484907,1.89023095851444
-3.31197786945148,-2.58967893909145,-2.57029262055009,-3.41483618250971,1.25037934153832,-2.26083466178274,-0.0432196503395726,0.147044431203184,-0.107799674578651,0.00894196959062193,1.76305641746688
-3.4033838879174,-2.62445306615387,-2.60407304132633,-3.46799118224046,1.23299226281562,-2.2588475515649,-0.0511680917804515,0.139096083558632,-0.114754492297215,0.0452066248486486,1.88476642700124
-3.50720920234089,-2.64531754238349,-2.62146002256902,-3.53704300421707,1.23199871546044,-2.26878310264564,-0.0516648693701551,0.153502463668517,-0.143567308511624,0.0919035782009087,2.03578619402106
-3.61947963802359,-2.67959489620262,-2.67262742458744,-3.59069477961504,1.25286320990268,-2.28418320683945,-0.0645810867047721,0.153999235396556,-0.171386579383386,0.129161785667851,2.16097363258467
-3.72280818054528,-2.74467219105074,-2.75807201810298,-3.67315954542563,1.25783094668094,-2.33634485001059,-0.0710391953699908,0.165921756862193,-0.189270396334971,0.136116651057994,2.26430294698909
-3.82514317934132,-2.82117527056548,-2.88375505406999,-3.76903725507661,1.30254057762737,-2.3994355994249,-0.0864393006544953,0.164928213405633,-0.219076757977942,0.0844519366861183,2.32987731969742
-3.94486519242678,-2.88525901890844,-2.97714798185915,-3.876837581338,1.32588894047585,-2.46401668142156,-0.0928974093225003,0.143567029102636,-0.259315346135238,0.0928971303847678,2.44661957419643
-4.08694193832999,-2.95083308699174,-3.08991497449314,-3.98662501046707,1.33234699828002,-2.5435010901498,-0.101342628349487,0.159960496116864,-0.308495842858635,0.122206920270944,2.6130393837165
-4.20368332039513,-3.01640715503984,-3.18976592376057,-4.12075444842118,1.34526311390206,-2.62248872115242,-0.12816861817966,0.172876561050545,-0.341282840594392,0.164432888745764,2.81224637971103
-4.36811479890239,-3.08545863577169,-3.31197156327836,-4.28419365269386,1.35768245584206,-2.71488934621665,-0.147046166595413,0.213115071021678,-0.38698592843739,0.231497662198805,3.04771799114688
-4.5370172237367,-3.1420907854648,-3.43169334816489,-4.46402645435706,1.38103081868475,-2.78046398326523,-0.191756149644631,0.264779330765429,-0.427224516565834,0.333336762731221,3.32889295385021
-4.69548744000456,-3.20816162670335,-3.59016326252175,-4.62597533113523,1.40934691832744,-2.88528404703121,-0.215601473948978,0.30054689519091,-0.479882422054843,0.372582074647787,3.53952578805999
-4.89171231576022,-3.29261307786859,-3.77992974253937,-4.83760177679937,1.45405654936498,-3.03431731274814,-0.257330791441579,0.351217611522323,-0.563340234256261,0.40040153626271,3.73078437587527
-5.07998884210071,-3.41779993475563,-4.00347664303972,-5.10138967032834,1.51714680651573,-3.21017656638887,-0.285647114031613,0.391952893263694,-0.639346456222168,0.414808043165497,3.9160816571083
-5.2811814360966,-3.51019975758199,-4.21758489613216,-5.34182910597401,1.56930804277002,-3.37113249317314,-0.309989215905505,0.451565500699022,-0.693991452343963,0.464982429254347,4.14509518717238
-5.44511614232304,-3.65178013117449,-4.46050586066413,-5.55444910287248,1.63835958411614,-3.5325851976112,-0.346253979917368,0.447094555145111,-0.746152585090592,0.503730965022785,4.34132153076206
-5.63239912468119,-3.77696698776255,-4.70243328329984,-5.80184339772221,1.69995952028697,-3.6999992324389,-0.395931738834751,0.499255586623026,-0.791358900064752,0.529563322237179,4.55940599912105
-5.87184314977454,-3.89768288521752,-4.9299543502204,-6.03830862756353,1.77844976147637,-3.85449705115051,-0.415802842414086,0.534526379335783,-0.82364912510706,0.5544021272536,4.82617447218913
-6.10582268464851,-4.01243750374272,-5.14306906118388,-6.25887703460986,1.84104324500652,-3.98564632469348,-0.422260951071721,0.558868194041275,-0.871836076207456,0.59215711089426,5.11281396793325
-6.3199313459137,-4.14855337148146,-5.37257721144945,-6.48143254457751,1.92450122306511,-4.13269247997548,-0.439648166702597,0.565326226513355,-0.893694074696654,0.595634543596956,5.33288553925397
-6.50820787152364,-4.32391432513413,-5.60506598671149,-6.65977501749483,2.01193339057433,-4.28818385347255,-0.442132054646948,0.547939216007696,-0.908597255460259,0.54794403792775,5.51122796421561
-6.71436818322101,-4.46499792518506,-5.8112259047812,-6.85401431269115,2.06508817423416,-4.40343624533099,-0.449086940897215,0.54843598773628,-0.906610164690116,0.537511739817058,5.78395774508184
-6.89817376211195,-4.61601698983795,-5.97913446414768,-7.00155669244615,2.10830748434247,-4.48540454108066,-0.437661056354021,0.531545748944805,-0.868855440174676,0.548937590132569,6.08450695743155
-7.10731470451203,-4.70792003899805,-6.10581103999951,-7.11929253076358,2.14308164192149,-4.53458551856304,-0.429712614929145,0.520616770908447,-0.817687852876363,0.590170006488545,6.47646287315219
-7.31148792842768,-4.82267465702773,-6.22255219792227,-7.25689939650668,2.18481063103354,-4.57184383479439,-0.420273840736539,0.514655510156878,-0.795829854449189,0.600602304599454,6.83861225573586
-7.55589967092694,-4.90762288066377,-6.31097741537032,-7.41338373851765,2.19971384143071,-4.64188946930496,-0.40735762342452,0.552906933261689,-0.772978310599375,0.664189645483799,7.31352969109182
-7.7943501510927,-5.01691299286643,-6.43765399074897,-7.55893901492545,2.23250090431712,-4.68759300383242,-0.388976852638963,0.557874650552431,-0.762546084077782,0.709893046777679,7.78993745426859
-7.99504597177958,-5.1406095289487,-6.55886608649028,-7.68462326405776,2.26777183559575,-4.75813541590367,-0.39593173888723,0.562842367840941,-0.741681630980689,0.747648030452091,8.21468055966801
-8.20667077276739,-5.2662931579464,-6.69845870480757,-7.80434620466215,2.30850727737493,-4.82520038505207,-0.389473630229595,0.552410161534941,-0.694984997957655,0.774473939917234,8.66525599544019
-8.44512125255543,-5.35372524764525,-6.78539360953044,-7.93102400494553,2.31446856153676,-4.84656181969712,-0.377054190494743,0.554894020178606,-0.677101181014085,0.865880742569629,9.2385349961189
-8.67065566457817,-5.44960248222666,-6.88226393176697,-8.02888881528732,2.31893952465942,-4.87537491755079,-0.371092859427801,0.582713236994953,-0.638849683693982,0.953313336369232,9.84013020495241
-8.90662228501342,-5.53604102538911,-6.9592634186994,-8.12774717705159,2.33086209297846,-4.87438136245093,-0.365628305945644,0.580726150080691,-0.584701460116197,1.03130718425945,10.463086764673
-9.13116315314285,-5.60956346431417,-7.0268242587611,-8.19083768926171,2.34477175602386,-4.87239425225425,-0.33383454022709,0.579235834893896,-0.52260487355573,1.0859525554092,11.1178369620127
-9.34725890000758,-5.70295683272347,-7.06904978386864,-8.23057974422745,2.34576530338425,-4.86543936655579,-0.301047219317258,0.557377878839188,-0.449082514832,1.13264950895853,11.7482451586554
-9.58322551994204,-5.76555026044019,-7.09289478625507,-8.26336693953022,2.33384273505666,-4.85798770331415,-0.285150336456838,0.534029607579404,-0.374069838193005,1.20865625247551,12.4685697348456
-9.77547621871977,-5.84354365840652,-7.10183666215525,-8.24498623910596,2.34129434025986,-4.77154840963328,-0.240440353391545,0.487333065097725,-0.281670117088735,1.25734031045449,13.1546167990351
-9.97418495103832,-5.88825324957644,-7.04818540679764,-8.16997311044614,2.31993307200892,-4.65132824253747,-0.181820597804404,0.459017076557108,-0.130651218138234,1.32688896476514,13.9097156705377
-10.1629582467484,-5.91706609722006,-6.96174727302367,-8.08005671095278,2.28515891440979,-4.49434653651871,-0.0998522954443496,0.413314077549599,0.0168902723671355,1.39941827567554,14.7457889621475
-10.375079818377,-5.94091121250685,-6.83904486480314,-7.94990148088288,2.23001703592585,-4.31799050613429,-0.0303034328499913,0.370591708924942,0.156483399526505,1.49628961566165,15.6022300553027
-10.5365306632105,-5.9657498742779,-6.70740058036292,-7.81229461543796,2.19772674673955,-4.13467958960807,0.0382518746203239,0.338301546581472,0.31147648051009,1.54845110646248,16.4681098879174
-10.7128846628612,-5.98711112336582,-6.57923369238156,-7.66326190913572,2.16493968386579,-3.95981389175713,0.124691175283675,0.285643743354821,0.430205154570688,1.62247074578166,17.3588285018957
-10.902154729975,-6.01393687805843,-6.43666044860449,-7.4903839696378,2.11973327903113,-3.79587729971637,0.198214258638249,0.26676641767922,0.531050011795812,1.70642590717109,18.3071730870505
-11.1028505490306,-6.05169164387964,-6.31097741507379,-7.33737705777891,2.09787523710746,-3.63144393037082,0.236962910673681,0.213115071028944,0.621959414938653,1.80180691893208,19.2888016395561
-11.3303720466915,-6.08596899706079,-6.16542354580172,-7.17344108051656,2.06359785320579,-3.45608145459333,0.276705117906659,0.205166723378639,0.710384954915595,1.92103318372763,20.3399787781751
-11.5847192227384,-6.13713664019609,-6.03725665764401,-7.04974393430964,2.02683660091203,-3.26531887481937,0.318434435473275,0.208147353750703,0.787881495374932,2.07851120864725,21.4825626312412
-11.8763242859419,-6.15651079632795,-5.89915435163338,-6.93548552587341,1.97020440144493,-3.12423404998159,0.366125084182576,0.203179636471866,0.857926445586617,2.2091633239183,22.6410433066444
-12.1728970669845,-6.21463326468774,-5.80029694555533,-6.84209169640517,1.9443721701055,-3.03382053548786,0.378047746356185,0.191753886721273,0.863390945245417,2.33137024555505,23.7940594564619
-12.5410049909085,-6.26679445427352,-5.7168394367332,-6.78098828656509,1.91704961775323,-2.97321367402852,0.379538079129369,0.224540820781237,0.868855444918923,2.4928224795374,25.0409662000982
-12.9478611167697,-6.35124590400106,-5.67958162032451,-6.77154954847237,1.9105915599238,-2.92999402694779,0.371092860087604,0.268753504592131,0.864384490650092,2.62645525175336,26.341027938923
-13.4163169488039,-6.44712313812533,-5.67213005702867,-6.73031716621618,1.89022383908218,-2.91260681257038,0.343273314999841,0.270740591504062,0.834081356113326,2.78443005316004,27.6738768737792
-13.9528305201569,-6.54300037210071,-5.65275599249568,-6.73677525017985,1.89022383908218,-2.88925826759041,0.330853875227178,0.294088862728873,0.818681402526212,2.95283715286929,29.1055841606051
-14.5121955948677,-6.67166463943906,-5.65027213806557,-6.77254309985849,1.89121738643997,-2.90018737376132,0.2970729990589,0.287134058537113,0.790365358810072,3.100876432252,30.5685883191903
-15.13961840848,-6.79685149398077,-5.6696462025738,-6.83116263116887,1.87134643925962,-2.91061970236356,0.244911352105006,0.344759579019089,0.756088042812572,3.26828997985869,32.1130636860699
-15.8241699805518,-6.92601253438441,-5.74714246074673,-6.95833720759075,1.85644322888791,-2.98414278018273,0.188775484410629,0.367114306793664,0.660210912409633,3.41930991612182,33.7186424639253
-16.5772760621431,-7.08845738107321,-5.8946834133227,-7.13220869801661,1.84799807634453,-3.14956970491781,0.109787847659101,0.393443208432953,0.509192013386927,3.56536209158238,35.3326664400745
-17.4014205131708,-7.3244246656716,-6.1132626022571,-7.36569327105492,1.88128191285189,-3.37560349078943,-0.027322767084355,0.427720457682167,0.327869979758001,3.72184656518739,37.0107744785513
-18.3010742787074,-7.56138549633212,-6.35022231350446,-7.65034573924448,1.89668189691517,-3.61604382528477,-0.138600947104647,0.477397630558582,0.165922081541335,3.8832988000174,38.7986699417221
-19.2210956870411,-7.83163013336324,-6.62245275767729,-7.93946918897142,1.92797863870395,-3.8554906049119,-0.253853347914535,0.508197477755031,0.0437159983631604,4.04276393065477,40.6451849443001
-20.1545299325234,-8.13416502952886,-6.89816059747614,-8.19729576994687,1.94437217012164,-4.09940838224384,-0.36066052961636,0.526578031727794,-0.0735223575902184,4.20222906130544,42.5200161701994
-21.1500606529679,-8.43868701856785,-7.16939749967537,-8.48244501410573,1.992559217028,-4.3522681558055,-0.441635276712831,0.568306856924188,-0.133631853802876,4.36964260985084,44.5145703390332
-22.1530429480818,-8.74668641969963,-7.44212471408532,-8.76163294954197,2.0183914483781,-4.5758180536171,-0.524597134203292,0.59364221509274,-0.158967261286104,4.5668627251826,46.5637698449685
-23.1758961141409,-9.05120840795718,-7.70591005285914,-9.01002079270011,2.05366237961495,-4.77452907403805,-0.577255558708725,0.633880725093002,-0.143567307692084,4.79537973543126,48.6879824897916
-24.1590075329795,-9.42229800753587,-7.97416632875819,-9.22313756180829,2.10085587920402,-4.9697626513288,-0.616997765823584,0.601590562733409,-0.0993545377690487,4.98564498532624,50.7659950136522
-25.1465898955062,-9.78295536944762,-8.17784239048893,-9.39353162186982,2.13712035779666,-5.09147315127738,-0.621468764128988,0.599603475819097,0.0109290008769683,5.22757495100641,52.9821111915496
-26.0661145172847,-10.1411288643169,-8.3427703227345,-9.43923498480704,2.19573965200289,-5.15208001230626,-0.595139551911924,0.547442444303419,0.18628976204162,5.43075638026276,55.1763692579981
-27.0735677462242,-10.4054122195106,-8.35568636564308,-9.52915138345655,2.18232676265672,-5.06911816147548,-0.515158360088475,0.588674497826359,0.425237428690265,5.78893195705242,57.5951699462838
-27.9786859805234,-10.742224464184,-8.38747970195147,-9.51275778592624,2.1942493309728,-4.97771109244704,-0.464487046046171,0.563835911372649,0.673623776294318,6.11531386280696,59.9747253785507
-28.8713849177927,-11.0805270281674,-8.3934409525128,-9.4680479743964,2.19077191521581,-4.86842003150289,-0.381028411040959,0.535023151090661,0.901145671713161,6.42877959000944,62.3324227041723
-29.747690383648,-11.4163457248822,-8.37555720085601,-9.44370596593539,2.20368803088873,-4.75018697477586,-0.297072998493713,0.503229760445788,1.15847392866183,6.80384555572167,64.742778271281
-30.5733251233194,-11.777003082289,-8.36214438709646,-9.39402839757018,2.18580417841361,-4.61804414648868,-0.227524135976037,0.483855663022294,1.38152487024752,7.18785349199912,67.1337596118662
-31.3413343321723,-12.1480926765598,-8.35171219863473,-9.32845400740414,2.1579848523458,-4.49782397947996,-0.162446271745133,0.461997706953398,1.59662744873586,7.57186142906342,69.5073538260508
-32.1008984190239,-12.572833777474,-8.33780261400185,-9.2956668122907,2.15649453130623,-4.36915859394523,-0.112768512781315,0.454049359292577,1.77496884784882,8.00554697846632,71.8580963811498
-32.8395980891948,-12.9712458962343,-8.32438980029134,-9.28175709316673,2.1291719788975,-4.24148676368292,-0.0347744312464384,0.472926684973361,1.94784574710458,8.48642625914064,74.2545423156449
-33.5266334905217,-13.4267869342881,-8.3571766783296,-9.2534408792084,2.12172037370128,-4.15554424745677,0.00794844148907,0.485842749919938,2.13214841917938,8.97277007850514,76.5153685121295
-34.2022431393016,-13.9086569511983,-8.34128001021987,-9.27480223358755,2.08843653713707,-4.03035630483522,0.0486842038530698,0.531545748954829,2.31694786354317,9.55002392856517,78.8194142136457
-34.7039826567806,-14.4630558570605,-8.4247375180458,-9.20028588114535,2.08893331081638,-3.97074299867193,0.0755101937263258,0.494784640990487,2.49628280896217,10.0617033333537,80.9172980228826
-35.1903222481694,-15.0308676363015,-8.50720148386304,-9.16551158330762,2.09390104761708,-3.91709102321051,0.114258845724604,0.502236216923345,2.65922425500812,10.6026925294891,82.9342074050456
-35.6230104847357,-15.6508406010713,-8.61301368103467,-9.183395507932,2.11476554216908,-3.88181981707229,0.12717506307687,0.53303606412287,2.81521088380013,11.2226691305103,84.8810714273131
-36.0229117820416,-16.31055541963,-8.7754577580042,-9.19780200273917,2.13612681041767,-3.87138748850959,0.138104170060699,0.575261661084162,2.95778464950223,11.8789103907479,86.7156641518584
-36.2981233580422,-17.035844299111,-8.96572100420704,-9.21866658146815,2.17090096802447,-3.87834237422706,0.154497830545284,0.613016312490974,3.12718414166261,12.5589969063528,88.3758886102346
-36.5688639875684,-17.8023653520238,-9.12021674706704,-9.29169260686622,2.20766222033747,-3.8728778211669,0.151020387413274,0.668654746168126,3.2667772714573,13.3121095150984,89.903970736696
-36.699514970277,-18.5738541340237,-9.22205477719376,-9.2300924219568,2.21610737289668,-3.80432251893996,0.192252927443685,0.684551441492943,3.55987316831478,14.0567769317407,91.2750717424334
-36.7447212038412,-19.3905492736297,-9.28564144952042,-9.13173083643649,2.20567512562427,-3.70397345343207,0.232491912299394,0.70541585410833,3.86141420092589,14.8799349792865,92.48124321207
-36.6572893674679,-20.2589088225331,-9.33929270437762,-9.02244018568086,2.20269448354664,-3.5693467366438,0.289124557689218,0.734228614403986,4.14209078093177,15.7299189409161,93.4787688798062
-36.5062707411082,-21.1511134808915,-9.39592458446161,-8.909175329633,2.1753719311891,-3.43173935451638,0.330357097724572,0.738699559967385,4.46996076793498,16.6454773567948,94.2661584172725
-36.2022464005938,-22.1272728048161,-9.45106615194359,-8.76063939957196,2.16941064703828,-3.30506107842735,0.385996187942792,0.73273829922281,4.79037916554939,17.5525905812647,94.7823084049542
-35.8574867725939,-23.1034321226232,-9.45603386071704,-8.62899384290358,2.13513326314133,-3.13267926756773,0.446603054034115,0.726777038476301,5.1381200618568,18.5724719920796,95.1499224487773
-35.4034373485643,-24.0920107660336,-9.43020177507356,-8.44717394178221,2.07253977955773,-2.92552302765241,0.493796925197394,0.726777038476301,5.50076414083775,19.6484891123356,95.2989551695068
-34.817743397452,-25.1213248040929,-9.36065385237146,-8.21070871530909,2.00497855913712,-2.68011491634466,0.561358677589033,0.713364201784767,5.89122749151395,20.7438805071751,95.1752580113888
-34.1406434335162,-26.1903806904477,-9.29905426371812,-7.95983699337971,1.91208188110867,-2.44066813548245,0.604081550427993,0.670145061364483,6.29212307077074,21.8993818197542,94.8424182692191
-33.3597181630628,-27.2847720034448,-9.25434488487656,-7.6518360680541,1.83160454506153,-2.2076794629409,0.658230307835506,0.639345214131119,6.7029541037171,23.1204575914776,94.2800681383708
-32.5534575289469,-28.4089697018746,-9.26179644803646,-7.44567415744858,1.75410785113718,-2.02337499003983,0.693998294434383,0.649777420444933,7.02784345985608,24.4274756426088,93.4822463115871
-31.6880810487577,-29.561483463891,-9.28613822098368,-7.27279621804431,1.69648210440784,-1.85943839696981,0.702940291079598,0.662196713678765,7.37608113367478,25.7811906597869,92.4782625592956
-30.7779951039468,-30.7274100950121,-9.32935728729309,-7.07955047496321,1.63190152618023,-1.70146313423916,0.737217944943396,0.652261279089343,7.75561549013788,27.1880607328644,91.2586781455571
-29.782961179445,-31.9241366556322,-9.41728573237296,-6.87239501283698,1.57427577952549,-1.57478485757505,0.751127717503954,0.658719311571581,8.1267047105363,28.6048663389097,89.7663638646273
-28.7521596804329,-33.104966467484,-9.4585177151668,-6.60662001806231,1.50671455928725,-1.37905450026177,0.766031045266354,0.649280648729657,8.59019365946422,30.1389111270266,88.1200491213166
-27.6279650796993,-34.2738737164935,-9.50918834458641,-6.32544497703199,1.40090176592933,-1.18481447558818,0.777953707469125,0.647293561814551,9.09590829028448,31.7126980186366,86.2631014827302
-26.4848931473367,-35.4611615665855,-9.59264585193125,-6.08152811244834,1.32042443021245,-1.0367747634721,0.809747473366058,0.610035682143753,9.58821005954804,33.317781820533,84.1989983841351
-25.3075439567703,-36.5873463114073,-9.67610335914514,-5.86394035947264,1.22355356313916,-0.873831724616018,0.816205582062091,0.600597019292168,10.0740537835706,35.0227176448067,82.0221272172695
-24.1570204399161,-37.6996214004417,-9.7958251401465,-5.68907531571899,1.12469560148461,-0.724301679751614,0.818192692428838,0.622951747084042,10.5708265098976,36.7574600495732,79.6753587797186
-22.9478778463108,-38.7815933217995,-9.94684348605982,-5.51222316927303,1.03229569757698,-0.567816749160737,0.815708804471268,0.63338395339968,11.1490699641441,38.5085960828995,77.160183401733
-21.7163805174988,-39.8377330342948,-10.1713839213265,-5.3766034051887,0.935921604314994,-0.462499906866197,0.78888281451632,0.653254822583984,11.711416693548,40.2955000138979,74.5332335163409
-20.4525930167398,-40.876485679635,-10.3854921678277,-5.19080929616684,0.831102358580972,-0.332840964279766,0.78888281451632,0.655241909502116,12.3383438794811,42.0928362576272,71.7393670283775
-19.2161279623117,-41.8441997613491,-10.6751095868112,-5.07804121383222,0.744166965178137,-0.250872667169227,0.735230834580687,0.680577267714951,12.9732194324522,43.9189855333183,68.8550873965052
-17.9563146291002,-42.762733297008,-10.9915526317691,-4.93248593575272,0.678592839898361,-0.163439817002361,0.730759836256632,0.701938452094212,13.679133487873,45.72327666888,65.8674784607672
-16.7784686414357,-43.6132089090803,-11.4262271440745,-4.92006654338374,0.591160672906797,-0.137607383937929,0.695488627236294,0.78042838533694,14.324441274481,47.5007419034414,62.8172758262354
-15.6140354895614,-44.4090394727129,-11.9170367636674,-4.92900850588259,0.542973626371988,-0.136613828820458,0.666178749333451,0.838053905955595,15.0194263376347,49.2796974802615,59.6856020183244
-14.4674861202875,-45.1139605503483,-12.4495751357831,-4.94689243088584,0.489818843101497,-0.114755616215678,0.621965543646284,0.927969589013459,15.7685596333229,51.0377884702079,56.5072313368958
-13.3328592711343,-45.7766559094373,-13.0417260104447,-4.96676345865696,0.4426253439465,-0.132639608339436,0.582720113909144,1.01490464176319,16.6140668436648,52.7173888329144,53.2498733663083
-12.2250580973742,-46.3305579505612,-13.6905087616009,-4.97868607532702,0.425238265319543,-0.11872983667665,0.555397346383079,1.10382678145068,17.4933546060266,54.3786084861414,49.9607217984298
-11.1455729146622,-46.8119311134762,-14.3954266179686,-4.97570542115951,0.397915713179433,-0.122704057148761,0.550926348060203,1.16989742157678,18.4089067834853,55.9449438935549,46.6283507948209
-10.1152681402447,-47.1949431960853,-15.1366087450827,-5.00799584126631,0.362148008594602,-0.119723391794059,0.542977906598742,1.23398097483141,19.3830781508818,57.4481887315554,43.2696507235608
-9.13513731770172,-47.4463103987565,-15.9647257700641,-5.08847350368322,0.355689950820475,-0.129162165416009,0.549436015289354,1.33979335350875,20.3964945717509,58.8640009629402,39.917905559199
-8.18530957479129,-47.605774572814,-16.8315909188697,-5.14908013832408,0.32439320929798,-0.123697612265325,0.53502946514512,1.42126391739232,21.4809495050038,60.1913870348155,36.5845411339933
-7.25833333364951,-47.6450196498819,-17.7292558563545,-5.23551910905702,0.280677125910504,-0.131149275644268,0.528571356456522,1.52806983963281,22.6071333564876,61.4258759580786,33.2988672138889
-6.36066662844424,-47.5933552446206,-18.6746107922068,-5.341829107476,0.251864252790169,-0.154994598473965,0.506713142445891,1.62792095768678,23.8033621766646,62.5510741167298,30.0454837490984
-5.50323843993525,-47.4165040111208,-19.6880233296433,-5.44764233006344,0.224541700688413,-0.153504265797682,0.518139027047152,1.74565585809056,25.0358554168988,63.5322071735176,26.8253842904463
-4.6721391569994,-47.1507303872985,-20.7744611780901,-5.57034592616509,0.20069656431887,-0.175859255961429,0.495784035443494,1.85544241088377,26.327961400675,64.388152623951,23.6490011232962
-3.8877364247773,-46.7915634151704,-21.9160405842157,-5.71639797965295,0.187283675107864,-0.203182021680252,0.491313037123728,1.9607580181526,27.6449060321078,65.0756909329113,20.5148439226952
-3.12568842355167,-46.3091967058203,-23.0690457135595,-5.86394036033342,0.163935312406582,-0.242924226409616,0.503732476903835,2.05613819077342,29.0328891837268,65.618667358977,17.4780547740507
-2.4098402020104,-45.7269785959918,-24.2389410451312,-6.08003778628136,0.142077270724275,-0.245904891763266,0.506216364860869,2.19821490637484,30.4745238069701,66.0255270970793,14.5445949827161
-1.71237253733214,-45.0473929499829,-25.4664617876423,-6.27427708147266,0.129657928871119,-0.255840442944162,0.53254557721364,2.35271091545835,31.9901775900312,66.2634829149719,11.7030387038385
-1.07352394889897,-44.2610010776592,-26.71037596007,-6.4859035254812,0.0750128247209912,-0.274221212618328,0.510687363192001,2.4818715662505,33.554515120169,66.3628381625882,8.99213443119091
-0.448088199187946,-43.4005900043507,-27.9850899173021,-6.72982038919601,0.034277383455531,-0.304027866152355,0.519132582240854,2.64679978196404,35.1506461266484,66.2878249506223,6.3368690500218
0.13859934792615,-42.4626823176881,-29.2801714705228,-6.99956958846966,0.011922568127848,-0.308498864178608,0.520622915014968,2.78440555239452,36.8207962959697,66.0483788041292,3.77648782855803
0.684054832888915,-41.4333683683585,-30.6075431197401,-7.29415757167482,-0.0163935312731918,-0.309989196854675,0.555397346406358,2.92846935544615,38.5167786693938,65.6340674226761,1.33086178329014
1.21212330408293,-40.3429513166326,-31.9224954894754,-7.60116494659436,-0.036264478230312,-0.324892523613336,0.546952127352644,3.09637820195472,40.2738641154788,65.0737038285982,-1.0178930065146
1.70541774675575,-39.1819924716011,-33.2160867072309,-7.94543049747368,-0.0675612196675383,-0.325389301172293,0.573281339688367,3.29061595069063,42.0667172252895,64.3186039519026,-3.22755062475103
2.17238328232094,-37.9316144536373,-34.4903038545064,-8.30012833704648,-0.119225681720511,-0.322905413380962,0.5941459985222,3.46895700389565,43.9465055981975,63.4045356844308,-5.32692405184133
2.60606510483965,-36.6474558527646,-35.7694887025652,-8.75666519131826,-0.178838522522979,-0.333834519669966,0.602094439985376,3.70144617657787,45.8620616391859,62.3563378378957,-7.29912292666098
3.01490833539201,-35.3116328355777,-37.0402284395411,-9.18886003594064,-0.227025568865488,-0.358176620044213,0.621468766060464,3.87780014316127,47.802456341786,61.1218489114249,-9.1744505571053
3.40189360512304,-33.9604098416145,-38.2722200459857,-9.66278403696144,-0.285644862297055,-0.374570279483674,0.639352759375773,4.06955403392077,49.770173576068,59.7139850897933,-10.9270746202925
3.77447249146913,-32.5729223969488,-39.4818569587147,-10.1734694368759,-0.312967414310094,-0.385996163328067,0.660217418214109,4.30800446836027,51.7662068848355,58.1665271574156,-12.5858080976546
4.1217160139232,-31.1705317476755,-40.6239330366104,-10.7229033385387,-0.367612518302346,-0.386989718445229,0.677604633913765,4.54148718571965,53.7965175469138,56.4750041320257,-14.1114057242356
4.4446177161205,-29.7154831315057,-41.7113643201943,-11.3220148062978,-0.421760848648011,-0.397422047169903,0.697972515170726,4.80477620761408,55.8347765992205,54.6418998988863,-15.4954223190655
4.74168728234138,-28.2718602880277,-42.7252735202095,-11.9817329041341,-0.480876915675472,-0.406860820782839,0.703437068680394,5.08495546895778,57.8983710932871,52.7069565564034,-16.7994580485456
5.02584078077103,-26.8262503414288,-43.6760928242084,-12.6916253429633,-0.559863929613788,-0.438157806945819,0.715856508466458,5.36662504602601,59.9758752529282,50.6021157678495,-17.9951967089253
5.28763954606449,-25.3746791051482,-44.5504094232414,-13.4392727302848,-0.625934828025345,-0.475416123838217,0.729269503442806,5.64233336271523,62.0578503958345,48.429713432838,-19.0955544668493
5.5067159323314,-23.9265852703083,-45.3278557143185,-14.2753461834905,-0.699457331461251,-0.488829117908344,0.753611605442173,5.9552995602383,64.1035611431698,46.1668978517399,-20.0607892809739
5.70194726989992,-22.4963752597121,-45.9989930534734,-15.1238390243462,-0.772483061176081,-0.507706665123051,0.786895704102352,6.28366568270927,66.1279106836556,43.7928044231614,-20.9579658473195
5.87184324309797,-21.0780877951493,-46.5464344642194,-16.0736740971728,-0.882270042569,-0.53552620837759,0.808753918157542,6.66021866449613,68.1388473777456,41.3655559671515,-21.7468453499528
6.02882314827641,-19.6632777330301,-47.0253215043798,-17.0612641164622,-0.966721566669777,-0.581229743725282,0.822663690746792,7.02435235335062,70.1145132216,38.8816750526304,-22.4681633820133
6.1813321068366,-18.2643644021747,-47.3258678310955,-18.142744729147,-1.07352790596049,-0.633391387293445,0.86985756200628,7.39693116290729,72.0598759402224,36.3342068116082,-23.0782036995535
6.29906703579092,-16.8614768751891,-47.5126536473348,-19.3181159347352,-1.17636005575215,-0.669656149041614,0.90761265900436,7.80726462604147,73.9366840201252,33.7693514303576,-23.5943534459219
6.37407958547435,-15.5186988956278,-47.5702790586714,-20.5625389490482,-1.31744377809212,-0.693004694266076,0.950335531949885,8.25237211252608,75.7702728765704,31.2134380475894,-24.0066771119741
6.44511796035924,-14.1888370107983,-47.4694345887662,-21.8601169494008,-1.47392748399565,-0.71088868636459,0.992064849707627,8.71238275233828,77.5243780846367,28.6093374043987,-24.3360392686341
6.51218216048228,-12.9076588928742,-47.237939401729,-23.2341983911144,-1.60606928012647,-0.727779123324436,1.06409760061366,9.19027717621668,79.2084383276218,25.995301270167,-24.6152270990915
6.54695619016752,-11.6667193964147,-46.8827482878116,-24.7081317273901,-1.7754691012656,-0.767521327945736,1.14209168268529,9.70095853691787,80.794634319223,23.3564263543979,-24.8362921960366
6.59514305988361,-10.4660185228807,-46.3829968733742,-26.2451555574671,-1.94089473290242,-0.794347316063443,1.20468565938647,10.2439300627809,82.3023401995319,20.7513322458525,-24.9833377435531
6.6388589829412,-9.29462726220525,-45.7511044273353,-27.8517279660345,-2.09340424911006,-0.838063741135079,1.26231186017835,10.768024263499,83.7236076023559,18.1482252703487,-25.0921315775524
6.66916206596221,-8.15651980036834,-44.9791226152677,-29.526855397629,-2.26926212741726,-0.874328502829063,1.32440905932466,11.3408020978338,85.0445268794276,15.5823765324239,-25.1437962292774
6.6895297119362,-7.07901866640262,-44.0198582114857,-31.2819636934192,-2.47939738861401,-0.905128711383727,1.39048047925121,11.9389152929976,86.2621173932179,13.0905474642274,-25.1423059027857
6.69946514899783,-6.06013676742437,-42.969684746778,-33.0698591633624,-2.69002942331872,-0.920032038096613,1.47145522703127,12.562860621809,87.3570049941711,10.5927571100784,-25.1030606384911
6.71337476088222,-5.09788701097821,-41.7943250346798,-34.9312774067957,-2.90811306272815,-0.945864471089201,1.57776563210624,13.203199420906,88.3480670535563,8.16203155434236,-25.0205959058842
6.73274886314312,-4.18432102724313,-40.4947726159833,-36.8080956788967,-3.12768702277087,-1.00249711260287,1.66370815585673,13.8514865704083,89.1935746394014,5.74620930633464,-24.9575054176491
6.73473595055446,-3.28615500865583,-39.105801443645,-38.7723464386508,-3.36564160788227,-1.07204597063675,1.76952178340519,14.5713088566102,89.9278050847964,3.43123263141218,-24.8323179920824
6.70095546455131,-2.40636959619679,-37.5792247484976,-40.7584553075054,-3.64830582267876,-1.11327850787103,1.86291597115994,15.3055375262608,90.5303906964205,1.21213376861888,-24.6509949352777
6.69300711490608,-1.56880990520105,-35.980119504241,-42.7629448533732,-3.93097003682321,-1.13811738572584,1.95432304861154,16.0606306130257,91.0038153375585,-0.926487346707433,-24.4264524098262
6.651278279272,-0.803282332123313,-34.3035180008578,-44.7460730297095,-4.22406649756903,-1.19624035987777,2.07106578344091,16.8470203243206,91.3614918773774,-2.99903722234107,-24.2138324962559
6.59265920063843,-0.0422257142854119,-32.5394848201549,-46.7604980495957,-4.5757822499138,-1.25138266866111,2.19376984945469,17.7178612403493,91.5577172017639,-4.96279311625947,-23.9401091961434
6.5365239812913,0.677598726953809,-30.7064004790369,-48.7630004348919,-4.9488592685718,-1.29062809563792,2.31399002753144,18.6026117700424,91.6252783261107,-6.8386196272777,-23.629624508743
6.48237584933646,1.35519744358585,-28.8519549775847,-50.7441414530039,-5.32839434407556,-1.33086707772223,2.4471264232122,19.5171686094482,91.545794650353,-8.65483299438909,-23.3365269636936
6.40239558106634,1.99504139516889,-26.9547871685741,-52.6815662019084,-5.7571100109126,-1.38799649670238,2.56386915829945,20.4610349884511,91.3301951802303,-10.3389039089842,-23.0200809696752
6.30055735131979,2.61054345975204,-25.0024777775613,-54.5737843530349,-6.22209015358991,-1.4540679117297,2.69054744543376,21.4545785504877,90.9501638568115,-11.9479616260397,-22.6638929348523
6.22008031122578,3.18779398499065,-23.0456974327114,-56.434705628694,-6.72879928198578,-1.52013932665972,2.83461294847522,22.4833929136903,90.4568682973598,-13.4591544443908,-22.3106855529929
6.15301611115241,3.70195430843019,-21.0849429034655,-58.1634845874753,-7.2355084089648,-1.58372685382822,2.98861400362073,23.5295942960177,89.79765056842,-14.8933469632589,-21.9564846194352
6.08297127997975,4.17239858627679,-19.1271689803025,-59.8445730784741,-7.80878520363462,-1.64632082587952,3.15205383320615,24.6388857009123,88.9889041799072,-16.2152680822463,-21.5839029918729
6.01044258954613,4.62942998767068,-17.1599563932743,-61.3979902395061,-8.41832647290507,-1.72779234506248,3.32393888211675,25.8077897275103,88.0514935979624,-17.4552211435391,-21.2331794858268
5.9508299672936,5.07950656396233,-15.2136081648516,-62.8783813836014,-9.10337733470164,-1.81174775192181,3.48688193438458,27.0159387327696,86.9431931240504,-18.5853866884851,-20.8556301022788
5.87432710209834,5.46202197774408,-13.2781888764443,-64.2176882622263,-9.82369912258103,-1.86738683813309,3.67814130998748,28.2265716051646,85.6928155927436,-19.6345777304374,-20.4656613303221
5.82464991690661,5.80777617069821,-11.4113239503332,-65.4029947138032,-10.5966789131102,-1.96127779608252,3.89871056414429,29.4853913498142,84.3008577808137,-20.5809361241377,-20.0871183943947
5.7461599643058,6.16048518995425,-9.53899452818488,-66.4636104983272,-11.4496392566984,-2.0606333071123,4.08947316243482,30.8341267995212,82.7509261840597,-21.434397391196,-19.6718140706286
5.66617969620899,6.48736199988826,-7.71584540689907,-67.3781742690881,-12.3701608107143,-2.15551782007394,4.30706175129308,32.2320426679173,81.0633884983569,-22.18403245973,-19.2391226031415
5.59663163703133,6.76505825691127,-5.96373450400055,-68.1203569233176,-13.3617209897228,-2.27673154340965,4.52266323000483,33.6786421848147,79.257122098681,-22.8735576234518,-18.8347473386802
5.5072127037993,7.03331582213619,-4.25434588419761,-68.7005907503932,-14.4193520562868,-2.38204838487635,4.75366481456386,35.1699511747767,77.3043077046452,-23.4552823814779,-18.4149720332768
5.42077440166221,7.28567664315114,-2.59463433976101,-69.1044692613066,-15.5683894654063,-2.49879111009796,4.99907294997394,36.7034857813438,75.2322678337637,-23.9585165219755,-17.99867415564
5.32390389068493,7.52611490595967,-1.00993518725473,-69.3250375988554,-16.7919429103741,-2.62795327413145,5.25242952726666,38.2698073399788,73.0330541237538,-24.3658728838607,-17.56995688953
5.23200109821684,7.71339842916143,0.499751571518205,-69.3985603780109,-18.0994510898155,-2.7725155422438,5.52466365390119,39.8649416776881,70.6977246652996,-24.7066612542071,-17.1322976635351
5.14357570871949,7.86988200959357,1.92796791226223,-69.2470438398053,-19.4690559624429,-2.91707781017042,5.80484622239161,41.4983274590758,68.2868857590048,-25.0062172118216,-16.7110320290472
5.04223425117233,8.03282364281835,3.28663633755155,-68.9191719861687,-20.9608671332133,-3.08846606599169,6.07708034968142,43.2116935206541,65.7593052590583,-25.2297664336649,-16.2718824749604
4.94238310913908,8.1465847220955,4.57575684359086,-68.407493182966,-22.4954008232899,-3.25588010121122,6.36223069525925,44.9290337700317,63.1358476318219,-25.4339413893721,-15.8635330024058
4.82514495240034,8.24593937662995,5.78539401289292,-67.6936267337524,-24.1422053341697,-3.44018457308104,6.68861358236003,46.6692255408861,60.4184999741751,-25.5556515210627,-15.4467383453832
4.74665500002645,8.32641664683772,6.91058013324351,-66.7830371674096,-25.8501129838051,-3.63343104072655,7.00208025207637,48.4417074982463,57.6132235652263,-25.6286776000651,-15.0572663408722
4.69300364017883,8.36864237501771,7.92647665796211,-65.6334985599927,-27.6494269587216,-3.83512272655823,7.35777301911431,50.2126991562265,54.7289603177717,-25.6589809389456,-14.7184654387269
4.62444912484745,8.3984487713958,8.91356047521555,-64.304623973816,-29.5580311052708,-4.05122096113851,7.73433044637009,52.0433034540162,51.7438522352767,-25.6341421365808,-14.3210450249304
4.52509475482466,8.42577130143829,9.8117223019943,-62.8023747108945,-31.5545641576548,-4.29116451800128,8.11635242815301,53.8828496626438,48.7125443314064,-25.5864516360509,-13.9340568963556
4.45753378321643,8.42130034197714,10.6497748510645,-61.0775699880018,-33.6420067524,-4.55097917662355,8.51576162691248,55.7467377097894,45.6156624716029,-25.5308127187309,-13.5505461956983
4.36811485022354,8.40043586449665,11.4113246806702,-59.1540550275157,-35.8178750205,-4.82967138176316,8.91616438174262,57.6051612832534,42.4626453415341,-25.4185413319413,-13.1888936174002
4.2846571794313,8.3755972008469,12.1142555431188,-57.0805138277591,-38.0841560541066,-5.1361831290911,9.3518383477586,59.4561332950171,39.2465381217961,-25.2555987882885,-12.8004151606049
4.16990288224988,8.36963592155707,12.777444734814,-54.851978630469,-40.4130305266214,-5.42828832749589,9.81086086250151,61.3140601341512,36.0110568247105,-25.0101914201996,-12.3553042926863
4.08247103671084,8.35622304317767,13.3437635960747,-52.4431138736053,-42.8104597257567,-5.76013572916821,10.2882641502584,63.1377097260715,32.7547111323468,-24.7652808283562,-11.9891807333031
4.03627125470826,8.30157798311713,13.8345732774103,-49.8941583741433,-45.2371985327324,-6.12675755849247,10.8113709800997,64.9201272681142,29.4958816393075,-24.5452090387744,-11.6464056229311
3.96473610838599,8.24693292306103,14.2901122236089,-47.2274670298431,-47.7011953281876,-6.52517315011812,11.3483875838429,66.6493902333743,26.2440070286026,-24.2834080606581,-11.3085982672906
3.85296244228669,8.21166202069223,14.7302512718665,-44.4713560427367,-50.1945017304295,-6.93898884505662,11.8978236299245,68.3587823376909,22.9975969788989,-23.9818649983193,-10.8937907050494
3.78341438338466,8.13813957638054,15.0293073750949,-41.6029737338592,-52.6584984627758,-7.41092751152048,12.4606726732236,69.9524266024956,19.7949029977294,-23.7121156030092,-10.5867834311738
3.66866008634027,8.08200419651917,15.3412795234967,-38.6620621470798,-55.1478306128839,-7.88137584483358,13.0458767110939,71.4993743216768,16.6284734843112,-23.3176754179701,-10.1923436638133
3.57178957579368,7.99904306004918,15.5499233171177,-35.6530922559308,-57.5825176444494,-8.41590847974432,13.6797649578905,72.9559095648136,13.5107277609289,-22.9758934945074,-9.89278802187128
3.48286741486499,7.9225399761571,15.7764508649977,-32.6013996173635,-59.9883917812562,-8.9583895542817,14.354388971887,74.3076259431765,10.4699818673728,-22.6152340803511,-9.55746454155122
3.38798399175242,7.83113369421555,15.9279660011382,-29.4990358180286,-62.3326659741914,-9.55303226851039,15.0543486470109,75.5654524376417,7.48189393833755,-22.2585488742881,-9.2593992254362
3.35370673422175,7.68955331165152,16.0303008147055,-26.3584202484393,-64.5880176806874,-10.204804399104,15.8015021994451,76.6593442074083,4.56583810468926,-21.9480638402723,-9.05621803427004
3.29409411238171,7.55244388878002,16.1073003102422,-23.2322111214983,-66.767859792267,-10.9211576068764,16.5799527455455,77.6787201932424,1.74267881570543,-21.5888947528568,-8.78597214718648
3.21162998550963,7.43669571664378,16.1664160520285,-20.1273632996531,-68.8394052583934,-11.6439689206961,17.3897002862318,78.5743999747765,-0.999506476470462,-21.1730931946578,-8.48790683008658
3.12072073725782,7.308031439518,16.2026803306358,-17.0284767384005,-70.8041444050855,-12.4408000841795,18.2416739278691,79.3319771640267,-3.66270486578091,-20.7861046469022,-8.21915126895659
3.06011457178059,7.16744460398919,16.1838030349128,-13.9534353612159,-72.6357482383405,-13.2937671064303,19.1304091185817,79.9300905669692,-6.21363258969173,-20.4006064266816,-8.01696362839526
3.0114309306269,7.04772224597677,16.1639321973497,-10.9101875795507,-74.3123587321683,-14.1879666596632,20.0593833015436,80.4089787077914,-8.68855405299228,-19.9967274922082,-7.78149202748806
2.98659233823984,6.8837870668336,16.0774940538317,-7.93450124765124,-75.8016856113403,-15.1715861653506,21.0484675835455,80.7269127441766,-11.0611403138505,-19.6455068182875,-7.59619475432133
2.93145066311877,6.74170991183374,16.026823418037,-5.05419580354195,-77.1151546720335,-16.2133286363633,22.0539455325375,80.8933313415474,-13.3174817386492,-19.2341762412467,-7.36618768358128
2.87581221616579,6.59267793114126,15.9066048506394,-2.25834218800891,-78.2060692107473,-17.3206457369509,23.1021463642729,80.9246279732884,-15.4729782865264,-18.8402328254616,-7.16250971560854
2.83954787127072,6.4366911249658,15.7714831554027,0.443124084230195,-79.0565453870772,-18.5198666716887,24.19356685657,80.792486639346,-17.5221654590489,-18.465663675862,-6.96528982953371
2.77447075923449,6.2926268771618,15.6025810362051,3.02536422146292,-79.6844670473889,-19.8263915452061,25.3013810172038,80.5147911295476,-19.4575916729256,-18.0573137530891,-6.77452802510877
2.70492270054233,6.14409167020629,15.4441111070054,5.47546205105671,-80.0640019743807,-21.1994845970918,26.4737762798752,80.0781286025306,-21.3006181552894,-17.6444928452324,-6.5668758525756
2.62345211754769,6.01592416714701,15.2916024289733,7.80881761535755,-80.1946533953955,-22.6595137074603,27.6655458783051,79.4725636207679,-23.0239224141862,-17.2291880559882,-6.35922367960556
2.58818131637343,5.86291800092753,15.078984467669,10.0140050698462,-80.0664858416514,-24.2114466464463,28.9452451294068,78.6901478356659,-24.6443947207717,-16.8496511430889,-6.17293285461076
2.51913002959799,5.74220209707426,14.8946824498394,12.0542630047125,-79.6834735007251,-25.836405870264,30.2622027136332,77.7651585112527,-26.1441512677936,-16.4189462944456,-5.92802251635489
2.44113684951568,5.59118302417975,14.6696452158214,13.9544302041921,-79.0495905582765,-27.5483011453218,31.6392704040578,76.6350023893651,-27.5167340097328,-16.0135770250472,-5.71440903685892
2.36960170353389,5.45506714927561,14.4739174669432,15.7294099339708,-78.1509273554458,-29.3545841339146,33.0575706513254,75.3210406644163,-28.7984073531881,-15.61516261934,-5.51917625160987
2.32240837804495,5.28517069264117,14.2165901224462,17.3816860707719,-76.9909613024223,-31.23637728753,34.5354842289475,73.8272475162377,-29.9697971679101,-15.263941939948,-5.34679514107769
2.26627315932877,5.13911935273526,13.971682051439,18.915729592849,-75.5999955771118,-33.2170291494175,36.071024028543,72.1705131932232,-31.0348776374776,-14.8963276495863,-5.19428505179871
2.16890587732016,5.01393249013804,13.7585673207409,20.278385490809,-73.9879656424633,-35.2309650852586,37.6552480520208,70.345869981341,-31.9881842640221,-14.4929454820098,-4.99259418436085
2.11823514894353,4.8624166445281,13.5280656074407,21.535228161926,-72.1414586115467,-37.274707655886,39.302562853129,68.3349373240487,-32.8257428700155,-14.1253311904184,-4.83263246184152
2.047693546689,4.7183523981258,13.2737188898551,22.6743349851647,-70.0843196025393,-39.3810441702054,40.9687552204102,66.1516248405498,-33.5659340422797,-13.7805685977228,-4.68210947447403
1.98211966294522,4.55888818045082,13.0034755023327,23.6971962860531,-67.847845342445,-41.5350713069705,42.6627671506649,63.8217646734064,-34.1928610598112,-13.4343156758887,-4.54897363062681
1.88524915285038,4.39743687007388,12.7357159701788,24.5903991168759,-65.4310422755279,-43.696550086021,44.359759760864,61.3503245489915,-34.7134787391631,-13.0776304565128,-4.38454092796634
1.83159779343012,4.23598555957486,12.4585177902374,25.3767951604609,-62.8329168509874,-45.8634934019185,46.0850687140203,58.7119691034595,-35.1670321172968,-12.7646615305463,-4.26531479895716
1.76105619120391,4.07304392968477,12.2131129507375,26.0782425511577,-60.0778109600253,-48.0557723480353,47.8123647920474,55.9663109728523,-35.5167600222205,-12.4467248439156,-4.15602418084804
1.69051458905134,3.92152808471726,11.9249858112149,26.6664250674965,-57.1960277835882,-50.2207285165086,49.5242607752191,53.0815567600034,-35.7636560001403,-12.1402140061319,-4.05219809342654
1.61202463731843,3.8023025020511,11.6438134656181,27.1433298120396,-54.1979995572557,-52.3305423696041,51.2376471058228,50.0904934130096,-35.9360360890453,-11.8247611992202,-3.92452678026299
1.54446366623278,3.66966404130457,11.3844990407708,27.5288278150839,-51.1329068611848,-54.3573943734928,52.9088073445765,46.9861661295433,-36.0244616101048,-11.510301943706,-3.7809586497813
1.52012184577054,3.52013528987418,11.0794816912378,27.8606740347489,-47.9759110077754,-56.3196652925334,54.5521480441522,43.7675813739653,-36.0542679654668,-11.2251524763595,-3.7029648902698
1.45752859316549,3.37706459090257,10.8087415356976,28.0951522023873,-44.7766893533997,-58.1900323729707,56.150281983827,40.461564829304,-36.0170100212366,-10.9499385300758,-3.58920329196587
1.41729007362964,3.24194226426741,10.5469432575054,28.2377268510294,-41.5352418902094,-59.9287534171337,57.6699250538213,37.1058711562873,-35.8957975093248,-10.6682664946405,-3.47991267351756
1.37357415119813,3.10681993759945,10.2722289353371,28.3003205992607,-38.2401428286187,-61.5050282303681,59.1299548061018,33.6756617662929,-35.7408044611801,-10.3915622192476,-3.38353821895477
1.34575492783299,2.97616857054643,10.0084435741478,28.3003205992607,-34.9505082201765,-62.9392246869679,60.4926161310037,30.2086913211842,-35.5197406584378,-10.1461548368412,-3.33733809384691
1.30303254909082,2.85098170922662,9.73720664911333,28.253126900208,-31.6762735382211,-64.1791811622537,61.7161796971417,26.7059533657558,-35.2465157332979,-9.89031515625128,-3.24146041469669
1.25285859265938,2.73274967380674,9.46298909923107,28.1180038880785,-28.4397935912125,-65.1623036995479,62.7663678371832,23.2285508297125,-34.9121877788842,-9.63844968433862,-3.11130522342708
1.19722014598564,2.61650473129999,9.20119082261372,27.9222742311168,-25.2614361033806,-65.8851148611302,63.6436773271545,19.7451870942189,-34.5674275994706,-9.38608743572053,-3.03529856585943
1.16989769447197,2.4813824052115,8.9632375508976,27.7051832157027,-22.118349484341,-66.3515888676016,64.2780625034336,16.2593395603688,-34.1814352942283,-9.14018327629141,-2.95879513276184
1.12121405361879,2.33086010821816,8.67958135439171,27.4319565374757,-19.0085466490033,-66.5150286420965,64.6759814751123,12.7973371304549,-33.7775591746379,-8.91613726393758,-2.8882530060691
1.05713048553937,2.21511193933984,8.4460990215752,27.1065684028684,-15.9881630119954,-66.3148273376925,64.7569562470658,9.39395382845873,-33.3135735702544,-8.7025235492567,-2.80876891969667
1.00298235440262,2.10830568909595,8.18777814264378,26.7419349824152,-13.0537211689545,-65.6978297665268,64.4638573800174,6.07253792051808,-32.8252461070067,-8.48294852126833,-2.73773001744093
0.927473033909766,1.98659624132076,7.94038622446623,26.3440175859312,-10.2181372322339,-64.5870354220324,63.7380651049285,2.77496711125153,-32.355796001501,-8.26784447788188,-2.67712340155354
0.83855087366798,1.92797699697163,7.71733608139535,25.9043710253586,-7.52314019704889,-62.939721432702,62.5209596558336,-0.410333236466709,-31.8371654070625,-8.0179661079651,-2.52809073913917
0.778938252241393,1.82117074702713,7.45305395276955,25.4513115196975,-4.89818820609321,-60.8010945421362,60.867683368478,-3.5409886428157,-31.3066122687658,-7.80683627292315,-2.43469693758952
0.73522232985839,1.69747420632038,7.20069432618705,24.9793745356501,-2.37805542216053,-58.2173550380357,58.7906556946861,-6.58719280898454,-30.7551946792115,-7.61557748080428,-2.39445811877108
0.688525776408813,1.62544208427256,6.99503116624179,24.4786245579443,0.0154001102956366,-55.2560646499477,56.4105936269349,-9.55937794870896,-30.2296092635947,-7.40792507791733,-2.3378257070946
0.68355805795985,1.48932621235477,6.75211018777614,23.9932746305132,2.31645576839863,-51.9798173264625,53.7369359471411,-12.420286183211,-29.6493788594058,-7.25144061140242,-2.28914170408874
0.611526140429195,1.39195865446389,6.52458910807094,23.4622213332878,4.45556323625633,-48.4571683557431,50.8332702113302,-15.1545175956472,-29.0651742726396,-7.06912378854807,-2.22406410822061
0.561352184106403,1.33234586391525,6.31395823971094,22.9207357462813,6.46650311706198,-44.7507116851989,47.7751066326322,-17.7431948692041,-28.4541439627625,-6.88680696542639,-2.15600585904275
0.509687912246854,1.25435246297791,6.10233382976565,22.3449726332607,8.33536574460774,-40.9424155966583,44.6141101035253,-20.1972469846442,-27.8644748733825,-6.68759975537621,-2.08844438543077
0.456036553033176,1.17139132949455,5.88425139803144,21.7702030733251,10.0765575489801,-37.1043128077048,41.4203262865034,-22.5171707209284,-27.2757993267928,-6.49186997760703,-2.03578617803614
0.432688276332878,1.09439147519455,5.65971094482096,21.2023883759732,11.6816333767581,-33.3034682754186,38.2657879563246,-24.6900500143659,-26.6617883755549,-6.32843064543427,-1.96673437779159
0.408346455968561,0.967217521993252,5.41828028051029,20.6420253169565,13.161025468648,-29.5850887364196,35.1917276651649,-26.7213493638097,-26.0433064677871,-6.20572695190035,-1.98511507286996
0.386985266647297,0.850972580896109,5.19771399537835,20.0826558106647,14.5336112284623,-25.9680517539157,32.1444934223526,-28.6105719953662,-25.4422116000427,-6.07557161737482,-1.97319245988147
0.312966261820535,0.770495313893869,5.01987000847564,19.4810603669935,15.758158430902,-22.3882730188339,29.1355111142984,-30.3050601212669,-24.8242264603487,-5.90169998685573,-1.91556649701817
0.242424659912164,0.678095488782384,4.83705831251856,18.8680390829367,16.8590089860633,-18.8397912123495,26.0753607577471,-31.8271684705473,-24.2102155004817,-5.76409301074902,-1.84800502327408
0.163437936662804,0.61401173921269,4.66666588970754,18.2560113518356,17.8416274030045,-15.2913093483218,23.0052748956633,-33.1992517690695,-23.6175657606217,-5.58922782791452,-1.79087583595438
0.125186504651519,0.532540925862184,4.4744155470786,17.6708095130006,18.7537039576935,-11.7537565428905,19.9024017577135,-34.4322389966683,-23.0174644294249,-5.4536079560662,-1.78044354957834
0.0804770386783314,0.428715316116579,4.31147468816729,17.0995173966825,19.5465548224158,-8.21222946474742,16.7428960115,-35.4933432297383,-22.4332598198461,-5.31401387530249,-1.76305640559855
0.045703009582503,0.297070404454333,4.10879215679233,16.5639931364105,20.2758186544018,-4.72683821003842,13.5828935303009,-36.4352222624716,-21.8515390721115,-5.21912964250361,-1.78193387618469
-0.0223547330124307,0.215102817846172,3.96721244725512,15.9941913513081,20.8749277708449,-1.27224711502398,10.4522009682059,-37.2231020835472,-21.265844140869,-5.09990338115211,-1.7287788931379
-0.0923995630254061,0.121709446610281,3.84202617797257,15.4258798952005,21.4039917938724,2.06758840368311,7.37019265288571,-37.8619504096382,-20.6975362502771,-4.96726416547128,-1.69152072746037
-0.102831771748096,-0.000993546467815687,3.69349167606486,14.8968137243391,21.8923203721909,5.20871294072998,4.39002378573531,-38.4193281854417,-20.1381702644028,-4.88976709554791,-1.73324987299431
-0.164928252263513,-0.0854449989425143,3.5837053053151,14.3458894220791,22.2564555190491,8.20974623386922,1.5593850150901,-38.834629271624,-19.5822816858611,-4.75265689505608,-1.7233143621663
-0.228018276395604,-0.15002552159172,3.46646737067723,13.8014232070684,22.5093133493863,10.9941845439491,-1.09042667620965,-39.0969246945455,-19.033844694072,-4.60412084398682,-1.65227545949108
-0.254347184115864,-0.272231741189929,3.29706849085597,13.3165700823052,22.7522357057507,13.5088726541055,-3.49681731790571,-39.3477943691636,-18.4983237901316,-4.52463666970315,-1.70244978927408
-0.296076018972378,-0.346747728781882,3.18281118190967,12.8053878447255,22.9087194323432,15.7741784446441,-5.69853556970963,-39.4615550729808,-17.9419384328444,-4.44713959963061,-1.69847558493401
-0.359166043112887,-0.448586244964393,3.08842470945831,12.2947023837861,22.9807516241038,17.7836437944455,-7.68216844032062,-39.4814259382483,-17.4337400206078,-4.32493268148482,-1.67413358337326
-0.415301261425404,-0.507702261735645,2.991057611472,11.772094306322,23.0155257856428,19.5521720311201,-9.44572882719111,-39.4416842076643,-16.9151093808563,-4.22160325463158,-1.65177868395319
-0.444114028365903,-0.587682754777744,2.89120665926751,11.273331465229,22.997145157359,21.0867180285882,-10.9966683997914,-39.3264331891075,-16.4039303297678,-4.1480803933568,-1.66519162357166
-0.462494586563637,-0.652263277303567,2.79085893591952,10.7964267584668,22.9554161635226,22.4071528935388,-12.3747293678552,-39.1456083148191,-15.9021899568705,-4.03133801187615,-1.64979158173357
-0.514158858261803,-0.709888974213443,2.70491756896711,10.3294575677188,22.8505969051325,23.5244057248905,-13.5595438544677,-38.9126224190421,-15.4173398532356,-3.94489897204921,-1.62992056001654
-0.569300532890315,-0.760063072362705,2.64232443471301,9.85503674156,22.7164679962268,24.4628186238285,-14.5769442964971,-38.6011466050205,-14.9444122911759,-3.85498249958089,-1.57080427048989
-0.616493858012751,-0.801792025207663,2.58320869686556,9.39104820720327,22.5386229986065,25.2204044762483,-15.4284210291735,-38.2360194543382,-14.494336270435,-3.77251766847309,-1.52112671629156
-0.629409925932124,-0.878295105592134,2.5042221226438,9.00058248229543,22.3955521629265,25.8090859449908,-16.1189418306473,-37.9066598602446,-14.0566795639787,-3.74420143120834,-1.56881716845909
-0.699951527656918,-0.920024058440458,2.45603534477385,8.57285857817013,22.1754813982264,26.3048700013959,-16.7125910068715,-37.4550944437215,-13.6110744945489,-3.63342036286128,-1.5092041033593
-0.745157765365382,-0.971191703079468,2.40238408688422,8.17394766759834,21.935539684679,26.6491368872464,-17.1850264588403,-36.9940903649594,-13.2086886443223,-3.51618120509615,-1.45058458927111
-0.767512498302908,-1.00050132470599,2.34426189091113,7.78199161784779,21.6816883067335,26.8955385834359,-17.555622511429,-36.5186799081537,-12.801831839873,-3.43967768691567,-1.40786189259788
-0.765525410930458,-1.11028821249349,2.26875271320587,7.41636468243316,21.4094563010675,27.022713652754,-17.8204049453867,-36.0303533873121,-12.4093814409139,-3.41384533013281,-1.44859748708194
-0.829112206858183,-1.13015914238814,2.25683021148328,7.01894410125662,21.0969856231398,27.0808366335777,-18.0081868589212,-35.4853948985476,-12.0139504052988,-3.27176736784177,-1.36265531829277
-0.846002449518374,-1.23299120471323,2.19473384827644,6.68858824366504,20.8053794427442,27.0256943183242,-18.1289038031319,-34.9737201082594,-11.6478289554151,-3.26282539817301,-1.41680385245632
-0.840537959245995,-1.33482972036446,2.09935383451687,6.38605182724775,20.520728094867,26.9094483565232,-18.1825557782967,-34.4565808290594,-11.2737591425285,-3.25288987633386,-1.47592014201882
-0.878789391147546,-1.37556512668244,2.0864377909649,6.04128947511219,20.1491413450888,26.7435246331845,-18.186033221129,-33.8877772968095,-10.9200570075696,-3.13763782273223,-1.44213940508466
-0.891705459065369,-1.42226181189721,2.0372574713756,5.73775950852347,19.8128255304106,26.5244457054874,-18.1343683561885,-33.3269221098123,-10.5743032350916,-3.07454725898239,-1.41531352577716
-0.910582789093322,-1.47193913665253,1.99751579892863,5.42379725204702,19.4452129717681,26.2631406804134,-18.0479290628614,-32.7392412522802,-10.226065597844,-3.01990188872778,-1.38302311546519
-0.921511769630284,-1.51118422317389,1.97913527544167,5.09940270629204,19.0666713918803,25.942719119719,-17.9142959024831,-32.1436120462634,-9.89720209419259,-2.93048219193084,-1.35917788938609
-0.919027910416957,-1.57079701286585,1.95429673017092,4.81673732140209,18.7060136670227,25.5830521279814,-17.7697336359763,-31.5738149647254,-9.5832417697756,-2.89272720879966,-1.37606825786606
-0.942376187026274,-1.60259050067934,1.92449047589095,4.51469768398647,18.3230011251314,25.213449584665,-17.6008292696569,-30.9578181181468,-9.28368785249436,-2.81125592942991,-1.35073270515379
-0.969698638388167,-1.60656468665037,1.91803245412669,4.24395491702531,17.9519111532871,24.8190081609742,-17.4006279174605,-30.3577179626146,-8.97419848075511,-2.71488136734052,-1.264293760683
-0.98360824998289,-1.63637108145228,1.88176817809727,4.00649612371578,17.5768469922447,24.4290377368302,-17.1870135712447,-29.7610952066467,-8.70941864892524,-2.67613283202409,-1.24293241232612
-1.01589841975312,-1.64133881391726,1.86686505095618,3.70793391747967,17.1650215769298,24.0216800966198,-16.9391215739454,-29.1450983547241,-8.4391743171458,-2.59317122438265,-1.16593220315981
-1.05663371085521,-1.62345497706303,1.89865838882574,3.41881045010559,16.7576671253763,23.5780576921185,-16.684771468244,-28.5176757534331,-8.18432993784288,-2.46500299228841,-1.0775061565363
-1.05166599242866,-1.66866134250592,1.85494254917298,3.18582263928517,16.3970094050373,23.1230094029789,-16.3966404887536,-27.9394335436904,-7.9468726014719,-2.44314484412902,-1.0581319103332
-1.08693679325837,-1.71883544031797,1.84053619295243,2.93942188435239,16.0244291155136,22.6600126736014,-16.1263935008376,-27.3433075529987,-7.69500885754067,-2.37309941488938,-1.0352802353452
-1.10531735143429,-1.76404180572927,1.80824608414714,2.70842117678576,15.6722165495251,22.1736673970148,-15.8397528531745,-26.7600976235299,-7.48884819869282,-2.31497661184544,-1.03577701088877
-1.12618176881414,-1.79682883997436,1.7600593064368,2.51120121827213,15.3368942905687,21.6803672353536,-15.5695058645284,-26.1903005269114,-7.29461008398267,-2.29212491149935,-1.04124154186721
-1.15797516673222,-1.84849325755187,1.71187252869906,2.30603284837483,14.9936236528646,21.204454290641,-15.2595166711331,-25.6100712243567,-7.0854687886556,-2.26480222630152,-1.02584150001828
-1.17536218121902,-1.90164799486791,1.69299523434461,2.12073550738509,14.6498562422218,20.6982379134385,-14.933630595801,-25.0536869598098,-6.86241785837216,-2.22903434746631,-1.02435117338736
-1.19423951123917,-1.94288017426687,1.66865346002108,1.92450910069675,14.302114642391,20.1979828679535,-14.6226478464136,-24.5057478122702,-6.67910874142982,-2.19227291646411,-1.04620929730432
-1.22553613730831,-1.97218979577522,1.65673095832707,1.7233149371223,13.9444375689836,19.694747158179,-14.3211038702587,-23.9662537813944,-6.4838770803774,-2.14060820261138,-1.01988019349087
-1.24441346731488,-1.99504136509695,1.63139564221257,1.57477899931481,13.6433926996087,19.1825694522446,-14.0031662341593,-23.4307339223763,-6.28417446474713,-2.10185966720737,-1.01938341794711
-1.25285858863535,-2.03478322474952,1.5921507407871,1.41332689314463,13.3229736558139,18.698708070959,-13.695164148903,-22.8947172904088,-6.09589762062149,-2.09043381702615,-1.02981570436253
-1.28415521471159,-2.07005412518313,1.5613509447252,1.26677805836644,13.0015610654339,18.191994920893,-13.4040525000826,-22.3890037292167,-5.92153041122093,-2.08298217560361,-1.04720284839164
-1.30849703498305,-2.06955735193814,1.55986063201332,1.11128726101797,12.6438839947826,17.7170755383937,-13.0955536364529,-21.870374103075,-5.74915029237702,-2.05267883381236,-1.02534472447083
-1.32091633104273,-2.08893150850914,1.53601562862117,0.990073987624361,12.3085617416371,17.2312270494192,-12.7860612169792,-21.3860217213117,-5.56683471966099,-2.03429811829048,-1.04720284837838
-1.3060131757726,-2.12917014136683,1.53651239952481,0.864886508714447,11.9911233422741,16.7493527826205,-12.4785559076406,-20.9344562689427,-5.39048041918236,-2.02336904420421,-1.06359644130664
-1.3070067194571,-2.12718304838575,1.54197687946864,0.723802207202818,11.6756720384593,16.2779108457993,-12.1953926981229,-20.447123254566,-5.23200993475537,-1.97865919563144,-1.06757064565564
-1.34575492314137,-2.10631857207431,1.57178313372062,0.57675659739762,11.3497884876365,15.8323013451074,-11.9047778248342,-19.9339581113112,-5.09142326669835,-1.90712343780073,-1.00845435589188
-1.39046438894043,-2.11923467644544,1.5757573009551,0.462498184302265,11.0412920168615,15.3717885171648,-11.6126726183239,-19.4600379300448,-4.92748828236171,-1.86539424578389,-0.977654272185277
-1.39543210736169,-2.13910560625518,1.56433157017164,0.357181734088242,10.7481955314714,14.9147531335612,-11.3200706340115,-19.0044982997794,-4.78690161408282,-1.85496194778088,-0.990570436323588
-1.38847730157091,-2.15351203037827,1.57128636282734,0.231497479919452,10.448640988248,14.4641758592391,-11.0478365292601,-18.5519392984125,-4.66072135322369,-1.79832947284684,-0.988086558604609
-1.37506446182574,-2.16841522772596,1.55688000662709,0.125684254151766,10.1639896564689,14.0180695842346,-10.7676539832474,-18.1351478574404,-4.54795395480151,-1.76007771350482,-0.981131700994802
-1.38301281130124,-2.18431197156137,1.55837031933867,0.0243420097401063,9.89275121528074,13.6007764099749,-10.4984005433576,-17.6895436579739,-4.40587696801672,-1.70493556690601,-0.97268651675358
-1.40238691313859,-2.18331842507134,1.556383235723,-0.0874325243159615,9.63194502242584,13.1740444624878,-10.2286503255345,-17.2588426077616,-4.29161925137502,-1.65525795732918,-0.968215536858368
-1.41878038393104,-2.18530551805183,1.57178313374387,-0.209142572649067,9.35971303485069,12.7488028484175,-9.97976476497575,-16.840560849248,-4.17934862522338,-1.62048363062756,-0.940396106427308
-1.44063834499185,-2.20467967458171,1.56482834109401,-0.311975143999292,9.08847459477298,12.3419420060416,-9.71696943240673,-16.4202920033229,-4.07701345282326,-1.57428345375322,-0.912079900453668
-1.45206409736174,-2.22653769736185,1.57426698827322,-0.405368976823272,8.84406193484147,11.9450167156131,-9.48249042091832,-16.0472164665316,-3.96772346268598,-1.55838661868501,-0.89022177652644
-1.42424487420788,-2.26727310347182,1.54495750492508,-0.488827295400327,8.61703635491337,11.5590205328227,-9.26291473619609,-15.7059343166027,-3.86638183550703,-1.57030924500497,-0.946357413028102
-1.43020613631037,-2.25236990611972,1.54893167216035,-0.602092156405533,8.36417854304533,11.1864373452416,-9.0319131669294,-15.3273942896098,-3.78292402468015,-1.52112841146319,-0.906615369480491
-1.45305764103963,-2.26975696968573,1.56780896650174,-0.702937624700508,8.11479814737815,10.8237897101717,-8.80886003861232,-14.9473639467863,-3.68009207928744,-1.46101850383344,-0.859918468333984
-1.45206409735513,-2.31496333496463,1.5578735484229,-0.76205393368876,7.88230805757355,10.4522000791335,-8.58183268941627,-14.6294300648911,-3.58123431519122,-1.48585730864557,-0.874324959100678
-1.48485103894592,-2.33086007878893,1.56433157016657,-0.819183139846479,7.63640507825454,10.1019718847012,-8.37318611015471,-14.2797027943058,-3.47591850628434,-1.46002495165275,-0.865382999313842
-1.47143819920504,-2.35967292695577,1.56880250830199,-0.882770430184313,7.41931497351398,9.71994992565152,-8.14268131752553,-13.9622656829927,-3.40289292169653,-1.44561844486277,-0.873828183555064
-1.44461251973525,-2.39146641461036,1.54744135944595,-0.934931879187598,7.2061990587343,9.37369595294368,-7.94198317898175,-13.6597317218033,-3.30304161216405,-1.44015390780302,-0.877305612362519
-1.41629652472559,-2.42425344875767,1.53452531594378,-0.977157814143123,7.02934762376015,9.02744198075677,-7.74178181773425,-13.3576945321096,-3.20766125660915,-1.42872805759004,-0.905621818336713
-1.4113288063038,-2.41580830360611,1.54545427582321,-1.04024832866003,6.84057362026119,8.70205266738866,-7.53810301327618,-13.0566508853123,-3.10582285626682,-1.40339247668561,-0.899660511811922
-1.41679329656642,-2.4312082741857,1.51813187610607,-1.07750650652144,6.64583833261334,8.37566979900157,-7.33690809665578,-12.7595814116592,-3.02137149976074,-1.38501176112483,-0.936918677585669
-1.41033526261702,-2.46101466884346,1.50670614532091,-1.10482917026243,6.4714707666064,8.04481593302885,-7.14316484350998,-12.4794021750779,-2.93990077942494,-1.40637313326658,-0.972686516707819
-1.36761288419477,-2.50125330166656,1.48931916367242,-1.12072599280614,6.32641284863308,7.72439439638083,-6.96730558260999,-12.2429388475167,-2.87581710297057,-1.4401539078314,-1.08843521836695
-1.32290341840702,-2.52211777792419,1.46845478571717,-1.16096482483501,6.16794204123136,7.40446963798017,-6.79343343193216,-12.0233657572803,-2.81322374459474,-1.46896692142483,-1.23299690142487
-1.30750349129384,-2.51516295250386,1.47491280746786,-1.21163594667997,5.99953576010898,7.10491276050166,-6.61608383795097,-11.7565993556257,-2.72628852442735,-1.43717325126069,-1.33930686751951
-1.26676820022216,-2.50025975516898,1.52856406511082,-1.23548118050418,5.85745848470161,6.83466576009607,-6.41290180994771,-11.5325553197114,-2.61252757915258,-1.41630865520768,-1.36017144035056
-1.24441346730996,-2.46498885482065,1.58519594824556,-1.2488941245329,5.68458124069527,6.61807073792463,-6.23853288107039,-11.2985758494789,-2.49628277037277,-1.36315361283858,-1.34725527621579
-1.20169108885526,-2.44412437855349,1.63984074768997,-1.25833286290882,5.54598138138927,6.36521095329121,-6.04230573879284,-11.089931735661,-2.42325718541038,-1.3403019123934,-1.40935221912586
-1.18082667146596,-2.43518246015544,1.68653721269858,-1.26876515270705,5.37906542188477,6.15259015220676,-5.87737558366426,-10.8594296667884,-2.36811541710603,-1.31546310756375,-1.44412650712114
-1.12071727850986,-2.41034379792263,1.74764003395213,-1.25535220869326,5.21860752046793,5.94295001678976,-5.72337453506849,-10.6423404335433,-2.27919310605401,-1.2911210788264,-1.4744298152743
-1.05961434189134,-2.37358257780819,1.81122670971483,-1.24790057312676,5.06212380870669,5.73529699174333,-5.55248304880727,-10.4197867112729,-2.20467720289889,-1.26727582618597,-1.48386855059497
-1.00546621104081,-2.34526650288446,1.87083921823058,-1.23250052629572,4.91408524971926,5.53410207549414,-5.39252066921029,-10.2359811816055,-2.10383234729712,-1.22107564920426,-1.4883395304817
-0.931943978292521,-2.31198269549383,1.92150985050528,-1.21113917099956,4.77250474871525,5.34085560043711,-5.23752606515144,-10.030317696967,-2.00994230925582,-1.18332066586397,-1.46300397780314
-0.866370095040149,-2.24789894691338,1.99503194434863,-1.16046804917166,4.63887262694357,5.14959623605402,-5.08600890409077,-9.83906059152392,-1.92499417965518,-1.14109469765488,-1.4128296480378
-0.818183226290046,-2.21163450003642,2.06110247468638,-1.1097969273267,4.50871792107883,4.97870475208188,-4.9538660683771,-9.64432608379476,-1.88475559188117,-1.12519786255698,-1.32986813247872
-0.787383372035556,-2.18629906453955,2.08097331088678,-1.08793879632231,4.37409225205966,4.80085838216377,-4.83563300471391,-9.43915937022069,-1.86885886584202,-1.09489452063807,-1.3472552764915
-0.755589974092894,-2.17785391937575,2.07103789278142,-1.06657744101288,4.25735043592541,4.58923113763161,-4.73528393387133,-9.27025699086286,-1.84799441289819,-1.12470108646706,-1.3860037688761
-0.766518954632479,-2.12221531588157,2.12717300509264,-1.05068061848234,4.120240898737,4.42380420728956,-4.64934141274672,-9.06210964658264,-1.80030423479068,-1.07303637233666,-1.31297776399814
-0.7232998042889,-2.08595086900072,2.14455998677251,-1.02683538464949,4.01740874588398,4.24297717234554,-4.54998589697792,-8.90512978781728,-1.75758178354642,-1.06707505917371,-1.29410029337803
-0.710383736368321,-2.08495732251071,2.14952769582568,-1.01342244062632,3.902654024695,4.03582092659952,-4.44864327082837,-8.73920803816949,-1.72082060453698,-1.07502347672332,-1.27820347599072
-0.680577425786345,-2.05564770101575,2.17834040834688,-0.997525618074795,3.79137671938095,3.84406478545932,-4.35574586346358,-8.59812487366544,-1.6761110624838,-1.03925559771813,-1.24889371893086
-0.691506406331321,-2.01938325412029,2.17337269929715,-0.979144917002206,3.67612522463588,3.67814107802715,-4.26036456821158,-8.43071280869149,-1.66021433642186,-1.02534586699649,-1.2280291461194
-0.698461212138049,-1.99851877781502,2.17933395016139,-0.960764215914389,3.55888663517322,3.50277859687547,-4.18038337784474,-8.26578460209498,-1.63189829309911,-1.00746192749872,-1.21411943091258
-0.701938615040694,-2.00050587079759,2.18479843011995,-0.960764215914389,3.46201576685076,3.35175821673163,-4.10785385117581,-8.12221757888831,-1.58867906910082,-0.991565092388939,-1.18133224507178
-0.611029367641349,-2.06260252636545,2.09836029272939,-0.906118888284559,3.42773838263827,3.14758263719521,-4.01147900053921,-8.05316631166272,-1.56384043462386,-1.09837195300019,-1.3035390283758
-0.582713372578464,-2.05614447417442,2.10183768906648,-0.915060850971183,3.33682879859296,2.97371048911543,-3.93646558584963,-7.92797984133164,-1.55042757201651,-1.10085583348679,-1.29161641533975
-0.562345727007187,-2.03279613164265,2.12071498347086,-0.924002813661743,3.25833855668119,2.8241804418804,-3.84257462308798,-7.76404517765237,-1.52757602828612,-1.09042353545086,-1.27969380230463
-0.532539416437133,-2.0293187189187,2.08196685283219,-0.912576972459782,3.18879024111493,2.67316006202879,-3.76507732049755,-7.65872957542666,-1.5111825295301,-1.09787517691887,-1.27969380230463
-0.527074926160236,-2.01193165532047,2.06656695477212,-0.907112439702247,3.11626128341699,2.50276535727751,-3.69006390577748,-7.51267869306577,-1.49379548538767,-1.09439774423979,-1.25783567841119
-0.507204052427522,-1.96473819698366,2.07451528925975,-0.921518935134162,3.04124845740709,2.3909904052835,-3.61356015825885,-7.40040828683594,-1.47938907737533,-1.06757183499927,-1.25535180069353
-0.503726649524738,-1.96026723776848,2.05216059850694,-0.918538280904285,2.97666787874531,2.24692491165776,-3.55891462432089,-7.27124764240457,-1.46995039625986,-1.06608150670622,-1.25088082080007
-0.477397741842763,-1.94784790662355,2.07054112199708,-0.92499636506693,2.92301632109819,2.09739486492968,-3.47943021127651,-7.1639449531394,-1.45306012480242,-1.06012019353733,-1.23200335014636
-0.44361725648363,-1.97119624915407,2.02334788603688,-0.918041505191272,2.8986744106698,1.94041315484946,-3.4069006843423,-7.10135171775026,-1.44213112561233,-1.10731392273865,-1.29310674189097
-0.450572062287946,-1.92449956400707,2.03427684595845,-0.926486692171882,2.8380680215226,1.81373487618897,-3.32592593851557,-6.96722335603896,-1.44709885251439,-1.07949446127111,-1.26578408699129
-0.522107207801125,-1.83607392641549,2.10183768894463,-0.98411267403159,2.72877781142537,1.72133424952713,-3.27873206819542,-6.80229514846468,-1.42474408145343,-0.952816556772626,-1.12569338413005
-0.521610435957724,-1.80676430490478,2.08743133269489,-0.968712627179812,2.67959721696905,1.58720430758749,-3.24048019437528,-6.6790957642,-1.38202163011353,-0.940397154337046,-1.10333848467236
-0.504223421436845,-1.80428043867626,2.06656695467003,-0.955299683142409,2.63190694356934,1.45059047787533,-3.20371865328424,-6.62147024573931,-1.37009908554608,-0.937416497754519,-1.10284170912911
-0.469449392408307,-1.81173203736963,2.03328330405287,-0.945364169048218,2.58868763331694,1.31049920531384,-3.15553122780983,-6.53254810946635,-1.34724754179863,-0.96324885482562,-1.12768048632206
-0.472430023468532,-1.79782238647927,2.00894152972393,-0.962751318725883,2.52907479159195,1.2076662499732,-3.1083373574829,-6.45356140733734,-1.33582176992371,-0.934932617277201,-1.10035783142879
-0.482862232179529,-1.81570622333686,1.97267725364969,-0.940893187721491,2.49479740762511,1.07254275314959,-3.06511770778615,-6.36513604269526,-1.32737663418654,-0.925990647523677,-1.09539007599273
-0.485842863239078,-1.81272558385948,1.94734193749324,-0.937415757786048,2.46548776046264,0.954309693512468,-3.01146572887085,-6.29360091618995,-1.31545408961198,-0.938410049962867,-1.0735319520578
-0.489817037984719,-1.80229334569128,1.91604537047955,-0.942880290537358,2.41630716609305,0.857934846615414,-3.00202695480163,-6.19971106261092,-1.29260254584815,-0.921022886545112,-1.05366093030189
-0.533532960208353,-1.74615796891919,1.93989037389822,-0.960267440221775,2.34079756660594,0.771495550998738,-2.97222029982373,-6.07353104781859,-1.27869291050492,-0.839551606602378,-0.940892882008074
-0.533036188365231,-1.7660288987834,1.89915515967532,-0.960764215926401,2.30204921955303,0.650778603723396,-2.93446520350214,-5.99553788892856,-1.26925422938973,-0.833590293426553,-0.926486391230947
-0.556881236839081,-1.74963538165534,1.88872297066998,-0.947351271888304,2.26429441985525,0.527577768729763,-2.88429066757047,-5.90860283920822,-1.2613058663386,-0.81669990610943,-0.887241123269544
-0.592648809546993,-1.73373863776569,1.87580692714451,-0.967222300081832,2.22355897808392,0.424248036193095,-2.83113546617096,-5.85048054878768,-1.250376867141,-0.778944922665676,-0.868363652601056
-0.614009998814363,-1.73125477153684,1.83705879658438,-0.999512720896732,2.20120416247124,0.308002087161765,-2.78692226125905,-5.76851321620847,-1.23994464063748,-0.76453841584489,-0.84402165096983
-0.637855047294573,-1.72926767855223,1.81271702228732,-1.00597080505854,2.17090096798824,0.21560146102785,-2.74817360976554,-5.68902974211032,-1.23000918682445,-0.745660924141829,-0.825144180305406
-0.647293712317046,-1.73324186452198,1.80526545872313,-1.02286117901604,2.14059777352027,0.110781395894172,-2.70147651691545,-5.63984934251393,-1.20765441574213,-0.75758355048209,-0.805769934090545
-0.681074197646889,-1.72628703907941,1.77595597536847,-1.04620963713346,2.10979780537377,0.00993555133582394,-2.67961830324146,-5.58570122577045,-1.20517055228921,-0.733241521691674,-0.781427932439788
-0.693990265568847,-1.73920314347795,1.73472399031939,-1.0710484223728,2.09489459497044,-0.09538129121012,-2.64037287413231,-5.53006279386719,-1.20119637076245,-0.713370477785875,-0.797821525392748
-0.724790119833193,-1.74516442243193,1.71286607052921,-1.09290655336248,2.07800428986436,-0.209640129811799,-2.58423700721094,-5.46498569932886,-1.20517055228885,-0.692505881667889,-0.780434381343561
-0.74813839645434,-1.78192564263822,1.66865346004615,-1.12519697416317,2.06707526891216,-0.318434415230211,-2.54300446775431,-5.39643120276931,-1.20268668883348,-0.714364029972438,-0.800305403105698
-0.776951163344487,-1.78142886939187,1.62543439138772,-1.1689132361199,2.05167528485015,-0.413815706473769,-2.54846902117353,-5.32787670616886,-1.18927382618689,-0.708402716795127,-0.75410527745492
-0.814705823396868,-1.77795145666587,1.58817657355572,-1.2429328160651,2.02137209041307,-0.473429013500988,-2.54995935392572,-5.26031575298229,-1.18033191774982,-0.653757345981549,-0.694988987626346
-0.855441114494613,-1.81421590364417,1.54545427579982,-1.28267487239042,2.02633982720952,-0.574771635363131,-2.53853346949498,-5.20020637553201,-1.18082869044078,-0.674621942102569,-0.655743719612708
-0.916047279326047,-1.81669976987302,1.52111250151179,-1.32042982588971,2.00050759586938,-0.665681928442851,-2.51816558854883,-5.13264542236559,-1.15847391933977,-0.657731554784394,-0.630408166869703
-0.967214779138315,-1.82216427558017,1.49925458175995,-1.37308805051259,1.98312051709065,-0.771992325811458,-2.49432026451688,-5.08048439231694,-1.15499651050381,-0.626931436710579,-0.586195143416495
-1.02533708475031,-1.82067395584161,1.45702905494837,-1.4277333779203,1.96623021199946,-0.858928398441305,-2.49481704210094,-5.00646540683771,-1.13512560284986,-0.589673229377536,-0.55589183520462
-1.05365307978261,-1.82067395584161,1.40735196461433,-1.46350122859828,1.9553011910569,-0.972193681478061,-2.47047494048237,-4.95380760509329,-1.12618369441627,-0.598118423042323,-0.548440202041558
-1.10929152616447,-1.82315782207107,1.39443592112237,-1.50920459335466,1.9175463914236,-1.06409752954754,-2.4491135043538,-4.89717562960415,-1.11078374099113,-0.590666781573393,-0.529065955823285
-1.15698162303969,-1.81918363610197,1.3541974779344,-1.53851435986993,1.90015931265445,-1.14209160601894,-2.43421017682706,-4.85594357722974,-1.10432569601025,-0.587686124983623,-0.5136659139412
-1.19225242386516,-1.8196804093475,1.30650747123021,-1.5762693133526,1.88724319699221,-1.22654379070603,-2.42427462513852,-4.82911790459895,-1.0760096525928,-0.583711916202464,-0.509691709590017
-1.22354904994474,-1.83309328699412,1.28067538426034,-1.58670160312302,1.8827722338799,-1.2980797588893,-2.38254530808261,-4.81222766626998,-1.05713229033114,-0.578744155220237,-0.537014364554941
-1.22354904994474,-1.87283514668087,1.23000475211962,-1.59365646296897,1.89618512321462,-1.39097716204414,-2.34876443233996,-4.80775672083045,-1.04968069996324,-0.628421765055921,-0.614014573968388
-1.23547157416005,-1.86637709448446,1.191753392578,-1.633398519212,1.85942387095327,-1.45059046882149,-2.32442233070567,-4.7695052987225,-1.03775815537622,-0.598118423064651,-0.618485553871739
-1.25782630706479,-1.87581578615106,1.15300526213946,-1.65326954733969,1.85793354991554,-1.51070055312726,-2.31846099969326,-4.75609246240494,-1.03577106461023,-0.594144214282171,-0.631401718018391
-1.27521332154811,-1.89071898352598,1.14058598956378,-1.68506319232506,1.85544968151995,-1.57726874563178,-2.30653833766701,-4.72131844229685,-1.00397761236201,-0.591163557692278,-0.653259841982414
-1.28167135549941,-1.9254931107276,1.12220546615585,-1.69599225778794,1.8753206286877,-1.65774670972779,-2.27673168260211,-4.7009508019491,-1.00199052159531,-0.604079736240971,-0.690518007811582
-1.28862616129352,-1.95480273221783,1.11227004810377,-1.72132781864451,1.88376578123365,-1.68606303040327,-2.26530579815906,-4.65276394551421,-0.975661568957374,-0.5926538859879,-0.695982538798041
-1.29508419524318,-1.97765430151315,1.07252837587286,-1.73573431403429,1.88128191283949,-1.73425045330417,-2.26878324125125,-4.62891890315498,-0.9592680701343,-0.58371191622212,-0.700453518695878
-1.30750349129442,-1.99901555108703,1.05017368524767,-1.7754763702547,1.86637870247928,-1.79088309465926,-2.24742180511093,-4.61798992540292,-0.9294617086516,-0.582221587927096,-0.708401927410379
-1.32439373393142,-1.9975252313504,1.0442124344176,-1.80081193110275,1.86190773936758,-1.86092872996793,-2.2305313672295,-4.59960937191287,-0.939397162487772,-0.552911798145654,-0.698963192073826
-1.33234208340777,-2.03229935853706,1.02235451469978,-1.85496048267713,1.85544968154064,-1.91855492640463,-2.21910548278289,-4.56781598207843,-0.921016572896618,-0.552911798145654,-0.722808418200992
-1.37556123368394,-2.04124127695481,1.01589649296553,-1.89768319310412,1.83061099759532,-1.97220690239408,-2.225563591385,-4.52658392964456,-0.892700529468181,-0.52807299324071,-0.685550252384952
-1.39741919473544,-2.06607993923633,1.00099336589109,-1.90960580996099,1.81372069252738,-2.02238143548336,-2.2215893707073,-4.50472597412142,-0.875313485263448,-0.538505291307611,-0.697969641001239
-1.402883684999,-2.08744118877979,1.00447076220944,-1.92252197823295,1.79335297169082,-2.06510430522882,-2.19178271561957,-4.47690675802665,-0.865378031429947,-0.530060097642649,-0.682569599133323
-1.38301281130311,-2.1361249667875,0.960754922804039,-1.91954132401781,1.79285619801174,-2.10733039739328,-2.18780849494264,-4.48932605092934,-0.847990987206001,-0.562847320111047,-0.732743929070445
-1.38947084525329,-2.14804752467014,0.930451897762779,-1.91308323988141,1.77795298763387,-2.14607904667641,-2.17389872256437,-4.4823712469034,-0.836565215292869,-0.570795737676007,-0.748640746474243
-1.46199953417178,-2.11625403694978,0.959264610127339,-1.95828982877773,1.73572722494369,-2.18582125107678,-2.13862751402658,-4.44312628126745,-0.814210444152469,-0.534034306389966,-0.72032454044075
-1.47839300496204,-2.13115723430108,0.961251693737019,-1.98660604382268,1.73771431965899,-2.23798289431388,-2.13564684851902,-4.42722958634548,-0.801294354159274,-0.539002067371367,-0.731253602409926
-1.48087686417179,-2.13612496675658,0.979135446235183,-2.00697384760375,1.73274658287498,-2.28368642934494,-2.13266618300932,-4.40040391365599,-0.803778217618205,-0.525589112711971,-0.730756826865343
-1.51565089310623,-2.13662174000214,0.999999824148162,-2.03081908131255,1.71535950411781,-2.28964776000005,-2.12521451923373,-4.35817831773643,-0.772481538014168,-0.502737412179488,-0.684556701219991
-1.55489586862084,-2.1465572049006,1.00596107497794,-2.03230940841794,1.69052082018959,-2.31100919485086,-2.09987886239491,-4.34625579653546,-0.769004129170313,-0.477898607252876,-0.673627639247821
-1.53254113572563,-2.1679184544366,0.975658049944911,-2.03330295982208,1.68654663076151,-2.35770628496612,-2.08795620035868,-4.34625579653546,-0.77397185609107,-0.512176158014936,-0.720324540395241
-1.536018538619,-2.17238941364373,0.983109613480751,-2.06062562342448,1.69598533065046,-2.39595815665667,-2.07404642798074,-4.33979776421723,-0.755094493791068,-0.487337353086259,-0.723801969206712
-1.54446365993385,-2.15102816410027,0.983109613480751,-2.09738702538174,1.69101759386455,-2.430235807909,-2.06609798661679,-4.31148177636669,-0.733733268028944,-0.475414726730648,-0.715356784952597
-1.59563115967928,-2.12867336809224,1.01142555490296,-2.11924515628204,1.65723698371938,-2.45656501827976,-2.05069788148647,-4.26875940874903,-0.74714613071759,-0.445111384753854,-0.672137312636443
-1.59861179073283,-2.15400880356733,1.00745138768782,-2.15252912834639,1.6468047364622,-2.49133944707026,-2.03082677807277,-4.24789499665668,-0.740688085719739,-0.438156519384658,-0.685550252313154
-1.5588700433977,-2.20269258161689,0.981619300738368,-2.14954847413672,1.65723698370587,-2.51766865744921,-2.04771721597158,-4.25733365928503,-0.729262313791931,-0.448092041359431,-0.7039309474613
-1.55390232497717,-2.19921516890266,0.990064406081698,-2.15302590405164,1.64481764173886,-2.52909454119075,-2.02635577982154,-4.23299184516124,-0.725784904945896,-0.44113717598518,-0.712872907250761
-1.53154759208345,-2.23349252280926,0.966219402754346,-2.13315487597281,1.65922407841623,-2.55691408421046,-2.01244600743728,-4.22504349769077,-0.695481770721587,-0.464982428707794,-0.750627848611384
-1.4977671068333,-2.28565371351849,0.945355024841367,-2.12470968903766,1.66021762577333,-2.60212084163014,-2.00499434365902,-4.21808869364839,-0.674120544926283,-0.479885711666238,-0.814711893838809
-1.48385749526322,-2.291614992455,0.952806588381073,-2.11775482921151,1.65276602060154,-2.6468308214888,-2.00797500917107,-4.20169522698544,-0.643320637991832,-0.493795442428319,-0.793847320969779
-1.50422514079052,-2.29906659112455,0.973174195365454,-2.11825160491356,1.65226924692309,-2.64981148681222,-1.99704590229851,-4.17288246740283,-0.620965866836743,-0.460511443862952,-0.76255046169962
-1.4913090728992,-2.32887298581113,0.980128988001396,-2.10334833386253,1.63786281025246,-2.67961814003527,-1.9905877936913,-4.14556002295642,-0.599604641050372,-0.476905055118773,-0.778944054661566
-1.42126424311233,-2.41630507680958,0.927968043289161,-2.04522557668155,1.66518536259194,-2.71687645655829,-1.99356845920314,-4.19126302087072,-0.587682096427024,-0.525589112700111,-0.869357203589058
-1.41828361206112,-2.42375667548193,0.932935752314711,-2.06459982904964,1.67611438351434,-2.73028945050963,-1.98412968508536,-4.17437278248505,-0.558372507574863,-0.524595560503501,-0.846505528541577
-1.42921259258876,-2.4302147276563,0.950322733886744,-2.05814174492226,1.66270149419254,-2.75512832818624,-1.99009101611147,-4.1535083703709,-0.527075827934366,-0.521614903916084,-0.839550670932315
-1.42176101495871,-2.46449208151226,0.923497105166662,-2.02783842709772,1.65127569959264,-2.79338019981733,-1.97916190923734,-4.14754710976404,-0.522108101006783,-0.532543978083566,-0.854453937258877
-1.42424487416906,-2.46449208151226,0.913561687116053,-2.03827071683871,1.64531441545151,-2.82567074079659,-1.96475535926327,-4.14705033804692,-0.513662965234812,-0.51217615804734,-0.8335893644119
-1.42772227706452,-2.48287269155195,0.905116581777728,-2.03529006262511,1.63190152613083,-2.85001284091235,-1.94091003515427,-4.14705033804692,-0.506211374843328,-0.515653590734068,-0.851473283984173
-1.4406383449579,-2.48635010426067,0.892200538318636,-2.03628361402944,1.60706284221971,-2.86690327772859,-1.9438907006659,-4.13463104510809,-0.527572600638632,-0.517640695127826,-0.838557119842829
-1.44212866048351,-2.49628556915059,0.88276189116881,-2.0417481467502,1.59812091601762,-2.87634205124365,-1.93594225929947,-4.10383119861403,-0.528566146024505,-0.52211168001392,-0.847002304101407
-1.4456060633773,-2.50423394106146,0.879781265755172,-2.05218043649037,1.59364995291221,-2.90167770647773,-1.91557437829433,-4.0874377319364,-0.527572600639137,-0.507705173157831,-0.864389448145148
-1.45355441284941,-2.49926620861704,0.873820014924218,-2.05615464210511,1.59215963187797,-2.89869704115709,-1.91408404553853,-4.05763142886132,-0.535520963725643,-0.499756755580655,-0.861408794880128
-1.51714120868981,-2.46598240129703,0.909090748952922,-2.08397408146156,1.56135966378916,-2.91310359019713,-1.90961304727061,-3.99851559458275,-0.51614682869447,-0.457034011177865,-0.839053895449997
-1.53154759210177,-2.47442754645539,0.913561687076966,-2.07850954874433,1.53354033781791,-2.92552302903428,-1.91458082312261,-3.98410921477191,-0.513662965230049,-0.427724221359287,-0.878299163453647
-1.53502499499625,-2.47790495916374,0.920019708807549,-2.09639347401482,1.51665003276021,-2.95334257200153,-1.91060660243873,-3.97069637840131,-0.511675874457235,-0.403382192548144,-0.857434590614429
-1.54893460657114,-2.44760179126534,0.942374399405131,-2.12620001613771,1.51267584333585,-2.9627813455115,-1.88725805591562,-3.93343849956812,-0.496772693665583,-0.383511148603552,-0.850479732996456
-1.53899916972876,-2.49181461001184,0.93144543955513,-2.1356387544699,1.51565648540617,-2.98116211497257,-1.90464527140031,-3.92201275007093,-0.499256557128373,-0.410833834014029,-0.876808836824331
-1.5548958686753,-2.48485978459357,0.949825962943083,-2.16941950219694,1.48783715943951,-2.99755577422028,-1.93643903687289,-3.87978715408099,-0.501740420592572,-0.383511148604687,-0.832099037870023
-1.55539264051726,-2.48734365081368,0.974664508064084,-2.19823249290007,1.49081780150704,-3.02090431921138,-1.9284905955076,-3.87531620862112,-0.4729276043971,-0.388478909588359,-0.844021650923805
-1.56085713077733,-2.48237591836939,0.980625758895038,-2.22803903498594,1.455050096743,-3.00351710483865,-1.92451637482324,-3.85693565504558,-0.4729276043971,-0.346252941186363,-0.828621609038404
-1.56036035893538,-2.48535655783508,0.994535344162455,-2.22704548358235,1.44561139685742,-3.04425286417849,-1.93196803860793,-3.84898730756067,-0.441134152033978,-0.352711030467751,-0.840544222090085
-1.55439909683146,-2.50075652840846,0.995528885967491,-2.22952936209115,1.43368882858797,-3.07455629492103,-1.91160015760133,-3.87034849143566,-0.423747107777311,-0.348736821678172,-0.85594426395559
-1.56532807735561,-2.50224684814049,0.99950305318587,-2.25784557710899,1.41232756042823,-3.09393061947848,-1.91408404552807,-3.8435228186801,-0.43566965241455,-0.346749717285488,-0.807260260684086
-1.54893460657605,-2.510691993295,1.00298044950526,-2.25933590421384,1.40636627629712,-3.11678238692202,-1.89868394038301,-3.82315517824014,-0.430205152791516,-0.345259388988668,-0.783911810106949
-1.58370863550308,-2.50920167356293,1.02434159832119,-2.29212310049981,1.38351468712658,-3.09840161746513,-1.92352281964478,-3.77347800641867,-0.425734198551817,-0.292601122496115,-0.744666542100994
-1.57228288313838,-2.52907260333797,1.03477378727523,-2.29460697900796,1.37606308195828,-3.10883394607709,-1.93097448343161,-3.76552965892526,-0.424243880471917,-0.281175272220498,-0.74416976655678
-1.59662470339752,-2.52261455116811,1.05414785246794,-2.29659408181415,1.34824375598779,-3.12175016244671,-1.9245163748247,-3.73472981242201,-0.408843926996642,-0.252859034612688,-0.729763275786421
-1.59761824708145,-2.53105969631853,1.06209618691118,-2.29261987620229,1.34377279289,-3.14261481965486,-1.9111033800219,-3.72926532352267,-0.392947200819355,-0.249381601921988,-0.743176215480983
-1.58122477629315,-2.55291771904114,1.04918014344443,-2.2901359976951,1.34625666127999,-3.16546658707094,-1.90613560416705,-3.72082020431796,-0.400895563912747,-0.241433184347618,-0.753608501898448
-1.58122477629315,-2.5668273698818,1.04520597622359,-2.27125852104609,1.3686114767492,-3.23650577714287,-1.90017427313909,-3.72380083462866,-0.389469791971628,-0.248884825835742,-0.789873116645937
-1.57625705787329,-2.60209827018939,1.03179316185842,-2.27771660516846,1.36712115571509,-3.25438976902631,-1.91259371277428,-3.69995579215494,-0.400398791228308,-0.259317123901994,-0.808750587299648
-1.57923768892537,-2.62942079859449,1.02930930734592,-2.26579398832331,1.37655985559442,-3.2981061936366,-1.91855504380267,-3.68703972748908,-0.384502065034873,-0.28316237662956,-0.846008753064646
-1.58420540734437,-2.62047888020052,1.03825118359014,-2.29311665189743,1.36910825042837,-3.32542895901152,-1.90166460589497,-3.68803327092511,-0.374069838477757,-0.250871930225299,-0.860912019382165
-1.59414084418133,-2.63587885076646,1.0476898307458,-2.29907796031568,1.38152759237042,-3.36070016524032,-1.90911626967626,-3.6875364992068,-0.367115020773116,-0.242426736541567,-0.882770143327361
-1.56433453367443,-2.63786594374252,1.04023826720278,-2.27721982946459,1.39941144476229,-3.40690047763218,-1.86241917663954,-3.71138154169654,-0.375063383865084,-0.275710735187136,-0.925989615684965
-1.55887004341181,-2.64184012969497,1.05265753977417,-2.29212310050675,1.39046951856439,-3.40988114294905,-1.86738695249593,-3.71088476997809,-0.372082747704883,-0.26974942199769,-0.930957371126666
-1.55141846578315,-2.6632013791713,1.04967691435869,-2.31050380145423,1.40090176579829,-3.42528124707297,-1.84801262666317,-3.70045256389364,-0.362644066535569,-0.262297780516378,-0.950828392876747
-1.55241200946706,-2.66469169890332,1.06209618693254,-2.31696188557309,1.39692757637897,-3.41782958378643,-1.84950295941947,-3.69399453155612,-0.347244113036829,-0.239446079964906,-0.957286474949378
-1.57774737340957,-2.64978850159526,1.0715348340805,-2.32341996969111,1.37357921352664,-3.41683602868183,-1.8569546232013,-3.66915594563921,-0.337308659169494,-0.210136290136586,-0.943873535268992
-1.57426997051689,-2.65276914105975,1.07699931400935,-2.32987805380996,1.3864953291437,-3.40491336742572,-1.87434183869474,-3.66319468501737,-0.33432802300965,-0.196226559356877,-0.943873535268992
-1.56284421814868,-2.63985303672956,1.1018378591371,-2.33633613793016,1.39593402902849,-3.40342303476928,-1.86440628698718,-3.66120759814327,-0.332340932236243,-0.194736231061977,-0.938905779835166
-1.57426997051278,-2.63041434510328,1.10928942267552,-2.35422006319509,1.39742435006252,-3.39597137148906,-1.87583217145347,-3.6428270445659,-0.33780543186695,-0.164929665148803,-0.908105696140019
-1.57228288314525,-2.66022073973302,1.12916025878802,-2.333355483742,1.40934691832968,-3.40143592456031,-1.90514204899043,-3.62345294755432,-0.33780543186695,-0.161452232456513,-0.912576676033569
-1.55241200946869,-2.66717556514569,1.12220546614658,-2.3368329136518,1.41232756039704,-3.38802293064843,-1.90166460589283,-3.6010982202177,-0.332837704933283,-0.15101993437249,-0.91406700266551
-1.53800562604848,-2.69996259921991,1.10978619358102,-2.32789095102372,1.42574044970258,-3.39746170413689,-1.92153570932555,-3.58520152522771,-0.328366750694519,-0.181820052480849,-0.957783250492592
-1.57029579577053,-2.68108521593819,1.14555369862948,-2.35024585756528,1.39792112378189,-3.39646814903131,-1.9180582662262,-3.54645333115103,-0.313960342579351,-0.146548949412878,-0.915060553662183
-1.5598635870879,-2.67363361728646,1.15250849126628,-2.35819426878037,1.38202436609454,-3.41584247356026,-1.9225292644969,-3.52558891896577,-0.307005524872217,-0.1520134864994,-0.900654062894925
-1.56135390261372,-2.67810457648182,1.14058598959525,-2.36316202579339,1.38351468712668,-3.44366201648486,-1.91408404554315,-3.50224064818963,-0.292102344053403,-0.173374858754703,-0.9160541047538
-1.52558632998399,-2.68058844270066,1.14903109494191,-2.35024585755518,1.40090176584363,-3.45707501039341,-1.91756148864042,-3.49727293100254,-0.299057161761161,-0.185297485129879,-0.93890577976058
-1.52409601445846,-2.69797550623398,1.15797297119232,-2.35372328746443,1.39742435009967,-3.48092033289972,-1.90116782831843,-3.48187300772121,-0.290612025972034,-0.194736231016993,-0.945363861833464
-1.54098625708849,-2.69648518650299,1.16641807654275,-2.35322651176296,1.3760630819464,-3.50377210028834,-1.9021613834894,-3.47740206225378,-0.28812816250494,-0.166916769495142,-0.938905779768037
-1.53105082025034,-2.69350454704106,1.21013391602374,-2.35620716597216,1.34228247187194,-3.49333977169216,-1.90613560417185,-3.45852473694048,-0.287134617117673,-0.123200472755278,-0.913570227023048
-1.51813475235885,-2.69151745406723,1.20367589428502,-2.37558141832221,1.32191475108698,-3.50228176762424,-1.87632894904917,-3.4540537914736,-0.279683026715725,-0.138600531817295,-0.931454146589371
-1.53105082024982,-2.67363361728651,1.21510162505437,-2.37409109121809,1.31645024063052,-3.52413997992124,-1.86291595423866,-3.46299568241126,-0.257825028189955,-0.149032829901319,-0.92549284006108
-1.54148302893398,-2.66667879188168,1.24987558825728,-2.39098146506762,1.29111478306177,-3.52413997992124,-1.86689017492292,-3.44809253084664,-0.238450893141417,-0.101839100525558,-0.897673409634374
-1.50621222815926,-2.71685288950909,1.20963714508223,-2.3601813716036,1.31247605117562,-3.57034029228726,-1.87533539387748,-3.4709440299266,-0.243915392772778,-0.154000590959767,-0.960267128221864
-1.49876065052702,-2.71486579653478,1.22553381397538,-2.34776197907858,1.30005670924212,-3.57381773514977,-1.87036761802108,-3.47392466024012,-0.239444438530941,-0.162445784636482,-0.966725210290956
-1.49478647579139,-2.74367864465675,1.22801766848959,-2.34627165197481,1.29310187775984,-3.56835318207784,-1.88725805592515,-3.45554410663118,-0.2553411647372,-0.141084412381179,-0.956292923871448
-1.50919285921582,-2.76255602790907,1.23646277383981,-2.3691233342365,1.27124383594695,-3.57034029228588,-1.88278705765712,-3.45852473694358,-0.236463802380805,-0.145555397270338,-0.937912228758918
-1.5166444368429,-2.76007216169103,1.26378517351847,-2.38700725947414,1.23945032060464,-3.56735962697388,-1.89321938695444,-3.43766032473703,-0.222554166954068,-0.133135994786519,-0.917544431446548
-1.48534781078709,-2.78242695764322,1.25335298455669,-2.41432992303624,1.22802452602142,-3.55494018817842,-1.90861949209839,-3.43418292270611,-0.21361225846946,-0.12171014450924,-0.912079900466826
-1.48733489815494,-2.77497535898629,1.23000475209479,-2.42476221276481,1.24541160472832,-3.58872106171153,-1.90017427314727,-3.42474426004276,-0.199205850347404,-0.140090860193695,-0.944867086367293
-1.52012183971689,-2.74417541786475,1.26279163171283,-2.41979445575384,1.23795999956883,-3.56735962697935,-1.9225292644933,-3.37953803359916,-0.199702623040971,-0.0715357584865715,-0.887737898819596
-1.50372836893144,-2.78093663789526,1.2608045481003,-2.42923319407798,1.21063744731138,-3.57183062494673,-1.93395514896205,-3.36413811031515,-0.219076758099351,-0.0566324755080017,-0.892208878715946
-1.50025096603704,-2.76951085329594,1.2642819444239,-2.42873641837674,1.20716003156942,-3.56785640453099,-1.93246481620555,-3.36066070828181,-0.228018666586097,-0.0650776691926116,-0.88475724556076
-1.49876065051062,-2.75311733626433,1.29210111500546,-2.42227833425704,1.20914712627897,-3.56139829635615,-1.93345837137644,-3.35022850218333,-0.228018666586097,-0.0427227447347434,-0.874821734684164
-1.52707664550519,-2.73324640650957,1.31644288927245,-2.44463324079629,1.18927617920316,-3.5365594187557,-1.9409100351606,-3.32638345966274,-0.22553480311789,0.00596131297198746,-0.842034548777921
-1.53154759208274,-2.70393678514373,1.33432664178387,-2.46400749313631,1.19623101068544,-3.53109486568253,-1.92849059552659,-3.33681566576719,-0.232489620828349,0.0213613720516029,-0.837563568882534
-1.54843783471119,-2.68158198918493,1.35469424881957,-2.45754940902164,1.18480521611197,-3.51619153911825,-1.93494870413565,-3.30601581918422,-0.223547712336259,0.0660712209808105,-0.812724791682293
-1.51565089314093,-2.69946582594741,1.33084924546159,-2.42674931554645,1.21411486306615,-3.52165609218995,-1.94389070067203,-3.32191251420072,-0.223547712336259,0.0362646550304832,-0.873828183570372
-1.53005727656671,-2.688040041353,1.34575237255149,-2.40538796040122,1.21212776835676,-3.51917220443009,-1.95183914203219,-3.31148030810432,-0.206657440741099,0.0273226852478003,-0.869853979220745
-1.50521868446108,-2.71486579650391,1.35519101971367,-2.39942665198559,1.20417938951724,-3.51271409625832,-1.9558133627155,-3.30353196059488,-0.214109031150617,0.016393611063743,-0.866873325958817
-1.43616739841065,-2.75957538843772,1.33184278725292,-2.40141375479013,1.21361808938644,-3.53109486568017,-1.96028436098181,-3.33184794859901,-0.208644531520563,-0.0566324755304957,-0.939899330888226
-1.43070290814723,-2.74516896438041,1.34227497622088,-2.41184604451141,1.22355356292982,-3.53606264119851,-1.95879402822538,-3.32837054656549,-0.192251032626481,-0.066071221418002,-0.943873535239875
-1.41778684025093,-2.75609797573643,1.33532018357429,-2.41681380152328,1.22653420499431,-3.56189507388907,-1.95929080581089,-3.32389960109316,-0.183309124139735,-0.0690518780118581,-0.959273577091516
-1.39096116076506,-2.79683338166697,1.30750101299272,-2.40936216599786,1.24143741532292,-3.58772750657801,-1.9528326971992,-3.3457575567218,-0.165425307157693,-0.107303637627051,-1.03279635748626
-1.37158705892899,-2.82514945656104,1.3104816384152,-2.40588473609347,1.26627609917111,-3.61256638417846,-1.97220702302547,-3.32886731825248,-0.16194789830158,-0.111277846423153,-1.05316415479663
-1.36612256866746,-2.86340099630043,1.31395903473871,-2.39147824076557,1.25435353091741,-3.62746971073873,-1.97816835405072,-3.3109835363558,-0.157476944059476,-0.117239159616439,-1.06906097219888
-1.33184531156056,-2.87731064712242,1.30452038757326,-2.40836861459937,1.26677287284544,-3.65528925365123,-1.98462646265777,-3.31148030807526,-0.169399488714527,-0.139097307992275,-1.09886750483625
-1.34227752024513,-2.87234291469013,1.33035247454568,-2.41979445573302,1.25236643620099,-3.68012813123418,-2.00002656779473,-3.30253841713004,-0.164928534467747,-0.096374563451932,-1.07800293201295
-1.34823878235072,-2.86787195549909,1.33979112170834,-2.42376866134324,1.25584385194256,-3.70397345371826,-1.98065224197402,-3.27720305944466,-0.1674123979387,-0.0924003546600413,-1.09588685158138
-1.33780657366142,-2.87582032738819,1.32687507822436,-2.44115581088366,1.25783094665212,-3.70645734147684,-1.98760712816799,-3.28217077663843,-0.168902716020203,-0.104322981036952,-1.11228044451765
-1.35867099104266,-2.89271061764617,1.32886216183698,-2.42525898844156,1.25783094665212,-3.72732199864134,-1.98015546439026,-3.27074502709773,-0.159464034836787,-0.103329428839887,-1.11079011788854
-1.39195470445289,-2.89072352467187,1.35717810334872,-2.46003328747158,1.23348903648056,-3.72136066801921,-1.99853623504551,-3.23249360468905,-0.161947898306627,-0.0680583257675176,-1.11426754669572
-1.40487077234919,-2.90512994872222,1.35866841605851,-2.4565558575634,1.23150194177084,-3.72831555373883,-2.00847178675331,-3.21808722482694,-0.165922079856885,-0.0591163559848347,-1.10830624017362
-1.41679329656752,-2.88227837955272,1.38002956489449,-2.48934305385362,1.21461163673268,-3.71390900474266,-2.02238155914523,-3.15897139023066,-0.187283305694313,-0.0119226265806419,-1.06309966576692
-1.38599344234587,-2.89370416414682,1.34475883075689,-2.46599459590779,1.2285212997026,-3.73825110476614,-2.00151690056234,-3.18231966105212,-0.183309124143579,-0.0521614906039695,-1.13016436411243
-1.36959997155649,-2.88376869928705,1.3556877906347,-2.46351071740189,1.22256001557871,-3.75017376600769,-2.02089122638258,-3.1664229660194,-0.173373670267933,-0.0437162969130424,-1.12072562878105
-1.37655477734884,-2.90214930928577,1.34972653979564,-2.46400749310266,1.22007614719242,-3.7561350966276,-2.02188478155272,-3.15102304271048,-0.168405943329367,-0.0660712213676595,-1.1510289369265
-1.35817421918835,-2.91258154739203,1.34972653979564,-2.48536884824734,1.21858582616089,-3.73477366190781,-2.01244600743788,-3.1361198911262,-0.177844624515603,-0.108793965908003,-1.15450636573157
-1.35171618524059,-2.94139439549311,1.34177820534259,-2.48437529684487,1.22405033661329,-3.73974143742234,-2.01194922985249,-3.13661666284583,-0.183805896844376,-0.0998519961238336,-1.16096444779485
-1.37456768998477,-2.93394279684718,1.38599081576446,-2.4972914650647,1.20914712629699,-3.73626399456026,-2.01840733845908,-3.11227484858455,-0.182315578762873,-0.0680583257721935,-1.13115791517556
-1.38847730156577,-2.91009768118437,1.41728738268921,-2.53703352114526,1.18728908450216,-3.71589611494751,-2.03877521944521,-3.07948791508364,-0.185792987620544,-0.0243420290604871,-1.10880301572837
-1.35072264157578,-2.93692343631944,1.38847467027411,-2.49133015669281,1.22206324190015,-3.74421243538944,-2.04026555220032,-3.09637815355885,-0.184799442232653,-0.0750131912044728,-1.143577303774
-1.3234001902514,-2.94586535468987,1.3840037321451,-2.48884627818659,1.22703097867485,-3.74470921294076,-2.06212376594074,-3.10233941419271,-0.172876897579027,-0.0760067434027138,-1.18133224505705
-1.32489050577842,-2.94983954063442,1.37555862678863,-2.48636239968172,1.22752775235222,-3.75663187417959,-2.07454320556851,-3.11823610922741,-0.155986625988913,-0.0993552200669567,-1.19027420483618
-1.2911100204738,-3.01491683536198,1.35866841609675,-2.4630139417075,1.24292773636714,-3.77401908846696,-2.08894975554464,-3.13264248908235,-0.155986625988913,-0.136613427435594,-1.24243563676024
-1.25037472939017,-3.04969096234785,1.3283653909956,-2.42724609118688,1.29955993562366,-3.80730318440158,-2.07752387108874,-3.18380997617371,-0.151018899048863,-0.212620170546559,-1.35520368496361
-1.25981339439201,-3.04770386937589,1.35568779068912,-2.42873641828911,1.30899863549338,-3.82717428645724,-2.07553676074842,-3.17536485693473,-0.159464034843541,-0.189768469992713,-1.33731976540674
-1.25782630702276,-3.05366514829112,1.35171362346043,-2.42525898838346,1.3080050881391,-3.8306517293199,-2.06808509697051,-3.16791328113842,-0.153502762516016,-0.162942560639091,-1.35520368496816
-1.31147766593947,-3.0119361958543,1.39940363022588,-2.46947202574392,1.25832772045093,-3.80779996194453,-2.07553676075002,-3.12071996771831,-0.146051172104716,-0.0938906827486925,-1.27820347564515
-1.34923232592092,-2.96822015040439,1.44063561531369,-2.49729146495714,1.23696645235237,-3.79090952517868,-2.07156254006928,-3.07948791492226,-0.141580217859406,-0.00993552177310827,-1.19027420421429
-1.3407872046045,-2.97318788283668,1.42026800826188,-2.47791721262814,1.25584385208271,-3.81326451499662,-2.05963987803105,-3.09637815339915,-0.149528580959923,-0.0312968940399505,-1.20666779714415
-1.32985822407394,-2.96822015040719,1.44361624073302,-2.47742043692697,1.25087611530746,-3.81227095989396,-2.05765276769087,-3.10184264231454,-0.14406408132546,-0.0208645959602621,-1.23697110525936
-1.33085176775882,-2.96921369689253,1.45603551331606,-2.48288496964024,1.24193418911399,-3.8102838496886,-2.03231711085326,-3.1048232726308,-0.143070535937272,-0.0253355808518357,-1.23051302320177
-1.35469681618308,-2.94735567418694,1.50471906189034,-2.50523987617254,1.23150194189215,-3.79488374558733,-2.03629133153258,-3.08147500179423,-0.134128627441441,0.0377549838039881,-1.18679677536271
-1.41132880623523,-2.87979451324387,1.56482834118191,-2.54299482947838,1.20368261593928,-3.77302553333832,-2.04423977289444,-3.04322357939792,-0.153005989798965,0.0978648917207741,-1.08744166684362
-1.45554150021418,-2.84899457220256,1.60854418068666,-2.58820141831972,1.1515213797755,-3.75961253945977,-2.04374299530926,-2.97963679930343,-0.157973716739015,0.182813604625385,-0.990570436038448
-1.43567062652332,-2.84551715950112,1.60158938803388,-2.57826590430267,1.13612139578008,-3.75563831904995,-2.05119465908449,-2.98708837510271,-0.151018899026063,0.17784584363356,-0.990570436038448
-1.43467708283866,-2.83458814815508,1.61947314056916,-2.57478847439638,1.14009558519754,-3.76308998232538,-2.0656012090527,-2.96274656081537,-0.14058667244775,0.178839395832421,-0.993551089297461
-1.33581948625627,-2.90413640216416,1.56035740303294,-2.51219473608083,1.19275359495135,-3.80630962929959,-2.05765276768779,-3.01739145002845,-0.16095435289739,0.0571292514833823,-1.13612567024692
-1.25683276335669,-2.97865238866448,1.4947836436559,-2.4486074463914,1.24094064162811,-3.84505827833301,-2.07404642799095,-3.08495240396295,-0.147044717459846,-0.0611034603382833,-1.28565510905241
-1.23596834597851,-2.99355558595333,1.49180301823542,-2.44910422209239,1.22603743131304,-3.85598738445864,-2.07156254006545,-3.07750082816608,-0.142076990522468,-0.0670647735256239,-1.29906804871442
-1.23745866150559,-2.98063948163043,1.50372551993326,-2.4734462314345,1.21312131570381,-3.84952927629035,-2.07653031591555,-3.06210090485524,-0.136115718191915,-0.0238452528612766,-1.24342918788496
-1.17933635589592,-3.01392328885839,1.47193218213597,-2.43022674538706,1.24988256786087,-3.89374247832072,-2.08547231245,-3.08246854533778,-0.138102808968231,-0.0894196978416575,-1.31446809042817
-1.15102036089041,-3.04621354966436,1.46149999314585,-2.40439440894739,1.23994709432187,-3.92007168855238,-2.07603353833538,-3.08644271909912,-0.148038262852191,-0.125684353136613,-1.3403004187058
-1.13611720562187,-3.06260706668056,1.43715821886563,-2.39843310053562,1.23994709432187,-3.93447823753692,-2.07603353833538,-3.08495240393934,-0.133135082045401,-0.132142442424173,-1.39693283060932
-1.10879475429276,-3.08198122314801,1.40685519374427,-2.36912333415611,1.25485030463899,-3.95832355998249,-2.07851742626117,-3.11674579401191,-0.126677037023046,-0.165923217182618,-1.46747495769375
-1.07898844373661,-3.12917468118315,1.38052633586625,-2.33136838084441,1.28863091471066,-3.97670432937237,-2.07603353833639,-3.14754564061941,-0.123696400859461,-0.196226559210396,-1.5290751250033
-1.10631089505517,-3.10334247252139,1.3775457104426,-2.35372328737383,1.26627609924883,-3.98117532733651,-2.09689819689331,-3.15350690126396,-0.131644763967342,-0.150523158018178,-1.47890079509661
-1.13860106482196,-3.06360061311964,1.42473894627685,-2.38452338085618,1.23299226287714,-3.97571077427511,-2.10981441410974,-3.11326839194885,-0.140089899756216,-0.100348772055476,-1.40736511695028
-1.17238155010767,-3.02385875369016,1.45206134599128,-2.42823964254028,1.16990200591404,-3.94987834159312,-2.10534341584653,-3.06309444823995,-0.162941443683177,-0.0178839395020749,-1.31844229464389
-1.14803972981837,-3.03975549745171,1.45702905502567,-2.41085249299806,1.19076650035858,-3.94391701097975,-2.10584019343165,-3.07452019779401,-0.167909170620555,-0.028813013675006,-1.34973915382771
-1.15251067639925,-3.04422645664143,1.4545452005047,-2.39545244627501,1.1788439321121,-3.95434933955843,-2.09590464173027,-3.06408799167346,-0.183805896830615,-0.064580892851075,-1.3740811554556
-1.25335536043345,-2.93592988962045,1.54495750499755,-2.48387852107257,1.10333433316787,-3.89871025384405,-2.09739497448564,-2.95231435462302,-0.201689713806779,0.111774622466873,-1.18828710223041
-1.26478111280668,-2.90960090773676,1.5459510468059,-2.49480758649359,1.08843112286963,-3.88480048240451,-2.07702709348684,-2.94585632226043,-0.217089667315181,0.120716592260519,-1.20219681744594
-1.2478908701618,-2.92052991907282,1.53551885783769,-2.49331725939036,1.08147629138811,-3.90119414158329,-2.08249164692136,-2.95430144149772,-0.231496075428628,0.113761726875866,-1.22107428805238
-1.26229725359238,-2.88923320476916,1.57526053013732,-2.52958188558217,1.05912147591705,-3.89473603342329,-2.08596909001697,-2.91406293217861,-0.236463802369123,0.135619875243527,-1.17586771367576
-1.27720040887343,-2.88178160614004,1.57575730104036,-2.53753029681185,1.03179892364831,-3.90616191709098,-2.08547231243197,-2.88624371589004,-0.24639925624566,0.138103755736162,-1.20120326631616
-1.24540701097357,-2.92351055857573,1.56383479935018,-2.50772375476685,1.04719890763015,-3.9384524579184,-2.05864632285494,-2.90015332405372,-0.252857301268014,0.0710389822775453,-1.29310674181229
-1.24590378281591,-2.93692343613336,1.54048656687097,-2.5186528201842,1.05266341807502,-3.96279455790962,-2.06907865213927,-2.91853387770155,-0.239941211236234,0.074019638872702,-1.33384233633699
-1.22205873438212,-2.97070401665387,1.51912541800015,-2.4838785211254,1.07352791247935,-3.98316243752659,-2.0715625400634,-2.93840474651224,-0.219076758086778,0.0149032829772373,-1.43369422058133
-1.25136827309586,-2.95530404613507,1.53154469059148,-2.47990431551354,1.06359243893132,-4.00452387221763,-2.07951098142374,-2.93691443135339,-0.225038030409672,0.0263291332490567,-1.4237587097335
-1.21907810333294,-2.97567174909678,1.51515125076079,-2.47195590429681,1.08197306498126,-4.01545297834282,-2.09640141931325,-2.93045639899032,-0.21659289461247,0.0293097898450185,-1.45505556893507
-1.17784604043567,-3.0427361370056,1.47093864027118,-2.44264613797644,1.12022463809114,-4.05171773958201,-2.10037563999371,-2.99304963581571,-0.208644531514328,-0.0655744453187108,-1.58819141469973
-1.15449776384316,-3.06509093294699,1.44659686598074,-2.43817515666859,1.1400955851582,-4.07059528653372,-2.12273063133278,-3.0144108197763,-0.206657440739852,-0.0864390414986804,-1.61253341630857
-1.17734926859617,-3.03627808486525,1.47590634928615,-2.43320739965698,1.13910203780392,-4.0869889457013,-2.11676930031324,-2.99106254893507,-0.198709077644322,-0.0725293107273522,-1.57378492399598
-1.17635572491149,-3.05068450891637,1.45404842951163,-2.43072352115288,1.15301170076044,-4.08748572325213,-2.12322740891782,-3.01391404806452,-0.219076758084833,-0.0730260868268391,-1.57825590388297
-1.18728470544714,-3.01392328896877,1.48186760010144,-2.45556230622443,1.15003105869726,-4.08450505794804,-2.13515007095434,-2.99950766818556,-0.236463802354487,-0.041232416498319,-1.53602998280159
-1.21560070045302,-2.99405235924922,1.5086932289143,-2.47841398846307,1.12072141177536,-4.07307917427561,-2.14210495714431,-2.97417231045161,-0.24689602892376,-0.00596131344353992,-1.46250720243131
-1.19026533648486,-2.99951686491806,1.49528041452361,-2.4555623062197,1.13413430105615,-4.09493738649159,-2.14905984333094,-2.9831142014093,-0.266766936660804,-0.0198710442177581,-1.4793975708736
-1.19572982675228,-2.99057494655099,1.49826103994609,-2.4714591286544,1.14108913252963,-4.12871825996453,-2.14558240023708,-2.96721750636232,-0.290612025972331,-0.0178839398202852,-1.47393303990521
-1.19125888017032,-2.99752977194816,1.49180301819764,-2.50176244642406,1.13165043266407,-4.11828593139687,-2.15104695367055,-2.94535955068634,-0.285644299036734,-0.0158968354246289,-1.46598463122415
-1.1907621083276,-3.01591038191876,1.46299030580033,-2.49679468941193,1.12817301692345,-4.13318925792318,-2.14011784680244,-2.97665616904176,-0.313463569881895,-0.0556389233402334,-1.52758479842888
-1.1867879335881,-3.02336198056028,1.45007426230487,-2.49282048380572,1.12221173279709,-4.13567314567729,-2.14905984333068,-2.95877238711169,-0.324392569140861,-0.0531550428433665,-1.52261704300244
-1.16145256960947,-3.04571677647467,1.42771957165593,-2.47394300716111,1.14903751137234,-4.17442179463689,-2.15651150710502,-2.96771427806514,-0.325386114528129,-0.0948842351486828,-1.57676557710986
-1.15400099197415,-3.07552317104118,1.42324863352183,-2.48934305389292,1.15003105872662,-4.16150557832398,-2.16296961570945,-2.96870782150575,-0.330850614156714,-0.10730363762347,-1.60408823195181
-1.12518822510667,-3.12520049526936,1.37456508501853,-2.45854296041535,1.1713923268593,-4.16697013138244,-2.17141483465087,-2.9885786902927,-0.311973251798062,-0.165426441192194,-1.67065615462054
-1.13214303090041,-3.13861337282627,1.38151987767199,-2.44711711928642,1.16940523215079,-4.16697013138244,-2.15402761917866,-2.99255286405345,-0.298063616383794,-0.165426441192194,-1.67065615462054
-1.09935608931269,-3.15898107578853,1.34823622711324,-2.41830412863323,1.20865035261634,-4.17640890485136,-2.17141483464338,-3.00248829846276,-0.299553934464584,-0.172878082686976,-1.72331436220467
-1.08395616218636,-3.16792299415224,1.35966195788992,-2.41085249311321,1.21858582616409,-4.16200235589307,-2.16495672604158,-3.00050121158362,-0.294586207532549,-0.192252350537582,-1.74864991484706
-1.081472302974,-3.16295526172422,1.36462966692836,-2.39247179217191,1.24640515208479,-4.15355713752929,-2.16893094672023,-3.02136562383017,-0.299553934468146,-0.194239454935055,-1.74268860833475
-1.04868536135656,-3.17438104629962,1.36214581241028,-2.37409109123536,1.25435353091861,-4.17789923751345,-2.16147928294696,-3.03279137339106,-0.31992161489466,-0.209142737898452,-1.76802416099695
-1.0556401671541,-3.15649720957171,1.39095852480758,-2.38551693236133,1.2473986994394,-4.17094435180233,-2.18234394150837,-3.00844955911887,-0.311973251800793,-0.156484471396053,-1.72828211765616
-1.04421441477569,-3.17189718008803,1.39841008836164,-2.36117492300538,1.25087611517953,-4.19329934157769,-2.17240838981008,-3.04719775328043,-0.316940978734312,-0.192252350526042,-1.76057252791065
-1.05116922057546,-3.17140040684578,1.41480352816843,-2.34627165195705,1.24839224679126,-4.17044757425011,-2.18184716392041,-3.01937853696762,-0.314953887959717,-0.180826500259207,-1.73970795514899
-1.03974346819843,-3.17487781954208,1.40139071377211,-2.33683291363901,1.24789547311411,-4.17044757425011,-2.20022793455278,-3.03328814513095,-0.336811886456098,-0.174865187072114,-1.738217628522
-1.05116922057958,-3.13662627989819,1.46299030577567,-2.35819426879806,1.21908259982483,-4.16647335384407,-2.2032086000607,-2.99553349441883,-0.36413438459984,-0.110284294209254,-1.68059166562489
-1.04272409925843,-3.16692944767616,1.42573248801732,-2.38005239964746,1.22603743130557,-4.17740245995727,-2.21711837243963,-2.99304963581845,-0.386489155795666,-0.150523158211682,-1.71188852478606
-1.03825315267605,-3.17189718010258,1.43070019705244,-2.37707174543949,1.22504388395096,-4.1898218987265,-2.19277627078494,-3.0084495591431,-0.379534338084168,-0.191258798342104,-1.7411982817903
-1.06060788559927,-3.17239395334488,1.43467436428064,-2.39594922208459,1.22256001556351,-4.18833156607515,-2.20618926557105,-3.00050121162456,-0.375063383844067,-0.171387754392558,-1.72033370902782
-1.05812402638674,-3.17289072658774,1.45305488773353,-2.39445889498048,1.21063744730653,-4.20224133749626,-2.20618926557105,-2.98708837518285,-0.388973019255842,-0.185794261269298,-1.74914669049102
-1.08445293405151,-3.17587136604103,1.45057103321575,-2.39942665199209,1.21312131569282,-4.21416399870398,-2.21314415175952,-2.99950766817639,-0.381024656165537,-0.176852291492374,-1.74914669049102
-1.09289805537536,-3.17736168576902,1.43368082249508,-2.40141375479591,1.20865035260046,-4.23105443542752,-2.20171826731182,-3.00795278741705,-0.377547247310775,-0.211626618440926,-1.74318538398454
-1.09736900195863,-3.17984555198013,1.41231967364749,-2.40737506321247,1.2285212996998,-4.23254476807847,-2.22556359137972,-2.99553349442474,-0.380527883470174,-0.212620170638217,-1.76255963011754
-1.13462689014959,-3.17388427307211,1.4003971719685,-2.44016225950353,1.23199871544348,-4.2355254333833,-2.23450558790133,-2.99354640754377,-0.379037565389072,-0.191258798385577,-1.75957897686447
-1.14555587068422,-3.19276165626918,1.39890685925835,-2.43221384828474,1.2483922467966,-4.26433853130257,-2.22705392413341,-2.98708837518343,-0.368108566144473,-0.199703992066853,-1.7724951409621
-1.15300744832222,-3.20766485354244,1.38599081575809,-2.42823964267556,1.26081158872599,-4.27526763741757,-2.24493791717193,-2.98808191862414,-0.363140839212587,-0.231497662421136,-1.79435326483501
-1.15400099200716,-3.18729715061517,1.40586165188729,-2.42823964267556,1.26478577814476,-4.3015968475789,-2.25487346886546,-2.98162388626171,-0.36016020305488,-0.220071812155725,-1.7869016317049
-1.16145256964416,-3.18729715061517,1.38549404485109,-2.43966548380359,1.26826319388614,-4.31451306389209,-2.28318979119575,-2.96075947401256,-0.395431064276014,-0.195233007206408,-1.7670306100108
-1.16095579780157,-3.2041874408455,1.35717810336733,-2.42178155856133,1.2921083304198,-4.34531327200121,-2.29064145496206,-2.97665616904647,-0.4098374723787,-0.219575036042326,-1.79485004035697
-1.16989769096591,-3.23896156781269,1.30452038757422,-2.43469772679319,1.28415995158619,-4.36369404136673,-2.30604156008464,-2.98410774484853,-0.397914927740748,-0.244413840981838,-1.79733391806778
-1.20417494808652,-3.26330345666327,1.27024319526024,-2.44016225950448,1.27422447804309,-4.38406192091623,-2.32690621863607,-2.96423687605515,-0.41679229007402,-0.244910617080644,-1.80329522457287
-1.16592351619262,-3.33434203022471,1.22255318859611,-2.38700725943141,1.32092120372911,-4.43373967591654,-2.3482676547723,-3.00248829845336,-0.439147061270513,-0.309988285948496,-1.89817935296831
-1.17536218119999,-3.35719359935127,1.20367589428457,-2.41234282018113,1.30750831443466,-4.46205599626701,-2.36317098230083,-2.99453995093423,-0.456037332830349,-0.296575331281577,-1.88178576008751
-1.16741383172237,-3.38302580793883,1.18877276719577,-2.40985894167619,1.31645024063576,-4.49186264929497,-2.34429343408402,-3.01689467833374,-0.475411467874256,-0.337807747473031,-1.91854715018421
-1.17486540935779,-3.38600644738924,1.16492776384839,-2.43867193232863,1.32638571419036,-4.49931431254432,-2.37360331155574,-3.01192696113205,-0.494785602893853,-0.3442658367567,-1.90165678174753
-1.21560070041916,-3.38451612766246,1.1510181785497,-2.46251716597142,1.30949540916848,-4.51918541455884,-2.35820320644017,-2.99950766811965,-0.511179101763445,-0.329859329882654,-1.89668902632352
-1.24640055463916,-3.42376121377059,1.1053152554819,-2.48387852109566,1.33582441408997,-4.52614030025702,-2.364164537454,-3.0009979832804,-0.528566146009204,-0.332343210375599,-1.89817935294972
-1.26478111280406,-3.45207728857571,1.10134108825773,-2.50126567062528,1.33582441408997,-4.55048240021296,-2.36515809262278,-3.00894633080645,-0.517140374072522,-0.346749717249346,-1.9404052740311
-1.31495506887247,-3.4615159801683,1.10531525548111,-2.542994829498,1.310488956524,-4.53011452066136,-2.37509364430704,-2.97715294072597,-0.546449962932563,-0.32588512110579,-1.90811486380503
-1.3293614522994,-3.45257406181155,1.10581202638418,-2.58422721264159,1.32241152477573,-4.54005007166389,-2.38453241840878,-2.96423687600062,-0.576753097203943,-0.300549540067225,-1.90662453717857
-1.34625169492695,-3.44214182373665,1.10581202638418,-2.63489833407221,1.33085667728702,-4.54849529000861,-2.39794541318077,-2.96274656084032,-0.596624004900026,-0.295581779078703,-1.90016645513133
-1.37804509286749,-3.44313537021809,1.07799285588232,-2.6820920257332,1.35519858753299,-4.54551462471149,-2.39695185801213,-2.94635309410721,-0.596127232207097,-0.289620465907335,-1.89072771986179
-1.43716094206983,-3.45803856745935,1.05712847797965,-2.70842113784946,1.37705662935129,-4.54352751451255,-2.39645508042801,-2.94088860518597,-0.618482003362854,-0.282168824422463,-1.86688249383447
-1.47988332049208,-3.47343853794631,1.05265753985516,-2.74021478268841,1.36612760843943,-4.56041795121196,-2.44017150785131,-2.92946285562935,-0.637856138384187,-0.245904169221698,-1.84105016566397
-1.5126702620702,-3.49877397325543,1.01241909677057,-2.7779697358917,1.37059857154078,-4.57631483280284,-2.42427462515992,-2.94287569207106,-0.653256091845202,-0.23795575164155,-1.87731478023478
-1.52409601443308,-3.54994161713972,0.976154820858525,-2.79883431530485,1.41183078676908,-4.59419882460185,-2.45060383712478,-2.9592691588458,-0.656236728001574,-0.233981542847182,-1.91308261926597
-1.56632162098368,-3.56186417492824,0.983109613492577,-2.82317632460351,1.39295338701015,-4.59270849195241,-2.46252649914731,-2.96374010432737,-0.675114090304959,-0.205168529113158,-1.9250052322724
-1.62096652358258,-3.60210280747153,0.958271068359305,-2.85944095071465,1.39742435010719,-4.61456670413671,-2.45755872330293,-2.98460451656821,-0.696972088785668,-0.18082650025246,-1.90364388396942
-1.66070827091559,-3.6219737371244,0.939890544957733,-2.8917313712087,1.42325658135128,-4.64536691223244,-2.46550716464691,-3.00050121161479,-0.697468861477766,-0.183310380746695,-1.90314710842716
-1.69498552801245,-3.69499940357813,0.889219912908385,-2.88726038990825,1.45008235994647,-4.67765745296226,-2.46550716464691,-3.01689467838014,-0.712868814938781,-0.226529901325735,-1.92649555889832
-1.74217885296066,-3.7168574262045,0.876303869442912,-2.90266043659107,1.46796621233637,-4.69504466719204,-2.47345560598918,-2.99553349440359,-0.712868814938781,-0.225536349127906,-1.93295364094555
-1.8415332213501,-3.70543164166468,0.909090748967005,-2.97817034300742,1.43418560220795,-4.69007689169602,-2.48090726975282,-2.95281112649038,-0.731746177259647,-0.164929665134665,-1.85098567661526
-1.82563652241415,-3.75262509951617,0.887729600184311,-3.0040026793883,1.45355977565995,-4.74819986494715,-2.49332670935205,-2.97019813668913,-0.733733268027593,-0.212123394499641,-1.93742462085783
-1.85196543002209,-3.77895408128679,0.878290953035883,-3.0432479596638,1.45703719140392,-4.78595495870285,-2.47892015941591,-2.95430144164295,-0.741184858414404,-0.225039573070602,-1.95530854036328
-1.90611356074709,-3.79485082499246,0.893690850997022,-3.07553838010775,1.46746943864472,-4.7983743974384,-2.48835893351539,-2.93393380111681,-0.738700994953914,-0.209639514001546,-1.93096653880777
-1.92648120625485,-3.8107475686947,0.876303869418548,-3.11776431456502,1.46995330703497,-4.84258759932874,-2.48637182317958,-2.92151450810688,-0.768010583796445,-0.222555692580826,-1.94537302951444
-1.95032625463879,-3.80230242359529,0.878787723931291,-3.16297090318069,1.48286942265737,-4.87934913798789,-2.48786215593192,-2.91257261714273,-0.767513811104525,-0.207652409601327,-1.92053425241139
-1.92846829360883,-3.84154750957179,0.852458866123514,-3.17837094986471,1.50174682241266,-4.9086590133856,-2.49680415245096,-2.90909521510411,-0.767017038412101,-0.258820347790011,-1.97269568428241
-1.94734562357718,-3.86837326456933,0.840039593564393,-3.20171940772659,1.49727585931008,-4.94591732957762,-2.51121070237918,-2.88226954220566,-0.758075129952068,-0.257826795592348,-1.98114086849951
-1.98857768642008,-3.86191521244558,0.872826473111157,-3.25090020197428,1.50174682241316,-4.94591732957762,-2.50773325928956,-2.85892127135397,-0.74764290341552,-0.205168529129332,-1.97021180657951
-1.98013256511795,-3.90662480410096,0.84798792800856,-3.26928090283762,1.5062177855134,-4.96032387850133,-2.4888557110967,-2.89220497660981,-0.748139676107617,-0.229510557964239,-2.00101189016681
-1.95330688567888,-3.97666983095161,0.80973656856898,-3.26331959444712,1.52807582735398,-4.98416920087285,-2.47693304907359,-2.93741120311981,-0.727771995707876,-0.268259093649754,-2.06757981273401
-1.99106154564072,-3.97865692391114,0.829607404645169,-3.27722931402243,1.51764358010801,-4.97622076009468,-2.47196527323479,-2.92697899700238,-0.725288132247906,-0.251865482407214,-2.0447281378479
-1.9940421766895,-4.00896009156306,0.823149382914586,-3.29908744477403,1.52757905366589,-4.97174976215303,-2.45855227845767,-2.94138537688852,-0.738700994935751,-0.245904169221483,-2.05516042422027
-1.98708737091271,-4.04423099161126,0.832588030057884,-3.3105132858412,1.52509518527467,-4.99062730901876,-2.47544271630919,-2.94287569204967,-0.743668721856359,-0.271736526363943,-2.09490246756417
-1.99006800196169,-4.06708256065934,0.840039593589675,-3.30703585594822,1.5484435481598,-4.98814342127427,-2.48190082489986,-2.9632433325819,-0.737707449553588,-0.290614018121109,-2.11328316259185
-1.98708737091453,-4.13365017486786,0.82513646651781,-3.30206809896269,1.56086289011314,-4.9975821947047,-2.49233315416322,-2.97814648418658,-0.744662267239116,-0.33482709093319,-2.16743169664527
-2.00745501642012,-4.15451465092277,0.848981469813949,-3.32839721100677,1.57924351620964,-4.98913697637344,-2.50922359202201,-2.97466908214735,-0.743668721854222,-0.324891568963371,-2.1773672074657
-2.00050021064342,-4.19525005658546,0.841529906282158,-3.34230693057058,1.60060478437643,-4.98218209068865,-2.51121070235615,-3.00795278740485,-0.762049311461296,-0.336814195332603,-2.23449639474296
-2.01341627851255,-4.22604999746312,0.821162299284698,-3.35571987443446,1.59116608449346,-4.98913697637862,-2.53058502813373,-3.02335271073563,-0.784900855294728,-0.349233597810744,-2.25436741641219
-2.03676455504909,-4.24939833972914,0.822652611989989,-3.36466183701026,1.6065660685139,-4.97473042745491,-2.54797224357515,-3.02136562385625,-0.822655579850757,-0.344265836826041,-2.2662900294037
-2.07600953051823,-4.25386929888082,0.848981469778261,-3.39198450045153,1.60954671058512,-4.97423364990575,-2.58324345204035,-2.99702380959436,-0.853455486787047,-0.339298075844227,-2.25585774304276
-2.08743528286757,-4.27125636226761,0.855936262409565,-3.43570076190838,1.60557252115967,-4.96032387853761,-2.60112744505446,-3.0054689288327,-0.867365122158103,-0.320420584096472,-2.24741255884052
-2.09786749153644,-4.31298531436288,0.849478240681056,-3.44961048146463,1.62246282622062,-4.95287221529967,-2.62745665701617,-3.02186239558703,-0.861403849853729,-0.351717478304979,-2.27523198914589
-2.10035135074259,-4.3447788016727,0.831594488202769,-3.45209435995659,1.64581118911154,-4.95684643569057,-2.61901143809213,-3.04521066643059,-0.885248939051995,-0.374569178830817,-2.32739342094043
-2.11724159334899,-4.38700452701343,0.842026677151915,-3.48488155606534,1.64432086807542,-4.96082065608163,-2.62000499325975,-3.0486880684706,-0.887236029819823,-0.39096279008153,-2.34030958500599
-2.10233843810963,-4.44015926356037,0.808246255829902,-3.48488155606534,1.67760470455252,-4.96926587441097,-2.61255332950075,-3.05365578566968,-0.88475216636104,-0.431201654030465,-2.39346456786363
-2.11078355941357,-4.44910118186242,0.812220423048672,-3.48835898595526,1.68505630973212,-4.96181421117504,-2.60808233124534,-3.07402342617656,-0.89319730213074,-0.447098489180195,-2.40340007868018
-2.11972545255481,-4.46748179170529,0.835071884554914,-3.50276548120715,1.67164342041513,-4.9787046478346,-2.60659199849476,-3.0680621655375,-0.891706984055248,-0.449085593574489,-2.39942587435201
-2.04819030737729,-4.54746228310004,0.792349587017482,-3.45805566829113,1.75311430377823,-5.02540173741506,-2.5966564468162,-3.14903595575865,-0.870842530991187,-0.5792409311575,-2.53653592344627
-2.00050021060625,-4.60707507173084,0.791356045213942,-3.46053954678367,1.78838523497136,-5.07060849435355,-2.59367578131299,-3.17834548720955,-0.850474850649237,-0.628918540958104,-2.61204580559599
-1.99404217667113,-4.64284274490548,0.788872190704143,-3.45805566829061,1.80924972948371,-5.09495059425056,-2.59069511581121,-3.20268730147144,-0.870345758319799,-0.639847615116733,-2.65427172655436
-2.00596470085802,-4.66022980827594,0.780923856268564,-3.4665008551515,1.83259809237077,-5.10240225748449,-2.57380467796495,-3.19324863879306,-0.87680380330955,-0.657234778569154,-2.68358148347952
-2.00397761349275,-4.67016527304667,0.780427085366456,-3.45855244397773,1.82912067662163,-5.12028624925166,-2.56635301420559,-3.18480351955766,-0.894190847524667,-0.652763793684732,-2.69600087199887
-2.016396909521,-4.67861041810417,0.798310837844743,-3.47742992050616,1.81372069258381,-5.11283458601819,-2.58026278654924,-3.17834548719941,-0.88922312061118,-0.614512034096557,-2.64980074670055
-2.01142919110815,-4.69947489411935,0.793839899723018,-3.47593959341152,1.81173359786916,-5.1083635880782,-2.58721767272123,-3.18927446503549,-0.892203756762477,-0.61997657117763,-2.65824593089371
-2.02881620555349,-4.69053297583241,0.83954282270164,-3.50872678949229,1.79633361381988,-5.1148216962104,-2.5971532243993,-3.18977123675534,-0.903132755978349,-0.574273170143989,-2.62893617400465
-2.05464834129484,-4.70642971946984,0.857923346098673,-3.53157847161038,1.78242395082046,-5.11879591660319,-2.62546954666726,-3.15847461840693,-0.899655347132521,-0.545460156427323,-2.59416188612973
-2.07203535573,-4.70692649270858,0.86934907686153,-3.56386889196332,1.76255300370252,-5.09842803710048,-2.61950821566384,-3.13363603239171,-0.93194557207163,-0.501247083615242,-2.56137470039857
-2.12071899621294,-4.68606201672585,0.918529396127632,-3.61553356465693,1.70939822000315,-5.06911816173612,-2.63788898626542,-3.07054602408816,-0.9572809793603,-0.391956342180988,-2.47245187878766
-2.15996397168521,-4.66470076748853,0.954296901085973,-3.63888202247112,1.68853372548621,-5.03434373332945,-2.64981164827569,-3.0586235028252,-0.967713205880024,-0.34923359775868,-2.4043936297548
-2.16542846193808,-4.67413945900921,0.979632217100322,-3.63937879816976,1.66518536258114,-5.04129861900978,-2.64037287418389,-3.04272680780039,-0.966222887805555,-0.354201358738224,-2.40985816069723
-2.13860278251223,-4.71040390541509,0.971683882667883,-3.61702389176521,1.66170794683009,-5.0442792843027,-2.66024397753101,-3.05117192703915,-0.980629295850579,-0.381027268040021,-2.44165179528969
-2.15151885038462,-4.71487486456019,0.99801274049647,-3.6219916487492,1.67363051511563,-5.04179539655806,-2.67812797054898,-3.06657185034808,-0.977151887009009,-0.378046611449942,-2.45605828596454
-2.15300916590774,-4.73871997999588,1.01589649299066,-3.64235945235118,1.68654663075937,-5.04527283940063,-2.68110863604998,-3.05613964422649,-0.969203523944345,-0.394440222709509,-2.48586481842468
-2.15400270959036,-4.76852637426253,1.01639326389302,-3.64832076072904,1.678598251903,-5.06663427399529,-2.6885602998031,-3.05812673110513,-0.989074431606006,-0.402885416377804,-2.52858751488825
-2.15648656879618,-4.78541666435647,1.01142555486858,-3.64186267665694,1.6840627623706,-5.05073739243598,-2.70545073764492,-3.07551374129176,-0.999009885432386,-0.429711325690744,-2.56236825163878
-2.1376092388331,-4.81969401777827,1.00745138764617,-3.62348197582497,1.7079078989476,-5.06862138419538,-2.69452163080923,-3.11277162027239,-1.03229365578406,-0.472434070154757,-2.63787813382096
-2.11426096230402,-4.85496491769499,1.02185774383468,-3.59665608815096,1.73026271445683,-5.06613749644997,-2.70048296181265,-3.14605532552575,-1.02037111119845,-0.534531082508055,-2.70146540307921
-2.12866734570006,-4.86887456835276,1.06954775051059,-3.61950777025959,1.7252949776705,-5.06713105154765,-2.69849585147813,-3.14009406488833,-1.03875170077588,-0.520124575645383,-2.70345250524151
-2.14257695724995,-4.85943587682145,1.11624421541305,-3.65924982604829,1.70443048317769,-5.05620194546658,-2.70644429281451,-3.10084909901407,-1.03030656502233,-0.473427622352308,-2.68010405480139
-2.16344137457172,-4.82764238957471,1.16592130572991,-3.71091449863638,1.69995952007166,-4.99559508447031,-2.72134762032592,-3.06061058967592,-1.03825492808462,-0.413317714430528,-2.61055547908281
-2.17784775796948,-4.85248105145559,1.20119203979782,-3.7228371153887,1.69797242535707,-4.99509830692151,-2.74171550123698,-3.06210090483534,-1.03030656502684,-0.396924103194116,-2.63390392946132
-2.16443491825575,-4.86937134154954,1.22702412675748,-3.73028875086228,1.68803695178524,-4.99956930486169,-2.73476061506516,-3.04471389464697,-1.05017747268316,-0.395433774898937,-2.65228462444841
-2.15449948143388,-4.88030035278064,1.22155964682701,-3.71538547993612,1.6795917992479,-5.01298229867832,-2.74817360981435,-3.05514610076856,-1.08842896989701,-0.41679514712939,-2.67712340147183
-2.1634413745763,-4.85744878384716,1.25881746453934,-3.71538547993612,1.67611438349934,-4.97671753761102,-2.76059304939694,-3.02931397133074,-1.07153869838611,-0.397420879297699,-2.63986523595527
-2.17586067060291,-4.86738424860112,1.290610802317,-3.74121781621147,1.66568213624446,-4.96678198663111,-2.77798026480799,-3.00646247222518,-1.06855806223882,-0.370594969984758,-2.61452968339658
-2.1644349182522,-4.8490036388031,1.31048163843687,-3.75562431145964,1.64829505748728,-4.94442699692978,-2.77748348722442,-2.99652703783715,-1.0680612895475,-0.389969237797941,-2.61701356109613
-2.16393814641099,-4.84950041204089,1.29508174044264,-3.76158561983488,1.67859825188847,-4.96082065604477,-2.785928706143,-3.00050121159504,-1.0844547883505,-0.373575626552336,-2.62893617406434
-2.15648656879305,-4.84602299937742,1.29408819863574,-3.7481726759918,1.66816600464164,-4.94641410712434,-2.79884492331399,-2.9985141247155,-1.06259678993181,-0.397420879285846,-2.63837490933315
-2.11972545254281,-4.89719064288428,1.24987558824663,-3.71439192857664,1.68903049913445,-4.96926587437908,-2.82119991455624,-3.03378491683384,-1.07352578914148,-0.456537235035133,-2.73474936420285
-2.07402244315609,-4.94786151315796,1.21708870862374,-3.67365632135532,1.70095306741966,-5.00900807832834,-2.83610324205695,-3.07998468680778,-1.08296447027302,-0.505718068800554,-2.81274312410287
-2.10631261282053,-4.91855189213498,1.26527548625311,-3.69948865762665,1.68853372545846,-4.9901305314665,-2.82318702489616,-3.05216547048043,-1.08544833372898,-0.461504996016029,-2.74468487506735
-2.09190622941893,-4.93842282163755,1.25037235915695,-3.69948865762665,1.70939821996563,-4.98665308862422,-2.84057424032135,-3.07849437161691,-1.08147415219962,-0.479388935552045,-2.77051720313486
-2.07501598681567,-4.96475180321329,1.26179808992235,-3.6945209006487,1.73274658287263,-4.97870464784489,-2.83958068515504,-3.1028361858794,-1.06259678994923,-0.478395383355703,-2.80082051107056
-2.03179683660742,-5.02337104520347,1.24441110831467,-3.65726272325673,1.76006913520082,-5.00702096813501,-2.84901945923285,-3.16195202050512,-1.09140960604573,-0.535524634609196,-2.87384651543165
-1.99652603588107,-5.03032587052806,1.24689496283067,-3.62596585430331,1.76553364566691,-5.00602741303679,-2.8440516834026,-3.18380997617185,-1.10979019561218,-0.585202244424244,-2.93246602915651
-1.9920550893081,-5.06758386334289,1.25384975547726,-3.62248842441681,1.78341749810311,-4.99907252734769,-2.85299367990517,-3.1927518671213,-1.11475792252478,-0.574273170275147,-2.94190476441259
-1.98360996800664,-5.06857740981842,1.28216569695962,-3.62199164871894,1.75460462473685,-4.98516275597811,-2.86243245398658,-3.1917583236819,-1.12419660364645,-0.596628094698186,-2.92749827374197
-1.96771326908338,-5.09192575197487,1.28514632238047,-3.6095722562633,1.77000460877001,-4.98714986617455,-2.85001301439924,-3.21113242074893,-1.14903523821092,-0.601099079583073,-2.95978868384559
-1.9433714488437,-5.13812566298106,1.28117215515925,-3.58324314426619,1.81123682414821,-5.00503385792396,-2.84007746273899,-3.25882250576757,-1.14903523821092,-0.649783137149248,-3.02039529960749
-1.9473456235752,-5.1550159530415,1.3025333039984,-3.5812560414727,1.82614003451582,-4.99708541713937,-2.84305812823785,-3.27819660282158,-1.15052555628383,-0.653757345933956,-3.02834370824628
-1.88276528421838,-5.19227394585932,1.27620444610412,-3.54598496693971,1.85594645523707,-4.99907252733605,-2.85448401264973,-3.32837054652673,-1.15648682857663,-0.72777698459451,-3.10335681483721
-1.88226851237685,-5.19475781204565,1.29706882404184,-3.56188178927368,1.85296581316314,-4.99956930488498,-2.88031644696885,-3.3224092858951,-1.15847391934143,-0.743673819726411,-3.10435036591621
-1.87779756580412,-5.18382880083007,1.32637830733928,-3.57330763032105,1.83955292382989,-4.98317564576931,-2.90316821578196,-3.31694479698161,-1.16642228239684,-0.746157700217189,-3.08745999756306
-1.8971716676278,-5.16693851078412,1.3472426852703,-3.61851421888063,1.81719810828557,-4.95535610302844,-2.90068432786717,-3.29806747165798,-1.15648682857609,-0.701447851421714,-3.03927277021908
-1.89071363368838,-5.15899013898437,1.36065549966199,-3.62149487306886,1.82315939243228,-4.9479044397905,-2.90465854853146,-3.28167400491018,-1.16195132817302,-0.681576807508076,-3.03033081050707
-1.88077819685764,-5.1709126966693,1.35270716520893,-3.62348197586122,1.8405464712067,-4.96678198665624,-2.92254254152504,-3.28366109178729,-1.17735128159264,-0.698467194827303,-3.05020183208736
-1.8658750416151,-5.19475781206599,1.36065549966729,-3.61801744318385,1.8524690394906,-4.96280776626345,-2.93843942417878,-3.28117723318858,-1.15300941974163,-0.708899492884238,-3.0874599975981
-1.85544283294304,-5.20668036975156,1.38549404485824,-3.63192716273363,1.858430323636,-4.95535610302597,-2.96774930159299,-3.28664172210152,-1.1356223755504,-0.727776984611211,-3.09242775299502
-1.9175393131149,-5.11726118705468,1.46000968038692,-3.66868856437999,1.78987555595068,-4.90816223588066,-3.00053662205377,-3.20368084496454,-1.15847391932924,-0.617989466898277,-2.93594345790493
-1.88077819683236,-5.12322246589586,1.45901613857995,-3.66421758309388,1.78739168755523,-4.89127179920468,-3.01146572887926,-3.19771958433454,-1.15797714663828,-0.641834719592662,-2.94935639747726
-1.88326205604045,-5.13415147710822,1.47292572387829,-3.66024337750864,1.78888200859258,-4.90518157057684,-3.03332394251926,-3.19821635605377,-1.16840937314555,-0.640841167397393,-2.95184027517516
-1.87133953184166,-5.14110630242815,1.48534499647054,-3.64881753645743,1.79335297170366,-4.89375568694888,-3.02785938910828,-3.20964210559616,-1.19324800768554,-0.644815376178717,-2.96475643919856
-1.85345574554538,-5.15849336572263,1.49528041454717,-3.63391426552472,1.78987555595223,-4.89723312979253,-3.02338839086422,-3.20765501871816,-1.210635051856,-0.644815376178717,-2.97866615431374
-1.84103644950572,-5.15600949953811,1.52309958515554,-3.61354646190116,1.81421746621295,-4.89077502165165,-3.03332394252162,-3.21212596419116,-1.23050595949155,-0.67660904644186,-3.00251138022733
-1.80725596426591,-5.21015778235643,1.50074489450771,-3.5966560881617,1.83408841338289,-4.91809778684612,-3.03978205109946,-3.25584187548871,-1.22851886872924,-0.72926731277692,-3.04771795429468
-1.78241737217749,-5.21065455559313,1.5370091704753,-3.59516576106745,1.82415293979546,-4.90965256851329,-3.04971760275591,-3.25037738657618,-1.23348659563576,-0.701447851303603,-3.03430501472969
-1.75509492088404,-5.21959647385898,1.53551885776412,-3.59119155548293,1.85097871846305,-4.90865901341499,-3.06511770781511,-3.29011912411841,-1.27024777474397,-0.732744745447112,-3.05765346508859
-1.73025632879595,-5.23002871182756,1.51217062528376,-3.58870767699264,1.86488838147665,-4.92306556233869,-3.08250492321078,-3.29111266755697,-1.30849927194069,-0.770002952759267,-3.0899438751449
-1.67660496993353,-5.27573184970431,1.51266739618821,-3.5946689853611,1.88277223389117,-4.92654300518414,-3.08896303178029,-3.31793834044139,-1.3243959980292,-0.839054830474618,-3.16247310410005
-1.67064370783024,-5.27672539617766,1.53502208685703,-3.60063029374235,1.89121738643712,-4.94889799489981,-3.09591791793897,-3.3343318071696,-1.34277658758467,-0.844022591449624,-3.1679376350349
-1.65325669337008,-5.28964150032941,1.54992521397308,-3.59665608815629,1.88128191285708,-4.94343344186171,-3.09393080760901,-3.34228015467548,-1.35122172332386,-0.847003248035308,-3.18482800337419
-1.65126960600325,-5.29709309888358,1.5553896939161,-3.60013351804216,1.87532062870921,-4.93796888882033,-3.12224712981396,-3.3348285788877,-1.34377013296575,-0.849983904620868,-3.164956981797
-1.63437936338222,-5.3090156565618,1.56284125747679,-3.58572702279622,1.89072061275637,-4.92753656028786,-3.12175035223123,-3.34625432843351,-1.36314426787715,-0.872835605123925,-3.18135057460155
-1.62494069838931,-5.31000920303565,1.57824115550869,-3.59814641525218,1.89270770747299,-4.94989154999891,-3.12622135047551,-3.34526078499515,-1.3899699931475,-0.870848500733717,-3.17886669690326
-1.63338581970213,-5.29113182005273,1.61400866055716,-3.622985200158,1.88326900756453,-4.93498822353305,-3.143111788285,-3.33582212233674,-1.42226021800562,-0.847996800262925,-3.12670526527995
-1.617985892599,-5.29262213976277,1.61152480603674,-3.58672057416222,1.87879804445197,-4.95138188264702,-3.14758278652885,-3.37556385984831,-1.42722794491066,-0.888235664169243,-3.1455827357768
-1.59712147523417,-5.29709309889407,1.62891178767406,-3.57777861159404,1.87383030765867,-4.96082065607921,-3.13665367971382,-3.36711874062721,-1.42673117222055,-0.894693753431856,-3.15601502210045
-1.60208919365311,-5.28566731445199,1.66368575095257,-3.56784309762966,1.88724319700336,-4.95336899284388,-3.14509889861503,-3.38649283766916,-1.42474408145925,-0.88624855977952,-3.12372461204414
-1.59265052866007,-5.2876544074006,1.65474387467432,-3.53853333146693,1.9006560863259,-4.95833676833651,-3.11578902124499,-3.40537016301065,-1.42275699069901,-0.89419697734547,-3.14061498040125
-1.6214632954838,-5.25536414698964,1.69746617246611,-3.54499141554453,1.87780449709305,-4.92902689292727,-3.11628579882767,-3.3596671648257,-1.41580217303176,-0.846506471942833,-3.08348579329706
-1.58172154811585,-5.26728670466019,1.68653721257993,-3.52114618201089,1.91804316512604,-4.94840121732948,-3.11727935399267,-3.38649283763466,-1.43120212642747,-0.90462927528946,-3.12670526517301
-1.53651531049174,-5.27622862292125,1.69498231794934,-3.48537833172616,1.93841088597271,-4.95684643566564,-3.11628579882823,-3.41033788014576,-1.44362144368912,-0.930958408445783,-3.16048600184499
-1.54943137837909,-5.25834478640105,1.71187252869714,-3.48587510742448,1.93095928078695,-4.96727876419811,-3.14162145553248,-3.3874863810476,-1.45504721554938,-0.930958408445783,-3.13515044932442
-1.51614766496398,-5.25983510611172,1.69398877614507,-3.45805566831198,1.93294637550379,-4.94740766223376,-3.16049900366438,-3.41182819527313,-1.44113758022941,-0.963248854766223,-3.16644730830513
-1.49578001944157,-5.2613254258216,1.71882732135505,-3.42924267781824,1.9374173386177,-4.93945922144819,-3.16646033465268,-3.4148088255868,-1.42623439953345,-0.963745630863646,-3.17737637017793
-1.49180584470425,-5.27126089055212,1.72528534310876,-3.43619753760356,1.96921085410888,-4.93300111331372,-3.18136366212523,-3.40040244574799,-1.44511176175904,-1.00150061422039,-3.19376996296646
-1.5141605775947,-5.280699582048,1.75211097195013,-3.43619753760356,1.94983668062805,-4.9086590134021,-3.20471220849582,-3.38748638104998,-1.4639891239728,-0.966229511303343,-3.15899567520434
-1.47094142732774,-5.31895112123948,1.74217555386442,-3.40539744428132,1.94039798071778,-4.90965256850028,-3.19726054475964,-3.38947346792502,-1.48684066771343,-1.00845547953522,-3.19873771834475
-1.4550447283867,-5.32640271979485,1.75757545190165,-3.39397160322272,1.95480441740865,-4.91511712154098,-3.23998341684455,-3.4018927609031,-1.51068575682056,-1.03826204538402,-3.20817645359825
-1.41132880630059,-5.36465425904476,1.72727242671439,-3.37608767807943,1.98163019607625,-4.94194310920507,-3.27078362694712,-3.46995048642301,-1.54893725395447,-1.10333971419105,-3.26331853854443
-1.4267287334107,-5.35670588726525,1.77049149538991,-3.39397160323243,1.95331409633997,-4.91660745421441,-3.28519017683433,-3.45107316111676,-1.54943402664442,-1.0670750591281,-3.21016355588203
-1.44858669446656,-5.35024783518825,1.79085910247191,-3.39993291161785,1.96473989097134,-4.90369123793438,-3.28220951134074,-3.43766032470777,-1.57775006996633,-1.07452670058217,-3.19675061632647
-1.4113288063178,-5.35720266050371,1.77893660076611,-3.3875135191561,1.98312051710177,-4.91760100930396,-3.2673061838714,-3.49280198553047,-1.57576297920858,-1.11128813178042,-3.24344751703104
-1.42523841789788,-5.37508649702247,1.81172348045706,-3.37708122947853,1.97864955398921,-4.9200848970504,-3.2886676198947,-3.49528584412324,-1.58669197838954,-1.10979780348967,-3.2096667803518
-1.41977392763388,-5.36217039286623,1.82712337850266,-3.38552641635186,1.97864955398921,-4.9180977868536,-3.29413217329914,-3.48882781177641,-1.60755643136015,-1.10035905763686,-3.19575706524016
-1.42027069947606,-5.35769943373815,1.84798775649039,-3.39248127613466,1.95381087000693,-4.89325890939713,-3.3125129438339,-3.48833104005764,-1.62394993011763,-1.06608150696021,-3.13912465374406
-1.41331589368936,-5.35322847460912,1.84550390196654,-3.38701674345206,1.9612624751894,-4.89226535429818,-3.32741627129076,-3.49975678959862,-1.63835633810846,-1.095888072809,-3.12670526524606
-1.42821904895949,-5.32540917338679,1.87829078166802,-3.41086197699618,1.9508302279259,-4.85848448093712,-3.3428163763426,-3.50671159365968,-1.64779501920956,-1.06508795481192,-3.09590518181766
-1.42126424317065,-5.33186722546569,1.87829078166802,-3.39148772475085,1.95877860679475,-4.85798770338801,-3.35523581588569,-3.5171437997553,-1.65375629148101,-1.07651380504412,-3.08795677318337
-1.42573518974999,-5.33286077193866,1.89120682518487,-3.38801029485994,1.94387539641894,-4.85252315034776,-3.35573259346761,-3.49031812695035,-1.64431761037821,-1.07601702894702,-3.08547289548566
-1.41927715580137,-5.33335754517498,1.8902132833752,-3.38602319206599,1.9493399068909,-4.84954248505299,-3.36070036928847,-3.49776970273126,-1.65971756375921,-1.09092031185626,-3.08547289548566
-1.40685785974847,-5.33335754517498,1.91008411957265,-3.4004296873231,1.94536571745308,-4.86842003192146,-3.38355213806168,-3.50869868054667,-1.65922079106977,-1.07999123772282,-3.04076309691602
-1.42076747132836,-5.33286077193825,1.93889683204044,-3.40688777140421,1.9423850753766,-4.85947803604194,-3.40938457233507,-3.4833633228903,-1.67014979023441,-1.09042353575528,-3.01244689117987
-1.40139336948326,-5.32640271986402,1.93790329023083,-3.42675879935661,1.9567915120766,-4.85202637280184,-3.40640390684477,-3.47640851882975,-1.67760138058095,-1.10632037085187,-3.01145334010039
-1.39294824816459,-5.33236399870648,1.93144526846834,-3.41632650968901,1.96374634358933,-4.85649737074442,-3.41484912573972,-3.50720836538819,-1.695981970081,-1.1639463981057,-3.02287917751408
-1.38996761711136,-5.33286077194299,1.94187745747032,-3.42129426667519,1.96424311726864,-4.86295547888558,-3.42826212044401,-3.52012443007205,-1.69399487932338,-1.19077230733509,-3.01393721779264
-1.37307737448111,-5.31249306923042,1.95230964647257,-3.41831361248402,1.98510761179593,-4.89226535428754,-3.42230078946254,-3.53999529882339,-1.68554974360613,-1.21014657511689,-3.02238240197193
-1.36413548131975,-5.30156405802451,1.96125152276407,-3.41682328538838,1.99852050113583,-4.9260462276486,-3.44465578064651,-3.53204695132483,-1.68058201671148,-1.2205788731526,-2.99804040052632
-1.34774201052665,-5.29212536652381,1.97118694085887,-3.43421043484021,2.00150114321255,-4.91611067666437,-3.44415900306493,-3.5300598644499,-1.68803360704778,-1.22703696241186,-2.99704684944686
-1.34327106394731,-5.28268667502843,1.984599755289,-3.4421588460185,2.02286241142171,-4.91462034401681,-3.46104944084332,-3.55042750491621,-1.70989160538294,-1.2329982755763,-2.96873064367586
-1.31992278735449,-5.27324798353608,1.96969662814975,-3.43122978064807,2.0248495061392,-4.92207200725305,-3.49184965090612,-3.57427254739645,-1.71933028648038,-1.26479194575165,-2.98015648107995
-1.31793569998564,-5.27771894266655,1.94883225014294,-3.41632650969225,1.99752695377789,-4.90816223587772,-3.49433353881473,-3.58321443833188,-1.73572378522416,-1.27621779598195,-2.98214358324027
-1.280181039971,-5.27622862295628,1.93889683204593,-3.42129426667624,2.0064688800088,-4.90518157058381,-3.5142046420801,-3.60755625255136,-1.76254951041604,-1.28466298962394,-2.9781693789239
-1.28067781181331,-5.27424153000991,1.94932902104921,-3.4247716965658,2.0015011432144,-4.91809778686518,-3.53357896775944,-3.61153042630053,-1.77943978185583,-1.27522424378662,-2.96574999042712
-1.29707128260662,-5.26529961174549,1.96721277362736,-3.4312297806464,1.99653340641931,-4.93151078068792,-3.55046940553904,-3.60258853536911,-1.77347850958777,-1.24392734969184,-2.93445313141217
-1.28415521470654,-5.27622862294525,1.96174829367326,-3.4312297806464,2.01888822200243,-4.92703978274423,-3.54649518488682,-3.60755625255299,-1.79384618984216,-1.24044991701565,-2.9543241530111
-1.26577465654139,-5.28566731444898,1.96522569000855,-3.43619753763142,2.02882369559534,-4.93051722558616,-3.56388240024464,-3.61252396973773,-1.82414932386651,-1.25137899114206,-2.93842733573009
-1.26527788469903,-5.28268667502807,1.95032256285825,-3.43917819182258,2.04223658494522,-4.92753656029151,-3.57530828461827,-3.61451105661267,-1.84451700412515,-1.27969522864463,-2.94687251990774
-1.26974883127968,-5.29063504681845,1.96174829367333,-3.44712660299532,2.0442236796633,-4.94641410715803,-3.57928250527058,-3.617491686925,-1.85047827639179,-1.26826937841552,-2.91706598750585
-1.2310006275696,-5.32292530717748,1.94088391567478,-3.41533295826244,2.0606172110968,-4.96727876421541,-3.60263105158869,-3.64034318596003,-1.84302668605349,-1.3109921227172,-2.96227256161648
-1.24540701100095,-5.3025576044671,1.95081933376638,-3.41036520127383,2.07005591100785,-4.96181421117573,-3.60114071884477,-3.62196263238403,-1.86587822974091,-1.30105660079194,-2.93395635586649
-1.22454259362165,-5.30653179035994,1.96274183548191,-3.39744903310276,2.0958881423302,-4.97572398255106,-3.60958593773184,-3.63537546877966,-1.87134272931858,-1.34129546460303,-2.93644023356667
-1.23845220521044,-5.31795757480234,1.9905610061659,-3.38900384622921,2.10830748432493,-4.99956930489199,-3.63641192710995,-3.62196263237668,-1.86041373017156,-1.34775355385666,-2.92104019183487
-1.23149739941753,-5.31497693538238,1.98360621349645,-3.36565538838725,2.1197332789541,-5.00801452322605,-3.64535392357124,-3.64183350111071,-1.86587822975135,-1.36464394114187,-2.91805953859474
-1.21659424415118,-5.31845434804128,1.98907069345406,-3.36416506129192,2.1266881104676,-5.01496940890897,-3.65677980794377,-3.65027862032382,-1.89071686418753,-1.40985056593231,-2.91507888535322
-1.23547157415749,-5.27871248910217,2.01987048957838,-3.36317150989479,2.11277844743485,-5.00801452321713,-3.69006390588263,-3.63239483845608,-1.90065231796111,-1.38997952205869,-2.86341422916369
-1.24341992363542,-5.27573184968046,2.03427684583097,-3.36168118279942,2.12072682631312,-5.00354352527742,-3.70794789880692,-3.63338838189288,-1.8862459099892,-1.39693438740926,-2.84304643200788
-1.25931662258768,-5.27573184968046,2.04073486759474,-3.33733917355805,2.10880425800163,-4.98864019879861,-3.70993500913213,-3.65574310922227,-1.88922654612252,-1.38401820890347,-2.80082051109159
-1.24093606441935,-5.27374475673319,2.04321872212062,-3.31597781852385,2.13413971567645,-4.97969820291631,-3.73079966754431,-3.67462043452336,-1.9011490906494,-1.41332799861067,-2.81174957297634
-1.25484567601222,-5.2449319090309,2.07799268546358,-3.34429403336664,2.13115907359653,-4.96529165399768,-3.73129644512526,-3.64481413142899,-1.92201354358825,-1.40190214839792,-2.73922034414449
-1.25881985075092,-5.24890609492737,2.09041195808499,-3.33634562218218,2.12321069472373,-4.95883354585826,-3.74818688288346,-3.64630444658444,-1.91456195325884,-1.4063731332648,-2.687555687958
-1.24540701100092,-5.24095772314083,2.09637320894541,-3.34528758476308,2.1356300367188,-4.95684643566228,-3.77203220678138,-3.66369145671351,-1.89667813645251,-1.39296017866862,-2.67811695269602
-1.23298771493975,-5.23002871193521,2.0953796671346,-3.34578436046162,2.13115907359972,-4.94393021939721,-3.75911598967773,-3.70045256387055,-1.89022009149862,-1.39991504401673,-2.64831042028539
-1.2036781762268,-5.24592545550276,2.07997976908938,-3.33783594927491,2.15202356815862,-4.93846566635787,-3.7566321017722,-3.69796870527987,-1.90760713560421,-1.43866357950837,-2.65178784906551
-1.19423951122169,-5.24989964139784,2.07451528913177,-3.32442300541172,2.1664300048737,-4.93051722557723,-3.78097420324056,-3.69002035778528,-1.90810390829255,-1.44462489266118,-2.64135556271741
-1.16393642883849,-5.27771894266416,2.05315414020182,-3.29561001487254,2.17040419431053,-4.94045277656495,-3.7889226445315,-3.71485894370837,-1.88376204653674,-1.49579283060229,-2.67563307500872
-1.16940091910358,-5.27821571590114,2.04669611843214,-3.31001651012295,2.15500421023707,-4.93101400313394,-3.81475507872831,-3.71932988917336,-1.89767168182017,-1.49330895012018,-2.65874270662322
-1.15797516673233,-5.27573184971668,2.07302497641362,-3.30256487463473,2.16543645750919,-4.94641410716188,-3.85101984212995,-3.72330406291819,-1.89022009148587,-1.49132184573405,-2.65427172675739
-1.1644332006844,-5.27523507647983,2.06259278740699,-3.29411968775419,2.14953969974827,-4.95138188265245,-3.86393605923175,-3.73423304071592,-1.87283304738132,-1.52063163540536,-2.63291037852372
-1.14654941434976,-5.27573184971646,2.05861862016475,-3.262822818715,2.16543645751357,-4.94641410716126,-3.87784583149357,-3.7605619417849,-1.88078141039876,-1.56534148403286,-2.66669111526566
-1.12717531249459,-5.26579638497369,2.08196685271378,-3.28269384666997,2.18580417838212,-4.96628520912315,-3.88678782794823,-3.77596186505128,-1.87879431964369,-1.55639951429827,-2.66569756418413
-1.15499453567439,-5.25635769347275,2.09786352168353,-3.27524221118618,2.18381708366233,-4.95933032343591,-3.9036782656927,-3.76155548523112,-1.88872977342736,-1.54994142504557,-2.628936174183
-1.17138800647426,-5.22804161895549,2.09587643806206,-3.26133249162202,2.2007073887847,-4.9538657703986,-3.92603325682856,-3.74714910540737,-1.89369750031519,-1.55490918600728,-2.62396841877784
-1.18927179281034,-5.20419650359905,2.13661165227187,-3.263319594419,2.18878482046237,-4.95535610304582,-3.9473946928064,-3.76403934381785,-1.88624590998644,-1.52808327682744,-2.59217478419905
-1.17486540937688,-5.19426103885975,2.14455998675616,-3.263319594419,2.18828804678235,-4.96678198666716,-3.97521423730676,-3.78490375598442,-1.88823300073968,-1.53454136607464,-2.59167800865856
-1.17486540937688,-5.20469327682386,2.14356644494602,-3.25785506172567,2.20517835189867,-4.99807897225162,-3.98167234585341,-3.82365194996274,-1.90611681754334,-1.55689629038352,-2.58124572231392
-1.15151713278406,-5.19475781208162,2.15350186305408,-3.22506786562285,2.22355897805239,-5.03136306801814,-3.98018201311216,-3.82166486308954,-1.91207808980411,-1.58769640834352,-2.58372960001837
-1.18877502093828,-5.13166761088473,2.19721770279762,-3.2618292673367,2.19126868889634,-5.01745329663849,-3.98962078713783,-3.77546509325706,-1.91654904400509,-1.56087049911469,-2.49232290036672
-1.20367817620801,-5.09589993779639,2.22950781164522,-3.27375188410814,2.18083644162335,-5.02093073948128,-4.0099886679359,-3.75907162655822,-1.94238122381101,-1.51814775483606,-2.45754861250607
-1.24391669544889,-5.05168711968457,2.25186250239305,-3.29809389336525,2.14109454723639,-5.01546618643978,-4.03035654873104,-3.74168461642222,-1.92251031626028,-1.45555396673419,-2.37806452598298
-1.23894897702286,-5.05615807881947,2.24441093881062,-3.26630024862743,2.13364294203791,-5.02540173741455,-4.0512212071103,-3.75012973562777,-1.92449740701536,-1.48188309983204,-2.3820387303089
-1.22652968096302,-5.03430005637777,2.22851426984087,-3.25288730474933,2.13960422619793,-5.03086629045469,-4.07258264306159,-3.76950383262489,-1.92698127046035,-1.49678638272024,-2.38750326125837
-1.2483876420183,-5.01144848743756,2.24540448062958,-3.28319062235833,2.11178490012245,-5.02440818231809,-4.11282162704554,-3.76155548513147,-1.94387154186788,-1.4540636384159,-2.31795468548405
-1.26776174387269,-4.98064854672343,2.25136573149648,-3.29958422042563,2.09886878444883,-5.02291784967087,-4.12772495445894,-3.73771044266548,-1.94188445111298,-1.43121193797973,-2.28019974437009
-1.30899380678809,-4.9195454384596,2.27272688043857,-3.31548104278098,2.06310107952322,-4.99907252732451,-4.13169917509881,-3.71436217190619,-1.9408909057364,-1.3706052542067,-2.1957479023452
-1.32936145232705,-4.85049395849275,2.30899115654061,-3.33982305203935,2.03975271657249,-4.98913697634974,-4.1466025025065,-3.66965271730914,-1.93890381498138,-1.32986961433934,-2.11576704022741
-1.34227752023127,-4.84701654583171,2.27968167313596,-3.33982305203935,2.02633982721523,-4.97820787028223,-4.17541560215175,-3.69051712946793,-1.93641995153965,-1.32390830118888,-2.10980573373631
-1.29806482628414,-4.8634100626988,2.23149489524219,-3.32591333248022,2.03478497975815,-4.9876466437193,-4.19429315019022,-3.72777500837343,-1.94585863262667,-1.35272131480383,-2.13514128639009
-1.27968426811728,-4.87781648658991,2.230004582525,-3.31101006151476,2.04323013231201,-5.00056285998811,-4.21068681033026,-3.74764587709757,-1.93989736036732,-1.39792793956143,-2.11328316256762
-1.27074237495639,-4.90364869493772,2.21808208078973,-3.30355842603116,2.0700559110136,-5.02192429459779,-4.23304180142391,-3.7809295822018,-1.96523276749034,-1.44561844479675,-2.1167605913582
-1.29359387971062,-4.90265514846338,2.2205659353169,-3.30703585592693,2.0735333267725,-5.01596296401342,-4.2573839028399,-3.78291666907318,-1.96225213135764,-1.43767002726083,-2.09589601864018
-1.30203900103177,-4.89967450903752,2.24937864783383,-3.30902295872427,2.06906236365231,-5.02639529254114,-4.28172600424601,-3.77347800643591,-1.98808431116356,-1.44065068383735,-2.06509593509141
-1.27421977786828,-4.91457770617564,2.22454010256123,-3.29163580928233,2.07104945837056,-5.05024061488306,-4.27477111813089,-3.78689084282921,-1.98758753847535,-1.47790889108376,-2.07950242580315
-1.26577465654837,-4.91904866531473,2.21708853897788,-3.28567450089584,2.06657849525492,-5.05967938831388,-4.29464222133213,-3.80527139639926,-1.98361335696485,-1.50771545686574,-2.07900565026181
-1.24391669549047,-4.96673889617206,2.21361114263693,-3.2667970243474,2.08595266874748,-5.0681246066476,-4.30706166082683,-3.85494856819477,-1.98808431115902,-1.55838661871928,-2.12321867347455
-1.23497480232839,-4.99108078482283,2.19523061912498,-3.23798403379333,2.09837201073879,-5.08153760046257,-4.31799076758568,-3.89121290359782,-1.99901331030866,-1.5867028561954,-2.15501230813537
-1.21609747231302,-5.00200979604104,2.22056593528581,-3.21562912732751,2.10085587913753,-5.0820343780112,-4.33786187076602,-3.89866447936353,-1.98311658427282,-1.59862548249483,-2.13812193973634
-1.24341992363485,-5.01740976641813,2.21112728808304,-3.20072585636013,2.11277844744015,-5.10737003300814,-4.36617819279159,-3.92747723900278,-1.97963917545192,-1.60607712394133,-2.14706389949046
-1.25186504495589,-5.01591944670577,2.20615957902655,-3.20320973485517,2.12420424207814,-5.10836358810545,-4.3781008547035,-3.9294643258741,-1.97864563007515,-1.59167061715971,-2.16296071681777
-1.26974883127551,-4.9677324426433,2.22304978982027,-3.20917104324228,2.10681716328552,-5.10836358810545,-4.38157829776035,-3.91058700059791,-1.95281345026306,-1.55093497727713,-2.12272189792617
-1.28514875838459,-4.93991314134044,2.24590125148462,-3.23251950109752,2.09688168969042,-5.08898926369603,-4.38902996145343,-3.91605148949318,-1.96572954016757,-1.52808327684666,-2.0859605078575
-1.29160679233477,-4.92997767658409,2.24540448057881,-3.25090020196323,2.09092040553188,-5.0800472678154,-4.39250740450912,-3.92052243495349,-1.95132313220382,-1.51516709834569,-2.0551604242714
-1.30402608839246,-4.94140346104853,2.26130114954974,-3.23699048239835,2.0799913845842,-5.05967938831648,-4.40542362157819,-3.91505794605361,-1.93940058768228,-1.51467032224945,-2.02535389175531
-1.31048412234315,-4.94090668781091,2.26775917132181,-3.22159043572469,2.10184942649342,-5.03931150880324,-4.42728183507762,-3.907606370284,-1.94834249607958,-1.52460584416853,-2.00548287009347
-1.32588404945346,-4.94637119342214,2.25434635686947,-3.21016459464689,2.11426876848678,-5.06415038623811,-4.44417227277849,-3.90710959856666,-1.93791026962463,-1.52609617245672,-1.98908927722581
-1.3581742191953,-4.92997767657921,2.26676562951083,-3.22705496842521,2.10781071065023,-5.03484051085496,-4.46454015354102,-3.89021936016795,-1.93343931542792,-1.49430250230578,-1.93444396762794
-1.3894708452682,-4.89619709642937,2.2826622984908,-3.24344856650268,2.09638491601886,-5.02589851497803,-4.48639836701746,-3.89816770764831,-1.93840704231575,-1.47244435408562,-1.9006632307962
-1.38102572395268,-4.8738423007165,2.2965718838438,-3.25785506177134,2.08098493196279,-5.00205319262871,-4.47596603785464,-3.89469030562509,-1.92797481584866,-1.47393468237464,-1.87979865803168
-1.38003218026795,-4.87582939366627,2.29557834203265,-3.24990665058606,2.06111398477095,-5.00702096811466,-4.50130169439475,-3.89717416421398,-1.92598772509495,-1.49877348716512,-1.87930188249035
-1.38301281132039,-4.89321645700224,2.29160417478579,-3.2285452955237,2.06161075845051,-5.00155641507678,-4.52017924240751,-3.90810314200763,-1.92896836122916,-1.52808327684373,-1.89470192429589
-1.38102572395183,-4.90563578794617,2.28216552757345,-3.21910655724521,2.057636569014,-5.01049841095999,-4.5425342334707,-3.90810314200763,-1.91505872594697,-1.55540596213848,-1.89569547537953
-1.39443856369092,-4.88874549784815,2.29160417478603,-3.20768071616859,2.04173981126753,-5.01546618644964,-4.57184411063125,-3.9066128268543,-1.90164586334883,-1.56087049919743,-1.87930188248783
-1.39741919474415,-4.86440360919804,2.30104282199346,-3.20370651057678,2.04720432174055,-5.01944040684103,-4.59171521379877,-3.9299610975979,-1.89022009150768,-1.56484470796704,-1.88277931128317
-1.41480620922122,-4.84900363882508,2.31743626188574,-3.20221618347867,2.02186886407549,-5.03831795370755,-4.60413465327685,-3.93244495618807,-1.87780077428792,-1.54398011193222,-1.85843730972623
-1.42374810237913,-4.81770692484804,2.33681032720867,-3.21165492176082,1.9995140484936,-5.01347907627268,-4.61208309454309,-3.90164510968865,-1.86240082093772,-1.53553491829794,-1.80925653105978
-1.41182557817001,-4.81770692484804,2.34724251623335,-3.20221618347476,1.9846108381104,-5.01844685176386,-4.62549608918069,-3.89568384907393,-1.85693632136233,-1.54447688803216,-1.80130812238121
-1.42573518974954,-4.80876500656277,2.35121668348031,-3.20718394046518,1.99007534858537,-5.00900807833461,-4.6294703098103,-3.89021936018153,-1.84799441296317,-1.54745754460881,-1.79335971370839
-1.44113511685287,-4.81472628542217,2.3686036651851,-3.17737739851808,2.02186886407041,-5.01596296402227,-4.64338008202624,-3.8867419581577,-1.83557509573192,-1.53255426171442,-1.76802416104271
-1.48485103895586,-4.79038439677271,2.38797773051138,-3.17886772561557,2.01888822199352,-4.99708541717021,-4.65878018696691,-3.88326455613318,-1.83060736884661,-1.48784441307301,-1.69797880961827
-1.49230261658592,-4.78740375734484,2.39393898138196,-3.18333870690966,2.01640435359588,-4.9866530886399,-4.67020607128209,-3.86935494803113,-1.83706541380223,-1.48088954772879,-1.68655297215053
-1.49627679132292,-4.76653928135428,2.39741637772283,-3.17936450131733,2.01938499567318,-4.9931111967757,-4.681631955594,-3.87730329551248,-1.83805895917992,-1.46350238436301,-1.65525611299732
-1.49478647579659,-4.76951992078446,2.39791314862888,-3.17240964152823,2.02783014822424,-4.97522720500816,-4.68014162285802,-3.87829683894805,-1.8420331406916,-1.45157975805097,-1.64233994889338
-1.51316703395292,-4.75461672363595,2.42374523574559,-3.17340319292626,2.01988176935495,-4.98168531314276,-4.69653528295693,-3.8773032955127,-1.85494923059842,-1.44263778831842,-1.61948827394382
-1.53601853868188,-4.75113931096932,2.43368065386864,-3.16793866023222,2.00646888001727,-4.97671753765301,-4.71193538789944,-3.87829683894869,-1.86637500244094,-1.4406506839332,-1.60408823213044
-1.57228288313363,-4.74070707296522,2.44113221745935,-3.18333870689314,2.00050759586678,-4.96380132137672,-4.74869692871633,-3.8653807742735,-1.87332982008473,-1.39445050693998,-1.55739133108628
-1.58221831997483,-4.73623611382373,2.43666127930525,-3.1897967909841,2.01491403257035,-4.96330454382765,-4.76856803186723,-3.87531620863038,-1.87978786503727,-1.38948274597694,-1.54993969794786
-1.60010210628373,-4.72779096877257,2.44510638470765,-3.19079034238202,2.00199791690491,-4.96777554176829,-4.78595524711286,-3.85991628538009,-1.88872977343643,-1.37805689576443,-1.51864283877445
-1.58966989760152,-4.72729419553436,2.43765482111804,-3.18830646388435,1.99305599066907,-4.97125298461136,-4.79837468658351,-3.84898730758698,-1.89717490915469,-1.38699886550217,-1.53354610505144
-1.56731516471435,-4.73474579410392,2.44262253017907,-3.19079034237991,1.98610115915825,-4.98317564578282,-4.80483279510362,-3.83954864494596,-1.89171040957914,-1.39445050694821,-1.54745582024329
-1.56532807734648,-4.7446812588616,2.44162898836718,-3.18085482839163,1.99057212227426,-4.98764664372494,-4.82172323277544,-3.84898730758769,-1.89419427302294,-1.37010847822753,-1.51963638986557
-1.58023123260648,-4.73176515466518,2.44361607199081,-3.19029356667207,1.97169472245969,-4.98317564578495,-4.83960722559886,-3.83905187323551,-1.88972331882289,-1.36365038897416,-1.50771377684467
-1.6065601402295,-4.74418448561911,2.45404826102065,-3.19079034237138,1.948843133213,-4.99460152941575,-4.85152988748371,-3.8420325035419,-1.89171040957838,-1.37308913480502,-1.49728149044823
-1.61848266443417,-4.74418448561911,2.43964190473992,-3.18234515548647,1.93841088595237,-4.97920142539959,-4.87040743546039,-3.83160029746783,-1.88376204655999,-1.35719229971668,-1.45853299809547
-1.60705691207144,-4.74815867152378,2.43268711205327,-3.19923552926305,1.95182377529005,-4.95883354588087,-4.88034298703015,-3.83259384090377,-1.8763104562288,-1.32539862953077,-1.43419099650044
-1.59314730050507,-4.73275870112605,2.44808701014951,-3.16992576302681,1.95132700161093,-4.9712529846082,-4.88680109554532,-3.83805832980583,-1.87134272934068,-1.33483737537535,-1.43965552747813
-1.61699234891313,-4.71239099835669,2.47143524274299,-3.17737739851369,1.92201735453648,-4.99112408656309,-4.90667219867724,-3.82613580857698,-1.85693632136618,-1.32738573392885,-1.40090703512309
-1.61550203338772,-4.70295230682437,2.48087388996163,-3.18979679098345,1.91009478623812,-4.97920142538621,-4.89922053500232,-3.8142132873428,-1.86041373018678,-1.31248245103477,-1.39146829980926
-1.6552437807329,-4.70195876034791,2.49577701714361,-3.20917104325683,1.87929481812641,-4.97224653969955,-4.92256908118707,-3.80229076610713,-1.85345891253676,-1.28565654181151,-1.32738425475615
-1.68902426597946,-4.68159105758402,2.50869306070804,-3.20569361336296,1.87532062869286,-4.95336899284202,-4.92505296907889,-3.79434241861649,-1.85296213984799,-1.26628227404699,-1.30304225316541
-1.71982412016951,-4.64234597176014,2.52608004242315,-3.21314524885465,1.85942387095209,-4.95684643568531,-4.95336929102733,-3.77894249535662,-1.83706541380124,-1.27075325891591,-1.2578356787366
-1.73572081910695,-4.65029434357439,2.54396379504462,-3.2126484731558,1.85544968151996,-4.94740766225371,-4.96131773227725,-3.76006517007386,-1.84451700413398,-1.24392734969098,-1.22455171735699
-1.74714657146587,-4.64433306471754,2.54595087866997,-3.21115814605784,1.85246903944644,-4.96330454381795,-4.96578873048231,-3.74416847510128,-1.82514286925786,-1.23448860386012,-1.21759685975699
-1.80377856138601,-4.61055248446987,2.58817640572892,-3.25090020195442,1.83408841333526,-4.94790443979192,-4.9782081699313,-3.69945902043637,-1.8385557318492,-1.16792060681301,-1.1515257124037
-1.82066880400794,-4.61055248446987,2.58867317663503,-3.24146146366935,1.82713358182558,-4.97473042744712,-5.01099549007782,-3.68256878201875,-1.83358800495988,-1.17537224826663,-1.14755150805943
-1.82712683795011,-4.63588791963354,2.57675067488207,-3.23798403377394,1.82017875031936,-4.97969820293625,-5.00652449187523,-3.68753649920114,-1.83855573184801,-1.19822394871702,-1.16394510098545
-1.81520431374798,-4.64333951821029,2.56135077678545,-3.22953884688861,1.82315939239255,-4.95883354588318,-5.02043426405627,-3.68703972748312,-1.82812350537594,-1.19275941165478,-1.18729355151415
-1.8335848718906,-4.65575884917288,2.5608540058791,-3.21562912732192,1.83309486597397,-4.98714986616861,-5.04229247749512,-3.69995579215317,-1.80626550706297,-1.18530777020426,-1.17735804065369
-1.83706227478129,-4.66172012803084,2.56532494403585,-3.19973230494521,1.82663680815076,-4.9787046478321,-5.0462666981197,-3.71287185682482,-1.81818805160408,-1.19375296385186,-1.194248409133
-1.84848802713717,-4.66221690126925,2.56880234038154,-3.21364202451692,1.81819165560738,-4.98814342126272,-5.06464746850992,-3.70392996589406,-1.80328487093392,-1.18332066581832,-1.1505321613196
-1.83805581846274,-4.67910719138086,2.57377004944576,-3.21811300581055,1.79782393477249,-4.98019498047731,-5.0412989223447,-3.69896224871093,-1.79583328059428,-1.16493995024076,-1.16940963196999
-1.85146865818594,-4.6651975407037,2.58420223848231,-3.205693613335,1.79633361373567,-4.98416920087002,-5.03980858961057,-3.68554941231496,-1.78589782681654,-1.16046896536701,-1.15450636566647
-1.86488149790716,-4.67016527308453,2.58817640573359,-3.20966781892928,1.79683038741456,-4.97572398254032,-5.05868613757687,-3.68902681434129,-1.79285264446698,-1.12768174297826,-1.11923530209424
-1.81172691087934,-4.73126838142864,2.52757035515905,-3.16346767894174,1.82464971342795,-5.01496940890976,-5.07706690794778,-3.72529114979939,-1.77049787347541,-1.1843142180898,-1.18779032716422
-1.83606873111514,-4.7277909687621,2.52558327153469,-3.15949347334663,1.8137206924896,-4.99708541714296,-5.07507979763734,-3.72976209526427,-1.76254951044943,-1.17586902444219,-1.17239028532433
-1.84153322137303,-4.72630064904755,2.52309941700371,-3.17439674432249,1.80527553994994,-4.98963375390887,-5.0979315662183,-3.73025886698244,-1.75311082936072,-1.17189481566978,-1.14407407935457
-1.88077819685732,-4.71636518427788,2.53949285691342,-3.16992576302875,1.78540459280463,-4.98814342126153,-5.07557657520851,-3.70989122653285,-1.74367214826131,-1.14407535424267,-1.11029334241248
-1.88326205606509,-4.71785550399283,2.53303483513192,-3.16297090324164,1.77844976129706,-4.9702594295062,-5.07756368551999,-3.69200744467979,-1.74168505750416,-1.15649475665891,-1.09737717828807
-1.90611356076727,-4.69848134769744,2.54744119142156,-3.17290641722863,1.76354655094465,-4.96529165401275,-5.09693801105394,-3.66667208704675,-1.72131737724127,-1.13861081716634,-1.06657709458208
-1.9130683665474,-4.70493939979556,2.5330348351362,-3.1614805761526,1.76752074037634,-4.96429809891496,-5.11581555900537,-3.68157523859578,-1.728272194889,-1.14655923471612,-1.07899648317308
-1.94982948281574,-4.70146198712678,2.54495733689535,-3.17539029572611,1.77149492980573,-4.95833676832418,-5.14462865852463,-3.68157523859578,-1.73423346716098,-1.12768174302717,-1.03627378641793
-1.97119067199458,-4.69450716178428,2.53750577329726,-3.17837094992098,1.75808204047987,-4.95883354587322,-5.15208032219421,-3.67014948906618,-1.72529155875595,-1.11228168401121,-1.02087374456177
-1.96473263805533,-4.69301684207017,2.52955743879549,-3.17886772562021,1.75063043529802,-4.95336899283478,-5.15108676703851,-3.66071082642187,-1.70144646965665,-1.11824299717614,-1.03428668423586
-2.01540336587793,-4.66569431397373,2.56582171493697,-3.18234515551561,1.73374013021334,-4.93697533372623,-5.14313832579903,-3.6294142081537,-1.68256910746261,-1.09638484890336,-1.00696402933885
-2.0109324193052,-4.66172012806831,2.56681525674913,-3.19029356670499,1.72579175135324,-4.94343344186578,-5.14065443791072,-3.63537546877198,-1.64878856455983,-1.10632037084141,-0.997028518469449
-2.03775809874141,-4.6463201576776,2.56333786040628,-3.17688062282724,1.72181756192418,-4.93896244392422,-5.14760932399559,-3.62693034956139,-1.62494347546978,-1.08545577477541,-0.989080109770506
-2.02980974927957,-4.66668786044969,2.55737660952847,-3.16446123033916,1.72678529870846,-4.94045277657156,-5.17840953382506,-3.62245940409406,-1.62295638471133,-1.08297189428927,-0.996034967379904
-2.05464834134815,-4.66668786044969,2.56234431859097,-3.14955795935829,1.70939821995128,-4.9240591174508,-5.1828805320252,-3.61302074144293,-1.61202738554277,-1.06260407432325,-0.975667170093445
-2.05961605975982,-4.67016527311958,2.54396379505085,-3.14608052946343,1.71088854098597,-4.93697533373164,-5.18536441991286,-3.6244464909677,-1.6070596586456,-1.06061696993436,-0.974176843461561
-2.10233843809503,-4.6721523660724,2.55936369314937,-3.1391256696747,1.66866277831904,-4.91958811951373,-5.18685475264514,-3.61103365457407,-1.58172425148629,-1.03329428459594,-0.942383208656454
-2.11724159332864,-4.66817818016442,2.54446056595154,-3.11875786601006,1.67064987303407,-4.93151078069382,-5.18238375444649,-3.59563373129849,-1.57775006997187,-1.03826204556816,-0.95579614834314
-2.11426096228116,-4.66867495340326,2.53005420966975,-3.09988038943477,1.65674021004001,-4.93548500108579,-5.17344175804268,-3.58619506863867,-1.58321456955329,-1.04919111970954,-0.954305821711403
-2.11773836517167,-4.65526207597086,2.53253806420121,-3.09292552964442,1.6656821362586,-4.92902689294784,-5.17046109257531,-3.56980160193004,-1.58520166031287,-1.06061696993818,-0.928970268987734
-2.11823513701272,-4.6612233548317,2.53949285689336,-3.09640295953919,1.6507789259029,-4.91163967872958,-5.17840953381479,-3.57526609083754,-1.58172425148532,-1.06012019384084,-0.920525084740892
-2.15400270957958,-4.65774594216376,2.55837015133368,-3.09093842684684,1.63388862083683,-4.88978146655794,-5.1913257508308,-3.54993073319756,-1.61053706749493,-1.03528138898799,-0.880286265680046
-2.17834452979204,-4.65724916892514,2.58519578027982,-3.08795777265051,1.60557252118011,-4.88232980332015,-5.18139019928026,-3.52211151694915,-1.60705965866645,-1.02385553875366,-0.844518426503998
-2.2160991897207,-4.64085565206156,2.58171838393525,-3.09888683804044,1.59166285818759,-4.88282658086925,-5.17294498046059,-3.51913088663705,-1.59613065949071,-1.03230073240547,-0.820176424862768
-2.25236353411115,-4.59763638027932,2.59960213657044,-3.13912566966226,1.56831449531146,-4.86394903398906,-5.18586119747783,-3.47193757331445,-1.59563388680106,-0.993552196812492,-0.779937605785383
-2.26875700486495,-4.60459120561715,2.60506661654007,-3.11279655758074,1.57824996887919,-4.85152959525761,-5.17691920108086,-3.44610544394479,-1.59066615990241,-0.996532853395763,-0.764040788373185
-2.25286030595524,-4.58919123522727,2.60158922019421,-3.11975141736947,1.58570157404852,-4.8550070381022,-5.1694675374184,-3.40686047814869,-1.58371134224409,-0.979145689982341,-0.751124624222234
-2.25882156804702,-4.58124286340876,2.60456984563289,-3.1262095014606,1.55837902173614,-4.84556826466845,-5.17344175803947,-3.40288630439823,-1.56533075272757,-0.98411345095353,-0.723801969297424
-2.28862787851106,-4.59266864789832,2.62891162004608,-3.14558375373498,1.54099194300865,-4.82619394025141,-5.19629352661934,-3.40189276096009,-1.54496307246042,-0.964242407056396,-0.701943845355223
-2.33929860630736,-4.57925577045622,2.65424693628458,-3.15651281911869,1.49578553828233,-4.80433572807932,-5.22212596065567,-3.36513165374633,-1.54198243632096,-0.890222768521893,-0.613517798396
-2.35221467417253,-4.58472027607697,2.65225985265801,-3.14955795932852,1.47094685438352,-4.80781317092398,-5.22510662611969,-3.3546994476489,-1.53353730059388,-0.886248559742796,-0.602588736425328
-2.36314365467223,-4.58819768874491,2.64083412181043,-3.15353216492311,1.44859203887922,-4.81923905456164,-5.21318396425905,-3.32936408997676,-1.50969221148603,-0.867371068037383,-0.602091960880968
-2.36016302362666,-4.60061701970649,2.61351172195822,-3.15303538922367,1.44908881255702,-4.81228416887095,-5.22560340369647,-3.33184794857194,-1.51118252955547,-0.863396859258947,-0.628917840267729
-2.36364042651291,-4.59664283379799,2.61152463833302,-3.16048702471324,1.43965011267535,-4.81625838926333,-5.23603573282616,-3.31396416668996,-1.52558893755835,-0.857932322190468,-0.60855004295815
-2.36513074203505,-4.62893309433447,2.60059567838741,-3.1411127724614,1.41133401305762,-4.83016816065017,-5.21765496245306,-3.31247385153058,-1.51863411990168,-0.878796918286791,-0.60209196087806
-2.35867270810259,-4.60906216479088,2.59066026026191,-3.16247412754918,1.39245661328361,-4.82321327495776,-5.23156473462447,-3.30353196058714,-1.49528580345814,-0.870351724633227,-0.578246734741091
-2.33979537813851,-4.64433306469719,2.54147994057778,-3.13962244537674,1.40040499213429,-4.84159404427078,-5.23752606555465,-3.33383503544914,-1.49925998497754,-0.936919721633348,-0.620969431522997
-2.34178246550223,-4.66172012804574,2.51763493708071,-3.1311772584879,1.40487595523712,-4.85003926260642,-5.24448095163969,-3.31545448184295,-1.47044716893782,-0.930958408467798,-0.616001676078962
-2.34525986838815,-4.66470076747664,2.47640295186753,-3.11279655761268,1.40686304994799,-4.86295547888618,-5.25143583772423,-3.31694479700014,-1.46746653279908,-0.945364915294865,-0.619479104889208
-2.35767916440616,-4.67612655196497,2.46149982466454,-3.10484814642514,1.41133401304774,-4.88630402370564,-5.24746161710535,-3.33582212233458,-1.46200203320868,-0.975668257272918,-0.660214699594098
-2.37109200410757,-4.67513300548859,2.43666127934896,-3.09342230533582,1.41381788143608,-4.8897814665498,-5.25789394622606,-3.32042219903792,-1.46249880589863,-0.979642466052015,-0.638356575638633
-2.38301452828542,-4.65228143651591,2.43417742481773,-3.09938361372617,1.4004049921468,-4.87686525026336,-5.26186816684703,-3.32340282935396,-1.44908594326045,-0.981132794345089,-0.594143552151667
-2.40387894559942,-4.6329072802122,2.44262253022263,-3.10931912771239,1.37805017665911,-4.87239425231828,-5.26633916504269,-3.29856424338821,-1.43567308063068,-0.966229511420072,-0.547943426523499
-2.46547865381639,-4.59713960699727,2.5012414972486,-3.14806763221155,1.32986312997174,-4.83911015651181,-5.2618681668449,-3.25385478861312,-1.43219567180354,-0.871842052767551,-0.438652806534312
-2.44312392097802,-4.61850085624432,2.47044170107022,-3.14608052941539,1.35718568223371,-4.85252315034149,-5.28919093360985,-3.29111266756407,-1.43467953525268,-0.898667962007518,-0.473427094638472
-2.46597542565709,-4.63290728016556,2.47143524288255,-3.14459020231701,1.33085667731874,-4.86593614417506,-5.27627471659385,-3.30005455850751,-1.46200203321526,-0.894693753228339,-0.453556072840547
-2.50025268269006,-4.61303635064913,2.48584159914119,-3.15949347330212,1.30452767238927,-4.85550381564777,-5.28024893721302,-3.2637902230115,-1.44461498906089,-0.849983904517335,-0.423749540209592
-2.51366552239236,-4.61452667036396,2.49428670454316,-3.13713856681376,1.26975351495202,-4.85749092584395,-5.25888750137299,-3.25435156034229,-1.45852462439664,-0.848493576225714,-0.422755989120669
-2.5226074155261,-4.61154603093306,2.50720274809482,-3.14359665090706,1.25634062565793,-4.84904570750797,-5.24994550497815,-3.23249360469242,-1.44213112562399,-0.849983904517675,-0.387484925451795
-2.50472362925886,-4.6527782096802,2.45951274111954,-3.08994487530516,1.25634062565793,-4.8634522564278,-5.25093906013294,-3.23348714813058,-1.4366666260318,-0.899661514234726,-0.442627010862773
-2.51714292527439,-4.64582338434404,2.45355149024837,-3.10782880048544,1.24044386797846,-4.86047159113284,-5.23255828977389,-3.21908076826166,-1.43915048948131,-0.891713096675872,-0.429710846698421
-2.51267197870815,-4.66619108712541,2.44361607212656,-3.10137071639582,1.26031481507725,-4.86842003192532,-5.24547450678681,-3.19672604088052,-1.43666662602861,-0.90810670789356,-0.440143133146111
-2.51813646895513,-4.67861041809166,2.41877752682817,-3.08944809961174,1.25634062566012,-4.88779435634798,-5.24000995343643,-3.19771958431974,-1.45057626134816,-0.90959703618648,-0.444117337504528
-2.47193668780193,-4.71636518426094,2.34078449446681,-3.0437447353224,1.29161155672794,-4.90468479303166,-5.23206151219353,-3.22553880063601,-1.41431185496471,-0.989577988016122,-0.527078853630281
-2.47541409068877,-4.72033937016465,2.32488782548999,-2.99804137095387,1.28068253581819,-4.91909134195148,-5.212687186673,-3.20368084499322,-1.39742158350323,-0.981629570466674,-0.533536935701522
-2.48385921197967,-4.72083614340311,2.30452021834707,-2.98860263266147,1.26577932550599,-4.91958811950073,-5.22063562791456,-3.17486808527224,-1.37457003975578,-0.967223063636615,-0.540988568877567
-2.50074945456405,-4.72729419549829,2.33382970180171,-2.96972515607837,1.24789547312299,-4.89673635223464,-5.21616462971794,-3.15797784679955,-1.37357649437498,-0.949835900226443,-0.495285218775447
-2.51366552242098,-4.72530710254516,2.31594594918996,-2.98711230557157,1.23597290487422,-4.88034269311117,-5.24348739648616,-3.15400367304275,-1.37158940361345,-0.931951960719765,-0.47293031926438
-2.52956222132012,-4.72481032930663,2.30700407288409,-2.98065422147827,1.2161019577902,-4.87686525026608,-5.25044228257136,-3.14605532552777,-1.3700990855424,-0.921022886576568,-0.4694528904493
-2.54446537654342,-4.67264913930993,2.33035230545159,-3.01244786629749,1.18530198979215,-4.84209082182415,-5.23553895524449,-3.1078039031229,-1.36513135863886,-0.892706649050488,-0.403381743050747
-2.54545892022448,-4.66022980834601,2.31842980371455,-3.00102202521201,1.16890845844987,-4.82122616474907,-5.23901639828664,-3.10333295764422,-1.36662167670838,-0.87979047051172,-0.394439783240806
-2.56185239096476,-4.66172012806084,2.30948792740912,-2.98413165142888,1.13860526413297,-4.83513593612958,-5.22510662611855,-3.12519091330606,-1.35668622289387,-0.861409754903245,-0.400897865325321
-2.56582656568934,-4.6647007674915,2.31892657461889,-2.98015744583254,1.14208267987291,-4.8321552708348,-5.19778385934512,-3.08992012118332,-1.32837017955252,-0.843029039284084,-0.378542965801124
-2.57725231802287,-4.68159105759495,2.31296532375023,-2.97369936173942,1.11277303292438,-4.82122616474672,-5.19132575083303,-3.0596170462655,-1.33184758838724,-0.812725697317987,-0.348239657547124
-2.60854894398992,-4.66122335482942,2.31445563646627,-2.99208006263983,1.07998597023485,-4.78744529140384,-5.17940308896527,-3.03378491683861,-1.32588631610263,-0.765531968063763,-0.290613694391806
-2.60954248767107,-4.66420399425992,2.31048146922128,-2.99456394113828,1.0685601756705,-4.77303874247149,-5.15953198585565,-3.03080428652027,-1.32837017955496,-0.765531968063763,-0.278691081309082
-2.62494241472665,-4.66470076749792,2.28961709116444,-3.00499623083123,1.05912147580884,-4.77701296286715,-5.13320277423385,-3.01888176523682,-1.32091858919708,-0.753112565620189,-0.280181407944146
-2.62394887104551,-4.67861041816539,2.29309448750436,-2.99903492243533,1.04471503918542,-4.7745290751202,-5.09594445590466,-2.9851012882721,-1.31197668076722,-0.736718954393991,-0.264781366047286
-2.62345209920501,-4.66718463367552,2.30501698924641,-2.98959618414122,1.02683118682851,-4.78198073835907,-5.09246701286235,-2.96622396291134,-1.30849927193427,-0.726286656343555,-0.257329732870511
-2.6492842349113,-4.6890426561682,2.28763000754463,-2.98711230564162,1.0064634660845,-4.77651618531361,-5.09544767832857,-2.95231435474593,-1.3094928173151,-0.706912388543246,-0.240936139880322
-2.65226486595434,-4.69748780122457,2.28266229848962,-2.97022193185063,0.987586066375467,-4.78198073835884,-5.07557657522276,-2.94436600722581,-1.29757027275512,-0.706912388543246,-0.2275232001595
-2.6626970746035,-4.70046844065387,2.25931406593309,-2.98413165143781,0.970695761368466,-4.75416119558975,-5.06514424609058,-2.90760489996264,-1.31744118037822,-0.706912388543246,-0.204671525083833
-2.68008408901854,-4.7059329462755,2.24838510600639,-2.96823482904424,0.935921603999196,-4.7357804262638,-5.06613780124661,-2.9225080515714,-1.32191213459321,-0.699460747071995,-0.191258585359859
-2.70641299655641,-4.69450716179544,2.242920626045,-2.96972515614284,0.921515167380933,-4.75316764049249,-5.06017647031059,-2.9120758454415,-1.3253895434272,-0.711383373423892,-0.187781156541511
-2.72230969545026,-4.69599748151075,2.25037218962687,-2.97916389443622,0.905618409734726,-4.75068375274482,-5.07358946491134,-2.87730182500633,-1.31942827114045,-0.696480090482164,-0.142077806359745
-2.73621930698368,-4.69748780122582,2.24490770966629,-2.95879609073945,0.908102278117664,-4.76260641393083,-5.06911846670906,-2.86190190168782,-1.31048636271033,-0.698963970970724,-0.133632622089426
-2.74416765642923,-4.67712009845701,2.21957239348354,-2.94886057674629,0.883760367970904,-4.76310319148024,-5.07060879944326,-2.86140512996752,-1.31744118037779,-0.686544568520702,-0.113761600281385
-2.75658695244162,-4.67314591255309,2.19374030640131,-2.9438928197483,0.882270046941551,-4.75614830578739,-5.0671313563958,-2.859914814806,-1.3035315450329,-0.693996209988549,-0.110284171464671
-2.77844491341718,-4.70344908009773,2.15598571757575,-2.94190571694895,0.8713410260655,-4.72485132016861,-5.05669902726537,-2.86438576028779,-1.29707350005549,-0.684557464129473,-0.102832538285707
-2.78689003470191,-4.6805975111275,2.14108259041477,-2.96376384773446,0.858921684159701,-4.72981909566453,-5.03285370352359,-2.85743095620145,-1.29011868238845,-0.67313161388091,-0.0819679653737801
-2.80278673359407,-4.71239099836401,2.12518592144699,-2.95631221223372,0.864882968276208,-4.73478687115911,-5.03036981563403,-2.85445032588059,-1.30005413618902,-0.702938179729087,-0.0978647828199016
-2.82166406352324,-4.71785550398315,2.13363102683665,-2.94737024964311,0.865379741952658,-4.72385776506244,-5.01049871251065,-2.82861819641189,-1.28862836430864,-0.698963970947019,-0.0859421697287729
-2.8315995003282,-4.72332000960317,2.10382477252131,-2.95780253934038,0.854450721079015,-4.73329653850185,-5.00056316094825,-2.8142118165236,-1.28266709202171,-0.702441403633892,-0.0779937610001082
-2.81818666064142,-4.71686195750262,2.09339258350824,-2.948860576747,0.838057189768775,-4.71342543652517,-4.98665338875757,-2.82017307716992,-1.26627359322654,-0.710389821198522,-0.06905180117931
-2.83408335952851,-4.72828774198269,2.06656695462643,-2.94389281975107,0.813715279650161,-4.70299310798212,-4.95883384439082,-2.82861819642403,-1.26229941170086,-0.716847910474411,-0.0889228230075871
-2.83358658768812,-4.73573934055624,2.03477361670343,-2.94886057675227,0.788379822160237,-4.69057366924656,-4.95436284618758,-2.81967630545945,-1.25782845748399,-0.712873701692591,-0.0685550256381904
-2.84650265553354,-4.74617157856257,1.99602548613277,-2.94935735245205,0.775463706585495,-4.67368323256079,-4.95585317892168,-2.81719244685777,-1.25037686712589,-0.740196387074127,-0.0586195147283329
-2.86587675730462,-4.72928128846139,1.9786385044615,-2.94041538985243,0.759070175270742,-4.66027023871889,-4.94939507040342,-2.81073441448987,-1.26925422937685,-0.744667371953721,-0.0273226553564581
-2.88425731538781,-4.71686195750646,1.96671600274185,-2.952834782345,0.744663738671516,-4.6508314652703,-4.92803363454859,-2.79533449115947,-1.2732284109017,-0.752119013421722,0.00496775511101405
-2.89667661139129,-4.74269416590552,1.94386454111648,-2.92898954875957,0.744663738671516,-4.64735402242326,-4.91859486055992,-2.79136031739476,-1.25782845748576,-0.76056420708423,0.00248387738250344
-2.90710882003559,-4.74021029971713,1.91405828683577,-2.95035090385397,0.726779886327903,-4.65132824281819,-4.89127209375516,-2.77447007890147,-1.24292527678268,-0.743673819774822,0.0283162057375098
-2.91108299475631,-4.73573934057432,1.87630369806248,-2.92600889455846,0.701941202522116,-4.67815423050115,-4.8887882058634,-2.77099267685505,-1.23298982296728,-0.742680267579202,0.0481872275685112
-2.91952811603845,-4.73126838143078,1.8584199454945,-2.91756370766111,0.673625103016648,-4.66176057136716,-4.86941388030307,-2.77596039405908,-1.24093818601604,-0.755099670028192,0.0566324118454463
-2.9557924603657,-4.73921675324652,1.83904588019887,-2.93246697864776,0.667167045231854,-4.65232179792247,-4.86543965967545,-2.75509598178915,-1.24590591292537,-0.727280208540432,0.106309966462849
-2.97119238740612,-4.73325547438823,1.82265244034428,-2.92998310014931,0.671141234636732,-4.6577863509694,-4.85152988747812,-2.76701850308299,-1.25733168480916,-0.729764089030695,0.125684212745229
-2.98708908629532,-4.72779096876792,1.82066535672576,-2.94140894124721,0.64679932453286,-4.64437335712778,-4.81824578971267,-2.76006369899665,-1.25137041251814,-0.727776984639537,0.134626172571106
-2.99702452309645,-4.73226192791169,1.83407817114562,-2.93892506274818,0.635870303669145,-4.64934113262483,-4.79390368837578,-2.74466377565935,-1.2632929570895,-0.705918836336804,0.162445603139413
-3.01043736277825,-4.76256509543521,1.81321379315995,-2.94289926834853,0.604573562109608,-4.65331535302321,-4.78545846954118,-2.74367023221795,-1.24689945829384,-0.706912388532156,0.180329522797823
-3.02235988693548,-4.76405541515024,1.80774931320748,-2.9294863244562,0.600102599029428,-4.67865100806104,-4.77999391617945,-2.72032196133951,-1.24988009443686,-0.688034896808711,0.183806951619849
-3.01987602773511,-4.75262963067048,1.78787847703262,-2.91507982915066,0.580231651997927,-4.68014134070984,-4.76906480945037,-2.71436070069096,-1.25087363981896,-0.666176748499624,0.192748911443625
-3.05117265365056,-4.72828774200666,1.77893660075702,-2.89173137125557,0.564831668049574,-4.66871545707265,-4.76260670092763,-2.69747046218336,-1.24789300367675,-0.65822833093813,0.213613484364951
-3.05614037205086,-4.73275870114948,1.76105284820495,-2.89471202545668,0.566818762752779,-4.65083146528734,-4.74124526504628,-2.7039284945548,-1.25832523018276,-0.674125166063098,0.216097362094921
-3.0705467554101,-4.74865544476603,1.76552378634546,-2.90166688525477,0.552412326179329,-4.64039913674171,-4.76012281302836,-2.69001888638038,-1.23994464062674,-0.660215435319796,0.238452261665088
-3.07253384276948,-4.76802960105259,1.75260774282541,-2.87037001616944,0.540489757967321,-4.64188946939111,-4.75465825966415,-2.70045109251808,-1.23398336833536,-0.682570359732157,0.224542546362405
-3.07054675540979,-4.77200378695833,1.71733700863813,-2.8609312778724,0.530057510781383,-4.64785079998634,-4.74223882019439,-2.68554794089967,-1.22454468721453,-0.691015553397119,0.230007077367803
-3.08395959509229,-4.78641021086295,1.69001460890344,-2.84205380127222,0.54347040001823,-4.65927668362967,-4.74422593051024,-2.66716738723124,-1.23298982295952,-0.691015553397119,0.234974832827987
-3.05614037204247,-4.82913270929348,1.62444084960256,-2.8137375863606,0.555392968233521,-4.69007689168843,-4.75068403903097,-2.69945754905384,-1.21013827919023,-0.753112565568574,0.176355318451788
-3.07154029907859,-4.81919724453714,1.6328859549751,-2.8132408106606,0.548438136783216,-4.69107044678792,-4.74372915292931,-2.68753502775317,-1.22007373300771,-0.73224796945752,0.196723115855896
-3.06061131860127,-4.82962948253899,1.61400866060525,-2.79486010975591,0.539992984301454,-4.6870962263916,-4.72733549283549,-2.68852857119537,-1.20218991614159,-0.744667371908832,0.192748911487905
-3.06905643988184,-4.85099073177803,1.57227990470197,-2.79883431535851,0.528070416093056,-4.6960382222824,-4.72534838252049,-2.68505116914955,-1.20566732497848,-0.768512624608664,0.209142504506349
-3.05713391572667,-4.86291328949491,1.55787354848855,-2.80976338075975,0.506212374382472,-4.68808978148811,-4.71789671883792,-2.68703825603354,-1.19771896192996,-0.75907387875096,0.232490955176756
-3.07004998356436,-4.8584423303521,1.55141552673754,-2.79933109105385,0.490812390438358,-4.68510911618926,-4.71739994125903,-2.69150920152024,-1.18828028080575,-0.736222178255495,0.240439363914294
-3.08097896404008,-4.8589391035899,1.52061573067869,-2.78095039015343,0.509193016413404,-4.69752855493356,-4.70796116727013,-2.68505116915025,-1.19573187116875,-0.731254417273784,0.246400670469667
-3.01391476560258,-4.92550671734324,1.42076477913069,-2.70295660506809,0.546451042102084,-4.7318062058444,-4.68908361927361,-2.74466377554671,-1.19424155309557,-0.841041934640229,0.0988583336214776
-3.03030823631693,-4.93693250181748,1.4302034263015,-2.68855010976366,0.524096226723952,-4.73031587319573,-4.69305783990474,-2.74217991694256,-1.19374478040485,-0.835080621465271,0.108297068997212
-3.03726304207633,-4.95034537923585,1.41728738280348,-2.68656300696257,0.498263995610022,-4.72832876299728,-4.68610295379843,-2.74466377554739,-1.18778350811472,-0.829119308290808,0.141581030605542
-3.08346282320127,-4.92550671736962,1.44610009519722,-2.71388567047449,0.461005969963392,-4.68908333659293,-4.66672862823023,-2.71436070060769,-1.20268668883738,-0.770996504903154,0.216594138009498
-3.07650801744381,-4.9294809032728,1.4157970700534,-2.70096950227002,0.459515648938675,-4.69057366924209,-4.6577866318104,-2.72181227642144,-1.1882802808001,-0.804777279550026,0.198710218336723
-3.08246927952275,-4.94388732717047,1.37506185594728,-2.71140179197484,0.4416317966374,-4.67666389784977,-4.66176085244039,-2.72727676535261,-1.18480287196279,-0.807261160039514,0.209639280350196
-3.10134660943711,-4.92500994412328,1.40933904829005,-2.71189856767511,0.424244718014271,-4.64884435506745,-4.64735430265099,-2.72230904814326,-1.17933837236162,-0.759073878517416,0.236465159857782
-3.11774008014949,-4.923022851171,1.40238425563899,-2.71090501627526,0.4083479604232,-4.64735402241823,-4.64338008201919,-2.72926385223566,-1.17884159967096,-0.74367381947843,0.236961935404195
-3.11674653646983,-4.92898413002785,1.37257800143046,-2.70245982936633,0.397418939567608,-4.63890880406948,-4.62748319948821,-2.71336715716731,-1.17437064545236,-0.745164147772278,0.259813610538496
-3.13214646349838,-4.91457770612631,1.38599081583739,-2.70941468916855,0.370096387449308,-4.61705059187523,-4.59966365507494,-2.71187684200471,-1.17834482697793,-0.734731849707327,0.275213652479695
-3.177849472817,-4.85893910360262,1.45702905494751,-2.7526341752104,0.333831909111328,-4.58774071646174,-4.58774099317357,-2.66170289829956,-1.17635773621349,-0.670150957199823,0.377549414646859
-3.177849472817,-4.84950041208092,1.4436162405482,-2.7556148294122,0.328864172364391,-4.56488894917059,-4.5783022191734,-2.65822549625323,-1.17834482697627,-0.669654181101843,0.397917212048573
-3.21957830734624,-4.83310689523493,1.44510655325909,-2.74816319390625,0.308496451704476,-4.54899206757707,-4.5633988917949,-2.65176746388002,-1.17288032737511,-0.662699315729759,0.389968803302314
-3.22206216654489,-4.81323596571797,1.4431194696444,-2.72928571730216,0.311477093753376,-4.53706940637823,-4.55545045053093,-2.63785785569556,-1.18579641732395,-0.639847615213888,0.403878518606904
-3.23895240909648,-4.82019079104648,1.41977123718769,-2.72531151169904,0.310483546403633,-4.51670152683168,-4.55197300747774,-2.6179869868527,-1.1708932365826,-0.611531377645479,0.421762438279679
-3.26031359820485,-4.81870047133345,1.42871311344782,-2.71388567059346,0.303528714957923,-4.51173375133247,-4.52614057336921,-2.60854832415246,-1.17834482694737,-0.613021705939048,0.459517379817012
-3.25484910796746,-4.83708108114279,1.40039717194308,-2.69649852107643,0.303031941283222,-4.50527564318196,-4.53061157158079,-2.64332234459196,-1.1798351450206,-0.655744450386201,0.465478686378108
-3.29011990856671,-4.83757785438088,1.40834550640163,-2.69451141827657,0.306012583330482,-4.47844965548013,-4.52663735094823,-2.62792242124124,-1.19175768959232,-0.652763793796865,0.511678812237013
-3.30154566088125,-4.84502945294924,1.40536488098321,-2.68556945566307,0.276206162848865,-4.46801732692758,-4.51719857693971,-2.64332234458889,-1.17983514500351,-0.662202539655745,0.508698158957458
-3.28713927753215,-4.88874549785725,1.37704893946797,-2.66172422204495,0.284651315317378,-4.46553343917697,-4.52315990788854,-2.64779329007636,-1.17089323656965,-0.692009105543535,0.505220730131208
-3.32340362184302,-4.87284875424838,1.37456508494939,-2.67315006316619,0.241432005612491,-4.45361077798159,-4.52663735094382,-2.60755478067709,-1.1674158277313,-0.630905645549061,0.562846693474978
-3.34675189830255,-4.89073259081172,1.36313935417186,-2.67911137156841,0.216096548224384,-4.46453988408007,-4.52365668546919,-2.60656123723517,-1.15897069198783,-0.631402421647042,0.588679021910444
-3.36215182531944,-4.87632616690478,1.35767487423248,-2.6880533341752,0.219077190270741,-4.45212044532781,-4.53508256979365,-2.58967099871074,-1.15201587431102,-0.615008810404842,0.63885335216299
-3.41182900925774,-4.85595846412778,1.36363612507713,-2.69103398837708,0.187780448781839,-4.44615911472617,-4.53110834916052,-2.57526461879518,-1.12916433054856,-0.61153137771573,0.676608293742493
-3.42524184892563,-4.84155204023011,1.35668133243569,-2.67712426875968,0.187283675106989,-4.4496365575768,-4.53657290252957,-2.57923879256534,-1.14555782936331,-0.620473347477795,0.68008572256922
-3.43070633916069,-4.83310689518733,1.32339768193203,-2.69351786686556,0.18479980673417,-4.45708822082523,-4.54501812137627,-2.57476784707419,-1.16940291850817,-0.598118423064507,0.67561474264739
-3.44709980987046,-4.85148750497844,1.31296549296665,-2.70842113788112,0.195232053905751,-4.47695932282124,-4.53856001284814,-2.54247768523953,-1.1758609634906,-0.588182901106862,0.676608293741043
-3.42673216445806,-4.87135843449114,1.26428194445733,-2.7089179135811,0.196722374929565,-4.51223052886745,-4.54154067832263,-2.55191634793977,-1.18132546308311,-0.583711916222161,0.663692129513945
-3.44709980987966,-4.8783132598189,1.2588174645247,-2.72729861450434,0.203677206370873,-4.52266285741999,-4.54998589717256,-2.55290989138114,-1.20715764301473,-0.56036343961709,0.695982540061124
-3.4788932076082,-4.83211334871984,1.24043694110633,-2.75362772662263,0.197715922275042,-4.54005007166884,-4.55594722811968,-2.54446477212619,-1.21510600606729,-0.549434365462546,0.715853561931833
-3.52012527027508,-4.82515852338667,1.22354673038817,-2.78840202564545,0.191257864511934,-4.53408874106893,-4.55942467117437,-2.55290989138956,-1.21659632414096,-0.522111680048664,0.783911811911704
-3.54595740591545,-4.81571983186928,1.19970172704727,-2.79038912844578,0.206161074735926,-4.54104362676538,-4.55942467117437,-2.55589052171517,-1.2319962775523,-0.512672934185276,0.758576259022826
-3.54148645936281,-4.83608753463098,1.18628891265691,-2.78740847424398,0.192251411857138,-4.55147595531771,-4.54948911958824,-2.56781304302801,-1.24242850406642,-0.507208397102046,0.759073034570378
-3.53105425074124,-4.8475133191184,1.15101817851843,-2.79237623124608,0.18479980674873,-4.56836639201851,-4.55445689537952,-2.56930335819217,-1.24491236752038,-0.50969227759432,0.75807948347546
-3.5399961438505,-4.87781648661429,1.13611505143774,-2.79237623124608,0.168406275486323,-4.58326971851552,-4.53458579221247,-2.59116131391388,-1.24689945828471,-0.502240636126164,0.76304723894304
-3.57924111915159,-4.86639070213852,1.14008921865916,-2.79138267984613,0.163438538741711,-4.57730838791697,-4.53607612494977,-2.58967099874994,-1.22901564142926,-0.47789860729682,0.80030540498238
-3.59563458985417,-4.84999718529868,1.13164411331019,-2.78790524994353,0.139096628684069,-4.55843084102115,-4.51968246483088,-2.59265162907533,-1.21510600607939,-0.470446965825878,0.821169977958073
-3.62494412837096,-4.83857140083148,1.14853432400416,-2.79038912844326,0.122206323754713,-4.53955329412962,-4.50477913745417,-2.56781304301247,-1.19722218922448,-0.471440518022551,0.841040999848642
-3.63636988067578,-4.83161657550372,1.12717317519086,-2.78641492283973,0.102335376786656,-4.55197273287675,-4.50626947019204,-2.53701319630681,-1.18331255388167,-0.464485652646422,0.849486184152382
-3.652763351369,-4.83410044169477,1.11227004810722,-2.77796973593779,0.0819676561407549,-4.55346306552606,-4.47497248270057,-2.53900028319065,-1.17536419082911,-0.442627504322353,0.861408797282283
-3.66866005021638,-4.82168111073618,1.09339275379194,-2.77300197893839,0.076503145727622,-4.54253395942237,-4.45460460194339,-2.53452933769872,-1.18182223581346,-0.443621056519769,0.863395899474223
-3.63984728353943,-4.81075209949951,1.07898639762051,-2.763563240635,0.0615999355036301,-4.54799851246816,-4.44168838488172,-2.52956162048912,-1.17586096352689,-0.428220997471507,0.916550883015349
-3.6587246134247,-4.80826823331026,1.08047671033011,-2.75958903503188,0.0486838199829236,-4.53359196351375,-4.43771416424594,-2.52161327294802,-1.16890614585154,-0.413814490609732,0.934931578281599
-3.64779563296089,-4.85744878384957,1.04868337256816,-2.72829216589718,0.0760063720621222,-4.54402429205831,-4.41684950591455,-2.55887115201585,-1.17089323661445,-0.446601713083578,0.904131494358461
-3.67263422491981,-4.84155204025134,1.05961233242626,-2.72431796029035,0.064083803880632,-4.52961774311135,-4.42032694897016,-2.53800673973657,-1.16195132817311,-0.415304818891973,0.943376762586566
-3.68405997721493,-4.84155204025134,1.06805743777439,-2.71885342758967,0.0273225520129938,-4.55296628794724,-4.39995906821785,-2.550922804487,-1.14506105668087,-0.413814490595494,0.93443480273213
-3.6378601961256,-4.9289841298963,1.00695461682577,-2.6652016518698,0.0650773513000995,-4.58326971848332,-4.3969784027403,-2.61103218262064,-1.15449973781241,-0.508698725152115,0.832595815751481
-3.63438279325193,-4.95382279177252,0.988574093424198,-2.63142090424589,0.0630902566035673,-4.59519237967969,-4.402442956113,-2.62990950803123,-1.15549328319374,-0.526582664685161,0.810737691672712
-3.6328924777341,-4.98015177335672,0.998012740571461,-2.61353697901981,0.0690515406916876,-4.57929549808222,-4.38356540809212,-2.65077392032091,-1.145061056679,-0.521614903700973,0.816698998241752
-3.64282791451437,-4.9866098254519,0.985096697107902,-2.59614982950413,0.0695483143657045,-4.55942439608374,-4.38207507535326,-2.6448126596688,-1.13611914824033,-0.52856976907898,0.840047448970722
-3.6160022352055,-5.02287427182764,0.961748464689835,-2.56534973607914,0.0829612035645289,-4.57184383483755,-4.39002351662672,-2.67461896292937,-1.1321449667118,-0.547944036920329,0.812228018297751
-3.64878917659477,-5.02486136478024,0.983109613499436,-2.55044646506435,0.0769999194783771,-4.53607585124251,-4.39399773726194,-2.67362541948731,-1.12966110325843,-0.542479499836305,0.833589366855026
-3.64233114268772,-5.02635168449383,0.974167737243506,-2.5270980071294,0.0755095984573518,-4.53955329409436,-4.39300418210287,-2.68803179940322,-1.1182353313569,-0.548937589120242,0.822163529255519
-3.65872461338225,-4.99654529024317,0.980128988070043,-2.53504641834305,0.0452064043356515,-4.52514674515068,-4.40840428706378,-2.65772872443333,-1.108796650231,-0.515653590547963,0.848989408799375
-3.65375689499178,-5.00797107470577,0.971683882724627,-2.53554319404394,0.0322902888145897,-4.51769508189886,-4.40492684400817,-2.65971581131802,-1.11624824059911,-0.531053649599743,0.854453939823298
-3.62395058464938,-5.04771293372157,0.932935752332993,-2.49033660527862,0.0576257461748091,-4.50428208805975,-4.41287528527974,-2.66319321336478,-1.12668046711105,-0.57427317015993,0.840544224500445
-3.68008580252466,-4.97120985530479,0.983109613423514,-2.51517539035274,0.00894192605617446,-4.46155921876832,-4.42132050413169,-2.59612903113787,-1.127674012493,-0.476408279014282,0.953809049070299
-3.68902769562773,-4.95829375113331,0.983606384326038,-2.50623342773647,0.00099354727223272,-4.44963655757195,-4.42777861266121,-2.59960643318524,-1.11773855867701,-0.441137176033511,0.987589786290887
-3.69598250137706,-4.95233247228733,0.972180653569389,-2.50871730624108,0.00198709462044414,-4.45857855347182,-4.44417227278559,-2.60010320490615,-1.12121596751598,-0.467963085335865,0.973183295418107
-3.64531177377009,-5.01194526075192,0.940884086749777,-2.47940753987902,0.01639353117288,-4.47795287792054,-4.4595723777487,-2.61252249792938,-1.12866755788187,-0.506214844878754,0.911086352037458
-3.64481500193085,-5.02287427197452,0.949825962991791,-2.45556230622574,0.01639353117288,-4.47894643302056,-4.47795314818195,-2.59861288974666,-1.12618369442606,-0.509692277566566,0.920028311893296
-3.65723429790413,-5.03479682968566,0.942871170353616,-2.45456875482435,-5.38876998579241e-11,-4.50179820032355,-4.48143059123714,-2.58271619466683,-1.11525469522683,-0.508201949270706,0.922015414085586
-3.65872461342124,-5.04324197472708,0.931942210490657,-2.44413646509956,0.0094386997480172,-4.51074019622601,-4.50279202714657,-2.58023233606138,-1.13760946633118,-0.521118127833349,0.924499291824171
-3.67313099675292,-5.05168711976964,0.944858253954216,-2.44165258659565,0.00298064199095159,-4.51223052887576,-4.50676624777979,-2.56980012991355,-1.14357073862184,-0.512176158059769,0.945363864822355
-3.66766650652264,-5.04820970710785,0.943367941246569,-2.42078800714687,0.0168903048601702,-4.51769508192732,-4.51521146662811,-2.58221942293832,-1.1540029651316,-0.511679381961479,0.949834844751896
-3.68555029273093,-5.04125488178624,0.942871170344597,-2.442149362291,0.00993547342441256,-4.49434653707838,-4.51372113388992,-2.5817226512174,-1.158473919349,-0.505718068785407,0.965234886716936
-3.69399541399691,-5.0586419450905,0.931445439590206,-2.43420095107078,0.000496773620689492,-4.52067574723209,-4.51471468904875,-2.59364517251866,-1.14009332977321,-0.517640695139284,0.968215540001923
-3.70889856916395,-5.06211935775294,0.908593978086786,-2.43072352116333,-0.00447096311749696,-4.51421763908158,-4.51223080115302,-2.58271619465345,-1.13214496671614,-0.525589112716956,0.984112357533074
-3.73025975824309,-5.04870648034248,0.905116581770834,-2.42674931555578,-0.0114257945538287,-4.50775953093201,-4.50726302535912,-2.58321296637436,-1.14307396591961,-0.499756755611522,1.02882215682016
-3.82911735419696,-4.97468726797018,0.965722631846621,-2.47046557723196,-0.0730257300768324,-4.47993998812895,-4.51868890967921,-2.52360035979232,-1.14605460206503,-0.412324162280734,1.15351281928248
-3.86687201395998,-4.96673889617256,0.948335650268577,-2.48636239967077,-0.0799805615145039,-4.49633364727345,-4.51670179936289,-2.53005839216408,-1.14059010246093,-0.393446670540822,1.20468070074047
-3.88574934383147,-4.96922276236142,0.938400232218213,-2.47344623144793,-0.0655741249826827,-4.47795287792277,-4.5191856872591,-2.55290989133735,-1.15002878358796,-0.408349953495242,1.20815812957735
-3.92002660070861,-4.97369372149944,0.919522937923454,-2.48834950248161,-0.0869353929483613,-4.47596576772251,-4.5052759150415,-2.55191634789508,-1.14357073860535,-0.396924103228644,1.24939050007343
-3.96374252250872,-4.95084215255187,0.937406690425152,-2.50921408190447,-0.109786981916352,-4.46354632897178,-4.51173402356886,-2.53502610935846,-1.11972564942987,-0.349233597713074,1.34179075212907
-3.99652946387839,-4.96177116377243,0.912071374412055,-2.5256076800447,-0.120716002743069,-4.47745610037015,-4.4913661428112,-2.52310358805482,-1.10879665022901,-0.349233597713074,1.34973916089464
-4.02583900236793,-4.9468679666459,0.916542312530246,-2.54001417536105,-0.140586949687613,-4.48292065342193,-4.5122308011361,-2.50720689297856,-1.09886119641094,-0.313962494724244,1.40637157336269
-4.04819373512161,-4.94190023427491,0.903129498174678,-2.54796258658127,-0.151515970506812,-4.47050121467378,-4.51819213208807,-2.50323271921226,-1.1356223755422,-0.292601122502665,1.43866198397253
-4.0566388563803,-4.94190023427491,0.892697309236095,-2.56733683891478,-0.149528875811701,-4.48143032077363,-4.53061157156376,-2.51118106675119,-1.14555782936294,-0.294091450798185,1.44859749493456
-4.08147744831745,-4.96077761729426,0.88027803668403,-2.56982071741959,-0.160954670308429,-4.4769593228229,-4.53607612493699,-2.52061972944602,-1.13860301168884,-0.284652704925778,1.45306847486761
-4.04720019145851,-4.99654529042383,0.83755573907063,-2.53256253986093,-0.13313534461439,-4.50179820032717,-4.52862446125068,-2.58072910774882,-1.14257719321523,-0.330356106024925,1.41829418646981
-4.06210334661764,-4.97617758767687,0.858916887868624,-2.54597548378344,-0.147045007481694,-4.49186264933184,-4.51272757871324,-2.55936792374195,-1.16791260045548,-0.324891568939538,1.43021679963991
-4.06707106500329,-4.97866145386539,0.844510531704315,-2.55541422210098,-0.144064365439193,-4.50825630848313,-4.51769535450477,-2.54098737006116,-1.16592550969234,-0.308001181590494,1.44710716828298
-4.06856138051898,-4.98015177357782,0.83507188456358,-2.53951739966465,-0.134128891969928,-4.51570797173326,-4.52912123882705,-2.54545831555097,-1.17437064543833,-0.300549540109337,1.43667488176559
-4.05763240007374,-5.01890008612446,0.798310837771786,-2.5285883342555,-0.110283755654847,-4.54104362677791,-4.50626947018276,-2.57625816228349,-1.19722218923218,-0.348240045624908,1.38898442904963
-4.05167113800866,-4.99952592986542,0.80874302671449,-2.52312380154364,-0.131148249942025,-4.54551462472567,-4.53607612494331,-2.58321296637814,-1.19225446232033,-0.337807747558439,1.43121035065855
-4.04869050697688,-5.01641621994125,0.80874302671449,-2.49133015669317,-0.106806339931944,-4.56439217162227,-4.5251470182043,-2.60059997661716,-1.1947383257754,-0.364633656878623,1.4019005933128
-4.04223247307163,-5.03479682970724,0.810233339420223,-2.48536884827831,-0.100348282175945,-4.5887342715626,-4.54352778862877,-2.61351604135473,-1.18480287196415,-0.386491805198152,1.39991349112023
-4.06309689029081,-5.03877101560637,0.810233339420223,-2.48636239967951,-0.12071600279046,-4.57830194301286,-4.52961801641549,-2.60656123725834,-1.19126091694445,-0.348736821683034,1.43270067732259
-4.09538705978446,-5.01740976639883,0.852458866128534,-2.49282048379051,-0.158967575618186,-4.58823749401333,-4.53359223704966,-2.57973556432449,-1.20417700690833,-0.343272284597306,1.48386855883476
-4.13463203502615,-5.02684845790762,0.879284494851928,-2.52908510994854,-0.15946434929167,-4.57681161036456,-4.54253423347291,-2.55936792376284,-1.19225446232629,-0.321414136256439,1.52112672497708
-4.13264494767195,-5.0521838930285,0.857923346053934,-2.5280915585472,-0.170393370108462,-4.56439217161461,-4.55793433843124,-2.5583743803201,-1.19771896192207,-0.331846434327458,1.52559770491732
-4.14605778730991,-5.08447415344898,0.854445949739956,-2.53902062396172,-0.174367559498355,-4.5837664960517,-4.55097945232277,-2.55936792376274,-1.20765441573539,-0.345756165086361,1.51119121401517
-4.14953519017961,-5.1068289491211,0.862394284173965,-2.56485296041408,-0.187780448680571,-4.601153710293,-4.56141178148111,-2.55638729343631,-1.20318346151746,-0.340291627998703,1.53752031809114
-4.16443834533142,-5.09689348437327,0.876800640341122,-2.58273688562582,-0.205664300919834,-4.58774071644916,-4.57482477612319,-2.55787760859958,-1.22553823258977,-0.313962494757077,1.57130105542234
-4.19126402461678,-5.12918374479375,0.867858764104186,-2.59068529684255,-0.201690111533659,-4.56687605935248,-4.57979255191246,-2.57129044506099,-1.24491236753761,-0.301046316192287,1.57676558645923
-4.23348963087828,-5.1162676406195,0.882761891172002,-2.60111758656491,-0.227522342563699,-4.57234061239873,-4.59717976717636,-2.56880658645635,-1.24292527677358,-0.273723630773297,1.63687542783198
-4.28267004289785,-5.08348060697013,0.90660689447874,-2.62893702581842,-0.23497394766657,-4.55644373080784,-4.59320554654542,-2.54794217418382,-1.23448014102936,-0.206658857456812,1.71288208680854
-4.22007679120541,-5.16594496418481,0.846994386362041,-2.57429169867655,-0.183309485575213,-4.62450225507446,-4.58326999495881,-2.6145095847212,-1.22951241412166,-0.337807747305923,1.59763015973931
-4.21212844179417,-5.17488688246073,0.832588030181006,-2.56833039026647,-0.171386917429809,-4.61705059182449,-4.58873454832955,-2.62543856258749,-1.23795754986185,-0.312472166255777,1.62097861056076
-4.22057356304334,-5.17339656274913,0.826626779350493,-2.55491744635299,-0.178838522530425,-4.64536691216148,-4.58823777075059,-2.62543856258749,-1.23348659564138,-0.311975390156889,1.61998505946292
-4.23001222797488,-5.20320295696465,0.81718813221442,-2.53256253980912,-0.162444991302755,-4.66523801415832,-4.58277321737958,-2.65276100724472,-1.20964150648299,-0.314459270649318,1.59812693531816
-4.25037987334186,-5.1917771725146,0.829607404767099,-2.51269151177809,-0.178838522526816,-4.637915248922,-4.57979255190381,-2.65772872445717,-1.1907641442326,-0.272730078348337,1.65475934787727
-4.25485081988814,-5.18780298661931,0.816691361313429,-2.49778824075212,-0.18927076966165,-4.62052803468071,-4.55694078326443,-2.65723195273605,-1.18480287194015,-0.258820347574118,1.68406910527705
-4.27372814973858,-5.20071909079044,0.803775317852741,-2.48189141834251,-0.190761090680789,-4.62102481223062,-4.56439244695074,-2.65623840929389,-1.15648682857682,-0.260310675871588,1.69698526956265
-4.29061839224172,-5.17240301627091,0.823646153940217,-2.46947202581492,-0.205167527201511,-4.62350869998117,-4.54799878684165,-2.65474809413195,-1.13413205748115,-0.256833243179876,1.71934016927129
-4.26577980032897,-5.18581589368245,0.804768859656183,-2.45307842767724,-0.21013526393382,-4.61158603878776,-4.52514701820609,-2.64928360520064,-1.13661592093616,-0.261801004167469,1.72430792476302
-4.26528302849071,-5.2076739161218,0.792349587097062,-2.4217815585142,-0.226528795149311,-4.61406992653703,-4.5127275787295,-2.6487868334796,-1.1351256028632,-0.281175272033772,1.71884339371788
-4.34576006636176,-5.12272569272027,0.864381367760306,-2.4674849230435,-0.286141636010831,-4.56389539406719,-4.5152114666266,-2.5876839118753,-1.12966110326301,-0.167413545652977,1.86936638477946
-4.35966967783032,-5.12073859977044,0.860903971442292,-2.45407197911406,-0.280180351935177,-4.57184383486707,-4.51868890967996,-2.56632272785832,-1.11128051370534,-0.169400650050037,1.87830834467422
-4.3313536830462,-5.16544819106615,0.823646153791616,-2.40985894170327,-0.264283594383479,-4.56985672466907,-4.49086936523878,-2.60705800896082,-1.11277083177897,-0.199207215965067,1.83558564750397
-4.34476652268167,-5.14209984893473,0.84152990626372,-2.40787183889811,-0.297070656823933,-4.55942439612279,-4.50130169440036,-2.59265162905531,-1.11426114985237,-0.172381306633181,1.88327610020777
-4.33930203246235,-5.15253208691114,0.818181673871026,-2.41582025011299,-0.293096467437649,-4.57879872056629,-4.52862446124559,-2.61301926961341,-1.12717723981547,-0.212123394540529,1.87979867136277
-4.33930203246235,-5.17737074874276,0.829110633715899,-2.3949556706572,-0.271735199488428,-4.58674716136388,-4.52961801640434,-2.63835462737449,-1.13214496672599,-0.252362258543793,1.84204372963375
-4.34774715370815,-5.19773845145587,0.80526563042565,-2.36663945570749,-0.258322310311748,-4.58625038381397,-4.52564379577198,-2.63537399704769,-1.13462883018085,-0.27372363079732,1.83260499419362
-4.35569550311876,-5.22655129921221,0.795826983281651,-2.34776197905018,-0.249380384196791,-4.59767626746322,-4.53259868188045,-2.61898053025907,-1.13214496672392,-0.28415592887094,1.82664368760272
-4.37010188643016,-5.24443513574583,0.785394794342811,-2.35471683886787,-0.25236102623552,-4.60016015521233,-4.55346334020086,-2.60805155239195,-1.13760946632361,-0.291607570350394,1.81174042113045
-4.37556637665064,-5.25536414695584,0.771981979987574,-2.3502458575547,-0.248386836851313,-4.61059248375646,-4.55793433841329,-2.60407737862318,-1.13661592094157,-0.304523748919209,1.81074687003146
-4.3606632215024,-5.29212536648732,0.754098227522979,-2.31944576407952,-0.212122358684006,-4.63344425103295,-4.56836666757786,-2.63537399702925,-1.14208042054175,-0.322407688473428,1.79435327690215
-4.3532116439306,-5.31448016216064,0.722304889786157,-2.32292319398805,-0.194238506445235,-4.63940558163114,-4.5564440056782,-2.65772872448833,-1.12767401249587,-0.338801299742872,1.79087584805381
-4.39841788120732,-5.27821571589571,0.740188642249869,-2.34130389494647,-0.215103000728969,-4.61953447964212,-4.59270876896023,-2.62792242125076,-1.13959655708005,-0.310981838223332,1.86290830262672
-4.40686300245682,-5.30255760450015,0.725285515188679,-2.33037482951442,-0.213115906037303,-4.62301192249139,-4.60115398780149,-2.6299095081349,-1.15400296511604,-0.332839986570103,1.85794054713255
-4.4267338759778,-5.29858341860507,0.756582082019111,-2.31249090427632,-0.231496531941534,-4.62251514494175,-4.57929577432818,-2.60358060692172,-1.13512560285888,-0.315452823118766,1.88725030455534
-4.445611205834,-5.29063504682258,0.747143434880008,-2.31845221269457,-0.240438458062888,-4.61705059189369,-4.58376677254199,-2.5866903684179,-1.13909978438623,-0.290614018186478,1.93792141057301
-4.44809506502358,-5.29808664537056,0.755091769306951,-2.32938127811871,-0.251864252547356,-4.63741847143139,-4.58177966222553,-2.59861288972243,-1.13810623900433,-0.297568883567229,1.95133435041002
-4.43716608458356,-5.3065317903941,0.746646663971337,-2.3442845491655,-0.241928779081098,-4.62648936533222,-4.57730866401321,-2.60159352004864,-1.1594674647218,-0.304026972848618,1.96226341249441
-4.46995302589231,-5.28368022148697,0.759065936518189,-2.37210398841109,-0.242922326427232,-4.61556025923419,-4.57631510885557,-2.59960643316307,-1.16791260046325,-0.27123975032165,2.00597966083795
-4.44362411845902,-5.32590594655602,0.730253224229771,-2.33981356778507,-0.217090095408565,-4.64586368974142,-4.58575388285642,-2.647793290056,-1.1500287835763,-0.319427031843748,1.96822471910523
-4.47641105977733,-5.30951242974694,0.743666038576727,-2.36614267995241,-0.246399742152171,-4.62450225511405,-4.5902248810682,-2.62096761713952,-1.15251264703034,-0.327375449419108,1.96971504575291
-4.43964994373474,-5.36912521807732,0.696969573866867,-2.31547155836579,-0.22702556887351,-4.6587799060249,-4.60612176359957,-2.66269644166276,-1.13462883012844,-0.390962789994258,1.89668904004806
-4.41083717712512,-5.39098324049207,0.671137486979941,-2.30652959573957,-0.226528795200368,-4.68759300390361,-4.59270876896838,-2.68654148425637,-1.13015787591037,-0.412820938333763,1.88327610021551
-4.44213380291547,-5.39098324049207,0.700446970210778,-2.33186515650436,-0.233483626620242,-4.68958011410296,-4.58426355012712,-2.67958668016103,-1.12171274016665,-0.373575626515065,1.92152781754576
-4.49032067116007,-5.31795757451822,0.755091769555274,-2.38154272656908,-0.271735199387984,-4.65728957335443,-4.59022488107667,-2.60209029148275,-1.1356223755161,-0.290117241772632,2.01492162108538
-4.49131421483645,-5.31199629567912,0.738201558896353,-2.36912333402897,-0.271735199387984,-4.66772190189964,-4.59121843623516,-2.61550312794283,-1.11724178594416,-0.318930255491692,2.00101190569788
-4.47492074418218,-5.31696402804278,0.739691871601755,-2.34875553027899,-0.28912227793743,-4.64735402236194,-4.6120830945486,-2.61898052998864,-1.11177728634267,-0.299059211541321,2.01889582549163
-4.51217863203278,-5.31547370833302,0.753104685959973,-2.34676842747342,-0.322406114027873,-4.65679279581152,-4.61953475823527,-2.61202572589346,-1.10283537790614,-0.28266560028516,2.05267656287319
-4.53850753942661,-5.31696402804521,0.780427085590038,-2.33782646486316,-0.341283513594025,-4.66027023866143,-4.62599286675908,-2.59265162874875,-1.09538378754626,-0.250375153813139,2.12868322210474
-4.57228802443199,-5.30106728450109,0.805265630663806,-2.36763300698141,-0.375064123380231,-4.62350870000837,-4.62648964433795,-2.54744540218247,-1.10035151446123,-0.206162081080042,2.19872857457459
-4.5549010101001,-5.34080914340719,0.772975522065914,-2.33385225928847,-0.358173818482945,-4.64437335708648,-4.63046386496984,-2.57476784681929,-1.07253224375484,-0.226529901104846,2.18382530810173
-4.59911370371449,-5.32491239987116,0.812717194152543,-2.38054917526528,-0.381025407476088,-4.61953447961974,-4.62996708739092,-2.54297445671426,-1.09240315142243,-0.172381306407005,2.26380617150374
-4.60606850944988,-5.32938335899827,0.819175215871165,-2.37409109114375,-0.365625423601905,-4.60413437558542,-4.63791552865489,-2.53403256574499,-1.08644187912981,-0.166916769324002,2.28516752012929
-4.60954591231386,-5.29957696478436,0.803775317897095,-2.36912333413368,-0.377051218071598,-4.59668271233699,-4.63543164075976,-2.53055516369641,-1.08346124298394,-0.162445784429177,2.31696115535685
-4.54595911709142,-5.3855187349141,0.730749995170095,-2.32143286687401,-0.336812550612409,-4.62996680818479,-4.64089619412867,-2.60308383516076,-1.07948706145671,-0.237955751589645,2.23896739386653
-4.56384290326173,-5.39793806582675,0.748136976730963,-2.33335548371268,-0.379535086464422,-4.63642491632955,-4.63245097527995,-2.57725170567405,-1.08594510644377,-0.217091155451724,2.28367719335352
-4.58073314575388,-5.38750582786153,0.76005947837815,-2.35471683886455,-0.376057670755872,-4.64586368977599,-4.61108953938736,-2.5593679237177,-1.06806128955361,-0.198710439782929,2.31795470632685
-4.56483644694216,-5.39098324051744,0.737208016884325,-2.35024585755126,-0.378541539118371,-4.64238624692659,-4.60910242907118,-2.54645185896309,-1.08147415220661,-0.196723335387479,2.33434829948414
-4.55837841305482,-5.40042193202522,0.718330722590498,-2.3522329603539,-0.373077028719672,-4.64685724487573,-4.59867009991633,-2.53204547902277,-1.09240315139996,-0.218084707673852,2.31348372633902
-4.63190064502005,-5.31348661552718,0.769001354636092,-2.39942665194652,-0.410335054145872,-4.61158603881784,-4.57432799853757,-2.47044578551477,-1.08892574255964,-0.120219816052538,2.40638075438169
-4.67114562021487,-5.27324798338422,0.798310837822777,-2.42923319403161,-0.432193095774645,-4.58078583074379,-4.5748247761165,-2.418284754812,-1.10283537791865,-0.0571292515291103,2.50971006877395
-4.69201003740802,-5.25437060041748,0.830600946450971,-2.41830412860041,-0.449580174337008,-4.57581805524736,-4.54948911957579,-2.40536869006736,-1.10680955944932,-0.0466969534539735,2.52610366192481
-4.76652581306327,-5.19177717253974,0.89716824736375,-2.47543333421548,-0.500747862642482,-4.54303073694783,-4.54352778862809,-2.33780773594779,-1.11227405905097,0.0407356400439302,2.64582656967143
-4.74019690565653,-5.25039641444821,0.877297411285598,-2.44463324072436,-0.471934989618081,-4.55296628794521,-4.53359223704457,-2.3666204957606,-1.10581601406643,-0.0114258503436761,2.57180701271899
-4.77199030328124,-5.25387382710404,0.881271578502013,-2.43370417529401,-0.477896273691767,-4.54750173489874,-4.53508256978129,-2.36612372403914,-1.09488701486165,0.00943874582155285,2.6180071389231
-4.78739023025439,-5.25387382710404,0.895181163761529,-2.4287364182788,-0.451567269050734,-4.52961774310899,-4.55097945231721,-2.36761403920275,-1.07650642527654,0.0129161785129762,2.63489750763873
-4.81520945316605,-5.23897063000067,0.900148872783275,-2.41780735285523,-0.465973705553224,-4.52315963496183,-4.56936022273773,-2.35618828961113,-1.08097737950088,0.0223549244024436,2.65725240742895
-4.81918362786961,-5.27473830299507,0.904123039997728,-2.41582025004899,-0.451567269045978,-4.52514674516155,-4.5698570003168,-2.36513018059598,-1.05812583571522,0.00596131314491988,2.65923950963056
-4.81073850663064,-5.30553824367123,0.917039083460011,-2.37905884816686,-0.442625342935449,-4.52315963496203,-4.56737311242201,-2.41282026587587,-1.02434529273074,-0.00943874593341548,2.6418523653561
-4.77596447801643,-5.37806713632063,0.901142414569219,-2.32341996964544,-0.393941523029812,-4.54799851247299,-4.57532155369168,-2.4734264159417,-1.02831947426248,-0.0943874589880616,2.58273607474404
-4.70890027987377,-5.45307989493654,0.841529906437801,-2.27125852096615,-0.361651234250703,-4.59568915721604,-4.5559472281045,-2.53552288104857,-1.01341629352024,-0.202187872285612,2.47195512711864
-4.71982926030365,-5.44066056402689,0.842523448242567,-2.29957473593417,-0.367612518325373,-4.57581805522003,-4.57830221917144,-2.51962618596676,-1.01341629352024,-0.182316828320378,2.51169717116479
-4.6776036541172,-5.49977657925031,0.787878648969613,-2.24294230602084,-0.334328682259655,-4.59866982252443,-4.58277321738237,-2.57526461878775,-0.99255184048609,-0.249878377869562,2.42227757196441
-4.69101649374182,-5.47940887657431,0.801291463320213,-2.2399616518094,-0.35320608183256,-4.59817304497466,-4.58774099317473,-2.54794217413868,-0.98261638665882,-0.227523453431664,2.48437451570183
-4.69350035293011,-5.48189274275664,0.791356045280646,-2.25337459574578,-0.356683497541301,-4.6031408204715,-4.57830221917365,-2.55887115200797,-0.985100250115081,-0.262794556462259,2.45506475820773
-4.68704231903892,-5.47493791744658,0.796820525206659,-2.25983267986531,-0.359664139578062,-4.61307637146745,-4.57631510885732,-2.56135501061373,-0.977648659736951,-0.223549244623991,2.48288418905805
-4.70542287702279,-5.48735724836688,0.794833441597813,-2.2806972593049,-0.343767382057417,-4.61158603881786,-4.55147622990682,-2.54645185896266,-0.983113159342847,-0.211626618231968,2.4838777401603
-4.70095193048125,-5.45904117391867,0.78291093995681,-2.27225207237609,-0.368606065683425,-4.60711504086825,-4.55396011780196,-2.55390343478031,-0.95628743398919,-0.198213663567558,2.48089708685795
-4.68555200351118,-5.48338306248137,0.734227391565336,-2.25536169851476,-0.362148007934178,-4.63443780609721,-4.55147622990688,-2.57675493393651,-0.939893935163179,-0.244910616841231,2.44363892059576
-4.66468758632715,-5.502757218689,0.688524468574298,-2.26480043684672,-0.371586707722058,-4.65430890808747,-4.56091500391066,-2.57228398844614,-0.933435890173621,-0.260807451999216,2.44016149174052
-4.72380343506658,-5.46003472044165,0.754098227528572,-2.30007151168346,-0.418780206687432,-4.63791524896773,-4.56985700033776,-2.52509067498255,-0.930952026715283,-0.184303932934879,2.52511011072832
-4.73274532814319,-5.45854440073193,0.742672496776722,-2.28715534345761,-0.437160832571942,-4.65232179791648,-4.56240533665145,-2.51763909915859,-0.915552073278646,-0.183807156835537,2.54249725501814
-4.75410651716111,-5.45953794720466,0.762046561956509,-2.30454249301018,-0.466967252932171,-4.66325090401089,-4.53706968011013,-2.47789736144515,-0.912074664437076,-0.15946512797585,2.59217481009045
-4.74268076488859,-5.49878303282869,0.728762911547386,-2.31050380143259,-0.438154379891916,-4.66424445911042,-4.54700523169128,-2.4952843716807,-0.905616619446168,-0.210633066102885,2.5777683191298
-4.73175178445887,-5.51617009609567,0.710879159088531,-2.31596833414473,-0.428218906436592,-4.65033468771667,-4.55892789358667,-2.48882633930412,-0.888726347936279,-0.200200768028832,2.58820060569161
-4.72579052240447,-5.54150553114118,0.659711756203083,-2.31000702572679,-0.421264075016718,-4.65232179791537,-4.54601167652593,-2.51167783846259,-0.912571437134545,-0.234478318878474,2.55789729708828
-4.70641642074554,-5.54895712968937,0.645305400044822,-2.28467146497575,-0.413812469924098,-4.66225734891091,-4.55644400568875,-2.54446477208026,-0.906610164837115,-0.293097898582005,2.57230378807523
-4.72827438161021,-5.55889259441296,0.65275696356962,-2.3000715117255,-0.379535086511249,-4.67616712030696,-4.55246978505639,-2.55390343477862,-0.917042391368678,-0.304026972753574,2.59217481009752
-4.7531129734943,-5.5509442226409,0.647789254556707,-2.31894898839307,-0.383012502222669,-4.67716067540561,-4.53607612494142,-2.52956162045915,-0.931945572120265,-0.250375154090913,2.6378781607201
-4.78937731764003,-5.52908620025134,0.657724672589403,-2.32242641830367,-0.371089934068737,-4.66623156931301,-4.52117279756506,-2.50869720815752,-0.928468163278695,-0.213613722772034,2.6453297939819
-4.81620299686915,-5.52461524112674,0.64331831643719,-2.34577487625855,-0.366618971014149,-4.64139269183753,-4.54104390072261,-2.50720689299369,-0.929958481353742,-0.168903873854903,2.68606538915318
-4.86289954956791,-5.49083466100767,0.691008323096607,-2.37607819400548,-0.390464107268878,-4.61903770208577,-4.5286244612395,-2.47938767655964,-0.935422980961923,-0.108297189657663,2.74518167982793
-4.86985435529205,-5.49977657925987,0.672131028818633,-2.3750846426029,-0.364631876292855,-4.62102481228422,-4.55793433841195,-2.50372949091851,-0.935422980961923,-0.112768174552117,2.73822682211193
-4.85296411279585,-5.51517654954534,0.633879669461222,-2.35422006311634,-0.34774157138581,-4.65977346113394,-4.5390567904037,-2.52260681629995,-0.923500436356737,-0.124690800896091,2.69699445147676
-4.88227365121384,-5.51865396219678,0.661202069057548,-2.35819426872419,-0.351715760768595,-4.67020578968001,-4.51620502176487,-2.53204547900349,-0.938403617101648,-0.0933939066466213,2.72382033122686
-4.93046051945971,-5.50077012569766,0.692995406757468,-2.37160721266196,-0.369102839313258,-4.66523801418296,-4.53210190430003,-2.48981988271188,-0.918532709438799,-0.0770002953768367,2.77250433523022
-4.94735076193216,-5.52759588044633,0.676601967003721,-2.38402660519115,-0.377547991751328,-4.6761671202733,-4.53359223703715,-2.48932311099081,-0.922506890970657,-0.0382517596567073,2.76803335526788
-4.9726861256457,-5.52362169455753,0.677098737905472,-2.38750403510068,-0.377547991751328,-4.68014134067069,-4.53160512672068,-2.4570329491095,-0.921513345586981,-0.00198710443183478,2.79535601057401
-5.00845369792987,-5.48785402154109,0.735220933433351,-2.39743954912879,-0.398412486005785,-4.65728957339136,-4.5400503455694,-2.43169759131687,-0.92201011827847,0.019374267846992,2.86788524107925
-4.92002831077323,-5.59316994736291,0.663685923707439,-2.33285870782911,-0.371089933956661,-4.70796088341513,-4.53408901461587,-2.50919397975577,-0.90064889252145,-0.0909100259401405,2.7461752314112
-4.91903476709842,-5.61403442326848,0.662692381904219,-2.31696188539483,-0.360657686824984,-4.72087709970558,-4.49633391860028,-2.51167783836209,-0.901145665213103,-0.10780041331866,2.73872359814326
-4.87631238909969,-5.6825891299164,0.598608935481743,-2.28069725923304,-0.33333513486381,-4.7506837527033,-4.4948435858618,-2.56185178225968,-0.886242484459291,-0.17089097801251,2.69550412511537
-4.88326719482254,-5.70345360582141,0.590660601054211,-2.29063277325653,-0.337309324247142,-4.74273531190852,-4.47596603785716,-2.54943248922315,-0.895184392907572,-0.176852291203814,2.70295575838258
-4.93145406310037,-5.66967302582364,0.635866753029873,-2.34080711912638,-0.385993144230465,-4.70001244266042,-4.47795314817463,-2.5037294909005,-0.909094028279459,-0.093393906671191,2.80380119511506
-4.92251217002612,-5.68706008907106,0.601589560814952,-2.31845221257153,-0.385993144230465,-4.72038032218968,-4.46702404142544,-2.50422626262162,-0.914061755191462,-0.122206920426167,2.78740760193106
-4.95033139290275,-5.67364721168541,0.624937793220332,-2.34527810041897,-0.407354412133847,-4.71193510384234,-4.45013360373143,-2.48534893719175,-0.924990754408965,-0.0760067431508371,2.85397552592401
-4.92102185448982,-5.69451168757421,0.608047582578927,-2.33236193218844,-0.394438296638729,-4.70696732834734,-4.43821094183148,-2.49180696956479,-0.917042391344301,-0.136116651100088,2.81572380850068
-4.89618326261396,-5.72978258730753,0.585692892012259,-2.31348445552917,-0.391457654599754,-4.71739965688737,-4.41486239559876,-2.51366492530555,-0.910584346348958,-0.173871634620697,2.80032376641542
-4.85246734092867,-5.76555026032397,0.562344659600537,-2.31894898824244,-0.383509275838994,-4.70547699568951,-4.40989461980581,-2.51068429497489,-0.882268302910372,-0.197716887395823,2.75511719121309
-4.94685399013331,-5.67960849071238,0.641331232854192,-2.40042020338466,-0.436664058878355,-4.63741847141726,-4.42231405929041,-2.44212979752507,-0.894190847522324,-0.0809745043171048,2.94289834923173
-4.94536367462104,-5.69401491453824,0.622453938602323,-2.39098146505808,-0.434180190512781,-4.65331535299597,-4.42877216782426,-2.44212979752507,-0.892700529447321,-0.088426145803835,2.91805957168777
-4.96622809178929,-5.68109881040656,0.64580217099617,-2.39743954917409,-0.419276980334717,-4.67119934477684,-4.43672060909487,-2.40983963562526,-0.901145665209454,-0.0760067433182094,2.94488545148949
-4.96026682974122,-5.67513753157896,0.64580217099617,-2.39743954917409,-0.42474149073537,-4.67368323252549,-4.44168838488723,-2.40834932046035,-0.879784439463918,-0.0606066842376341,2.94885965589957
-4.99603440203108,-5.66917625274943,0.669150403375026,-2.37160721270301,-0.437160832546836,-4.67616712027456,-4.43274638845714,-2.39096231020141,-0.870345758319978,-0.0496776100510785,2.96177582023916
-5.01093755715363,-5.66271820068801,0.678589050500844,-2.36465235288064,-0.427225359088233,-4.65430890809613,-4.45261749163322,-2.36761403929565,-0.838552306057522,-0.0168903874995871,2.97320165791173
-4.9970279457179,-5.67464075836462,0.659711756213545,-2.35272973606418,-0.424741490728672,-4.65430890809613,-4.45261749163322,-2.37407207168156,-0.802784672228075,-0.0238452529015829,2.93842736923685
-5.03080843066638,-5.66122788101023,0.675111654150726,-2.34478132484108,-0.430206001131581,-4.64437335710306,-4.44566260552176,-2.35668506144168,-0.796326627235238,0.0427227443404619,2.99704688427281
-5.08595010460849,-5.64135695159126,0.703427595539367,-2.38005239963675,-0.465476931894582,-4.61456670411953,-4.48093381365044,-2.34973025734494,-0.791358900314037,0.132639218349479,3.09044068803062
-5.0993629442219,-5.67116334571892,0.677098737745893,-2.36067814728269,-0.467960800257695,-4.63841202650932,-4.49583714102572,-2.37307852825653,-0.798810490697286,0.117239159278184,3.08298905476327
-5.08992427931214,-5.70047296661386,0.653253734466832,-2.32093609115895,-0.44510921130668,-4.65232179790912,-4.5013016943966,-2.38698813645381,-0.790365354931369,0.0794841757520842,3.00847272204947
-5.11724673036091,-5.68407944984563,0.682563217654965,-2.33434903509533,-0.469451121274566,-4.62251514494039,-4.50279202713489,-2.37109144136804,-0.783907309938147,0.114755278809795,3.07504064592216
-5.09389845400519,-5.71140197780586,0.655737588949459,-2.30553604440711,-0.459018874142602,-4.60413437560987,-4.51074046840247,-2.37953656063919,-0.758571902638884,0.0839551606572835,3.02188566189827
-5.13264665730071,-5.68606654276715,0.674118112317892,-2.31596833412623,-0.468457573921653,-4.5902246042141,-4.49335325312403,-2.36264632209583,-0.776952492235527,0.0983616675480934,3.07702774815249
-5.12966602627786,-5.70444715248536,0.652756963544692,-2.32242641824726,-0.454547911092237,-4.59668271236046,-4.50676624776772,-2.36711726759244,-0.769004129162791,0.0760067430809354,3.07007289043035
-5.15202075895058,-5.71686648337072,0.659711756166549,-2.33335548368129,-0.465973705569159,-4.60165048785731,-4.48689514459165,-2.39096231021931,-0.76602349301007,0.0670647732897056,3.09491166799722
-5.14357563771922,-5.73922127899371,0.626428105755782,-2.32093609115628,-0.456535005799715,-4.59320526950699,-4.47695959300053,-2.39394294055057,-0.768507356472934,0.0546453707911752,3.09044068802821
-5.18282061284172,-5.7292858142805,0.622950709446356,-2.35322651172967,-0.455541458453855,-4.58823749400891,-4.49086936522112,-2.36860758274531,-0.780429901073135,0.0924003543839617,3.13415693661801
-5.17586580712377,-5.7571051154611,0.616492687722631,-2.32739417526594,-0.439644700935397,-4.60910215110127,-4.46255304320705,-2.36612372413875,-0.768010583763639,0.0471937292874307,3.09193101466353
-5.19424636510471,-5.75015029016893,0.613015291412862,-2.34031034350416,-0.434676964208828,-4.60165048785701,-4.43423672118487,-2.3566850614331,-0.76900412914782,0.0765035191413263,3.13216983433332
-5.2687621406434,-5.72332453545332,0.641331232809894,-2.40638151176459,-0.491805936532146,-4.580289053204,-4.42827539023476,-2.317440095423,-0.763042856839885,0.166916769263932,3.2583508245242
-5.2588267039007,-5.77697604482274,0.607054040611055,-2.39197501642513,-0.463986610851883,-4.59668271234138,-4.42877216781417,-2.33333679050877,-0.751120312230426,0.133632770602456,3.22606041366856
-5.30800711578198,-5.75611156892947,0.626428105783665,-2.41979445571104,-0.490315615506679,-4.5743277225961,-4.40939784221912,-2.32687875812527,-0.750623539537898,0.194239454746794,3.30753160418069
-5.29062010148766,-5.80131793338609,0.596125080779824,-2.41134926879599,-0.492302710196377,-4.58476005114368,-4.40592039916168,-2.3611560069189,-0.751617084920921,0.170394201966713,3.27077021333119
-5.31297483415326,-5.8142340375015,0.600099247991725,-2.42029123142152,-0.49279948386904,-4.56935994709948,-4.39201062693843,-2.37158821307375,-0.747642903383129,0.190762022035944,3.3035573997523
-5.31645223701226,-5.8206920895586,0.593144455369868,-2.45903973609205,-0.508199467717801,-4.55694050835544,-4.39896551305222,-2.34426576839474,-0.750126766843767,0.217091155319696,3.33187360620828
-5.33610232300759,-5.84028703383851,0.605398137608955,-2.46378670389533,-0.495780125901398,-4.56924955209088,-4.40718994186837,-2.35304206880785,-0.76359482649783,0.214607274831155,3.33733813729635
-5.31719739476739,-5.86602264727785,0.617610422274858,-2.44798647673346,-0.513788171529694,-4.5697325302607,-4.38952673904687,-2.37146402015293,-0.736962290513982,0.18231682834226,3.31125742081473
-5.32624573893536,-5.85653073009463,0.607763713338333,-2.47451075077527,-0.522747839543014,-4.55261144684581,-4.39023642130224,-2.35824634398717,-0.753817078286523,0.196155591130525,3.3210155120378
-5.35818107131087,-5.85960599296251,0.621129216172246,-2.49331725944998,-0.538005888045426,-4.53723499887068,-4.40111821590147,-2.34890230445625,-0.748967630572285,0.212123394350675,3.34396181137387
