0,0,0,0,0,0,0,0,0,0,0
-0.10515082900558,-0.0506711654820571,0.0193741334460455,-0.0947178072236292,-0.00712047896232504,-0.000331185046051698,0.0998515115156266,0.0105978811348154,-0.0721973648958107,-0.104819145891041,0.110945729044776
-0.0915486407243449,-0.0485421248513091,0.0161805949672741,-0.0871479524585663,0.0417293186033923,0.010787170171473,0.0767870188425406,0.00681292361339964,-0.0371868471747145,-0.068980507602276,0.0929673166803028
-0.0136613282034715,-0.0227275079177162,0.000745158973398774,-0.0615996927594846,0.021858214502319,0.0197469085513262,0.0923999062663113,-0.0202436087997673,-0.0214853396336464,-0.0613514904898103,0.0602335954448115
0.0436058555211545,0.0255011749580828,-0.0112601801329488,-0.0345532326606379,0.034553642129984,0.0421708962357564,0.0515540695746225,-0.0208645783840037,0.0144615517006755,-0.0234035374628858,0.0215267832358743
0.0591162927875581,0.0347743294651252,-0.0134128616260528,-0.0561352038571378,0.0263292129367993,0.0556390882252289,0.0735225060868333,-0.0377549514043958,0.0228514595637966,-0.0173870619613675,0.0288127714327476
0.0799808667011037,0.0337807772002763,-0.00894190775470488,-0.0760060724626613,0.0606068675096042,0.0462003143241536,0.0809741114454049,-0.0183806999961854,0.0337804184556609,-0.0352708972364987,0.0303030871986075
0.0784905399936566,0.0317936726736749,0.0144064069123057,-0.0844511916228431,0.0566326466897124,0.0571294209374462,0.0879289431017893,-0.0238452324494368,0.0243417721474411,-0.0223547939921734,0.0303030871986075
0.126677770374639,0.0770003008752229,0.00993545303831195,-0.0561352037666764,0.0427228738271188,0.067064972412573,0.0367612531452431,-0.050671118967364,0.0794833375952838,0.049677320609591,0.00298063154889749
0.168903693725585,0.0750131963469065,-1.19204646154003e-11,-0.0288127594024941,0.0665681987642561,0.077994079023814,0.035767705767131,-0.0541485487111477,0.10382510967054,0.0919030428166717,-0.00546449111459912
0.192252145478361,0.100348779096013,0.000496772640789622,-0.0283159876871399,0.0849489700613419,0.0765037463036485,0.0402386689825209,-0.0561356514192475,0.0998509427977666,0.0998514140553351,-0.0158967014747242
0.327375100429931,0.169400661522633,0.00496772651041782,0.0347740202899198,0.0844521924585506,0.103329735259632,-0.0173870789209593,-0.0899163974795467,0.151515112191715,0.186289951445538,-0.0923995773186533
0.405865640332976,0.220071827006445,0.0109289983405574,0.0864382786694204,0.0606068675546889,0.111278176432272,-0.0541483320075163,-0.0933938272197504,0.172876259105001,0.224541487997611,-0.139592909892705
0.354697756703539,0.189768482915477,0.0203676787431659,0.0253353575775345,0.0794844164587137,0.0829618547337719,-0.0303031949453242,-0.0844518650245567,0.134128132072773,0.202683467057648,-0.0854447704682753
0.331846080529688,0.146548959410484,0.0521611284992073,0.00894189096676967,0.0745166404345661,0.0730263032702509,-0.0129161157882837,-0.0645808379486734,0.110779901714875,0.174864167717898,-0.0700448408932515
0.34625257203729,0.146548959410484,0.0536514464572052,0.0173870101429106,0.0705424196118055,0.046200314304196,1.19334264692128e-10,-0.0367614000245384,0.0948832342241677,0.166419023268863,-0.0635868059164896
0.3621493902455,0.158471586585907,0.0476901746284766,0.0327869333139141,0.0591165347605268,0.0710391929832047,0.00347741595227841,-0.0536517730459941,0.107302505685078,0.176354487312711,-0.0566319990099901
0.408349518135246,0.137606989046489,0.0367611762777478,0.033780476744709,0.0377550978405015,0.0779940790072342,0.00794837915853497,-0.0616001838898488,0.101341255382896,0.149031961208437,-0.0486836482664476
0.517640143398854,0.234478334900868,0.0412321301517415,0.0973672563456236,0.0332840994183921,0.103826512823165,-0.0387483477248867,-0.0968712569608881,0.144063549230827,0.231496312757073,-0.121212348823177
0.575266109269167,0.280181739009817,0.0541482191158973,0.105315603790007,0.00397422084594817,0.11872984001223,-0.0675612217140024,-0.112768078654735,0.148534486955773,0.221064075514768,-0.144063857217104
0.579737089389563,0.255342932393307,0.0556385370739393,0.113760722949139,0.0149033280959178,0.121710505452468,-0.0546451057646717,-0.109787424592662,0.19324386422977,0.230999539558353,-0.123199436500005
0.561853168923009,0.243917081358253,0.0442127660714118,0.094386626032501,0.0158968833014884,0.100349069804784,-0.0466967267325334,-0.094387378587252,0.188772926498935,0.223547941523193,-0.102831787719823
0.547446677440194,0.210633080513503,0.0397418121990055,0.0551416605448841,0.0178839937111954,0.110781398839849,-0.0283161001798674,-0.0889228461386415,0.155489278973145,0.186289951376058,-0.0690512970286807
0.638853382103067,0.246897738191555,0.0466966293343741,0.118728440213788,0.00347744323336796,0.136613832671407,-0.0685547689906411,-0.10481966782185,0.208146990050241,0.250870467715904,-0.0914060334780255
0.751621436063547,0.32389803863384,0.0337805403782432,0.178341046006651,0.000496777618305522,0.158968823458501,-0.136115990952196,-0.144064946316415,0.274714285042575,0.349728334825025,-0.159960558735723
0.833589404828884,0.368607890507788,0.0357676309887013,0.228018217558748,0.00596133124940407,0.19274969844786,-0.193741738919295,-0.179336019405609,0.321410745761221,0.410334665492502,-0.204670031676507
0.829118424708841,0.331349680564585,0.0516643558606074,0.199702229783557,0.0198711041109939,0.177349593669927,-0.162941770142553,-0.161948870707275,0.297565744549587,0.38648955177841,-0.188276558259583
0.908105739936491,0.397917682173509,0.0452063113772875,0.243418140689628,0.0139097728735536,0.195233586293821,-0.206657854873618,-0.169400505876362,0.326378454327304,0.432192686330406,-0.251366592336801
0.92400255811704,0.389969264067103,0.0476901746401028,0.255837433556812,0.00496777602643017,0.203182027462317,-0.197715928439753,-0.163935973424517,0.307997932566503,0.410334665473366,-0.230998943534948
0.862899163267566,0.345259412222334,0.0357676309812346,0.249876172973821,0.0327873217911098,0.181820591821761,-0.189767549403665,-0.132142330049916,0.274217514175939,0.414308851090167,-0.209637750905381
0.872834674643375,0.342278755426595,0.0372579489391442,0.232489162936424,0.0248388801553419,0.174368928220468,-0.185296586192596,-0.147045600364883,0.225533970028394,0.401889521034863,-0.214605470122595
0.888234717268113,0.333833561179738,0.0372579489391442,0.259811607300606,0.0342776546058781,0.167910819765071,-0.17337401765097,-0.165426300437276,0.227024282605448,0.394437922996738,-0.227521540079366
0.892705697384353,0.338801322502831,0.0392450395492495,0.264779324455198,0.0342776546058781,0.160955933742202,-0.167909507057852,-0.161452095021077,0.238450012359238,0.40139274782983,-0.24242469773315
0.864389489997172,0.328865799856854,0.0203676787465462,0.249379401272709,0.0596133123360414,0.158968823448461,-0.141580501529518,-0.154994011210694,0.21311469855612,0.383012139355781,-0.248882732710098
0.817692586656427,0.29458824678777,0.0104322256966076,0.217586011538645,0.065077865963327,0.15102038228212,-0.0943870008678978,-0.150026254434819,0.167908550488012,0.321909035626306,-0.198211996636943
0.740692373581451,0.235471887069724,0.0188773607884307,0.158966949094052,0.0774973060286266,0.122207283029496,-0.0263290054437188,-0.140587516559564,0.106805734845195,0.25981238534978,-0.147541260641758
0.766524703152934,0.249878394921407,-0.00645804448329096,0.164928209681638,0.0715359748033784,0.139097720527346,-0.0531547846979193,-0.154497235516978,0.122702402322719,0.283160725861805,-0.162444418293186
0.634382402066282,0.143568302710165,-0.00149031795743976,0.0899156806817937,0.1073039622022,0.0864392977629943,0.0094387002250956,-0.128168124599081,0.0665672953043455,0.214109250789111,-0.0799802792862411
0.61351782820225,0.105813316668174,-0.015399952233939,0.0640835515093828,0.125684733494863,0.0849489650441033,0.013909663440362,-0.124193919180529,0.0665672953043455,0.203677013552895,-0.100347928088094
0.567814475859971,0.0551421511416816,-0.0104322257083818,0.0104322061824244,0.119226624659975,0.0660714172527821,0.0506709164366066,-0.112271302928556,0.0620963575719843,0.157973878908753,-0.0591158586311539
0.543969248551428,0.0501743898146135,-0.0139096342770434,-0.00695480387010365,0.108794295008386,0.0779940790137322,0.0645805797528315,-0.0919035001676506,0.0685543787411077,0.136115857991409,-0.0417288413740298
0.538007941730069,0.0288130161178924,-0.010928998362591,-0.0283159876425502,0.10531685179027,0.0725295257039515,0.0685547692649517,-0.072529248740492,0.0700446913180525,0.123199754718301,-0.0263289118107409
0.578246762740434,0.0312968967790465,-0.00894190775272069,1.15041379200598e-10,0.103329741380563,0.0819682995916387,0.0566322006960098,-0.0799808838965371,0.0834575044991062,0.13263844555908,-0.0288127714203299
0.57576288489793,0.033780777440933,0.012419316311916,0.00794834756555049,0.0933941893332237,0.0844521874587883,0.0397418952671676,-0.0720324730559557,0.0760059416098383,0.11823202268843,-0.0372578940843116
0.548440228647682,0.0134129560284744,0.00347740856194406,-0.0114257493284473,0.0968716325498342,0.076503746289795,0.0561354270469739,-0.0620969595080417,0.0591157324157924,0.0968707749961394,-0.0372578940843115
0.552414433199263,0.0198710457527789,-0.00496772652987904,0.00496771730473715,0.0889231909089031,0.0889231856270971,0.0273225531031865,-0.055638875701316,0.110283130893394,0.112767517486541,-0.0566319990148735
0.578246762744186,0.0551421511456244,-0.000496772655620592,0.026328901062313,0.0774973060557,0.0973684043715304,0.00397418964568369,-0.0725292487345084,0.114754068619213,0.123199754727185,-0.0765028758934445
0.632892075307894,0.106806868915583,0.00794836243495312,0.0506707151394841,0.0635875331857439,0.140588053252722,-0.0173870789940492,-0.0864389677055259,0.140586153284051,0.138599724010063,-0.125186524199045
0.63686627985476,0.120716600622293,0.0203676787538073,0.0615996928703484,0.0452067618930806,0.130155724217874,-0.0149032105416032,-0.0933938271885287,0.153005424745869,0.130651352778569,-0.111773682303791
0.690021265723223,0.186787826238214,0.0258321779302226,0.10332851702599,0.0526584259331568,0.136613832674484,-0.0596128425739349,-0.119722938088129,0.18579230142706,0.180825446240604,-0.158967014818817
0.739698822590479,0.211626632863092,0.0417289028096542,0.148037971416207,0.0546455363433896,0.147542939283445,-0.0973676430287022,-0.138600413817019,0.218579178100254,0.23447695208308,-0.200199084328512
0.75410531407301,0.231994454295279,0.0397418122000781,0.166915296611636,0.0521616483300906,0.166420487075554,-0.115251495840154,-0.135122984075742,0.22106303239492,0.246399508950882,-0.20963775083423
0.698466450436689,0.224046036178665,0.0307999044538104,0.132638048268385,0.0471938723049867,0.158968823480322,-0.102335379890823,-0.138600413816214,0.214108240376216,0.224044714846589,-0.20963775083423
0.702440654984576,0.242426753068497,0.0178838154877436,0.117238125080152,0.0124194401016473,0.169897930092703,-0.0983611903767286,-0.144064946268762,0.25086928393682,0.21559957040002,-0.219076417343476
0.713369717488241,0.266272007403276,0.0208644514049302,0.143567025982798,-0.00347744317906756,0.16791081980004,-0.112270853704089,-0.141581067882582,0.269249805706139,0.234973725284753,-0.243418241526202
0.833092629309929,0.3790401892274,0.0367611762801285,0.216592468094487,-0.0342776545665798,0.210633691070905,-0.168903054348721,-0.177348916685453,0.298559286329586,0.321909035540448,-0.31395985444209
0.799808666237497,0.360162696206802,0.0591159456335615,0.185295850023281,-0.0462003170288371,0.206162692912461,-0.135122443398722,-0.17238115990945,0.278688451985103,0.301044561053348,-0.297566381016444
0.784408623617935,0.364633681393114,0.0779933064088971,0.196224827762568,-0.0471938722341927,0.194240031159966,-0.121709553784765,-0.192252187028294,0.283656160570739,0.307999385886625,-0.272727784933588
0.742679475844489,0.346749740625838,0.0774965337563193,0.170392698570892,-0.028316323339252,0.176852816091732,-0.0859418481075608,-0.184303776190781,0.26726272223954,0.279186540144177,-0.246398873080273
0.728769759927159,0.344265859966932,0.0730255798848392,0.175360415726472,-0.0541487586896824,0.194736808731665,-0.0586192951857166,-0.194239289747134,0.245901575316877,0.270741395709483,-0.239444066179273
0.684059958751049,0.328865799862588,0.0675610807092321,0.150025058250965,-0.0526584258821333,0.17387215065566,-0.0268257790080149,-0.192748962715234,0.231495220421519,0.228515673531528,-0.201689400120303
0.72181490190746,0.377053084644341,0.0670643080568014,0.172379785433013,-0.0735230852056429,0.192252920859915,-0.0526580108781518,-0.238452325079164,0.26726272223112,0.286638138153351,-0.237953750403097
0.699956776873764,0.375562756247178,0.0625933541818814,0.155489547097321,-0.0675617539756618,0.167414042192305,-0.0317935159026624,-0.251865268369711,0.247888658737926,0.302534880630256,-0.199205540513843
0.646305015424235,0.334827113390954,0.0794836243662773,0.146050884492214,-0.0417293186190152,0.14009127565195,-0.00645805777093672,-0.240936203466162,0.21857917806659,0.284651045319063,-0.159960558729165
0.616498481312133,0.306014097733395,0.0914061680297315,0.1281671027508,-0.0193743265090059,0.136613832639391,0.0124193424564466,-0.232987792632536,0.20466959402647,0.260309158409374,-0.132638103015039
0.475910995587629,0.194736244306936,0.0750126705019405,0.0452062263175744,0.0119226624811541,0.0909102959281638,0.0829612063900447,-0.214110316867204,0.137605528131011,0.165425476910165,-0.0511675078292932
0.488330384798917,0.225536364490657,0.0447095387045585,0.0849479635424542,0.00794844165887182,0.0919038510745574,0.0819676590100674,-0.213613541189675,0.147044174447057,0.187283497800832,-0.0635868058783101
0.466969035343252,0.217587946381072,0.0218579967106585,0.0675609534998693,0.00049677761718192,0.0715359705669047,0.0973676433693212,-0.199207046526474,0.127173340097244,0.188773817407627,-0.0556384551355676
0.439149603455773,0.207652423726726,0.0168902701840723,0.0432191394233036,0.00546455363929776,0.0814715220360211,0.114754722492286,-0.19622639246325,0.105315422301787,0.180328672957472,-0.0481868763127995
0.426730214237363,0.203181438540038,0.00397418121533027,0.0357675636894704,0.0193743265243153,0.0869360753399887,0.126180517338212,-0.204671578990172,0.110779901749252,0.171883528518969,-0.0461997886270562
0.405368864758462,0.209639528262438,-0.00645804448849419,0.034277248542852,0.0139097728961093,0.095878071660515,0.139096633269359,-0.204174803312897,0.0894187548166901,0.189270590603776,-0.0546449112945595
0.315949262453974,0.160955467348402,-0.00993545305592131,-0.0114257492782591,0.0188775489274292,0.0779940790295342,0.189767549595047,-0.174368262628494,0.0506706278534534,0.12469007434617,-0.0258321398338899
0.364136492616642,0.198710453380855,-0.000496772654709321,0.0208644122334131,-0.000993555179201799,0.112768509156935,0.169896601999891,-0.174368262628494,0.071535003922284,0.150522280842358,-0.0804770512287445
0.391459148924703,0.223549260008872,-0.00347740856836798,0.0407352808705559,-0.0114258848385719,0.112768509156935,0.164432091425476,-0.196723168119643,0.0819671919626787,0.180825446220718,-0.0874318581240457
0.404872089279525,0.245407409821276,-0.00943868039903667,0.0491804000282182,-0.0471938722262051,0.117239507315846,0.179335302117317,-0.218581297919991,0.0784897959511647,0.205167333130406,-0.0879286300459282
0.434181847852362,0.271239768699183,0.00447095386799645,0.0690512686663493,-0.0442132066105692,0.112271731581081,0.166419186206491,-0.22603293308831,0.0938896925837257,0.22205762201884,-0.0978640684729282
0.415801151817475,0.251368723423965,0.00496772652085353,0.0521610303554333,-0.0402389857882869,0.113265286727433,0.177844981072917,-0.222058727668531,0.109786360053497,0.20616087955543,-0.0923995773308102
0.42076890750646,0.25882036540178,-0.00397418122435572,0.0635867798136935,-0.0308002113359339,0.108297510991216,0.186786907469018,-0.221065176312845,0.105812193181208,0.187780271063339,-0.115251085721124
0.440143154717069,0.298562455994055,0.00596127182734696,0.0789867030084365,-0.0432196513934644,0.0938909613596455,0.175857886307972,-0.223052279021609,0.103328338884785,0.206160879567622,-0.118231717250038
0.455046421778424,0.305020545707889,0.0163934975336409,0.0859415070267673,-0.0422260961877505,0.0725295257097336,0.176851433685536,-0.219078073596715,0.105812193178602,0.213115704399608,-0.119722033014334
0.485846507067797,0.326878695524435,0.0114257710057317,0.103328517063733,-0.0422260961877505,0.0804779668807161,0.163438544064545,-0.229013587144629,0.139592611573285,0.221064075632999,-0.147044488717458
0.483362629221463,0.3383045465643,0.00397418121596249,0.120715527116693,-0.0183807712540557,0.0645810845307929,0.163935317753306,-0.219078073593391,0.138102298996304,0.243418869747374,-0.129160699547058
0.435175399058794,0.296575351472285,0.0104322256979449,0.112270407957141,-0.00844521919834951,0.0327873198448726,0.182315944279586,-0.204174803271137,0.114257297773039,0.197715735152946,-0.0973672965431738
0.443620583729818,0.314459292228265,0.00447095386903995,0.12419292912994,0.0014903328583129,0.0422260937441756,0.17138692312578,-0.204174803271137,0.123199173231981,0.222554395262567,-0.134128418727303
0.392452700115562,0.29160759015118,0.00993545304723376,0.0983607999305575,0.0317937666212899,0.02483887867703,0.169896602057151,-0.194736065399768,0.104818651446972,0.206160879592174,-0.119225261073946
0.373575228496298,0.287136604962797,-0.00149031795698407,0.108793005957665,0.0303034338135257,0.0347744301455246,0.173870791569162,-0.186787654553663,0.0894187548144114,0.203677013580125,-0.0988576123016693
0.356188083586054,0.285149500434355,-0.0104322257106603,0.100347886796853,0.0312969890189768,0.0183807702254149,0.175361112638161,-0.18231667345739,0.0596125032984143,0.19523186914095,-0.0899157177073417
0.329362202853863,0.264781679022754,-0.00149031796545113,0.0705415838485502,0.0312969890189768,0.0283163216968112,0.170393375751987,-0.163439197709065,0.0491803152549662,0.202683467180459,-0.0556384551275382
0.344762245497788,0.255342932513151,-0.00844513510102557,0.0740189858586235,0.0248388801861087,0.0417293161816572,0.149528880789744,-0.176355365321021,0.0586189615797603,0.224044714878983,-0.0630900339509488
0.328865427298694,0.243420305347769,-0.00993545305867066,0.0799802464438374,0.0437164290855913,0.0466970919159047,0.16343854406988,-0.17287793557491,0.0496770861205997,0.201193147564188,-0.0650771216367774
0.335820285262035,0.245407409875542,-0.0029806359200093,0.0720318990002449,0.0466970947011556,0.047690647062091,0.177348207380346,-0.168903730155131,0.0278191683422021,0.200199601160198,-0.0466965605250241
0.351717103474333,0.255342932514406,0.000496772648961308,0.0685544969908633,0.0223549921643826,0.0551423106649385,0.157974033508492,-0.177348916673357,0.0268256266241541,0.198709281553404,-0.0576255427947241
0.315949262469071,0.24093642466788,-0.0322902224391204,0.0347740203169599,0.0457035394764724,0.0486842022079248,0.185793360107155,-0.161948870685783,0.00198708365356584,0.173373848197561,-0.0203676486867772
0.319923467019158,0.252859051831003,-0.0347740857017887,0.0273224445847941,0.0581229795405768,0.0531552003694468,0.187283681173974,-0.1589682166188,-0.00695479180537666,0.16045774494467,-0.0303030871216341
0.373575228476115,0.292104366254103,-0.0417289028379804,0.0630900080827397,0.0551423139265185,0.0635875294112575,0.163438544059129,-0.157974665264188,0.00794833396752445,0.182315765835337,-0.0630900339675049
0.381523637580692,0.305020545684898,-0.036761176313452,0.0476900848979527,0.0392454306370063,0.0710391930099085,0.174864338901272,-0.159961767975407,0.0208643763052989,0.188277044263702,-0.083457682739782
0.378542984166299,0.293097918510731,-0.0124193163284977,0.0427223677428667,0.0357679874177184,0.0879296305031788,0.173870791521953,-0.164432749071681,0.0203676054463294,0.189767363870892,-0.0879286300366566
0.42126568309664,0.320420605766169,-0.0144064069381325,0.0680577252517589,0.0352712098150705,0.0943877389573635,0.159961128233371,-0.170394057200736,0.0347739603620666,0.194735095895584,-0.119225261086432
0.394936577925492,0.32836902387977,-0.021857996729445,0.07650284441656,0.0367615426228347,0.0879296305026398,0.177844981059631,-0.163935973393677,0.0263288557558778,0.172380301791884,-0.118231717243217
0.399407558045003,0.34426586009894,-0.0109289983764526,0.0596126060871678,0.0312969889958121,0.0745166360177938,0.157477259824349,-0.152013357126054,0.0193740637293723,0.179335126629774,-0.104322103444816
0.369104248333504,0.340788427175228,-0.00894190776593584,0.0457029980532728,0.0317937665983643,0.0611036415407815,0.129657933192667,-0.152013357126054,0.0178837511527181,0.1813222194377,-0.105812419210269
0.369104248333504,0.350227173678274,-0.0114257710294127,0.0551416606487575,0.0457035394800346,0.079484411751171,0.136115991152269,-0.149032703060376,0.0337804186356705,0.178838353426112,-0.115747857640269
0.391459148967763,0.364136905392307,0.0203676787539103,0.0705415838454152,0.0104323297005236,0.0824650771930874,0.115251496207303,-0.172381159885054,0.0670640662093576,0.221064075666804,-0.145057401001817
0.407355967161827,0.359169144075071,0.018380588143511,0.0546448889408396,-0.00198711036358085,0.0983619595383683,0.116245043585113,-0.181819897765411,0.0725285456569555,0.235967271727041,-0.145057401001817
0.354697756844004,0.328865800032596,0.0228515420171078,0.0432191394970662,0.00248388805734534,0.0983619595383683,0.158967580893471,-0.17089083286805,0.071038233080156,0.215599570443366,-0.118728489138278
0.356188083550832,0.336317442008685,0.020864451407473,0.051664258664387,0.0129162177174684,0.0884264080729823,0.134128896444776,-0.175361813969042,0.0914058382884662,0.226031807688438,-0.140586453687735
0.324394447108628,0.330852904551844,0.0213612240598597,0.0332837051798289,0.0283163233984399,0.0715359705797121,0.141083728098856,-0.177845692356308,0.0725285456386475,0.223547941676389,-0.123199436425361
0.308994404479322,0.313465739938408,0.019870906102479,0.0228514991506466,0.0312969890141476,0.0655746396989882,0.152509522943837,-0.197716719466456,0.0640834410341065,0.225038261283539,-0.110780138386344
0.329858978390804,0.299059232105534,0.0312966771144724,0.00993543454421165,0.0397422082561131,0.0765037463136485,0.171386923130055,-0.207155457339039,0.0755091707945848,0.227522127296379,-0.119225261054576
0.344762245450096,0.303033441158653,0.0183805881510807,0.0223547274348601,0.0357679874355519,0.0869360753580704,0.162941770415984,-0.224542606065118,0.0948832342910867,0.257825292631323,-0.152012207874046
0.339794489756199,0.283659172002875,0.0124193163188245,0.016890238561752,0.0457035394840863,0.0909102959446393,0.192251418116006,-0.224542606065118,0.0849478171106066,0.23497372532744,-0.12667683987008
0.370594575013897,0.290614037844809,0.0357676309809993,0.00894189111321918,0.0486842051003678,0.0854457426403294,0.187283681224211,-0.265278211669234,0.0914058382720121,0.25583819981454,-0.139096137911596
0.350226776659045,0.28813015718219,0.037754721590458,-0.00347740178638478,0.0640843107861565,0.0819682996247241,0.195728833942944,-0.272729846831991,0.0769994833587349,0.24441241615881,-0.130154243324082
0.312968609000866,0.293594694631092,0.045703084030644,0.012916064833755,0.0616004227724392,0.0680585275731836,0.195728833942944,-0.287633117178796,0.0784897959350982,0.243915642956993,-0.111773682221844
0.3248912226674,0.306510874063791,0.0660707627730749,-0.00894189064210217,0.054645536339469,0.0571294209578394,0.179335302197077,-0.31197512536774,0.0809736502297034,0.245405962563867,-0.100347928023155
0.323897671529525,0.306014097932125,0.0710384892967214,-0.00645803206415778,0.0452067618852991,0.0491809797825463,0.196225607625919,-0.312968676723656,0.0561351072900137,0.237954364532266,-0.0919028053546807
0.331349305074278,0.319923829637956,0.0606062635935141,0.0183805537217713,0.0561358691357946,0.0611036415437452,0.193741739178342,-0.321910638920461,0.0695479204903686,0.2473930553763,-0.0854447703737422
0.347246123272114,0.350227173670224,0.0645804448129016,0.0243418143105424,0.0531552035200868,0.0770005238890262,0.17536111268504,-0.327375171379338,0.0844510462607252,0.272231715478014,-0.0983608403344124
0.324394447082444,0.344265860081634,0.06954817133743,0.00546448910150144,0.0576262019409055,0.0466970918996874,0.176851433751529,-0.311975125379081,0.0556383364176543,0.264780117438504,-0.0844512265290134
0.31346538457316,0.32340126254529,0.0824642603008218,-0.0139096078112823,0.0308002113821072,0.0457035367527964,0.183309491709705,-0.301542836141554,0.0466964609600204,0.241431776938868,-0.0611029462149899
0.303529873182417,0.328865800001095,0.0829610329535905,-0.0178837815381179,0.0193743265258803,0.0223549907972071,0.177844981125186,-0.304523490206312,0.0447093775233429,0.26825752985797,-0.0909092615157028
0.271239461217743,0.314956068315178,0.0670643080807438,-0.0253353572739892,0.0109291072786317,0.00695488602377077,0.186786907529431,-0.274716949511934,0.0253353140329837,0.269251076261538,-0.0710383846514183
0.302536322097657,0.338304546533468,0.0630901268615914,-0.0238450421256291,0.0258324353507162,0.0298066544027387,0.186786907529431,-0.269749192736443,0.0372578146515953,0.288625231151924,-0.104322103405556
0.305020199943255,0.346252964638703,0.0581224003369162,-0.0367611067343121,0.0213614369252719,0.0268259889620658,0.188774002284887,-0.247394287220551,0.035767502075232,0.281670406325105,-0.101341471876384
0.30700730222046,0.332840009073836,0.0203676787460315,-0.0471933127653101,0.0218582145277046,0.0397422058705701,0.195728833936473,-0.234478119606268,0.0129160425534392,0.290115550761816,-0.103328559562842
0.334826734066123,0.346252964625149,0.0104322256972687,-0.0342772481649767,0.0392454306241444,0.0591165312306999,0.195232060247615,-0.244910408846481,0.0382513563516137,0.303528427216563,-0.107302734935984
0.349233225579709,0.351220725946673,0.00149031794650295,-0.0402385087507834,0.0218582145410916,0.0357679852760845,0.217090102574533,-0.238452325037262,0.0541480238368922,0.299057468396298,-0.118231717212125
0.350723552285241,0.330852904552224,0.00894190773031917,-0.0442126824764332,0.0283163233745812,0.0312969871175469,0.234477181690299,-0.232987792578384,0.0437158357987875,0.282663952732864,-0.11972203297713
0.376555881889422,0.342775531727898,0.00397418120579079,-0.0233482704043203,0.0357679874071276,0.0556390882267836,0.220070744709062,-0.228516811483837,0.0611028158813801,0.296076829201845,-0.130154243330654
0.396426904630037,0.373078875762717,-0.00447095388453334,-0.0114257492249993,0.0486842050879372,0.0571294209471045,0.235967502750084,-0.247891062929447,0.0516641695607298,0.309986478864708,-0.150025120192652
0.424246336514214,0.392453144914008,-0.000496772662911538,0.000993543668737232,0.0586197571371888,0.0784908566094922,0.249380392363671,-0.251368492672246,0.0611028158832218,0.303528427239548,-0.12965747140105
0.43914960357999,0.399904786889626,0.0163934975139884,0.0119225214137307,0.0725295300131691,0.0745166360211824,0.261302960895754,-0.263787884622642,0.0546447947156736,0.292102643595336,-0.139592909831764
0.440639930287584,0.401891891417776,0.0178838154712807,0.0317933900479089,0.0606068675563621,0.0601100863935177,0.256831997692212,-0.260807230557961,0.0576254198692361,0.28316072595611,-0.127173611785425
0.435175399026945,0.370594995112931,0.020367678733802,0.00794834767147823,0.0819683044691916,0.0407357610200517,0.279186813675987,-0.254349146747079,0.0362642729293804,0.238947910925208,-0.112270454143425
0.461504504185075,0.374072428037888,0.0402385848448507,0.011922521398215,0.0919038565153357,0.0506713124833656,0.288625513770268,-0.264781435973329,0.0660705244744559,0.24739305535811,-0.123199436420981
0.392949475652672,0.326878695508747,0.0476901746319739,-0.029309531008991,0.0844521924757973,0.0243421010926782,0.311477103443517,-0.256833025123132,0.0362642729439202,0.222554395249148,-0.0904124896062242
0.425736663204513,0.328369023905,0.0541482191191157,-0.0417288239018011,0.0839554148732092,0.0501745349134587,0.299554534904853,-0.254349146735546,0.0288127100617406,0.236960818110626,-0.10581241918302
0.430207643320577,0.333336785222341,0.0387482668955838,-0.0432191390491236,0.0799811940528392,0.0253356562396311,0.292599703260562,-0.264284660298292,0.0452061484049346,0.229012446874704,-0.106805963026391
0.437659276855307,0.339794874939982,0.0551417644209497,-0.043715910764873,0.0730263076225462,0.0193743253580369,0.277696492578182,-0.282665360360277,0.0531544821520329,0.224541488052778,-0.106805963026391
0.411826947289442,0.33631744201993,0.0566320823783744,-0.065077094549536,0.0814715268710141,0.0144065496232715,0.267264245115345,-0.268258865693739,0.0685543787782087,0.233483405687734,-0.0993543842018019
0.431201194476292,0.348736845313673,0.0630901268615033,-0.0625932359717151,0.0884264133026457,0.00745166359576055,0.254348129191329,-0.259813679176599,0.0750123999437093,0.242425323321979,-0.111773682244033
0.435175399025673,0.349233621445297,0.0427224481166616,-0.0670641814121262,0.0869360804949532,0.0029806654331193,0.256831997634519,-0.242426530448282,0.0774962542391623,0.238947910907139,-0.106309191106788
0.444117359269383,0.343272307860347,0.0452063113785217,-0.0625932359721597,0.0899167461098003,0.0183807702071981,0.241432013258263,-0.245903960190455,0.0978638594434988,0.249876921354503,-0.107302734950331
0.481872302500443,0.367117562191612,0.0491804925977916,-0.0312966178589314,0.077994083649551,0.0372583180071825,0.19622560757349,-0.272729846803656,0.120218548100942,0.2916058703752,-0.137109050240758
0.487833609324867,0.376059532567719,0.0476901746402787,-0.0317933895747303,0.0789876388539024,0.0139097720618203,0.176354660000823,-0.269749192738438,0.124192714970323,0.276205901112343,-0.155489611351718
0.534530512838271,0.38500150294891,0.0521611285109652,-0.0307998461422308,0.0879296357010258,0.0149033272091672,0.17486433893606,-0.256833025113849,0.104818651452083,0.250373694564068,-0.178837891656008
0.482865853646258,0.378543413231133,0.0511675832054128,-0.0397417370298344,0.103826518977916,0.00993555147657777,0.156483712423479,-0.252362044017,0.110779901758045,0.225535034451153,-0.166418593609669
0.420272131948951,0.342775531722939,0.0452063113731565,-0.0675609531335948,0.122207290265715,-0.00149033272208234,0.18678690742538,-0.219574849279348,0.0928961508375425,0.20069637431715,-0.134128418714724
0.406362416015666,0.337807770401833,0.0278192685427087,-0.0695480399967162,0.136117063123958,0.00844521874641229,0.179335302079562,-0.227523260122384,0.110779901757172,0.207154425948478,-0.139592909853541
0.432691521149845,0.357678815652372,0.023348314670038,-0.0342772481785041,0.141581616753479,0.0238453235208123,0.152012749172046,-0.246897511572982,0.133631361245525,0.224541488004226,-0.158470242878954
0.398910782455393,0.334827113586834,0.033283767716155,-0.044709454207427,0.144065504764208,0.0168904374912702,0.151515975482476,-0.258820127833547,0.150521570437923,0.207154425933719,-0.179334663599954
0.363639717057669,0.319923829633558,0.0337805403687623,-0.0799802460501965,0.140091283943169,0.0173872150649385,0.17039337563952,-0.271239519780746,0.154495737310018,0.175360940968099,-0.180824979364572
0.362149390350605,0.333833561329432,0.0223547693611639,-0.0963737126682981,0.146052615171572,-0.000496777576859737,0.193244965354394,-0.289620219856924,0.143070007563752,0.161451291306712,-0.184302382817196
0.33830416305338,0.309491530866009,0.0144064069216834,-0.111276864144673,0.143568727158154,0.00794844117092039,0.222554613009113,-0.266768538665548,0.142573236704964,0.141580363213217,-0.157973470975994
0.320420242575863,0.309988306997915,0.0288128138387664,-0.115251037871508,0.128168621485334,0.00993555146503382,0.231496539419528,-0.277200827895825,0.151515112158237,0.155490012870545,-0.141083225630424
0.360162288050807,0.363143353082828,0.0188773607911795,-0.0933930823690207,0.115749181418839,0.0198711029362226,0.180328849454509,-0.309988022652044,0.196721260338795,0.209141518738642,-0.166915365559936
0.384504290952592,0.358175591760258,0.0233483146657025,-0.0799802460391161,0.110284627793788,0.00993555146793511,0.199703023345613,-0.317439657814034,0.196721260338795,0.218083436383088,-0.163437962107762
0.443123808102327,0.408846757214199,0.0283160411927297,-0.0208644118649274,0.0884264132875383,0.0457035367671999,0.139096633290795,-0.353207506621508,0.231991991305843,0.274715581440537,-0.21907641733016
0.432194745577913,0.41977583211925,0.0203676787499566,-0.0307998461834988,0.0854457476758462,0.0258324338260655,0.146548238636612,-0.336813909261332,0.2215598032713,0.273225261833505,-0.224540908469842
0.359665512500079,0.358175591788117,0.036264403625155,-0.0710383551642085,0.0784908612380235,-0.00496777573269287,0.177844981054494,-0.309491246964835,0.192747093477422,0.215102797183929,-0.182812067059043
0.360162288069445,0.339298098760762,0.0387482668857655,-0.07451575717506,0.0660714211813893,0.00248388787031004,0.177844981054494,-0.303033163156114,0.167411779683573,0.212618931172539,-0.146050944844787
0.381523637541586,0.348240069133857,0.0466966293254813,-0.0312966178833624,0.0730263076177061,0.0144065496352393,0.146051464989119,-0.313465452397938,0.195727718624805,0.263289797810954,-0.168902453243643
0.347246123254708,0.330852904512734,0.0536514464614672,-0.0283159875881615,0.0700456420037195,0.0248388786779203,0.142574049164814,-0.297071855031854,0.200695427210926,0.256334972976385,-0.150521892140876
0.321910569226603,0.333833561305523,0.0645804448147828,-0.0193740967010026,0.0770005284405383,0.0253356562512259,0.139593407032616,-0.314955779440194,0.194734176904528,0.265773663823425,-0.154496067511848
0.307504077721566,0.329362576117987,0.0551417644222282,-0.00149031493646774,0.0750134180303056,0.0377550955856785,0.1385998596539,-0.306510592920012,0.179831051146893,0.26279302461201,-0.150025120215873
0.210632841766229,0.2642849028574,0.0625933542084697,-0.0387481936482512,0.0983619653491366,0.0303034319826756,0.208644949763461,-0.283658911720401,0.168902092255296,0.223051168428181,-0.101838243824485
0.204174759366014,0.288626933327998,0.0680578533868251,-0.0268256724736733,0.0928974117226399,0.0511680900612921,0.194735286459139,-0.293594425274196,0.173373029983622,0.230005993259798,-0.102335015746203
0.144064915507299,0.245407409859402,0.0864384415240451,-0.072528670307284,0.100349075761461,0.0332840974183749,0.23646427635483,-0.276704052217962,0.135618444720818,0.181818992651607,-0.0571287708711794
0.152013324616435,0.23994287240751,0.111277074145217,-0.0650770945678922,0.0834586372870799,0.0596133088118082,0.246399750144455,-0.29210409822258,0.137108757297508,0.187780271079022,-0.0337804905531278
0.182813409921648,0.260807469957031,0.10879321088446,-0.0516642582319839,0.0948845221479802,0.068058527565754,0.239444918500739,-0.297568630678784,0.145057091037821,0.199206054742331,-0.0546449112522285
0.199207003705188,0.296078575337994,0.0794836243858394,-0.0317933896066993,0.086439302905202,0.0829618547647658,0.236961050052682,-0.324394517283009,0.166915008822616,0.208147972381795,-0.0765028758073408
0.178342429802372,0.278194634588416,0.0690513986829409,-0.0591158339756372,0.0685553092070825,0.0660714172626877,0.250373939649609,-0.320917087535108,0.13263781957295,0.172380301827736,-0.0491804201148247
0.172877898534923,0.265278455147286,0.058122400325098,-0.0769996157535129,0.051168093116918,0.0591165312347416,0.261302960809448,-0.316942882115124,0.112766985221198,0.158470652150849,-0.0526578235659497
0.179335980936671,0.264284902883065,0.0501740378870285,-0.0799802460487878,0.0457035394881862,0.0347744301305825,0.254348129165733,-0.295084752284959,0.101838026321603,0.154496466531622,-0.0516642797231639
0.188774716751249,0.264781679015056,0.0357676309618468,-0.0755093006101553,0.0491809827059681,0.0437164264473786,0.253851355476355,-0.321413863213021,0.106308964050039,0.130651352823224,-0.0551416831755385
0.254349091900327,0.311478635418701,0.0253354052601826,-0.0283159875869646,0.0198711041525659,0.0437164264473786,0.19870947605123,-0.336813909235873,0.139592611565277,0.173373848217439,-0.109289822630327
0.25534264303893,0.305020545704459,0.0357676309593772,-0.0476900844992667,0.0168904385375035,0.0322905422637336,0.201193344499219,-0.345755871438662,0.138599069847956,0.15399969332294,-0.112767226082552
0.29558146415035,0.344762636253222,0.0054644991548225,-0.0382514218946289,-0.0069548863961913,0.0372583179992244,0.194238512856656,-0.346749422794502,0.153502195617949,0.169399662602958,-0.136115506395232
0.331349305110335,0.358672367946461,-0.00397418123689425,-0.0258321290018188,-0.0183807712543426,0.0427228713036481,0.19225141809917,-0.354697833640402,0.142573236719688,0.172877075018074,-0.158470242869642
0.342775143197826,0.353704606626819,-0.0119225436737878,-0.0382514219051287,-0.0273227681014659,0.0576261985091879,0.198212702365376,-0.361652693132356,0.125186256658725,0.190760910303169,-0.153005751732945
0.348239674456628,0.357678815680524,0.00198709060312319,-0.0476900844996747,-0.0188775488586877,0.0501745349108478,0.208644949844914,-0.346252647114261,0.117237922921513,0.187283497888329,-0.168902453236259
0.381523637579081,0.362646577001211,0.0218579966982969,-0.0357675633159067,-0.0119226624186893,0.0655746396926361,0.201193344514521,-0.34575587143604,0.125683027524612,0.192748003116287,-0.170392769000749
0.420272131995317,0.382020846160253,0.0347740856658924,-0.0094386623707102,-0.00546455358349041,0.0839554099049423,0.19225141811151,-0.367117225578075,0.142076465866207,0.214606024032471,-0.174366944373891
0.443123808172784,0.388975712008922,0.032290222403224,0.000993543660806617,0.0014903328528264,0.0938909613790328,0.19523206024486,-0.385001149982733,0.160953758507277,0.233483405716283,-0.193741049313365
0.452562543983815,0.39394347332825,0.034277313014329,-0.00943866236422558,-0.00894199680227631,0.0675617499921897,0.193741739176643,-0.381026944557327,0.168405321385822,0.253851107010765,-0.189270102017519
0.442130257039732,0.36860789061008,0.0486837199339695,-0.0129160643726561,0.00993555210129432,0.0770005238889331,0.198709476068713,-0.368607552602456,0.132637819576221,0.225038261290484,-0.177347575891748
0.483362629257085,0.373575651928885,0.0457030840205754,0.0213611839978639,0.0109291073063629,0.102832957687623,0.202683665584782,-0.365130122856434,0.132637819576221,0.24391564298281,-0.207153891210891
0.486343282670182,0.345259412419747,0.0755094431730374,0.0317933900293808,0.0372583202524004,0.10631040070185,0.18927077598082,-0.36662044989029,0.138102299022486,0.24639950899453,-0.205166803524091
0.468459362196555,0.330356128462392,0.0750126705206948,0.03079984659824,0.0397422082655798,0.101839402543778,0.175361112672275,-0.342278441685057,0.167411779690963,0.25285756062089,-0.210134522742591
0.458523850816424,0.340291651100628,0.0750126705206948,0.0491804000923962,0.0486842051127032,0.111278176435796,0.164432091516055,-0.340291338972815,0.178340738588158,0.257825292641496,-0.219573189251973
0.454052870695674,0.322904486485728,0.0755094431732283,0.0417288243567101,0.045206761895507,0.115252397021868,0.159464354621792,-0.333833255162432,0.172379488283214,0.247393055393103,-0.208644206967658
0.438156052493437,0.32439481488173,0.0640836721713769,0.0208644122804465,0.0531552035383506,0.0933941837802367,0.153503070355256,-0.325884844312644,0.159463445947645,0.251367241012435,-0.187283014349454
0.498265896277263,0.373078875775269,0.0615998089091495,0.0531545737696403,0.0387486530570567,0.115252396987218,0.100348285534545,-0.328368722702787,0.172379488268093,0.292599416762139,-0.220566733117472
0.486840058191129,0.367117562190821,0.0601094909513718,0.0412320525903193,0.0392454306595612,0.112768509119084,0.0919031328221055,-0.310981573975813,0.162940841949745,0.266270437040004,-0.218579645430872
0.500252998548072,0.38251762227409,0.079483624397319,0.0362643354336277,0.0521616483270065,0.132142834482043,0.0769999221331439,-0.292600873893959,0.158966675081527,0.257328519401252,-0.223547364648515
0.493298140582943,0.390962816516502,0.0824642603101842,0.0352707920025364,0.0466970946988006,0.115252396979965,0.0750128273764808,-0.291607322537914,0.149031257901047,0.281173633103957,-0.224540908492172
0.461504504180355,0.379536965481688,0.0615998089016088,-0.00248385837987278,0.0417293186729796,0.105316845522246,0.0650773535846624,-0.275213725172253,0.156979591638259,0.274715581474514,-0.202186172000403
0.444117359265641,0.388478935856666,0.0382514942366707,-0.013412836127312,0.0377550978530878,0.107303955815862,0.0814708853214801,-0.262297557549326,0.14406354930836,0.277696220688143,-0.199205540470417
0.436168950162164,0.385995055196192,0.0352708583223066,-0.035270791624908,0.050671315516804,0.0993555146438845,0.106806343482575,-0.274220173809278,0.129657194408786,0.270741395859663,-0.189270102034132
0.453556095074815,0.398414458488105,0.0273224958816501,-0.0392449653519412,0.050671315516804,0.102336180082692,0.0953805486303408,-0.268755641351666,0.152011883043875,0.262296251423848,-0.203676487763949
0.47392389339623,0.409840309522197,0.0307999044489745,-0.0258321290297074,0.0601100899621169,0.0993555146432007,0.0998515118352398,-0.286639565754943,0.155986049914032,0.273722035076547,-0.195231365092075
0.395433353375188,0.353704606541102,0.0218579967029713,-0.0442126825435195,0.0700456420113684,0.0943877389036682,0.13214180158869,-0.243916857493415,0.135618444675914,0.207154425841459,-0.185295926669502
0.34923322552107,0.316943172814451,0.0332837677061751,-0.0784899308952912,0.0864393029030863,0.0755101911351834,0.154993391343936,-0.24242653045929,0.129160423516713,0.180328672954379,-0.165425049789215
0.35569130791822,0.317439948946546,0.0357676309690642,-0.0675609531473084,0.0809747492748804,0.0899167407667543,0.144561143870158,-0.25484592240553,0.133134590388129,0.179831899751719,-0.171883084771082
0.325884773781951,0.29756890367593,0.0208644513972428,-0.0700448117261175,0.0760069732498961,0.0874328529005892,0.173374017857683,-0.257329800793947,0.118728235484339,0.183806085369469,-0.175360488223857
0.318433140245747,0.275710753865827,-0.00397418122613419,-0.0814705611872187,0.0899167461188482,0.0958780716531257,0.166419186207633,-0.266768538678435,0.117734693766025,0.172380301724045,-0.154992839434598
0.298065341904191,0.258820365369445,-0.00298063592037601,-0.0884253652128128,0.0819683044750484,0.0760069687252547,0.179335302135927,-0.266271763000905,0.0889219839538762,0.154496466430884,-0.142573541389867
0.316942813525321,0.248388066598308,0.0213612240487329,-0.0829608763383459,0.0809747492699559,0.0765037462986327,0.170393375735878,-0.276207276556235,0.0919026091076565,0.156483559239706,-0.149031576371829
0.308000853280903,0.258820365370543,0.0278192685291866,-0.0690512682916542,0.0546455363315205,0.0809747444581964,0.161451449330152,-0.279187930622374,0.0923993799664324,0.149031961206326,-0.153502523667804
0.291110483937352,0.238452543968376,0.0442127660589176,-0.073025442019478,0.0462003170871167,0.0789876341656994,0.159464354572501,-0.289123444182818,0.0789865667883224,0.14754164159961,-0.150521892137004
0.232987742342313,0.210136304438969,0.0531546738001584,-0.093393082364193,0.0322905442188338,0.0874328529099565,0.17834175475872,-0.279187930623397,0.0655737535984363,0.146051321993132,-0.14257354138889
0.312968609070242,0.262794574495912,0.0591159456313563,-0.0432191390285803,0.0203678817591583,0.123697615784714,0.120219233160802,-0.331846152447672,0.103328338901758,0.233980178917677,-0.195728136982895
0.29260081074198,0.260807469968516,0.0506708105427814,-0.0561352036401537,0.0114258849107441,0.135123499962163,0.157477259873437,-0.321910638889784,0.100347713750668,0.242922096550973,-0.188276558155735
0.267762032282317,0.276704306190029,0.0521611285003382,-0.0769996157096726,0.0109291073081083,0.129658946654662,0.165922412590771,-0.324891292958071,0.107302505773781,0.250870467791956,-0.186786242390582
0.260807174312098,0.283162395904814,0.0491804925843867,-0.0516642582203086,-0.00447099837693937,0.132142834520827,0.149528880844905,-0.346749422789924,0.142076465868993,0.285644591911294,-0.196224908907021
0.262794276588635,0.307007650242104,0.0615998089006685,-0.0620964642557165,-0.0183807712458915,0.149033272016916,0.167909507342774,-0.342775217364314,0.148534487037171,0.296573602354888,-0.204173259652619
0.285645952775593,0.344265860144512,0.0665675354285777,-0.0337804764523644,-0.00695488638389147,0.159465601056115,0.165922412585178,-0.37357530939535,0.171385946546702,0.337309004942231,-0.23348280304535
0.204671534932214,0.306510874077081,0.0561353097318523,-0.0591158339738568,0.0124194401067886,0.141084830834224,0.201193344470689,-0.380530168887125,0.156979591632722,0.312967118019627,-0.198211996620118
0.196723125823393,0.315452844449611,0.0442127660736896,-0.0561352036793971,0.000496777633055778,0.153504270161941,0.211625591943604,-0.397917317615441,0.153998966479887,0.324392901669598,-0.193741049324143
0.1897682678551,0.331349680667443,0.0422256754648777,-0.0655738662861474,0.0109291072874055,0.139594498109821,0.217586876215898,-0.407356055502601,0.153005424762639,0.347741242161182,-0.196721680854943
0.187781165575969,0.333336785196931,0.0362644036379129,-0.060109377411137,0.0129162176977339,0.134626722378267,0.218083649904741,-0.426730306948211,0.16294084194118,0.352708974182316,-0.181321751285676
0.152013324586271,0.340291651044722,0.0476901746417926,-0.0879285935024454,0.0168904385183907,0.134626722378267,0.25385135552567,-0.436169044837558,0.153005424762881,0.340289644133271,-0.167908909399101
0.130651975102299,0.338304546517158,0.0447095387271638,-0.0923995389468587,0.0129162176956301,0.127671836357864,0.247890071256832,-0.424743204252311,0.152508653904323,0.324392901671127,-0.163934734025273
0.128168097254982,0.332343232935345,0.0427224481170584,-0.0864382783533441,0.0238453249508587,0.138600942971613,0.266270697745569,-0.421762550184024,0.15598604991499,0.348734788575649,-0.171386312851683
0.0864389493932199,0.296078575283258,0.0481869472958991,-0.1371089933642,0.0437164290584459,0.125684726064725,0.294090024335786,-0.393446336542952,0.124192714973121,0.305018746815187,-0.148534804447898
0.047690454972385,0.292601142360571,0.0412321301599132,-0.141083167093408,0.0422260962505024,0.105813623126906,0.308993234995954,-0.390962458152361,0.121212089818832,0.301541334402008,-0.143070313310103
0.0258323299244229,0.297568903676447,0.0551417644302389,-0.155489546847993,0.0253356577566148,0.105813623126906,0.312470650821602,-0.360659141798855,0.126676569262965,0.288128457950107,-0.123199436430961
0.0650775999547411,0.359665920202689,0.041728902810639,-0.122205841875399,-0.00049677756833183,0.140588053264462,0.276206171558033,-0.356188160696712,0.162940841958008,0.327373540932158,-0.162941190152103
0.0551420885651766,0.364136905387684,0.0342773130199879,-0.115251037856722,0.0258324353853082,0.127671836363501,0.263786829327687,-0.353704282305994,0.152508653919649,0.341283190583583,-0.159463786700078
0.0317936368003929,0.356188487280107,0.0298063591493015,-0.10531560353395,0.0213614369626609,0.124194393349201,0.284651324265167,-0.336317133570069,0.150521570485007,0.325883221326444,-0.13760582214685
0.0496775573069155,0.40238866754353,0.0253354052776889,-0.10978654897703,0.0109291073063031,0.135620277530225,0.267761018836791,-0.32687839568388,0.153502195637624,0.332341272951947,-0.151018664029375
0.0243420032417233,0.397420906223889,0.0193741334505479,-0.103328516666666,0.0347744322141804,0.140091275689043,0.280180361049657,-0.300052509063084,0.166418237968468,0.337309004972554,-0.134128418698132
0.018877471975463,0.415304846965938,0.0248386326269631,-0.0928963106312581,0.0462003170775551,0.140588053261996,0.296077119095505,-0.322407414562288,0.181321363719924,0.351218654627668,-0.134128418698132
-0.000496775242044611,0.423750041206394,0.0163934975313919,-0.0909092237671485,0.0452067618727735,0.13860094296896,0.299057761227046,-0.326381619986773,0.179831051143997,0.319425169684823,-0.113760769909751
0.095380909622696,0.513169744905353,0.0382514942289693,-0.0357675633203272,0.0312969889994706,0.182317369394777,0.248386844905554,-0.355691384984427,0.212617927801999,0.367115397054812,-0.152012207898526
0.129658423921101,0.520621386881913,0.0531546738025543,-0.0303030744428709,0.0293098785887118,0.201691694759352,0.225535255221584,-0.358175263375018,0.22454042841654,0.356186386609189,-0.156483155193021
0.136116506323615,0.524098819802404,0.0611030362375666,-0.0203676401282523,0.0298066561916704,0.209640135929008,0.215599781432234,-0.367117225572743,0.224043657558043,0.364134757841105,-0.162941190177489
0.14952944669966,0.530060133380326,0.0715352619426259,-0.0243418138534081,0.0432196514605804,0.182317369396632,0.191257870652693,-0.377549514812687,0.212617927811777,0.376554087881584,-0.173373400536863
0.124690668208551,0.517640730086583,0.0859416688682339,-0.0486836279293686,0.0486842050882604,0.185794812409118,0.212619139283582,-0.369104328286635,0.243914491910825,0.349728334973157,-0.175360488223691
0.154497202372527,0.532047237904595,0.0765029884706526,-0.0243418138594608,0.0447099842673168,0.18331092454145,0.210135270839912,-0.388975355414686,0.239443554182171,0.353702520589114,-0.20218617199549
0.149032671107997,0.532047237904595,0.069051398681986,-0.00298063008488962,0.0660714211770624,0.18927225541633,0.20169011811978,-0.384504374312313,0.25981115938005,0.373573448653618,-0.224044136555947
0.18827794111968,0.560363477412541,0.0586191729793962,0.00844511938217778,0.0412325410640926,0.179336703951151,0.185296586396989,-0.411827036611624,0.272727201702704,0.372083129047574,-0.263785890289658
0.21560059743909,0.578247418141037,0.0581224003270683,0.0233482708518824,0.0402389858588327,0.19672391899799,0.144561143876393,-0.422259325853448,0.281172306290356,0.394934696315692,-0.274714872568786
0.225039333264872,0.563344134185251,0.0601094909381732,0.0168902385428036,0.0382518754491258,0.197220696571264,0.123696648945248,-0.425239979922348,0.265275638807016,0.440141057702611,-0.286140626765667
0.110284176725597,0.485847057665732,0.0422256754604535,-0.0422255956357948,0.0685553091967915,0.175362483368385,0.179832075841908,-0.409343158223181,0.220069490673869,0.380528273471147,-0.227521539994955
0.0695485800179066,0.498763237086194,0.0317934497603332,-0.0412320522036906,0.0809747492608959,0.16840759734189,0.181322396909139,-0.407356055510683,0.217088865520888,0.365625077398653,-0.231495715368327
0.0352710657086519,0.488330938323184,0.0332837677164791,-0.0566319753934555,0.0839554148783968,0.145059051398476,0.200199797104215,-0.401394747378406,0.193243864298786,0.343270283300291,-0.216095785791974
-0.00198710202027319,0.467963116925733,0.0208644514001973,-0.0715351268698302,0.0799811940588873,0.146052606545657,0.244909429122973,-0.390962458138462,0.176353655096913,0.313463891189304,-0.18032820743009
0.0312968611522166,0.490318042849764,0.0193741334429492,-0.0551416602439836,0.0829618596733759,0.168407597328088,0.207154628734904,-0.393943112206058,0.187282613977317,0.33333481927331,-0.195231365084946
0.0104322872411474,0.496279356427059,0.0258321779260781,-0.0854447349069613,0.0819683044680204,0.176356038503713,0.188277228551812,-0.37754951482394,0.182811676247682,0.340786417300958,-0.178341119744718
0.0168903696445559,0.487834162192114,0.0298063591471119,-0.0948833975022114,0.0536519811177744,0.179336703940594,0.201193344475115,-0.384007598638811,0.168405321353729,0.330850953271342,-0.171883084759507
0.0154000429363718,0.47243410211306,0.0417289028066855,-0.101341429808881,0.0566326467329084,0.190762588125192,0.182812717980291,-0.367614001254582,0.149031257866677,0.329360633665179,-0.164928277852809
-0.00496775540800498,0.448092071673721,0.0357676309776043,-0.117238124710295,0.0566326467329084,0.173375373078354,0.220070744679556,-0.368110776932905,0.128663652678732,0.302038107580473,-0.158967014791038
-0.0188774713630262,0.446601743277624,0.0476901746392944,-0.12071552672374,0.0620972003591421,0.169897930065215,0.227522350014884,-0.358175263371693,0.125683027524225,0.264283344231877,-0.147044488672638
0.0362646169096039,0.480382520253318,0.0377547215878859,-0.0958769409131054,0.0238453249653814,0.174865705794903,0.201193344501084,-0.368110776932138,0.145553861880823,0.308496159221725,-0.188773330092436
0.0432194748887657,0.468459893096219,0.0332837677144213,-0.109786548967061,0.0139097729146956,0.17039470763394,0.216096555166599,-0.373575309392,0.138599069855504,0.317438076866645,-0.171883084758765
0.0665679266697157,0.466472788569409,0.0188773607994696,-0.109786548967061,0.0332840994179616,0.192252920858246,0.218580423611846,-0.387981804048155,0.152011883046372,0.329857406924585,-0.187283014335118
0.0904131540225961,0.473427654414417,0.0233483146743895,-0.0909092237655304,0.0457035394763887,0.193246476005385,0.179832075868673,-0.383510822947048,0.155986049918661,0.330354180126823,-0.213611926181241
0.0452065771656456,0.4505759523585,0.00794836244174424,-0.0978640277869739,0.0491809826927482,0.16542693191739,0.207651402478086,-0.37605918777892,0.110283130925236,0.307502612828397,-0.194237821231182
0.0387484947610874,0.444614638781206,-0.00298063591577519,-0.0834576480234334,0.0486842050900526,0.149530049563488,0.228019123727421,-0.389968906768914,0.109786360066327,0.29359296317439,-0.195728136996164
0.0352710657748431,0.449582400096245,0.000496772651857602,-0.0933930823390401,0.0541487587220716,0.126181503631274,0.229509444794898,-0.387981804056416,0.101341255468583,0.275709127907798,-0.172379856675091
0.0367613924830272,0.452563056886524,-0.0124193163130627,-0.0963737126351304,0.0457035394780744,0.108794288565579,0.258322318751408,-0.384504374310036,0.107302505774254,0.283657499139292,-0.161947646317667
0.044213026025569,0.472930878276257,-0.00894190774584147,-0.0928963106243654,0.0362647650257213,0.09240062865265,0.246896523905166,-0.379039841849189,0.100844484612848,0.278192993917568,-0.148038032510868
0.0640840488160976,0.49578258033939,-0.00645804448405507,-0.0859415065980794,0.0233485473613836,0.0904135183592,0.260309413500983,-0.401891523047624,0.117237922957242,0.29458650959144,-0.153502523647957
0.0884260517087342,0.522608491432699,2.91988655476416e-14,-0.0685544965490099,0.0213614369493817,0.0804779668987872,0.287135192703353,-0.412820587970021,0.134128132145109,0.29607682919602,-0.137109050227026
0.116245483606119,0.534034342458372,-0.0104322257093517,-0.0491803996193646,0.0218582145520296,0.0884264080732513,0.280677134749812,-0.403381850085776,0.131147506990674,0.31346389127114,-0.14555417289283
0.117735810314804,0.537511775380181,-0.00397418122870685,-0.0476900844714492,-0.0069548864081318,0.0839554099153661,0.288128740083494,-0.409839933900647,0.124192714966883,0.307005839642039,-0.117734945276031
0.0988583386623076,0.524595595952105,0.00397418121265503,-0.0640835510928119,-0.0327873217380508,0.0919038510909909,0.321909350941179,-0.422259325850724,0.117734693799019,0.308992932450861,-0.0859415422945471
0.0581227418643413,0.476905087242379,0.0188773607928546,-0.126180015677316,-0.0427228737863461,0.062097196674937,0.373573814530304,-0.419775447461987,0.0943864634041033,0.265276890584855,-0.032290174797226
0.0635872731298449,0.47640831111087,0.0332837677171838,-0.123696157098445,-0.0546455362546278,0.0899167407873025,0.363141567064012,-0.444117455718601,0.095380005121909,0.287134911465085,-0.0412320693884686
0.0849486226091689,0.497769684753625,0.0367611762840964,-0.129657417690181,-0.0531552034461464,0.0983619595313834,0.39145766732263,-0.440640025972222,0.0998509428505624,0.296076829100516,-0.0625932620220273
0.0581227418483233,0.508201983516636,0.0491804925967034,-0.144063797460887,-0.0536519810488421,0.0844521874696879,0.386986704125505,-0.45554329631826,0.0849478170831139,0.293096189889101,-0.0725287004575983
0.0407355969122861,0.497769684758237,0.0342773130178268,-0.144063797460887,-0.04868420502075,0.0874328529092415,0.411825388564602,-0.46200138013579,0.0809736502135388,0.287631684665782,-0.0849479984991144
0.0278194321002312,0.481872848542748,0.0208644513998144,-0.143567025744816,-0.0625939778990733,0.0625939742271238,0.414309257007176,-0.446104558429667,0.0620963575733892,0.277696220622725,-0.0824641388912396
-0.0258323294087253,0.455046937449439,0.0243418599671387,-0.161450807509796,-0.0561358690607664,0.0551423106290946,0.422754409710759,-0.451569090893187,0.0372578146452093,0.262296251369671,-0.0680577531641156
-0.00198710209263675,0.470446997518768,0.0362644036344733,-0.147044427753778,-0.0625939778961206,0.0740198584078161,0.411328614864201,-0.486343388384284,0.0561351072825963,0.284154272241204,-0.098857612315713
-0.0203677981726031,0.452066280640546,0.0283160411964039,-0.150521829765753,-0.0596133122776875,0.0640843069428443,0.421760862326175,-0.484356285671785,0.0541480238467912,0.298560695103064,-0.103328559609759
0.0322904121910486,0.487337385985124,0.0372579489384385,-0.108296233950146,-0.0536519810448375,0.0685553051029675,0.386986704089364,-0.49329824788079,0.109289589137268,0.344760602848747,-0.148534804482832
0.115251932429332,0.565331238720739,0.0352708583285096,-0.0412320522072206,-0.0581229794681302,0.111774953994075,0.353702866986439,-0.512175723643205,0.156979591617532,0.403876613984148,-0.189766873940958
0.154497202392107,0.597621687247087,0.0481869472846405,-0.00745157556523317,-0.0457035393971528,0.102832957675787,0.338799656309818,-0.487833715386591,0.179334280255348,0.428715274044355,-0.212121610429189
0.105813196575536,0.539498879848274,0.0566320823727157,-0.0263289007841324,-0.056135869058782,0.0963748492247008,0.342773845816235,-0.494291799201794,0.160953758475718,0.404870160340384,-0.169399225175276
0.0854453982009379,0.513169744866093,0.0422256754492391,-0.0129160644455557,-0.0367615425625084,0.0988587370934566,0.356186735404279,-0.483859509958359,0.166418237925049,0.397418562309772,-0.149031576385431
0.104819645414613,0.506214879024598,0.0601094909423036,-0.0168902381721936,-0.0367615425625084,0.109291066128957,0.348735130076148,-0.483362734280011,0.156482820747719,0.409837892360464,-0.155489611368785
0.134129404017017,0.53204723786933,0.070044943993712,-0.00695480385337521,-0.0283163233138373,0.124194393341336,0.327870635147882,-0.491311145131435,0.182811676267322,0.421263676009525,-0.170889540940487
0.139593935287061,0.524595595893555,0.0720320346032882,-0.0104322058650914,-0.0218582144775507,0.112768509153163,0.329360956212809,-0.478394977492883,0.175360113382962,0.433186232851706,-0.167412137490012
0.1063099721521,0.477898639523334,0.0765029884763558,-0.0238450421893262,-0.0163936608475039,0.0879296304938424,0.33830288261508,-0.441136801611962,0.156979591604677,0.411824985182081,-0.153999295598037
0.114755156839161,0.48087929631537,0.061103036241888,-0.0134128361552154,-0.00546455358359743,0.0740198584359191,0.336812561549453,-0.439646474577723,0.176850425954006,0.394437923106039,-0.158470242892662
0.0740195601524209,0.470446997556971,0.0501740378898656,-0.0367611067716393,-0.00645810878895298,0.0675617499821384,0.356186735432536,-0.432194839403266,0.144063549312794,0.365128304226833,-0.146050944844715
0.0779937647078538,0.46597601237527,0.0615998088937453,-0.0228514987346318,-0.012419440021516,0.0541487555070844,0.342773845836349,-0.44113680161296,0.141082924161049,0.38003150028193,-0.158967014805572
0.032290412340265,0.413814518579979,0.0402385848455413,-0.0705415834222733,-0.0154001056378692,0.0496777573466815,0.373077040865848,-0.417291569064823,0.12170886067636,0.331347726532935,-0.128663927569456
0.0188774719456448,0.430704907069604,0.0228515420125214,-0.0620964642431921,-0.00298066556509868,0.0457035367605272,0.387483477819255,-0.397420541948026,0.101838026301344,0.319425169669562,-0.133631646782314
0.0377549436104664,0.423253265088181,0.0268257232340256,-0.0665674096883836,-0.0129162176121988,0.0571294209534668,0.370096398721724,-0.402388298729911,0.0958767759929108,0.327870314104032,-0.149528348275798
0.0422259237345763,0.438156549031731,0.00645804447652876,-0.0471933127784902,-0.0193743264489517,0.0491809797839763,0.353206093299874,-0.396923766268923,0.121212089785524,0.322405808882743,-0.143070313292444
0.0620969464964115,0.445608191000919,0.0129160889567914,-0.016890238136609,-0.0188775488461963,0.0481874246367745,0.33432869310584,-0.386988252705154,0.119721777209852,0.334825138928163,-0.159960558637043
0.0904131539675933,0.438156549022791,0.015399952218431,-0.0178837815686391,-0.0283163232999121,0.0630907518376514,0.319922256139712,-0.37456886075316,0.134624902975846,0.318928396470236,-0.185792698563213
0.0447098015312916,0.415304846935601,0.019374133437936,-0.0298063027532966,-0.00596133119205411,0.0422260937438024,0.329360956226178,-0.368607552618888,0.128663652665814,0.274715581448718,-0.141579997548759
0.0437162503917849,0.427724250231697,0.0273224958832964,-0.0397417370713738,-0.00496777598653131,0.0566326433750727,0.335819014176333,-0.354697833638204,0.114257297764483,0.276702674258226,-0.145057401000535
0.0760066624049953,0.440640429646178,0.0243418599678738,-0.0129160644505825,-0.0104323296168409,0.0770005238772026,0.309986782327588,-0.35718171202937,0.117734693774386,0.284154272282711,-0.166418593645766
0.0466969037938938,0.400401562972756,0.0233483146634973,-0.0412320522504141,0.00745166407568448,0.0611036415266164,0.314457745527427,-0.332342928123782,0.0968703176999575,0.253851106958218,-0.173373400549765
0.0466969037938938,0.415304846926032,0.0417289027996298,-0.018380553323382,0.0163936609234532,0.0551423106447735,0.298064213796492,-0.329362274057337,0.078489795915397,0.230999539644636,-0.156979927138027
0.0904131539425717,0.437659772849593,0.0322902223970213,-0.00347740183959531,0.0273227681813113,0.0521616452047225,0.264283602991015,-0.349233301174134,0.110283130906117,0.251864014150556,-0.183308838978094
0.0864389493827361,0.435672668320816,0.0332837677022503,-0.00248385840724402,0.0298066561935345,0.042226093732912,0.24938039232262,-0.334330030832316,0.110283130906117,0.249876921342788,-0.17983143552577
0.0695485800208107,0.422259712772044,0.0526579011550766,-0.0124192927176631,0.0501745379025862,0.0506713124754077,0.26428360298978,-0.323400965914983,0.0899155257027741,0.229012446846832,-0.171883084778686
0.0462001282740381,0.403878995910459,0.0317934497483534,-0.0198708684450122,0.0511680931080612,0.0486842021808796,0.276206171535684,-0.331846152443861,0.0889219839855985,0.235470498467196,-0.159463786730384
0.011922613962749,0.433188787677523,0.0382514942268964,-0.0332837047822547,0.0730263076258812,0.0462003143147145,0.265773924070255,-0.321413863210362,0.0765027125146936,0.235470498467196,-0.14207676947026
0.0417291481697727,0.473427654381443,0.0223547693432317,-0.029309531053245,0.0556390915440834,0.0616004191000366,0.265277150381617,-0.329859049734457,0.0909090674276196,0.247889828539964,-0.178341119736371
0.0466969038669135,0.471440549854507,0.0153999522037473,-0.016393466440708,0.0630907555839803,0.0710391929916613,0.25583845029984,-0.329859049734457,0.0909090674276196,0.257328519382246,-0.163437962088372
0.0139097162839448,0.427227474137158,0.0149031795511256,-0.0422255956304574,0.0824650820849154,0.0412325385923942,0.280677134770473,-0.321910638883851,0.0819671919723844,0.230502766480223,-0.131147787164641
0.0337807390748668,0.459021146576168,0.00546449915661607,-0.00596126038525487,0.0710391972275889,0.0546455330764006,0.279683587392827,-0.339297787614405,0.100347713753358,0.25732851939292,-0.122205892574042
0.00894196057933438,0.435672668378524,-0.0233483146873538,-0.02980630274449,0.0675617540094724,0.0640843069719626,0.28614164534922,-0.358175263376335,0.117734693820259,0.296573602370807,-0.138102594064099
0.0114258384264062,0.449085623922497,-0.000496772669114076,-0.0317933896083525,0.054645536340473,0.0715359705713909,0.290612608547702,-0.368607552620844,0.144560320180076,0.322405808869736,-0.150025120186955
0.0208645742549886,0.47392443052018,0.00794836242295888,-0.00645803210009017,0.0466970947003068,0.0899167407909815,0.28465132427689,-0.365130122876076,0.159960216806628,0.312967118029958,-0.137605822145795
-0.0044709798092013,0.462001803359316,-0.00347740858497764,-0.0208644118589737,0.0432196514831106,0.0735230808763426,0.287135192720216,-0.355194609320234,0.153005424781309,0.307502612800985,-0.12717361179302
-0.0874325000212192,0.41232419014826,-0.00248386327930766,-0.0765028440443596,0.0486842051123684,0.0710391930079496,0.296077119124462,-0.332342928132976,0.126179798399247,0.260805931803569,-0.0958769807310965
-0.0680582527960457,0.405369324308522,-0.00844513510556683,-0.0834576480746236,0.0437164290876231,0.0854457426281021,0.319922256179415,-0.347742974146314,0.11177344348351,0.24292209652227,-0.0834576826935077
-0.0695485795055566,0.410833861756849,0.00794836243046987,-0.0700448117450525,0.0293098786087558,0.104323290415879,0.301044856001011,-0.359168814743619,0.12071531894158,0.266767210238892,-0.0625932619878095
-0.0844518465999273,0.417291951468779,0.0491804925724669,-0.0819673329255594,0.0124194401144618,0.0819682996138648,0.301044856001011,-0.375065636436648,0.121212089800416,0.264283344228227,-0.0561352270090061
-0.101342215977558,0.425240369581376,0.0422256754342172,-0.0844511915032568,0.0144065505237862,0.0874328529231897,0.299057761244622,-0.382020495930749,0.104818651455623,0.250373694560197,-0.0531545954791065
-0.0943873580044498,0.433188787684436,0.0317934497288492,-0.107302690417221,0.0129162177158427,0.0993555146804097,0.313464198215124,-0.369601103978755,0.102334797161866,0.222057622040112,-0.064580349678616
-0.087432500023224,0.460511474934697,0.0536514464425948,-0.0933930823708748,0.0129162177158427,0.105813623133113,0.313960971903982,-0.354697833638855,0.0953800051368868,0.203677013567039,-0.0720319285045969
-0.117735809774284,0.422259712807683,0.0457030840049957,-0.103825288409396,0.00397422086334048,0.0874328529169728,0.326877087804471,-0.331349376766101,0.0615995867520901,0.179335126674786,-0.0402385255194556
-0.142574588278171,0.401891891399513,0.0392450395232046,-0.137605765094219,0.00993555209375191,0.0750134135809658,0.33979320372207,-0.340788114646215,0.0501738569980215,0.15996097177823,-0.0407352974410161
-0.135122954727226,0.411827414033984,0.0278192685074919,-0.13263804793481,0.00149033284955136,0.0770005238742504,0.335819014212583,-0.353207506591816,0.0640834410462834,0.183806085492955,-0.0486836481857016
-0.065574374890192,0.472434102137437,0.0293095864658867,-0.0894189086345143,0.00794844168226411,0.0899167407870654,0.316941614020633,-0.376059187779074,0.0765027125238523,0.219573756054605,-0.0769996477166965
-0.0496775566653167,0.482369624765007,0.0203676787225294,-0.042722367334905,-0.000993555165289539,0.0799811893258236,0.295083571721466,-0.375065636423004,0.113263756081766,0.224541488078901,-0.0938898930489094
-0.0347742895741893,0.487337386080569,0.0153999521981481,-0.0362643350312861,0.00347744326026239,0.0635875294057139,0.298064213856214,-0.374072085066448,0.11475406865773,0.234476952118532,-0.139096137927182
-0.0471936788262555,0.475911535050566,0.00198709059680263,-0.0437159107727162,0.0178839937415562,0.0829618547686723,0.296077119101525,-0.358175263373419,0.10233479718319,0.230005993298504,-0.146547716748985
-0.0208645736248979,0.483859953160486,0.0114257709980147,-0.0541481168024172,0.0049677760775293,0.0804779669009529,0.281173908421613,-0.344265544387723,0.106308964055867,0.265773663852563,-0.158967014791931
-0.0392452697008645,0.46051147497513,0.0303031317934567,-0.0461997693511177,-0.0168904384513359,0.0879296304961848,0.265277150384539,-0.338304236253604,0.0894187548502865,0.260309158624459,-0.157973470948345
-0.0243420026047246,0.44411786262877,0.0149031795662797,-0.0501739430776568,-0.0104323296181569,0.0809747444701242,0.261302960873297,-0.353704282271699,0.0983606303105377,0.28316072591258,-0.153502523652563
-0.0049677553826174,0.463492131765786,0.0163934975236162,-0.0303030744375492,-0.0183807712680773,0.112271731586417,0.237954597507955,-0.353207506593862,0.111773443499442,0.291109097146182,-0.164431505925406
0.00844518501253366,0.462498579501523,0.02235476935305,-0.0089418906449185,-0.0104323296302059,0.0924006286353344,0.244909429152054,-0.343768768713748,0.0983606303017045,0.316444530468414,-0.157476699024206
0.0466969038725728,0.464485684027915,0.0392450395474415,0.00198708710143364,-0.0109291072329136,0.0958780716481831,0.255838450301034,-0.348736525494226,0.0923993799964698,0.320418716084583,-0.166418593614162
0.0422259237459863,0.457530818187884,0.0382514942418597,0.00894189111803526,-0.0288131009284511,0.0958780716481831,0.247890071266921,-0.338304236253208,0.0899155257015619,0.330850953318862,-0.148534804433993
0.0521614351314238,0.447595295560315,0.0372579489367482,-0.00397417348583065,-0.0253356577094978,0.0909102959160083,0.234477181661109,-0.344265544390395,0.0645802119052409,0.333334819330516,-0.146547716747422
0.0506711084227091,0.448092071691813,0.0516643558534048,0.00546448910801146,-0.0283163233264249,0.0919038510630028,0.222554613119154,-0.333336479471655,0.0690511496324767,0.34078641735678,-0.130651015245023
0.0645808243846105,0.452066280746355,0.0382514942413451,0.0307998466175338,-0.0466970946319137,0.0904135183433349,0.212122365653438,-0.327871947017701,0.0765027125181093,0.347244468985367,-0.151018664032818
0.0581227419792857,0.450575952350949,0.0357676309783828,0.0337804769122899,-0.0337808769678867,0.0844521874597512,0.217090102548113,-0.316446106429807,0.079483337672108,0.331844499727411,-0.144063857128218
0.0680582533733707,0.456040489800656,0.0347740856738887,0.0238450425976713,-0.0134129952470726,0.0466970918865585,0.220567518369922,-0.318433209140975,0.0809736502496345,0.317934850048678,-0.128663927556295
0.0660711510943965,0.463492131777686,0.0362644036319748,0.0412320526454438,-0.00645810881360059,0.0561358657785768,0.197715928663247,-0.310981573969395,0.101838026308288,0.309986478821191,-0.136115506382919
0.0606066198281362,0.443621086508743,0.0273224958859717,0.0273224445994438,0.00645810886596582,0.0278195441037026,0.203677212929617,-0.320420311850481,0.110779901762651,0.30005101477866,-0.146050944815774
0.191258594413591,0.522111715256638,0.00546449916769876,0.105812375548343,-0.0193743264683038,0.075510191158447,0.11376117503795,-0.352710730933147,0.190263239101821,0.389470190936131,-0.219573189270722
0.192748921121245,0.540492432117836,0.0104322256922272,0.107799462410674,-0.0178839936602168,0.0804779668902076,0.095877322245254,-0.341284890339959,0.177843967626978,0.386489551724083,-0.223547364644779
0.186787614284558,0.520621386849311,0.0139096342615064,0.0864382786376961,-0.00347744318204274,0.0760069687288721,0.09687086962471,-0.325388068650204,0.195230947684972,0.375063768086236,-0.244411785355877
0.172381122774391,0.511182640349246,0.0084451350823424,0.101838201818271,-0.00298066557938292,0.090413518349325,0.109290211852657,-0.306510592888761,0.2111276151687,0.378541180501998,-0.245902101120794
0.13760683287927,0.486840609893509,0.000496772647094912,0.0869350503522722,0.00447099846212762,0.0899167407758329,0.109290211852657,-0.293594425265502,0.201688968854496,0.348238015176702,-0.240437609981034
0.158471406807674,0.488827714420529,0.00397418121421328,0.071535127164039,0.0124194401097526,0.0968716268001525,0.105316022340317,-0.300549284752622,0.208643760878626,0.353205747197176,-0.230998943468124
0.16542626478257,0.503234222238845,0.0134128616115153,0.0789867028989839,0.000993555253525735,0.109787843712698,0.0854450747533892,-0.315949330763977,0.22702428265198,0.364631530841388,-0.245405329200633
0.188774716543197,0.514660073265961,0.0198709060896763,0.0745157574557935,-0.000496777554633121,0.137110610251913,0.0665676745697761,-0.308497695598151,0.263288555338178,0.389470190974733,-0.262792346459757
0.163439162472491,0.501247117705613,0.00298063589028685,0.061599692850322,-0.00447099837347309,0.129162169079936,0.0725289588438798,-0.302039611785109,0.235469387255224,0.369102489688896,-0.260805258772501
0.18231663411453,0.510685864210447,0.0183805881165525,0.0943866260861182,-0.0054645535793067,0.150523604732521,0.0546451060388451,-0.295084752293335,0.222056574072208,0.379534726933415,-0.273721328739485
0.0437162504068878,0.423750041214628,0.0367611762679128,0.0218579557264349,0.0144065505268461,0.116742729745276,0.136115991219471,-0.25732980075587,0.145553861888854,0.261799478237079,-0.20119262812748
0.0253355543396475,0.399408010773751,0.0293095864805691,0.0129160648443898,0.0144065505268462,0.11872984003769,0.12717406481646,-0.25633624940026,0.160953758516533,0.240935003739462,-0.214108698096323
0.0904131538968885,0.432692011589072,0.0223547693412904,0.0611029212301562,-0.012419440026788,0.14009127568983,0.104322475075092,-0.272729846768031,0.183308447140719,0.252857560578797,-0.244908557264309
0.123200341459753,0.445111414877847,0.0268257232152841,0.0645803232370306,-0.0129162176294478,0.13711061025183,0.0859418485746872,-0.292104098207657,0.196721260320464,0.271734942253094,-0.254347223776948
0.165426264897564,0.459021146569914,0.0129160889445469,0.068554496962384,-0.0134129952321315,0.127175058779812,0.0784902432319547,-0.291607322530012,0.203676052341881,0.29657360235942,-0.265772977979251
0.120219688030775,0.446104967141294,0.0114257709872988,0.0606061495057481,-0.0154001056437509,0.107303955847797,0.0968708697191697,-0.273723398139625,0.190760010009463,0.265276890608429,-0.248882732646795
0.0616001707534798,0.384007950620282,-0.00248386328426159,0.0173870102043779,-0.0213614368755968,0.0864392977548179,0.142077275447613,-0.244910408838067,0.148037716132355,0.202186693877263,-0.218579645423315
0.0486840059524115,0.384007950620282,-0.0327869950879199,0.0238450425108872,-0.0178839936567271,0.086936075327968,0.142077275447613,-0.258820127816603,0.139095840681482,0.202683467079594,-0.206657119301829
0.0799808668595688,0.381524069960121,-0.0183805881520807,0.028812759667826,-0.0228517696813529,0.0765037462857222,0.137109538552663,-0.254349146716532,0.165424696189527,0.208644745507009,-0.209140978910918
0.0834582958447126,0.377549860905915,-0.0278192685471484,1.60446614327903e-10,-0.0203678816668585,0.0596133087945657,0.148038559713407,-0.238452325030459,0.170889175635525,0.191754456632019,-0.186289470511078
0.133135852817105,0.419775832115309,-0.0541482191485731,0.00993543447185379,-0.0228517696790816,0.0844521874663206,0.114754722519543,-0.255839473755643,0.204172823179174,0.228018900402168,-0.209140978906649
0.130651974969149,0.413317742402291,-0.0541482191485731,-0.0129160644671112,-0.0238453248844609,0.0829618547470256,0.143567596468897,-0.259316903500501,0.206159906614156,0.235967271642096,-0.169895997093198
0.0725292333879048,0.398414458460936,-0.0461998567039184,-0.0501739431057102,-0.00794844158921076,0.0755101911496181,0.187780454855304,-0.256833025110549,0.188772926575242,0.217089889976312,-0.159960558648911
0.0606066197336335,0.379536965459414,-0.0437159934411032,-0.0765028440299575,-0.00844521919188262,0.0784908565876178,0.202186891843699,-0.245407184515597,0.168405321372892,0.203677013525478,-0.154992839431411
0.0392452702386749,0.36364012923924,-0.0476901746634305,-0.066070638004666,-0.00496777597334769,0.0784908565876178,0.199703023395435,-0.252858819681615,0.171385946524201,0.191754456678554,-0.15201220790001
0.10134221646338,0.400898339110273,-0.0461998567061824,-0.0367611067739901,-0.0109291072093533,0.106310400687798,0.172877244191585,-0.291110546870128,0.219075948941656,0.232489859264816,-0.193741049324608
0.161948836018863,0.440640429702548,-0.0258321779553146,-0.00248385835488729,-0.00546455358009545,0.127671836354196,0.125186970013233,-0.308497695581438,0.257327305091636,0.298560695206369,-0.220069961173003
0.163439162727018,0.435175892255487,-0.00397418123898186,0.00397417394953445,-0.0183807712531351,0.118729840035908,0.137606312241523,-0.308000919903461,0.25484345079903,0.315450984077774,-0.226031224233232
0.177348878673233,0.442130758103278,0.00447095385558988,0.017883781982392,-0.0168904384456219,0.124194393344321,0.139593406999667,-0.314955779392908,0.24838542963983,0.347741242193299,-0.237953750359346
0.152510100197357,0.445111414893996,0.00397418120307075,0.0258321294368538,-0.0243421024900015,0.14704616171185,0.145554691266367,-0.342775217352128,0.243914491911394,0.353702520621506,-0.235966662673117
0.149529446781784,0.430704907078106,0.0278192685419741,0.0258321294368537,-0.0312969889258163,0.13462672237921,0.143070822816595,-0.343768768708326,0.243417721052934,0.360657345446111,-0.243418241501027
0.245903907102365,0.517640729989758,0.0307999044573085,0.114754266465373,-0.0665681987477626,0.175859260911977,0.0769999221402084,-0.361155917442013,0.312468870298143,0.433683006055083,-0.323895292862719
0.239942600265914,0.490814818871602,0.0596127182876385,0.10879300587675,-0.0606068675151996,0.16542693187169,0.066567674665566,-0.359665590408196,0.290114181654876,0.428218500832488,-0.30452118790458
0.240439375834955,0.531550461645496,0.0611030362451515,0.130650961363476,-0.0779940836162414,0.17436892818345,0.074019279999866,-0.353207506596649,0.3035269948392,0.435173325660046,-0.306011503669755
0.254349091787224,0.529066580985127,0.0635868995092163,0.138599308807661,-0.0794844164241133,0.187285145096265,0.0615999377534081,-0.356188160663862,0.3035269948392,0.457031346540276,-0.306508275591638
0.247394233817694,0.505221326674442,0.0556385370690303,0.128167102781332,-0.0586197571056242,0.180330259074266,0.0849483011367928,-0.338801011932413,0.273223972482709,0.424244315197316,-0.275211644518465
0.235968395715965,0.50174389375029,0.0357676309709167,0.131644504791579,-0.0730263075858781,0.17337537304545,0.102832153968483,-0.344762320065611,0.2687530347546,0.417289490372342,-0.269747153378469
0.215103821793752,0.499756789223773,0.0402385848412065,0.127173559350278,-0.0730263075858781,0.182317369363738,0.103825701346376,-0.341284890320126,0.273223972481073,0.398412108691535,-0.270740697221941
0.200697330277887,0.483363176864988,0.0392450395361832,0.110780092739106,-0.0829618596379983,0.17436892818745,0.111277306687463,-0.334330030830679,0.250869283837261,0.355689613326787,-0.251366592269095
0.227523211030772,0.512176192489185,0.0293095864827169,0.123199385630372,-0.0745166403879048,0.169897930030311,0.0735225062983531,-0.342278441683536,0.276701368476898,0.379534727020636,-0.285147082950522
0.205168310402704,0.487834162021663,0.0278192685250275,0.116741353328519,-0.0715359747722688,0.161452711280417,0.0889224906814104,-0.335323582191225,0.248385429524616,0.342276736858676,-0.265772978001299
0.154000426876476,0.430704907001504,0.0183805881246533,0.0541481172491248,-0.0481874274186043,0.132142834499399,0.132638575366619,-0.318433209135426,0.190760010026788,0.278689767092737,-0.20864420695363
0.158968182573617,0.45802759425119,-0.012916088969227,0.0615996929846255,-0.0312969889356893,0.137110610233439,0.120716006816766,-0.325388068627558,0.205166364933037,0.271238169059357,-0.200695856204716
0.142077813220712,0.432692011558619,-0.00198709061817476,0.0422255960771406,-0.0312969889356893,0.136117055087854,0.113264401482466,-0.336813909218687,0.195727718619063,0.278192993884331,-0.201689400048201
0.127671321698576,0.451569504570871,-0.0223547693943552,0.018380553735099,-0.0183807712710409,0.131646056926518,0.12220632790078,-0.341781665998398,0.194237406043463,0.257825292610381,-0.200695856204444
0.112768054614524,0.443621086461955,-0.0139096343017825,-0.00496771691499535,-0.0293098785304767,0.113265286715745,0.11127730674637,-0.343768768709771,0.199701885488129,0.262296251433256,-0.20317971581239
0.144561691058615,0.450575952309746,-0.00596127185971501,0.0273224445798179,-0.0104323296273603,0.127175058771348,0.0789870168984484,-0.34923330116682,0.212121156952673,0.268257529854821,-0.224540908455471
0.164432713842068,0.460511474940661,-0.0178838155164664,0.0288127597270292,-0.010929107230331,0.134129944794362,0.0695483168062511,-0.349730076844708,0.2091405318018,0.267263983450041,-0.217586101551771
0.153006875737401,0.460511474940661,-0.0134128616443246,0.0193740971266161,0.00645810885774178,0.13114927935257,0.0546451061209916,-0.341781666002694,0.226527511860219,0.270741395867094,-0.218579645395242
0.154000426875846,0.445111414870035,0.0089419077177067,0.0114257496770951,0.00198711043165201,0.144065496248682,0.078987016907251,-0.342775217359532,0.209140531817913,0.249380148184438,-0.213115154253359
0.192252145716212,0.478892191838617,-0.0044709539074495,0.0476900848835284,0.00198711043165201,0.159465601025652,0.0620967114541664,-0.341781666003692,0.237456470770195,0.309489705609061,-0.247392416863225
0.161948836005911,0.46647278855507,0.0158967248446235,0.0288127596782427,0.00447099844644516,0.159962378598512,0.0710386378539689,-0.331846152448362,0.218082407281726,0.302038107575483,-0.232986031135686
0.146052017771601,0.445111414889832,0.0139096342335185,0.0362643354109645,-0.0039742207932853,0.163936599184998,0.0625934851263776,-0.316942882111147,0.206159906670384,0.322405808859698,-0.229011855761916
0.119722912581182,0.412324190188483,0.00496772649227772,0.0337804768317231,0.0129162177050729,0.133633167224735,0.051167690274459,-0.307504144231033,0.21162438611585,0.281173633073899,-0.210631294662056
0.113264830172025,0.396924130100676,0.03775472158327,0.0442126828598678,0.0233485473513908,0.136613832665719,0.0596128429987865,-0.28912344415249,0.21162438611585,0.267263983410666,-0.179831435519757
0.0983615630791279,0.385498279064419,0.0332837677112607,0.0392449656967526,0.0163936609105556,0.136117055092258,0.0695483167757968,-0.291607322541994,0.187282614032876,0.25434788014167,-0.166915365560387
0.0630904976465226,0.390962816514816,0.0283160411854095,0.0124192930739606,0.0213614369348229,0.137110610238776,0.0819676590318542,-0.282168584662608,0.194237406049714,0.251864014132915,-0.136115506404803
0.0745163357398885,0.391459592646252,0.0317934497528365,0.0208644122393916,0.0243421025524671,0.145555828978277,0.0769999221392356,-0.289123444154382,0.186289072311921,0.264780117390945,-0.140586453699878
0.0809744181475131,0.415801623114287,0.0163934975215586,0.0402385091512119,0.0293098785749416,0.163439821623433,0.0596128429908348,-0.294587976607915,0.184301988877424,0.29458650951063,-0.141579997543378
0.0576259663836531,0.395433801715121,0.0109289983469217,0.0377546505725882,0.0223549921324329,0.141581608410525,0.057625748234007,-0.2657749872804,0.173869800844917,0.293096189903953,-0.112767226082294
0.0233484521008429,0.379040189368761,0.0288128138447487,0.0248385859860617,0.0178839937088175,0.140091275690608,0.0625934851336187,-0.252858819659136,0.153998966496557,0.24788982855301,-0.0904124895937419
0.0198710231153553,0.383511174551591,0.0253354052790707,0.0571287475105798,0.0054645536318631,0.12618150364661,0.0432193112617651,-0.265278211604098,0.154495737355466,0.262793024617201,-0.0894189457506847
0.0566324152669252,0.396924130111092,0.0377547215946177,0.0710383555375584,-0.00695488643283892,0.126678281219874,0.0357677059105991,-0.27322662244918,0.183805218012506,0.291109097097477,-0.105812419170438
0.0571291908368113,0.404375772092672,0.0372579489421869,0.074018985832611,-0.00894199684369335,0.115749174601795,0.0556386534744913,-0.267762089994381,0.161947300221847,0.298560695137777,-0.110283366464099
0.117239034734761,0.424743593496983,0.0382514942469751,0.0938898544425805,-0.038748652990014,0.130155724227956,-0.00496773675263937,-0.266271762961753,0.18032782197996,0.332341272873419,-0.165921821708899
0.125187443852073,0.435672668401344,0.0372579489419225,0.103825288767576,-0.037755097784037,0.143568718707766,-0.0104322473293164,-0.252858819662231,0.176353655106508,0.353205747380446,-0.167908909394642
0.130155199549804,0.417788727649883,0.0397418122050318,0.117238125083473,-0.0521616482577049,0.142078385987974,-0.0228515895853739,-0.243420081787461,0.138599069843704,0.353205747380446,-0.187283014344145
0.1326390773955,0.423750041226299,0.0278192685422831,0.117238125083473,-0.0546455362723784,0.140091275696596,-0.0238451369640619,-0.220568400609614,0.145553861864442,0.348734788561367,-0.188773330109299
0.14207781321904,0.411330637929419,0.0357676309859968,0.105315603909192,-0.0700456419459395,0.13363316724295,-0.0149032105427863,-0.210136111381485,0.135618444689051,0.32737354088041,-0.201689400077398
0.156484304735476,0.429214578671091,0.0312966771145166,0.11227040792856,-0.0680585315335551,0.153007492591765,-0.00844515258389736,-0.21112966273689,0.13810229898299,0.348734788564767,-0.210631294666197
0.133632628520943,0.42623392187962,0.0139096342696641,0.0849479635833987,-0.0645810883151039,0.148536494431455,-0.0129161157934861,-0.203181251897332,0.141082924136479,0.353702520586691,-0.220566733103768
0.0953809096487956,0.391956368789611,0.0104322257032658,0.0586190626519506,-0.0372583201556662,0.135620277526184,0.00794837914456945,-0.185297327499119,0.126179798363942,0.331347726485957,-0.207650663146625
0.0670647021854559,0.382020846153675,0.00596127183072714,0.043715911194103,-0.0397422081695029,0.135620277526184,0.00347741593238879,-0.171884384199942,0.0919026091167834,0.305515520014435,-0.210631294678324
0.0779937647204629,0.392453144923933,-0.000496772652210709,0.0233482708357135,-0.0561358690663489,0.147046161717694,1.10291137334073e-10,-0.159464992262972,0.0854445879468725,0.307005839622139,-0.196224908956378
0.00149032700719054,0.363640129273654,-0.0188773608003078,0.000496771932544188,-0.0481874274231228,0.119723395177908,0.0640838061639342,-0.156981113875514,0.0317933352010661,0.280676859921657,-0.15499283943601
0.0168903696648235,0.358672367954118,-0.0198709061054193,0.00794834767304774,-0.0462003170113122,0.125187948482332,0.0546451060730395,-0.154000459810219,0.0293094809047647,0.283657499135048,-0.146050944851067
0.0322904123215424,0.381027293891326,-0.00645804449097848,0.00496771738140414,-0.0511680930390456,0.107800733411197,0.0710386378492251,-0.145555273294601,0.0213611471563093,0.27918654031846,-0.142076769475923
0.0198710230906056,0.375562756446335,0.00347740856189993,0.0153999234043613,-0.0526584258479932,0.101342624963074,0.0789870168771949,-0.16940050582862,0.0163934385703099,0.292599416772495,-0.14803803253718
0.00596130713888676,0.376556308710326,-0.00347740857614381,0.0422255960364904,-0.0586197570795521,0.095878071654775,0.0804773379469756,-0.179832795056749,0.0124192716987964,0.306012293226175,-0.133631646803842
-0.00397420425087425,0.380530517762191,0.00397418120899512,0.0347740203013602,-0.07153597476347,0.097368404373262,0.0943870012351734,-0.183807000478881,0.0054644796750047,0.293096189978081,-0.125186524136583
0.009935511708275,0.39145959266241,0.0303031317956175,0.035767563732748,-0.0640843107259038,0.102832957680193,0.101838606583871,-0.170890832871579,0.00397416709831451,0.307999386035946,-0.116741401464465
0.0625937220885937,0.437659772902492,0.0263289505759949,0.0611029212334507,-0.0779940836025536,0.117239507304853,0.0784902431991978,-0.18827798159184,0.0203676054475062,0.326379994520722,-0.123199436442432
0.0591162930996664,0.422756488940744,0.0312966771009642,0.0675609535332161,-0.0645810883313845,0.121213727890593,0.0998515118695918,-0.191755411335176,0.0437158358105299,0.312967118069533,-0.0923995772939347
0.0755098868932584,0.433685563837973,0.0511675831943744,0.0938898544803767,-0.0635875331251443,0.127175058770943,0.0963740960468225,-0.20765223301593,0.0620963575964353,0.336315458574745,-0.113263997996633
0.076006662463577,0.438156549027391,0.0740191252132903,0.0943866261959409,-0.0660714211383239,0.135620277522951,0.0973676434257028,-0.190761859989693,0.0690511496270123,0.324392901717066,-0.113760769918271
0.0546453129681958,0.446104967138148,0.0829610329571769,0.0814705615773016,-0.0695488643591179,0.128665391498922,0.135619217447662,-0.193742514054988,0.0735220873601368,0.303031654010608,-0.106309191099253
0.0392452703114767,0.442130758084192,0.070541716647877,0.0894189090206965,-0.062097200317966,0.130652501793408,0.12667729102614,-0.19622639244155,0.0993541720312752,0.310980025239361,-0.107302734942996
0.0263291055047875,0.42325326508267,0.0774965337813937,0.0481868566124652,-0.0606068675090183,0.113762064305422,0.131645027916839,-0.172877935585023,0.0809736502525427,0.2771994474849,-0.0784899634897833
0.0372581680389296,0.42325326508267,0.0904126227497536,0.0352707920163062,-0.0606068675090183,0.112768509158324,0.125186969946898,-0.173871486940377,0.0884252131359943,0.292599416734685,-0.0953802088329243
0.0372581680389296,0.412324190188433,0.0854448962266951,0.0332837051531355,-0.0496777602374849,0.085445742637915,0.112767627725807,-0.178839243719192,0.0919026091481872,0.303031653974222,-0.0963737526760241
0.0635872732262235,0.421762936689094,0.0645804448218239,0.0606061494969382,-0.0556390914673228,0.0869360753577696,0.0914063590512851,-0.20814900868667,0.104818651475881,0.303528427175947,-0.100844699972771
0.0660711510716248,0.413814518589715,0.0675610807366291,0.0516642586180057,-0.046697094616972,0.0904135183693129,0.101341832835699,-0.196226392419661,0.121212089811878,0.31743807682811,-0.104322103422946
0.0814711937332183,0.411330637928509,0.0675610807366291,0.0496771717567618,-0.047690649821945,0.0700456378603858,0.0884257168984916,-0.190761859966128,0.102334797180015,0.318431623232231,-0.1311477871959
0.0849486227183621,0.411827414060081,0.0675610807366291,0.0466965414625985,-0.0392454305708354,0.0695488602870802,0.0933934537879564,-0.187781205899989,0.100347713744501,0.324889674856192,-0.118231717235601
0.144561691085234,0.439150101310341,0.0606062636037297,0.0670641817900958,-0.032290544134686,0.0874328529285056,0.0526580112088909,-0.204174803248773,0.109786360067914,0.37854118065597,-0.131147787200729
0.190761819040769,0.458027594312658,0.0556385370799362,0.112767179633934,-0.0476906498338154,0.10631040070329,0.00745160553784135,-0.217587746548296,0.115250839518177,0.42772172766454,-0.169895997077171
0.176355327514643,0.431201683180948,0.0417289028026137,0.100844658467656,-0.0273227681350549,0.102832957687829,0.00397418970604943,-0.214607092484459,0.112270214365487,0.422753995646964,-0.15996055864103
0.168406918399532,0.429214578653593,0.0397418121933314,0.13164450485293,-0.0357679873871807,0.102336180114472,0.016393531926798,-0.213116765452022,0.110779901788106,0.451566841382533,-0.153999295584744
0.158471407005054,0.398911234583046,0.0273224958777845,0.122205842258149,-0.0248388801306375,0.10332973526157,0.0198709477570541,-0.199703822159059,0.0948832343001136,0.413812078037944,-0.142573541381127
0.190265043438454,0.401891891372885,0.0089419077296875,0.121212298826489,-0.0158968832764138,0.115252397019785,0.0268257794019209,-0.191258635635833,0.102831568040039,0.416295944046501,-0.148038032518688
0.16393593825116,0.36463368147989,0.00993545303526927,0.111276864523975,-0.0114258848538741,0.081968299587483,0.0422257637977315,-0.157477889575534,0.110283130917675,0.415799170844776,-0.150521892128242
0.148039120036347,0.338304546506577,0.0193741334286616,0.124192929125593,-0.0218582145129931,0.0879296304632334,0.0213612688441274,-0.147045600347942,0.0998509428872034,0.426231408077118,-0.167412137462641
0.13065197509515,0.343272307828729,0.0198709060810776,0.123199385694897,-0.0163936608862333,0.0953812940660809,0.0188774003936017,-0.14108429221858,0.104818651476232,0.421760449258157,-0.167412137462641
0.124193892693786,0.323898038689674,-0.00397418123383664,0.133631591722522,0.000496777605622223,0.101342624945064,0.0044709634103762,-0.14108429221858,0.137108757279323,0.407850799603781,-0.186786242404901
0.0794840914319004,0.294588246910887,0.00149031794225529,0.117238125119094,-0.0129162176661923,0.0829618547300739,0.00993547400560632,-0.142574619250978,0.152011883044227,0.378541180713691,-0.209637750816573
0.0392452703141131,0.250871947303566,0.00248386324713162,0.0928963110631062,0.0139097728990611,0.0635875293820669,0.0178838530329182,-0.120716489434316,0.175360113406112,0.343767056579595,-0.20367648775583
0.0407355970240956,0.265775231269393,0.012916088956204,0.0879285939083908,0.00894199687682568,0.0690520826918477,0.0233483636254325,-0.114258405630914,0.192747093457322,0.341779963772196,-0.228515083851544
0.0407355970240955,0.266272007401247,0.00894190773693398,0.0740189858693082,0.0144065505109486,0.069548860265205,0.011922568782659,-0.119722938083744,0.213611469530733,0.318928396468313,-0.253353679926185
0.000993551406866633,0.25683326087952,0.0173870428325054,0.0591158343947863,0.0332840993949892,0.0596133087923581,0.0213612688899671,-0.11376162995653,0.239443554192421,0.32637999450288,-0.254347223769828
0.0367613923463396,0.299556008159187,0.0486837199374975,0.12121229877856,0.0163936608893149,0.0904135183067908,-0.0392451212484925,-0.140587516572493,0.296572202856886,0.37903795380678,-0.306508275580954
0.139593935091058,0.374569204017081,0.0725288072538227,0.160457264244715,0.00596133123521636,0.151020382253233,-0.109290211671285,-0.190761860006893,0.341778350922789,0.443121696720479,-0.370095081646349
0.0933938070971368,0.343769083822336,0.061599808903094,0.125683244144414,0.016890438497019,0.139097720500241,-0.0765031481836239,-0.195232841103742,0.32588168343751,0.387979871283702,-0.362643502821332
-0.218581252752708,0.442627533915691,0.126180253592049,0.0119225210029495,-0.105813629652315,0.0119226613585559,0.239941689654462,-0.432194840664477,0.296075431885165,0.408844345763053,-0.08445122766822
-0.14257459074956,0.248884841649777,0.0760062155896368,0.0129160644338679,0.03179376578135,0.0640843064860189,0.0461999497938779,-0.193245741192624,0.231495220227792,0.287134910846404,-0.235469892206141
-0.390465601413475,0.208645974911117,0.0769997608941896,-0.0645803233280839,0.0163936600881498,-0.0392454290407186,0.184303035195256,-0.286142793105949,0.232985532803682,0.257328518707743,-0.0660706671656934
-0.135122959857592,0.0779938517381168,0.0119225433005804,0.0476900841117503,0.18877548751871,0.0312969862531894,-0.204173993874062,-0.030800096625857,0.271236888870639,0.230999538963254,-0.381520838878087
-0.23348452290624,0.0998520015376355,0.043219220388905,0.0163934660086392,0.143071948058062,-0.00447099906995264,-0.106309577179954,-0.124690699826449,0.313959182647727,0.183309311522415,-0.267760068906079
-0.0178839265497861,-0.069548660031241,-0.0149031800504143,0.111773635225068,0.30303433561626,0.0586197526622249,-0.489818869156293,0.11674227797793,0.363139497593356,0.13363199120036,-0.527075012992742
-0.0685550348030112,-0.0457034056678421,0.020864450895502,0.0561352029552775,0.237459692050173,0.0427228702970474,-0.384502847242041,0.0591162993377326,0.384500644500391,0.0337805772907445,-0.424739997247571
-6.47799458519671e-09,-0.218581499787995,-0.0471934025660604,0.0735222129481599,0.366621868507144,0.0581229750393307,-0.630902599415834,0.264781429107528,0.370591060492491,-0.0794837127160067,-0.576255433907909
-0.0988583446643718,-0.297072128572238,-0.0571288556104138,0.0178837808720557,0.354202428435868,0.0442132029996845,-0.574270398627362,0.321910632017592,0.368603977063131,-0.205664105949066,-0.480378452932247
0.00496774931038246,-0.324394815875428,-0.0710384898852668,0.0367611060768721,0.367118646101449,0.0695488592176605,-0.699954142321142,0.38599469430681,0.435668042932423,-0.269747849228296,-0.538997539732465
0.35022677232284,-0.430208131820088,-0.145057614972641,0.155489546371323,0.479887162201054,0.20814980254585,-1.05017959112042,0.655247112869595,0.518132005453988,-0.34277351000774,-0.834080060234792
0.355194528001315,-0.204174990997919,-0.0670643084394544,0.176353958409197,0.315453776215045,0.206659469829508,-0.933437773262276,0.447098105387556,0.631892532005428,-0.229509219529147,-0.707899991792584
0.553407981614203,-0.230504126061603,-0.0735223529200991,0.211624750312494,0.351221763613866,0.302040764177802,-1.04471507940205,0.57824688442934,0.6378537823079,-0.301044560855558,-0.803280200510906
0.326878323087487,-0.0789874053386417,0.00149031771903918,0.0983607994411736,0.150523612807849,0.232988681603531,-0.669154166253894,0.327871944722309,0.612518468557298,-0.326379994229554,-0.468952695779613
0.442627031079396,-0.105813316459057,-0.0178838157097119,0.144063797289557,0.16493016330093,0.271240554794341,-0.796328230690908,0.410336707346182,0.567312320488088,-0.302534880493951,-0.559365185421147
0.215103821045558,0.049677613413946,0.047690174514967,0.0432191391979815,-0.00546455392366624,0.207156247915438,-0.412322165025603,0.167413402508944,0.515151380390423,-0.281173632739312,-0.265772978756159
0.280678196412617,0.0437162998253558,0.0198709060080609,0.127670330975152,0.0407357631559351,0.226033795722905,-0.52459301859739,0.227026483857804,0.504719192368856,-0.182812538436372,-0.340288766890132
0.151516548687973,0.144561854882735,0.0844513509052828,0.0342772485500741,-0.088426413301036,0.181323814185546,-0.226528802686175,0.063090511030062,0.458519502560182,-0.170889981561294,-0.124192980380007
0.123697116766371,0.123697257313883,0.0660707627577296,0.0725286706190358,-0.059116534744813,0.131646056834781,-0.31594806717051,0.0531549974926319,0.402881166459398,-0.105812692031785,-0.177844347939805
0.363142939513305,0.243917081211259,0.0531546737779039,0.182811991196045,-0.0725295300130776,0.241433900134705,-0.401393142436069,0.0745163515417687,0.465474294404925,0.0362644439347642,-0.303030872626128
0.244413578178951,0.194239467928023,0.0303031317387025,0.19622482750294,-0.021361437008055,0.162943043438623,-0.480380159489933,0.0278194378906086,0.459016273255645,0.140090043188865,-0.312469539148404
0.403878534936522,0.0750131961160267,-0.0163934976070643,0.20715380522837,0.0551423137343763,0.259317892236921,-0.623450983182522,0.222555502237351,0.422255229810677,0.0630901966661766,-0.475907501903936
0.393943023514517,0.125187585551646,-0.0402385849417339,0.2846501928535,0.0566326465413158,0.197717473014021,-0.789373396293873,0.174368261556631,0.455538877300755,0.178341579779723,-0.548932974381762
0.643324358007382,0.0193742692148801,-0.0948835767649072,0.316940354351524,0.135620285333823,0.330853862258771,-1.01192801054575,0.379536615167721,0.47292585732907,0.0928965885400095,-0.736712761186934
0.46299482558191,-0.0690518824721239,-0.109786756340697,0.294088855440401,0.186788378383161,0.226033794017932,-1.0755150431013,0.359665588061664,0.493790233373477,0.0486837734645274,-0.698461323232809
0.803782864297426,-0.120219824138233,-0.147541477953925,0.349230515839238,0.232491917835012,0.391957502946733,-1.30403094147417,0.577750109313423,0.577744508322314,-0.00844514500363337,-0.910086162303323
0.701447096604176,-0.148039287571571,-0.160954339571937,0.350720830985041,0.227524141809908,0.328369973430301,-1.41183083250975,0.538008055101309,0.613015239230876,-0.0283160731039822,-0.910582934224756
1.0238544391087,-0.178342631656795,-0.204173560360272,0.427720446845808,0.253853354768616,0.495287237408443,-1.60358547751251,0.732744119638391,0.686040555331997,-0.113761064209864,-1.07402089677091
0.829118414793923,-0.249381618755823,-0.201192924443086,0.348733744051456,0.25832435318879,0.397422055124203,-1.52757910267249,0.689027860012942,0.694982430787015,-0.222057622483222,-0.947344056832997
0.885254053406965,-0.332840008834444,-0.195231652605008,0.287630823266395,0.251866244352814,0.438157815857998,-1.49826945471589,0.790370097505524,0.662692325124835,-0.400399202418193,-0.909589390609911
0.763544038066835,-0.336317441768189,-0.166418838734609,0.231992391119746,0.188775488881804,0.37606061892141,-1.40338567955474,0.748640940530172,0.651266595394171,-0.514657038949754,-0.756086866962342
0.838557148216931,-0.266272007005629,-0.153005977100721,0.213611837669003,0.111774960536223,0.409841493665707,-1.2970761090634,0.702440802992887,0.701440451971467,-0.559863400604219,-0.665177604908548
0.677601862632217,-0.310981858972783,-0.131644753028499,0.152508916681951,0.0854457475977879,0.354699182774506,-1.18430848082412,0.642330945892621,0.673621283923789,-0.618482638478478,-0.534029817711693
0.699459987449988,-0.22205893112742,-0.101838393830172,0.123199385478238,-0.0168904385686129,0.393447833235869,-0.991560287964159,0.572285576018596,0.697963055938503,-0.630901968633014,-0.418281959586684
0.61302103756321,-0.198710452840773,-0.0919029407781761,0.0983607996756326,-0.0635875331911085,0.352712071994021,-0.930953897554626,0.522608008163939,0.671634200450363,-0.615998772528488,-0.350720978368512
0.543472458608553,-0.18529749724766,-0.0352708583901715,-0.00496771723238866,-0.116245959090154,0.338802300032373,-0.692502525405296,0.473923992243782,0.589170238077598,-0.749630765104916,-0.186289471842194
0.374568763444182,-0.229510573128877,-0.0397418122652236,-0.0650770948679698,-0.112768515872456,0.261801775781175,-0.597121976622003,0.434181937949826,0.528067422521209,-0.787882301757465,-0.0710383862611966
0.346749331896357,-0.165923228208013,-0.00397418126004345,-0.124192928953974,-0.163439831407771,0.271240549602167,-0.425735052882631,0.367117222068159,0.509190129948724,-0.814211281653614,0.0387482087259284
0.328368635645685,-0.0854454945874566,0.0119225436226805,-0.101341430000234,-0.191756154751886,0.259814665349855,-0.430702789790472,0.288129889084691,0.516144921966579,-0.742179167135973,0.0457030156110393
0.215600582729818,-0.0879293752490814,0.0511675831705198,-0.204173175157832,-0.248885579158124,0.254350112084729,-0.21361268692072,0.240439424448531,0.464977523658665,-0.796824219823913,0.18877332934468
0.154497187050562,-0.0869358229822448,0.0447095386866265,-0.221063413518725,-0.235472583884373,0.210136907767116,-0.19672238144712,0.195232837623395,0.426229396698264,-0.763043641994159,0.199205539664932
0.134626164516009,-0.0337807768827849,0.074515897834679,-0.274714758823004,-0.301047227605115,0.206659464780942,-0.0288128741938353,0.122206813548802,0.374565227547476,-0.793346807559958,0.294585748775384
0.0779937489719182,-0.0258323587490966,0.0864384414910778,-0.298063029493421,-0.294589118768052,0.163936593191798,0.0178838527115018,0.0765034510001368,0.356184705780846,-0.787385529123685,0.335321046212563
0.0958776692632492,0.0447098519289265,0.126180253673196,-0.345753114255771,-0.353705653726453,0.178343142706247,0.139593406417757,0.00447097816974623,0.33979126748842,-0.768011374086212,0.395430448776728
0.0869357089131193,0.101342331081359,0.127670571630488,-0.339295081944123,-0.357183096947247,0.151517153557675,0.189270775453646,-0.0700453738520728,0.330352621173064,-0.726282425056656,0.411823922140653
0.178342412642414,0.262794573733552,0.135122161404163,-0.287134051707411,-0.46399028196642,0.187285138585519,0.284651323428696,-0.208645787194654,0.386487728125732,-0.607056855425823,0.423746448263166
0.182813392823197,0.339794874372037,0.1460511597633,-0.279185704241089,-0.501745379789914,0.153007485774186,0.32240612384907,-0.287136344665723,0.390958665855585,-0.523102184173995,0.418778729065008
0.184303719514039,0.447098518537542,0.196721970223546,-0.325385473858637,-0.593649236715553,0.172878588543009,0.524593014394003,-0.413317366289161,0.384997415565904,-0.493792565046655,0.508197674950442
0.0839550532590932,0.447098518537542,0.205663877963464,-0.354198233413305,-0.619481672080902,0.100349062291658,0.604076804754884,-0.483859513000628,0.341778350845045,-0.461502306904577,0.586687638271213
0.119722893886228,0.61302174615962,0.243915372118027,-0.352211146545341,-0.719830748377382,0.109787836112453,0.787386294613244,-0.651272915832831,0.345752517708515,-0.382515367161583,0.663190514121739
0.0928970128092413,0.662202583315722,0.247392780686586,-0.314953267827071,-0.751624514966353,0.0784908487368302,0.815702394930479,-0.742679641165583,0.338300954823064,-0.302038108459777,0.664184057961599
0.0680582346189944,0.771990108058138,0.29359263726151,-0.363140124380602,-0.850980036152471,0.0914070655400633,1.02881830572773,-0.866873560293998,0.336313871391571,-0.240935004172485,0.794338301218798
0.0218581060539924,0.823158049729634,0.288128138086712,-0.3442627991556,-0.86488980903481,0.0566326351201623,1.0601150481603,-0.950331874792743,0.303526994685591,-0.157477106263927,0.806260827288902
0.0109290436552444,0.933939126636617,0.326876404873721,-0.346249886023169,-0.91854179048823,0.0616004108127823,1.26230193760109,-1.09290649422185,0.305514078115678,-0.102832053702239,0.901641036101764
-0.0660711706029627,0.953810171921039,0.328366722830881,-0.335320908269751,-0.914070792061603,0.0139097633628413,1.29260513264564,-1.16841639789766,0.276204597424326,-0.0203677023220274,0.928466719771434
-0.0988583577720357,1.03428790476925,0.3671149896007,-0.389965797092562,-0.999516540475137,0.0288130904419423,1.50870168478333,-1.28217802823066,0.255340221406881,0.0178838344401769,1.05514355956918
-0.159961753645159,1.05465572618643,0.377050442648287,-0.380030362764107,-1.00398753890618,-0.0238453328137327,1.56334679051466,-1.3805396133606,0.224540428136875,0.0601095565251712,1.10084657616535
-0.205665105537765,1.08992683133806,0.394934258068345,-0.434178479978775,-1.08545906646915,-0.0541487645428167,1.7700046418964,-1.49678512220036,0.173373029745375,0.0442128139533298,1.25484587131495
-0.248884580731842,1.13910766841546,0.402385847847973,-0.432191393111601,-1.08893650969388,-0.0779940882902017,1.81868846331911,-1.59216605337555,0.158469903958296,0.101341732068324,1.28018123918429
-0.305020219516591,1.19126916188815,0.42424384446861,-0.488326597207706,-1.17537581342983,-0.0958780807959267,2.01640438795971,-1.68854053518976,0.105812192954405,0.0963740000188442,1.42325155200916
-0.442130278803339,1.20368856519419,0.445108295864838,-0.54942951834214,-1.16444670615934,-0.152510724723178,2.11526235187592,-1.75858590652605,0.0541480235402909,0.120219113641864,1.52956074270942
-0.468956159276337,1.26975979024572,0.465475974529551,-0.586190625481794,-1.22902779518703,-0.165923719095906,2.31148795516028,-1.89718632121705,0.0158966674462846,0.133631990166022,1.6244441792792
-0.559369314349122,1.27870176062352,0.479385608789176,-0.613513069892178,-1.236479459235,-0.221066030294566,2.40339108738586,-1.98213496313143,-0.0158966675917468,0.172380299782881,1.69399224793966
-0.653259896061158,1.32738582116273,0.511179058393809,-0.693990088194902,-1.33086720472336,-0.231498359250262,2.61551344807162,-2.08745140742805,-0.0715350037074547,0.156980330440739,1.84252705176536
-0.700950351462395,1.35123107548194,0.531049964476637,-0.709390011394623,-1.36911908018247,-0.275214786163394,2.71089399607562,-2.18283233880973,-0.112270214229902,0.208644743168716,1.91952669922025
-0.793847382006692,1.38153441926117,0.555888596974379,-0.789370258032168,-1.40786773364951,-0.298563331924786,2.93642924542972,-2.30603270778727,-0.176353654988517,0.196722186264209,2.06706795910607
-0.890221844093429,1.39296027029237,0.576753048355176,-0.807254039826944,-1.41581617530708,-0.340292648549842,3.03379688795816,-2.4217814424467,-0.21212115690892,0.259812382613888,2.14903532567637
-0.921021929111347,1.49330904804149,0.600101362902709,-0.832092625754366,-1.50175870168288,-0.330853874728457,3.22406120576653,-2.57180769848057,-0.208146990038957,0.352708971826952,2.23795749901539
-1.002989899512,1.51516719782076,0.600101362902709,-0.850473179283265,-1.53355246833612,-0.3929510720995,3.3412997955913,-2.66271764894629,-0.255340221770004,0.400895972188516,2.32936353195866
-1.05316423162915,1.60011591551564,0.635372221026039,-0.888227829914559,-1.59664322474007,-0.397422070228027,3.55938343859886,-2.82566007290291,-0.28266261904265,0.445108787382519,2.44461461686013
-1.12320958829382,1.65625161837736,0.651268945881954,-0.912569644077097,-1.66321142365909,-0.437661054153053,3.71437682816911,-2.9712153489053,-0.33035262169512,0.515650581672964,2.53751096547603
-1.25038413314765,1.74418099278358,0.702436528759982,-0.99254989092565,-1.78144449486498,-0.481874257879542,3.99058299018936,-3.14061585710277,-0.414306897010471,0.552908571967407,2.74317453913884
-1.37507480359171,1.83310392024513,0.740191250263745,-1.03328517175236,-1.86440635478072,-0.529068127925915,4.20220857936897,-3.33684225359997,-0.472925858617008,0.634379376541556,2.90363186844452
-1.49728159301171,1.97418834001708,0.786887879261477,-1.10929124489177,-1.98263942605504,-0.561358669960569,4.50126632954365,-3.57479780674726,-0.542970549835935,0.720817913975346,3.12469537128779
-1.59912058662068,2.12520828347953,0.820171646897537,-1.15350392769243,-2.09193049918607,-0.599610543575504,4.73474996054715,-3.83312116494439,-0.575757426657107,0.865378914217381,3.26528182394155
-1.73772096972831,2.3134864349427,0.881771455333496,-1.20020046935571,-2.24891222423413,-0.637365638897619,5.08348507624955,-4.12472849304149,-0.631395762983166,1.00199154495988,3.50075171215618
-1.92053438336674,2.41780942236314,0.918532631512781,-1.31247087765548,-2.36019040776161,-0.70790805526372,5.4252653683075,-4.35026465613592,-0.754594936745644,1.08097848339755,3.74665381070494
-2.16147053359914,2.5405131252698,1.01043557143791,-1.46348948075971,-2.48835903157775,-0.786895688936827,5.85696168509326,-4.64038165787254,-0.897664944552967,1.13612030886212,4.07203941511565
-2.38601309631531,2.61453276869021,1.07700310665589,-1.56830831336954,-2.57926933337219,-0.873831765528859,6.23053549165214,-4.90814375490735,-1.03775432780971,1.23348785560645,4.34128979336472
-2.58472332350548,2.77797211357264,1.15996413885132,-1.67710132019345,-2.73674783642056,-0.927483743136584,6.64236086044898,-5.23601570972845,-1.15399870934321,1.36811339336313,4.64034648602338
-2.75114314331853,2.89620483243772,1.21162849452913,-1.73969455674769,-2.84901957538251,-0.992064828590771,6.9861282453817,-5.54302308729414,-1.2747140290568,1.49777119766958,4.8797905492241
-2.9294855725373,3.06908292353782,1.28713793693835,-1.82315220597502,-2.97867853240134,-1.04323291839907,7.38503749710836,-5.88083055676948,-1.3482361165996,1.6517708901001,5.13860871628244
-3.107828006644,3.14657999971166,1.31694429596032,-1.91853237604079,-3.06660816872411,-1.12172377615744,7.71539199168484,-6.14362489850314,-1.47938362453427,1.77348032310339,5.36861411272488
-3.23997030806773,3.33287104565743,1.37059574188266,-1.96671923301773,-3.19179612728397,-1.18034352950135,8.07903031247478,-6.46354844432138,-1.5812216512045,1.92350582965623,5.58073571974932
-3.58473256268282,3.30256770181642,1.40536982740212,-2.10134436889015,-3.2225963389073,-1.2965894834623,8.44018477405217,-6.66971035767852,-1.7655236415916,1.95082835535001,5.86886343012368
-3.78940409755901,3.37559379182254,1.45455031945908,-2.20815028906287,-3.32294541693859,-1.37557711729015,8.80481663997488,-6.91462077463829,-1.88027771074442,2.04521526328099,6.14357829769269
-3.96874008343359,3.43272304664322,1.47889217931731,-2.24987911354766,-3.3671586239532,-1.44313886837234,9.03929381334005,-7.15158278144267,-1.97565771675039,2.1887827165708,6.31099043247708
-4.11826953041028,3.59367851022051,1.5067114475199,-2.28664022105532,-3.47992714246694,-1.49033273767301,9.38206763636373,-7.42580296518734,-2.05365074226339,2.32241470733864,6.51963463523154
-4.31250878430012,3.67465301919996,1.52260817230906,-2.32141424147404,-3.52165646145758,-1.56087515434151,9.59418999382687,-7.64140361745668,-2.11127616260653,2.47939503673987,6.69151771693534
-4.4759479473426,3.77599534798298,1.56831125573884,-2.39990417370644,-3.6244894278209,-1.61353357692579,9.94292509976342,-7.90171408253649,-2.17784345831364,2.58073676932071,6.94536816333984
-4.67118075229829,3.83362137881198,1.58371120788129,-2.45504583464307,-3.62846364868032,-1.71139876060252,10.1659764775258,-8.08552109086816,-2.25384940072314,2.698968789325,7.12271573605897
-4.85200706065503,3.91757654328756,1.61153047605183,-2.5206197021382,-3.69751573723449,-1.75412163178876,10.4968277306968,-8.34185735107657,-2.3407843018767,2.78838796499419,7.37954681356254
-5.01942043310682,3.97569935025112,1.63090460938775,-2.53303899514906,-3.70347706852418,-1.8485093724746,10.70497589786,-8.54454183637984,-2.41679024436236,2.92351027336319,7.56484273658921
-5.17292408488227,4.02338985777777,1.69151087216817,-2.61053538393355,-3.77799371088573,-1.90911623625295,11.0214207147916,-8.77007800386717,-2.46050608035765,3.03627778908758,7.84055114660076
-5.27575663148937,4.09840305311652,1.70293664310885,-2.62444499211974,-3.8013422584373,-1.96674243586332,11.1923108564046,-8.95885276984465,-2.49428649926205,3.18431620033715,8.02684061324629
-5.39448599350549,4.20918412800225,1.74863972650758,-2.68008342518058,-3.87685245609053,-1.98959420418939,11.4799427999596,-9.18190505899982,-2.54098296048788,3.27522569542139,8.2702588485256
-5.50228629588423,4.28767475613934,1.76900740513736,-2.65276098056758,-3.89175578431907,-2.05069784687778,11.6115878218074,-9.36173786275977,-2.55787316993141,3.40935445701867,8.44760642069889
-5.64337055896538,4.34828144275858,1.79632990064868,-2.6731286212429,-3.92603343984885,-2.09193038539593,11.8232133962641,-9.54504809646701,-2.56284087857294,3.52758647779602,8.71089553191986
-5.72980951131073,4.40441714513978,1.78192349380915,-2.65027712210378,-3.93149799353244,-2.12273059555636,11.9210778085868,-9.70749375081192,-2.57376983762197,3.66966361023681,8.87781089368852
-5.84456466897705,4.45558508548815,1.7749686767735,-2.67461893659308,-3.95584009675651,-2.15601469291022,12.0815356969568,-9.86795230260879,-2.58022785885888,3.77696662060779,9.13364842587051
-5.9414359086445,4.45906251837851,1.78242026651478,-2.65375452432886,-3.94441421178777,-2.211653782287,12.116806627264,-9.98966234963421,-2.55638285728805,3.91357924783734,9.34626680318013
-6.02191355179409,4.50526269751929,1.78887831090493,-2.65474806777741,-3.96577564930112,-2.24394432451348,12.2424903599947,-10.1093852940431,-2.53998941875638,3.99604359835436,9.61104622927014
-6.03085551237209,4.57282425073324,1.78341381176117,-2.56085821280699,-3.94093676893878,-2.239473326262,12.1873484830083,-10.2132114160197,-2.44709326686805,4.17637226573033,9.75908425821987
-6.1808817360511,4.56835326565669,1.76155581537374,-2.57576136453086,-3.92454310759607,-2.26431220490422,12.3030967427673,-10.2832567901617,-2.44113201649953,4.21164316257984,10.0541667703114
-6.21565602727027,4.54897899668472,1.74168490938495,-2.5141616712085,-3.85847168586964,-2.30008019093964,12.2310645611797,-10.3140568837341,-2.38400336691462,4.31447521266071,10.2707593222821
-6.296630446039,4.53705636981605,1.72231077622022,-2.49131017189686,-3.82171014224068,-2.31150607511089,12.2355355239969,-10.3597602484242,-2.32190700892504,4.41532017117321,10.5872030256158
-6.32693375692987,4.50178526479934,1.68952378134064,-2.42971047872479,-3.75067094444801,-2.32839651295494,12.1197872595553,-10.3304504819507,-2.24441075394673,4.5196425406427,10.8425437862114
-6.32097245002305,4.48737875733831,1.69300118985708,-2.42126535941786,-3.7109287351434,-2.31299640819885,12.0716002158232,-10.3369085660969,-2.17585637480075,4.58621014865172,11.1793551369277
-6.2698045644031,4.44465601040545,1.6746206018025,-2.33184644999456,-3.60561188258719,-2.30355763411318,11.9131294159081,-10.2936890799444,-2.08296022307133,4.68755187882755,11.455560317152
-6.3492886566013,4.37312024911098,1.66915610270105,-2.31098203757334,-3.51619191170149,-2.32144162674043,11.8872971862973,-10.2345727712316,-1.99801240542665,4.71189376535409,11.8753325746521
-6.35475318808094,4.31748132280385,1.63090460866074,-2.24540817059927,-3.42130738894475,-2.29858985787347,11.7074651183779,-10.1545918830994,-1.90511625374035,4.78491942386603,12.2394663813899
-6.38406294707001,4.26531983021898,1.61103370283697,-2.20964060648249,-3.33933908232824,-2.28020908767765,11.6110910309073,-10.0939852472472,-1.79433635128173,4.83757738244032,12.6999739338308
-6.48043741128103,4.11728054424819,1.5688080275752,-2.19275036806907,-3.23004800908931,-2.2881575290142,11.4560976460443,-9.94892674205771,-1.73174322244123,4.84999671208577,13.192771663276
-6.45758573476861,4.08349976808702,1.54595648586706,-2.11724106611627,-3.17192502807047,-2.22208611188305,11.3006074943522,-9.87441038659623,-1.60109248563633,4.93891911370798,13.7014660890782
-6.48739227013797,3.97321546748246,1.49131149427667,-2.05812523157443,-3.05865973417467,-2.18979556893205,11.0830206268475,-9.75071323690306,-1.48335779091109,5.0159189576033,14.224566902885
-6.53309562317823,3.8927377359621,1.48733731311192,-2.02931247161014,-2.98116242619915,-2.14806625285488,10.9632981776959,-9.66526781604907,-1.36959726356584,5.05715113260263,14.8500027226136
-6.62549588284351,3.76059528571316,1.44908581900488,-1.99304813620258,-2.85299380422705,-2.12670481676001,10.7854532034179,-9.53809323661429,-1.2578238194057,5.12769292496366,15.4918320192548
-6.70746385293672,3.67216913627783,1.39394405530237,-1.94386773560391,-2.77201905300652,-2.07951094740817,10.6761630006649,-9.42731225502172,-1.13313433329021,5.20419599656315,16.1907900775074
-6.83563195497897,3.52462662592732,1.34675065344849,-1.91257111740038,-2.66521186818018,-2.06560117507824,10.462053547788,-9.27132468511932,-1.0198705766754,5.27076360334241,16.9429027335191
-6.85500620249052,3.49332973029311,1.31048625027564,-1.83507472859851,-2.60907599776722,-1.98313609807547,10.2539053886204,-9.18637604014492,-0.857923276183118,5.42078910736043,17.7049508189965
-6.9722452417971,3.35174853329558,1.2603122125063,-1.76801054668876,-2.46650082564943,-1.94587777931781,10.0243959512718,-9.03038847046037,-0.727272539502616,5.53057598118862,18.5022697141864
-7.03682606680936,3.27524501063015,1.22752521784573,-1.7069076248044,-2.39794551491188,-1.86341270239757,9.85648645744534,-8.89228482554465,-0.572280031245101,5.67513697991179,19.3810591908241
-7.20125878753566,3.09094106606125,1.15996413720609,-1.69349478842746,-2.2752414470106,-1.83112215948441,9.63591894592374,-8.70996814420622,-0.458022733064583,5.76505292630042,20.3239322467197
-7.3612205235607,2.96774058788896,1.11972555281844,-1.68107549537051,-2.17290525860724,-1.81721238748014,9.51271908037786,-8.57534192940566,-0.322404288522877,5.88030430654749,21.3686435299322
-7.49286605520216,2.88179831724097,1.083957921863,-1.58271469542828,-2.08646595578914,-1.75610874478536,9.28122254723129,-8.39948333241785,-0.193740635572622,6.05914265244395,22.3423164390897
-7.64388583105912,2.81026255566008,1.02682906751585,-1.52508917562463,-2.0174138675184,-1.71537298392337,9.11828078943989,-8.26585066917011,-0.0407352111499062,6.2384777739787,23.4068985914204
-7.82868635141869,2.64334577534116,0.966719576600178,-1.46845719991441,-1.9051421295455,-1.67414044453879,8.87883587716957,-8.09346950229572,0.0869348998731186,6.4247677173236,24.476448469338
-8.04080952375482,2.54150667024553,0.949829306601068,-1.42821869042393,-1.84105781745574,-1.60906258274376,8.72135862931716,-7.96728847471311,0.237953240600318,6.62943827098079,25.6279656952833
-8.26137788695407,2.38601574083103,0.895681087468485,-1.36065773700891,-1.73027641238238,-1.5593848244891,8.46899760039077,-7.78050081305646,0.372081372618624,6.86143134649972,26.7079477771497
-8.52615927111592,2.24344099352966,0.865874728637719,-1.34575458535078,-1.6711598764493,-1.51964261880654,8.3443074132056,-7.62302291664153,0.504719191387843,7.06063739468621,27.904671237072
-8.79789552112457,2.05367251060773,0.797816875186226,-1.29260001170082,-1.59813356916043,-1.46748097264405,8.11281087820367,-7.44070623648112,0.635369927229931,7.3338626435175,29.0705948478902
-9.14861908141088,1.91755585278686,0.779436287242488,-1.27968394693623,-1.54944936312315,-1.4163128828912,7.97222393395163,-7.31253810647639,0.781420558932005,7.59814597851606,30.3130213125034
-9.40743916669027,1.81025220784641,0.716842932877835,-1.16343936538002,-1.4640036158654,-1.34626724379975,7.69005648284758,-7.17791189330095,0.953800046712826,7.96973231594803,31.4243000086524
-9.77952407836039,1.67661943039452,0.707404252575428,-1.12419439937089,-1.45605517406896,-1.2493956175666,7.54847599116602,-7.05669862321744,1.09687005316307,8.29015102025149,32.6662296923318
-10.2231446863458,1.44313464728434,0.640339944328578,-1.09935581360349,-1.35769320923321,-1.21958896265059,7.31896654979091,-6.89176909304085,1.24043683097818,8.61901486299991,33.8912691413895
-10.7139589641859,1.28267595906329,0.63785608109169,-1.0904139226144,-1.33583499428931,-1.13613033085808,7.20321828803092,-6.74869769252689,1.37754558695254,8.97172382280479,35.162508357151
-11.2027861537006,1.11774628211143,0.575759499341209,-1.04222706621546,-1.26181513197719,-1.10781400867159,6.95582499359005,-6.58525848962647,1.52657684394395,9.38801974288349,36.3254513140724
-11.77010387405,0.947848847269397,0.544959595181496,-1.01490462154598,-1.22803425436676,-1.06310402738864,6.83063803217585,-6.45907746287233,1.6582211203099,9.77798668968834,37.5862583122366
-12.40846052183,0.715357615432802,0.490314603219237,-1.00298210037881,-1.1619628336865,-1.04025225862639,6.64186403184999,-6.29861891454658,1.79334279315407,10.2141535348701,38.8108009739124
-13.1208367175603,0.525092358985178,0.464979198171529,-0.993046665946244,-1.14854983816229,-0.971200176410507,6.56436734137422,-6.17144433667998,1.92846446532016,10.6706880862334,40.0830337162629
-13.8496065289,0.314956052814646,0.418779341291736,-0.945356581296543,-1.07602030872947,-0.93245152504968,6.35025788253406,-6.00701158303093,2.07451509679091,11.1833579970093,41.2494540612441
-14.6265635553795,0.10233587041785,0.35221180640836,-0.921014766955249,-1.06707831171473,-0.888735098940056,6.25934830316126,-5.87884345388069,2.20764968532236,11.6980150071612,42.4576032255594
-15.4656175548417,-0.185297513569993,0.316940947893691,-0.908595474093931,-1.02236832782531,-0.865883330203136,6.0944194388497,-5.7000042053628,2.33830042004672,12.245955809588,43.6056430049925
-16.3886266120679,-0.449085637820072,0.260308865967942,-0.927969571228024,-0.989581005447418,-0.855947778816862,6.03232273162274,-5.54103598346069,2.45305448699505,12.8092965881401,44.7665988350007
-17.2808356080754,-0.714364096333232,0.214109009019758,-0.879285943213468,-0.945864576781806,-0.8221669032906,5.83212293513467,-5.3825645386286,2.61053084765728,13.4764629464198,45.7939230450525
-18.2371286367448,-0.946855324542005,0.162444653609265,-0.869350508785851,-0.942387133497415,-0.782424697777788,5.70991661504882,-5.27128678340921,2.76105241565505,14.1466099518926,46.8237310994709
-19.2455831334494,-1.27870178648937,0.109289979448313,-0.840040977630953,-0.899664260068787,-0.745663156743926,5.54151033435878,-5.10039594660242,2.90163856708526,14.8351375514028,47.7949200845516
-20.3106700269617,-1.6025998235488,0.070541712844629,-0.874318226404095,-0.90214814812649,-0.705424173660946,5.48239426894572,-4.95682777149924,3.05464398911517,15.5648973321422,48.7631284236591
-21.3558859279006,-1.91556879311078,0.0124193121076449,-0.842028064945404,-0.880289933812593,-0.662204524105494,5.31051057219062,-4.85250487702041,3.22503639146238,16.3761278956219,49.5932341964807
-22.4194825036658,-2.22009256184172,-0.0342773169038912,-0.825634598142491,-0.874328602471302,-0.603584771014382,5.19575585683848,-4.75215618726603,3.41033191838288,17.2479647938852,50.3657144226732
-23.5580922315668,-2.61602314854745,-0.0973674442463002,-0.833086173861504,-0.841541281030393,-0.58421044535767,5.08100113423092,-4.6080912380932,3.56284056985709,18.1048984800858,51.0696401409673
-24.67534058153,-2.93992118709325,-0.113264169033574,-0.83010554353604,-0.836076727301074,-0.54347468473673,4.99257542270908,-4.51271030532631,3.77496172217912,19.0606900332558,51.6841469169768
-25.7886147599196,-3.33585177495508,-0.181818795654513,-0.805763729550239,-0.809250737013837,-0.500255035229173,4.82864010427499,-4.39596801899539,3.98310870847229,20.0934814030151,52.1660156150581
-26.8715856029376,-3.67514987507774,-0.232489605960399,-0.776454197995706,-0.829618619090929,-0.438654616726648,4.69103380030108,-4.32492909525749,4.22304902818949,21.2002919844332,52.5614460049555
-27.9863501178145,-4.12423551204931,-0.307999049848574,-0.765028448580898,-0.791366744084345,-0.388976858687044,4.55293071358423,-4.19179321157883,4.43268632661808,22.3125670449759,52.8550381699509
-29.1209856346567,-4.62299875294674,-0.367611767827296,-0.777447741616192,-0.781431191846463,-0.363641202707185,4.49431142154295,-4.0909477464671,4.66418154124211,23.4447130442192,53.1237917385232
-30.2183630133439,-5.12971042545098,-0.432192213296231,-0.779931600186974,-0.770005307107257,-0.315950554964238,4.36962122450015,-3.98463774991618,4.88375425638018,24.6503814431435,53.2340750896815
-31.3087855102783,-5.59966065278001,-0.510682292074987,-0.775460654691484,-0.801302296659982,-0.270247018705404,4.30106645932562,-3.90714074234711,5.12915905425637,25.920630361598,53.2564298227122
-32.3614530905272,-6.16995967472063,-0.59563041659137,-0.7694993941202,-0.778947304771944,-0.237459698405434,4.18680850970688,-3.76357256944042,5.36611874845186,27.2331049662599,53.1451529278617
-33.4166045263616,-6.70995533955757,-0.672133404826959,-0.772976796168177,-0.797824854025286,-0.196723937867618,4.13017631225199,-3.69452074857669,5.61599448316728,28.6076762228123,52.9673086071178
-34.3416007753657,-7.27081561749441,-0.75708152941885,-0.724293168187499,-0.80229585240053,-0.126181521507415,3.9513377820532,-3.59665593889091,5.91554730343266,30.1084278206929,52.5818136494375
-35.3286939573909,-7.90917296111331,-0.841036107451171,-0.739196319819273,-0.841541283761468,-0.0789876525823187,3.8937120372334,-3.50972019329115,6.15747470398032,31.5883149595706,52.1834026284818
-36.2596515198748,-8.57634333949401,-0.946848683872809,-0.704422299890969,-0.838063840578634,-0.0432196668424037,3.79087988218015,-3.37559075880529,6.43218898097408,33.1148987340884,51.6170827146228
-37.2353188707405,-9.3418753813329,-1.01838394574137,-0.777447742996713,-0.862902721187722,-0.0124194576507867,3.81422824429996,-3.26630010741268,6.69100658976962,34.5947858521285,51.0701369103928
-38.096727848922,-10.1153558625696,-1.13810615681381,-0.801292785261111,-0.862902721187722,0.0129161989094263,3.71984124197675,-3.16595141957611,6.97664982468982,36.1775049651588,50.3210049517556
-38.9228657385814,-10.8987718509801,-1.25087354890228,-0.841531294748591,-0.885754491342017,0.0327873016199003,3.71785414732795,-3.09292539344564,7.28266066231934,37.8069207659095,49.5053055749446
-39.6660421172617,-11.7616720479808,-1.37109253266863,-0.872827912766893,-0.882277048161772,0.0616004012515493,3.62396391870506,-2.96724114594312,7.60208431384236,39.4944589789404,48.5202069805772
-40.3908377810558,-12.6896499029597,-1.48535024293905,-0.930453432563354,-0.865883386961555,0.0635875115216863,3.62297037138178,-2.87086666260644,7.93889494257454,41.1700746509349,47.5172246119794
-40.9834911390905,-13.6370020547074,-1.61550468016776,-0.92101476999579,-0.865883386961555,0.104820050622589,3.52460917938918,-2.74816306930868,8.31097630171703,42.9082836889028,46.3244753741125
-41.5423637400782,-14.6439673249515,-1.74466557018776,-0.985098322131343,-0.877309272044354,0.11227171412808,3.51268661148135,-2.6552660157316,8.67312224184749,44.6102283035295,45.1411648159628
-41.9949263645211,-15.7055780031374,-1.90711023069415,-0.993046669548661,-0.862902721727582,0.160955916846122,3.44909957809295,-2.55044634702518,9.0784872453766,46.3389986193979,43.7988872383635
-42.3948307601386,-16.7994791102756,-2.08346452319449,-1.04769155896045,-0.851973614252464,0.150523587933874,3.39048028576034,-2.46450415318946,9.51067787168923,48.0767108652169,42.4188550152683
-42.6615992891541,-17.9172255055969,-2.21212864284221,-1.14555558662739,-0.890225489295809,0.206162676755657,3.45158345042812,-2.37856196047228,9.92895891565961,49.7677263995373,41.0323647329837
-42.8692515104129,-19.1512175064575,-2.43269570218984,-1.15598779280719,-0.84352839377551,0.16691724890778,3.28913846228914,-2.29112943980466,10.3780397492696,51.5178579475628,39.4585914743343
-42.9080000118798,-20.3037382455919,-2.55937273143464,-1.22354874604414,-0.923012809452864,0.276208316112988,3.4282350971188,-2.20071626606242,10.8728234998143,53.2029121784906,37.9662887734591
-42.9512194933481,-21.6708662731963,-2.78937847183233,-1.23447772394365,-0.876812491558417,0.240937108790512,3.23548691514814,-2.08447075565032,11.3472396432824,54.9277082672091,36.3045868808752
-42.7112768498828,-22.7667545374056,-2.89817168515792,-1.33780624092362,-1.05267176169261,0.415802816150851,3.6284349057472,-2.06410295277249,11.9031262038186,56.5481819743554,34.8589807258587
-42.6442121371116,-24.2098893372128,-3.17089987499306,-1.33085143680141,-1.00796177666745,0.289124536098526,3.35819003178901,-2.02237379518866,12.4023808866808,58.2555909763382,33.0830212884789
-42.165817178913,-25.4190425856137,-3.30602203990376,-1.47690232124088,-1.19127271086309,0.461506355420803,3.74120254909237,-1.99008337602951,12.990557547451,59.7926067843548,31.5703509157727
-41.9104744956265,-27.1791206147452,-3.69698212460558,-1.29607741496891,-0.838063831450314,0.218582123942731,2.95381627609457,-1.68605665836268,13.5986050375067,61.5203834478857,29.3885288284697
-41.0674462107697,-28.4478870203251,-3.82614301787613,-1.52210854597235,-1.1376207245864,0.509693783014647,3.53404794742939,-1.63985652020373,14.2791810671072,62.7697676471568,27.8997034925038
-40.6968515780863,-30.3142751774714,-4.1922644704845,-1.41381231073829,-0.851476821846432,0.262298553187001,2.94090018211136,-1.40587517361042,14.9145509483709,64.269028688816,25.8892676868102
-39.6903841077796,-31.6774290768664,-4.35868331396672,-1.60506942202976,-1.1107947298518,0.518139004576614,3.44115128666803,-1.39941708978009,15.6775909306456,65.3991873444584,24.3602038166018
-39.1200856670367,-33.5458043694429,-4.73374667605539,-1.52558594651181,-0.875818921020789,0.290118099727019,2.9528227661292,-1.19722938725514,16.4192697638002,66.7454422749917,22.4059032162026
-37.9700500408253,-35.0351394445164,-4.95282342301269,-1.74168164406172,-1.13513682929439,0.493300127878875,3.43469324275984,-1.18431321961226,17.2295029681588,67.6967626275043,20.8857812266836
-37.1791832196489,-36.9199083770947,-5.36564150927274,-1.67114005954305,-0.915064348703149,0.280679327703053,2.9955453153327,-0.983615844311322,18.0442071052594,68.8135084013685,18.9523450265752
-35.8483212712297,-38.5538053467647,-5.68904051744522,-1.80079747824074,-1.07999451301447,0.446106259903743,3.18630641007795,-0.936918930477451,18.9840974844718,69.6307000271292,17.3328686459799
-34.722627675499,-40.4465227257445,-6.11378114980689,-1.73075266543094,-0.874825360754172,0.325886087623767,2.78789392308254,-0.699956930196471,19.957271503171,70.5169431050372,15.4575547388316
-33.3361268684332,-42.1092327405027,-6.45605752095529,-1.85742945382005,-1.03280063868326,0.446106260590704,3.02187432847543,-0.636866419072217,20.9890644731275,71.0579289249343,13.9041490050553
-32.1597621674707,-43.8991174793624,-6.82565638960796,-2.05464782695048,-1.11576249870485,0.386492951874224,3.24343539047044,-0.589175953990674,21.9637287948104,71.4652828028433,12.5141812212226
-30.8050550200082,-45.6278987561045,-7.22158421096755,-2.1559892579456,-1.16345314875934,0.331847418872723,3.32937723745999,-0.508201518559539,23.0372505010092,71.844320617847,11.0134332967154
-29.3678831262845,-47.391951157466,-7.6756344360563,-2.26428549317966,-1.182827475382,0.312473093536837,3.4048868368077,-0.376555963868371,24.1614428232012,72.0937006740354,9.53553687562271
-27.8293690131542,-49.137622851659,-8.14955556956139,-2.35221408781699,-1.21859546294871,0.320421534701023,3.42376423670757,-0.250871717446802,25.4133052331192,72.2228616591375,8.08049195517594
-26.2193192185972,-50.8375911450075,-8.63490247577749,-2.43716205228845,-1.22902779267086,0.311479538387957,3.44512550492203,-0.11326485477806,26.6860320101085,72.1836165905051,6.63587924052848
-24.5342563165671,-52.5221593877651,-9.13018483720137,-2.47640701830148,-1.25237634012738,0.310485983242289,3.40985457356467,0.0457033616572427,28.0740096022672,72.0430298258866,5.21610511384427
-22.8472063234257,-54.18188882745,-9.64335101641577,-2.57625813448934,-1.25734411618705,0.294589100909939,3.43817067327989,0.214607091728416,29.4833483296669,71.7156564049414,3.88674347164566
-21.2013887170063,-55.8396311755734,-10.164465560432,-2.67412216371961,-1.26976355632409,0.269253444701473,3.47095773623586,0.424246426909789,30.9299448554622,71.1875866834587,2.61798799727824
-19.5113580933043,-57.4511733412855,-10.7218445119293,-2.74863792203626,-1.28913788296355,0.245904898775103,3.49529964654151,0.632892210911376,32.4401280305027,70.5149560102479,1.39195490385681
-17.8039403312102,-59.0115475653473,-11.3090298268333,-2.86885667882008,-1.30056376789211,0.254846895087237,3.53802218307929,0.846505750982485,33.9860786917085,69.6813708748051,0.230005382724469
-16.0398901607223,-60.4556761547719,-11.9165828236143,-2.91803707947637,-1.325402648203,0.283163216746165,3.5330544462931,1.05862896403257,35.6562220358271,68.80953421124,-0.937408631499509
-14.3329691964423,-61.9092435030325,-12.5663615018855,-3.05564284689721,-1.3452737524249,0.29210521306408,3.55391894087615,1.29906838993762,37.3199073471251,67.7171303184124,-1.97963612591241
-12.6046868951494,-63.238120015821,-13.2265724092352,-3.15052624614081,-1.35818997018345,0.282169661603667,3.58521568261838,1.54000459148195,39.0491663862964,66.5064944385185,-3.00497337732089
-10.9305531450067,-64.5133446997135,-13.926525135272,-3.27869335088305,-1.36713196708482,0.256337227810365,3.6696672082442,1.81919251934185,40.7799157213785,65.1354008612739,-3.94685294865098
-9.17991596799282,-65.6405300590543,-14.6433681352238,-3.3696025764202,-1.39495151303636,0.272234110142384,3.68854460804056,2.09241913906332,42.609522423766,63.7315202535865,-4.86339715404704
-7.54602106424797,-66.7294636526067,-15.3944884546972,-3.50770511566269,-1.40786773078962,0.251369452073776,3.7600800180455,2.38203935501895,44.4187615090046,62.0926659872148,-5.67263862600718
-5.88927449536482,-67.6937064034047,-16.1793893209037,-3.60109819991305,-1.43717760956599,0.238453235170929,3.77548000208248,2.69302092475818,46.3050000450314,60.3897279830121,-6.49529294140762
-4.26730222508885,-68.5476648258745,-17.0139674616464,-3.7203234138378,-1.45853904661921,0.218085354670074,3.83906703309988,2.99754440996307,48.1962062727685,58.564583794344,-7.25535399577076
-2.7009688307166,-69.3171712830619,-17.8753713325478,-3.89121288729617,-1.46847459874906,0.202685249897601,3.90911212175527,3.37261003982503,50.0948640445421,56.6485301184652,-7.94189280537664
-1.11426764616529,-69.9222447936273,-18.7780073435725,-4.00298652545235,-1.49778447750779,0.188278700281956,3.93097016366569,3.71687557734378,52.052637517481,54.7135990511059,-8.62098003832848
0.426233400308193,-70.4180275231223,-19.7089594030349,-4.12221173966849,-1.49877803272085,0.161452711342758,3.96524754746256,4.0879670006648,53.9771273337336,52.647023101423,-9.23846755208579
1.89619230943421,-70.767758027016,-20.6707113772158,-4.21957899805673,-1.53206213233543,0.154497825318003,4.02138297324471,4.474955243932,55.9304298366501,50.5377246442206,-9.85198089175501
3.31001556905761,-71.011675182422,-21.6717084012552,-4.3417848427746,-1.56335912155315,0.16592370949712,4.05118939390111,4.88628549447688,57.8807516968832,48.3578843896093,-10.41482349482
4.64733538629872,-71.1388499114109,-22.6985376135352,-4.49031958922467,-1.57875922733681,0.152013937442968,4.10235708276435,5.34083522605522,59.784377093349,46.1124700628984,-10.9314663086498
5.90765498085186,-71.1155014260884,-23.7606376940644,-4.62295764034291,-1.60161099725365,0.145555828996865,4.1470667137822,5.80631402203888,61.6934669482696,43.81588808706,-11.4108512280161
7.07607109482684,-70.9605072252265,-24.8694344184444,-4.78142782144493,-1.61303688219597,0.131646056940973,4.2240666339565,6.27725734850675,63.5568538840468,41.4959577444706,-11.8773200778253
8.13668690685929,-70.7374546738148,-25.9995923766623,-4.99652997992209,-1.62694665518917,0.110781398852346,4.33186652184725,6.78545884868361,65.360131547972,39.1154210550471,-12.2553635228799
9.17544459064896,-70.3489756201027,-27.1471373889868,-5.19076772580352,-1.63886931774011,0.0948845164981125,4.41234385765722,7.32644754060373,67.1614221141163,36.7562455830551,-12.6294327930996
10.1068987513291,-69.8427605881488,-28.3244887730822,-5.38401192866201,-1.6423467609867,0.0789876341418889,4.50474376142493,7.8699201092626,68.8822358141077,34.3309992539652,-12.9587925887139
10.9911592303241,-69.2113579350492,-29.5321433042231,-5.57973998987827,-1.64383709380605,0.0774973014225318,4.61403397057967,8.45015407495737,70.5613207603383,31.9117141818489,-13.260829928563
11.7706000657529,-68.4771225940856,-30.7671203435891,-5.82464845298793,-1.67215341739831,0.0551423106167869,4.75909188389769,9.06565911081787,72.1643997801997,29.4680871912668,-13.532564179914
12.5167569378371,-67.6470094325521,-32.0229618489142,-6.07154400317974,-1.67165663979173,0.0168904374443306,4.8902401346017,9.73332558681488,73.6994212045359,27.0314149939626,-13.7700211677877
13.1625651467412,-66.7036312841526,-33.2961904095891,-6.33930396638496,-1.68655996800734,-0.0288130993050263,5.0283432163338,10.4039727157272,75.1430368121567,24.5634460582855,-13.9533300140416
13.8739477249953,-65.545149014004,-34.5783608899192,-6.48287099661633,-1.73375384064179,-0.0198711029835677,5.07007220520221,11.0527617130553,76.5911233455179,22.2355671236895,-14.2335093894371
14.4273556784857,-64.3792151077328,-35.8948086995379,-6.73622457986203,-1.74667005843208,-0.0402389834789005,5.20370432391734,11.7884864467884,77.8559014902908,19.8421141041467,-14.4486116404261
14.9688410191331,-63.124358251852,-37.2142371572383,-7.00944903300339,-1.7759799372261,-0.051168090099944,5.31150421160925,12.6031985035688,79.0456672576252,17.4764803481319,-14.5956561354091
15.470584315204,-61.7428234562229,-38.5580074901283,-7.241938204598,-1.79982526237912,-0.0675617500395463,5.41185249376757,13.4049943917515,80.1281305538817,15.1858593102008,-14.7655521396805
15.9137080965756,-60.2952174254039,-39.9171777904068,-7.50224659335863,-1.84205135896916,-0.0839554099784645,5.5226330233386,14.2529904101972,81.0819302409034,12.9136188562126,-14.8907386692793
16.3076510993019,-58.7899853567425,-41.2728706914599,-7.80776121096642,-1.88924523165932,-0.0998522923453002,5.65278772569289,15.1695414627611,81.9105437170382,10.6960234177681,-15.0044994440716
16.61912936181,-57.2504757365747,-42.6121701028916,-8.14258536076484,-1.91805833285465,-0.153504270304272,5.79188435456885,16.1476926893535,82.594596925313,8.49233761039646,-15.068583024747
16.9792916263114,-55.5837914083029,-43.9296115203713,-8.44462257703357,-1.9647554279865,-0.163439821780228,5.88428425764998,17.171547270015,83.1698573563866,6.38899995737916,-15.1530342550429
17.2932537656683,-53.8391132178796,-45.2371174939414,-8.7635500327293,-2.012446078273,-0.158968823614042,5.97718093465535,18.2132857660506,83.612480018621,4.3815395084699,-15.2280468185032
17.4954414092354,-52.1212609566458,-46.5302170662439,-9.16692868541458,-2.02089129759996,-0.18380770231896,6.13465818843494,19.3936246568245,83.8563944149025,2.37407903201747,-15.2677885739191
17.6578870091595,-50.3929764114506,-47.791026416348,-9.61899096731727,-2.05963995100163,-0.213614356736879,6.31598057942123,20.645499230719,83.9239552250631,0.409837813220118,-15.2533821875391
17.7433324012644,-48.6741306264081,-49.0145778154456,-10.101356327888,-2.09242727312101,-0.265776001987281,6.50078038508539,21.9579804220674,83.8290720282435,-1.5037325650482,-15.207182396796
17.9415458395919,-46.7938325783334,-50.2103099475349,-10.4952963187665,-2.142105033884,-0.251866229925006,6.6309350873394,23.2640035201341,83.6219186613603,-3.22207108837705,-15.2384790292565
18.1616174009854,-44.8877021845686,-51.35437771578,-10.9061265495919,-2.21662167516498,-0.224046685791749,6.74618657903123,24.6976979443898,83.2776565909236,-4.85943559250096,-15.2881562236487
18.2644499365909,-43.0327397534396,-52.4288972989022,-11.3914725431034,-2.26431232553538,-0.216098244607833,6.90465738024044,26.1994506154707,82.7177960505755,-6.47692918311482,-15.2881562236487
18.3797018605737,-41.1454868820333,-53.4601976540629,-11.875328223551,-2.3030609789828,-0.214607911885492,7.06859269103151,27.7563453672033,82.026788051996,-7.97917140319292,-15.2821949603313
18.4790569674302,-39.2343887671555,-54.446291690421,-12.420286829606,-2.38105506345494,-0.202685250106385,7.24246347561978,29.3887499969937,81.1345879300041,-9.44912337408931,-15.2802078725566
18.537676480343,-37.3809167115176,-55.3951277700064,-12.9493487409111,-2.44414581981174,-0.191259365909393,7.40093427604024,31.0733160536459,80.0963372272096,-10.8053142865447,-15.2727562934044
18.5436377867491,-35.5393672976224,-56.2565318390694,-13.5469651553665,-2.50723657608945,-0.188775478039653,7.61305663297258,32.8477984763178,78.8658362683253,-12.1331891340049,-15.2399693451166
18.6400122403661,-33.6391983048851,-57.0200716657011,-14.0770206141892,-2.62596642464067,-0.152510715139174,7.76457260140194,34.6227776593192,77.5464133504603,-13.2822256285916,-15.2340080818012
18.6102057083475,-31.789203725651,-57.7389019419372,-14.7143787720367,-2.71538639430718,-0.128168614028413,7.98961107316314,36.4528989164429,76.0426885036666,-14.4193395698137,-15.1962534140759
18.6638574660343,-29.9223187681957,-58.3633453834504,-15.3194467692822,-2.83560657585785,-0.0938909614224204,8.15553347771384,38.3098460388051,74.4584867945398,-15.4158666930459,-15.1768793082991
18.6648510170997,-28.0916984921736,-58.8958858546031,-15.9831338334516,-2.95483320217759,-0.0784908566486627,8.36020422897997,40.2110061713532,72.7431376152523,-16.3652003598387,-15.1570084305431
18.5009150911858,-26.3976916817383,-59.3236072598697,-16.7695235252209,-3.04425317207049,-0.0700456379003542,8.62796523485778,42.1519083317908,70.8434864955392,-17.3214888581168,-15.0472218310337
18.4020567598626,-24.6937493558878,-59.6832707886238,-17.5583970795232,-3.17391212832296,-0.0591165312768027,8.90069397725894,44.1206299033956,68.8509392368077,-18.1968033230947,-14.9424029510604
18.2684241410585,-23.024084599581,-59.9480507073852,-18.387012379131,-3.32046152343054,-0.041232538615978,9.16348724509262,46.1007772944271,66.7491024057388,-18.98617601991,-14.8544743172509
18.164101278849,-21.3623682758575,-60.0886374187324,-19.2181115402243,-3.45806892159495,-0.00447099816797734,9.42578373982137,48.0506213571674,64.6005691090041,-19.6747037489722,-14.763565051683
18.0349396400488,-19.7244972214405,-60.1189405614599,-20.1118039465776,-3.59070854385711,0.0308002095359831,9.71788665357145,50.0228203030739,62.3685783131302,-20.3190186604952,-14.6532816804215
17.9196877159515,-18.1561748395847,-60.0737342337397,-21.0248704568533,-3.75663226601365,0.0814715220221366,9.99806699942872,51.9637223674012,60.0675363625854,-20.8798756673358,-14.5564111515746
17.7701582800289,-16.6280913395885,-59.9401023421506,-21.9935754090824,-3.92205921095206,0.116245952148812,10.2827183071773,53.8996566599969,57.6989335708773,-21.3940359895966,-14.4650051142035
17.6673257442971,-15.1412402719436,-59.680786924363,-22.9751964314383,-4.08450549017279,0.148536494400205,10.581279277532,55.8316167286642,55.2955568037642,-21.8431190157988,-14.3527346551633
17.5023962666034,-13.7060539342049,-59.3504329924687,-24.0194107036274,-4.26880998473931,0.193743253558755,10.9260401970923,57.7437057587735,52.8146837748337,-22.2703440202961,-14.2240707222086
17.2142664560058,-12.4417586041306,-58.9137696757389,-25.1694373685997,-4.43274659705606,0.202188472301427,11.332897824407,59.667717382432,50.2165728231923,-22.726878647719,-14.0114523309479
17.0925564497209,-11.0880435732596,-58.4045775278978,-26.2434579586738,-4.66076752204104,0.239943567845484,11.6870974420512,61.5097610286108,47.6492616261206,-23.0179877796329,-13.8882528893875
16.9847561583433,-9.76463189390217,-57.7860953597941,-27.3140011513757,-4.87736256189343,0.307505317770658,12.0149680558907,63.2698366971026,45.1246726842371,-23.2410389751388,-13.8201951333697
16.8123750468057,-8.5515045264202,-57.0821682682764,-28.446640826166,-5.10488670958546,0.362150850817746,12.4158643947477,64.9956348396259,42.5474260089722,-23.4760127296837,-13.697492463971
16.6474455685361,-7.37513860273038,-56.2818672529028,-29.5986546050357,-5.36470140249097,0.430209378254159,12.8207349236588,66.6821877030574,39.9592503491883,-23.6588252912184,-13.5772736541403
16.4576773134186,-6.25292128611014,-55.4090374105605,-30.7854424161167,-5.66028408439074,0.477403247635514,13.2539215489815,68.305153288833,37.3646166393697,-23.8048766312742,-13.4421516862362
16.2639348536312,-5.16994928795556,-54.4403304184022,-31.9762044089017,-5.94195699303141,0.521616451579492,13.72287587703,69.8595638410955,34.7878666442169,-23.9380118665855,-13.2792104896197
16.0841021089334,-4.11827419339347,-53.4274106515651,-33.1659728645851,-6.2420106743329,0.602591195820607,14.186862466811,71.3051805500361,32.2727161985662,-23.9971278852347,-13.1575013641543
15.7939851942914,-3.19824477957733,-52.3379878786284,-34.4233022926593,-6.55150313034369,0.640346291320573,14.7199005929998,72.6842293303704,29.7381916624392,-24.1103921900341,-12.9602829038187
15.6062040406766,-2.23897005599128,-51.1586492354753,-35.6175417095015,-6.87887958163912,0.723804923387915,15.2201516562636,73.94852296392,27.2866278185511,-24.1153599227029,-12.8410576381952
15.4546875010366,-1.27820500598669,-49.9360913659116,-36.7894264023942,-7.25046924106282,0.823657215353735,15.7228865872912,75.0916033685637,24.9065989374555,-24.0845599801264,-12.7377290746986
15.1432092374029,-0.474421219127027,-48.6578949522122,-38.0368204182298,-7.57883924859014,0.888735077269491,16.301627883143,76.1561932411727,22.5404796119991,-24.1034373642663,-12.5251106846689
14.8963117941398,0.325388355717713,-47.3245567681654,-39.2782531779973,-7.96235157246007,0.95927749242809,16.8863304631129,77.1169570323334,20.212611615865,-24.0651858227513,-12.3363373475227
14.7825501953958,1.18828849666728,-45.9360768149206,-40.3994671666001,-8.36474144681724,1.10185265533363,17.3840976521932,77.9346494798534,18.0372522331268,-23.9136699764534,-12.2250604331472
14.5073365455404,1.89967191520476,-44.5217646888107,-41.594203391412,-8.75421510352247,1.17388540313853,18.0135098552753,78.667393316027,15.8599057425664,-23.8361733468853,-12.0293322891259
14.2803101232911,2.58621652431216,-43.0577752977041,-42.7288302321008,-9.15908886798777,1.28417002385478,18.613612410892,79.2565690365157,13.796816520916,-23.7050252047411,-11.8817910233143
14.0910386419193,3.28120632624713,-41.5724246886386,-43.8088121777299,-9.60618873090719,1.41829996790207,19.2236504381504,79.7190670076307,11.8579199861662,-23.5356255211726,-11.7779656880727
13.9186575290954,3.94638955739297,-40.0473322701215,-44.8753812895767,-10.0731597005991,1.54398469308116,19.8371658786027,80.0638291902351,9.96273926887555,-23.3458581342503,-11.6175083519002
13.9107091204285,4.71390866835432,-38.5008786370401,-45.8008672067412,-10.6116666496323,1.756605492938,20.3801394617053,80.2252812206618,8.24341541127004,-22.9886781578873,-11.5931665269003
13.708024699097,5.28818186588995,-36.9688314287034,-46.8023592203877,-11.1183798318942,1.91954853565598,21.0329000141175,80.3325847238248,6.49726591032939,-22.7596656832514,-11.4416510857732
13.4839789289897,5.83215171916392,-35.3960488675497,-47.7631159482013,-11.6424802319637,2.06460758592584,21.7258992292543,80.3147008066504,4.83755452004773,-22.5182338771007,-11.2886453288641
13.3548172874473,6.40741846701459,-33.8197889119627,-48.6215376832518,-12.219239062759,2.2454346211561,22.3771694551831,80.180571427756,3.28663593158319,-22.2479892217875,-11.2096585908502
13.1243134348304,6.89624616900053,-32.2405483348634,-49.4685336695489,-12.8024560042644,2.42377776840791,23.0989815352046,79.9694418498588,1.78688472917072,-21.9797316601512,-11.0730463080421
12.8664869274942,7.33738336188614,-30.6697529092558,-50.2882072070551,-13.4129957176109,2.57132070612692,23.8421548779966,79.6361055037488,0.331842894199587,-21.7472417738328,-10.9086147968403
12.7114929573094,7.8147852110795,-29.0984607257003,-50.966300772955,-14.0801680829788,2.79735449955048,24.4978960609002,79.1656591252101,-0.969199985664115,-21.4432165379106,-10.8162152165511
12.5053311060246,8.24648365625261,-27.5530007402373,-51.6215428361355,-14.7751599991817,3.02289151510321,25.2067920179278,78.6266577289747,-2.25981068556527,-21.1719783378059,-10.6845706533192
12.2246529223893,8.60366568376739,-26.0144955857677,-52.2435011873839,-15.4875391342814,3.20719599254533,25.9519524469588,77.9957528677849,-3.5305505587381,-20.9275658938809,-10.4953005453915
11.9797425785258,8.93203469539828,-24.4759904459972,-52.7636213113153,-16.232208819711,3.421307123638,26.6976096467781,77.278905844604,-4.72131032867962,-20.6622889740802,-10.3537205435139
11.6185867570969,9.16551946856254,-22.9662981383829,-53.257412527394,-16.9748913972303,3.629953701095,27.474066810247,76.5168522496423,-5.90362499839528,-20.4764957763195,-10.1276893122023
11.4268313962097,9.47997874817467,-21.4605800257374,-53.5733594234634,-17.7771872948434,3.87039404258592,28.1392466794215,75.6266305764885,-6.93492133148937,-20.1814124617913,-9.98759962625116
11.2539535057278,9.77605731147408,-20.0124875605172,-53.8013777025165,-18.6400900681414,4.1734283570859,28.7870394703349,74.6648732295167,-7.88822464254433,-19.8629808046104,-9.87632271256683
11.1039272904952,10.072135874019,-18.5723434720137,-53.9320286991158,-19.5253478401324,4.504282214703,29.3742258783642,73.6131995129499,-8.77595420168707,-19.4978524622779,-9.76951674636096
10.9886753634011,10.3771564065418,-17.1754186208057,-53.9504092575899,-20.4528317158561,4.8773621646737,29.9241542642866,72.4696223255184,-9.59165198723806,-19.155575690232,-9.67761393823436
10.7964232261669,10.58927980606,-15.8003517801861,-53.8942740384519,-21.3981995912189,5.25242922446844,30.4760697419343,71.3007095808846,-10.3889692540815,-18.8341633949606,-9.56087253348156
10.5952291288404,10.8053774141437,-14.4620461305708,-53.7626294981454,-22.3679095759466,5.63544472448541,31.0185465209044,70.0647321369473,-11.1326352675398,-18.5231833385696,-9.43419568994345
10.4034737668631,10.9772619482442,-13.1694435792638,-53.5152371168512,-23.3465615639155,6.03634421603818,31.5088620686445,68.7855352171222,-11.817682319825,-18.2107129628107,-9.31497042556797
10.3289574344024,11.2186951376554,-11.9036667625032,-53.1267615308838,-24.3873107635603,6.53411533129818,31.9003196685216,67.432815514971,-12.3859882153874,-17.8108104954904,-9.26082228464796
10.1471375832693,11.37567638821,-10.6885607698781,-52.6975506539593,-25.4096791952937,7.03337677802053,32.2733966438243,66.0731409454661,-12.9746617194977,-17.48840465615,-9.1599775819143
9.97624679389429,11.5162640271165,-9.52412559918661,-52.2032626660398,-26.4787447324376,7.54605121775392,32.6181575234937,64.6642855920833,-13.5245870956984,-17.1933213459047,-9.06161673886604
9.80088502476599,11.6613226507501,-8.37757425430024,-51.6096203105766,-27.5597329393155,8.09548719564214,32.9038023441308,63.2295979018349,-14.0158935079365,-16.8724058273807,-8.97915259775936
9.64191684856886,11.8004199610954,-7.2523841411934,-50.9215913068535,-28.6511534828707,8.68863959684902,33.1134408037613,61.7372842412022,-14.4570260610388,-16.5544709489376,-8.87979821084771
9.4764905903452,11.8808976905465,-6.19177448346521,-50.1650077913372,-29.7470450318838,9.31954709043931,33.2738986767885,60.2519254261414,-14.8802748628954,-16.2648521464816,-8.78193413978029
9.30063204540641,11.9608786438675,-5.15997764696072,-49.3135408577704,-30.8454204746514,9.97082246187504,33.386169510546,58.7367600685929,-15.264775535715,-15.9523817752188,-8.68059266515987
9.17991558639701,12.0900404318755,-4.17090326640287,-48.3815968896509,-31.9716154735908,10.6663110340289,33.3633179249431,57.2012269034054,-15.5886701602726,-15.6180533812815,-8.59763175223758
9.12825092904777,12.1973440710229,-3.22107393215795,-47.357750137106,-33.0983072559623,11.4417807889875,33.2788664127903,55.6512872355673,-15.9026293672318,-15.2484540878421,-8.54099975174899
9.0537345962813,12.3021638296487,-2.30452837133308,-46.2703165951892,-34.2150634909123,12.2440765295177,33.0910859918033,54.0551474301347,-16.1624405468794,-14.8947515385105,-8.49380641804863
8.86843731527758,12.3220348739357,-1.42176335616238,-45.1838766028964,-35.3233745113287,13.0518368203147,32.8784668903706,52.4952722283714,-16.467954649451,-14.6359326791807,-8.37557469780594
8.78696612472864,12.3965512899761,-0.564333751418558,-43.9732436601278,-36.4311887595904,13.9187136359616,32.5252608593503,50.9115517872988,-16.6626888419354,-14.3105462060401,-8.32242010091832
8.69854007628491,12.4571579750438,0.25037340169983,-42.7099529104008,-37.5067124634951,14.8362617580312,32.0846226733738,49.3183925988782,-16.8559327220488,-13.9677726697481,-8.26976227596842
8.59769463909703,12.491932302496,1.01391296691261,-41.4173526314092,-38.5598811766153,15.7980230778519,31.5441329916055,47.7257301735516,-17.0327831625506,-13.6642442200452,-8.19127231052154
8.53311381723165,12.532171167123,1.7431752161691,-40.0442753283208,-39.6026175635678,16.8074750368628,30.901804717892,46.1464806751819,-17.1698919310227,-13.3413416147187,-8.15699504710403
8.43872646220503,12.5739003600648,2.45008269314301,-38.6418884964374,-40.5857406312739,17.8243786550682,30.1839668539414,44.5637537354666,-17.307994241534,-13.0412905788754,-8.09539532738802
8.33639069820338,12.5927778521138,3.11724835573804,-37.1962825282338,-41.5509797061855,18.8566823732091,29.3464065465615,43.0162978494343,-17.4341740504932,-12.7511750083706,-8.01442150229449
8.22759685193583,12.5773777928111,3.74963993062409,-35.7531604273695,-42.4421989074867,19.9327025102391,28.4656269318915,41.4743064828674,-17.5335282308497,-12.4774529548282,-7.96424753709184
8.10638361697143,12.5803584494472,4.35917996147255,-34.266819192483,-43.2852306748128,20.9898450956108,27.4646280963648,39.955166780682,-17.6080438661317,-12.2196276456271,-7.90215104543586
8.07061577716555,12.6215908662211,4.92798463395688,-32.7089428312225,-44.0721265644552,22.0986525394828,26.339932624464,38.439504493531,-17.6383468911273,-11.8957314968261,-7.86091897499306
8.03186728391535,12.6379844777454,5.46201521994348,-31.145105217066,-44.7601636921538,23.1687113332195,25.1466823878065,36.9486809773009,-17.635366265714,-11.5892224108951,-7.83608037835538
7.95735095086637,12.6419586865943,5.97369103507985,-29.5782869862569,-45.3796454979808,24.2253571288485,23.8858709302293,35.4836897789124,-17.6611983526136,-11.3110294002212,-7.78242900961799
7.89028625099773,12.6300360600358,6.47096044267884,-27.9727205679072,-45.9131847609338,25.2343122785794,22.5346466634036,34.0549631883308,-17.6726240833726,-11.0522105458593,-7.72331314962932
7.78546660896225,12.5823455538027,6.94289444419151,-26.401928184568,-46.3225295964241,26.1916025624942,21.1695127267784,32.6391527523472,-17.6875272104521,-10.8107787547181,-7.66022311424241
7.67617598696804,12.5406163608549,7.39446076662044,-24.8584582636691,-46.6141381145295,27.0624535542766,19.7313530527849,31.2541423931052,-17.7098819010525,-10.5787856555932,-7.5737847979508
7.6587888425826,12.5639648378261,7.79933046072947,-23.2176210889077,-46.8088749785323,27.9313174325816,18.1779418829343,29.8770804326266,-17.655237101816,-10.2787346246032,-7.54348171006669
7.58576283597856,12.5237259731773,8.18581956666247,-21.6577577243725,-46.828746087099,28.6884063682208,16.6046597542216,28.5218765905842,-17.6120180333038,-10.0507157119284,-7.48784325367177
7.56191760933679,12.5172678837894,8.54200554144274,-20.045733334947,-46.7328679882894,29.3660108990319,14.95090028364,27.187537314464,-17.5628377139661,-9.78543880726657,-7.44512086751759
7.52366589162491,12.472061258102,8.87136579343977,-18.459541092158,-46.4621241345746,29.9159436072902,13.2827343599138,25.8566754580539,-17.4937865585953,-9.5445037913081,-7.39494690234189
7.40841396301725,12.4000287227276,9.18085513992932,-16.9483613983517,-46.0095596387127,30.3183333929191,11.5902265111107,24.6197041833178,-17.4714318680204,-9.3616912435593,-7.32390851603287
7.37811065415197,12.3866157678449,9.47345421661763,-15.3870077675828,-45.3940520554915,30.6362710012649,9.78594457225994,23.3529263648634,-17.4038710254364,-9.12622073365566,-7.27274100701607
7.33737505865898,12.344886574898,9.7297888909894,-13.8599314004101,-44.5674139483798,30.7843107000298,7.98166261775101,22.1090002156997,-17.3318392447412,-8.92602112319575,-7.22703798926907
7.34780734531691,12.3409123660438,9.96277525174789,-12.3701129259298,-43.5221936551524,30.7917623627224,6.14260648696143,20.884945084533,-17.2096336030476,-8.67415709755717,-7.19921876107444
7.40245265638492,12.3940674094433,10.1540327117629,-10.8147205914665,-42.3329078334234,30.6710454270821,4.21909881512361,19.6777803162363,-17.0635829581436,-8.38851249274896,-7.21610900675717
7.41785269860362,12.3831383350878,10.3408192178406,-9.3278827678503,-40.9339818294738,30.4082501225307,2.33284914898278,18.5237705339374,-16.9418740873978,-8.16496454130037,-7.18729623470848
7.34134926316557,12.3190542173885,10.5236315427984,-7.95083151126559,-39.3596933069944,29.9750601310616,0.454547840918323,17.4035414866814,-16.83258448937,-7.97321007701234,-7.14755448014702
7.33787183427439,12.3145832324233,10.6731601019764,-6.53254820874548,-37.6885331452573,29.503618270371,-1.45852764441187,16.3101383184138,-16.6741145722864,-7.74519116713461,-7.14805125207872
7.34085248760584,12.3081251430336,10.8187144800258,-5.16791626288748,-35.9060947906303,28.9298402414762,-3.38104184833374,15.2147480404081,-16.5042189245899,-7.51965612382614,-7.13712226958273
7.30359432094768,12.2678862783387,10.9285012292652,-3.8787936286889,-34.0397010212321,28.292971467086,-5.25089805814608,14.2018225129624,-16.3715810944345,-7.33684357771808,-7.09688374310881
7.28471684983253,12.230628070301,11.030339616518,-2.63239336969444,-32.1251198309005,27.6123862702086,-7.10287043287242,13.1789614679366,-16.2165885737978,-7.15701167108794,-7.06558711142504
7.28670395205432,12.200821503868,11.1316812310325,-1.40785107586614,-30.1812287736049,26.913917081398,-8.91559770601597,12.1794488723373,-16.04768646833,-6.93843145359188,-7.05515490085818
7.26186517428246,12.1571052064167,11.2141454859152,-0.257824546385735,-28.2229311816956,26.209486560408,-10.7014992130508,11.2325944899388,-15.8971648860541,-6.74270280425729,-7.0337937078017
7.19281337203797,12.0572532087383,11.2792226991144,0.849479609198309,-26.2631432779525,25.4807139382352,-12.4099040368757,10.3120692127967,-15.7526045547648,-6.60459984884548,-6.97517461989413
7.13270352985666,11.9395172713294,11.3547321372781,1.87034547962549,-24.3063360571542,24.7280959926072,-14.0572057088289,9.43327308542927,-15.6050635982336,-6.45407756320611,-6.91456844424769
7.11283250763721,11.8754331534164,11.3974545825274,2.88723717142311,-22.3549934123274,23.9829297071249,-15.6955654691298,8.56043826275113,-15.4252325334171,-6.25139408954679,-6.88823953187956
7.09097438318379,11.7681295140922,11.4267641670515,3.83060664617233,-20.4284896692908,23.1960341064896,-17.2137059983875,7.73131969354267,-15.2667626173305,-6.13415560976324,-6.82465272467716
7.09544536318664,11.6901356651203,11.4511060253973,4.73125374879382,-18.4865858377645,22.3674091910781,-18.6722336934047,6.92703990443623,-15.1172345775894,-5.98313655116367,-6.78292388243969
7.09693568985223,11.6007159656985,11.4655124313477,5.58619785081535,-16.5481594662039,21.515932506702,-20.0507808272106,6.18237319038456,-14.9518098693673,-5.84304650361163,-6.73920795249057
7.1158131609659,11.5356382954924,11.4610414777727,6.40289052862969,-14.6107266692236,20.6416040528007,-21.38958607096,5.42975806344063,-14.7441596351478,-5.65675654678778,-6.70691777695927
7.14860034763056,11.4263475515791,11.4689898396788,7.18679627148375,-12.6732938891996,19.7106429568831,-22.6250623836698,4.70049138939063,-14.5538963822788,-5.47990528118746,-6.67760823302737
7.16747781872975,11.3115922704641,11.4337189837157,7.88476050685078,-10.748777344439,18.7449074307472,-23.7626742769143,4.04127008170704,-14.396916779643,-5.34229910012466,-6.62346009251711
7.23354896754899,11.2440307196996,11.3964610372823,8.59116985852206,-8.88784835124017,17.7742041263124,-24.8645184669365,3.37708101462615,-14.1614473759619,-5.1490543189155,-6.5976279520945
7.34830412081552,11.1958434370881,11.3656611348833,9.2568439288866,-7.08007458121651,16.8347978031423,-25.9102272287538,2.74468558842884,-13.9354166194949,-4.94339020735742,-6.60259567140481
7.4079171874422,11.1079140657323,11.3174741908309,9.8480022437182,-5.30558492552194,15.8750235968728,-26.8322393287441,2.16147095165312,-13.7367082622372,-4.79137760329196,-6.56881518010743
7.58377573354153,11.1113914984917,11.2658098384228,10.4585346514108,-3.66125101865756,14.9569787015337,-27.7150063087868,1.57577243447173,-13.4798777111236,-4.57329416228118,-6.60607307497393
7.67567921122966,11.0219717986855,11.2047068062218,10.9736868945794,-2.06758844102751,14.0389338016841,-28.4730830744264,1.05713863196524,-13.2538469552244,-4.40737190825447,-6.57924739072081
7.72088578676956,10.8793970550001,11.1406231382567,11.40587826429,-0.559371624432047,13.124366341,-29.1054760801797,0.561356509366806,-13.0750094340669,-4.31199145082198,-6.5062219169275
7.79142791550711,10.7407965202326,11.0606427464459,11.8112439617777,0.868367210687869,12.2445733058788,-29.6936562231415,0.0685550390754155,-12.8892171207447,-4.17339172396048,-6.48237686425149
7.85203453319776,10.6086540748394,10.9980493962715,12.177861466943,2.18681496337497,11.3896191449786,-30.1889396728297,-0.384504378197543,-12.6780894924503,-4.03727586335116,-6.44412542558455
7.88035073982845,10.4616083458733,10.9026690531514,12.5057307799884,3.41385562959496,10.5813620703894,-30.6171586641589,-0.772486182618763,-12.4808714489428,-3.9135793330713,-6.39693209218755
7.94244768413418,10.3379110941818,10.8197080254553,12.8301226903938,4.54849565578011,9.83172474482992,-30.9887454468317,-1.19126808003869,-12.236460171321,-3.76852155485497,-6.39345468867147
7.96877678850273,10.1789427386855,10.7029664594328,13.0720505006345,5.59073504513019,9.09053263543122,-31.2411065243294,-1.5335465236726,-12.0432162956695,-3.66767659270519,-6.35222261842188
7.95933805297234,10.0035807712448,10.6150377055015,13.2727462608163,6.53163180032273,8.35132763400859,-31.4239192738188,-1.83459258615119,-11.8618949214327,-3.57527677520705,-6.29757770604806
7.98765425957074,9.84063820651748,10.518663816985,13.4923193447649,7.39403769210029,7.6950844822859,-31.5610288358858,-2.13911607896307,-11.6358641674305,-3.46598666847426,-6.25882949548323
7.87737008673626,9.55995970358918,10.408877067594,13.5822350191933,8.20974648794337,7.03635744160024,-31.5689772163223,-2.38154261205447,-11.476400712774,-3.457541523885,-6.15102998644712
7.88382816893961,9.40595910869078,10.3164773599441,13.719840775266,8.92609976366374,6.4506566998062,-31.5898417149176,-2.6393691914748,-11.2687504821125,-3.34527077798523,-6.1078108285279
7.90121531335649,9.25046818516062,10.2032132020167,13.8395627507542,9.57936228349334,5.92158859826269,-31.5654997999031,-2.88974413598404,-11.0382487905131,-3.21312910338961,-6.09141735484057
7.84756355348953,9.05473839633548,10.0899490440227,13.9250074800674,10.1526436112903,5.37513328068976,-31.4482611887681,-3.09391894238354,-10.8286114764643,-3.1480518126377,-6.03081117936368
7.78298273135507,8.81678263755389,9.98811065633926,13.9672330730528,10.6583631867002,4.87338794254057,-31.2863129378981,-3.27623561878442,-10.6825608360651,-3.11824541993602,-5.95281798636979
7.80533763130425,8.67917565388017,9.88676904118487,14.035787565107,11.0860886812124,4.42529458027796,-31.1263517821532,-3.47991364983794,-10.4768976894713,-3.0188907777345,-5.90413433724936
7.77602787361096,8.48592974533101,9.78940160696257,14.0511874872172,11.4646331945293,3.9637882230479,-30.8898874650049,-3.63043668280528,-10.3174342355438,-2.95281994076978,-5.81024444244842
7.76410526031539,8.30212258296356,9.70296317032449,14.0760260712667,11.8079064995804,3.52910785330436,-30.6429908989897,-3.80679205163624,-10.135119321135,-2.85743948445926,-5.74417377576633
7.75814395366281,8.12874771869803,9.58175065003128,14.070064811092,12.0995149361722,3.16049889916768,-30.3563524312012,-3.9682441497868,-9.94435930177634,-2.79583960638116,-5.68605145997338
7.76311170920311,7.96232772003382,9.45308654027937,14.0616196925227,12.3449230578187,2.78294794830465,-30.0677268688093,-4.12919947256417,-9.76403147127539,-2.70194946974417,-5.64780002138181
7.75118909589489,7.77852055702822,9.34379656280202,14.0333037066962,12.5595309695535,2.42775198746161,-29.740849726304,-4.27276764626311,-9.60208416347242,-2.61600770443528,-5.57427777578201
7.66524692489972,7.55099709564187,9.21711954342906,13.9612718128401,12.76171944166,2.07056891565644,-29.3712500405396,-4.38354862460729,-9.47888498456661,-2.58520776541261,-5.48783946010688
7.63494361605112,7.37166091739905,9.12422306245728,13.90861401458,12.8908816104515,1.73623761164367,-29.0160567946427,-4.46551661309994,-9.32736986544264,-2.50920146428309,-5.42872360051157
7.65481463823735,7.23753136574997,9.01841049311938,13.8490014127718,13.0096114501956,1.44164851252786,-28.6578829069563,-4.55940721822898,-9.14704203542879,-2.41680164726912,-5.38600121458401
7.66475014934571,7.10439536605942,8.88130124824473,13.8018081029587,13.1134379626835,1.15898207480773,-28.2833154857689,-4.65031716923164,-8.96671420537066,-2.31794377848237,-5.35718844269481
7.67418888487387,6.94642056071438,8.76207581787338,13.7377245560456,13.1829868227489,0.884760855614968,-27.8799351863903,-4.7317883822561,-8.77943158335948,-2.25733744699891,-5.33185307430232
7.64189847381648,6.80434259095782,8.6294375264741,13.6562540002329,13.2421033537348,0.621965520114274,-27.4546968424833,-4.80133697874398,-8.59860698291902,-2.20517626008653,-5.3040338462625
7.61209194055296,6.65034199436531,8.50673468749862,13.5459706868198,13.2793616715981,0.394938169568007,-27.0259810831072,-4.83114352011439,-8.44262092666356,-2.16990536230333,-5.24938893406517
7.61904679831417,6.53210927818012,8.38303830318825,13.4734420212204,13.2858197800284,0.174865705015751,-26.6131620847844,-4.88231141611841,-8.27173174418198,-2.07253781349726,-5.2195826183121
7.66624047589841,6.4481541142322,8.25685805560735,13.3899843786991,13.2624712341662,-0.006954886611283,-26.2316398339635,-4.91112440614029,-8.10034579106285,-1.96672512039227,-5.2245503376073
7.64537590259548,6.32445686048914,8.12024558276645,13.2672817729919,13.2599873463116,-0.21808535535434,-25.7716273305538,-4.91807926579303,-7.96572088280208,-1.92499617090507,-5.18381503943739
7.61904679812805,6.16598527801598,7.98611697298328,13.1396114501465,13.2113031443621,-0.438157820898147,-25.3056535441542,-4.93298253647092,-7.81569607724404,-1.88773818021969,-5.14506682903297
7.6374274936635,6.04675900918186,7.84900772740697,13.0303216797344,13.1487091703554,-0.632397852575358,-24.8645184458648,-4.96775683472474,-7.66169710487048,-1.83657053976413,-5.11824114488045
7.63395006478204,5.92703596429156,7.71438234480286,12.914077105702,13.0801538654812,-0.790869898969048,-24.4447446199843,-4.97769234852179,-7.53353021839917,-1.76900938352692,-5.09538963615032
7.67220178251272,5.82619041178964,7.59068595988474,12.7923680430433,12.9971920110467,-0.954309721255022,-24.0170224152727,-4.98017622697051,-7.40834395715472,-1.70442886651144,-5.05912528535863
7.67071145585062,5.71441578473072,7.46251862129677,12.6602267751228,12.9137333789403,-1.1112914351124,-23.5863195687902,-4.96129875075123,-7.283654467068,-1.64580962805044,-5.03279637312743
7.66475014918936,5.57780235146972,7.33882223624395,12.4928147173293,12.8034487579741,-1.24641493578041,-23.1466747963704,-4.93894384470987,-7.16790685279845,-1.61799032842336,-4.98063532061353
7.7521826466627,5.53209894841761,7.22406775850044,12.4048861291763,12.6862092508725,-1.35918344549966,-22.7666428746396,-4.9404341717796,-7.01639173561124,-1.5091969962436,-5.00547391705609
7.73479550225607,5.37462091796119,7.08795205744887,12.2394611580325,12.6027506186964,-1.50970705109394,-22.2986820000574,-4.9086405276446,-6.93492131191243,-1.49727443928179,-4.94685482948389
7.64736300476726,5.1843556636536,6.97220403423226,12.020384844772,12.5173048761693,-1.68904375621751,-21.7894889046319,-4.86244038849245,-6.86885078544504,-1.54099048143098,-4.85495202263912
7.67120823139777,5.08599399154175,6.85198505721767,11.8907274346916,12.36628449405,-1.82615436751012,-21.3880957148418,-4.85498875315033,-6.71485181399284,-1.46945513966959,-4.86190682964032
7.7447310136155,5.04128414049557,6.75014666759638,11.7715022297483,12.2381158802105,-1.9145807763605,-20.989186395677,-4.84058225816151,-6.58767846975418,-1.39941011738215,-4.86786809277661
7.77503432244206,4.97223225952151,6.63539218946435,11.6388641894073,12.1173989298093,-1.98661352508368,-20.5803416015185,-4.80779506266337,-6.45802127134083,-1.3253909095923,-4.85445525070821
7.78695693574794,4.86393506486738,6.52808930071557,11.4858585097451,11.9941980914972,-2.10037559038699,-20.1516258582154,-4.76258847492816,-6.35568647109693,-1.27322972295848,-4.81819089992858
7.78447305797497,4.756631422325,6.42476059294026,11.3353366883798,11.8541068155943,-2.17886644768934,-19.7244004375289,-4.70843992481872,-6.23695823198045,-1.24789428942102,-4.81868767185697
7.78894403796103,4.64485679473882,6.3263996115032,11.1604730543121,11.7115316516389,-2.2548734171127,-19.3001556600698,-4.65329782333683,-6.14108145327209,-1.2131201649971,-4.78788781229138
7.79341501795711,4.54649512230306,6.21959349516573,11.0054802874005,11.5759113737041,-2.3591967085947,-18.9017431186262,-4.60312347876072,-6.05961102989073,-1.19026859747724,-4.75559763696534
7.65779529163336,4.34082980747752,6.10881319772913,10.7655395618457,11.4750655259657,-2.50276542879058,-18.4243435526321,-4.53009745247954,-6.01688873475737,-1.25335879460029,-4.65773356708572
7.66524692495195,4.24495201555119,6.02684571298939,10.6170048268394,11.311625703652,-2.58026273105216,-18.0358664877487,-4.48687796756772,-5.90561205901483,-1.21113307208833,-4.65276584780454
7.66226627162314,4.16447428350426,5.92302023226093,10.4689668632428,11.1561343224559,-2.62845015620504,-17.631989438026,-4.42527778220397,-5.80228371730199,-1.17784926726091,-4.62941756718586
7.61308549167305,4.04077702860182,5.81720766087373,10.2787033059441,11.0110752701783,-2.69402479666792,-17.2002930595985,-4.33039362576644,-5.75707756783972,-1.19622987588181,-4.56533398844241
7.61358226722785,3.94887344563061,5.70245318207578,10.1460652646157,10.8526032232935,-2.75314132861086,-16.8162869612933,-4.27276764591895,-5.67411683198897,-1.14953319450262,-4.55390823409875
7.50429164505958,3.78145989164163,5.60707283602116,9.93145989412483,10.7125119466416,-2.86789694944129,-16.3691905993192,-4.17987059231072,-5.64282026697893,-1.20566856682647,-4.49578591852952
7.49137548064462,3.69452406988655,5.50275058241631,9.76156397573578,10.542117237613,-2.924529593507,-15.9702812900747,-4.11379942581173,-5.56333692733999,-1.20765565964795,-4.47293440983873
7.49236903175383,3.62000765116818,5.40786700885338,9.61600987017765,10.3781806369547,-2.98265257028395,-15.5907461574958,-4.05816054879367,-5.46994400333513,-1.17387508165139,-4.45952156777459
7.44368502741862,3.51916209782645,5.30155766463474,9.45803647218631,10.2346119168625,-3.04524654528563,-15.2002820035571,-3.98463774706343,-5.39989931036836,-1.16592671036357,-4.43418619944295
7.52167878944516,3.50723947083677,5.20071281928572,9.36116599226089,10.0418622162986,-3.04922076592257,-14.8803597198645,-3.93595372967891,-5.30451930292307,-1.0630946568697,-4.47194086598102
7.52764009611205,3.41434233529345,5.1117905172292,9.20865708239934,9.84315118484165,-3.07356286735663,-14.5087729697452,-3.86541158210561,-5.24291971474966,-1.04272695541301,-4.45654093622839
7.52118201390273,3.37261314075859,5.00399085487374,9.03727084833819,9.65984025798316,-3.1217502926082,-14.1351991250484,-3.7884113506065,-5.18032658491273,-1.03030762528058,-4.44263132224491
7.5082658494738,3.28219988591028,4.91755241588466,8.87532327617684,9.4884519930178,-3.17689260398548,-13.7745413983357,-3.71290144623585,-5.16194606264396,-1.03080439848652,-4.42077335742478
7.49733678724967,3.20917379536309,4.85595260876175,8.72976916977074,9.31010884174183,-3.20024115025458,-13.4203417308537,-3.67067551289301,-5.09984970365671,-1.02633343963113,-4.39742507682702
7.46554315172294,3.11130889850938,4.76355289799291,8.5335443504719,9.14021090925745,-3.21266058975708,-13.069122706389,-3.57181715131485,-5.05414678345273,-1.05266241954336,-4.3537091471994
7.54154981173549,3.07504424125773,4.66519191555867,8.40835788329533,8.95441609408595,-3.20471214846958,-12.7616197705959,-3.52710733957755,-4.96472802654721,-0.98659158310894,-4.35221883141686
7.49833033845282,3.00549558362369,4.57527606788576,8.26628117851189,8.78501493882758,-3.22358969652147,-12.4168588056506,-3.44116514589918,-4.91207031420788,-0.98460449028746,-4.32241251575606
7.50429164510729,2.96426316516532,4.4838699022727,8.12569478886743,8.59325879217451,-3.24594468762737,-12.0929623376291,-3.36913267142702,-4.86736093584705,-0.953804551579051,-4.3065158140572
7.54254336280713,2.94091468723674,4.39494759981763,7.99504383298777,8.42137374882212,-3.26382868051527,-11.789433592817,-3.32193898127508,-4.80923874399433,-0.899159499066693,-4.31843834032859
7.51969168733384,2.86192728327834,4.32738652082248,7.82961885849828,8.27035336362602,-3.27972556306967,-11.4352339282687,-3.25388071228051,-4.7516133230467,-0.912075602373052,-4.27124500716249
7.53956270954664,2.83510137241183,4.24144485414304,7.69896790222474,8.1113845370924,-3.28668044919827,-11.1277309951751,-3.19079020023307,-4.71038134074477,-0.891707900938546,-4.27521918258186
7.57483377390051,2.79237862554988,4.17040636659162,7.57924592336196,7.9449640465383,-3.27575134243161,-10.8415893321775,-3.13862875326337,-4.65772362849179,-0.846501539326088,-4.26727083173668
7.61556936938469,2.77598501337004,4.0824776092338,7.47144646509592,7.7730790025733,-3.26184157018023,-10.5758153922179,-3.07951244675867,-4.57227903870417,-0.788379074320169,-4.27919335800048
7.66226627158201,2.72829450513585,3.97964567264763,7.35371157279516,7.60665851184,-3.25488668405512,-10.3075575842079,-3.01493160770745,-4.51664070121298,-0.727275970070196,-4.27124500716231
7.7129373781838,2.724320296118,3.90413623121281,7.24591211428925,7.43874768831167,-3.26581579082269,-10.0422804189582,-2.98810572073353,-4.44063475805816,-0.68505024758739,-4.27919335799956
7.70945994929933,2.69451372847226,3.82912356240462,7.13264816712431,7.26735942150588,-3.26680934598349,-9.79091291802035,-2.92650553584317,-4.38748027497324,-0.652759989264488,-4.27174177908786
7.78000207806739,2.68259110142874,3.77100116337715,7.03975185960757,7.09696470969052,-3.23551235843195,-9.55693249746933,-2.90663450845765,-4.31445495714382,-0.599108483164294,-4.29956100703714
7.70349864256165,2.59118429398755,3.70045944827134,6.85544955932602,6.96035087355942,-3.25488668407408,-9.27228115848141,-2.84205366950464,-4.29210026800033,-0.635869700338251,-4.2394516038048
7.64587267821251,2.50077103881255,3.62594355199761,6.69101812695464,6.79840138054386,-3.2717771218139,-8.98912014095814,-2.74816306523025,-4.30402276887963,-0.705914722223828,-4.18778732332533
7.57433699833645,2.40141581333299,3.54347929344496,6.54397370404306,6.65284554771961,-3.30704833001944,-8.70993331353395,-2.66371119892885,-4.30501631061872,-0.72230823797166,-4.15947132345678
7.56092405834452,2.34130590183637,3.46498921597872,6.43170329987444,6.52268982008875,-3.29413211292509,-8.48340450028819,-2.59267227616202,-4.24987474405669,-0.694985711691905,-4.14456816563651
7.47994964292368,2.23847324337534,3.38302172996997,6.27323312758537,6.39005020427346,-3.28966111470382,-8.20372090007656,-2.50623330720877,-4.23745547231881,-0.740192073304364,-4.11575539383815
7.44318825187987,2.16445360036118,3.33533155629567,6.14904020259857,6.26684936263651,-3.29909988873065,-7.95533404386751,-2.46052994432102,-4.19870734451039,-0.742675939326565,-4.10184577986411
7.44666568076345,2.15054386877475,3.28565429201935,6.05216972107412,6.14563563123239,-3.2787320079474,-7.72880523134402,-2.405884619139,-4.15151411193649,-0.724792103974077,-4.11774248154229
7.35327187635961,2.06410482247127,3.22057707577415,5.91357041643041,6.02591223256133,-3.28171267343034,-7.44465066917982,-2.32242630434781,-4.17287525933034,-0.747643671423526,-4.0745233238869
7.31849758748858,2.00548523932498,3.16394499446571,5.7988161535197,5.90320816821032,-3.29264178020179,-7.20520574073684,-2.24741317623908,-4.15797213325674,-0.760559774746,-4.07054914846799
7.25143288760807,1.92898171565266,3.07750655451518,5.67611354346727,5.7869622124077,-3.31549354888615,-6.96774790729365,-2.14259350711948,-4.1703914049779,-0.786888754572243,-4.01590423644609
7.28173619650493,1.91457520792588,3.01044224762632,5.60110101645314,5.65829681682861,-3.28270622857796,-6.77549648194932,-2.06907070611327,-4.1718817175867,-0.744663032148864,-4.03279448197183
7.31054917869593,1.91159455115598,2.96225530119365,5.5250949460499,5.53459919707835,-3.24147368941069,-6.58076118828439,-2.02982542721346,-4.10978535891708,-0.690514752795877,-4.03726542931795
7.3011104431416,1.89321383439648,2.91059094623188,5.43468249629254,5.42679846016431,-3.19626692960741,-6.38900653709254,-1.97518010215676,-4.06507598070612,-0.682566381522408,-4.03726542931795
7.29862656536454,1.88029765504667,2.85395886479469,5.33979910112941,5.30806861630764,-3.19179593138408,-6.17936803264811,-1.91109603918608,-4.0556373341925,-0.679585742294303,-4.0332912539003
7.36271061194601,1.93196237239703,2.80030741919093,5.30403153855882,5.1903323274011,-3.18533782284372,-6.05269073736289,-1.86688300349199,-4.00347639297636,-0.604572988469629,-4.04322669244873
7.36171706083597,1.91606553628321,2.73075924900696,5.21659971890717,5.06117015393105,-3.14907305949793,-5.88627154562819,-1.79336020255208,-3.9716830573939,-0.583708513893388,-4.04471700823139
7.34184603863763,1.89271705824472,2.6547530343803,5.12420018224816,4.94144675459432,-3.15801505593721,-5.72034912774491,-1.7292761395814,-3.96274118176068,-0.571785957001223,-4.04223314859369
7.43076886305129,1.93394947692317,2.59563708963402,5.09687773856744,4.82420724319237,-3.11231151857326,-5.6423556560503,-1.70493413116869,-3.88127075926286,-0.483857099794292,-4.1117812184106
7.44120114971762,1.9269946111165,2.53503082696996,5.0024911149022,4.72435494737465,-3.07803386553418,-5.49282677082272,-1.66121787121343,-3.85742575756785,-0.452063614708854,-4.09489097288535
7.45511086526302,1.91854941692971,2.49876642386996,4.90512386104731,4.62301231870699,-3.05965309506894,-5.36167851269563,-1.64134684395643,-3.81867762982293,-0.406360479939786,-4.12072311310305
7.47498188747075,1.89222028209599,2.45107624991967,4.83209842057203,4.53210201941848,-3.05170465378892,-5.21860768586969,-1.60955320036489,-3.75409741687525,-0.39195405701714,-4.13661981478192
7.43822049639369,1.85049108727791,2.40437962128621,4.75112463283214,4.44914016158191,-3.04425299009162,-5.07106589590351,-1.54646268888323,-3.75012324992686,-0.390463737404136,-4.13016177972661
7.45063988528023,1.85297496792192,2.34973463028859,4.67114438847631,4.34084264651365,-3.03431743849803,-4.94339505414806,-1.49926899918616,-3.73820074908722,-0.379037953704438,-4.12618760430833
7.39599457412302,1.7983295936715,2.30850250070121,4.57675776457023,4.25688723350146,-3.04276265736503,-4.79585326457386,-1.44363012298121,-3.73671043648021,-0.416792717295519,-4.08942648171684
7.31154272975681,1.71536798017895,2.27223809755729,4.45405515360023,4.18286737220074,-3.04723365558509,-4.60310506797305,-1.39146867650616,-3.7555877294763,-0.470940996516258,-4.05912339415311
7.29117493199249,1.68854206921263,2.23001242266244,4.37655876768125,4.10139584698235,-3.04872398832423,-4.45953746798522,-1.33881045438362,-3.77247793899828,-0.492799017501471,-4.02782676273075
7.25143288754891,1.65823872534103,2.19126415625,4.29111403447795,4.02141465450877,-3.03878843672524,-4.32540856842242,-1.27721027002337,-3.77049085552477,-0.514160265271986,-3.99851721901945
7.20572953649273,1.60607723182008,2.14158689159664,4.18679197644546,3.94590446037312,-3.0397819918844,-4.16594421015258,-1.19971326385282,-3.7769488768084,-0.531050554194931,-3.96423995602068
7.22212312981684,1.59117394794175,2.08843221842461,4.14158575126949,3.87635559733009,-3.03083999544755,-4.05913786432412,-1.16146153647325,-3.77347148073022,-0.540986018278328,-3.98907855238422
7.19281337205151,1.55192863373996,2.04123881701298,4.07998605981099,3.82916172596757,-3.02636899722842,-3.91407994357231,-1.09091938987624,-3.77645210593874,-0.573276276527512,-3.97765279805476
7.17492945206527,1.55689639503159,2.00149700528442,4.03378629120967,3.74073531425484,-3.00898178193764,-3.81025424009664,-1.03875794347239,-3.76502637597706,-0.563340812449389,-3.9548012893937
7.20324565871044,1.57030935051687,1.96125842093244,3.99056715283426,3.65230890254212,-3.00202689582227,-3.73474463762005,-1.00795785132796,-3.74167814517097,-0.503728028026536,-3.97218830685308
7.1620132875836,1.49181872203982,1.92300692712844,3.91853525547051,3.59716658960625,-3.00401400614066,-3.60856411786656,-0.935428602123842,-3.74614908298501,-0.523598956204407,-3.96026578060099
7.20871018985257,1.51119299110671,1.87730384361224,3.88177414919735,3.50575951233017,-2.97718801680881,-3.54348676325445,-0.917544677663474,-3.70889126784522,-0.466470037642216,-3.9965301312653
7.21715537430189,1.51168976723628,1.83110398743888,3.84401949951701,3.43770098190739,-2.96675568762998,-3.47244812430736,-0.860912250221683,-3.67610439054745,-0.449082975490041,-4.00596879788065
7.17194879871754,1.49330905044547,1.7868912218471,3.75956830939232,3.3910038880401,-2.95831046877604,-3.35620307879132,-0.821170195884753,-3.67809147402155,-0.462495852016335,-3.99454304355895
7.18536173872424,1.46449603492494,1.74913650064138,3.70293633485917,3.34728745972517,-2.95483302571738,-3.2702612288573,-0.777950711813927,-3.65176261801583,-0.470444223286007,-3.99702690319453
7.1649939409443,1.4327023626271,1.72628495885154,3.66418814173738,3.28866770356154,-2.9543362481378,-3.17637099988401,-0.748144171061997,-3.65374970148813,-0.480379687365448,-4.00795588559622
7.15555520539535,1.4302184819798,1.70293664441444,3.60407876524655,3.23302861295887,-2.91906504000304,-3.07800980754333,-0.7044279112925,-3.63288532503153,-0.487334512226964,-4.00050430668528
7.16598749206148,1.41382486969898,1.65723356081585,3.55291127945561,3.15553130817225,-2.90515526777114,-2.99753246845341,-0.677105248947468,-3.61748542812554,-0.478392594552381,-3.99205918392247
7.14512291872819,1.3770634361162,1.63785942756412,3.49180835952899,3.10883421419399,-2.90515526777114,-2.90463578690492,-0.6522664649952,-3.62294990767162,-0.486837739018449,-3.99354949970425
7.12723899874547,1.35818594320881,1.58470475426015,3.45355693813048,3.05518223386951,-2.89969071439621,-2.83111327953535,-0.614014737722989,-3.60456938556656,-0.516644131206144,-3.99156241199416
7.18486496319319,1.41680552652646,1.54744680566608,3.42822158106512,2.99308503444151,-2.88727127490902,-2.76752624629462,-0.599111467372347,-3.58718240518414,-0.475908728464216,-4.02782676269043
7.17840688096965,1.40885710844966,1.51913076472957,3.41083457131783,2.95334282680425,-2.8718711699359,-2.69499728647033,-0.554898431972029,-3.5653244870006,-0.458521666327733,-4.04024606087193
7.17989720763688,1.41630875039188,1.48932440584067,3.37457023668947,2.90763928800055,-2.85547750980699,-2.63091347954923,-0.534530629160796,-3.57029219567868,-0.466470037595294,-4.05117504327189
7.22609733433207,1.41928940716974,1.46150513754353,3.36513157424165,2.84752919893115,-2.8693872820386,-2.59464899969172,-0.51813703177066,-3.54197625619113,-0.427224954452854,-4.08197490275644
7.20026500542393,1.40388934713573,1.45604063841463,3.30700928442274,2.79139333061858,-2.86988405961838,-2.49231361822549,-0.488827266766216,-3.57376959174949,-0.44262492379745,-4.08694262202815
7.20225210764709,1.40885710843509,1.41878268977762,3.26528046097699,2.72383157754601,-2.85796139771155,-2.42723626403978,-0.452562642246788,-3.56433094525779,-0.415799170795064,-4.07502009577192
7.23056831428335,1.42773460134804,1.38549892233249,3.25931920048873,2.67017959718031,-2.85845817529055,-2.39395242634946,-0.428220634008973,-3.52906021367751,-0.351715427526039,-4.11525862191022
7.22212312983967,1.43319913877624,1.36662156167941,3.20616462773254,2.6458374949759,-2.86292917350706,-2.32142346673767,-0.394439887890417,-3.52756990107432,-0.341283190244426,-4.12817469201889
7.26335550093407,1.45307018396322,1.32489265921521,3.19126147650266,2.58970162654335,-2.83560640664724,-2.28466221320939,-0.360659141766644,-3.49329271121863,-0.307502612403017,-4.15847777959576
7.19480047421631,1.39494737675889,1.30899593445613,3.09637808025078,2.56088852594129,-2.84802584613754,-2.18133328444167,-0.324394517279889,-3.52955698457703,-0.356186386411663,-4.12072311312591
7.22709088527179,1.39842480966299,1.29359598234646,3.07849429877358,2.50922365587513,-2.82368374476148,-2.15252041007853,-0.310981573974151,-3.50571198293392,-0.334328365464739,-4.13960044638021
7.22858121193891,1.40239901870172,1.26279607811574,3.01192688988731,2.46650078257993,-2.82119985686352,-2.0998623983347,-0.289123444150738,-3.52111187983351,-0.35916702566466,-4.14357462179924
7.19331014745742,1.3497407489263,1.23249294652449,2.94784333949309,2.43073279561964,-2.82219341202253,-2.03925600750326,-0.251865268332156,-3.53700854761152,-0.380031500258072,-4.13065855169057
7.15903263411102,1.34328265924046,1.21013817732378,2.90760483111301,2.40986813656298,-2.80132875367817,-1.97119801125584,-0.213116765465371,-3.52756990112444,-0.392947603561687,-4.13363918325506
7.28272974729694,1.42525072059627,1.16890604747566,2.95579168678679,2.3557193784888,-2.74171544417892,-1.9990173381987,-0.234478119616753,-3.44460916625632,-0.277696220386972,-4.20815497241675
7.26931680728761,1.42376039220657,1.14456418765486,2.90859837445169,2.33038372102969,-2.74767677513159,-1.95579802677043,-0.214110316834356,-3.42871249849075,-0.292599416494662,-4.21014206012584
7.21616182287411,1.37805698828612,1.13115132612849,2.81619883665677,2.30057706521084,-2.76705110072067,-1.85495296668197,-0.172381159926673,-3.4724283348247,-0.354696066945847,-4.16642613049632
7.22411023176236,1.37358600311768,1.12916423553219,2.79930859855518,2.25636385909281,-2.74519288722573,-1.813223976353,-0.14307139495995,-3.45404781272772,-0.363637984615445,-4.1748712532623
7.17492945177455,1.34377943533093,1.10531914836326,2.73770890668732,2.25189286071553,-2.75413488364913,-1.73224986411668,-0.104322892126077,-3.47938312696331,-0.403379840905784,-4.1450649376127
7.20771663848887,1.35917949537336,1.08395792444458,2.73274118959368,2.21860876169422,-2.74270899931781,-1.68207572103502,-0.0839550893620269,-3.44510593707493,-0.377050861069057,-4.17139384975177
7.10736797630435,1.3010566881947,1.04371933983333,2.64530936880859,2.22258298247312,-2.78841253661585,-1.6100435353292,-0.0447098108543318,-3.48087343955009,-0.446599109625148,-4.12519406048989
7.11680671186072,1.29658570302608,1.01540329879721,2.62593527215086,2.21910553929405,-2.77748342986792,-1.5549016552722,-0.022851681055672,-3.45951229224089,-0.439644284765847,-4.13363918325685
7.14214226522565,1.31049543467628,0.99900980135621,2.59662574128204,2.20221510098574,-2.78443831598213,-1.51515975975593,-0.0074516350716643,-3.44311885359501,-0.410334665700764,-4.14556170951083
7.15456165412464,1.29360504625881,0.971687305626063,2.57476778607872,2.17836977632378,-2.77301243165846,-1.49081784875188,0.00695485956409758,-3.44758979140414,-0.422257222604322,-4.14357462180114
7.05321944095692,1.21759829846575,0.933435811580104,2.48385856342193,2.18532466268987,-2.80430941912692,-1.39245665725401,0.0770002300651764,-3.48087343948419,-0.506211893898475,-4.08644585009605
7.06067107429632,1.20468211908442,0.936913220128091,2.45901997793772,2.17836977632312,-2.80729008460381,-1.38053408860242,0.104819667977141,-3.48733146076245,-0.517140904384989,-4.09191034129663
7.06563882985372,1.21064343264428,0.901145589338744,2.45355548913005,2.1545244516371,-2.78990286933084,-1.37556635166687,0.121213265309049,-3.45553812523753,-0.495779656606537,-4.1182392534532
7.06216140096542,1.20468211908505,0.866371503865553,2.4212653280138,2.13912434611312,-2.78592864869755,-1.35718572500507,0.14207784373282,-3.45702843783936,-0.493792563790701,-4.1152586218885
7.06563882985659,1.21114020877537,0.853952187618334,2.39543319910958,2.12372424058396,-2.76953498859057,-1.33681800357971,0.165426300531061,-3.45206072916323,-0.500250615445852,-4.12221342887109
7.07010980985979,1.21163698490561,0.846003825223052,2.37357524388294,2.11825968700818,-2.75165099573519,-1.32638575602585,0.18827798165539,-3.45553812523623,-0.490315151366147,-4.13264563934687
7.10985185433698,1.24094677657768,0.830603873062384,2.38748485176065,2.08149814477418,-2.72730889433726,-1.3099922241469,0.220568400620878,-3.42970604010896,-0.460508759096176,-4.15400683222368
7.06861948319636,1.22455316428549,0.830603873062384,2.34327216957407,2.03678816099113,-2.72283789612365,-1.28217289733547,0.24441363310028,-3.43715760312125,-0.473424862408363,-4.14953588487621
7.07458078986677,1.2200821791131,0.821165192710311,2.33333673537151,2.01741383467931,-2.70247001536637,-1.25981808114617,0.263787884482065,-3.41877708101888,-0.478889367654304,-4.16294872691688
7.06315495207991,1.2091531042483,0.817191011509497,2.29458854199787,2.00002661876264,-2.70445712568313,-1.2121278066215,0.300052508862424,-3.41231905973935,-0.476405501632103,-4.14556170946203
7.0601742987453,1.20815955198795,0.823152283314596,2.27273058676201,1.97369740607869,-2.70644423599998,-1.20368265384121,0.324891292667011,-3.42225447708725,-0.490811924554749,-4.13761335862363
7.04427748095192,1.2146176416795,0.802287832015875,2.24540814269378,1.96376185412212,-2.67067625030193,-1.16543107947073,0.338304235931669,-3.42473833142559,-0.501244161843285,-4.1351294989869
7.05272266539726,1.20021113390726,0.788874970450237,2.23447916507394,1.95034885897415,-2.67514724851376,-1.13761175265699,0.370594654878048,-3.42275124795693,-0.52508927564407,-4.12867146392775
7.0512323387307,1.1853078500026,0.776455654192368,2.22404695916372,1.9230260910808,-2.66173425388134,-1.12866982617966,0.387981803547298,-3.42126093535509,-0.541482791381022,-4.14208430597095
7.04626458317173,1.18183041709265,0.74863638576528,2.20020191706869,1.90812276313843,-2.68905702073259,-1.10085049939205,0.390465681928428,-3.43020281097301,-0.551418255470221,-4.13363918320655
7.06514205428763,1.19226271582514,0.728268707110204,2.17834396181818,1.89073554720588,-2.68458602252085,-1.10184404677787,0.408349606267731,-3.4341769779143,-0.537508605767496,-4.14357462175786
7.01198706978527,1.15947549124041,0.719326799397531,2.1316474210476,1.90514209754861,-2.69402479652933,-1.06259892506776,0.413814138702701,-3.45553812522873,-0.570295637267076,-4.12171665695384
7.03881294981212,1.18183041709058,0.70988811904155,2.12220875854568,1.88378066081813,-2.68259891220948,-1.06210215137509,0.423749652227092,-3.4545445834936,-0.539495698614268,-4.12271020080878
7.01198706978421,1.17785620804775,0.700946211334694,2.10184111841501,1.87533544165089,-2.66322458662729,-1.02981186137292,0.441633576562253,-3.45702843783079,-0.572779503328549,-4.10631672720422
7.01894192756813,1.18878528291254,0.667165671089813,2.0849508802543,1.83956745457631,-2.66719880726132,-1.02534089814272,0.459517500889132,-3.46050583390412,-0.56036017322249,-4.12072311309476
6.98863861864623,1.17934653643711,0.652262491573098,2.06557678354801,1.83261256820137,-2.67316013821286,-0.993050608136989,0.46647236034869,-3.48733146076771,-0.580231101409856,-4.13761335862856
7.00006445643623,1.17338522287575,0.632888358201081,2.07104127236464,1.82267701624003,-2.69948934990203,-0.967218376140608,0.495285349552374,-3.4813702103562,-0.5757601425712,-4.13612304284661
6.99410314976922,1.17735943191724,0.625933541088756,2.04421559999975,1.80330268989982,-2.7009796826395,-0.945857107366406,0.501246657659647,-3.51415708761388,-0.566818224892345,-4.1182392534584
6.97472890309593,1.19623692486155,0.610533588916246,2.02335118816298,1.79386391552827,-2.70396034811272,-0.909095854117437,0.503233760363707,-3.52111187975672,-0.558869853624151,-4.09687806057727
6.96827082086782,1.20170146229125,0.598114272639277,2.01838347105628,1.79088324993851,-2.67862469157686,-0.916547459502757,0.518137030643775,-3.51018292066869,-0.532044100595419,-4.11923279731108
6.93449008307151,1.19723047712075,0.573772412750816,2.01043512368653,1.79138002753679,-2.67614080368181,-0.874818469345537,0.531053198211858,-3.52508604670548,-0.571289183711815,-4.11724570960059
6.96976114756687,1.2136240894188,0.568307913590728,2.02186087303408,1.75759915085524,-2.65229547987813,-0.876805564113612,0.547446795507491,-3.50620875372878,-0.559863400000895,-4.13960044633213
6.95883208533715,1.21213376102945,0.534527373325864,2.0074544934173,1.74965070927548,-2.66074069872271,-0.848489463654086,0.575763009023956,-3.51813125455355,-0.593147204676299,-4.13512949898511
6.98367086314174,1.21412086555095,0.518133875850932,2.00447386315254,1.71885049816572,-2.65676647809241,-0.838057216127314,0.591163054965961,-3.53949240186589,-0.554895667920188,-4.14804556909714
6.98367086314174,1.21759829846142,0.508695195476248,2.00546740657415,1.72828927253863,-2.64235992829721,-0.818683042142602,0.601595344148991,-3.55787292397769,-0.55191502869596,-4.16245195499371
6.99012894537405,1.21014665650446,0.482366244964401,1.99155779867089,1.70444394780677,-2.62944371123742,-0.810734663073158,0.628421230612394,-3.5419762562024,-0.540489244985646,-4.16195518306613
6.98267731203333,1.23001770170315,0.474417882548904,1.98559653814358,1.67811473508613,-2.61305005112564,-0.802289510313157,0.629911557639002,-3.56433094525457,-0.530553780903568,-4.18927763907885
6.94889657422705,1.24045000043389,0.469450156038337,1.99255134209348,1.67066307110429,-2.59764994617634,-0.778444373106801,0.647298706274702,-3.56582125785845,-0.530057007699312,-4.21312269159853
6.9439288186674,1.23498546300419,0.454050203851707,1.97913850590122,1.65327585514542,-2.59566283586082,-0.759070199127439,0.668163284654987,-3.59215011384937,-0.526579595270539,-4.22305813014624
6.93299975643145,1.21461764166889,0.454050203851707,1.94386771440814,1.63737897199276,-2.60659194259846,-0.72876700391305,0.674621368439444,-3.60258230206963,-0.557379533936428,-4.21510977930589
6.91909004085513,1.20617244745563,0.436166388400969,1.93293873676959,1.61204331446547,-2.61255327354702,-0.715850887931624,0.682073003570947,-3.60605969814645,-0.559863399959222,-4.2136194635231
6.90567710084157,1.22206928361258,0.415301937046095,1.92300330255469,1.62197886643636,-2.60907583049431,-0.712870245779595,0.69250529275183,-3.61947251157546,-0.551915028686174,-4.20169693726447
6.95585143194814,1.25088229912341,0.423747072118681,1.93989354072504,1.60161098487425,-2.57926917576213,-0.720818624851453,0.685053657619944,-3.60655646901561,-0.53105055410661,-4.2434257791926
6.95237400305696,1.26528880689928,0.407850347279223,1.92946133479487,1.60012065207745,-2.57678528786853,-0.724296040693038,0.685053657619944,-3.59662105165824,-0.544960203827058,-4.25634184930948
6.94144494082423,1.27423077723812,0.407353574627777,1.92697747624075,1.57577854973853,-2.57082395692135,-0.726779909151451,0.684060106269422,-3.57575667520828,-0.553902121501166,-4.26279988436853
6.94641269638642,1.27323722497702,0.398908439549196,1.9284677913737,1.5807463257266,-2.56486262597305,-0.734728288220894,0.689027863017815,-3.60158876034944,-0.554895667910481,-4.26528374400652
6.95237400305917,1.26230815011981,0.391456849781251,1.91604849860278,1.57379143934197,-2.55443029681689,-0.739199251446284,0.701447254901736,-3.59413719732932,-0.577250462102575,-4.24938704232374
6.95485788084058,1.27323722497564,0.382018169407125,1.887235739366,1.58422376891579,-2.56039162776383,-0.742179893595349,0.699956927876432,-3.59811136427353,-0.593147204645293,-4.25534830545625
6.93697396081776,1.2628049262427,0.36115371803497,1.86885518605088,1.58968832250444,-2.57529495513428,-0.726779909165099,0.718337627859433,-3.61400803205815,-0.634876153833224,-4.26478697207923
6.87288991397536,1.21511441768156,0.341282811972717,1.83606825305788,1.59068187770184,-2.58870794977371,-0.676605766381365,0.774473279125659,-3.66120126455009,-0.68803088681135,-4.24491609498639
6.87736089398287,1.22703704480528,0.327373177720087,1.81719092803178,1.58024954812275,-2.58721761703643,-0.685547692829057,0.779441035878396,-3.6572270976052,-0.692005072448507,-4.2404451476384
6.86494150507507,1.22256605963722,0.326876405068465,1.81768769974264,1.54150089540928,-2.57132073451625,-0.677102540067656,0.781428138578877,-3.66765928583388,-0.700450216926231,-4.27621272642671
6.82768333842131,1.20319179059071,0.307502271660347,1.83010699250586,1.57130755134702,-2.5812562860895,-0.683560598066128,0.798815287215472,-3.67461407798047,-0.686540567219445,-4.29459328776828
6.81427039840801,1.22256605965475,0.309986134917504,1.84501014383301,1.57428821694051,-2.58523050671938,-0.693496071902932,0.802292716942612,-3.68256241186598,-0.687037340423938,-4.29409651584062
6.80433488728325,1.20716599962463,0.296573273322904,1.83904888330185,1.58521732411663,-2.59466928071977,-0.692005750827844,0.825144397991684,-3.70889126786591,-0.70144376335232,-4.2985674631899
6.81128974506867,1.24293388099808,0.307502271659083,1.84848754580799,1.58024954812856,-2.60162416682627,-0.700450903592976,0.829118603389478,-3.68454949532815,-0.676605103135257,-4.32340605957964
6.79439937615889,1.25137907520636,0.297070045978406,1.84202951356406,1.58621087931553,-2.61801782693086,-0.697967035134289,0.848492854712446,-3.70491710092296,-0.714856639925898,-4.33532858584103
6.78992839615217,1.23399191066062,0.284650729688579,1.850474632655,1.57925599293357,-2.62944371124999,-0.713863793270982,0.862402573610808,-3.71137512220896,-0.724792104021955,-4.34824465596501
6.78545741614448,1.23796611970228,0.302534545152014,1.84650045896303,1.59316576569816,-2.61354682872185,-0.725289588169582,0.8907187870639,-3.71236866394591,-0.734230794922607,-4.35967041030156
6.86990926078645,1.29658570312846,0.302534545152014,1.90760337949764,1.58273343612309,-2.59764994618705,-0.785399204788475,0.872834862784407,-3.66467866058622,-0.678592195921159,-4.41133469076684
6.85103178963825,1.29956635990845,0.307999044324064,1.90164211895938,1.5976367640916,-2.59417250313377,-0.778941146798029,0.891712338433155,-3.6597109519062,-0.686043793993103,-4.42772816437898
6.86891570966354,1.29857280764876,0.315450634096858,1.88127447880394,1.60955942647271,-2.61006938565394,-0.788379846943384,0.894692992483494,-3.64580136760248,-0.682069608356052,-4.4317023398022
6.83662529851915,1.27274044889536,0.315947406748627,1.81967478662267,1.58919154491991,-2.6175210493366,-0.760063746505754,0.90462850598309,-3.67163345273922,-0.753108176609862,-4.37805097158949
6.80781231624428,1.24988874692071,0.28316041172457,1.78986848395727,1.60359809528237,-2.64235992828839,-0.729760551320654,0.915060795160753,-3.69051074572976,-0.794340352628753,-4.39096704171104
6.78992839620984,1.26429525469112,0.279683003161258,1.78092659315721,1.61055298166417,-2.63391470944575,-0.712870245811612,0.914067243811356,-3.67411730708429,-0.835572528657498,-4.39146381363877
6.77552190508077,1.25237262757266,0.265773368913978,1.77695241947095,1.59763676408959,-2.62397915786566,-0.696476713977036,0.922512430278953,-3.67709793229143,-0.872830518995457,-4.37109616459785
6.75763798504633,1.24442420949435,0.259812097093539,1.75310737732147,1.60906264885982,-2.62397915786566,-0.688031561220066,0.932447943770372,-3.68206564097619,-0.867862786940306,-4.35122528749783
6.73677341167118,1.23746934367247,0.241431508967739,1.74913320363206,1.60459165047018,-2.60559838744191,-0.66667029247713,0.95728672749253,-3.68802689139586,-0.887236941942792,-4.33135441038604
6.66474095588265,1.18878528286603,0.22305092085227,1.71038501009391,1.60061742968125,-2.63639859734985,-0.630902586731791,0.943873784283082,-3.70740095527613,-0.947843273102562,-4.28763848077105
6.69603781588412,1.24243710485735,0.234973464492444,1.73124942194104,1.58124310331357,-2.61354682872471,-0.652760629188456,0.92449953296161,-3.69895585052619,-0.93194653056111,-4.30601904210916
6.69355393810041,1.25187585132484,0.242921826921342,1.76453312659027,1.56882366334056,-2.59764994620188,-0.649779987039802,0.939899578871922,-3.70442033007428,-0.947346499919198,-4.27869658609328
6.65728932248038,1.22703704481916,0.219076739636763,1.76900407199202,1.57577854972637,-2.58125628610312,-0.635870323669428,0.96126093288589,-3.7337298112968,-0.990068995561738,-4.26379342825857
6.64586348468094,1.24194032871881,0.214605785770309,1.78539753847814,1.57577854972637,-2.58125628610312,-0.633386455212112,0.976164203125701,-3.72876210261411,-0.983610943891156,-4.27472241066548
6.63493442243014,1.23498546289605,0.228018647378797,1.80079746152747,1.53752667460397,-2.5757917327315,-0.642328381654866,1.01640303275818,-3.74068460345928,-0.991559315182353,-4.26677405982087
6.58724396894304,1.20617244734643,0.228018647378797,1.78440399505031,1.52610078983264,-2.59119183768209,-0.621463886636176,1.04620957321787,-3.79185200291168,-1.01441088265911,-4.24094191958823
6.58575364227404,1.22604349254052,0.228018647378797,1.76254603976181,1.53404923141795,-2.5867208394724,-0.625934849862306,1.0308095273036,-3.81967117153272,-1.03130117163676,-4.24193546344361
6.58177943782023,1.22504994028055,0.219573512296219,1.78042982137659,1.50374579788306,-2.57529495515589,-0.624444528787958,1.02484821920936,-3.79930356593293,-1.03179794484222,-4.26727083174815
6.52713412651786,1.21114020863063,0.223050920862103,1.74515902984848,1.50722324107509,-2.59119183768371,-0.601096165307249,1.01789335977038,-3.82314856762911,-1.07352689414649,-4.24243223537456
6.60264401120132,1.29608892691134,0.225534784122125,1.78986848392429,1.48635858192068,-2.56138518293346,-0.633386455213115,1.01540948139724,-3.79433585724975,-1.02583666633217,-4.2911158842675
6.49832114437891,1.25485650816959,0.196721970310549,1.74962997534249,1.47940369552785,-2.57678528787408,-0.57278006483036,1.03428695704404,-3.82910981800735,-1.0869397705497,-4.25882570895032
6.48292110211446,1.25932749333709,0.175857518926666,1.71982367267413,1.47095847634194,-2.59466928071302,-0.574767159596076,1.01689980843473,-3.84550325666044,-1.09935910068642,-4.28863202460509
6.41188219739272,1.24641131394381,0.175857518926666,1.67114004491237,1.4779133627254,-2.64186315072487,-0.525586564194198,1.04322891916363,-3.85792252837765,-1.15599124622345,-4.24690318270229
6.42479836186127,1.28565662816788,0.170889792406988,1.69697217389353,1.45953259155076,-2.63242437672723,-0.521612374663207,1.02882242459866,-3.86785794574426,-1.14456546250403,-4.25932248089617
6.42827579075977,1.29857280755138,0.159960794060139,1.68057870742126,1.45655192595384,-2.62546949061971,-0.5116769008382,1.02137078948786,-3.86139992445225,-1.14506223570984,-4.25038058619819
6.45609522197153,1.33285036052885,0.164928520578936,1.6766045337278,1.44462926357702,-2.60410805472318,-0.52310269572639,0.996532005774645,-3.85543867402398,-1.14655255532886,-4.26826437558795
6.4570887730842,1.36414725667565,0.15548984019029,1.68604319624167,1.43121626840004,-2.585230506736,-0.513663995583642,1.00199653819724,-3.84798711099675,-1.13612031801734,-4.27521918257638
6.44665648638995,1.38451507799681,0.162444657317428,1.66766264291514,1.42773882520467,-2.60013383410645,-0.492799500555735,1.01143527601227,-3.88226430092033,-1.16642348357509,-4.26776760366134
6.49186306211218,1.43468946712403,0.157973703446874,1.68107547913739,1.40737094364305,-2.5797659533696,-0.511180127123117,1.01044172466364,-3.87232888354352,-1.14009450364608,-4.29509005967327
6.39002407284781,1.37308922699772,0.155489840186851,1.61252098284694,1.42177749401383,-2.61553393907438,-0.462993079131034,1.04273214348957,-3.93690909651965,-1.19921051522564,-4.22951616526216
6.44019840408763,1.3949473767011,0.158967248752941,1.62444350391665,1.42326782681249,-2.62546949065426,-0.478393063553205,1.05217088130606,-3.93939295086175,-1.18679118508396,-4.2329935687564
6.52465024864818,1.47194767667518,0.15946402140524,1.66617232763992,1.41233871962559,-2.5986435014009,-0.508199485065265,1.03875793808246,-3.92399305394484,-1.1311525861357,-4.27025146336121
6.56588261994458,1.50920588644428,0.16592206588149,1.67561099017442,1.40488705564322,-2.57281106727754,-0.538005906504901,0.994544903064413,-3.93392847132408,-1.11128165785757,-4.28813525274193
6.5355793109887,1.46747669157092,0.1644317479253,1.63338539470714,1.40737094364075,-2.59566283590985,-0.512670448265471,1.0173965840935,-3.94336711782685,-1.17685572103781,-4.25733539322933
6.54352771989774,1.51069621484125,0.165922065882107,1.63388216641861,1.4014096124456,-2.57628851033535,-0.546451059292884,1.00497719223578,-3.94038649261585,-1.18082990668478,-4.25683862130173
6.55048257769589,1.5101994387115,0.15350274958236,1.64630145920804,1.39793216925107,-2.58075950854466,-0.531547848570597,0.995041678741546,-3.93591555479579,-1.18033313347843,-4.2354774284206
6.52266314652628,1.48436707999015,0.166418838533906,1.62444350390598,1.39395794845622,-2.60907583053106,-0.515154316755487,1.00696429493094,-3.96572180692112,-1.23696527895378,-4.21510977938704
6.51421796205635,1.49728325935544,0.169896247096395,1.6179854716521,1.40737094363513,-2.59814672379182,-0.530554301178508,1.00149976251228,-3.99254743385819,-1.24938460911459,-4.21809041095287
6.49434693977084,1.478405766429,0.176851064227854,1.61500484138127,1.41283549722681,-2.61454038389572,-0.527076885339996,0.994544903070431,-4.01440535209359,-1.28813291921166,-4.18729055145006
6.54700514890518,1.52957370783554,0.173870428315341,1.67660453371093,1.41233871962798,-2.6060951650439,-0.547444606640492,0.984112613917187,-3.98161847471081,-1.25932007320836,-4.22653553369623
6.49981147100913,1.52559949880007,0.190760698483246,1.61848224342897,1.40786772123168,-2.60907583051868,-0.52757365900145,0.976164203124665,-4.03129556161674,-1.33135218814485,-4.19871630575218
6.36717239736686,1.42177328780832,0.192251016440054,1.55141806240269,1.43717759958349,-2.65328903504501,-0.452560831623673,0.99951265984121,-4.08395327370352,-1.45703580921866,-4.1033360956445
6.42281125973235,1.48784451298766,0.175360746266152,1.58668885393956,1.41283549722234,-2.64086959557262,-0.474915647735805,1.0059707436142,-4.06905014763649,-1.4297132828707,-4.13910367443384
6.42281125973235,1.51665752850334,0.186786517260229,1.59960491844489,1.42575171480468,-2.63341793188576,-0.49776723751881,0.989080370682268,-4.09239837847799,-1.42226168477045,-4.1410907621435
6.37313370400977,1.48387030396067,0.191754243781964,1.57526310456794,1.46549392273982,-2.67614080368641,-0.455541473744455,0.977654530166108,-4.10829504627505,-1.48584865523684,-4.11078767457364
6.37661113290813,1.51665752850196,0.175360746252233,1.58420499537156,1.46946814353352,-2.69750223958696,-0.494289821648077,0.983615838263259,-4.09984994150652,-1.49677766577966,-4.12320697275872
6.35425623283891,1.49678648331246,0.165922065865543,1.5772501914068,1.50126190987093,-2.72432822886835,-0.483360800446302,0.982622286914424,-4.11425629671611,-1.51962923330073,-4.10929735879152
6.35872721285275,1.51069621492872,0.140586660608063,1.58668885393098,1.49381024588372,-2.71091523424069,-0.484851121520197,0.969209343698421,-4.08395327369719,-1.53701629553971,-4.09141356940047
6.37462403068241,1.54348343947553,0.146547932432735,1.59463720131888,1.47691980750479,-2.70048290508235,-0.486838216284979,0.974177100442853,-4.07550816892164,-1.54595821326582,-4.10085223601937
6.43125644415711,1.5827287536831,0.132638298167349,1.61699192832709,1.46549392272852,-2.67663758128166,-0.53353494325607,0.931454392423159,-4.05663087590708,-1.54099048120077,-4.12718114818431
6.4392048530721,1.5881932911067,0.134128616122524,1.64729500276867,1.48983602509669,-2.6875666880257,-0.549431701365548,0.933938270796173,-4.04917931286345,-1.55042917214404,-4.12022634120182
6.51471473777785,1.64631609827314,0.138599569992153,1.70094634760768,1.47443591952719,-2.66670202969965,-0.597121975688716,0.919035000554828,-4.02235368593425,-1.52459696537217,-4.15549714803371
6.47944367325681,1.61551597828772,0.143567296515652,1.69250122851296,1.49132635790328,-2.68756668801698,-0.577251028032116,0.92648663567483,-4.04967608373217,-1.57477105924181,-4.12668437622827
6.51421796221951,1.636877351837,0.135122161433823,1.70243666274216,1.50026835468632,-2.6771343588593,-0.594141333542557,0.929467289722716,-4.03874712461153,-1.58669361620362,-4.13711658670586
6.55197290457758,1.67065812863782,0.132141525520958,1.72727524833058,1.48884246991279,-2.66521169695372,-0.596625201997129,0.936918924842718,-4.04073420808704,-1.5787452448835,-4.14854234103234
6.53607608675262,1.64681287443049,0.151515658963466,1.71137855356584,1.49877802189371,-2.65328903505337,-0.592651012464712,0.933938270794372,-4.06060504284212,-1.6100419569278,-4.13413595513806
6.53011478006415,1.65774194928678,0.146051159789799,1.71336564041316,1.48784891472074,-2.64484381620226,-0.590167144010689,0.918041449206058,-4.06358566805917,-1.62842256560632,-4.12718114815657
6.50974698221689,1.64383221767052,0.169896247092014,1.71535272725979,1.4898360251176,-2.68259891221056,-0.577251028041032,0.922512430279094,-4.10481765021076,-1.64978381352206,-4.10979413070197
6.47795334654756,1.6304192621796,0.158470476092867,1.70293343446481,1.51616523787874,-2.71588301001744,-0.561851043619711,0.905125281667993,-4.12270140150433,-1.69946113430055,-4.06707174497396
6.42281125974487,1.61501920218187,0.185296199308653,1.68455288114877,1.51368134988306,-2.73327022528641,-0.552909117169056,0.927976962713539,-4.16194630015953,-1.75062877463375,-4.02633644691598
6.36667562172919,1.58620618666135,0.171883337707308,1.66070783896909,1.53504278663151,-2.74519288719473,-0.517141411442481,0.948344765360208,-4.21212015803947,-1.79335127054185,-3.96473672798957
6.3314045571908,1.58521263440329,0.173870428315649,1.62692736260575,1.54746222660781,-2.7610897697272,-0.503231748085166,0.953809297783369,-4.24093286844631,-1.8435253644968,-3.93642072813575
6.28321732811761,1.56484481310056,0.179831700141908,1.61301775467727,1.5573977785873,-2.78245120564248,-0.474418874022078,0.9597706058773,-4.25136505670612,-1.88277044791442,-3.87829841267068
6.26334630585908,1.58620618663052,0.18628974461663,1.62792090601182,1.5598816665819,-2.80480619670026,-0.465476947573399,0.933938270780342,-4.2652746410425,-1.88972527281232,-3.85892430750054
6.24198495690026,1.57527711178848,0.210134831904737,1.61053389610316,1.55938488898291,-2.80480619670026,-0.461005984355417,0.926983411335097,-4.27570682929211,-1.89966073696301,-3.8291179918742
6.25788177472523,1.601109470512,0.217089649032492,1.62344996060048,1.5573977785871,-2.80729008459567,-0.448089868381124,0.94089313022344,-4.29160349711017,-1.9190348920643,-3.81371806213181
6.30308835041098,1.64134833698476,0.222057375554081,1.6542498067087,1.55243000259748,-2.80132875364375,-0.471438231862478,0.926983411322931,-4.27024234973096,-1.89817041734953,-3.81520837791344
6.33140455716978,1.65327096408492,0.229012192677516,1.66915295805213,1.54597189380701,-2.80430941912065,-0.4853478952148,0.908105935674183,-4.25583599451185,-1.91257684037625,-3.80378262359092
6.37959178621546,1.69350983053483,0.251366962016398,1.70591406470291,1.5365331194248,-2.76903821099842,-0.502734974401122,0.89469299244921,-4.25086828581762,-1.88426076751633,-3.82166641295897
6.41337252409086,1.72083251762068,0.254347597926618,1.69846248902944,1.54597189380679,-2.75761232667737,-0.495780142720352,0.875815516804832,-4.24291995190664,-1.88078335506207,-3.79682781660584
6.47248881544902,1.75709717508044,0.256334688534901,1.72926233517284,1.52659756745447,-2.7427089992929,-0.524593016772303,0.828621827712702,-4.21907495012645,-1.86637693201238,-3.83706634266624
6.54799870003441,1.81025222082764,0.251366962013606,1.790862027322,1.51020390668418,-2.72234111855009,-0.554896211957403,0.791860427745281,-4.19672026101414,-1.81322219881681,-3.86538234252006
6.69703136697344,1.90016870010495,0.261302415052669,1.85941652344731,1.48437147152758,-2.67017947274425,-0.625934849817,0.749634495373622,-4.1639333836442,-1.74715136222443,-3.9225111141302
6.69951524475661,1.88178798334776,0.264283050963241,1.85444880633703,1.477913362741,-2.67465047095833,-0.61351550753454,0.751124822399386,-4.1803268223386,-1.77695775467331,-3.87482100914252
6.7015023469861,1.8728460130187,0.248883098760211,1.85345526291322,1.48288113873038,-2.68061180191037,-0.610534865389836,0.734731225125684,-4.2225523462608,-1.82166734341673,-3.84998241280697
6.71690238924449,1.8877492968848,0.252857279974778,1.86488101226928,1.48685535952179,-2.70048290508301,-0.61947679183259,0.698963376535416,-4.23447484713251,-1.82464798266486,-3.82613736031623
6.68908295806285,1.89669126720278,0.258321779146828,1.84898431750966,1.48288113872923,-2.71687656520439,-0.596128428351236,0.70740856301192,-4.25533922364218,-1.8683640249511,-3.78043434304231
6.71789594034622,1.93146559621053,0.253850825282094,1.86736487081794,1.49778446670419,-2.69501835171585,-0.601592938956876,0.689524638696084,-4.26080370320685,-1.86438983928745,-3.76553118523603
6.72584434925214,1.92798816331016,0.251863734675398,1.87580998990385,1.51815234826043,-2.72532178404305,-0.610038091710581,0.667169733300426,-4.26875203711821,-1.88426076760571,-3.73771195733419
6.74223794261655,1.93047204395276,0.247889553461654,1.89816471691594,1.52113301385384,-2.7392315562607,-0.605567128488649,0.639847071150879,-4.29210026799056,-1.90860265479914,-3.72926683457821
6.75515410709654,1.93693013363153,0.258818551803006,1.90611306430008,1.53454600902276,-2.75512843880446,-0.608050996943563,0.638356744125039,-4.28663578841988,-1.91158329404989,-3.70989272943214
6.71243140926676,1.89122672981872,0.277695912576108,1.85295849124711,1.55292678018857,-2.7894060917719,-0.565328459484233,0.641337398179059,-4.33531933362937,-1.99305410013096,-3.6408414315839
6.60165046025933,1.81969096732758,0.298063591287809,1.79483620106907,1.58968832251709,-2.84107095999811,-0.509689806031926,0.636866417099007,-4.38350610796407,-2.08992487566577,-3.56632564254603
6.62549568696535,1.84303944536804,0.303528090455817,1.78539753855613,1.59813354169914,-2.84504518063355,-0.52658011153817,0.633388987372046,-4.38102225361558,-2.10731193794956,-3.55241602860374
6.68510875377731,1.89321383439289,0.306011953715326,1.82464250375904,1.58670765692177,-2.84454840305416,-0.561851043615487,0.620969595488764,-4.35668048099088,-2.08793778281428,-3.56284823906249
6.71739916493376,1.91407843178965,0.302037772500759,1.8435198287678,1.59266898810746,-2.82169663440705,-0.565825233147026,0.603582446844566,-4.33829995881658,-2.06707330808731,-3.55986760750231
6.74919280056743,1.92351717823272,0.309986134929658,1.85544234983869,1.60359809528515,-2.82070307924785,-0.579238122802824,0.568808149564666,-4.34823537620968,-2.07005394733783,-3.5847062038393
6.71193463381545,1.90215580470545,0.319921587960784,1.83209407941718,1.61303686966374,-2.85150328916932,-0.566818780519678,0.572285579294043,-4.35618371012454,-2.11078935043032,-3.54347413394223
6.70597332713625,1.90662678986298,0.334327994854,1.82613281888632,1.60359809528652,-2.86590983897776,-0.547941380252164,0.562350065776554,-4.37605454491657,-2.12767963951745,-3.53155160770547
6.72087659382194,1.92351717822575,0.355192446215663,1.83904888337081,1.60856587127459,-2.86243239592259,-0.54098654857581,0.546453244144482,-4.36562235665114,-2.11426676289674,-3.51466136219973
6.69156683595399,1.93345270080503,0.371089171063114,1.82662959058169,1.60806909367589,-2.85746462012652,-0.512670448210111,0.526582217122285,-4.38897058755433,-2.13612478408343,-3.45554550297532
6.7049797759781,1.99157550781258,0.376553670230315,1.85345526298121,1.59863031929549,-2.86640661656094,-0.527076885249013,0.502240209000992,-4.38251256624432,-2.10731193798979,-3.44411974866847
6.67666356920313,1.98710452264969,0.360656945384274,1.83855211162631,1.61154653685486,-2.88677449733482,-0.483857574203897,0.499756330622738,-4.4048672554075,-2.12817641278608,-3.39593287184325
6.67318614030991,1.99107873167556,0.367114989853264,1.85246171953855,1.60161098487561,-2.89174227313006,-0.449580189516612,0.457033622497534,-4.41529944367318,-2.14208606262476,-3.39791995954894
6.67119903808511,1.98760129877628,0.387482668567375,1.83706179649343,1.60707553846558,-2.90863271083528,-0.413315710057837,0.434678717087498,-4.4316928823764,-2.15847957850715,-3.36960395973971
6.65430866917765,2.01691109032632,0.404372938722788,1.84103597017721,1.60012065208211,-2.92055537273538,-0.398412499319091,0.393943111631204,-4.43467350759272,-2.1843117853154,-3.35470080194268
6.60959886905637,1.98859485098578,0.409340665238939,1.80973935235096,1.6229724216168,-2.92005859515579,-0.373573814779204,0.377549514320387,-4.44858309195122,-2.23100846696882,-3.25733350440431
6.64536670913932,2.01989174707729,0.40486971137566,1.83755856816923,1.62893375280106,-2.91856826241674,-0.363141567267986,0.330852600759352,-4.44858309195122,-2.22107300279173,-3.24690129395626
6.6334440957767,2.01343365740503,0.395927803650291,1.85295849120365,1.6423467479674,-2.92353603821478,-0.347741582853894,0.313465452091444,-4.43864767455278,-2.24491811682308,-3.21759175030846
6.62648923799114,2.03678213541604,0.368605307814289,1.85891975173215,1.64433385836229,-2.94092325349575,-0.358670604060799,0.28663956555764,-4.44858309194831,-2.24690520965517,-3.18778543473033
6.59717948008914,2.01194332895999,0.371089171070343,1.85941652344386,1.65327585513695,-2.96526535490641,-0.334825466945296,0.266271762838665,-4.45603465500817,-2.28118256111305,-3.17238550503308
6.55793421110962,1.95431729808132,0.3830117147017,1.83308762275577,1.67215340389344,-2.96476857732663,-0.311973877164814,0.265774987162401,-4.47044101024102,-2.32092441780555,-3.13165020710041
6.6115859712879,2.00399491095476,0.398908439547741,1.88673896758145,1.6607275191298,-2.94092325349553,-0.36115447250016,0.216594195207172,-4.44063475802892,-2.29062125203764,-3.14555982102241
6.6165537268495,2.02088529930723,0.402385848106938,1.91108078140462,1.67165662630671,-2.93347158980307,-0.369599625243139,0.194736065432138,-4.41629298541733,-2.2637954987866,-3.13512761056879
6.5653858445071,2.01840141866458,0.398411666896368,1.92002267220645,1.67513406949957,-2.94291036382003,-0.362644793574467,0.179832795144401,-4.4336799658746,-2.28913093245131,-3.10532129500529
6.53210188221522,1.985117418088,0.40437293871187,1.90015180377963,1.67811473509277,-2.96774924279778,-0.330354503682865,0.189768308678251,-4.45504111327106,-2.3273824695214,-3.05713441817241
6.54601159781699,2.00548523937147,0.417289027646986,1.93393228016143,1.6572500759534,-2.98563323566923,-0.3532060934583,0.163935973493563,-4.46249267632418,-2.30701476793482,-3.06955371631249
6.53855996447056,2.01691109031518,0.438153478998774,1.94436448608331,1.64284352558851,-2.98563323566923,-0.344760940715554,0.143071395057442,-4.4610023637149,-2.29161479847077,-3.06657308475648
6.52415347331654,2.03976279222447,0.453553431189503,1.91853235711561,1.63936608239807,-2.97023313069868,-0.350225451312594,0.124690695020055,-4.4679571558933,-2.2866470663784,-3.02931519032496
6.47099848874934,2.00101425423614,0.496772651855089,1.91008723803306,1.62794019762482,-2.97967190471368,-0.307502913905167,0.104819667933944,-4.47689903155343,-2.3273824694828,-2.98510248893161
6.53061155563286,2.08000165867585,0.516146785239712,1.9542999203261,1.61452720246138,-2.945394251714,-0.357180282931455,0.0571292029469136,-4.42722194453934,-2.29509221086134,-3.00646368173932
6.54303094455703,2.13812446568218,0.535520918622615,1.98808039667434,1.60757231607942,-2.94142003107615,-0.380528646403139,0.00844518661099869,-4.40486725538929,-2.2692600040016,-3.01143140099682
6.49186306216731,2.12173085344549,0.532540282715128,1.96870629994833,1.61850142324477,-2.98215579263542,-0.365625435681265,-0.0129161675095943,-4.44212507066125,-2.30850508754648,-2.97417350657551
6.41635317752545,2.08993718124258,0.545456371642985,1.9369129104591,1.62644986482435,-3.01345278015948,-0.354696414485223,-0.0298065405345275,-4.47242809371279,-2.36811787260109,-2.91853505087625
6.39797248190141,2.08745330059967,0.548437007551001,1.95380314862944,1.64632096877234,-3.0164334456393,-0.352212546032777,-0.0635872865626601,-4.46149913456648,-2.38302106889049,-2.88177392838348
6.39201117521763,2.11676309215464,0.542972508386871,1.98559653810289,1.65178552235875,-3.00153011824954,-0.36761253043539,-0.107800321827551,-4.45951205108679,-2.36265336732394,-2.87432234949782
6.30805610593327,2.095401718613,0.560856323819095,1.95976440911018,1.67215340389981,-3.01394955775152,-0.331844824712764,-0.116245508337735,-4.47143455197746,-2.39444685273711,-2.83060642006461
6.23801075236926,2.07453712123335,0.568307913581309,1.93591936699503,1.69103095265176,-3.03481421610678,-0.323896445664389,-0.131148778663058,-4.50074403331327,-2.44412417363443,-2.77347764862437
6.20671389224771,2.07702100187433,0.579733684552403,1.95280960516999,1.70990850139282,-3.05269820897674,-0.318431935067349,-0.164929524723358,-4.5176342428993,-2.45803382349641,-2.75410354353592
6.21366875004791,2.12222762952121,0.575759503346418,1.97715141898651,1.72580538455389,-3.04375621254138,-0.342773845903334,-0.189271532931723,-4.50124080419207,-2.44263385401967,-2.7749679644111
6.1779009099347,2.12371795790433,0.562346641774829,1.99056425516845,1.72580538455389,-3.0820080861819,-0.32936095625272,-0.222058727678659,-4.49975049158353,-2.43716934872002,-2.74019392961461
6.12822335420136,2.11825342049956,0.553901506713234,1.9806288209543,1.73126993813991,-3.09343397051752,-0.317438387667649,-0.244910408858271,-4.50521497115126,-2.45803382348858,-2.69896185979907
6.09394584069779,2.1416018985302,0.578740139259458,1.98857716833135,1.71686338778437,-3.07058220182933,-0.305515819099036,-0.259813679188964,-4.46199590544213,-2.4570402770687,-2.67660712316564
6.07804902284967,2.18283431716011,0.595133636730511,2.01291898216357,1.71437949979108,-3.05369176411281,-0.305019045408464,-0.29856218206672,-4.45305402978287,-2.42176937922176,-2.66915554428417
6.08003612507994,2.22903449707559,0.62941094963467,2.02285441637476,1.70891494620729,-3.04375621251486,-0.311477103385537,-0.353704282327899,-4.43467350759553,-2.37656301718056,-2.67163940391083
6.03284244711702,2.24294422864828,0.653256036883277,2.00844803677587,1.70046972702767,-3.05567887442592,-0.320419029818909,-0.400401196088435,-4.41927361063454,-2.37507269755461,-2.65822656192071
6.03582310046918,2.3090154537262,0.677597896746541,2.05315749078062,1.69798583903593,-3.03779488154513,-0.333831919456562,-0.464485258550832,-4.38400287885324,-2.33831148005052,-2.65077498304558
6.05122314275879,2.36962214130184,0.701939756613404,2.11773781311009,1.68954061985956,-2.99904623032851,-0.366122209362428,-0.538504834670469,-4.32240329101002,-2.26776968441569,-2.66965231620665
5.97372615562408,2.37856411160721,0.715352618178249,2.13065387758721,1.68904384226133,-3.00252367338812,-0.371089946268759,-0.576756561898367,-4.28812610098245,-2.25187294171714,-2.64580726380505
5.89871304639218,2.39297061930069,0.737210614799533,2.13413127955858,1.67115984870428,-3.02040766626218,-0.361651246144775,-0.623453475690158,-4.28117130880763,-2.24889230246504,-2.61898157982499
5.7799836878751,2.35968661872202,0.7555912028764,2.09587985783077,1.69103095264701,-3.00848500434165,-0.349231903884603,-0.630408335189094,-4.30203568533721,-2.28615029317617,-2.55887217690245
5.72136417198398,2.36167372323299,0.778442744797975,2.11972489993644,1.68457284386337,-3.00947855950153,-0.336812561616888,-0.674621370591689,-4.29259703881204,-2.27373096295399,-2.55042705417524
5.72285449865902,2.41979653014524,0.801294286708062,2.16393758216363,1.68457284386337,-2.99209134421002,-0.378044777950256,-0.736221554747322,-4.26775849534267,-2.20368594048596,-2.5772527381371
5.67963502508381,2.42675139593115,0.810732967062926,2.16890529926861,1.6801018454747,-2.9910977890506,-0.376057683188107,-0.778447487459111,-4.24540380621177,-2.20815689936429,-2.54843996647727
5.57382183110411,2.39893193276706,0.817191011515299,2.16344081045306,1.67265018149447,-3.01494311289266,-0.345754488085,-0.787389449678473,-4.23050068012613,-2.22753105451141,-2.49627891435515
5.53358301087654,2.39148029085413,0.838055462830062,2.18728585254217,1.67960506787794,-3.02239477659011,-0.332341598436608,-0.817195990435775,-4.21013307448599,-2.22703428130278,-2.44511140607043
5.50775068181282,2.39793838051349,0.830603873079748,2.21013735121713,1.66569529511869,-3.03282710576895,-0.33979320379518,-0.841537998713697,-4.19672026100777,-2.20865367257786,-2.44262754644575
5.43472467474322,2.36465437997889,0.834578054279152,2.18033104862942,1.67563084709054,-3.07207253456568,-0.297567440083783,-0.840544447354507,-4.21609432490605,-2.22306009560841,-2.39891161703587
5.42379561243583,2.38800285798254,0.846500597883356,2.18529876573379,1.67016629350924,-3.07107897940573,-0.278193266156845,-0.872338090822414,-4.20119119882516,-2.20616980650601,-2.38003428389631
5.35275670746091,2.35124142454042,0.842526416681602,2.19523419993438,1.6880502870663,-3.07952419826761,-0.261302960684177,-0.896680099120393,-4.20417182404266,-2.21660204389043,-2.32389905637603
5.36765997425105,2.40290614183648,0.859416686788558,2.266769326223,1.67314695911104,-3.0874726395473,-0.27918681354154,-0.957783507683091,-4.16144952926698,-2.15897635162196,-2.34128607373954
5.2916533136131,2.38551897735984,0.867365049188776,2.26478223938195,1.69301806305425,-3.11727929436296,-0.254844902721683,-0.972190002386718,-4.16194630013662,-2.17586664072615,-2.26677028505972
5.22657571538782,2.35223497683783,0.858423141488531,2.25186617492118,1.69798583904005,-3.13466650965447,-0.220070744362,-1.00199654317779,-4.15548827883956,-2.19226015659939,-2.20616411021263
5.16745942382595,2.35670596198483,0.877797274831901,2.26478223938836,1.69450839584819,-3.15453761285079,-0.21808364960007,-1.02981598125017,-4.15052057014714,-2.19424724943454,-2.17039653163395
5.17044007718357,2.39297061931726,0.881771456032127,2.30750460645195,1.69351484065063,-3.13069228900873,-0.255341676373386,-1.08247420329271,-4.12667556843289,-2.14158928933797,-2.17337716318166
5.0695946385534,2.36813181292388,0.891210136380292,2.28514987949424,1.69003739745919,-3.15205372495437,-0.234477181384649,-1.10135167912948,-4.14257223624783,-2.17437632113543,-2.12568705844101
4.978684711061,2.3105057820549,0.891210136380292,2.25633712029108,1.71885049816438,-3.15751827833558,-0.211625591628141,-1.11774527655845,-4.14704317407292,-2.22206654921588,-2.04421646285063
4.89870384593265,2.29411216983406,0.896177862878225,2.25882097884175,1.72381827414851,-3.16546671961876,-0.211128817938009,-1.14010018215262,-4.1510173410287,-2.25684067381812,-1.9955328142549
4.9036716015275,2.31597031943359,0.901642362027324,2.28415633605482,1.70146328220998,-3.15851183350034,-0.248386844739097,-1.18033901224181,-4.12965619366516,-2.23746651869005,-1.9821199722936
4.89174898808553,2.32938327488531,0.924493903924572,2.29508531366977,1.70394717020279,-3.14907305947844,-0.266767471283644,-1.20815845033425,-4.11723692192851,-2.21213108505228,-1.96672004263588
4.85846502557542,2.32342196135691,0.939893856066114,2.27769830383148,1.70146328220921,-3.1341697320812,-0.256831997471803,-1.2354811127623,-4.10531442107692,-2.20120207446969,-1.93144923599334
4.88429735470683,2.36515115607937,0.949332536411489,2.31992389916144,1.69152773023999,-3.10883407548551,-0.288128739960525,-1.27969414829923,-4.0630888972012,-2.15351184645009,-1.9602620075971
4.86790376123429,2.37309957411874,0.961751852660544,2.3527108320071,1.68407606626083,-3.10883407548551,-0.29657389269884,-1.31546199730931,-4.03924389550678,-2.13165382528896,-1.94138467446978
4.83213592089426,2.35471885739788,0.953803490265967,2.33731090898759,1.70295361500961,-3.11926640467023,-0.283657776751649,-1.33632657588993,-4.03626327029191,-2.14904088760557,-1.90363000823255
4.7978584072604,2.3388220213138,0.968706669758443,2.33532382214945,1.7109020565888,-3.12224707014918,-0.264780376510195,-1.34874596790204,-4.04023743724234,-2.1793440533034,-1.8619011665881
4.81872298080318,2.36713826060017,0.987584030438866,2.36065917936629,1.72729571734333,-3.09790496872427,-0.282167455665795,-1.39196545212423,-3.99403774643961,-2.12817641279616,-1.87133983314611
4.94887817743965,2.5092162330061,1.01440975352453,2.4461039134341,1.69003739745831,-3.05319498655125,-0.333335145813021,-1.47293988811411,-3.9105802405336,-2.00547343037705,-1.94635239371316
4.92056197047003,2.53554536777949,1.02881616036023,2.43666525093991,1.67066307111345,-3.05170465381045,-0.321909350943756,-1.52013357778688,-3.89219971836964,-2.00050569828706,-1.92250734136483
4.83263269629646,2.50077103886164,1.04918383899121,2.41530406740944,1.66370818472764,-3.07654353281415,-0.273722302962315,-1.54994011864781,-3.90064482313859,-2.01540889453763,-1.86388825433593
4.83014881849533,2.51964853170673,1.05812574668168,2.43120076211144,1.65725007594571,-3.06958864669515,-0.265773923913721,-1.59415315427014,-3.87530950881936,-2.00050569829617,-1.84004320197626
4.78891644696665,2.50921623302841,1.08097728854311,2.41282020883739,1.65725007594571,-3.09989207907935,-0.243915881546982,-1.62197259241847,-3.88325784271964,-2.02037662663291,-1.77496607995587
4.75712281110885,2.49282262082481,1.10233851246307,2.37357524376893,1.67265018149596,-3.11976318228938,-0.219077197027667,-1.63737263852816,-3.86885148753507,-2.03627336929259,-1.71187604561348
4.73427113534146,2.47940966538182,1.10184173981328,2.36016240761129,1.67364373669334,-3.13168584421091,-0.21112881797973,-1.65426301169487,-3.87034180014015,-2.04968624591116,-1.68057941439886
4.74072921762883,2.49431294921065,1.13313841672018,2.40685894834362,1.67066307110257,-3.11032440826616,-0.228515897141571,-1.6999663743789,-3.81023252506705,-2.00348633750551,-1.6607085374485
4.76705832230827,2.53802924841614,1.14108677911076,2.41679438253237,1.64731452395499,-3.1033695221492,-0.257825544893379,-1.75163104523512,-3.77247793906935,-1.95033160426475,-1.67958587056711
4.7168839906643,2.50673235236081,1.14506096030394,2.42623304501672,1.66668885028449,-3.13864073034441,-0.23199331301112,-1.77945048340638,-3.76303929257419,-1.94933805784852,-1.64232797627419
4.59368365188037,2.41234488827026,1.15847382183071,2.37655587409145,1.67712117985906,-3.18037004703662,-0.179335301793826,-1.77597305363296,-3.78837460683084,-1.99504119290645,-1.56632187185967
4.62398696109227,2.40986100763252,1.16989959276059,2.41580083916965,1.67910829025425,-3.16546671963377,-0.192748191423703,-1.81025057567821,-3.74167814519181,-1.94586064528672,-1.56532832801218
4.68558713060197,2.44463533655036,1.17238345600658,2.46398769500841,1.68655995423895,-3.15404083528884,-0.206657854745304,-1.84701197613681,-3.68405272448524,-1.88525431394179,-1.5866895207315
4.67863227275753,2.43867402302196,1.18877695342673,2.44511037004838,1.68258573344907,-3.16049894382785,-0.202683665222323,-1.88725080639805,-3.65871741019761,-1.88028658186394,-1.56979927532005
4.67316774158601,2.41532554501096,1.18082859104367,2.44809100031018,1.68606317664,-3.13466650966183,-0.192748191428036,-1.92252187982238,-3.62642730374707,-1.87134466410979,-1.55042517031479
4.69900007072353,2.44860954553366,1.18778340812803,2.50323266006802,1.66172107431337,-3.1043630772732,-0.220070744401169,-2.00001888623848,-3.56681479964366,-1.81322219882598,-1.57178636303197
4.6930387639982,2.4590418442122,1.21858331238698,2.51515518109748,1.66668885029953,-3.09194363777173,-0.206657854765737,-2.05665131402305,-3.51614417113223,-1.77944162069391,-1.53949618799903
4.69800651960274,2.47841611317562,1.21361558589771,2.51366486596941,1.66321140710976,-3.08995652745227,-0.19870947571824,-2.0983804713509,-3.50471844117977,-1.72479656788838,-1.53800587222821
4.62994826782787,2.42526106754015,1.24391871747732,2.47541344431566,1.68258573346813,-3.10436307726824,-0.1351224433681,-2.12073537705275,-3.52111187982805,-1.77199002262732,-1.44163211904672
4.67118063938418,2.46649348614406,1.26329285078059,2.47988438970143,1.6483080791805,-3.08300164131278,-0.139593406575838,-2.16047743165275,-3.48882177343042,-1.74417072299432,-1.43616762788715
4.68509035508348,2.49828715830085,1.25782835164135,2.50323266005166,1.64135319279804,-3.06809831391429,-0.156980485734318,-2.19823238351204,-3.45553812529584,-1.71486110375954,-1.42523864556681
4.66025157704363,2.49878393442842,1.27124121315781,2.4947875409907,1.64979841197543,-3.06561442601473,-0.141083727655561,-2.2320131299351,-3.43020281104725,-1.69846758791506,-1.38599366361388
4.60262561202297,2.46400960551058,1.28912502851811,2.46746509697265,1.65526296556251,-3.0750532000384,-0.120716006366871,-2.26082611953272,-3.41977062283336,-1.74566104263394,-1.34525836588148
4.58722556964631,2.46947414291167,1.29558307295196,2.47591021603592,1.66420496233867,-3.08399519647993,-0.112767627323543,-2.28020037116994,-3.38400312036345,-1.72429979471423,-1.31098110316013
4.62547728782202,2.50921623312938,1.30154434473961,2.50720683375806,1.65874040875264,-3.0874726395391,-0.124690195877345,-2.31000691214221,-3.32240353281553,-1.66220314376173,-1.33333583970563
4.57579973176484,2.50275814347939,1.31744106949305,2.47839407462426,1.65874040875264,-3.08995652743835,-0.0884257164856528,-2.31547144465767,-3.31346165721511,-1.6646870097958,-1.30501984006013
4.55493515821506,2.50474524798906,1.31942816008846,2.48336179171778,1.66122429674528,-3.10833729790282,-0.0914063586259958,-2.32689728537121,-3.30501655247549,-1.64829349395959,-1.29111022620911
4.54152221808055,2.49182906868188,1.34029261133351,2.46696832530166,1.65874040875223,-3.12175029256244,-0.060109616160602,-2.33782635040058,-3.29408759339654,-1.66269991695646,-1.25782650734434
4.55344483154344,2.53206793501505,1.33582165749734,2.49478754105709,1.65327585516581,-3.11082118580469,-0.0774966952965241,-2.40091686218781,-3.23000415148303,-1.59414521432221,-1.28912313850262
4.53059315574948,2.52163563633893,1.33035715836278,2.49528431276656,1.66370818473763,-3.12224707015058,-0.0794837900558749,-2.42724597340543,-3.20516560813515,-1.58768716262761,-1.26478131425683
4.51270923556325,2.51915175570322,1.33880229339541,2.49031659567304,1.66519851753407,-3.13118906658855,-0.0635870319674632,-2.46847835512571,-3.18628831518754,-1.57526783245724,-1.24987815655286
4.5867287940498,2.56038417425514,1.3417829292865,2.52658093043904,1.6294305304062,-3.12125351499288,-0.113264401010209,-2.511201063922,-3.13164351985694,-1.51416472807258,-1.2742199807969
4.59119977409923,2.56137772651064,1.33234424895982,2.53552282121269,1.63638541678766,-3.10485985484889,-0.116741816838353,-2.55044634292596,-3.10382435131276,-1.45852612883762,-1.2483878407964
4.53307703343155,2.50275814341487,1.33135070366247,2.51366486598279,1.64383708076484,-3.12224707016148,-0.0839547533217317,-2.56534961342938,-3.09488247570512,-1.48535188204304,-1.21609766580019
4.4923414374502,2.50226136728757,1.3343313395555,2.51366486598279,1.63588863918259,-3.12622129080116,-0.0784902427335917,-2.60707877086799,-3.10034695523812,-1.46051322171978,-1.20616222733374
4.4873736818391,2.47891288930748,1.32787329512623,2.50969069230591,1.62595308720429,-3.13963428546162,-0.0750128269053514,-2.63738208757272,-3.09090830877527,-1.46548095378892,-1.18380749078792
4.47793494617996,2.47096447126778,1.32936361307263,2.49031659563424,1.60906264884851,-3.12522773563691,-0.0586192951395745,-2.66569830154418,-3.07550841190617,-1.4480938915541,-1.1698978769425
4.41881865439092,2.44215145586478,1.32787329512742,2.47938761801603,1.61104975924297,-3.12820840111785,-0.051167689798693,-2.69749194530119,-3.03775382604232,-1.44262938627812,-1.1535044034836
4.3795733850543,2.41880297787733,1.31992493274905,2.49627785613439,1.61601753523068,-3.1485762818977,-0.0367612527991646,-2.6865628802524,-3.00099278193509,-1.42474555084965,-1.13959478963197
4.32641839997514,2.40091903727899,1.31744106950549,2.4848521068135,1.62943053038671,-3.13963428545263,-0.0317935159011989,-2.70245970213705,-2.97019298822589,-1.41779072595027,-1.11425942155766
4.28965700844138,2.39893193277023,1.32787329512817,2.48286501997575,1.62247564400241,-3.13019551143487,-0.0213612684133102,-2.70544035624073,-2.91207079689202,-1.41679717953699,-1.09339500078292
4.20222450980313,2.34528011102593,1.32986038572193,2.46100706478219,1.64085641517307,-3.12423418047946,0.0263290058703587,-2.71785974835044,-2.89170319139729,-1.43468101494599,-1.06110482576904
4.14261144241229,2.3368349168528,1.32389911393393,2.44560714178065,1.63688219438395,-3.14609239400729,0.051167690342363,-2.71140166445822,-2.8718323567462,-1.44561002549693,-1.06011128192326
4.13714691123151,2.37856411161385,1.32588620452858,2.45405226084957,1.61601753524107,-3.11231151855449,0.0496773692747212,-2.74617596234434,-2.82265204097451,-1.39394561195044,-1.06706608884296
4.14012756459823,2.38303509675926,1.33929906604068,2.47541344434611,1.61005620405238,-3.10833729791481,0.0476902745155896,-2.75213727055723,-2.78787808033508,-1.38251982821282,-1.04868552768757
4.11479201096637,2.37955766386664,1.34078938398612,2.48584565024624,1.62247564402449,-3.10336952211375,0.0352709322687889,-2.75859535445128,-2.7570782866447,-1.3492360233748,-1.01937598423833
4.10286939749713,2.38750608190634,1.34625388312181,2.52012289819106,1.62098531122773,-3.09939530147399,0.0104322477693592,-2.78393091435574,-2.70740120004973,-1.32936509512622,-1.00944054578075
4.11628233766311,2.39346739544087,1.35022806430876,2.553406602737,1.61800464563597,-3.09889852389381,-0.00546451029491765,-2.79635030646257,-2.6621950512787,-1.2916103314449,-1.01093086154942
4.12274041996321,2.39297061931323,1.37009897024762,2.52906478897366,1.59465609848333,-3.07952419827355,-0.0144064367070607,-2.81026002561666,-2.63536942453971,-1.28862969220849,-0.98907289693676
4.15801148484134,2.41284166442167,1.37804733262575,2.53900022316611,1.57130755135426,-3.04922076590139,-0.00645805767316687,-2.81622133382678,-2.60208577655158,-1.23994591798525,-1.00248573885614
4.24892141245556,2.457054739702,1.38003442321981,2.59811605650484,1.53752667459722,-3.01146566986784,-0.0501741424247482,-2.86887955640114,-2.54396358538389,-1.16244929791253,-1.03626622964061
4.19377932509022,2.42526106749976,1.37258283349197,2.54595502696923,1.54348800578419,-3.0323303282183,-0.0178838526169356,-2.87086665913943,-2.56979567040506,-1.18728795823117,-0.987582581215272
4.16794699584372,2.40688035075958,1.39543437533449,2.550425972358,1.54249445058679,-3.03282710579871,0.00596128444394023,-2.89520866766756,-2.54346681452228,-1.17288153523354,-0.952311774708366
4.15950181128927,2.3899899624128,1.39841501122602,2.55986463484258,1.53305567620572,-3.04276265739749,0.00546451075469892,-2.8996796488289,-2.50968639567733,-1.14158482325076,-0.932937669721238
4.12025654193254,2.36515115603873,1.38549892236271,2.55042597237018,1.53305567620572,-3.02090444389114,0.0312967426062964,-2.90862161115169,-2.47789306028763,-1.13363645195914,-0.894686231672481
4.11628233743895,2.35620918574106,1.38003442322879,2.53999376647005,1.5206362362336,-3.00401400617533,0.0566322007806786,-2.94438946045024,-2.44609972491425,-1.11773970937083,-0.90660875781832
4.12572107310256,2.36564793215974,1.39891178386569,2.5275744737432,1.49778446666979,-2.99457523215856,0.0765031483829651,-2.94935721729816,-2.41132576437001,-1.0824688117816,-0.906111985895516
4.10783715287967,2.33981557349922,1.39543437532716,2.51416163758955,1.49182313548497,-2.97271701864078,0.095877322271931,-2.94587978750744,-2.38201628335239,-1.08942363666453,-0.888228196675728
4.10237262170277,2.34577688703025,1.40089887445623,2.5310518757142,1.51020390664989,-2.96327824462638,0.09736764334093,-2.97270567447582,-2.34873263541062,-1.06210111035286,-0.897666863211315
4.08299837480399,2.33931879737184,1.40288596505017,2.55241305921127,1.48834569229239,-2.97569768411849,0.0909095853761587,-2.99903478575926,-2.31693930006987,-1.04123663572454,-0.878292758218331
4.03034016540621,2.31795742393211,1.40536982829242,2.50820037715086,1.50076513228302,-2.98811712359659,0.132638575368608,-2.99207992616572,-2.31296513315848,-1.05464951225262,-0.840041320126625
4.06114025025578,2.35024787226217,1.40686014623825,2.54744534224269,1.48834569230822,-2.98613001327671,0.121212780520159,-3.00151866417543,-2.24192689942924,-1.02732698590393,-0.851467074342732
4.0909467839994,2.36962214125817,1.41530528125914,2.54893565737206,1.46648747795335,-2.96079435668896,0.0958773223919294,-3.01493160766325,-2.19523043813609,-0.997023820324451,-0.85693156548933
4.12621784888448,2.38849963411555,1.41530528125914,2.55837431985219,1.47095847634492,-2.93496192254077,0.0933934539455174,-3.02039614019518,-2.17039189490355,-0.975662572493256,-0.861402512793088
4.12522429776073,2.3750866786627,1.41828591715156,2.54049053831333,1.46797781074993,-2.94042647591547,0.0978644171468377,-3.0333123080021,-2.14853397685197,-0.981623850961654,-0.872828267011004
4.13963078904699,2.38502220121546,1.42871814276931,2.55936786327149,1.45257770517414,-2.92949736916458,0.0933934539421853,-3.03182198094667,-2.12617928794733,-0.945856180187357,-0.859415425097225
4.12125009327775,2.37657700705156,1.40984078213241,2.55440014617859,1.44611959637979,-2.92452959336779,0.108793438318866,-3.04275104601659,-2.09686980696337,-0.936417489294474,-0.845009039339017
4.13068882895253,2.39992548507287,1.4008988744586,2.55986463498301,1.4272420476165,-2.91856826241188,0.107303117251224,-3.07355113847051,-2.07550865980765,-0.893198220420968,-0.848486442797695
4.12423074665103,2.38800285800931,1.39841501121834,2.54992920079377,1.41879682843464,-2.92900059158591,0.12021923317738,-3.07255758710064,-2.04123147019322,-0.88226920990747,-0.820170443198678
4.09243711068229,2.3626672754862,1.40686014623998,2.50820037719687,1.41830005083534,-2.93744581044426,0.14207727551033,-3.06162852203522,-2.04619917883693,-0.898662725684899,-0.792351215535462
4.03481114555486,2.32193163305928,1.41431173596452,2.47143927069028,1.41730649563637,-2.9632782445795,0.162941770470269,-3.04324782169295,-2.06060553389439,-0.900649818504691,-0.750622374029228
4.01046914301557,2.30206058793831,1.41679559920728,2.44958131545875,1.40439027805465,-2.95532980330163,0.180328849584596,-3.03629296210641,-2.04371532451276,-0.872830518990671,-0.726777321756422
4.00550138739409,2.30057025955456,1.38798278558913,2.45504580426548,1.41184194204186,-2.93098770189963,0.191257870742323,-3.01940258882697,-2.03576699068631,-0.862895054876938,-0.71882897099802
3.96774644469834,2.27126046800637,1.3805311958593,2.43666525101059,1.39296439327086,-2.94539425170958,0.209638497237655,-3.01840903745741,-2.00695428057458,-0.88524984911948,-0.69299683102875
3.95483028008604,2.29162828924659,1.3805311958593,2.42921367536468,1.37110617889445,-2.94340714139136,0.231496539539236,-2.99853801006574,-1.96721261145009,-0.862895054872782,-0.682067848733274
3.90912692839089,2.25983461706306,1.36165383521292,2.40089768792076,1.36862229089728,-2.96327824457854,0.262793281948479,-2.98661539362644,-1.94485792257002,-0.888230488330845,-0.643816410711486
3.86441712781515,2.20320213847425,1.34575711044962,2.36562689652574,1.36961584609654,-2.97619446165237,0.298560987546703,-2.97270567444761,-1.94336760997874,-0.910585282558548,-0.600597253472929
3.88826235476725,2.21909897456067,1.33532488482416,2.381026819512,1.35719640611128,-2.97172346343642,0.275212624137541,-2.97767343129962,-1.92300000457209,-0.882765983106574,-0.608545604236936
3.85597194323491,2.20320213846657,1.3124733429965,2.34973020178365,1.32987363814635,-2.96476857731989,0.311477103419124,-2.9741960015055,-1.92697417148095,-0.898662725673772,-0.573274797751345
3.88925590588869,2.20916345200386,1.29955725413815,2.35221406033352,1.3184477533591,-2.93744581043609,0.318928708753836,-2.99406702890178,-1.86686489697347,-0.867366013747509,-0.57029416621733
3.84057190076452,2.13862124178141,1.2816734387937,2.32936256166026,1.32888008294596,-2.93744581043609,0.350225451148395,-3.00648642102301,-1.82513614442129,-0.88425630272426,-0.527075008996181
3.84355255413794,2.13564058501183,1.2841573020361,2.31893035574588,1.33931241253181,-2.92651670368337,0.34625126163803,-3.03331230801352,-1.79334280915276,-0.871836972597429,-0.543468482431967
3.83262349176722,2.10086625603113,1.28266698408899,2.2891240531456,1.31099608936612,-2.93794258801182,0.367612530245337,-3.04225427033609,-1.77198166200956,-0.863391828104905,-0.524094377466024
3.83212671620506,2.10036947990288,1.27670571230275,2.29160791169455,1.29758309417624,-2.91956181756617,0.376057682953116,-3.05864786794034,-1.74366572280159,-0.828617703739159,-0.546945885899391
3.8147395715242,2.0467176580616,1.29061534646036,2.27372413013305,1.28715076457935,-2.92353603820278,0.373077040822645,-3.05765431657129,-1.73770447243961,-0.830604796560006,-0.50372672867389
3.82368153164499,2.05069186708688,1.29757016354307,2.25931775054094,1.26032477419089,-2.88975516279446,0.373077040822645,-3.0760350169183,-1.70442082459703,-0.802288723873838,-0.509687991739434
3.82169442939534,2.05267897160107,1.31694429684635,2.25186617488615,1.24989244459625,-2.86541306139194,0.382018967211096,-3.07851889534236,-1.68454999005712,-0.782914568874952,-0.520616974024534
3.77648785327948,2.03926601615386,1.32439588657948,2.20417609076121,1.22306645420263,-2.86789694928959,0.422257636046304,-3.07504146554581,-1.65027280051635,-0.801791950641424,-0.494784834048202
3.79486854907988,2.04771121033018,1.31942816009109,2.22851790455416,1.20965345900663,-2.84653551337297,0.427225372928502,-3.06908015732877,-1.61251821491356,-0.76254686745314,-0.515152482859429
3.76307491311303,2.03380147874082,1.31545397890191,2.20218900390986,1.20369212781077,-2.84305807031728,0.432193109816596,-3.06162852205277,-1.59562800557978,-0.752611403360513,-0.494288062128527
3.76406846423895,2.05516285228112,1.31545397890191,2.20069868877809,1.18233069103202,-2.82020630165776,0.449580188901173,-3.04225427034714,-1.58469904659217,-0.748140444512242,-0.507700904018958
3.77648785329108,2.06410482258875,1.29160889175977,2.20864703614191,1.14209170545756,-2.79834808816739,0.469451136444225,-3.02536389705246,-1.55588633654798,-0.729263062735246,-0.491307430583172
3.77648785329108,2.08049843482889,1.28415730202223,2.20318254732704,1.13613037425983,-2.77450276435773,0.464483399561067,-3.03480263506411,-1.53353164770122,-0.708895361327783,-0.476404272924459
3.85646871867322,2.12371795794746,1.29061534645723,2.22106632887035,1.09986560944361,-2.72333467373254,0.426231825500046,-3.04722202719783,-1.46597081045191,-0.651766442867205,-0.488823570992416
3.84901708523489,2.10980822633909,1.25037676189833,2.19573097163086,1.08198161583668,-2.71886367551641,0.451070509905556,-3.05964141931459,-1.43914518384463,-0.658224494536415,-0.479881676400788
3.85398484085618,2.09341461410551,1.24044130892215,2.19722128676156,1.10185271983148,-2.71041845667183,0.471438231126786,-3.03728651348945,-1.41082924467814,-0.65425030889968,-0.492797746379662
3.89024945688767,2.13067282371555,1.22752522005578,2.19275034136736,1.07403317422003,-2.68756668803093,0.444612451948107,-3.02735099979515,-1.37158434651883,-0.638353566351475,-0.492300974457537
3.89372688582253,2.11030500246634,1.20964140469072,2.17486655979121,1.08148483822176,-2.66471491938239,0.460509209981671,-3.01443483198491,-1.37804236773224,-0.635869700328483,-0.467959150266757
3.89323011026054,2.0705629121985,1.21212526793509,2.15549246310127,1.05962662380961,-2.6547793677998,0.473922099556761,-3.02337679431116,-1.36810695047999,-0.638850339555085,-0.441630238391101
3.85497839193473,2.03678213544741,1.19871240641467,2.13860222493385,1.04969107181269,-2.65875358843491,0.487831762836129,-2.99357025323595,-1.37406820083148,-0.660211587360757,-0.422256133437977
3.99854652921879,2.12769216680992,1.18380922694643,2.19573097157235,1.02932319021239,-2.61006938571178,0.410831841048357,-3.0263574484415,-1.29855902980472,-0.559366626955753,-0.485842939507947
3.9791722822948,2.10484046490592,1.19324790727757,2.15449891958822,1.01690375020445,-2.60212094444754,0.40586410416465,-3.01691871043033,-1.28663652910872,-0.551915028891129,-0.465972062626518
3.96625611766875,2.08596297202235,1.18380922693861,2.11823458468811,1.00696819820442,-2.58672083949985,0.44014148863054,-3.00996385084235,-1.268752778049,-0.557876307349555,-0.453055992660833
3.87683651660364,2.03678213536397,1.16046091243112,2.06408646829961,1.0183940830164,-2.60510160990593,0.480876931134271,-2.98164763678915,-1.28216559130859,-0.595134297630152,-0.392449818131496
3.88081072110436,2.04522732955574,1.1664221842237,2.06706709856474,1.03627807662333,-2.57281106725882,0.472928552128236,-2.9831379638437,-1.25086902697814,-0.562844039306392,-0.401888484644948
3.85646871855067,2.03082082182593,1.16294477568065,2.03328662224166,0.987097094201323,-2.56188196052323,0.466470494182536,-2.97121534741423,-1.23894652628825,-0.560856946488342,-0.369101537784931
3.83411381826346,2.0179046425011,1.16493186627612,2.0238479597395,0.971200210977966,-2.54201085737508,0.477399515334231,-2.98562184227263,-1.21410798318856,-0.547444069973798,-0.348733888983957
3.79784920220479,1.98114320898248,1.16046091243188,2.01391252552362,0.968219545377599,-2.52959141790139,0.48733498909808,-2.95382819846891,-1.20317902421322,-0.550424709201428,-0.316940485985101
3.75462972827357,1.98263353736873,1.14506096031083,1.95877086561112,0.974677654183594,-2.52015264390178,0.494289820725674,-2.9165700221369,-1.20864350370135,-0.558869853679377,-0.299553468719727
3.75562327939965,1.98511741801384,1.14406741501259,1.92051944382633,0.973187321383644,-2.50723642684011,0.504225294490071,-2.91955067624235,-1.18380496058165,-0.542973111123997,-0.287134170678567
3.65775849386571,1.89818159567995,1.14257709706504,1.86488101231961,0.956296882968168,-2.53108175061041,0.576257479398249,-2.88775703240584,-1.21460475399294,-0.614011679234498,-0.225534452296512
3.62497130672963,1.87284601310837,1.1281706902417,1.84351982872815,0.967225990175554,-2.52313330934882,0.608547769117839,-2.86987310776579,-1.19970162813276,-0.650772896382102,-0.191753961624314
3.64086812472998,1.89569771501814,1.12618359964335,1.86140361033094,0.94536777575868,-2.51121064746068,0.589670368985278,-2.85894404270403,-1.16790829295429,-0.616992318476134,-0.210134522730781
3.57976473048626,1.81621353434374,1.12469328169496,1.80477163523575,0.958283993364613,-2.53903019188611,0.63785741670604,-2.82416974480088,-1.21907569176651,-0.673127690638981,-0.175857260134223
3.55740983016158,1.80230380273216,1.11922878255184,1.77198470229486,0.933445113350813,-2.53654630399199,0.660709006338932,-2.78939544689145,-1.23050142159586,-0.693992165241809,-0.153005751737669
3.5484678700339,1.79137472789678,1.09886110392808,1.75906863780332,0.946361330967928,-2.52909464031151,0.684554143357694,-2.78691156846957,-1.22950787987202,-0.687534113584601,-0.126676839887759
3.5425065632873,1.75610362278148,1.10184173982084,1.72777202000116,0.950335551774914,-2.53406241609699,0.703928317201209,-2.76853086813489,-1.24192715141807,-0.715353413032882,-0.100844699962332
3.54797109447756,1.75212941374902,1.09588046802667,1.69697217390058,0.932948335764209,-2.52015264389416,0.723799264712458,-2.77548572771247,-1.22404340038018,-0.709888907782589,-0.101341471883965
3.55293885010561,1.74914875697642,1.08048051589151,1.68902382651327,0.91407078694101,-2.51021709231968,0.730257322649961,-2.78542124139396,-1.19572746123029,-0.702934082918119,-0.0774964196485379
3.55393240123165,1.73971001052362,1.05415156546686,1.6885270548013,0.897180348534063,-2.49282987705542,0.746650854349229,-2.78939544686861,-1.19721777381661,-0.71088245419412,-0.0511675078160404
3.54449366555092,1.73722612988081,1.02831938768831,1.66567555610194,0.887244796518509,-2.46848777570683,0.76652180185938,-2.79138254960685,-1.19225006519874,-0.700450216902262,-0.0208644205877672
3.55194529899469,1.73325192084751,1.02831938768831,1.65574012186559,0.85694136288382,-2.45557155866242,0.763541159733845,-2.78542124139719,-1.20516610761026,-0.674618010250455,-0.0377546659197372
3.60062930405838,1.74865198081772,1.02980970563709,1.66468201266099,0.823657263613702,-2.41831324030052,0.739696022696001,-2.79635030645895,-1.18082433539781,-0.638353566389852,-0.0263289117172693
3.68160372078844,1.82714260923534,1.02633229709034,1.69548185878528,0.776463391552869,-2.3562160429671,0.691508974975238,-2.82317619340727,-1.11624412332599,-0.557876307235283,-0.0521610516419536
3.70197151886285,1.85049108729297,1.02583552444088,1.67660453373433,0.761560063530254,-2.33286749677511,0.691508974975238,-2.83758268824785,-1.08643787161073,-0.525089275726998,-0.0556384550926282
3.68855857866538,1.8281361614776,1.04421611246828,1.63239185137322,0.756592287524627,-2.32591261067544,0.70591541190877,-2.82118909067149,-1.08047662126869,-0.538502152248307,-0.0417288412932281
3.70842960114859,1.82912971373509,1.01192589026848,1.63636602506509,0.75410839952035,-2.3085253954308,0.715850885666587,-2.8152277824586,-1.05414776560005,-0.492302244258671,-0.0511675078022029
3.67613918955256,1.81124577308071,1.01142911761887,1.61848224343655,0.747153513111971,-2.31150606090215,0.717341206729046,-2.79635030646814,-1.06905089146387,-0.518134450910478,-0.0268256836506282
3.6840875985554,1.81919419114013,1.03080325094792,1.60655972234966,0.73672118349175,-2.28567362682791,0.727773454161658,-2.79635030646814,-1.03775432718614,-0.504224801189292,-0.0243418240437172
3.6756424139828,1.81422642984767,1.03726129539551,1.61848224343359,0.718837189869343,-2.26331863579255,0.733734738412236,-2.77598250341924,-1.01142547151042,-0.481373233779887,-0.0402385255250901
3.64335200241671,1.78690374275952,1.03974515864518,1.57277924595657,0.727282409082869,-2.26381541337085,0.729263775224364,-2.75710502741419,-0.998509429109619,-0.468457130474214,-0.0268256836456509
3.68011339404036,1.82416195242048,1.02732584240824,1.58718562559767,0.714366191454572,-2.23997008961499,0.712870243525097,-2.76008568151879,-0.957277447593818,-0.412818531652971,-0.0327869467059655
3.61304869316285,1.77945210086634,1.02037102531278,1.52260530309665,0.72777918668928,-2.25487341695275,0.757083101757756,-2.74170498119121,-0.980128907220993,-0.449579748717632,-0.0139096136840813
3.5400226854485,1.72033574151276,1.01043557231809,1.48385710957775,0.753611621935934,-2.26629930124992,0.806263696852847,-2.70742745898608,-0.99453526220387,-0.480379687365534,0.0303030873291006
3.56585501468991,1.72878093569814,1.01788716205849,1.5101860103018,0.738708293902567,-2.23102809321613,0.775463728210412,-2.71388554288363,-0.979632136362607,-0.433186233022635,0.0322901750152436
3.59864220182664,1.76901980215058,0.990564666334806,1.54645034527936,0.729766297089428,-2.22456998469683,0.740689570075322,-2.7079242346775,-0.964729010515159,-0.4043733871739,0.0153999296866716
3.57380342372019,1.78243275762261,1.00447430052079,1.55638577950559,0.713869413854983,-2.20916987977648,0.764037933384611,-2.70991133741493,-0.94982588468008,-0.410831438821509,0.0248385961956464
3.58771313948971,1.78690374278747,0.99652593812504,1.55986318149017,0.706914527444263,-2.19526010758004,0.760560517572013,-2.71239521583367,-0.926974425026687,-0.373076675265512,0.0248385961956464
3.61503579541785,1.79932314599995,0.981125985993515,1.59115979932809,0.702443529033984,-2.17687933719815,0.723302490999216,-2.71388554288633,-0.914555153501243,-0.32936063335194,-0.00447094717727692
3.64881653369127,1.81571675826111,0.992054984283796,1.57526310454794,0.697475753025012,-2.18184711298197,0.707405732993288,-2.71438231857019,-0.900148798523289,-0.305018746359571,-0.0119225259991874
3.6870682520035,1.86390404274075,0.994538847533093,1.60308232041596,0.663198098548679,-2.16247278743621,0.686044464413685,-2.73425334594445,-0.872329630303238,-0.274715580946633,-0.0392449816850255
3.64831975812839,1.83310392275857,0.995035620182747,1.57874050653356,0.663694876149917,-2.17191156142004,0.69995412767463,-2.70891778607003,-0.890213381311881,-0.302038107132825,-0.00447094718102525
3.64732620700294,1.81323287759624,0.995035620182747,1.56582444200834,0.676611093775108,-2.16893089595175,0.703431543486076,-2.69401451554702,-0.866368379962368,-0.321909035305949,0.0153999296729755
3.67514563853814,1.81621353437391,0.995532392832621,1.55787609461057,0.660217432949246,-2.16048567712287,0.687038011802639,-2.69848549670075,-0.847987858089457,-0.307999385587716,0.0273224557792074
3.65974559610895,1.79385860858251,0.980629213348517,1.51515372738045,0.667669096967273,-2.15154368072825,0.708399280382831,-2.68010479638265,-0.839045982589937,-0.333831592160668,0.0432191572642358
3.63689392023028,1.75014230922355,0.97069376034707,1.47441844699015,0.672140095374327,-2.13018224486921,0.724296038395777,-2.68507255322096,-0.820168689865503,-0.345754149058212,0.0551416833793785
3.65924882052719,1.74567132406705,0.941880946663319,1.44808954627983,0.668165874563804,-2.11925313815759,0.687534785512139,-2.66420797448821,-0.805265564041334,-0.330850952951709,0.0561352272222782
3.67564241410283,1.76703269762083,0.928964857762201,1.43716056861197,0.662701320953738,-2.09640136956683,0.663689648493377,-2.65824666628377,-0.766517436861614,-0.315947756832152,0.0536513676157606
3.66620367842191,1.73821968215787,0.935919674855606,1.40636072248615,0.674127205778082,-2.09590459198914,0.668160611686184,-2.64731760123357,-0.765523895139906,-0.336315458165545,0.0978640686263996
3.64583588035072,1.72480672667231,0.921016495367096,1.40238654878914,0.672636872975158,-2.06907860276884,0.675612217003211,-2.6468208255497,-0.781917333563896,-0.351715427483569,0.117734945481258
3.61453901991776,1.67761299445097,0.914061678268139,1.36115449668523,0.682075647401852,-2.07653026643842,0.695483164519942,-2.6065819951381,-0.798310771974682,-0.376554087654483,0.157476699198971
3.64484232923542,1.67214845703058,0.899158498772137,1.35370292100103,0.685056313009027,-2.04920749965339,0.684057369699241,-2.6229755927001,-0.749130456738721,-0.381025046488748,0.147044488851445
3.648816533737,1.66966457638412,0.883758546621943,1.34476103017098,0.67760464899548,-2.04523327902957,0.685547690761083,-2.61453040607551,-0.735717643491896,-0.3502251078294,0.169895997219424
3.65875204499212,1.69003239768814,0.871339230370685,1.33879976962058,0.667172319372249,-2.0278460638031,0.655244495791795,-2.61304007902415,-0.731246705741536,-0.34724446860541,0.138599366181795
3.62000355109638,1.67363878542767,0.85544250557307,1.32638047680401,0.656739989746257,-2.04274939112934,0.655741269479405,-2.59913035987616,-0.747640144160324,-0.37854118046271,0.149031576527372
3.61950677553357,1.68208397962832,0.860907004724593,1.34525780187324,0.644320549724275,-2.03182028441818,0.656238043167084,-2.59018839756811,-0.758569103103915,-0.361650891526764,0.180824979480979
3.64037134912612,1.68109042737121,0.875810184222357,1.34525780187324,0.637365663304021,-2.004000740084,0.64232837989424,-2.59813680851126,-0.736214414388118,-0.329857406539211,0.164431506069476
3.61155836647092,1.66767747188621,0.894190772270959,1.32588370508372,0.636372108102035,-2.01194918133047,0.656238043159023,-2.60111746261325,-0.744659519023565,-0.333334818966046,0.184799154837654
3.58721636390907,1.63836768025852,0.878294047481804,1.29856126090016,0.618488114461134,-2.01492984679678,0.658225137911025,-2.59863358419361,-0.749130456771634,-0.344263829446759,0.196224909022218
3.59615832403992,1.6150192021729,0.872829548332705,1.28216779439165,0.60855256243889,-2.01791051226421,0.652263853657651,-2.57627867843301,-0.721808059405654,-0.343767056242754,0.215599013944706
3.58572603722029,1.60905788862245,0.868358594481855,1.28514842466707,0.611533228046424,-1.99704585399527,0.65176707997,-2.58422708937186,-0.704421079273426,-0.338799324205934,0.216095785865889
3.55244207452514,1.6065740079764,0.877797274830858,1.26378724102362,0.61004289524289,-2.02238151046761,0.66965093272963,-2.56187218360895,-0.725285455419625,-0.315450983638769,0.237953750399948
3.53654525651507,1.61551597830245,0.898661726127728,1.27620653384205,0.581229794365213,-2.00052329704848,0.670644480104124,-2.55839475382343,-0.734724101777581,-0.308496158787221,0.237953750399948
3.51568068287478,1.62197406798055,0.88872627312011,1.28067747925501,0.568810354330687,-1.99505874369422,0.694489617133414,-2.55591087540475,-0.729756393167221,-0.292102643063758,0.263785890306065
3.49531288477747,1.62048373959267,0.900152044069917,1.2677614147176,0.574274907944958,-2.00449751767233,0.701444448758512,-2.53902050216711,-0.714853267331414,-0.272728488098306,0.296572837085953
3.49183545583752,1.63936123250085,0.894687544918393,1.25236149163614,0.560861912712831,-1.99903296431864,0.694489617129768,-2.55094311857875,-0.711375871303271,-0.260805931211521,0.293592205560294
3.42328042825424,1.60011591831144,0.890713363720282,1.2081488092333,0.565829688727538,-2.02039440014377,0.74267666485053,-2.52858821280951,-0.749627227565235,-0.307999385509332,0.34823711690173
3.43768691958597,1.58024487313449,0.876306956873083,1.20069723354002,0.55440380390127,-2.00996207100832,0.75211536491694,-2.52362045597312,-0.740188581208201,-0.293592962602364,0.360656414925218
3.40440295686128,1.5966384854053,0.874319866273381,1.194239201273,0.552416693495769,-2.00946529343057,0.790863712537147,-2.51914947481858,-0.74962722756846,-0.3099864783354,0.381024063679642
3.39993197679625,1.63389669510543,0.875810184223311,1.20665849408371,0.543474696671663,-2.00002651945167,0.782418559841487,-2.54001405352767,-0.766020665983647,-0.277199446900222,0.389469186334764
3.38254483208727,1.61899341122272,0.87829404747393,1.17933604987571,0.528074591028109,-2.00350396249522,0.808747565268102,-2.53753017510893,-0.783904416977014,-0.27819299330748,0.414307782384773
3.37757707645735,1.61899341122272,0.871339230375179,1.17933604987571,0.507209931767344,-1.99257485577836,0.804276602079859,-2.54051082920915,-0.792846292474788,-0.283657498543993,0.430204483855409
3.35422862498686,1.61601275444774,0.849978006428068,1.16592321363148,0.521119704609861,-1.98313608180813,0.814212075821776,-2.53454952100686,-0.78638827128203,-0.298063921453638,0.449081816843651
3.34826731822931,1.60011591831387,0.851965097030062,1.15747809451726,0.532048811840639,-1.98164574907536,0.825141096949645,-2.51964625050152,-0.781420562672883,-0.299057467860712,0.477397816333949
3.3522415227374,1.5901803957256,0.843519961980954,1.15102006224542,0.524597147820819,-1.97965863876387,0.841037854939784,-2.52958176416893,-0.805265564015412,-0.299554241064703,0.491307430109964
3.27722841263023,1.52708982726288,0.839049008128385,1.09736871722385,0.532545589440909,-1.98959419031698,0.878295881490993,-2.48884615812625,-0.826626711054817,-0.346250922247993,0.523100833037075
3.28567359719767,1.55093508146169,0.842029644027056,1.12220730285545,0.524597147816805,-1.98611674727437,0.863392670869482,-2.50424620432006,-0.805265564042521,-0.324392901295268,0.518629885748748
3.22755085625715,1.53305114078813,0.828120009818037,1.10134289089951,0.519629371803412,-1.99058774547472,0.890715223665409,-2.49033648518497,-0.824142856760967,-0.356186386346104,0.536513674894734
3.24245412315424,1.52460594658944,0.830107100417739,1.09091068492529,0.522610037411591,-1.97717475087956,0.892205544726059,-2.46500092532884,-0.801788168020076,-0.343767056244001,0.544958797545488
3.24593155209378,1.54050278271028,0.807255558504274,1.09339454348651,0.518635816599634,-1.9563100926237,0.898663602670155,-2.45009765482004,-0.784401187883181,-0.335321911792725,0.537010446811312
3.19526044458767,1.51119299104683,0.8112297397045,1.07998170722528,0.535029477445604,-1.97171019753697,0.918534550136448,-2.44264601956574,-0.806259105785302,-0.354696066744807,0.578739288135163
3.19824109796574,1.51268331943449,0.790862061041595,1.08594296777924,0.550926360693813,-1.94389065318942,0.917044229073454,-2.44860732776757,-0.793343063400888,-0.344263829476484,0.574268340847285
3.19824109796574,1.50821233427132,0.789868515741068,1.07551076180528,0.546455362281168,-1.95183909442726,0.902637792145885,-2.44711700071728,-0.804768793204855,-0.329857406566839,0.564332902433706
3.20420240472328,1.50622522975384,0.81023619439795,1.06309146898377,0.547945695084917,-1.94389065318743,0.899657150020761,-2.46052994417157,-0.806755876648368,-0.324889674531997,0.558868411305805
3.21314436486418,1.51566397621279,0.808249103797543,1.07352367496032,0.541984363867125,-1.92550988281399,0.87283137090426,-2.44413634662309,-0.768007749480943,-0.310483251621588,0.551913604418496
3.25338318554549,1.54099955884405,0.811726512349644,1.09885903234956,0.543474696670552,-1.92700021554732,0.850476554982786,-2.45804606574994,-0.737207956082431,-0.293592962669501,0.547442657133638
3.21960244725874,1.50473490140717,0.813216830298781,1.07600753356962,0.544965029475304,-1.92004532946363,0.869353955101284,-2.44016214113892,-0.757575561372727,-0.304025199939208,0.600100480715026
3.26033804348753,1.53901245435292,0.826132919207538,1.10680737978265,0.534532699843291,-1.88079990084483,0.839050760179656,-2.4515879818563,-0.732240247465148,-0.259812384805058,0.584700551173202
3.25586706341933,1.55242540984356,0.811229739704045,1.0948848586626,0.542977919064128,-1.87533534749342,0.826631418003801,-2.45754929005474,-0.73869826865444,-0.237954363845372,0.579732831967125
3.23897669427996,1.53454146920686,0.822158738014363,1.07103981646218,0.55042958308592,-1.88825156450679,0.816695944242694,-2.445626673656,-0.750620769318139,-0.24441241548424,0.591655358067703
3.23102828525014,1.54944475310808,0.810732967061178,1.07004627303507,0.539997253458172,-1.88179345599356,0.788876617783745,-2.43022662747291,-0.735717643473238,-0.250870467139391,0.593145673828338
3.2012217514536,1.54745764859117,0.826629691873366,1.06060761049048,0.533042367038586,-1.89023867480991,0.787386296720627,-2.42823952473876,-0.743169206386322,-0.263786570424838,0.615500410261945
3.17737652439755,1.51814785694499,0.82861678247436,1.05067217622451,0.541984363862907,-1.91507755369528,0.803283054709012,-2.41283947855924,-0.747640144137447,-0.280676859354508,0.648784128936203
3.17240876876636,1.51765108081559,0.811726512370401,1.04620123080688,0.520622926998897,-1.90663233488087,0.791857259891462,-2.39644588100526,-0.73522087261867,-0.279683312947697,0.655738935826109
3.16942811538642,1.51616075242759,0.811726512370401,1.04868508937192,0.526087480615272,-1.89520645060183,0.796824996767904,-2.40439429193612,-0.729259622291766,-0.280676859354956,0.658719567349412
3.18532493341563,1.52261884211356,0.813713602971279,1.06656887103912,0.49876471253537,-1.88278701116032,0.785399201952877,-2.39843298373767,-0.704421079262396,-0.230999538995987,0.641332550125022
3.18979591348559,1.53950923051575,0.777449199504734,1.06557532761331,0.487338827696185,-1.90017422637336,0.767018575521962,-2.39644588100414,-0.692001807741498,-0.209141518056604,0.630900339799228
3.17340231988925,1.50622522983,0.773475018303098,1.05464634993025,0.50522282134784,-1.92700021554882,0.755592780702206,-2.38700714301974,-0.692001807741498,-0.231496312212503,0.650771216626103
3.14011835713435,1.48237997561915,0.75410088492879,1.05762698021093,0.494293714120216,-1.94090998771852,0.73572183320302,-2.37309742389289,-0.679085765364964,-0.25037369394891,0.660209883117039
3.09441500528865,1.44859919882401,0.748636385774519,1.03775611168886,0.48237105168406,-1.93246476890129,0.769502443968414,-2.37061354547741,-0.678092223642723,-0.279683312953311,0.684054935305863
3.14558288837419,1.46697991562256,0.738204160114824,1.05365280651678,0.464983835626103,-1.89719356089844,0.751121817534456,-2.35223284521047,-0.646298888543404,-0.242922095869137,0.6646808304126
3.16396358421956,1.47095412465619,0.74068802336537,1.073026903314,0.454551505992333,-1.87533534749758,0.737708927960847,-2.34676831269262,-0.625434512393641,-0.206657652051841,0.654745391999447
3.18085395338659,1.4913219459735,0.743171886616282,1.09389131526684,0.435177179534744,-1.85347713407708,0.702934769843027,-2.36018125613861,-0.604570136230131,-0.186289950697367,0.649280900876021
3.12869251919994,1.45654761688969,0.753604112270733,1.07253013159102,0.455545061196267,-1.87384501475224,0.716347659410715,-2.33782635040566,-0.631395762720181,-0.211128610883443,0.682564619544065
3.12223443687551,1.4540637362428,0.752113794320273,1.0665688710344,0.461506392412481,-1.87483856990672,0.703431543529116,-2.33633602335588,-0.62791836669696,-0.201689920016617,0.703429040199996
3.16843456421593,1.5171543046206,0.723797753235583,1.09687194548953,0.464487058022954,-1.84205124981227,0.658225137885513,-2.35620705069121,-0.59960242768044,-0.159464197815138,0.699454864833194
3.16098293076555,1.52708982720448,0.736713842150452,1.08892359808129,0.462499947615494,-1.80429615393727,0.63487677455432,-2.35869092910815,-0.593144406492568,-0.170393208281639,0.69200328602713
3.21662179383705,1.59167072401464,0.733236433598249,1.11475572714073,0.448590174776657,-1.77448949929974,0.611528411204442,-2.36763289140905,-0.571286488636855,-0.118728795161783,0.670145321516939
3.21364114045387,1.60409012725246,0.74913315841984,1.12717501997211,0.451074062783443,-1.76057972713003,0.611031637516682,-2.36266513458047,-0.582215447570312,-0.113264289920339,0.67511304072166
3.2658025746189,1.63687735178961,0.744165431914415,1.15747809446036,0.454551505994699,-1.74319251192753,0.581225216256388,-2.39197489990348,-0.541977007860276,-0.0606063303859478,0.655242163898781
3.2638154723651,1.63886445630752,0.754100884923795,1.16592321358255,0.46448705802961,-1.74766351012218,0.578741347817928,-2.39892975946188,-0.547938258187616,-0.0457031342913094,0.67213240919095
3.20171852688764,1.59713526142099,0.727275161798468,1.11177509684579,0.478893608474858,-1.76405717017094,0.590663916328296,-2.37707162940598,-0.579234822420279,-0.0889224029583071,0.716841882027659
3.20718305808631,1.59713526142099,0.732242888299192,1.0973687171664,0.47640972046616,-1.76256683743846,0.591160690016166,-2.36564578869213,-0.574763884673738,-0.0834578977206336,0.720816057390237
3.21314436485597,1.58869006720719,0.723300980595774,1.11326541199709,0.486842050089894,-1.73971506887729,0.591657463703666,-2.37309742393357,-0.547938258183688,-0.0680579284013835,0.736712758832331
3.19575722012812,1.58719973881894,0.722307435295394,1.10730415143869,0.459519282001448,-1.73872151372281,0.601592937459564,-2.36117480753944,-0.571783259497703,-0.0784901656755206,0.763538442514325
3.06013749124279,1.47691543807986,0.731746115662261,1.03527225306856,0.467467723627273,-1.77896049748138,0.659715458980489,-2.32739406108156,-0.662692327006284,-0.160457744153627,0.83408005520718
3.04573099989913,1.45356696000111,0.728268707109235,1.03477548135544,0.479887163670762,-1.79982515572068,0.685050917061875,-2.30106494987819,-0.680576077993105,-0.160954517356802,0.854944475860115
2.97866629886023,1.41034743677077,0.728268707109235,1.00298209173909,0.474919387654621,-1.81770914849872,0.721812169982031,-2.27821326845081,-0.697466287243185,-0.189270589914449,0.896176545265516
2.99505989246336,1.40239901869932,0.734229978913453,1.00198854831286,0.467467723633367,-1.80181226602902,0.714360564663976,-2.28467135232822,-0.701440454129533,-0.174864167012834,0.915053878236948
2.93942102935015,1.35768916704646,0.73969447806934,0.97218224553791,0.468958056438012,-1.82019303638634,0.7183347541682,-2.24691640039498,-0.726775768011763,-0.212122157234106,0.954298859951143
2.90862094439606,1.34974074897384,0.733236433613911,0.959266180996642,0.4550482835878,-1.82466403458183,0.728270227919986,-2.24393574629821,-0.731743476619214,-0.215102796452085,0.970692333315069
2.94935654064656,1.37060534642632,0.735720296868056,0.98807894037941,0.446603064362493,-1.82913503277891,0.723302491041625,-2.24343897061541,-0.710382329598056,-0.185793177460129,0.950324684585513
2.94736943839263,1.36613436126061,0.727771934466193,0.999007918068175,0.435673957120674,-1.81870270365414,0.727773454231841,-2.25287770859592,-0.6994533706662,-0.160954517308989,0.956782719548729
2.95978882749156,1.40687000391107,0.719823572059158,1.00347886348703,0.412822187461817,-1.81522526061414,0.704425090904513,-2.2598325681572,-0.706408162715781,-0.137109403549342,0.929460263940618
2.97270499214768,1.3969344813203,0.715352618206722,1.00695626547964,0.427725515514541,-1.8137349278825,0.700450901402812,-2.26032934384014,-0.702433995828172,-0.115251382600678,0.921511913222195
3.00847283280377,1.45952827369486,0.731249343023141,1.04669800254352,0.416299630676456,-1.80032193328875,0.685547690774311,-2.27771649274489,-0.645305346799971,-0.0844514439789349,0.898163632980628
2.99953087265528,1.44114755689322,0.724791298565611,1.028814220863,0.415802853074859,-1.78790249385838,0.679586406523074,-2.29808429574812,-0.652756909715783,-0.103825598913019,0.910086159062371
3.00102119934697,1.42376039235297,0.710881664349599,1.03328516628085,0.407854411446549,-1.77647660958198,0.650773532619043,-2.28914233345782,-0.661202014346078,-0.0958772276644435,0.926976404346779
2.998537321529,1.4297217059068,0.710384891699328,1.02682713400918,0.394441416201517,-1.77448949927401,0.651767079994961,-2.28367780094603,-0.661202014346078,-0.0923998152415769,0.938402158508695
2.99754377040086,1.4327023626863,0.710881664349775,1.02583359058258,0.402886635425808,-1.7715088338097,0.648786437866876,-2.2752326143395,-0.677098681896125,-0.0909094956313023,0.943369877709849
2.97369854331375,1.41531519814311,0.70988811904872,1.00794980889628,0.412325409860902,-1.76604428045977,0.656734816864358,-2.27473583865675,-0.701440454090155,-0.129161032304155,0.971189105218737
2.9692275632407,1.4197861833091,0.708397801096277,1.01242075431402,0.405370523437469,-1.74418606705982,0.656734816864358,-2.27821326843663,-0.700943683229465,-0.131148125115718,0.991556753948293
2.96575013429595,1.42823137751028,0.714359072898027,0.989072483789863,0.401396302620828,-1.73921829128773,0.665179969553959,-2.26778097909001,-0.691505036883946,-0.13611585714331,1.02434370066602
3.01145348612723,1.43866367622654,0.727275161807547,1.0019885483276,0.400899525019268,-1.73872151371063,0.654250948411614,-2.27423906297058,-0.667660035580987,-0.0988578669546609,1.0119244026552
3.00847283274563,1.44065078074503,0.720817117351928,1.00944012402403,0.381028420946579,-1.74021184644227,0.665179969539182,-2.26927130614174,-0.656731076644064,-0.0983610937515789,1.0024857361747
3.0288406308743,1.43071525815697,0.710384891692849,0.997020831200048,0.37904131053931,-1.72332140881645,0.653257401027498,-2.25983256816294,-0.661202014388314,-0.076006299622375,1.00397605193528
3.0253632019268,1.46399925884132,0.707901028439292,1.0079498088956,0.375067089726111,-1.7223278536623,0.647792890462131,-2.25486481133089,-0.627918366718805,-0.0412321753960148,0.990066438172843
3.01791156846745,1.46847024401004,0.714855845548738,0.997020831205751,0.383015531354422,-1.73673440340302,0.669650932738377,-2.26032934384114,-0.618976491228013,-0.0248386597064852,0.991556753932836
2.95084686728958,1.4232636161892,0.716842936149733,0.967711300100383,0.384009086558056,-1.76753461319514,0.704425090860993,-2.25536158701358,-0.636363471364908,-0.064580516006317,1.02036952528091
2.93147262028303,1.42773460135773,0.696475257469359,0.966717756673737,0.362647649689936,-1.77001850108205,0.710883148804555,-2.25436803564835,-0.626428054144674,-0.0516644127222405,1.04173071783775
2.96376303195807,1.43965722847444,0.703926847225844,0.977149962659356,0.37953808814197,-1.77150883381372,0.675115443288254,-2.26827775477018,-0.584699301829873,-0.0223547937061712,1.02583401640684
2.95879527632041,1.42674104910371,0.715352618191193,0.956782322414877,0.37953808814197,-1.78343149566575,0.658225137891576,-2.26330999794198,-0.584699301829873,-0.026825752532961,1.04967906856279
2.93793070264184,1.41134098908752,0.714359072891048,0.97069193039,0.38649297457059,-1.7799540526259,0.647792890450904,-2.26330999794198,-0.605563677967926,-0.0452063610465113,1.01738889376526
2.86639502147793,1.37954731679503,0.692997848919932,0.946350116446538,0.378544532944,-1.77846371989466,0.661702553721828,-2.24343897062406,-0.627918366688631,-0.088922402875399,1.06607254194216
2.82864007861385,1.38302474970198,0.704920392528368,0.94933074672433,0.399905969821369,-1.77299916654576,0.636367095643239,-2.24095509221012,-0.624440970664477,-0.0958772277197481,1.08395633106092
2.80529162709912,1.36315370451333,0.699455893371027,0.945853344732234,0.407357633847642,-1.78889604901679,0.643321927276014,-2.23201312991867,-0.614008782596087,-0.101838506151593,1.11127878666001
2.83360783422901,1.37159889870936,0.710384891683931,0.961253267838557,0.371092868891866,-1.76405717017655,0.612521958603832,-2.23847121380057,-0.635866700462467,-0.0938901349089225,1.1157497339414
2.80479485149876,1.36961179419003,0.699952666018683,0.950821061856308,0.371589646493534,-1.7615732822896,0.605070353285366,-2.22803892446417,-0.644808575953258,-0.110283650598452,1.1157497339414
2.82168522070113,1.40140546651262,0.676107578791233,0.976156419254991,0.375563867307594,-1.74666995496585,0.578741347855846,-2.24443252199998,-0.616989407741354,-0.0576256910193422,1.10233689210993
2.83807881432303,1.39097316778473,0.703926847226549,0.994536972639957,0.384505864138798,-1.74766351012069,0.571786516224222,-2.24045831653957,-0.591654093851705,-0.0352708968948837,1.09091113795327
2.82444508494715,1.39163553595444,0.696916833156278,1.00425161947617,0.364634760072589,-1.74457244964346,0.576478267720645,-2.22986043530547,-0.600430379055188,-0.0222995965947195,1.08517066243316
2.80119322867901,1.39494737681536,0.695605905324594,1.01949975123083,0.362150872059236,-1.73760376418902,0.589173595305235,-2.23337926306171,-0.595876646167889,-0.017262868290493,1.07054348923622
2.78336253431463,1.39494737681013,0.674049520672148,1.02136264515186,0.371021900658644,-1.74283767081012,0.575689738057596,-2.22229052014296,-0.590021846741363,0.00411612133874406,1.09644659649452
2.79022276828549,1.40985066069748,0.685877440922058,1.03792170225756,0.368774573405182,-1.75147213822851,0.573442428511708,-2.22986043531355,-0.578903641767936,0.0243418874569453,1.08793050643819
