0,0,0,0,0,0,0,0,0,0,0
0.0374237566748865,-0.0867702357714414,0.0402385830542691,0.00364299271611628,-0.00165592547526038,-0.0125850317951288,0.00993547346594315,0.0311312730494674,0.000993541816562832,-0.000165591063549075,0.00215267823266774
-0.00965163887767617,-0.055071185617836,0.00298063575321195,-0.00510965208721165,-0.000709682342092094,-0.0329292561342573,0.0227096536324033,0.0334968713103078,-0.00539351269490873,-0.013058038753848,0.0164644400920633
0.0519130429543293,-0.068555109902071,0.0296821646380654,-0.0396175456654992,0.00745166466066407,-0.0177597981606735,0.0204919140230473,0.034029130921343,0.000993541819582888,0.0014903196526278,0.0185047532512022
0.060054641951635,-0.0575156396875467,0.00132472697104125,-0.0211955939161607,-0.0110395031901055,-0.0247284835297529,0.00993547346895779,0.00850038305773654,0.00761715390791981,0.0194293523708984,0.0222995385936484
0.109787392283174,-0.0784906330487961,0.0178838146573296,-0.0178837823597495,0.00198711057414926,-0.0233485458296985,-0.0114257944864903,-0.00248387818096185,0.0278191707661003,0.0407354035320037,0.0139096131844503
0.116742249721268,-0.0799809615230774,0.00596127151216663,0.00298063039479567,0.0213614386756471,-0.0163936598372798,-0.0283160993698335,-0.0188774740986611,0.0576254251610224,0.0695482499429501,0.0298063139535132
0.141084250704612,-0.0943874701494846,0.00943867992126707,-0.00347740213358866,0.0198711057457785,-0.00645810841104812,-0.0198709469273488,0.00347742942205528,0.062096363318547,0.0755095285029564,0.0158967007703932
0.196226334678603,-0.0720325430328864,-0.01043222532886,0.0158966954220243,0.00993555287019107,-0.00596133084009377,-0.0327870624324174,-0.00496775635674362,0.0630899051318828,0.0983610963376039,0.0158967007703932
0.229510295191955,-0.0496776158701532,0.0099354524994677,0.0362643364583177,-0.000496777644730054,-0.000993555129980769,-0.0397418938568841,-0.00745163452558539,0.0690511560064449,0.101341735618638,0.0293095420543992
0.226529642008146,-0.0794841853630728,0.00496772619161506,0.0114257498563169,-0.00298066586395945,-0.0312969869556704,-0.0278193256937665,-0.00149032691466577,0.0745156359778337,0.109786880251496,0.0516642775056984
0.248884540870836,-0.0740196476066004,0.00645804408105416,-0.0109289781153757,0.00894199757977727,-0.0149033271131518,-0.0213612679459409,-0.00546453198283689,0.0983606394790302,0.13313522128782,0.0447094709156086
0.267762011061048,-0.0650776767581537,0.0104322251301436,0.0039741738577438,-0.00794844230954347,0.00695488601499006,-0.0273225520215948,-0.0193742497349115,0.112270224861607,0.15598678912186,0.0466965585120216
0.2518651940962,-0.0988584555929819,0.0238450861323325,0.0352707930235897,-0.00596133173582924,-0.00248388783235566,-0.0402386675280851,-0.0208645766365206,0.140586166510526,0.16343838732395,0.0298063139346603
0.243916785603876,-0.0740196476779893,0.0407353555849972,0.0283159887720747,-0.00447099880389183,0.0173872150060257,-0.0382515728347241,-0.00993551268177478,0.153998980979784,0.15449646948037,0.0377546643207596
0.21510380485621,-0.0884261562991849,0.0625933512932331,0.021857956249179,-0.00745166466402761,0.00546455329852387,-0.0312967414039424,0.0144064933790806,0.157476377321945,0.148535190920681,0.0417288395153204
0.21957478463684,-0.112768188059244,0.0640836691868392,0.00794834774858243,-0.0322905468487622,-0.0129162168287025,-0.0268257783450491,0.0144064933790806,0.15598606460325,0.123696530224235,0.0322901734345544
0.203677967670755,-0.115748845017542,0.068057850224934,0.0203676410705357,-0.0327873244920757,-0.0119226616863073,-0.0476902726218936,-0.000496775631880997,0.171882733599724,0.129657808782337,0.0521610494087603
0.192748905991684,-0.13810377213414,0.0784900754841679,0.00248385871217881,-0.0312969915604287,-0.0129162168282263,-0.050670914662837,0.00745163451297207,0.193740653480685,0.117238478440891,0.0670642063841653
0.190265028342932,-0.169400670167961,0.0799803933730808,-0.0109289780654723,-0.0134129963952584,-0.0173872149672815,-0.0665676722145354,0.0119226152166592,0.205166384318652,0.133631994478073,0.00546449081551126
0.206658620849575,-0.102832665019492,0.0928964817704562,0.034277249527011,-0.047193876206807,0.0168904374228539,-0.060606388135929,-0.0228516792060835,0.181818151703234,0.111773973067527,-0.0367611206043941
0.21460702932937,-0.0645809007600038,0.0387482650363759,0.0566319774987036,-0.0571294290761041,0.000993555151486566,-0.0854450717940552,-0.0407356020228847,0.176850442642818,0.105315921294445,-0.062593259379597
0.224542539950189,-0.0476905113889461,0.0327869934623907,0.0675609556052225,-0.060606872584465,0.00546455328886435,-0.106806339747978,-0.0452065827310172,0.190263257109754,0.0988578695180963,-0.0854447667451042
0.24689743880418,-0.0218581510990915,0.0129160882701618,0.0670641838728164,-0.0730263136733543,0.0104323289984597,-0.100348281993578,-0.043219480195564,0.183308464427751,0.101838508798099,-0.0710383816639071
0.232490948405535,-0.0298065696290143,0.000993545128859186,0.0606061513513737,-0.0665682043028862,0.00894199628615562,-0.0963740926075127,-0.0481872365378703,0.18877294439414,0.0919030445224303,-0.0779931882516451
0.263291031272532,-0.0327872265862335,-0.0119225432407686,0.0611029230839786,-0.0745166465987112,0.00546455328701081,-0.0874321664861587,-0.0531549928743507,0.1917535698298,0.105812694492076,-0.090909257635607
0.270245888707511,-0.0134129564077993,-0.00546449903666357,0.0506707167021432,-0.0784908677510749,0.0342776523990606,-0.0889224875056668,-0.0546453197766436,0.192747111642276,0.125683623051878,-0.101341467517289
0.311975033222376,-0.00149032857689158,0.00149031777775149,0.0591158361566381,-0.101839417000461,0.0352712075414146,-0.0710386352668953,-0.066071159359433,0.189269715300373,0.112270746293471,-0.122205887290499
0.316942788531625,0.00844519458868231,0.00993545250669414,0.061102923086139,-0.107303971083698,0.0367615402542778,-0.0591160671060741,-0.0794841014807532,0.181818151707262,0.122206210567288,-0.137605816165192
0.284155603545453,0.0139097323436428,0.0203676777254005,0.0546448905603377,-0.104820082867553,0.0327873196855248,-0.0412322148613977,-0.0765034476788646,0.174863359024056,0.0948836838306533,-0.091406029478609
0.250871642990651,-0.040735645003093,0.00496772617355024,0.00894189123549789,-0.0715359806998861,0.00993555143091161,-0.0461999515934329,-0.0531549928453197,0.213114718826616,0.101341735613707,-0.0611029436309658
0.240439356860412,-0.0928971417361187,0.0799803933459641,-0.0233482713983521,-0.0705424254127385,0.0129162168576005,-0.0203677205896924,-0.0407356019985776,0.199701904357359,0.115251385583723,-0.0407352957489391
0.245407112169371,-0.11922627811397,0.0993545259537175,-0.0377546516309329,-0.072529535989211,0.00149033272707932,-0.00447096304018113,-0.039245275095753,0.182314922639241,0.103825601666247,-0.0581223122326171
0.275710419473536,-0.14704574304269,0.119722203775453,-0.0491804014797042,-0.0705424254144805,-0.00397422055353244,-0.00596128406022223,-0.044213031434766,0.192747111661343,0.111277199864172,-0.0740190130122051
0.30303307367095,-0.154994161575318,0.121212521668576,-0.0491804014797042,-0.0616004278279764,-0.0183807701106081,0.00198709470928465,-0.0427227045319414,0.17784398447678,0.115748158788878,-0.0968705203815761
0.338800911792454,-0.140587652952283,0.135618927926371,-0.0566319774700821,-0.0407357668080404,0.0059613308727508,-0.0149032101903243,-0.0526582172087016,0.174366588135134,0.120219117705491,-0.100844695577593
0.342775116040163,-0.137606996003181,0.137109245819275,-0.0491804014824979,-0.0352712127237393,-0.018877547670049,-0.00248386836484921,-0.0427227045289021,0.144560333739475,0.0859417659265999,-0.105315642670687
0.326381523560313,-0.142077981439058,0.120715749037857,-0.0581222926697219,-0.0238453269175096,-0.0337808748097069,0.00397418938368721,-0.0377549481877355,0.141579708303078,0.078986940936964,-0.102831783173229
0.310484706567312,-0.163439356250269,0.141083426896156,-0.0655738686563745,-0.0243421045615124,-0.0367615402355262,0.012419341826172,-0.013412942122536,0.126676581108565,0.0501740945283187,-0.0923995732896381
0.372084872264155,-0.156981266177874,0.125683475380562,-0.0387481951014071,-0.0427228773681455,-0.0278195439567638,-0.00645805776595038,-0.0218581278957371,0.122702413859938,0.0720321159208268,-0.083954450998637
0.383013933943652,-0.147542519172486,0.125186702749623,-0.0392449668337761,-0.041729322080393,-0.0233485458182678,0.000496773658516358,-0.00298065379545465,0.109289599392008,0.0650772909235998,-0.115747852544377
0.41977532314554,-0.111774635685852,0.102335161792009,-0.0178837823162785,-0.0258324374926144,-0.0183807701079478,-0.012419341838734,-0.009935512668655,0.123695955673446,0.0432192695374916,-0.110780133550545
0.412323690181739,-0.120716606537913,0.0874319828649415,-0.0213611844429485,-0.0273227704250955,-0.000993555128894055,-0.0218580416320682,-0.0258323329713304,0.124192726579887,0.0238451141831738,-0.0705416097013598
0.389968791354277,-0.101839112475523,0.0834578018284836,-0.0233482713738402,-0.0278195480687601,0.000993555155109571,-0.00844515245612648,-0.0238452304355729,0.104321890342647,-0.00695482505418371,-0.0362643486543057
0.35420095312629,-0.0993552316837865,0.0909093912921268,-0.0114257497974306,-0.0253356598509823,-0.00198711027157933,-0.00745160511018417,-0.0134129421189902,0.0854445958929961,-0.0392450839789067,-0.00844512229355288
0.334329931953861,-0.102335888639547,0.0923997091801628,0.00546448911008206,-0.0387486562184917,-0.0109291065482917,0.00894192611613243,-0.0223549035324055,0.0859413667989823,-0.0591160125053857,0.0288127701515213
0.311478257521085,-0.124690815767083,0.0899158460252492,-0.00347740207535417,-0.0392454338624591,-0.00347744298273393,0.0203677205880251,-0.0392452750910793,0.0849478249850322,-0.0635869714377098,0.0347740329421871
0.305516951162166,-0.123697263447926,0.113264159618217,-0.00844511940332827,-0.023348549273132,0.0178839925812148,-0.000993547358257241,-0.0462001339690671,0.0948832431046348,-0.0695482500023178,0.0491804180239939
0.306013726693347,-0.114258516435911,0.105812570160715,0.0119225216202382,-0.0293098810021136,0.0213614355779678,-0.0139096628601275,-0.0670647105945192,0.108296057580194,-0.0670643839308547,0.0715351534784425
0.222058662118154,-0.136116667457381,0.0988577533426164,-0.00943866287429922,-4.80348989750912e-11,0.0144065495836648,0.00794837877105209,-0.0645808324255507,0.1177347047944,-0.0809740339049432,0.0824641352637936
0.196226334504527,-0.165923236961079,0.0904126186144197,-0.0163934671287693,0.00347744345871688,0.008941996303167,0.0094386997902321,-0.0978647999304592,0.125683039294995,-0.0879288589047624,0.0755093286718416
0.227026417308614,-0.162942580006333,0.122206066894856,0.000993543508057651,-0.0054645541203845,0.0223549907158594,-0.0268257783860557,-0.105813210074299,0.144063562811488,-0.0690514767970707,0.1003479236305
0.22007155987377,-0.165923236957781,0.125186702681322,-0.0163934671344189,0.0109291081309214,0.00794844116268706,-0.00496773676690465,-0.084451857795574,0.135618457400325,-0.0680579303681547,0.0993543798323075
0.213116702456791,-0.187781387978786,0.122702839533061,-0.0243418148599723,0.0198711057150306,0.00645810844969986,-0.0149032102296084,-0.0879292872332826,0.13363137377552,-0.0680579303681547,0.0923995732457448
0.213116702456791,-0.206658882002614,0.122206066902254,-0.0357675647038887,0.0104323304858662,0.0223549907210672,-0.0208644943060824,-0.0963744730129426,0.138599082842938,-0.0655740642950383,0.111773677305447
0.17784563983765,-0.204175001206121,0.13462538263077,-0.0392449668307326,0.00496777640768622,0.0337808748518266,-0.0223548153260415,-0.093393819208015,0.123199184751652,-0.049180548259166,0.0700448377643184
0.238949030122982,-0.155987713868971,0.153999515229399,0.00844511944510999,-0.0139097740720192,0.029806654283819,-0.0665676722356822,-0.102335780627358,0.161450544553266,-0.00943869112051576,0.0685545220667463
0.28117495013534,-0.154994161549855,0.154993060487958,0.0243418148902561,-0.0352712127417884,0.0392454281315584,-0.0745160510128436,-0.106806761335946,0.152508668245845,-0.00397418576955233,0.0457030146928674
0.295084665004486,-0.110781083491732,0.151515652073331,0.0382514233821622,-0.0506713197163882,0.0457035365527533,-0.0725289563196468,-0.116245498388133,0.137605541050226,-0.0163935161301748,0.0680577501331479
0.237955478893072,-0.122703711330253,0.141580199471077,0.0258321300608299,-0.071535980730228,0.0466970916949207,-0.0466967253350958,-0.105316434448433,0.117237933898242,-0.0417289500381898,0.0521610493533351
0.242923234205415,-0.0884261564042814,0.150025334199274,0.0362643364416224,-0.0839554218284928,0.0750134132257456,-0.0556386514520212,-0.0829615308940911,0.0933929303870219,-0.044212816110182,0.070541609629087
0.207652171636359,-0.0938906941549392,0.129160883771991,0.0372578799061245,-0.0854457547587242,0.0620971963840284,-0.0452064042979542,-0.0968712486536129,0.10531543211846,-0.0387483107667819,0.0670642063359279
0.179335966346355,-0.0720325431864904,0.136612473235853,0.0620964665335777,-0.090413531197123,0.0660714169512904,-0.0471934989895109,-0.0914067166790962,0.115250850248872,-0.0511676411320339,0.0824641352047639
0.161452047265424,-0.0675615577487106,0.134625382716981,0.0675609555952373,-0.0635875384683088,0.0601100860984093,-0.0402386675650442,-0.100845453727433,0.128166893806591,-0.0342773518665436,0.0755093286168287
0.167413353640236,-0.0501743921998926,0.124689930097767,0.0789867054391536,-0.0770005348541082,0.0561358655315614,-0.0347741571615345,-0.115748722759291,0.136115228311904,-0.00298063937360649,0.0357675766880134
0.215103804493957,-0.036264659744413,0.11177384173992,0.0799802489040282,-0.0809747560027943,0.03378087483582,-0.049677367367892,-0.120219703466854,0.146050646436665,-0.0129161036360527,0.0377546642863305
0.178839190765022,-0.0551421537409359,0.10581257017348,0.0392449668838725,-0.0670649819634226,0.057626198233926,-0.0526580094106398,-0.124690684178064,0.135618457407084,-0.0089419179268429,0.0402385237822496
0.116245474015859,-0.0665680054133168,0.108296433319621,0.0158966954444368,-0.0561358738040025,0.0496777570992363,-0.0397418938995296,-0.104819658814412,0.128166893814527,-0.0024838661504944,0.0541481369681134
0.0814711868287767,-0.0993552318304222,0.0958771175472483,-0.00844511942278628,-0.0263292151540128,0.0392454281102822,-0.022354815343386,-0.0978647999334098,0.142076479197448,0.0134128767096209,-0.00447094710542384
0.20169086527987,-0.0670647814485176,0.123696384818825,0.0084451194923257,-0.0188775505037637,0.0407357608234559,-0.0710386353066171,-0.129658440502285,0.156979606383853,0.053154733804893,0.0183805602633031
0.192252130185591,-0.0864390516178847,0.124193157449763,-0.0024838586210221,-0.0193743281478512,0.0203678804274863,-0.0725289563265352,-0.130651991770822,0.171385962675266,0.0809740337923193,0.0188773321625151
0.162445598399117,-0.0948842463259626,0.118728658524071,-0.0223547279205012,-0.0213614387216622,0.0193743252855258,-0.0526580093830849,-0.125684235426996,0.133631373834777,0.076999848088187,0.000993543792281226
0.176355313282343,-0.100845560224419,0.103825479593056,-0.022851499652746,-0.00596133176656456,0.0283163215594428,-0.0556386514208299,-0.149529465872498,0.128166893863658,0.10829656059279,-0.0168902445721588
0.159961720780485,-0.102832664863327,0.107799660630566,-0.0412320537752102,-0.0367615456433877,0.0188775477059983,-0.0625934828452966,-0.130651991780396,0.105812203085432,0.0968707766795721,-0.0397417519421728
0.136613270804517,-0.0963745748056353,0.10183838905623,-0.0581222926772347,-0.0288131033396271,0.00993555142816774,-0.078490240387372,-0.110284190773046,0.0963735558600231,0.0879288588298036,-0.0109289817893168
0.0745163295712159,-0.132639234439071,0.0938900269849516,-0.0839544227801172,-0.014406551679322,0.00347744300104992,-0.0392451202037528,-0.0804776527420048,0.0889219922669125,0.0735224356398621,-0.00794835039205188
0.0690517987308827,-0.137606996019639,0.0725288038545838,-0.0814705641179618,-0.00745166466319354,-0.019871102826019,-0.0213612679546474,-0.0571291979281056,0.0859413668288945,0.0645805177929502,-0.00298063140074101
0.0844518401675272,-0.119226278114634,0.0556385344536145,-0.0760060750552095,-0.0168904398914388,-0.037258317817394,0.00347741569459453,-0.0541485441253051,0.0988574103875714,0.0760063016994769,-0.0238450511815949
0.126677760317104,-0.103826217216019,0.0745158944240097,-0.0854447379709287,-0.029309880990308,-0.0288130991116981,-0.022354815309146,-0.0586195248342356,0.109289599418442,0.100348189177783,-0.0238450511815949
0.119722902901477,-0.108793978810328,0.0675610776104135,-0.0988575747552852,-0.0402389891449383,-0.0387486505346161,-0.012916115510098,-0.0457033583468737,0.117237933913338,0.113761065928337,-0.0586190841398848
0.138600373086545,-0.116742397346,0.0630901239314381,-0.10084466168563,-0.0322905468409848,-0.0372583178221257,-0.00844515245071259,-0.0571291979386937,0.115747621194016,0.118728798064584,-0.062593259333775
0.133632617785416,-0.144561862288337,0.06855462285713,-0.0894189118360025,-0.0327873244844679,-0.0288130991167818,-0.00993547347071266,-0.0327871918722531,0.127670122940782,0.110780426653781,-0.0765028725168948
0.150026210316628,-0.143568309971822,0.0725288039066874,-0.0923995422297324,-0.0481874314395655,-0.0466970916679702,-0.0228515889732936,-0.0248387817205103,0.152011897346147,0.132638448054435,-0.0755093287186319
0.174368211300447,-0.132639234459924,0.0620965786812276,-0.0799802489018803,-0.0352712127113665,-0.0432196486688979,-0.0213612679535395,-0.03576784566634,0.170889191782727,0.153502923021122,-0.066070662629222
0.197219885745234,-0.13015535366898,0.0630901239437633,-0.0526578036263639,-0.0412325444388965,-0.035767985103806,-0.0153999838736211,-0.0496775634251526,0.187282631697704,0.168406119435022,-0.079980275803524
0.206658620822428,-0.123200487433543,0.0516643534597447,-0.0342772495112517,-0.0511680973069841,-0.0253356561070241,-0.0322902887523172,-0.0804776527246804,0.188276173510279,0.177348037278363,-0.0894189418957281
0.202187641043103,-0.130652129806377,0.0531546713534384,-0.0303030756524483,-0.073026313651374,-0.0293098766756113,-0.028316099366033,-0.112271293329221,0.188276173510279,0.171386758711375,-0.11028336166394
0.195232783621253,-0.120219830461327,0.0625933513148863,-0.00596126075480614,-0.0511680973399848,-0.027819543961568,-0.0526580093419551,-0.138103626301969,0.188276173510279,0.167909346218825,-0.0958769765758398
0.185297273004109,-0.123697263566578,0.0476901723926448,0.0183805541239757,-0.0566326514258826,-0.0402389832356855,-0.0486838199543586,-0.143568158280944,0.178837526292105,0.162444840869316,-0.104818870765114
0.184303721944579,-0.117735949653535,0.0402385829463265,0.0357675647686254,-0.0427228774119145,-0.0238453233900917,-0.0447096305667622,-0.15251011969436,0.171882733609243,0.149031964118762,-0.106805958363767
0.160955271976792,-0.098361679477573,0.0427224461014591,0.0516642602058249,-0.04818743149555,-0.0268259888151656,-0.0367612517972553,-0.145058485177195,0.174366588141386,0.136612633775663,-0.0829609072071489
0.15996172091645,-0.0928971417184256,0.0367611745460711,0.0526578036706995,-0.0377551009849469,-0.0457035365135949,-0.0317935150643999,-0.150523017148648,0.179831068106289,0.148535190890599,-0.0938898889977358
0.162942374102812,-0.0933939178766776,0.0506708082121525,0.0655738687069676,-0.0481874315095211,-0.037258317807195,-0.0362644781251385,-0.153006895320719,0.161450544578434,0.145554551610199,-0.119225255862172
0.170890782582298,-0.0849487231664432,0.0427224461312851,0.0794834772249473,-0.058122984376641,-0.0154001046817866,-0.0357677044519146,-0.137110075037902,0.149031271924785,0.153999696232941,-0.133631640947024
0.170394007051107,-0.0765035284792082,0.0457030819185407,0.0695480425836506,-0.059116539664732,-0.00248388784114602,-0.0447096305725305,-0.14356815828644,0.127670122942022,0.146051324813675,-0.14406385083135
0.169400455990514,-0.0611034675366882,0.0452063092886253,0.0705415860488481,-0.059116539664732,-0.00844521869589081,-0.0447096305725304,-0.135122972505919,0.133134602910303,0.159960974783691,-0.131644553342134
0.164432700679234,-0.0298065695867638,0.0611030334798364,0.086935053208012,-0.0397422115401155,0.00198711029523763,-0.0432193095528993,-0.121710030369552,0.135618457442016,0.184302862253573,-0.117238168262764
0.174864986811299,-0.0387485404536646,0.0481869451102087,0.0680577273716193,-0.0526584302667425,0.00695488600804271,-0.0481870462867116,-0.0933938192281517,0.117734704820098,0.185793181893317,-0.101341467482728
0.168903680439156,-0.0417291974014347,0.0412321282753254,0.0481868580850528,-0.042722877384381,0.0114258841474706,-0.0357677044561108,-0.072032466955418,0.103328348531179,0.188277047961473,-0.0958769765890131
0.14257457734753,-0.0526582729098437,0.0536514440173622,0.0457029994224626,-0.0516648749637004,0.00149033272724458,-0.0288128730299219,-0.0442130314604892,0.0953800140335315,0.191754460453283,-0.0670642064195117
0.144064903941858,-0.0511679444354353,0.0620965787420786,0.0432191407612382,-0.0377551009355073,0.00149033272724458,-0.0506709146544857,-0.0402388263858334,0.0978638685653667,0.212618935424968,-0.0963737484684588
0.141581026290835,-0.039245316601736,0.0561353071845853,0.0352707930408505,-0.0372583232922781,0.0173872150006,-0.0486838199617262,-0.0392452751181822,0.0794833450411476,0.225535038957555,-0.100347923665876
0.165426251769197,-0.0312968980709672,0.0461998545671253,0.0203676410751808,-0.0347744350716574,0.00447099815430647,-0.0352709307828321,-0.0278194355292755,0.082960741385545,0.218083440754472,-0.0675609783153648
0.154993965639364,-0.0412324212597958,0.0705417134279637,0.00397417389225167,-0.0233485492748868,-0.0198711028275303,-0.0243419099753615,-0.0372581725706339,0.0760059486961483,0.222554399670848,-0.0650771188175558
0.132639066725768,-0.0630905722212697,0.0779933028938006,0.00248385869562888,-0.0322905468698835,-0.0457035365158106,-0.0153999838547456,-0.0278194355158002,0.0879284504567704,0.256831751392253,-0.0481868742444789
0.134626168846915,-0.0794841854830106,0.091406163896384,0.0203676410606903,-0.0293098810089491,-0.0283163215269723,-0.0387483465071965,-0.0263291086137351,0.103825119446956,0.282167185239577,-0.0601093998340421
0.141581026282436,-0.118232725808146,0.0919029365271182,-0.00198708688697653,-0.0298066586529405,-0.0357679850915982,-0.0461999516065821,-0.00894196141366804,0.105812203072104,0.279186545959257,-0.067064206423348
0.122703556135577,-0.127671472838035,0.0884255281182222,-0.0059612607495545,-0.0188775504991083,-0.0303034318087083,-0.0263290046795344,0.000993551257773201,0.107799286697548,0.294586515562974,-0.0879286261986161
0.105316412542205,-0.142077981424288,0.107302888091952,0.00198708696745593,-0.0248388822279445,-0.0397422056595952,-0.0412322148772804,0.00298065379358128,0.110779912137482,0.327373547631665,-0.073522241119246
0.105316412542205,-0.14406508606273,0.108793205980382,-0.00347740209133493,-0.0203678834377951,-0.0422260935152989,-0.0402386675309007,0.00248387816009138,0.109289599418823,0.330354186909844,-0.109289817884913
0.148039108209232,-0.127671472850517,0.0943867996827329,0.00198708696294884,-0.0203678834377951,-0.0263292112525453,-0.0551418777446398,-0.00149032691456447,0.121708872073393,0.355689620772676,-0.11972202777262
0.19076180377317,-0.107303650315369,0.102335161758923,0.0228514997221873,-0.0332841021656802,-0.0571294206668012,-0.0854450718329849,-0.0149032690321236,0.140089395597612,0.376057322478982,-0.117238168274182
0.15896816979707,-0.1053165456831,0.105315797544775,0.0253353583839082,-0.0462003209162107,-0.0556390879534102,-0.0938902242777934,-0.0248387817177492,0.140586166503906,0.386986333175817,-0.113263993082252
0.130155189035387,-0.111774635758106,0.107302888062477,0.0362643365073635,-0.0561358737826048,-0.0571294206673918,-0.105316018758488,-0.0218581279147212,0.131147519278731,0.3924508385166,-0.123199431074535
0.185297272986837,-0.0794841854813216,0.120218976462134,0.0447094559534153,-0.0337808798024624,-0.037755095398557,-0.122703097330419,-0.0278194355277685,0.152011897342793,0.378541188550286,-0.117734940184977
0.143071352879175,-0.102832664995195,0.119225431203049,0.00645803254187792,-0.0223549940062483,-0.0720327478172702,-0.087928940199474,-0.00546453201047173,0.119225017536755,0.354696074341991,-0.0740190130429559
0.0998518816420144,-0.095381022619984,0.104819024905824,0.0104322064010783,-0.0193743281424835,-0.0765037459571638,-0.0625934828741104,-0.00844518581509573,0.0943864722082677,0.361154126115417,-0.0506707337842829
0.083955064665411,-0.114755292851188,0.120715749054929,0.00794834773656349,-0.0213614387154723,-0.087929630095544,-0.0561354251275285,-0.0218581279227385,0.08941876314429,0.357676713625366,-0.0437159271911549
0.0958776774164281,-0.0869358280029645,0.109289978547036,0.0163934671824043,-0.0213614387154723,-0.07203274782252,-0.0675612196207984,-0.0273226598966979,0.0869349086110422,0.359167033263483,-0.034277261107861
0.0829615136257027,-0.0919035895998104,0.0988577533252605,0.0228514997062684,-0.0213614387154723,-0.0765037459634389,-0.0690515406403885,-0.0412323776395525,0.0844510540796982,0.378541188560043,0.00248385945633389
0.024342000948036,-0.135123115365923,0.1217092943434,0.0153999237227817,-0.0387486562521957,-0.0953812936516389,-0.0447096306309779,-0.0243420060778641,0.050173861534438,0.368108951091277,0.0521610493701536
-0.0551420838793049,-0.169400670374312,0.126180248009613,-0.0178837823559262,-0.0278195480972994,-0.0869360749373177,-0.000993547372226733,0.0163935958802388,0.00347739633189224,0.337805785129928,0.0581223121656913
-0.052161430692363,-0.168903894216272,0.128664111164088,-0.00844511944421732,-0.0183807728557225,-0.0760069683752969,-0.00198709471893455,0.0034774293813509,-0.00149031273159399,0.355689620801855,0.0789867319159763
-0.100348657211308,-0.18728461213184,0.110283523866414,-0.0317933908970771,-0.0124194411353056,-0.0894199628053227,0.0208644942352244,0.00993551261968112,-0.010928959961204,0.324889681587452,0.0899157137073334
-0.13611649543651,-0.19274914986785,0.111773841758046,-0.0288127605052094,-0.0303034363174594,-0.0958780712265176,0.0342773834207616,0.0173871471357055,-0.0223546908031258,0.341283197618089,0.0680577501440212
-0.0591162882338039,-0.149032847818396,0.123696384863209,0.012916065030999,-0.0462003209052381,-0.077000523511562,0.00844515241559962,-0.0134129421614661,-0.000496770926488532,0.370592817161494,0.0422256113848334
-0.0278194297444108,-0.158471594827398,0.126180248018781,0.0273224452639398,-0.0526584302772791,-0.0784908562250464,-0.0253354573594522,-0.00347742948115981,-0.00745156362396875,0.378044415358825,0.0312966296061021
-4.18514112254798e-11,-0.120219830540232,0.122206066982908,0.0437159124440005,-0.0531552079205565,-0.0789876337964044,-0.0496773673393929,0.00596130755851446,-0.0094386472499037,0.422754004467255,0.0288127701087142
-0.0149032659814923,-0.14158120533145,0.121212521720986,0.0312966191400517,-0.060110094939734,-0.0919038506424289,-0.0506709146869755,-0.00298065385672514,-0.00397416727716374,0.406360488441418,0.0387482080883985
-0.0392452669894692,-0.129658577500796,0.119225431201821,0.00794834769769794,-0.0531552079347819,-0.0973684039269131,-0.0491805936673854,0.024838781619056,-0.0193740653783503,0.40735403486634,0.0253353668059033
-0.0104322861649773,-0.102832664946896,0.114754477526794,0.020864412733966,-0.0526584302906697,-0.105813622634369,-0.0327870624550518,0.030303313591762,-0.0258320871687878,0.406360488440439,-0.0079483504286193
-0.00596130638687131,-0.0928971417508784,0.11674156804473,0.0342772495186579,-0.059116539654219,-0.101839402063959,-0.0412322148945162,-0.00645808329350897,-0.0173869817517768,0.413812086632217,0.000496771863333967
-0.0263291031712463,-0.0859422755394134,0.120218976460381,0.0337804777865743,-0.063090760808035,-0.108794288057393,-0.0476902726494494,0.0218581278659394,-0.0188772944710622,0.425237870524756,-0.0149031569987792
0.0238452254702377,-0.078490633139466,0.123199612239741,0.0476900863149856,-0.0571294290893597,-0.0938909609133858,-0.0655741248719831,0.0238452304003795,-0.0158966690296537,0.462992634716023,0.0109289817673248
-0.0149032659969692,-0.115748845009974,0.103328707007162,0.0228514997024318,-0.0466970985645312,-0.118729839472752,-0.0427225359121656,0.0377549481559999,-0.0571286542958461,0.441134613338641,0.0213611916515049
-0.0685550232491585,-0.136613443705182,0.0700449408175235,0.00397417387547565,-0.0481874314952706,-0.131149278757224,-0.0203677206170843,0.057625973514586,-0.100844494072904,0.42821850981671,0.00298063136901883
-0.0601098392189146,-0.107800426531758,0.0680578502930958,0.0203676410243977,-0.0516648750041392,-0.126678280617051,-0.0258322310278111,0.0417291532236641,-0.0690511560469363,0.448586211540902,-2.5768054356945e-11
-0.0705421253538214,-0.130652129864604,0.0606062608483124,0.0208644127569157,-0.056632651437578,-0.116245951620704,-0.0233483626610076,0.0293097623810379,-0.074515636019271,0.42225723130112,-0.0109289818163549
-0.00993551058687792,-0.0859422756727735,0.0591159429553204,0.0461997710887404,-0.0506713197067092,-0.0963748487835653,-0.0153999838818778,0.0208645765962104,-0.0700446978608621,0.445108799090759,-0.035270804871554
0.039245266935924,-0.0755099763259468,0.0486837177258698,0.0710383577286111,-0.0531552079224912,-0.0809747440759559,-0.0288128730626172,0.000496775626764479,-0.0442126107300947,0.471437779331941,-0.030799857776822
0.0511678796813713,-0.0690518862712773,0.0486837177258698,0.090412455267278,-0.0735230913410064,-0.0710391926557299,-0.0457031779482841,-0.00943873705202222,-0.0243417744584598,0.471934552544898,-0.02434182308707
0.100348657188861,-0.041729197504034,0.0303031304260329,0.0923995421975736,-0.0660714266909388,-0.0948845160881298,-0.0581225197782014,0.0154000446348128,-0.0114257308863687,0.494786120314469,-0.00695480661000802
0.0760066561325512,-0.0571292584036318,0.0347740841022447,0.102334976836884,-0.0476906538610313,-0.0745166356845198,-0.0377547991743348,0.0248387816788183,-0.0307997962471404,0.478392604292558,-0.00794835040779507
0.0784905337855084,-0.030303345783518,0.0288128125429972,0.111773639761332,-0.0427228774301321,-0.0710391926855927,-0.018877399606624,0.0223549035107367,-0.0407352143868892,0.482863563204888,-0.0457030147646389
0.149032659233147,0.0218581508185512,0.04321921883895,0.156979867373021,-0.0362647680602927,-0.0392454281342426,-0.0461999516271801,0.0208645766088236,-0.0104321890625285,0.522108647023273,-0.025335366904421
0.150026210294397,0.0412324210361479,0.0516643535499961,0.151018606581836,-0.0268259928341159,-0.039742205705756,-0.0417289885714852,0.0347742943477778,-0.0119225017838778,0.530057018422442,-0.0233482793058519
0.159464945383716,0.0506711680335068,0.0611030335389444,0.149528291387038,-0.0223549940371077,-0.0218582131534494,-0.0337806097927928,0.0442130313970769,-0.0298062544172928,0.538005389820976,-0.0392449800823049
0.183310170828669,0.0670647812962949,0.0491804904204494,0.153999236979141,-0.0213614387503232,-0.0258324337229482,-0.0377547991798425,0.0392452750578106,-0.0263288580710896,0.5539021326117,-0.084947994879663
0.229510295103547,0.0819680660078911,0.0650772146055778,0.185295856050349,-0.0342776575027414,-0.0198711028750366,-0.0695483143173595,0.0258323329214435,0.000496770858470663,0.606560093063945,-0.070541609804148
0.215600580258223,0.089916484554725,0.0650772146055779,0.181818453922635,-0.0407357668651902,-0.0253356561572429,-0.045703178002934,0.0397420506589797,-0.024341774458961,0.570295648571158,-0.0606061718178852
0.185794048384162,0.0640841243253304,0.0461998546312932,0.155489552134713,-0.00993555292311722,-0.0332840972930925,-0.0188773996624907,0.0650776079798743,-0.0536512579665087,0.536515070059959,-0.0779931882929881
0.1743682111939,0.0511679441848012,0.0620965787836728,0.156483095599787,0.00248388815428167,-0.00447099814861215,-0.021858041702942,0.0586195247443428,-0.0501738616215954,0.52856669866502,-0.104322098961593
0.196723110124035,0.0442130779687513,0.0601094882610584,0.151515378280752,-0.00794844236876872,-0.0119226617088893,-0.0119225682459789,0.0601098516456095,-0.0615995924841433,0.519624780828818,-0.113263993142931
0.198213436715693,0.0387485402153031,0.0655739871904489,0.151018606547998,-0.0188775505183432,-0.0238453234216096,-0.0134128892637649,0.0779937744487335,-0.0491803198102252,0.505715130875831,-0.103825327049929
0.195729559062398,0.0437163017903771,0.0491804903699511,0.142076715380216,-0.0322905469041425,-0.0322905421264255,-0.0153999839577818,0.076006671912672,-0.0352707344307439,0.506708677300542,-0.113760765029054
0.223052213231631,0.0397420925162839,0.0412321282890836,0.135121911121574,-0.0387486562689498,-0.0158968822719474,-0.0268257784356471,0.093393819072404,-0.0397416725954553,0.498263532688812,-0.083457679164761
0.194239232421722,0.0178839415692224,0.0417289009199344,0.106309150666853,-0.0412325444893891,-0.0263292112591621,-0.0059612841582285,0.107303536820932,-0.0452061525699521,0.464482954221668,-0.0561352247096589
0.148535883632664,0.000496775987107401,0.0397418103993669,0.0799802488322101,-0.0322905469105052,-0.0352712075429569,-0.00298064211785909,0.129161664704233,-0.0655737597491335,0.433186241839521,0.0218579635501059
0.0387484914018688,-0.0481872874393027,0.0312966756778816,0.0104322063848398,-0.017883995225642,-0.0566326430882066,0.0630902564645714,0.175361798690627,-0.112766995852838,0.348734795759295,0.019374104054747
0.0884260443860925,-0.0422259735309535,0.0397418103879337,0.014903151977502,-0.017883995225642,-0.0581229758017529,0.030303194024117,0.1574778758834,-0.088425221441454,0.37456700280247,0.0094386660684842
0.108297065639334,-0.0203678225657599,0.0362644019693149,0.0074515759934566,-0.0298066586815724,-0.0397422056791235,0.00844515241639238,0.153006895182106,-0.0740188651357896,0.393444384919207,0.0342772610302919
0.122206780478976,-0.0238452556817387,0.0372579472283418,-0.0109289781184395,-0.0457035432619972,-0.0491809795329615,0.0124193418035515,0.16244563221793,-0.0779930323871683,0.387483106370782,0.0397417519253931
0.14754233257612,0.00596131380103604,0.0372579472283418,-0.0149031519745609,-0.0352712127389468,-0.0556390879537531,-0.00149032103772773,0.146548811931872,-0.0720317815015498,0.385992786730998,0.0288127701451231
0.20218764087684,0.00695486611993967,0.042225673526253,0.00447094559364188,-0.0332841021658617,-0.0352712075314643,-0.0402386675433389,0.132142318563974,-0.0586189670223425,0.407354034868823,0.06458034689567
0.161452047328311,-0.0243420318206649,0.0536514440391903,-0.0263289017928393,-0.0268259927938207,-0.0317937645350012,-0.0387483465228057,0.14952946574764,-0.0923993886749331,0.365128311771969,0.0760061005714223
0.137606821873151,-0.0521614967582658,0.0695481681971833,-0.0312966191219309,-0.0119226634935036,-0.0476906468179659,-0.0357677044844047,0.137606850554066,-0.0799801159976361,0.355192847517984,0.0571287683967254
0.180329517545167,-0.0362646597038293,0.0601094882085132,-0.0198708692814411,-0.0119226634935036,-0.0432196486800292,-0.0506709146801005,0.128664889145438,-0.0625931342657603,0.370592817120882,0.0690512939704997
0.192748905811159,-0.0471937352192164,0.0596127155783345,-0.0208644127475826,-0.0268259927938207,-0.0521616449671791,-0.0521612357002237,0.149529465738446,-0.051664174313388,0.380031508162293,0.0655738906759689
0.196226334531593,-0.0685551100199756,0.0581223976858691,-0.0258321300745632,-0.0183807728453561,-0.0422260935484027,-0.0745160509830038,0.136613299258658,-0.0735220942305665,0.365625084969284,0.0794835038477237
0.116742249710438,-0.112271412049891,0.0581223976858691,-0.038748195122776,-0.00298066590750674,-0.0491809795461851,-0.0476902726182034,0.153503670799247,-0.107799286777522,0.333334826159729,0.0869350823376838
0.112271269929808,-0.111774635891829,0.0675610776775956,-0.0273224452817152,-0.00248388826337034,-0.0506713122583027,-0.055141877717794,0.151516568265009,-0.0948832432019175,0.34128319757159,0.126676834240191
0.0725292275107272,-0.117735949806141,0.0511675808961773,-0.0178837823572667,0.0104323304591683,-0.0516648674010293,-0.0337806097768012,0.136613299258987,-0.120715330355043,0.330354186894534,0.153005744904715
0.0382517158438802,-0.130652129910673,0.0293095851319751,-0.0293095321980419,0.00546455402028607,-0.0496777571175225,-0.0278193257006551,0.154000446446198,-0.12170887216919,0.316941310131128,0.185295918336644
-0.0154000413957831,-0.13114890607012,0.0173870420145326,-0.0447094559045609,-0.00745166470822727,-0.0690520823968568,-0.0178838522297501,0.15201334391186,-0.138102312089437,0.294089742354868,0.161947639073037
-0.0163935924587548,-0.112768188226905,-0.000993545336153756,-0.0327869343299391,-0.0173872175891369,-0.0576261982691932,-0.0134128891688887,0.15052301701101,-0.124689497602932,0.302038113768633,0.180328199326264
-0.00397420419807926,-0.103826217350489,-0.00943868004322379,-0.0298063039323352,-0.0198711058051002,-0.0640843066996765,-0.0263290046721803,0.156981100241768,-0.126676581230784,0.301044567342944,0.199205531500962
-0.0576259615651231,-0.104819769666074,-0.00844513478100989,-0.0293095322002889,-0.00794844234975007,-0.0635875291288463,-0.0347741571218686,0.150523016999651,-0.150521584752618,0.288625237019018,0.193741040613481
-0.0511678796691952,-0.0690518861802014,0.0099354525258582,-0.00695480422412592,0.00347744344813317,-0.0556390879845472,-0.0397418938565009,0.122206805903727,-0.155986064728061,0.273225267422678,0.164431498545952
-0.0367613892610155,-0.0471937352215174,-0.00397418114349823,0.0253353583790539,0.00397422109205207,-0.0521616449889537,-0.055141877734073,0.113761620123852,-0.143566792044928,0.30551552628809,0.15399928866765
-0.00894195954546406,-0.00198710471475172,-0.00596127166313043,0.0347740212997274,-0.0124194411325092,-0.0367615402823071,-0.0611031618116952,0.10829708815644,-0.11276699584065,0.319921949456176,0.161450867156035
-0.0208645722976422,0.00745164228642015,-0.0114257706050657,0.0332837061034397,-0.0104323305560856,-0.0466970916988055,-0.0680579932407546,0.103329331819959,-0.114257308560489,0.31843162981671,0.121709115253528
-0.0044709797922744,0.0198710462728521,-0.0322902210771678,0.0163934671828389,-0.0149033293437314,-0.0471938692701843,-0.105812792409417,0.115748722659103,-0.0973670977258394,0.310980031624139,0.0948834326894852
0.0293097563434976,0.02235492706274,-0.0327869937085012,0.0551416622684039,-0.0312969916006268,-0.046200314128493,-0.148535328331959,0.0933938191298379,-0.0740188651063795,0.33631546550248,0.0784899600277391
0.0322904095264367,0.0263291363380174,-0.0273224947786281,0.0665674121163183,-0.0238453269485635,-0.0392454281289712,-0.13661276017409,0.0909099409616293,-0.080476886896817,0.321412269111588,0.0839544509206074
0.0308000829319066,0.0144065085494723,-0.0223547684656576,0.0794834771474218,-0.0163936622874273,-0.0496777571148816,-0.132141797114335,0.072032466874341,-0.0874316795924052,0.317438083405128,0.05762554028464
0.0347742871740464,0.0248388079009616,-0.0218579958357132,0.0824641075445789,-0.0303034363024112,-0.0337808748276091,-0.110780529171579,0.0462001339384705,-0.0809736578026066,0.310483258423822,0.0685545220653718
0.0372581648324186,0.0139097324267325,-0.0327869937232834,0.0601093795902075,-0.0372583233171854,-0.0392454281073096,-0.0809741087785473,0.0546453197161925,-0.104321890445164,0.298560701305079,0.0710383815597861
0.0591162881603611,0.000496776125953224,-0.0556385347024161,0.0432191406772066,-0.0486842091150686,-0.0327873196795188,-0.064580577559448,0.0611034029522177,-0.0874316796167806,0.297070381666049,0.0923995732385292
0.0531549817855492,0.000496776125953224,-0.0606062610156791,0.0412320537492947,-0.0521616526227523,-0.029309876684433,-0.0442128569499772,0.0660711592937638,-0.074018865127622,0.276205906713246,0.0998511517233451
0.0481872264814238,-0.0203678225585983,-0.0789868483333652,0.0263289017672352,-0.0531552079095125,-0.04172931596321,-0.0392451202184886,0.0770002232270563,-0.0914058468500389,0.256831751415656,0.0899157137384823
0.0447097977609898,-0.0213613748743313,-0.0769997578088203,0.0238450431065075,-0.0501745420452391,-0.0392454281086974,-0.0178838522663287,0.0630905054781737,-0.094386472290047,0.24093500858728,0.102831783111708
0.0486840020031296,-0.0258323603086855,-0.0695481683515377,0.0521610318770219,-0.0596133172668199,-0.0337808748240994,0.00695483140614966,0.0695485887114004,-0.0760059487508301,0.258322071031985,0.0948834327184409
0.0760066561978836,0.00248388067736638,-0.0566320799416166,0.0461997710995431,-0.0611036501999182,-0.0243421009800977,0.020864494275751,0.0616001785614812,-0.0894187632310324,0.23944468892982,0.096373748415278
0.0854453912748949,0.00198710451799389,-0.0526578989028199,0.0307998473899448,-0.0596133172698321,-0.0183807701249799,0.00794837877103777,0.0591163003929558,-0.061599592456247,0.243915647848337,0.0889221699247933
0.117239025272656,0.0124194038333038,-0.0491804904846105,0.0203676410193206,-0.0596133172698321,-0.0193743252667331,0.00596128407795027,0.0432194800947387,-0.0432190689088484,0.263786576372172,0.0968705203075335
0.10829706572697,-0.000993552476610371,-0.0442127641859685,0.0149031519575247,-0.037258323321806,-0.00844521870038428,0.00198709469516511,0.0481872364312191,-0.0392449016546198,0.264780122798231,0.0844512228291663
0.133632617828553,0.0154000607328147,-0.0327869936673134,0.0278192170008948,-0.0347744351019711,-0.0203678804058981,-0.00993547345614298,0.0437162557258222,0.00894187632256763,0.255341431740491,0.0650771187680994
0.135122944418413,0.00894197065932045,-0.0134128610960532,0.0367611081919189,-0.0303034363107327,-0.0253356561194281,-0.0183806259004868,0.0581227490907824,0.00943864722906981,0.254347885314405,0.0705416096605822
0.126180984853584,0.00149032828934004,-0.00546449899553458,0.0317933908712706,-0.0228517716521368,-0.0322905421101074,-0.0188773995736151,0.0630905054310621,-0.0024838545386289,0.235967276408087,0.0556384526893752
0.156981067723577,0.0134129561113669,0.00645804413173184,0.0402385103291432,-0.0114258858573136,-0.0198711028313304,-0.0476902726352757,0.0422259288258219,0.00248385452645433,0.251367246005247,0.0422256114053692
0.18579404853573,0.0278194646853629,0.00198709045117684,0.0452062276502882,-0.0173872175862952,-0.0243421009696399,-0.0476902726352757,0.0452065826299896,0.00695479268630081,0.259315617421127,0.0337804891234104
0.201194089968179,0.0362646593939798,0.00397418097256336,0.0362643364639581,0.000993555209597496,-0.0228517682558761,-0.053651556713554,0.039245275030164,-0.00397416725390948,0.255838204933482,0.0481868742098861
0.177348864490745,-0.00844519481021377,-0.00546449901832985,0.0253353583672713,0.0372583232174136,-0.0303034318166196,-0.0461999516092476,0.0466969095458085,0.00645802178702183,0.258322071000647,0.0432191552201833
0.167413353883269,-0.0263291365546723,-0.0273224947432895,0.0303030756942519,0.0476906537249687,-0.0457035365287231,-0.0213612679545384,0.0521614415161462,-0.00794833450225398,0.261302710279064,0.0119225255429471
0.20318119208341,-2.08179362637395e-10,-0.0248386315878644,0.046696542845632,0.0228517715105947,-0.0308002094067705,-0.0367612518333817,0.0417291531883923,-0.00149031271932262,0.250870472806688,-0.00397417522432408
0.228019968591469,0.014406508420681,-0.0387482652277459,0.0601093796309943,0.0228517715105947,-0.0442132038298066,-0.0392451201980668,0.0471936851570581,0.0158966690086836,0.25434788529748,-0.0248385949978283
0.204174743084794,-0.0109290756350973,-0.0387482652277459,0.0670641838816402,0.0278195479493557,-0.0382518729763042,-0.0258322310283988,0.0308000892284923,-0.00496770907034143,0.261302710287857,-0.0218579636031249
0.214607029211379,-0.0124194041138496,-0.0506708083458901,0.0774963902660832,0.0387486561015906,-0.0422260935478737,-0.0183806259302434,0.00745163445923486,-0.00397416725737401,0.264283349565956,-0.0233482793009909
0.212123151553926,-0.00943874716557203,-0.0635868967611339,0.0745157598730982,0.0422260996080038,-0.0541487552509023,-0.0129161155265833,0.0134129420658992,-0.0059612508860119,0.2563349781414,-0.0213611917044663
0.210632824964298,-0.0427227498506271,-0.060606260980633,0.0705415860110171,0.0476906536815268,-0.0635875291021828,0.0307999677213421,0.0168903715016569,0.0024838545218103,0.246896287099487,-0.00794835042046027
0.173374660114832,-0.086935827916274,-0.0531546715136998,0.0596126079028593,0.0536519854105084,-0.0789876338072242,0.038251572814987,0.0134129420634167,-0.0303030253401726,0.221064079985497,-0.0104322099155389
0.16244559845405,-0.126677920689351,-0.0293095852753066,0.0531545753768965,0.047690653694736,-0.0998522918083994,0.0377547991417083,0.0188774740299932,-0.043219068913541,0.214606028221009,-0.0278192263999519
0.184303721809217,-0.115252069051249,-0.0149031789755372,0.0258321301088917,0.025832437368976,-0.124691170361035,0.0496773673022015,0.0203678009327798,-0.0437158398201291,0.214606028221009,-0.020864419814564
0.227026417393934,-0.115748845211013,-0.00397418110951964,0.0268256735741387,0.0263292150120598,-0.132142833934981,0.0387483464983392,0.0168903714972875,-0.0203676072185679,0.238451142431207,0.0223547354466913
0.150522985627026,-0.179336193419296,-0.0109289979456311,-0.00298063034751746,0.0660714265405401,-0.151517159195336,0.082961203405547,0.0591163004085065,-0.066070530650111,0.203677017481175,0.0322901734270751
0.168406904697866,-0.178342641100393,-0.0168902695090887,-0.00149031514970258,0.0541487631046406,-0.15698171248096,0.0670644458634716,0.0625937298423144,-0.068057614275407,0.233483410232818,0.043715927114095
0.192748905735694,-0.18331040268318,-0.0163934968780182,-0.00645803247134405,0.042226099649581,-0.147046161061769,0.0615999354622169,0.0650776080141958,-0.0834575123952553,0.236464049513614,0.0690512939589014
0.190265028086894,-0.177845864928219,-0.0243418589614587,-0.0104322063314386,0.0427228772927255,-0.141084830204663,0.0715354089216404,0.0665679349151974,-0.0864381378343051,0.252360792322105,0.0437159270855414
0.210136049339749,-0.179832969560362,0.00695481679689719,0.00198708696971679,0.0298066585516312,-0.138600942349374,0.0690515405565453,0.0556388709682533,-0.0635866761168386,0.294089742263255,0.0531545931675053
0.23298772370449,-0.167910341727424,0.0153999515054581,0.0382514234317496,0.0362647679093629,-0.134129944208828,0.0362644781305247,0.0476904608284659,-0.0650769888356082,0.302534886879928,0.0407352956824893
0.263787806650612,-0.152510280818655,0.0283160399070155,0.0337804778403166,0.032290546756902,-0.120716949787749,0.0307999677288192,0.0387484994129987,-0.0571286543186977,0.327870320780524,0.0387482080863011
0.283658827848553,-0.136116667541561,0.0178838146818629,0.0342772495731576,0.0332841020429849,-0.110284620784877,0.0362644781341332,0.0382517237797371,-0.0541480288779527,0.305515526193888,0.0531545931739954
0.251368418340005,-0.154994161555349,0.00596127153810361,0.0511674884705382,0.0357679902630005,-0.0943877385082087,0.0362644781341332,0.0462001339260086,-0.0794833451302399,0.313463897606595,0.0357675767079553
0.24689743857286,-0.138103772129308,0.0109289978384998,0.047690086341956,0.0308002138316176,-0.0770005235059605,0.0352709307879995,0.0452065826586114,-0.0859413669109359,0.307502619056901,0.0109289817366991
0.258323275799369,-0.124690815852216,0.0153999515191862,0.0452062276798006,0.000993555192516475,-0.0849489646429694,0.0139096628575855,0.0422259288561149,-0.0799801160226634,0.317438083334951,-0.00596126283161968
0.237458703548837,-0.146052190717972,0.0218579957128371,0.0461997711449483,0.0114258856993097,-0.104323289938458,0.030799967745576,0.0422259288561149,-0.0889219923389288,0.288625237009129,-0.00844512232848271
0.217090906763669,-0.144561862243025,0.0208644504506817,0.0481868580737538,0.0163936621397648,-0.115749174070885,0.0362644781468307,0.0541485440767379,-0.0690511560574652,0.290115556649349,-0.035767576769729
0.218084457823218,-0.154000609275124,0.0476901724672953,0.0387481951528445,0.0243421044284291,-0.115252396499527,0.0352709308011343,0.0606066273130923,-0.0620963633670366,0.30154134053459,-0.0452062428644588
0.237458703529855,-0.143071533800431,0.0452063093139904,0.0347740212973189,0.0158968844779077,-0.0869360749675214,0.0288128730502881,0.0556388709715462,-0.0630899051802989,0.303528433386603,-0.0586190841395839
0.192252130310254,-0.147542519237069,0.0486837177221701,-0.00844511942526853,0.0114258856920036,-0.0978651815347815,0.0501741410012726,0.0640840567449627,-0.0655737597118269,0.30402520659923,-0.0834576791227419
0.191258579248056,-0.128168249075943,0.0342773114274896,0.0198708693034891,0.0134129962683307,-0.0914070731125096,0.0288128730514637,0.0720324668922472,-0.0347739634885074,0.318431629782269,-0.0919028014077936
0.177845639941142,-0.118232725883309,0.0317934482776934,0.0293095322251062,0.0228517714837068,-0.0879296301125674,0.0322902887630751,0.0616001785908237,-0.0153998981344433,0.332838052963391,-0.122702659188647
0.172877884628508,-0.0859422756058377,0.0442127640522598,0.0104322063976784,0.0139097738902346,-0.0909102955386352,0.0293096467236899,0.0784905501408859,0.0029806254243193,0.315947763707342,-0.0774964163947696
0.0924002486860154,-0.129161801514497,0.0288128125162732,-0.0238450431880506,0.0158968844629327,-0.0968716263951197,0.053651556688227,0.10879386377372,-0.0273223998820555,0.295083288768422,-0.0685545222031017
0.0834582891178783,-0.13313601078098,0.0367611746123465,-0.0233482714555947,0.0213614385500281,-0.081471521694572,0.062593482801708,0.0879292871434805,0.00149031271965361,0.284154278062276,-0.0417288396571971
0.0367613892572842,-0.139594100860522,0.0233483135920006,-0.0611029231661306,0.0243421044081318,-0.0720327478306993,0.0675612195304629,0.0938905947428503,-0.03825135984524,0.251864019196004,-0.0670642065351978
0.0312968584097173,-0.15698126640749,0.0203676778051835,-0.0541481189168753,0.0308002137789146,-0.0690520824043211,0.0625934828021181,0.0988583510826239,-0.06507698882986,0.242425328139269,-0.113263993184016
0.0899163708547042,-0.118232725984253,0.0198709051756336,-0.0213611845792901,0.0139097739118018,-0.0501745347003832,-0.00943869990654522,0.0690518130508228,-0.0397416726208013,0.243418874563743,-0.0839544511086403
0.0258323273073819,-0.139097324622195,0.0273224946344517,-0.0303030757571275,0.0288131032338928,-0.0879296300838655,-0.00347741582875899,0.0809744282684062,-0.0705414688563085,0.218083440684727,-0.074019013126577
0.0243420007163622,-0.131645682228274,0.00447095365330147,-0.0198708693672083,0.0223549938747462,-0.0899167403693603,0.00298064191888886,0.0770002231990194,-0.0735220942945477,0.216096347834142,-0.070541609827881
0.016393592217387,-0.145555414650019,0.0149031789024018,-0.0432191407722137,0.019374328010183,-0.0993555142178864,0.0188773994653383,0.0700453643203227,-0.0899155342139843,0.170889985394888,-0.053154593360861
-0.0124193885398105,-0.170890998799596,0.0114257704920733,-0.072031901283827,-0.000496777711478085,-0.0864392973654008,0.00596128396169127,0.0596130760133145,-0.110779912288366,0.18032867643856,-0.03030308597249
-0.0283162055467368,-0.18728461201181,0.000496772610937612,-0.0506707167962302,0.00596133166197851,-0.0829618543683579,0.0104322470205845,0.0481872364369332,-0.11525085044976,0.186289955001263,-0.0814705915566973
0.0308000826085928,-0.136613443713194,0.0283160398915192,-0.0193740976069132,0.00943877516373502,-0.0710391926568802,-0.0293096468160162,0.0293097623761115,-0.0804768869872974,0.190264140705713,-0.0794835039588575
0.0238452251645418,-0.130652129813723,0.023348313581912,-0.019870869339369,0.034774435002961,-0.0839554095018279,-0.0397418939488412,0.038251723791807,-0.093392930562263,0.207651203189754,-0.104818870807231
0.062096941014121,-0.0978649032745394,0.0471933998329364,-0.00347740214045686,0.0183807727780008,-0.0576261982171003,-0.0521612357732912,0.0437162557562942,-0.0461996944002053,0.246896287035296,-0.0794835039292301
0.062096941014121,-0.0516647205639531,0.0685546229601605,0.014903151935148,0.00844521989902635,-0.0591165309302428,-0.0606063882146143,0.0268258841958976,-0.00894187637568583,0.24391564775323,-0.066070662637852
0.0253355518694354,-0.075509976201411,0.076999757660521,-0.00745157601642964,-0.00894199762584186,-0.0774973010628329,-0.0163935312076451,0.0526582171594259,-0.0337804216783775,0.224044719253721,-0.061102943644441
0.0233484497413641,-0.0660712291962234,0.0476901724368576,-0.00844511948088225,-0.02632921516934,-0.0710391926377341,-0.0139096628424817,0.0486840120877083,-0.0461996943673471,0.217586667475137,-0.075509328719346
0.0283162050444254,-0.0760067523886466,0.0531546713699466,0.00596126076286042,-0.0283163257417965,-0.0735230804948356,-0.0158967575338196,0.0536517684243153,-0.0392449016788103,0.224541492451261,-0.0715351535212569
0.00496775506436675,-0.0924003656106238,0.029309585076813,0.00695480422746196,-0.0362647680494283,-0.0859425197749069,-0.0114257944764025,0.0635872811074077,-0.0303030253574592,0.243915647795779,-0.0894189418874607
0.0134129390827764,-0.0715357668972089,0.0253354040355607,0.0337804778085811,-0.0293098810446455,-0.100349069341591,0.00546451041112328,0.0874325115152204,-0.0139095854400496,0.249876926347218,-0.099851151780314
0.0124193880195145,-0.0665680053165353,0.0188773598297446,0.0516642601526362,-0.0243421046049162,-0.0953812936324104,0.00496773673796758,0.0755098962979409,-0.024341774487173,0.244412420998145,-0.0784899601196289
-0.0149032661529076,-0.0784906331416072,0.00447095356516675,0.0606061513405309,-0.0288131033929975,-0.0884264076368026,0.00496773673796763,0.0779937744648832,-0.0392449016780003,0.261799483445163,-0.0854447667125597
-0.0322904097713288,-0.0909100371005567,-0.00149031800829214,0.0625932382702802,-0.0700456478532942,-0.086439297352509,0.0248386836524407,0.0879292871441761,-0.0640834470378161,0.260309163804309,-0.0685545221449548
-0.0566324107598841,-0.096374574853889,-0.0208644505846837,0.0690512707994716,-0.0586197620587492,-0.104323289920099,0.0307999677292428,0.0814712039132541,-0.0904123050935002,0.249380153121436,-0.0814705915314651
-0.048684002254719,-0.118232725802345,-0.0407353558184334,0.058619064434322,-0.0586197620587492,-0.0819682992327436,0.0273225520169615,0.0814712039132541,-0.104321890481237,0.277199453068873,-0.0784899601340738
-0.0531549820191677,-0.0973681271182371,-0.057625625223379,0.0948834008764155,-0.0496777644726804,-0.0710391926657112,-0.00447096312318029,0.0680582618018505,-0.0769994906499645,0.314954217199857,-0.0973672923127611
-0.0496775532951457,-0.106806874123424,-0.0452063094444259,0.104818835518705,-0.0382518786567123,-0.0804779665183687,0.00397418931581933,0.0616001785585811,-0.0576254252585263,0.309489711847002,-0.0978640642120012
-0.047193675643977,-0.0844519469464198,-0.0496772631168216,0.0894189118094921,-0.048684209165283,-0.07103919266276,-0.0119225682227572,0.0660711592604447,-0.0715350106380076,0.301044567232801,-0.0889221700179379
-0.0576259618121859,-0.0620970198283947,-0.032786993655705,0.0794834771612425,-0.0382518786371516,-0.0601100860959555,-0.0114257945497793,0.0576259734801389,-0.0904123050988619,0.312470351144498,-0.0869350824212449
-0.0466969001454507,-0.0596131390304212,-0.0337805389161647,0.0923995422059041,-0.0427228774256682,-0.0367615402508811,-0.0213612680111161,0.0407356019442855,-0.103328348669036,0.306012299380353,-0.0561352246512441
-0.0750131054646739,-0.0829616184687761,-0.0253354041859793,0.0601093796285481,-0.0551423185272599,-0.054645532808779,-0.0178838522993134,0.0462001339197778,-0.110283141370129,0.303031660098366,-0.0526578213588689
-0.0869357182036219,-0.116245621179333,-0.0208644505163464,0.0268256735198891,-0.0581229843865252,-0.0784908562307406,0.00447096299453775,0.0417291532190539,-0.11077991227668,0.3035284333109,-0.034277261080528
-0.100845433106891,-0.112271411911751,-0.026825722091911,0.00943866287784682,-0.0392454339003826,-0.0809747440861336,0.00794837870232235,0.0312968649056633,-0.128166894046829,0.286141370825471,-0.0442126990604932
-0.0735227789376582,-0.111277859592868,-0.0188773600065985,0.00596126074700466,-0.0481874314781778,-0.0715359702293444,-0.000496773740394862,0.0183806984373988,-0.112270225027949,0.316444536794076,-0.0476901023576692
-0.0705421257488592,-0.106310098011877,-0.0124193158030636,-0.00546448908777405,-0.0625939831612865,-0.0750134132237783,-0.0149032102698377,0.0263291085852915,-0.109786370493718,0.309489711811105,-0.00397417522488586
-0.121710005331072,-0.147045743079139,-0.0293095852249077,-0.0710383577711428,-0.0432196550715821,-0.0988587366492195,0.0312967413997469,0.0526582171656181,-0.155986064775574,0.274715586956395,-0.0193741041149862
-0.0933938000245287,-0.130652129862044,-0.019374132608325,-0.0521610319644725,-0.051664875021898,-0.0645810842547976,-0.00894192613915035,0.0511678902630217,-0.101838035960139,0.332838052900216,-0.0139096132237342
-0.077496983062773,-0.145058638484772,-0.0223547683905802,-0.0620964666219108,-0.0432196550859771,-0.0620971963986798,-0.0183806259343025,0.0466969095611581,-0.107302515933285,0.337309011814093,-0.0288127702150991
-0.037258165008899,-0.139097324590246,-0.0288128125943052,-0.0476900863835693,-0.0616004279248375,-0.0640843066831804,-0.0357677044966651,0.0486840120980304,-0.0879284505658053,0.3452573832268,-0.03179340161018
-0.0655743702459934,-0.15101995242293,-0.0293095852245567,-0.0700448143507917,-0.0596133173520427,-0.0849489646713084,-0.0288128730731552,0.0665679349002426,-0.0859413669390842,0.322902588641353,-0.052657821386918
-0.0183806947314133,-0.139097324621704,-0.0198709052369976,-0.0700448143507917,-0.0476906538943699,-0.0710391926806726,-0.0203677206329937,0.0620969541931355,-0.0884252214757724,0.324889681496064,-0.0591158560730309
-0.00099355115564137,-0.123697263660173,-0.0243418589066304,-0.0645803252843511,-0.035271212816971,-0.0616004188232934,-0.0158967575775448,0.0799808769898774,-0.121212101335322,0.298560701213545,-0.0819673634475531
0.0531549818179546,-0.0973681272795218,-0.00794836207889471,-0.0228514997690025,-0.0303034363761529,-0.0471938692656171,-0.028316099394136,0.075509896282429,-0.0988574104907532,0.305018752995739,-0.0849479948420879
0.0616001658279834,-0.0919035895264223,-0.0134128610121451,-0.00695480431869075,-0.0248388823003678,-0.0397422056971085,-0.032290288780311,0.0914067165498465,-0.0814704287657565,0.291605876261604,-0.0849479948420879
0.0725292275172664,-0.0924003656844743,-0.00645804418033291,-0.00645803258660714,-0.00695488710906748,-0.0283163215744452,-0.011425794500022,0.0953809216225768,-0.0824639705794119,0.28316073163594,-0.107302730300945
0.0879292689557087,-0.0799809616930199,0.0109289978713097,0.0124192932686606,-0.00993555296782479,-0.00496777572012407,0.00298064201792553,0.0869357358554037,-0.0809736578589841,0.270244628101979,-0.0789867320243349
0.0576259615212118,-0.0983616795432727,-0.00596127158036058,-0.021361184503307,-0.00546455417016309,-0.0263292112644833,0.0312967414064987,0.0953809216352784,-0.125683039439206,0.22454149250324,-0.0690512940424119
0.061600165760104,-0.0889229325135842,0.00596127154550202,-0.0074515759842842,0.00298066576226221,-0.0144065495587212,0.0457031779339596,0.0948841460016748,-0.104321890461725,0.239444688875095,-0.045206242859253
0.0452065732272959,-0.106806874201728,0.0298063578238963,-0.0193740975600978,0.00794844220683071,0.00198711028345561,0.075012824643694,0.0884260627560999,-0.116741163131036,0.230999544248982,-0.0417288395650157
0.0720324518737472,-0.11227141196041,0.0486837177631798,-0.025335358355604,0.00298066577448023,0.0173872149907439,0.0735225036245959,0.0586195247432951,-0.105812203187583,0.262793029873579,-0.0447094709627012
0.0765034316548134,-0.109787531169254,0.0447095367164298,-0.0149031519787226,-0.0129162188372983,0.0432196486661036,0.054645104047017,0.0591163003774689,-0.0958767850426738,0.289618783391466,-0.0342772610857212
0.0491807774589954,-0.114755292768638,0.0352708567433161,-0.0243418149126095,-0.0198711058397101,0.0347744299517825,0.0447096305889604,0.0496775633479001,-0.0740188651303606,0.299057474440413,-0.0129160694090862
0.00993551045289731,-0.155490937747494,0.0307999030646038,-0.0561352057735001,-0.0193743281956948,0.0258324336756291,0.0586192934229686,0.0655743836363903,-0.0804768869273468,0.303031660151421,-0.00298063142828209
-0.0193742458291788,-0.195729806686657,0.0382514925185972,-0.0933930857551939,-0.00596133183406356,0.0114258841077435,0.0799805613633737,0.0640840567368709,-0.107302515880786,0.276702679867501,0.0064580346632559
-0.0531549819748169,-0.210136315274748,0.0382514925185972,-0.092896314023123,-0.0178839952931883,-0.0203678804210767,0.090909582167236,0.0571291978590611,-0.127670123071554,0.271734947732972,0.0273224544252959
-0.0561356351557258,-0.205168553680017,0.0377547198887987,-0.095876944420131,-0.00447099893221006,-0.016890437423454,0.0675612195289185,0.0506711146228712,-0.0988574104983455,0.300051020853438,0.000993543747785708
-0.034277511756734,-0.187781388145624,0.0561353072324517,-0.0804770207228495,-0.00695488715301246,-0.0218582131341883,0.0645805774901074,0.0501743389888621,-0.10332834866184,0.311476804763614,-0.0248385950110384
-0.0397420425853701,-0.166420013303053,0.0496772630403214,-0.0680577274105199,-0.0253356599515901,-0.0109291065758122,0.0496773672890808,0.0322904161706936,-0.0859413669527506,0.324889681488113,-0.0293095421066514
-0.0397420425853701,-0.171884551043828,0.0223547683435134,-0.0620964666217191,-0.00645810947326311,-0.00894199629267797,0.037754799141709,0.0422259288553063,-0.0978638687225133,0.331347733261367,-0.0317934016025003
-0.0496775531918807,-0.153007056973805,0.0178838146755907,-0.0347740213236666,-0.00496777654343094,-0.0243421009999663,0.037258025468649,0.0596130760349828,-0.116244392267185,0.335818692172983,-0.0452062428952014
-0.0387484915081286,-0.148039295392286,0.0134128609968785,-0.0303030757352507,-0.00596133183207884,-0.0377550954048322,0.0352709307751241,0.0645808323760224,-0.111276683196573,0.318928402925476,-0.0486836461871851
-0.0203677968640859,-0.124690815884376,0.0253354041199345,-0.00546448907675208,-0.00149033304454224,-0.0546455328424536,0.0476902725968406,0.0685550374416611,-0.0998509523427849,0.327373547544172,-0.075509328759922
0.0094387350447922,-0.107800426494276,0.0362644019991403,0.013412836753035,0.00198711046322536,-0.0432196487124084,0.02682577834181,0.0457033582728779,-0.0819671996792944,0.335818692177255,-0.0789867320528852
0.014903265879596,-0.0750131999460201,0.0298063578058696,0.032290162619157,-0.00496777653800134,-0.0407357608552552,0.0203677205950505,0.0437162557400077,-0.0680576142915579,0.360657352823454,-0.0834576791485622
0.0491807775564541,-0.0834583946397225,0.0427224462002038,0.0268256735656928,0.000993555192432161,-0.0248388785855442,0.0114257944832916,0.0616001785636472,-0.0660705306622811,0.364134765317763,-0.100347923716881
0.058619512628139,-0.081968066161509,0.0258321767783598,0.0352707930227211,-0.0253356598948584,-0.0352712075799344,0.0248386836621857,0.0650776079987846,-0.0755091778799877,0.355689620707382,-0.105812414614677
0.0844518402573542,-0.0779938568983232,0.00943867995930997,0.0312966191665004,-0.0362647680699813,-0.0119226617484861,0.0392451201785478,0.05762597348713,-0.0625931342992725,0.361154126053254,-0.0958769766282752
0.0675614722341746,-0.121710158922657,0.0049677262863877,0.00596126080111532,-0.0437164327227704,-0.0422260935817545,0.072528956277232,0.0670647105320975,-0.0834575123519861,0.326380001192068,-0.11078013361775
0.0914066977329597,-0.0993552318093872,0.0168902694322524,0.0149031519809641,-0.0427228774349216,-0.0332840973097011,0.066567672200594,0.0556388709443561,-0.0620963633528465,0.31495421728402,-0.113760765012998
0.103329310460308,-0.0904132609394416,-0.00794836207776922,0.00347740213362092,-0.0481874315115047,-0.0367615403094983,0.0834579770769668,0.0521614415096621,-0.0312965671523768,0.308992938734961,-0.119225255911488
0.114755147670135,-0.0735228715701799,-0.0114257704953643,0.00993543464844641,-0.0442132103572046,-0.0556390880032062,0.0675612195208942,0.0367613968483165,-0.0178837526678623,0.305018753027444,-0.143567078964973
0.16443270069592,-0.0849487232413451,-0.0213612230973265,0.0233482714311265,-0.0417293221423294,-0.0476906468545987,0.0397418938283853,0.0154000446109793,-0.00993541816471179,0.324392908314723,-0.148038026062414
0.158968169848566,-0.0859422755580717,-0.0288128125596538,0.019870869305934,-0.050174542090794,-0.0625939739818317,0.031296741384971,0.0193742496857363,-0.0144063563290915,0.328863867236572,-0.162941183036139
0.177348864466139,-0.0675615576648023,-0.00298063580139435,0.0481868580714938,-0.0566326514511985,-0.0755101908418561,0.034277383422224,0.00943873701834699,-0.00298062548208414,0.323399361897244,-0.184799146623167
0.169897231496825,-0.047193735173425,-0.0109289978890455,0.0481868580714938,-0.0596133173161974,-0.0794844114082901,0.0422257621884506,-0.0124193908794419,0.0163934398930616,0.327373547604232,-0.181321743329028
0.204174743043602,-0.0337807788737876,-0.000496772655911137,0.0601093796517772,-0.0387486563008335,-0.0745166356961062,0.0208644942321765,-0.0228516791867156,0.0278191707349834,0.333334826153133,-0.166418586337033
0.160955271803076,-0.068058333791009,0.00745158944016222,0.0506707167400683,-0.019374328176217,-0.0948845161009898,0.0149032101578345,-0.0253355573579004,-0.00248385460211821,0.306012299407771,-0.135618728596973
0.166419802635327,-0.0591163629157343,0.0193741325653235,0.0496771732741009,0.00198711048783073,-0.100845846957971,0.0124193417943796,-0.0213613522877027,-0.00794833457188543,0.327373547544459,-0.110780133618016
0.142574577136542,-0.0755099761300396,0.0293095851804437,0.0506707167382803,-0.0198711058560273,-0.109291065659267,0.0223548152543497,-0.0139097177731985,-0.00943864729201864,0.319921949339789,-0.0879286262608789
0.179335966344152,-0.0834583946809331,0.054644989320293,0.0546448905989709,-0.00894199770432428,-0.112271731088068,-0.0233483626828908,-0.0158968203075884,0.00993541803569815,0.346250929583774,-0.0685545221700561
0.157974618512926,-0.100348784050195,0.0640836693092413,0.0372578799773533,0.0134129962741847,-0.0958780712479415,0.00397418935796318,-0.0218581279216994,-0.0298062545370587,0.340786424234556,-0.0377546644317315
0.111277718671414,-0.123200487409305,0.0690513956109532,0.0188773258654573,0.0124194409882711,-0.0804779665300596,0.0218580415937821,-0.00596130764982475,-0.0317933381625514,0.328863867137072,-0.0536513652272266
0.145555230330921,-0.087929380191397,0.0750126671810784,0.0442126841922168,0.0154001068528343,-0.0675617496859195,0.0243419099599024,-0.00993551272458168,-0.0183805236723977,0.353205754581685,-0.0377546644554776
0.154993965399668,-0.0968713510565851,0.0705417135142083,0.0327869343443024,0.0283163255715992,-0.0476906468272431,0.00844515242220067,-0.0129161665257858,-0.0149031273289462,0.364631538471183,-0.0372578925556215
0.155490740931024,-0.0814712901602633,0.0586191703757131,0.0546448905491467,0.0397422113850627,-0.0620971963861201,0.0019870946749081,-0.0158968203319294,-0.0337804217968035,0.345257383141621,-0.0139096133038559
0.120716453854245,-0.0983616795758795,0.0750126671576136,0.037257879908843,0.0362647678839838,-0.0700456375261113,0.0129161154929036,-0.0104322883607562,-0.0506706326088979,0.351218661688619,-0.020367647999614
0.129161637895505,-0.0635873485008071,0.0670643050615403,0.0347740212471221,0.00993555273578527,-0.055639087969636,0.0193741732400184,-0.0158968203384773,-0.0442126108119117,0.351218661688619,-0.0119225257207476
0.113761596456163,-0.0665680054588512,0.0541482166755688,0.0322901625819864,0.0109291080219408,-0.0650778618295734,0.00695483141761838,0.00248387810064365,-0.0511674035028562,0.348238022415199,-0.0322901736022005
0.089916370935097,-0.0685551100916701,0.0491804903687399,0.0447094558800382,0.0263292149939149,-0.0611036412638851,0.00645805774474967,-0.000496775704815849,-0.0715350106890897,0.356683167046933,-0.0158967009420703
0.0352710626343768,-0.0864390518410771,0.0337805388372852,0.0377546516233083,0.0457035430666382,-0.0462003141236059,0.0168903048927882,0.00347742936376086,-0.0958767850782047,0.332341279652846,-0.0546449091343675
0.0466968998486519,-0.0606066916342107,0.0392450377758423,0.0640835534158361,0.0163936620675965,-0.0591165309664001,0.0144064365271465,0.01192261514988,-0.0511674034393818,0.337805785002064,-0.0491804182481195
0.0779937582625083,-0.0367614359556462,0.0392450377758423,0.0660706403476715,0.0367615454191585,-0.072032747825886,0.00298064204519444,0.015896820215823,-0.0457029234697497,0.344760609976522,-0.0437159273488592
0.0303033072454424,-0.0531550491629781,0.0481869451270819,0.0660706403476715,0.0352712124869314,-0.0834586319568836,0.00298064204519444,0.0173871471189517,-0.0437158398423405,0.31594776361006,-0.0149031572183242
0.000993550967929302,-0.0765035286604516,0.0481869451270819,0.0427223688988973,0.0427228771286539,-0.107303955389284,0.0193741732557238,0.0208645765536458,-0.0447093816546938,0.312967124335213,-0.0884253984731702
0.123200331387602,-0.0223549275249587,0.0645804419403415,0.0774963900843487,-0.000993555583550583,-0.0735230805753,-0.0218580416468309,-0.00397420518195157,0.0079483344482118,0.359663806377411,-0.0789867323970561
0.0794840847095999,-0.0312968983969979,0.0198709052249326,0.0491804012947222,0.0308002135471128,-0.0948845161521622,-0.00695483145113512,0.0054645318555567,0.0149031271372644,0.336812238603584,-0.101341467891509
0.0998518815034897,-0.00248388125972987,0.0437159915019233,0.0700448140435313,0.0551423181192743,-0.0968716264352964,-0.0387483465361612,-0.0119226153564793,0.0332836507019369,0.349231568947344,-0.123199431440967
0.119722902713804,0.00645808961326055,0.0710384861528964,0.0789867052365669,0.0715359803338574,-0.084452187146682,-0.0521612357139481,-0.0154000447895781,0.0496770906124549,0.352212208220763,-0.13661227273518
0.135619719730324,0.0303033451959299,0.0824642566564174,0.0596126076882168,0.061103649805726,-0.0968716264166581,-0.0591160671355445,-0.0273226600159767,0.0546447996841724,0.346747702871254,-0.158470236283712
0.167910129194885,0.0581228101335309,0.0968706629282023,0.0407352818362526,0.0481874310926211,-0.106807177842475,-0.0655741248931432,-0.0362646214214141,0.0511674033404629,0.361650899238748,-0.146050938781541
0.122703555838918,0.048187286980425,0.089915846097004,0.037754651446396,0.0561358734016073,-0.0779940787412343,-0.0466967253228357,-0.0556388711714747,0.00596125079398299,0.337805784975872,-0.150521885870227
0.121213229248652,0.0402388684236104,0.0983609808065594,0.0387481949122393,0.0437164323360004,-0.064084306739001,-0.0556386514441897,-0.0591163006041301,0.0193740652585973,0.362147672366073,-0.182812059378149
0.0884260441227096,0.0740196471412984,0.100844843958841,0.0322901624006415,0.0178839948267601,-0.0337808749253109,-0.0357677045275298,-0.0938905950401729,-0.00596125100559489,0.32936064023978,-0.192250725452801
0.112271269571374,0.0819680656962518,0.0660707598427632,0.0208644125327332,0.0367615452402796,-0.0114258842067369,-0.054148330431256,-0.0933938194066959,0.0119225016092478,0.364134765083387,-0.487333235819112
0.0109290614598871,0.257330048329226,0.16542528564314,0.159463724939287,-0.175859287924056,0.0953812931990622,0.00596128403381585,-0.281671785992662,-0.177843985371717,0.105812692746269,-0.35966285809016
0.0422259198847068,0.430704927404473,-0.199205829327662,0.0923995408028689,-0.108297528685831,0.107303954918742,-0.0452064043561301,-0.214110299962899,-0.0869349097290431,0.177844808460207,-0.945356933110846
0.174368210884471,0.803287042361166,-0.0685546280327552,0.367611078346159,-0.507209980748711,0.313466645911362,-0.016393531307947,-0.503730497235078,-0.312468902740273,-0.189767373216861,-0.762544874750345
0.181323068304427,0.967719950581858,-0.52111449968489,0.257824525086359,-0.377551016424499,0.326382862764655,-0.0769999195688622,-0.437659338112292,-0.139095857232364,-0.143567464539703,-1.34972926531322
0.281671725492681,1.3035406307879,-0.394934252029762,0.497765270316293,-0.741689032966894,0.53204877624216,-0.0566321989846092,-0.71883434931751,-0.348733181127461,-0.542476359380136,-1.13164640233275
0.235471601169262,1.38699902540181,-0.845507033322677,0.376056195313756,-0.581229854918574,0.520622892097349,-0.134128892256013,-0.616498569033796,-0.145553881482904,-0.462992645621044,-1.72727591547917
0.361652585940719,1.69996800269632,-0.628417395013866,0.623945287877568,-0.956296979752064,0.708901590539884,-0.134625665928663,-0.909099420167124,-0.302036718006705,-0.820172590000353,-1.48336091402335
0.34078801366786,1.77001344113508,-1.07104181401858,0.443120376275559,-0.778450584413109,0.662701276358307,-0.192748185825428,-0.803782986196093,-0.0958767931024851,-0.732243731732698,-2.07998397140891
0.528072388744624,2.08795017961608,-0.858919902161545,0.70293199028003,-1.14159504594137,0.83508309266428,-0.190761091134964,-1.09389995934005,-0.261301505966328,-1.08942367635961,-1.7814240615325
0.438156017665582,2.1112986591056,-1.26776378221833,0.522107078451829,-0.938412991279646,0.785405335483412,-0.251864253057538,-0.95877698750432,-0.0551415811385072,-0.998514178860072,-2.19573183280462
0.670646965089281,2.36167383883152,-1.13512549118562,0.67461599815688,-1.1659371563304,0.898173843202215,-0.267264236909687,-1.13463556479976,-0.106805755915246,-1.17933963162683,-1.96870707665892
0.607059697138315,2.1401116722202,-1.18331243748742,0.507700694433772,-0.982626207758352,0.817695876478597,-0.299554525774103,-1.0159061891823,0.0814704158300269,-1.05564310253163,-2.14605464838045
0.642330759657989,2.22555716974793,-1.08495145771156,0.540984399979873,-1.08744629297217,0.846508975318824,-0.276206163165335,-1.10582258063602,0.0317933245176729,-1.1485396955365,-1.91008799836131
0.539498224755518,1.93444634050694,-1.06557732464751,0.377049726561384,-0.909103121165718,0.73970179728308,-0.294586789153535,-0.977654468088856,0.155489278708688,-0.995036773977987,-2.10531935882512
0.611530676454444,1.97518198481962,-0.903629449116659,0.469946039155343,-1.01044576267171,0.743179240249341,-0.281670673672986,-1.07353216718489,0.115250834772099,-1.05713342711912,-1.90213965397818
0.553407939283618,1.85049116894706,-0.951816395569251,0.309488767705439,-0.852470474059718,0.657733497775316,-0.250373932119479,-0.977654470610297,0.21261793118485,-0.951817506909156,-2.06160343694786
0.645311412051518,1.82515558522657,-0.77049438859251,0.375559407086256,-0.925993566890061,0.64332694834276,-0.23795459030733,-1.02435138104548,0.159463443580045,-0.990069045169521,-1.9076041497258
0.585201572789127,1.64681294368143,-0.765526662164292,0.256334189744177,-0.779444164073088,0.577752308705401,-0.253354574242965,-0.926486582063373,0.232985536769707,-0.896178908832034,-2.13462891278373
0.553904714450159,1.69549700638006,-0.645307687539698,0.307004905655868,-0.934438792580591,0.633888173688976,-0.188773996921934,-1.0119319927866,0.0591157169739229,-1.05862375378778,-1.97963608202735
0.617491982428353,1.55639968141665,-0.691507543382824,0.192747405574265,-0.773482838732371,0.554900539558096,-0.238948138167497,-0.915060745171745,0.201192194059456,-0.875314440502227,-2.11823544545645
0.554401490494735,1.4416443910411,-0.461501820200469,0.237456860641121,-0.848993042543199,0.561358647913528,-0.190761091964193,-0.958280226275936,0.0824639457508399,-0.995533561171349,-1.90710739126498
0.512672345815805,1.45853478049806,-0.67561083069531,0.110283294956916,-0.679095091675725,0.463990243365863,-0.192251412990099,-0.886744535876206,0.164927914878778,-0.877798311346977,-2.03577131641141
0.490814222569914,1.24591458839857,-0.359166672366969,0.185295825162971,-0.742185854126585,0.454054692045575,-0.156483708626699,-0.918538177152723,0.101341237819337,-0.950823975692626,-1.83010775325447
0.390962340456384,1.24243715526282,-0.549927368123178,0.0521609984805446,-0.598617118064202,0.32886674322649,-0.142574045714986,-0.8211701542301,0.17585687250732,-0.83557259204981,-2.00397792252622
0.482865813018838,1.32887620515517,-0.444114799979009,0.118231637655485,-0.675617654840276,0.356686286938348,-0.130154703915478,-0.880783231626618,0.105315402695201,-0.876804769850078,-1.76503064276514
0.390962339444291,1.09638496103131,-0.448088981135899,-0.0243418523074104,-0.505719704298685,0.220072453857456,-0.132141798615674,-0.770995817992944,0.172379473930101,-0.732243767131487,-1.94138467150867
0.425239850824453,1.23995326841842,-0.376553724123396,0.0377546130763796,-0.612030122780262,0.263788879694925,-0.101341830958399,-0.852467023701565,0.0665672692132238,-0.818185535198197,-1.66368918430412
0.280678170696112,1.07800423898128,-0.450076075410805,-0.103825333448593,-0.438654728939104,0.119226605311002,-0.0789870155722675,-0.736221527071273,0.164431136082929,-0.666172934508281,-1.73919851501416
0.297071763164163,1.17437881178032,-0.405863312230689,-0.0223547708802844,-0.474422720300979,0.0928973943174443,-0.0690515421587575,-0.760066758037801,0.12071529543983,-0.671140666792294,-1.44262569651025
0.0288129753047921,1.03329438132699,-0.514159749005464,-0.186786217805881,-0.312473212459927,-0.0630907644214917,-0.00894192741576771,-0.633388973420859,0.131147484277235,-0.591656954272782,-1.5817218324059
0.0973679980284829,1.15103032858793,-0.490314663411582,-0.129160698089817,-0.371589753797124,-0.0591165438959396,-0.0139096641318133,-0.673131025095733,0.0680575779860928,-0.638353637717538,-1.39841300519578
-0.026825885348537,0.898668037780252,-0.393940769719196,-0.24093434047841,-0.239943681726269,-0.137110623336215,-0.0114257957553713,-0.570795246229718,0.13710873259856,-0.499257140989217,-1.57923798188082
0.0725292201639727,1.13612703724218,-0.438153532458288,-0.184302364218424,-0.322905550759048,-0.112271745043247,-0.00695483271492719,-0.626434118588767,0.0705414298357748,-0.565327980406341,-1.40189041750509
0.0248387688672758,0.998520039882491,-0.445108349531955,-0.287630887036338,-0.195730477440963,-0.160955947539608,-0.025335458707681,-0.547943569851642,0.122702373953345,-0.447592731469533,-1.493296449699
-0.0397420496556085,1.03726857938596,-0.34774091651888,-0.244908518964596,-0.291111787916561,-0.142078400039309,0.0114257929688136,-0.607556647431006,0.0322900672113428,-0.543966737769095,-1.32687786703005
-0.0471936826626562,1.05316541666487,-0.514159753306862,-0.336314520038151,-0.160956048981728,-0.206659485041451,-0.012916117126348,-0.508698298126295,0.0923993456839778,-0.453554014986854,-1.4406386353413
-0.156981074346811,1.11178500212716,-0.443121269211547,-0.290114749918086,-0.233982364802996,-0.191259380504137,0.0158967557958103,-0.552414554988773,0.000993497028045839,-0.560360259091727,-1.26080721186793
-0.187284381969056,1.28267600248203,-0.795333078150082,-0.418778632023847,-0.0869361866498109,-0.234479029717283,0.00447096126858026,-0.461007840175844,0.0889219455359768,-0.398908968860872,-1.40089689164542
-0.0680582552451166,1.39196675466154,-0.706907552136302,-0.376553035701744,-0.152510837643477,-0.228517698923746,0.0019870929157153,-0.514659609957498,0.0149030787749888,-0.498760388051245,-1.26726525396448
-0.0630904998887314,1.32589552461323,-0.755094498998867,-0.457030058561771,-0.0283164306573719,-0.263292129355268,-0.0357677064036048,-0.448588452032425,0.106308923595536,-0.363638077542254,-1.30005220036376
-0.100348664389671,1.43220561994438,-0.758571907312551,-0.448584939307027,-0.0784909742802279,-0.27074379284122,-0.0149032122053954,-0.474420785664677,0.0253352640487998,-0.391954151603148,-1.10730470827113
-0.239942590028005,1.36066985197408,-0.868855435191745,-0.552410234357792,0.0263291051410872,-0.353208870744084,-0.0198709489586212,-0.372581782956612,0.0561350595550258,-0.300547882886951,-1.10978856784753
-0.349729981641737,1.20219826055007,-0.680578614889461,-0.5444618868254,0.0139096636399521,-0.358176646400611,0.00347741356794379,-0.379039866365748,-0.0173870362908382,-0.331347823146668,-0.910583041407676
-0.511678806503179,0.98063608980727,-0.636862621902787,-0.651764584168745,0.114258744372834,-0.434183615803329,0.0243419079366609,-0.295581561725475,0.0303029696413578,-0.228515770883193,-0.985098828700097
-0.492801336456538,1.05167507873071,-0.588675678220721,-0.597119694908037,0.0670648666281062,-0.424248064493378,-0.00447096499263017,-0.328368754472084,-0.00149036909017818,-0.222057718899039,-0.76949983021809
-0.7506278398429,0.925493932530511,-0.578740225231906,-0.663687108998989,0.178343054985606,-0.466474158628048,-0.014903212186322,-0.268755679756323,0.0591156800973958,-0.0789870375856612,-0.877796107820971
-0.683563143509193,1.01938462419452,-0.524592010282381,-0.598610013635049,0.0963747409958812,-0.442628835493094,-0.0144064385156529,-0.309491282830333,0.0163933811260178,-0.114754710167338,-0.747641873718003
-0.809247354196138,0.794345021721457,-0.395927893043871,-0.629906633733204,0.15747838903979,-0.493796926042374,-0.0243419120234719,-0.260807271854552,0.0193740064924468,-0.101341833810742,-0.810731906993642
-0.948841277624392,0.857435592066127,-0.395927893043871,-0.619971199317465,0.0919037378343742,-0.463990272097015,-0.00695483356058779,-0.30849773400705,-0.0233482925679831,-0.120219216603596,-0.687035707504457
-1.09340295889147,0.876313086384775,-0.524095236917983,-0.658719395626061,0.143071833293793,-0.493796926793077,-0.01192257031901,-0.261304049911675,0.00397410661855185,-0.0740193091898252,-0.742674162071017
-1.21759684095352,0.931952014590415,-0.502734014430917,-0.610532538770324,0.0725294054163092,-0.471938713907545,0.01788384992234,-0.312968717279219,-0.0243418357542081,-0.145057881146636,-0.638352066269309
-1.36265529829988,0.914068072563486,-0.550920961524276,-0.630900180447079,0.117736169361513,-0.474919379379268,0.0163935288961057,-0.286142833727381,0.0253352536727959,-0.0973676541673023,-0.719325888557079
-1.3869972992193,1.23101125434087,-0.735720373517057,-0.579732693283109,0.0561357394035902,-0.428222288248724,0.00149031877625067,-0.354201097477256,0.0278191082665889,-0.123199862166453,-0.656235859218032
-1.46052007894434,1.38749574734886,-0.905616619625879,-0.582713323773177,0.1068070572108,-0.416299626365566,-0.0486838224845055,-0.356684975586401,0.0799800521257419,-0.0531548413824043,-0.704919507002072
-1.62048179925489,1.55639963623374,-0.983113147676451,-0.567313400463102,0.0640841783156922,-0.408847962885815,-0.0397418963980826,-0.382020533655776,0.0457028587492519,-0.105812803780233,-0.617487655453806
-1.79733389172045,1.44512177445007,-0.964235787013888,-0.613513173060887,0.0993553896779752,-0.428222288455054,-0.0432193121306534,-0.348239791397584,0.0958767190043859,-0.0685548140340523,-0.662197127957166
-1.97319242914782,1.47890255231137,-0.923997205374449,-0.586687500224553,0.0571292884025792,-0.411331851248866,-0.0591160695988274,-0.384504413718266,0.0953799480855779,-0.0705419069572762,-0.503230125115612
-2.31000624582942,1.3373213443427,-0.862894169347781,-0.648287197070341,0.132639487359816,-0.435673952616788,-0.0750128272227152,-0.332342973521677,0.119721721894912,-0.0144065356430433,-0.525584861343132
-2.57081340018724,1.31645674629472,-0.76105578321855,-0.575758525985339,0.0938908297297712,-0.401893078190359,-0.122703099618056,-0.366123717617199,0.1589666245236,0.0591159024946238,-0.375559752496827
-2.96475640520039,1.15351416325044,-0.69548179320729,-0.648783973080961,0.138104038324912,-0.450577280940955,-0.12518696799778,-0.329859097284515,0.190263190819042,0.119722232477735,-0.365624314174837
-3.3745962202935,0.99653290118845,-0.561353187508558,-0.662196809513653,0.131645928718245,-0.464487052774888,-0.117735362945127,-0.332342975526802,0.184301939788094,0.147541533416272,-0.193244470826213
-3.85646849893242,0.868861425763435,-0.583707956825617,-0.736215800174121,0.197220575142996,-0.513171255532606,-0.131645025862583,-0.270742798621198,0.209637255348736,0.223051059218884,-0.150025314121523
-4.37907636100972,0.830112886528194,-0.57774668543956,-0.762047929599724,0.179833356975881,-0.556390903703473,-0.124690194471788,-0.256833080463151,0.169895581811054,0.265773557044205,0.049180210856766
-5.04922657250717,0.828622558028319,-0.748139705924354,-0.86338936652935,0.266272663534603,-0.654752864418351,-0.115251494620002,-0.167413468732794,0.208146940555347,0.35270886616423,0.0978638586408065
-5.7158993431198,0.520621347972657,-0.498263081493548,-0.901144017246168,0.277201772097725,-0.669159413814634,-0.0779934693075554,-0.128168192521737,0.162940786882111,0.380031393842118,0.269250157931396
-6.45808201427454,0.436666175113742,-0.591159567063963,-0.994537106268146,0.357679747091704,-0.73423727673973,-0.0784902429836916,-0.0541486251307235,0.18330839348471,0.471437661706,0.370094856940776
-7.26782614295119,0.374569156948899,-0.634875556997715,-1.02682726802001,0.411331734579458,-0.792360251881789,-0.0665676748812496,-0.0327872722487026,0.157973076609154,0.513166613049058,0.597119606650736
-8.25392561724053,0.0755099007903325,-0.547940343521621,-1.11127846562053,0.473925715083357,-0.86687688887733,-0.0412322174248039,0.0352709876080254,0.186289017534057,0.650276014844905,0.740189918258336
-9.22462503048532,-0.234478415250945,-0.39543115177966,-1.20914249447545,0.52658414722922,-0.957787183398388,0.0124193390111019,0.111277661740344,0.130650674544017,0.683063047974622,0.997020980620036
-10.370189465784,-0.635376787544019,-0.219076861731179,-1.31147747521302,0.641836555703569,-1.02832959980578,0.0144064337149084,0.221561849187967,0.146547343119926,0.82712727419802,1.15797508104057
-11.5480442923993,-0.823654948175264,-0.144064197525297,-1.38599323333663,0.716353204886339,-1.08595579748983,0.00149031828835638,0.30005240149066,0.099850876649403,0.920023868101585,1.36661927072857
-12.8669834113529,-1.18183056974745,0.0417287732283297,-1.46845734406331,0.805276399324559,-1.17239509650947,-0.000496776415012501,0.36264612943785,0.102831502007386,1.07253323836863,1.50968958219508
-14.3180648034778,-1.49479954283949,0.214108869901528,-1.5250893202288,0.859425164424537,-1.25784083795108,0.0263290017815465,0.42523986102581,0.0491802426063321,1.15152018176364,1.72628212181361
-15.8501206540717,-1.92401415477881,0.419275975987036,-1.58867610444994,0.934935362959531,-1.3457704698439,0.0288128701627748,0.507207838085977,0.00894180028892404,1.2672683355672,1.90064906382748
-17.5202800864407,-1.97667242658021,0.289618324406194,-1.62593398351685,0.979148574813923,-1.411841886152,0.0422257592564438,0.551917646331081,-0.025335393223686,1.35271333095504,2.11426097194233
-19.3265560763517,-2.3899902050822,0.463985524171829,-1.67511438695583,1.04273611038849,-1.48784885605351,0.0303031910250707,0.611530720536208,-0.067560919130005,1.48088081449298,2.28614405430846
-21.2674582131082,-2.59217809736596,0.465475842012337,-1.75062368848724,1.06161366150786,-1.54696538647136,0.0511676851854088,0.672137349515477,-0.151515204691969,1.58321609953272,2.50422690880545
-23.242637931489,-2.70246240874936,0.283657052171766,-1.84501032152676,1.15600140952588,-1.61750780304247,0.0139096595018573,0.728272994328511,-0.170392498637486,1.69846747997786,2.59414262517427
-25.2799145595597,-2.82268223754838,0.212618568892576,-1.84302323464169,1.17984673724511,-1.66271456164904,0.00943869647161832,0.743176263731352,-0.211624485060259,1.79335116643639,2.88177354196579
-27.5367660699919,-3.07405098505003,0.0526577763069057,-1.96771294489772,1.25535693554993,-1.78194118140538,-0.0129161189588212,0.831602323487844,-0.267262825130767,1.92300896909266,3.04223086973039
-29.7816949286653,-3.27772920801814,-0.0178839343939633,-1.9890741289445,1.2995701472691,-1.85447070627446,0.0119225645455829,0.88078311242733,-0.32538502291121,2.01987974833705,3.40139693628725
-32.1587661720341,-3.70495672503951,-0.0794837426514993,-2.1152541544578,1.42426132988307,-1.99009098640477,-0.0183806297079056,0.99355117735044,-0.366617007069081,2.1718923441791,3.64233131364322
-34.5542180753965,-4.01544182152555,-0.146548045183476,-2.16294423977452,1.49281664695844,-2.03927196562907,-0.00645806163333162,1.05912556260728,-0.403874826182238,2.2896275988052,4.08992277326721
-37.0808188182424,-4.72136077812384,-0.0447096520526213,-2.33880144095231,1.62148205040155,-2.16644702702181,-0.0312967454610012,1.19176465203152,-0.420765036561616,2.51565939924198,4.46498556580974
-39.5930130349005,-5.38157629029732,0.0536513250994646,-2.44511058960592,1.75412168538712,-2.30206730317473,-0.00347741996513623,1.33185538386682,-0.441629415250218,2.73572993788028,5.17387902855562
-42.2125108742702,-6.17244398321017,0.0486835986354497,-2.7461542739332,2.01592348993742,-2.57132075406476,-0.0307999721917472,1.57577221059729,-0.4083457654108,3.0859550337903,5.75162475873924
-44.8205828344817,-7.23703529747811,0.365624523074915,-2.94088878972877,2.23798310310347,-2.80977398748949,0.0273225471278548,1.80627610925143,-0.419274725687385,3.39693507128098,6.57030480214012
-47.4828034339038,-8.35329139772746,0.550423948798122,-3.2995579993969,2.53952711623536,-3.15255052170007,0.0432193047622453,2.08894143334076,-0.420268267474481,3.85247608104267,7.29062406856005
-50.1231658573274,-9.51127663990422,0.847493967805758,-3.53453102493062,2.79338049917785,-3.42279751999253,0.101341824069063,2.34577444092144,-0.490809738418956,4.21611407911507,8.19176823865909
-52.6905023634695,-10.7204299023323,1.05911911543558,-3.8599165275183,3.09442773439884,-3.77849027249232,0.114754713330651,2.61602037388089,-0.48286140411377,4.72381627095798,8.90562946811371
-55.1594772452422,-11.8888474499364,1.35966654279362,-4.04670269597253,3.30009368427726,-4.02638228038839,0.183309479625632,2.84205329114456,-0.579234963198883,5.11527356861499,9.7814382710736
-57.5603939508224,-13.0522973096924,1.48783388552738,-4.34575929509758,3.54550182633627,-4.35127482275523,0.193244953156974,3.07702815561507,-0.626428198181866,5.60062096607844,10.4848672890734
-59.8271811902466,-14.277347346755,1.75609109406487,-4.51515845323893,3.69006412462822,-4.58227639319619,0.263290040436225,3.29908686768331,-0.78390458106697,5.96525250943625,11.3775663324419
-62.0452844952945,-15.436326229524,1.75758141200854,-4.75857661564865,3.91609793953787,-4.8763687252786,0.294090008377447,3.53505528297674,-0.892200636188663,6.37459360925607,11.9811441954494
-64.0164902617587,-16.6360406957533,1.99205808251576,-4.83507946129232,3.98962103271491,-5.00404056104317,0.366618963933145,3.65428143693526,-1.12220557412737,6.61155443463299,12.6865602413507
-65.8252504548598,-17.5163281346706,1.73622016763362,-4.94884019468526,4.04078912695302,-5.14413184112861,0.399406026600114,3.74419782239721,-1.29210122015201,6.88030872367534,13.1619709511373
-67.3727066158101,-18.2560278679763,1.48435645543518,-4.8698534903449,3.963788590224,-5.09793152696629,0.437160825374228,3.74221071983428,-1.50124177932317,7.00201816185459,13.7576004128846
-68.7438074673268,-19.2381544416293,1.28067966890536,-4.80775702005984,3.88976872579544,-5.08203464411072,0.400896347000306,3.74320427105411,-1.62344741950938,7.1465791561077,14.187308106158
-69.8834108290853,-20.0583319261211,0.932938843460812,-4.69797046867279,3.76259364589188,-4.95535636327968,0.438651145766118,3.68806217493489,-1.79930432703223,7.15601784721999,14.7168669079641
-70.7517747087862,-20.8342963787413,0.33383102424436,-4.60308706201979,3.65876712467151,-4.82420707961396,0.40586408310908,3.6031135456749,-1.93243892705757,7.16595331072044,15.2230774717733
-71.4149702176115,-22.0469270676778,0.0591157726699771,-4.46051357689789,3.46999161519972,-4.62102505291143,0.412322140790132,3.46550669306017,-2.06259290965238,7.11428889627234,15.8559648182943
-71.8153714128386,-23.2570739529938,-0.436663333717385,-4.37606237734963,3.32195188612992,-4.4471528966567,0.384502814888589,3.35671283438523,-2.12717312612397,7.07405026911721,16.4818974072413
-71.9480105149105,-24.7290218328126,-0.759565529699288,-4.20020518681496,3.15900881444192,-4.22360298974341,0.383509267553192,3.21215112278989,-2.16691480023428,7.00847620462539,17.2359970830013
-71.8377263144247,-26.3832866924633,-1.11873215794959,-4.0864444533962,2.97420754177795,-4.01793706793736,0.332341578847764,3.05616358120918,-2.18430178161538,6.94538601142159,18.0437481822795
-71.4363315788582,-28.1940359740891,-1.45604075912936,-3.9200259259104,2.77847714448828,-3.80233560249125,0.309489990142443,2.89421472190433,-2.16641802824662,6.90961833985964,18.952840672144
-70.80194904035,-30.288941376163,-1.77794944203716,-3.82067157356582,2.61801797475224,-3.59965034646504,0.26179971715261,2.73872395562418,-2.13065052370136,6.857953929694,19.9280038948979
-69.8923528066745,-32.4355113884036,-2.17884494432045,-3.72628494614835,2.4555716801796,-3.4227975317893,0.217090087016767,2.56932346138802,-2.09438624606352,6.82268303136463,21.0397792947871
-68.7706333361277,-34.6128816826965,-2.77745600197579,-3.69300123815615,2.32342883429601,-3.25886092796311,0.185296571670077,2.43469727064169,-2.06259290870798,6.80777983613199,22.2245802486905
-67.4263584085242,-37.2403311326656,-3.00696495067575,-3.60209201280482,2.14806632046721,-3.07704033782902,0.16095466194852,2.27225163521969,-2.01589644158771,6.81821207367158,23.5191676815273
-65.9231152360753,-40.0520847497747,-3.19474501782099,-3.5767566529905,2.02635580449388,-2.93645228076598,0.13710952543325,2.1545158151098,-1.92995507654535,6.87881840091112,24.802826233001
-64.1650262077255,-42.4639333616994,-3.82266560957151,-3.54297617582887,1.9041485000584,-2.79735456177235,0.110780521026796,2.04025741689201,-1.8291105785067,6.94190859930438,26.2394904048611
-62.3820983558975,-45.1971963932424,-4.29956736903,-3.53502782765473,1.81423175134487,-2.67912149624761,0.0904128002502507,1.96574107498509,-1.75012400608123,7.0472245121709,27.643864514816
-60.3860538176745,-47.6085482721937,-5.09539711527001,-3.53701491454476,1.71586977451026,-2.56933365384194,0.0755095902127527,1.85595365755731,-1.68753086939328,7.16694685701629,29.1237478260694
-58.2548862583453,-50.193275261978,-5.79038207893758,-3.57178893779082,1.65675323801182,-2.47643624530194,0.0481870379319707,1.76901792524543,-1.57327356344926,7.37211417745072,30.5435218542161
-56.0243636527715,-52.4913622124794,-6.7521338859283,-3.58122760050658,1.59217214204552,-2.38105495245447,0.0342773752276298,1.67164989875646,-1.4818677131478,7.59615889679867,32.0283728732506
-53.7143568987323,-54.9533855055632,-7.57926039125654,-3.61202744967981,1.54299115788192,-2.30256409396853,0.0193741648924527,1.61948845931241,-1.36959749095976,7.86789382176036,33.4844112374435
-51.3472210371931,-57.3284728122171,-8.45705763952237,-3.63388540546304,1.48039717247035,-2.23649267758618,0.0447096219830108,1.55341729840377,-1.29458508126024,8.15850615107771,35.0000620979191
-48.982569001521,-59.8699803643122,-9.18582316355337,-3.67760132044944,1.447609849676,-2.17439547946308,0.0521612271474188,1.50026230770658,-1.21708882166626,8.50575059694506,36.3661847426017
-46.4365939623141,-61.700600931278,-10.5285996077731,-3.69598187417556,1.39346108447661,-2.11130472856547,0.0571289638279509,1.43766857626425,-1.09786379972656,8.92005945451884,37.7447265683594
-43.8995608344404,-63.5699701841577,-11.8798213172742,-3.75658802907976,1.33484132550583,-2.07702707520295,0.0432193008461539,1.37507484882892,-1.00844503879981,9.37510367578473,39.0388172831364
-41.3506051937065,-65.2485772283534,-13.307049141722,-3.79732331037,1.29013133589439,-2.03032998400829,0.0670644369140148,1.33483602147056,-0.948832527883306,9.87237365723553,40.2792565325526
-38.702791154007,-66.7900741389372,-14.8445606362343,-3.85544560646739,1.25585368020391,-2.00201366168016,0.0476902634710818,1.2528680450453,-0.835568764190649,10.4988046174073,41.424812451655
-36.0708740387427,-68.0325116212902,-16.5862455930812,-3.92101947394945,1.18978225105242,-1.95631012562396,0.0506709054795648,1.17537104413467,-0.741679059526322,11.157525886946,42.5132395159313
-33.4886344331218,-69.1244259773423,-18.4471561533898,-4.02236091347383,1.14805293106878,-1.93941968774668,0.0496773581231197,1.12917091194894,-0.638350713838891,11.9170920490579,43.4859188215088
-30.9004336221738,-69.8452483702701,-20.5599303319522,-4.1246958884684,1.09787838713772,-1.91209692163663,0.0471934897819328,1.07204171250638,-0.533532049062053,12.7134194887915,44.374146837128
-28.3624070967475,-70.378289365461,-22.8078268985803,-4.24491465505703,1.05465873429074,-1.91458080955942,0.0347741478265458,1.00100279951612,-0.413810264143097,13.6791465031976,45.0959563491592
-25.8556775305762,-70.5149028450605,-25.2862258293226,-4.38301719442347,1.02584562983004,-1.8952064844895,0.0536515472042627,0.96026719643794,-0.290611075313606,14.6980283264263,45.7134437193895
-23.3196381517013,-70.3077471169146,-28.0219532736613,-4.52807454939182,1.00249708174763,-1.91209692236289,0.00298063202558474,0.879789546696385,-0.111773554310226,15.9022064414122,46.1630222512486
-20.9251799135907,-69.8725710879506,-30.8620028085448,-4.70045433786451,0.994051861474154,-1.91408403262484,0.0114257843793538,0.833092635806491,0.00149021587395894,17.1525845567881,46.5356011144879
-18.5888443688856,-69.2217941044619,-33.8381683683156,-4.90164690261371,1.00100674814044,-1.93842613428298,0.00943868966679273,0.791860259688111,0.16790846432115,18.5783234764563,46.6965551963403
-16.2867864285591,-68.0652989151974,-37.1590940097186,-5.09936204957154,0.96523875638036,-1.94190357724114,0.0168902946815478,0.720324566400826,0.337804119458228,20.1039139168032,46.7685871098619
-14.0721609435761,-66.6599187110439,-40.6305421386877,-5.35867691117384,0.96970975495192,-1.97171023232431,0.0144064262899228,0.680582517101338,0.513164243570192,21.7596587741565,46.6374393395045
-11.9563938744751,-64.9405760158901,-44.2137639333276,-5.63736585038131,0.970206532615517,-1.99307166764404,0.0387483360074657,0.647795324315321,0.698956567903152,23.5157519403573,46.4024662698391
-9.89676239904849,-62.8243089326771,-48.0766691772267,-5.92797733426481,0.993058303093244,-2.04473653648299,0.0203677099033688,0.611530704351178,0.913064820985052,25.4273349274142,45.9518941943241
-7.91214410734133,-60.3607954196534,-52.1154317617373,-6.2637950228932,0.975174307206633,-2.07951096608302,0.0337805989417247,0.568807998571292,1.10332808313416,27.4218791781433,45.4561159197011
-6.07506810985937,-57.7477520805419,-56.2207623347805,-6.65326408994561,1.01342618386893,-2.15055016078492,0.0347741462984708,0.563343466792126,1.33879748376641,29.5396229695565,44.6985388334066
-4.22557279288167,-54.7303330922664,-60.4890341290376,-7.02932029012825,1.02336173713586,-2.18333748014324,0.0466967143163449,0.511678799350593,1.58122169182913,31.7467860871886,43.8505493368917
-2.49530356533481,-51.6324361514589,-64.7732031091551,-7.49231158095429,1.05018772854742,-2.24990567658486,0.0496773563896198,0.527575619078865,1.83407807298916,34.0393939642046,42.8768764874316
-0.847499137546573,-48.3487451545536,-69.0067009861382,-7.97964465097052,1.03528439864447,-2.29213176969037,0.0715353977575238,0.492304548013144,2.10928916102934,36.3980728384688,41.7651011487414
0.725292221385415,-45.1201961118094,-73.0504320673643,-8.48535831664712,1.0337940657876,-2.32988686618914,0.0571289610849108,0.480878708832432,2.39840981626514,38.8267964898929,40.5321133801551
2.20369617492419,-41.7942792211017,-76.9893438508056,-9.04671037777136,1.03131017746859,-2.3765839573906,0.0755095867748398,0.453556048132345,2.68852403106116,41.2907912114346,39.2802483809292
3.46302215490968,-38.4738266628521,-80.8358562954824,-9.68357179570284,1.00200029792616,-2.44613281939697,0.0963740812538559,0.476904502105576,2.96323833008021,43.755282468512,37.8247068070332
4.7933869888873,-35.0555094884731,-84.5676139812901,-10.3035429258233,0.974180748746042,-2.48438469199401,0.103825686262877,0.446601187511708,3.3079973444634,46.2659738033592,36.3199849374462
6.02290642234255,-31.8468316807926,-87.963056793999,-11.0020040482819,0.946361202074143,-2.49332668853525,0.103825686262877,0.441633431347001,3.65772404531575,48.7866003536225,34.6995150894054
7.20920634388145,-28.5894701022105,-91.1339580643987,-11.7357359113966,0.901154434623792,-2.50276546229257,0.135619200980703,0.450078617380709,4.03825056419416,51.2863626177139,33.0298649605388
8.35477070345205,-25.26703064591,-94.2477307952951,-12.5400094302191,0.832599123152491,-2.50773323815381,0.127174048446621,0.457033476008473,4.42871247565585,53.772711766008,31.3160019856255
9.36421853433443,-22.1239276894245,-97.0356202928156,-13.4401598353154,0.740695255247656,-2.50077835222555,0.132141785118414,0.472930296774351,4.8410323309967,56.1994483241262,29.5817715032207
10.3130597777763,-19.0916056315761,-99.5140205228704,-14.4014132476866,0.620971848862403,-2.50028157463948,0.145554674442053,0.471936745541713,5.28415195401344,58.5834621662114,27.7844508377726
11.2251396024959,-15.966883471647,-101.889091811595,-15.4436403836421,0.529564758551387,-2.50475257273737,0.160954658117206,0.487833566311657,5.76254233813616,60.8914699003895,26.0248849755037
12.0656837760883,-12.8118577637728,-104.137486222495,-16.6175121354237,0.418286571600076,-2.51617845721595,0.161451431795763,0.522607859449594,6.28812592419175,63.1209872759044,24.1937838037927
12.8361825770714,-9.92310435030139,-105.908978457371,-17.9001768163045,0.295582488262014,-2.50425579562391,0.161451431795763,0.56980154608924,6.88772840620846,65.2561179316876,22.3457925381373
13.6638105838154,-7.11979626240395,-107.362039388136,-19.3020668437986,0.179833302541641,-2.47146847493836,0.136612747889436,0.590666121956638,7.57923346066563,67.3380936747512,20.5290977332719
14.3195542407193,-4.48787619034677,-108.404765766837,-20.8713688539364,0.0303032250445631,-2.45408126011393,0.151515957898262,0.648788872857349,8.26676438810857,69.2611021918987,18.754628682767
14.936549425105,-1.90662711582491,-109.223447625408,-22.6051024737831,-0.125684948063712,-2.46799103251811,0.169399810324116,0.710389049210556,9.04868173438916,71.0797881957051,16.9612821374861
15.483002469454,0.469453185823323,-109.626827246478,-24.4853836424505,-0.301544242181091,-2.47941691654513,0.179335283661968,0.758576287097349,9.93144361794535,72.7568940178914,15.1987355946819
16.0026296512612,2.83162388814783,-109.795233287649,-26.5504641022801,-0.501745624092198,-2.48885569068435,0.174367546875366,0.816699034104139,10.8857404462832,74.2670839571084,13.3979374524329
16.5619988555416,4.80233481902177,-109.28653780463,-28.686582778242,-0.716850354385033,-2.48488147015482,0.145554674159961,0.874821784918636,11.9821138036777,75.6515904313533,11.6597327138735
17.0086000360144,6.77702008585249,-108.63228779608,-31.0263781051417,-0.927980844525053,-2.51220423740451,0.150522410943963,0.975170459160353,13.1987056337899,76.8503036800476,9.92699230670743
17.3975752456054,8.43774267913015,-107.443013401996,-33.5077532299944,-1.17388579061482,-2.50823001687301,0.151019184610685,1.10085469791472,14.5479353579595,77.8314304324416,8.23001961692959
17.7617116905378,10.0269296107908,-106.00535242248,-36.0989151652999,-1.4605264803173,-2.51468812549377,0.176851415876823,1.22256472341084,16.0402349933595,78.61633176617,6.60160129491869
18.0712028207826,11.4844707509382,-104.230879550247,-38.8222182253657,-1.77747063424116,-2.55989488406176,0.181322378879655,1.34973928894276,17.6716305543838,79.1607950138951,4.96722184538408
18.3474100007881,12.739327318323,-102.093265516495,-41.6220244109244,-2.12819563873746,-2.58821120646934,0.205167515430386,1.50075907551025,19.4868312107664,79.4528975344917,3.3909645596299
18.6246107234941,13.973319187378,-99.8046327210225,-44.5350943842968,-2.499785337764,-2.62248885856392,0.200696552429028,1.65774017963808,21.4982564560902,79.4941296964485,1.88326192525294
18.8059337821205,14.9196777542679,-97.0510203043787,-47.4888999316868,-2.9359560956184,-2.63093407752759,0.213612668058896,1.83508907337887,23.6641772845048,79.2209045494216,0.432191149204176
19.02004401727,15.9286300325093,-94.2690920918883,-50.5177178271159,-3.37411400455667,-2.66819239504496,0.216593310059187,2.04323806865107,26.0059551056807,78.7092283214574,-1.00646020716078
19.2207413198705,16.4040448010969,-90.819500859459,-53.517226478689,-3.86493030396677,-2.68408927781424,0.246896504436174,2.25039349888698,28.5191186902833,77.9307850348492,-2.32240903256053
19.3046963770224,17.26247391255,-87.7390122523166,-56.5991990489389,-4.4029405285478,-2.73028959151079,0.305019023487371,2.52709753243256,31.1803201097652,76.8657036366945,-3.69051879395425
19.4373354358084,17.7513016358494,-84.0956797477963,-59.5728756467367,-5.11780354544243,-2.74171547600636,0.312470628660808,2.72084002084996,33.9175272713578,75.4672876350416,-4.73423660955846
19.4696258424731,18.2237357115933,-80.7260694472767,-62.6131194782485,-5.57583256410872,-2.79636100837257,0.377051205218441,3.15998968664202,36.970680802161,74.0435360887004,-6.01094035438993
19.5426518410435,18.4298978095471,-76.7041961649261,-65.472041846579,-6.46009676214842,-2.85895498432646,0.377051205218441,3.38800969155573,39.8986478818236,72.2094501390317,-6.96424568580635
19.5555680037024,18.6817632940301,-73.0395029542548,-68.3001641670133,-7.04232020519268,-2.88876163837417,0.451070481437991,3.89521761847318,43.1450451778668,70.3728801636153,-8.07304054004263
19.6246197982424,18.9703902305501,-69.1532488502869,-70.9166619110601,-8.09449525478528,-2.99805270763283,0.461502728669024,4.1927862076774,46.2046564324187,68.1831047006637,-8.89718517539495
19.6117036356013,18.9256803813393,-65.1974469404002,-73.3970439754289,-8.91666232707447,-3.04723368681105,0.545954251841216,4.78891697131065,49.5141435273273,66.0271096098169,-9.92152881355575
19.6638650631897,19.0170871910276,-61.183522423339,-75.6533821264073,-10.1899034423064,-3.16695708538421,0.567812293655307,5.1709374120393,52.5911416730274,63.574044394107,-10.6334029961714
19.5784196795363,18.8655704803786,-57.2505722340625,-77.7457853882056,-11.2907628110899,-3.23650594490563,0.65027672213517,5.83313933207548,55.8584031564023,61.1795981787218,-11.4883474242511
19.5153291910154,18.8948802724848,-53.2739058464749,-79.5654610417796,-12.8615737596689,-3.36417778503301,0.68405733220033,6.32146975008409,58.862375914193,58.5074559941104,-12.0919253282096
19.4204450731493,18.6797762214157,-49.3464203369363,-81.1292990229806,-14.2634804327345,-3.45856552297066,0.757083060999798,7.05023960059244,62.0069349247543,55.94857782673,-12.7953543327245
19.3802062576344,18.7001440429994,-45.6017470213202,-82.4358092707526,-16.049892918306,-3.62150857202852,0.803779786683253,7.69008657438291,64.9289404316871,53.2441453210982,-13.4873576425631
19.3106576893837,18.6166856580592,-41.7820613574998,-83.3990500242182,-18.0270681945592,-3.72384475116008,0.870844231325929,8.4128951090944,67.7396693995361,50.4483063222702,-14.0506969749036
19.2197477727646,18.6902085262902,-38.3260131935551,-84.1178790532025,-20.1155215432447,-3.88778135563225,0.939895772413434,9.21767157584874,70.4619730021504,47.6723384225029,-14.6368878641193
19.1571540613581,18.593337186419,-34.73434638941,-84.4705871185738,-22.4548478170952,-4.02489196473145,1.00894731170081,10.0999450784201,72.9850716375919,44.8283123536624,-15.1063373088164
19.0309730841455,18.5789306784838,-31.4203753598743,-84.5947801096367,-24.8895552589251,-4.2106867836281,1.07998594744697,11.0994575687543,75.3487067200027,42.024028310863,-15.586715776343
18.9087663142239,18.556575753847,-28.1883721479764,-84.3747101476496,-27.511548117526,-4.39697837234397,1.16592779121148,12.1968349018899,77.494756312302,39.2063311387483,-15.971713999123
18.7820885613266,18.6479825631803,-25.2375421318215,-83.8789317282783,-30.2323995717645,-4.63195417296224,1.25882446862595,13.4308254555623,79.4465684327714,36.4507307816173,-16.3462800439629
18.6494495059132,18.5491241186649,-22.2072287460285,-83.0349162346181,-33.1156975926096,-4.84258786303602,1.36066306954306,14.8188165039975,81.156950058423,33.6926463076444,-16.8097682289043
18.5590363646149,18.6400341515758,-19.4754755945241,-81.8213023405882,-36.2086356374557,-5.0393117892485,1.46945650447017,16.3220594034306,82.5558563600915,30.9320781368192,-16.9026645821516
18.3101518443784,18.2133034763969,-16.6572842528561,-80.4884632906407,-39.2682898427537,-5.37364309558157,1.57129510536491,18.117903193297,83.7933122335777,28.3592899792954,-18.9771841015183
18.72098518009,19.5714893931441,-13.9702407403206,-77.8039077320891,-43.5038168563637,-4.96380158712727,1.87184317735157,19.3747454027065,84.0416975862095,24.7780524517248,-17.9528403700434
18.2778614408625,18.8536479153753,-12.3105232620341,-76.4377849658561,-46.2604366842835,-5.62004476569906,1.71734656746791,21.8914105124717,85.1470124277314,22.8123210563216,-19.6284520356124
18.5133330275133,19.4850503756842,-9.4719641929521,-73.357798995819,-50.5163317080955,-5.40344973700068,2.06359781627683,23.619195927108,84.9170075930473,19.5028183599663,-18.3979479518126
17.9201830881239,18.4428140889582,-7.88974330883345,-71.5505428093803,-53.3275971796773,-6.22313274265612,1.99703014531371,26.5511653568705,85.4093073704575,17.7646090307797,-20.0303404614636
18.0851125542783,18.8506672929626,-5.08695195848182,-67.9812365742364,-57.6982480134478,-6.06366713597438,2.41481680163468,28.6296742703761,84.5484037443224,14.6309639506768,-18.7213464112497
17.4621560840299,17.7175209744133,-3.67711122055598,-65.7214212437159,-60.6048949186774,-6.95091189585003,2.38451360821518,31.8646767185385,84.4356367919928,13.0616574637746,-20.2916424322084
17.5923112654293,18.0846385365888,-1.1500287590281,-61.7537040443187,-65.0431076777685,-6.90322124691012,2.85297117741591,34.2059798403844,83.0004662275658,10.1038700153165,-18.9473775742251
16.9703483448591,16.9132404542225,0.0238449512343176,-59.1526065027966,-67.9755871292128,-7.87988597574052,2.90364209082942,37.6536021371431,82.3094581578436,8.72979535985292,-20.3085326223721
17.0279743030858,17.1581510875879,2.35966989554214,-55.0085354164669,-72.2588053760951,-7.97129305312292,3.46151891808516,40.2010670419633,80.4028521742528,6.05864596805237,-19.0959123306435
16.4676115421947,16.242095921977,3.2016994750195,-52.1208005909644,-75.1570072515084,-8.94895134291252,3.63191228317879,43.732147523766,79.1261514123884,4.75610662813233,-18.7158818059483
15.9787844527759,15.1243496538145,5.16196426135199,-48.6871135031144,-78.3751340643317,-9.76167948052895,4.10831822506518,47.0068917531583,77.2960480661269,3.16990979289382,-18.520153666759
15.6176286641905,14.4686051707266,6.73673346236466,-45.1217819310008,-81.5599768120712,-10.5843431728668,4.63291121017443,50.2195389933423,75.1569533139322,1.61103546994598,-18.4198057378733
15.2654148344178,14.0334292832895,8.10087105934661,-41.4898829876074,-84.6817288111883,-11.3806776574012,5.21115574864364,53.3626376084758,72.7833827578876,0.0601095096519247,-18.3298900193132
14.9748011656878,13.7264216362347,9.22953842516603,-37.8694098660506,-87.642028056959,-12.2306641253228,5.80181962647678,56.4659941408961,70.2781679289463,-1.39941019424698,-18.2340130377727
14.6777294156503,13.4775367951654,10.2210965438367,-34.2573819259383,-90.4070936398129,-13.150696238488,6.48836081722368,59.4883762195725,67.626405703453,-2.78590424439596,-18.1565166173937
14.427851337646,13.2698843731796,11.0929324593672,-30.6905602926387,-92.9764287823341,-14.124877113347,7.26233416769269,62.3880547195217,64.8583990902438,-4.08943717807349,-18.0631234955251
14.1948636269673,13.1089289068399,11.8982008427034,-27.1560288859189,-95.2993621242668,-15.1835101869591,8.14659126422864,65.1391973128627,62.0084252718453,-5.3035509380668,-17.9588013912365
13.9390242423612,12.944992783823,12.5971598859271,-23.7084326090468,-97.3724162217475,-16.3380213426367,9.13368050022277,67.7298814005469,59.0759874673951,-6.44761968167912,-17.8514986555731
13.7070300821656,12.7646630479408,13.2365062149439,-20.3199522269204,-99.1881393905118,-17.5913912492155,10.2712921428455,70.1124165381104,56.0645630748525,-7.5146885799875,-17.7521442706065
13.4646036357478,12.5982430438746,13.8152462851959,-17.0392713823911,-100.731131516596,-18.9694523422703,11.5425358861606,72.2311638843861,53.0789707183286,-8.45756417727068,-17.6453383069052
13.2281384956806,12.4298359348958,14.3443090941624,-13.8718545503797,-101.964631022688,-20.4677336278086,12.9906310342039,74.0742008301817,50.055623744625,-9.35672373354002,-17.4973002734352
12.9886927018407,12.2703707964866,14.774017383898,-10.8281339393846,-102.866282902528,-22.0772931089219,14.6309775622348,75.6102305342697,47.0412186006918,-10.1908060013552,-17.3929781694578
12.7899824995682,12.1138863144548,15.1644806380388,-7.89519347366067,-103.441054928397,-23.8165115621446,16.4556270892219,76.8044787180374,44.0650647672436,-10.9379529546866,-17.2752432234107
12.5882916437916,11.9569050564897,15.4839054115095,-5.12122001082988,-103.688450321524,-25.6615436619361,18.5594633696072,77.6266420863722,41.1067946394086,-11.6145581115699,-17.1421083479315
12.409452461519,11.8282400378218,15.7432207015511,-2.47491692227898,-103.601514189509,-27.6178539661689,20.9077122395308,78.0185979145579,38.1932338441367,-12.203731178897,-16.9851284200055
12.1903744627097,11.6409554355644,15.9821683150506,0.00894177035644085,-103.194653091189,-29.7053135802106,23.5237220499132,78.0101527319341,35.3035180051619,-12.7591236685448,-16.8524903165099
11.9827223008871,11.4472127431434,16.1823676666276,2.3169432422289,-102.48773814571,-31.8439413102313,26.3856347522948,77.5953452323262,32.4530470254768,-13.2419872645714,-16.7248199321672
11.8058702199481,11.2614184690139,16.3577283886807,4.47293253780178,-101.465866016392,-34.0724858104072,29.4934503377495,76.7726850862406,29.668646524548,-13.6776574039129,-16.6055946707105
11.6240503841613,11.1108952999901,16.4844053974114,6.47392903589095,-100.155365939119,-36.3581597606081,32.7870591923181,75.5754562469,26.9831033863672,-14.0591792595635,-16.4789178302933
11.4735274050134,10.9658366686224,16.5723341445635,8.30801021548713,-98.5512701351372,-38.6974857170957,36.2560290675142,74.0294910304013,24.3606501106738,-14.4069205351711,-16.3492603585235
11.3334367117664,10.8222683653276,16.6125727237289,10.0000146705139,-96.6972950718687,-41.0830120207381,39.8765148239838,72.1397571894615,21.8385445163816,-14.6900812884552,-16.265802675505
11.2226557732001,10.6846613758647,16.6602628916335,11.5703100405051,-94.6058601979723,-43.4958611177165,43.569032683455,69.9459967485196,19.3904577467042,-14.9176034383202,-16.1232291339125
11.0974683449822,10.5276801166555,16.6567854835572,12.9617675862441,-92.2759719717103,-45.9335491256076,47.3658729237246,67.5053388835472,17.028312309461,-15.1093579139241,-15.9741975572139
10.9946358144591,10.386595694048,16.6443661689927,14.2439353472844,-89.7354499541894,-48.3851469322377,51.1418486057486,64.8316932939894,14.7655210171303,-15.2643511692086,-15.8351014192018
10.9007452432694,10.2301112109376,16.6190307672658,15.3735941896064,-86.981313495981,-50.8536352075363,54.8765920141738,62.009511806512,12.6115225226297,-15.3895380291045,-15.6930246496058
10.8133127534287,10.0731299516654,16.5599148299338,16.384524588981,-84.0379047083365,-53.2913232907448,58.5422838309827,59.0442589366011,10.5832070354552,-15.4575959650313,-15.5360447225313
10.7209125086348,9.92807131937371,16.4769538085974,17.287655527131,-80.9141656120554,-55.7036757361853,62.0808015625162,55.970212195088,8.67063914570402,-15.5231700346013,-15.3681358131029
10.640931651407,9.79592886682856,16.3617025693773,18.1033546424332,-77.6677224307735,-58.0494599917733,65.4822097425764,52.783894138943,6.85543832891377,-15.5316151799352,-15.1942656408826
10.593737977974,9.66030898104265,16.2454577849306,18.8192026459478,-74.2950977367941,-60.332650279585,68.6943471662611,49.5195822827283,5.16790761856425,-15.5246603543711,-15.0084729424445
10.5117700186621,9.52270199087154,16.1058646889581,19.4595413498016,-70.8087109712283,-62.4712782728046,71.7470202496413,46.1723088591955,3.55687960971519,-15.4978345985909,-14.8375834018511
10.4342730390919,9.37366914915507,15.9622974122422,20.0288417010108,-67.2766207082398,-64.4176533116008,74.5642226607563,42.7877772226006,2.02235430752081,-15.4516346859163,-14.6304295109442
10.3329308347842,9.20873947119425,15.7973689143393,20.4814007045042,-63.7067753866508,-66.1752528336289,77.1429737682619,39.3823809549804,0.582215462944189,-15.3954993080688,-14.4491077602907
10.2608983857323,9.05970662920399,15.6264791451443,20.8753406490859,-60.1140783552907,-67.669063403529,79.3923640366811,35.9551265133068,-0.731246808993842,-15.3229704129169,-14.2518893081138
10.1620400589001,8.8987511601264,15.4506216499419,21.2220872825541,-56.5293298247342,-68.8494072432561,81.2964967281942,32.5313494403326,-1.94485813774729,-15.2469641048742,-14.0785159083032
10.0760978955535,8.77604745359461,15.2772480175072,21.5166728893274,-52.9838268091064,-69.6710775793439,82.7858235670073,29.1279401147774,-3.08643769132031,-15.1386675355496,-13.8862651755482
9.99164605849354,8.64787920948841,15.1003969768717,21.7531362088394,-49.4532271841373,-70.0968160789805,83.8191123624898,25.7836470216104,-4.1574757825273,-15.0119903557412,-13.6815951451154
9.89527160926928,8.51871741285949,14.9185782101374,21.9508513373145,-45.9752860715446,-70.0530996403138,84.3486728696116,22.4875411089817,-5.16492720109905,-14.8704099785523,-13.4893444125396
9.77306483314918,8.37564588445516,14.7183788574006,22.0775281153551,-42.5316226768844,-69.4688890535792,84.2657117018319,19.2689321275234,-6.08544371510098,-14.7362812001755,-13.2980872241058
9.63943222053793,8.23803889331642,14.4948311927775,22.1758889077463,-39.1704244502991,-68.2055833462164,83.4644161046682,16.1457040134001,-6.98062491479219,-14.5589331491744,-13.1038494040776
9.50182540340903,8.08254796121589,14.2817157522397,22.24195954089,-35.8713234940712,-66.2780858661061,81.9000764532421,13.1337535800912,-7.80427110676443,-14.3915205630576,-12.8882503918574
9.32845074955114,7.95189583586751,14.0492261804628,22.2345079657161,-32.6134551466668,-63.7733327200574,79.6591313146013,10.222648554071,-8.542472702158,-14.2007596345295,-12.7039480103418
9.19332780985332,7.8361469949213,13.8202140165739,22.2538820611388,-29.4549423880824,-60.7638534622417,76.8275224893453,7.42927930325631,-9.21013282939126,-14.0050309732821,-12.5171617695647
9.02194025785009,7.7223852582329,13.5872276715118,22.2429530842174,-26.398765891927,-57.3798038502295,73.5850819701849,4.7536458381497,-9.87232847795712,-13.7973797544922,-12.340310967056
8.89625605283652,7.61110740242406,13.3577187343676,22.1987404049228,-23.4310158670975,-53.7622687555744,70.0281838037024,2.23250955467336,-10.4788857844499,-13.5768124309646,-12.1535247263966
8.71294588843858,7.44518417071064,13.124235616269,22.1361471734889,-20.5621246512452,-49.9837777192353,66.2686020163171,-0.144065048163046,-11.0248370387047,-13.3855547298104,-11.9761771521649
8.53659058074261,7.30906750760018,12.8679009586084,22.0407670113295,-17.8238860039846,-46.1486540629569,62.4042009840977,-2.35372306664691,-11.5295563075093,-13.1878389763961,-11.7978360343985
8.37911274283108,7.19629932303987,12.6269662510688,21.9324707854194,-15.2401452560318,-42.3348918868432,58.4816773979656,-4.42279360208667,-11.9791340032878,-12.9911167698942,-11.5986304960837
8.21020906756242,7.05720200292297,12.4068959921215,21.7799618799947,-12.7910312873787,-38.643337068069,54.6346633219041,-6.30805717292922,-12.4033763829002,-12.8177429059549,-11.4227732380384
8.03286020886116,6.92158211556085,12.176393508195,21.6244723443283,-10.426866334354,-35.2001711365643,51.0275907759614,-8.05124292369685,-12.7774448983225,-12.6394013101671,-11.2414514888654
7.88531788065187,6.79788485574288,11.9493684322425,21.4426539097429,-8.22564448047862,-32.0585492999297,47.6520146131354,-9.6364540342383,-13.0894170474636,-12.4580790746906,-11.0750328973991
7.80235636965306,6.69058120852546,11.7119111312978,21.2985901225072,-6.17593984103575,-29.1220966810363,44.4582574872888,-11.0860454019486,-13.36214429251,-12.2514214043416,-10.8773176751899
7.67418828648905,6.57036138170298,11.464021605527,21.0973975922131,-4.22757786135356,-26.344116174724,41.4090613974427,-12.3990234754852,-13.6328844546416,-12.0561895184125,-10.6850669443751
7.57185253025534,6.46603839124233,11.2325255750803,20.8768309658099,-2.42030075608989,-23.6446265710603,38.3956329471691,-13.5619753059947,-13.8484830426423,-11.8619511795039,-10.4923194415428
7.39897465041802,6.3279346230322,10.9905973198065,20.648315992633,-0.72132119272002,-20.9555693327519,35.3886624998038,-14.6176236005661,-14.0615977763336,-11.6855966772268,-10.2762236590538
7.27080656721682,6.22510196087285,10.7233336615418,20.4098655853938,0.831108949154108,-18.2620411248944,32.3588404180999,-15.562987700839,-14.2409320860455,-11.4908615653581,-10.0934115946868
7.14710946334987,6.11481765660624,10.4779279972965,20.1560152557863,2.29660299321074,-15.5466547313554,29.2808312551944,-16.4114805499368,-14.3939375362018,-11.319474795894,-9.9051350395972
7.03086399247428,6.00701723297394,10.2056966123023,19.8962036655704,3.67615449406314,-12.8312683645242,26.204809138166,-17.1501859782282,-14.5226012101213,-11.1088429407479,-9.71934234404297
6.91312819464459,5.89921680931654,9.9419103613715,19.6661983760579,4.97026023446886,-10.1546306771973,23.1566063007004,-17.8054330962527,-14.6348714432414,-10.911127189587,-9.52758838571854
6.78148268249194,5.78942928087801,9.69004665230371,19.408373871787,6.1277521158544,-7.53114821724708,20.1327453266223,-18.3682799395627,-14.7332320898982,-10.7382501011615,-9.33682797117065
6.66325010910622,5.68510629016341,9.43619585262876,19.1426010204721,7.19731435250543,-5.01198907536883,17.2132067688459,-18.8277974433848,-14.8092380441719,-10.5529536815391,-9.13215794335384
6.50179806597509,5.58227362778634,9.18731277841466,18.8346025753469,8.19186316048254,-2.63590190049813,14.447171217384,-19.2132953716549,-14.8941858753596,-10.4128636274712,-8.93742335373337
6.39548810503575,5.48639583157339,8.9374361585996,18.554423344634,9.09897910283403,-0.408351244532361,11.8097999970716,-19.533715686905,-14.9319404670689,-10.2325349407721,-8.74417908015965
6.28619749113193,5.39697612509511,8.68507567546561,18.2946117523324,9.94598494787247,1.63837235679893,9.36269304703956,-19.7970067987862,-14.9652241202634,-10.0651223587453,-8.55888315705113
6.23453283716147,5.31898227002743,8.43172164674452,18.0203937811043,10.6951255993728,3.49483013144769,7.10436005158748,-19.9982009508858,-14.9652241202634,-9.87485820746959,-8.39296133876241
6.16299716253841,5.24098841485236,8.21810942615038,17.7377306905388,11.3861432662413,5.17592541248357,5.03678811131406,-20.1407755722318,-14.9781401647926,-9.71440045101552,-8.18183327648894
6.10835185541935,5.15852357438635,7.99555529842625,17.4694739786755,11.9951926245439,6.68761953237467,3.13017081287105,-20.2465887931484,-14.9696950587468,-9.53953627047366,-7.97616970560066
6.00104834337463,5.04625216491544,7.75958830972856,17.1545207271561,12.5282350052928,8.00358328561494,1.43716617031757,-20.2783824369644,-14.9761530810118,-9.42974938466136,-7.8052801683183
5.99459026162151,4.9757099519314,7.52014391268175,16.8708640922001,13.0125931788725,9.19435908642561,-0.117238634824578,-20.2773888855934,-14.9170373387147,-9.26780130865079,-7.60657140432775
5.94292560761103,4.89473543967678,7.29609946617086,16.560878556687,13.4502542552111,10.2023207423979,-1.47690817379453,-20.2421178119646,-14.909585774557,-9.12224674981999,-7.429720604273
5.95286111800055,4.84803848177802,7.06857761118277,16.2816928661106,13.8556247864491,11.1203656563143,-2.71586172095945,-20.2013822057781,-14.8479861776069,-8.94887288970775,-7.26479233030398
5.95435144455717,4.76408331264305,6.84055898310147,16.0203909557481,14.18697545254,11.8933515229408,-3.81571864686264,-20.1258723016956,-14.7759543909039,-8.7769893496394,-7.10781240680954
5.98366120018723,4.69403787578377,6.63092094137346,15.7426955796189,14.4775903544084,12.5476075525826,-4.78889829185678,-20.0140977725151,-14.6865356211824,-8.60212517027443,-6.96374855317049
5.9578288731965,4.61356013966175,6.41730871846551,15.4456261066848,14.7279662690765,13.0995274063397,-5.64732321992232,-19.8864264215878,-14.6040716447129,-8.46104157116532,-6.80875571743868
5.95286111800155,4.53258562743802,6.2161158106101,15.1495501770362,14.9440645288617,13.5650079657314,-6.39943858279257,-19.733419510664,-14.5419752768515,-8.31002250731403,-6.63637586514138
5.93497719931462,4.45359821970327,6.00151004209579,14.8504936164402,15.122407690016,13.948023452084,-7.07306370619777,-19.5709738620364,-14.4610016132109,-8.14608733961624,-6.47989271392717
5.91013842331292,4.38951409649024,5.79783327086115,14.551437055667,15.2903185213545,14.2232382109395,-7.63491475150838,-19.38468298053,-14.3626409665884,-7.98463603802431,-6.36166099980999
5.95435144453386,4.33039773465005,5.61253708585631,14.3040447505431,15.4294162512463,14.4716269822338,-8.16050131897231,-19.2083276131493,-14.2295063541646,-7.79635898196858,-6.19921658578471
5.93348687270496,4.25538453610314,5.42823444599295,14.0149236228823,15.5317524382578,14.641028123898,-8.59120411226744,-19.0091205643101,-14.1410811265189,-7.61901093716309,-6.04024957540559
5.9573320976458,4.19726172652088,5.25386725830088,13.7486539924085,15.6017980807134,14.7627386216323,-8.97670050003279,-18.8079264131541,-14.013410994384,-7.42377905629351,-5.89519217827606
5.94888691381496,4.10386781044427,5.0720484811593,13.4456232562574,15.6614113934581,14.8248358142181,-9.29463566621045,-18.5724547400554,-13.922501912137,-7.27226321998716,-5.74864446561298
5.90914487227537,4.03282882094129,4.8961909750539,13.1326570853832,15.7200311509226,14.8536489115936,-9.55047412066477,-18.3464218052602,-13.8201670983729,-7.12124415719562,-5.576264613727
5.82817046257179,3.93546069559769,4.70890769861576,12.829129576854,15.7582830265898,14.8407326955391,-9.75464811105524,-18.1174082163856,-13.7441611444257,-6.9811541055984,-5.43567816402374
5.85698344267516,3.88478952826795,4.5449727350231,12.5732921509916,15.7538120281403,14.8144034858817,-9.95782855430569,-17.8814397684531,-13.6085426778428,-6.79734800977707,-5.25684027749442
5.81376397243848,3.80580212036908,4.37159909152278,12.2767194452751,15.7523216953219,14.7488288505253,-10.0989122850576,-17.6405035637779,-13.4778919204955,-6.63092897702277,-5.10929902130345
5.7938929516606,3.73824056385635,4.19772867522389,12.0034950089446,15.7384119223626,14.6599056707095,-10.1987637988603,-17.3926125001606,-13.3437637667238,-6.49083892577424,-4.99057053561104
5.78197033917124,3.67216933586408,4.04025175529812,11.7367286046299,15.6927083826071,14.5764470438079,-10.2921572546015,-17.1516762960809,-13.227519366797,-6.34528436892797,-4.82514549089874
5.74173152210812,3.61752395924044,3.87731033624611,11.4565493638202,15.628624071452,14.4423171076275,-10.3388539825109,-16.9008045790637,-13.1331328883795,-6.19774271947522,-4.68505581335393
5.69900882735788,3.54797529812145,3.71585923498731,11.1694153188263,15.5749720899754,14.2893096248862,-10.3641894412614,-16.6439715540449,-13.0268239073481,-6.08149778346346,-4.56632732794768
5.63591833632029,3.49034926454707,3.55142749794057,10.9006618262763,15.4905198969143,14.1512054682263,-10.3766087837883,-16.3811772214969,-12.9140569041594,-6.00102052019128,-4.45455364906268
5.59866017232749,3.43967809715823,3.41829243584466,10.666682353101,15.4095451470608,13.9688881103392,-10.3592217042425,-16.1511700836705,-12.7824126054667,-5.85298209771593,-4.34327674222974
5.58624078433374,3.4029166619462,3.2831702830198,10.4530705193831,15.3072089601923,13.8034611887307,-10.3502797776176,-15.9087435543488,-12.6656714350676,-5.71438236682702,-4.23249660731565
5.55991168173699,3.33932931456457,3.16096421823215,10.1947492319106,15.1939436658027,13.617666387795,-10.2866927438652,-15.6568782872925,-12.5389948458006,-5.60161484379144,-4.0794908605764
5.49235021109874,3.26481289182168,3.01342274964117,9.90860872843833,15.0593169342566,13.4020649340445,-10.1918089669023,-15.4079936748092,-12.4580211830433,-5.53653755084216,-3.97765262004398
5.46701465954682,3.22954178506382,2.89866827402662,9.68208082965959,14.9281676458202,13.2108055799011,-10.1237509698871,-15.1586122867452,-12.3387961580754,-5.43022807995289,-3.88525304577595
5.44565331219343,3.18433515522954,2.77000416481529,9.45654647395527,14.7831085843992,13.0120945623651,-10.0204220401909,-14.9266180477257,-12.2309968647731,-5.31249282493349,-3.76652456048575
5.44515653667292,3.15204470539107,2.64928841763388,9.22753471620836,14.6489786301839,12.7850672246261,-9.91659633676402,-14.6752495576014,-12.0973654827899,-5.21810591154732,-3.68604751198897
5.44565331219261,3.1421091823549,2.54595971205608,8.99852295795569,14.4994485700476,12.603743420823,-9.81575127557986,-14.4387843382078,-11.9557857660024,-5.12669963772671,-3.60060274439959
5.45062106739978,3.11627682245809,2.43716650756968,8.79683364361354,14.3419700680551,12.4015549599934,-9.70795138271215,-14.1913900542812,-11.8221543841092,-5.00747406308566,-3.52509341497788
5.49980184389124,3.12223813628271,2.31048948851315,8.61402165401405,14.2033691151639,12.19986327654,-9.61704179561424,-13.9728087596109,-11.6686521649358,-4.84900340371057,-3.38798436936552
5.48390502723783,3.09888965715487,2.18033506112288,8.39097115580925,14.0101226249643,11.9852553766565,-9.48589353901129,-13.755221016196,-11.5707882906225,-4.77548096614103,-3.2742236033699
5.48291147619807,3.09044446257098,2.07352894691284,8.1594755380905,13.8273084646337,11.7622022583315,-9.34182916622375,-13.5341558435434,-11.4485826406399,-4.69848111609381,-3.19523687061789
5.50476959911048,3.11727037476866,1.9612583337686,7.97716031973331,13.6494620800818,11.5441169152944,-9.21862928896898,-13.3274971653336,-11.2776934391404,-4.5842232740684,-3.12519203223581
5.51073090535043,3.12670912166255,1.84948449306985,7.80179990499331,13.4750931386539,11.3359671228572,-9.08996490111313,-13.1113997499082,-11.1515136217573,-4.46002996754558,-3.04421821192582
5.512221231913,3.10584452327373,1.7377106524368,7.60607185003625,13.2987370865995,11.0965203448752,-8.93894569697849,-12.8848700456107,-11.0362627649665,-4.37160433334387,-2.95281218170642
5.48787923141884,3.08497992485923,1.65773025973083,7.40438253419136,13.1149293703183,10.8595574543155,-8.81077808308491,-12.664798425302,-10.9284634722475,-4.29510125664232,-2.84699976628414
5.46304045538105,3.05268947497623,1.54794350948821,7.19275778392112,12.9107537716696,10.6399817777002,-8.65081695266382,-12.440752599902,-10.8340769948068,-4.20568207598174,-2.74615506997136
5.44664686322644,3.02735389121489,1.45753089158952,7.00895224937019,12.7319138312107,10.4040124419344,-8.47048810082438,-12.2211777559109,-10.7491291652172,-4.12222417419014,-2.65673612736795
5.46353723092363,3.03579908579967,1.37009890939433,6.82614025825835,12.5297253426599,10.1879142079625,-8.3040689126441,-12.0100480984359,-10.6274202865774,-4.0273404882513,-2.55142048397191
5.44764041429024,3.0045021882035,1.30502169531378,6.62892188716945,12.3315110750764,9.93207376961801,-8.11082394487653,-11.7869958252841,-10.5290596419033,-3.9726954336075,-2.49031753990408
5.47347274134702,3.00648929281103,1.22603484766839,6.47045170987289,12.1506840234784,9.70355609633733,-7.94688862546876,-11.5679177573321,-10.3959250319337,-3.88377302639489,-2.40139536936052
5.48092437414428,2.99108923209139,1.13959641055767,6.29807192412192,11.9514762001832,9.4963998576407,-7.7650694531854,-11.3458590358844,-10.3040224094728,-3.79186997998161,-2.3204215491765
5.52066641575546,2.98065693290705,1.07054501537726,6.11476316066381,11.7641910393712,9.27881129017611,-7.58623092318922,-11.1233035387422,-10.2250358313677,-3.71884431609824,-2.25683474565977
5.56636976354901,2.96873430525099,1.02136452523556,5.94337691814193,11.5778994336495,9.06768083060938,-7.40590207226168,-10.912670657983,-10.1197203938484,-3.63240577524776,-2.18331250406758
5.63293768325549,2.98363758981632,0.969203399353772,5.7878873705786,11.3697496125195,8.86797625461483,-7.26183770107886,-10.7179345985131,-10.0054630795841,-3.5429865950218,-2.12419664769358
5.70795078674502,3.01145705436486,0.89766814096058,5.65028160465878,11.1809741184137,8.68218144989785,-7.09343141909613,-10.5147533530903,-9.88226388861877,-3.46201255963494,-2.05812598470416
5.7625960939964,3.03281842890783,0.818184520430182,5.53354025085071,10.9847469596521,8.48048976327237,-6.9285025531956,-10.3150495375135,-9.7620453232623,-3.38302561707565,-2.01739068873866
5.81575107458083,3.02188935355133,0.750623443003194,5.39841834329116,10.7895133562097,8.25296564364134,-6.77798012453263,-10.1391909538503,-9.66169759520731,-3.30900640687135,-1.95281034144436
5.87983511662486,3.01195383051009,0.673623685581528,5.27621250047347,10.5957700852176,8.03488029749823,-6.61354803264924,-9.95935816506328,-9.57178205677089,-3.22902591805265,-1.91853308021841
5.96776438350483,3.02089580125613,0.61748837857781,5.16096146155506,10.388613818559,7.8535564900286,-6.44812239351077,-9.78946088968672,-9.47242787072378,-3.15202606859963,-1.86686880239027
6.03383552758936,3.00847639745629,0.54495957475421,5.01987829324847,10.1894059933917,7.64739380465668,-6.30107738101024,-9.59720870964795,-9.39195098005368,-3.06260688859087,-1.85047532963304
6.13517773341721,3.0164248158935,0.482366223466831,4.92400135124999,9.99069494578798,7.43874723149838,-6.15055495288756,-9.42532433193059,-9.29557741965756,-3.00249732874982,-1.79036592949435
6.20969406127221,2.98959890368386,0.410334192222357,4.80676322522891,9.77708056930411,7.22513288252291,-5.99208414584895,-9.22462696616438,-9.22404240579447,-2.96474256386127,-1.75509512446825
6.30606851178742,2.9940698890556,0.340786024100712,4.70492502245363,9.57588563322836,7.02940252540452,-5.83907784950981,-9.05373614006111,-9.14008811873617,-2.91754910781921,-1.72280495084459
6.38704292134673,2.98761179907845,0.25335404130892,4.59265461355576,9.3736971414726,6.824730172161,-5.66868447404826,-8.87290980087717,-9.06408216656623,-2.85743954801986,-1.70690824998786
6.49633353530977,3.00152153134032,0.206160641508621,4.48535192178292,9.17101187218651,6.61459326562472,-5.51220076211428,-8.70798028293168,-8.96174735529429,-2.79087193637056,-1.70641147808615
6.6210241905111,3.00847639746638,0.148038243758917,4.37059765418252,8.98521704165702,6.44072112061934,-5.36018801355672,-8.55447660519298,-8.87034150443354,-2.73125914975532,-1.70889533759489
6.76956007025209,3.06262499804631,0.0809739386927092,4.293598037333,8.76961555376591,6.29168785331417,-5.20618817035299,-8.4059406840763,-8.74316814683129,-2.67015604356681,-1.69498572434703
6.85252158180777,3.07256052108754,0.0288128124978678,4.17934054133854,8.58233039006983,6.10887371196507,-5.03877543786398,-8.24746925003627,-8.65772354714552,-2.65177543438374,-1.69746958385503
6.9240572563353,3.07901861106867,-0.0402385830989815,4.07203784933315,8.39256133820365,5.92804668068289,-4.90961427923327,-8.09197847007539,-8.56035644529914,-2.61104003028578,-1.68803091772155
7.00006391059804,3.08597347719739,-0.0968706630135043,3.97218673313286,8.19583739923414,5.76808430671357,-4.75511766266362,-7.94592642759925,-8.46944736548799,-2.59216264789439,-1.68256642680417
7.06116729921263,3.08696702950185,-0.129160884006468,3.87630979067346,8.01699745474673,5.60017349175636,-4.62893714632921,-7.79937760965044,-8.38002859852626,-2.56285302787698,-1.68455351441042
7.10090934064681,3.09888965715437,-0.183309100799519,3.79632954328903,7.82921551265301,5.43971433999326,-4.50275663012359,-7.680151452753,-8.27819055839946,-2.5027434681466,-1.68753414581971
7.09743191202626,3.11230261326446,-0.208644504972177,3.73323953447954,7.64888523493902,5.29564884769075,-4.38005352977814,-7.56539627676712,-8.1818169985429,-2.46498870339906,-1.67412130447706
7.05967697263163,3.11925747939362,-0.25782499549158,3.66716889531942,7.47153562259438,5.15357046552659,-4.21810530853082,-7.44617011998568,-8.09041114795049,-2.44611132102277,-1.64630207799507
7.01347684951313,3.10187031406499,-0.316444165953576,3.58917573473323,7.29170212218918,5.00602753004751,-4.08546673471827,-7.33340204677595,-8.02632769844042,-2.41233074206786,-1.61450867630048
6.9518766852663,3.08994768641905,-0.358669839657955,3.51863414999307,7.10541051234878,4.83761993696645,-3.96723459783838,-7.22113074926369,-7.95081851761016,-2.35669214139915,-1.5464509258244
6.85450868392778,3.03033454815896,-0.39344392387127,3.43467972870211,6.9295512325295,4.66970912135716,-3.84304117685907,-7.0840206692423,-7.89766402853981,-2.34278249123791,-1.51416075223448
6.7755213765246,3.01443771129095,-0.441630869165957,3.38251869770432,6.74872417630391,4.51372096703626,-3.74517676125824,-6.9762203527824,-7.79234859222078,-2.28118261194584,-1.4679609654143
6.70398570199707,2.99108923212001,-0.463488864953322,3.3378092425316,6.5609422332003,4.38207491318254,-3.60955754569278,-6.87090391466684,-7.71832972429798,-2.23895688827979,-1.42325149429011
6.59469508795362,2.96227621528757,-0.495779086042292,3.26925474455223,6.40892827906771,4.25241596952179,-3.47294478294885,-6.75416163660738,-7.66169783872317,-2.1962343913594,-1.36612272565923
6.47199153506,2.92253412307623,-0.519624172353676,3.20268733345421,6.23455933169088,4.10288592325688,-3.34626749381712,-6.64834842297979,-7.57724678140462,-2.12420227456341,-1.30651009752057
6.35326218609265,2.88378558318332,-0.53104994289184,3.1266812595554,6.08552604309077,3.95981398517306,-3.2106482785657,-6.53409002330703,-7.52707291792331,-2.08843460274978,-1.24640069748202
6.28669426669426,2.83907572945315,-0.55439825657483,3.05166872913617,5.92208620324147,3.79935483237987,-3.08198389489046,-6.43076068793493,-7.46149915581247,-2.03627341473762,-1.19572996356702
6.22459732677962,2.80281107032838,-0.578243342938868,2.96423690554994,5.78944657619923,3.64286989999821,-2.99256463224876,-6.32544425005384,-7.39095768444555,-1.99802187682328,-1.12469158175741
6.14908744795528,2.76604963501962,-0.591656204005409,2.90412752680069,5.65581339393713,3.50724962516877,-2.86638411724331,-6.19777290804762,-7.34873215581095,-1.96225420505544,-1.07998211067297
6.09891312051591,2.71835912437511,-0.610036791415622,2.82961176800111,5.50976077063796,3.38007456884045,-2.73126167604466,-6.09046936766931,-7.3065066271816,-1.93691877087743,-1.06011123464638
6.0492355686703,2.69153321210854,-0.61997224406116,2.75857341124783,5.37662436570318,3.24644140409543,-2.60855857695755,-5.99856587254488,-7.25583599287235,-1.86041569517623,-1.01490499167025
5.9861450776767,2.64384270143973,-0.615998063000721,2.66915450064819,5.25093962513378,3.12522767837874,-2.48287483587392,-5.90119784528911,-7.23795223959029,-1.82862220916969,-0.957776223105476
5.91311907639083,2.6190038937855,-0.628914151433837,2.58420653554356,5.12475810684336,2.99606551162876,-2.36017173695584,-5.81724276059676,-7.19870733657465,-1.80080290892435,-0.926479593352331
5.88877707592685,2.62844264068279,-0.634378650393469,2.54595511265543,4.98864103584577,2.86491623456654,-2.26479119049018,-5.74570706715397,-7.12518523975204,-1.73870625659845,-0.908595804930415
5.84953180989776,2.60757804224481,-0.655243100943571,2.49578116832259,4.85053685424894,2.76108972348661,-2.15053324419375,-5.66125520692596,-7.1013402353973,-1.72380306005474,-0.887731385105729
5.83611887085853,2.59913284764425,-0.679088187309013,2.45653620194757,4.72882633442104,2.67117298418298,-2.0650881713724,-5.59617759697806,-7.05762439405093,-1.68555152221893,-0.848486404970645
5.76060899192891,2.58671344381516,-0.712371953678919,2.38947201888325,4.61754814484115,2.56684969541111,-1.93642378861534,-5.50725475592014,-7.0347729315477,-1.6656805934908,-0.822654266140081
5.7501767060085,2.56187463616303,-0.705913909451997,2.33631744412902,4.47696007479097,2.46997807008969,-1.79832070607331,-5.4178351392996,-7.00546344703889,-1.61550649842351,-0.824641353741198
5.73427988938558,2.54995200848292,-0.714359044203067,2.28514995629043,4.33289456133821,2.34975789908417,-1.71983046490121,-5.37759631183733,-6.96671531495857,-1.58669365177156,-0.798312443018032
5.70000237850424,2.55790042693042,-0.727275132665468,2.23149860978208,4.22410025963206,2.24742172045325,-1.62246282407688,-5.29960253517515,-6.9234962445715,-1.55291307292113,-0.775460935601309
5.68062813325837,2.56982305460825,-0.736217040051456,2.2026858496281,4.10189296180289,2.16843408740846,-1.56284998271647,-5.25240884865861,-6.88027717423276,-1.50820348337101,-0.747641709183304
5.66820874524922,2.56435851692125,-0.756087945363013,2.16344088318258,3.97819533100279,2.10335622621656,-1.48336619434099,-5.17888605289092,-6.82463883079089,-1.48088095637748,-0.739693358781634
5.64088609165344,2.5425003661637,-0.77496530539843,2.1261830036364,3.87337525025664,2.00251038015298,-1.38997274309237,-5.10337615454265,-6.80973570308361,-1.45653906869687,-0.720816026563027
5.63095058125334,2.52809385774,-0.802287800223144,2.07948646130973,3.75315506271023,1.93246474324509,-1.30204380226615,-5.03333078830183,-6.7690004873929,-1.41630043810016,-0.678093643147425
5.60710535629494,2.53405517158132,-0.815700661304693,2.02434479957037,3.63541876327479,1.84354155875547,-1.19275359344244,-4.97222738377752,-6.73422652275988,-1.40090046835084,-0.669648520840947
5.59418919276906,2.53306161927517,-0.824642568700424,1.98957077866711,3.51569535326836,1.74766348829618,-1.11724399454187,-4.91658851132317,-6.69796224535192,-1.36215215737642,-0.662196942339224
5.57431817196115,2.5117002446737,-0.829113522396906,1.95877093155446,3.39746227617663,1.6681790774973,-1.05067632196984,-4.85101412599928,-6.65921411334093,-1.33880381614794,-0.62642936552818
5.53507290584159,2.52312609619696,-0.867365015161644,1.94684841009478,3.30406808069756,1.58819788911511,-0.988579612538281,-4.8023301126789,-6.62294983595729,-1.32141675353237,-0.584700525928239
5.4630404553955,2.50226149774215,-0.894190737340146,1.89766800903859,3.2037189983138,1.52461036040452,-0.894192614112659,-4.71936857977896,-6.593143580562,-1.30999096952755,-0.569797368923847
5.44118233249071,2.4987840646717,-0.902635872109372,1.88574548757265,3.10436347113599,1.46549382983039,-0.830605583653863,-4.67714264986955,-6.54446003012294,-1.26776524605061,-0.553403896220981
5.37560796385766,2.47940979469214,-0.923003550061815,1.85742949910484,3.0169306072004,1.37806097785333,-0.737708906259851,-4.60759405942252,-6.50769898186235,-1.27819748360272,-0.551416808620536
5.34828531021635,2.47891301853871,-0.937906729060844,1.84997792318872,2.92999452084906,1.28864101562081,-0.665676723346995,-4.57828429632241,-6.47540887190012,-1.2538555959513,-0.52012017893139
5.30953681961241,2.47791946623107,-0.956287316484048,1.82861673888413,2.83212932649212,1.22853092983338,-0.603580014007728,-4.55692294355344,-6.44709292928691,-1.23249434760471,-0.504223478123568
5.26731090036903,2.44364191167004,-0.959267952285785,1.81421035878251,2.74419968473999,1.14854974133961,-0.544463946687459,-4.53009705867702,-6.43069948884943,-1.22255888327322,-0.503726706223692
5.22160755247011,2.43022895552493,-0.983113038679315,1.7943394896498,2.67117337209129,1.07751054902318,-0.500251089669539,-4.48886468012283,-6.40288031718656,-1.21610083144664,-0.477894567416445
5.18037518424778,2.41731277554116,-1.000996853485,1.75012680584222,2.5901986172082,1.01292946507697,-0.418283433325912,-4.45260005798387,-6.36711281076641,-1.19722344920623,-0.459514007118933
5.15106542852801,2.42178376092448,-1.01987421354988,1.72429467596906,2.51617874926917,0.954309711943124,-0.360657687118544,-4.42825805136692,-6.34227426464501,-1.18281702590963,-0.463488182318367
5.10834273369663,2.40539014786764,-1.01937744091601,1.68654002463293,2.42179099808553,0.890722183100106,-0.311973867073599,-4.40490959604224,-6.31197123838858,-1.171888015131,-0.453552744325664
5.09592334566823,2.40389981940587,-1.02533871251703,1.67610781833266,2.34429368660058,0.840547648607259,-0.260806178659716,-4.3909998779859,-6.28713269225977,-1.13413325064314,-0.452062428625572
5.05717485501848,2.39048686327215,-1.02980966622009,1.66021112303364,2.2518930458918,0.772985899200294,-0.198212695770621,-4.36864497395335,-6.27272633551992,-1.132146157776,-0.405365870059208
4.97669722055776,2.33981569555745,-1.05166766209885,1.61252103710205,2.17538928964138,0.706417704866491,-0.109290208231704,-4.33387067882316,-6.29160363056421,-1.15499772576767,-0.373572468467321
4.95632942418802,2.32739629171833,-1.05464829790024,1.56483095117283,2.10236297682049,0.655746392785935,-0.0526580094537771,-4.30108348625507,-6.29359071425269,-1.14257839534552,-0.375559556065806
4.96278750595941,2.33633826248563,-1.05911925160081,1.56582449462937,2.02039466646549,0.614513854513571,-0.0238451363929093,-4.25786400514315,-6.23099757809206,-1.10233976480563,-0.342275838772658
4.93000032155775,2.31746076864797,-1.07749983905649,1.52061826734625,1.95482001813286,0.571294205961219,0.0417289884753723,-4.19924447906055,-6.22056538872975,-1.12072037382306,-0.343269382572418
4.97421334289603,2.32242853018409,-1.07203534008833,1.51515377833128,1.88378081578201,0.539003663929256,0.0774966929499633,-4.19079929310241,-6.17983017315035,-1.08246883612692,-0.326379137977919
4.94689068921818,2.30901557403955,-1.07650629379271,1.50670865894113,1.83360627425173,0.497771125625966,0.14009017572539,-4.14559270943488,-6.15548839798433,-1.08246883612692,-0.291605105008848
4.94142615848706,2.30106715557973,-1.07402243062507,1.50074739819641,1.7630638495234,0.452067589184358,0.193741732373804,-4.11976037591554,-6.1366111029527,-1.05961726816204,-0.285643842209865
4.9533487710053,2.30305426019329,-1.06756438638617,1.49031519189353,1.70692797624423,0.42176415741045,0.252361025723121,-4.08200542693923,-6.12071443345949,-1.03726247340753,-0.299553455400434
4.9513616689202,2.31199623096249,-1.06756438638617,1.4932958222656,1.63936621727392,0.384009062078895,0.298064203601263,-4.06660538195989,-6.07600505050538,-1.02335282335232,-0.265772966215244
4.91609060686757,2.27871222867154,-1.0735256579921,1.46001211644214,1.58223678866962,0.349731409733048,0.353702854876074,-4.01295361238665,-6.06954702852192,-1.01937863761866,-0.269747141409974
4.98464562883153,2.31348655946796,-1.06657084111852,1.47491526830804,1.51119758618056,0.338802303182871,0.370096386050523,-3.99954066999591,-6.01589576896899,-0.965230356988187,-0.24739240593285
4.9612971793146,2.32193175407927,-1.09041592754857,1.48137330078431,1.44959715883616,0.29707298727097,0.42523826363731,-3.95830829154182,-5.98907013919119,-0.954798119439975,-0.236960196042055
4.93496807669795,2.30553814100329,-1.0933965633496,1.4461025080469,1.39097739728965,0.268259888194947,0.487831746335248,-3.91707591309931,-5.99850878669494,-0.964236810546475,-0.22305058285423
4.93745195430561,2.31050590254099,-1.10333201603669,1.46050888818124,1.33136408044093,0.214111133001547,0.518631713994217,-3.9046565220028,-5.95429617469603,-0.951320706910709,-0.179334655691264
4.86392917720667,2.28218966177097,-1.12320292138395,1.44610250804366,1.30304775495949,0.157478489947567,0.579238101969987,-3.87087577820692,-5.9682057604943,-0.93641751042696,-0.16741213010002
4.86740660585819,2.27970578100262,-1.13661578250421,1.44610250804366,1.24045377228357,0.109787843146384,0.614509032644695,-3.85249507938316,-5.97168315694478,-0.926978819313922,-0.17784433998714
4.8703872589844,2.28318321407912,-1.13909964567185,1.44759282323001,1.19027923060318,0.0655746393314459,0.631399337482503,-3.82765629718538,-5.92697377404618,-0.920023994286691,-0.145057394610757
4.85449044229218,2.26430572024347,-1.15946732366448,1.43865093210891,1.1500402416975,0.0193743252413561,0.659715436744103,-3.81821755995276,-5.92598023220327,-0.922011087152674,-0.124192974826962
4.88578730011466,2.2737444671628,-1.15897055103098,1.41629620430754,1.11327869628152,-0.021361435578175,0.697967009444505,-3.79039812389197,-5.91654158470351,-0.924991726449345,-0.112767221139299
4.92552934186063,2.28765419946925,-1.16940277634643,1.40735431318131,1.07800748375907,-0.0471938692626868,0.71634763527441,-3.79486910468408,-5.87779345284652,-0.919527221066948,-0.122702659128081
4.91559383144244,2.30255748408046,-1.18927368170715,1.39344470477348,1.0303168302012,-0.079484411372028,0.742179866185769,-3.7824497135898,-5.88375470390085,-0.921514313931342,-0.138599359910358
4.94291648513035,2.29758972254476,-1.18877690907285,1.38499958538101,0.980639066078413,-0.10929106563954,0.771986286432857,-3.80629494449235,-5.85841938692152,-0.913565942469954,-0.132638097117005
4.94043260752361,2.29659617023676,-1.20666072389012,1.3735738356076,0.947354964108454,-0.167910819039646,0.804276575041417,-3.79884330984339,-5.85692907415747,-0.904127251363454,-0.1400896756098
4.95483909764326,2.31348655945706,-1.19672527120302,1.34923202089177,0.908109530421372,-0.192749697609885,0.840541053024165,-3.79536588033779,-5.88276116205508,-0.901146612064163,-0.156979920189065
4.98265852684063,2.33782859099827,-1.19821558910501,1.33532241247318,0.838560660651163,-0.208149802323272,0.872334567946524,-3.77847550846186,-5.84550334297431,-0.905120797791999,-0.161947639184926
5.01147150707798,2.36813193635413,-1.18331241008316,1.33581918420211,0.778450565996037,-0.220072464038478,0.897173251478932,-3.76953354687821,-5.83159375717604,-0.898165972764397,-0.17337339287436
5.01494893572479,2.37608035481277,-1.19523495329292,1.3248902061663,0.724301803054107,-0.227027350039305,0.932940955789209,-3.77797873282189,-5.8310969862555,-0.886243415580891,-0.175360480472061
5.01395538468119,2.37856423558149,-1.20119622490517,1.3134644563946,0.677604704718461,-0.215104688330063,0.973179623084601,-3.7784755084656,-5.80178750191196,-0.88674018879742,-0.161450867289725
4.96328428152089,2.35124154712035,-1.21659617655043,1.2816710657005,0.643327047446631,-0.231001570619987,1.03676665284888,-3.76009480966155,-5.82016802599455,-0.901146612071375,-0.175360480475197
4.97570366955386,2.35819641327047,-1.22255744816215,1.29210327201406,0.590171839727234,-0.258324337047534,1.07998596215903,-3.75512705322593,-5.83556792454411,-0.885249869149872,-0.188276549864801
5.01494893568331,2.37657713094456,-1.21212522284486,1.29260004374308,0.551919961272166,-0.275214774476001,1.11823753478684,-3.7655593417446,-5.79731656364303,-0.855443476206192,-0.194734584559648
5.02389089506575,2.39247396785508,-1.217589721823,1.28266460915911,0.494790532381496,-0.283659993191907,1.1485407286543,-3.74370121341614,-5.80079396008927,-0.860411208369162,-0.198211987855648
5.05021999768495,2.38800298246854,-1.21212522284904,1.27918720705286,0.454054765717538,-0.294092322201955,1.19275358527086,-3.74568831598892,-5.79930364732533,-0.874320858422514,-0.202682934952081
5.04624579351482,2.40191271475846,-1.21908003972939,1.27620657667744,0.409841555523975,-0.304524651209176,1.23249547886698,-3.74121733519692,-5.78241343600389,-0.8777982709384,-0.189270093667886
5.04972322216237,2.39644817706774,-1.22504131133866,1.25136799019148,0.378544564050072,-0.324892531651845,1.27968897747669,-3.73525602747951,-5.81271646218432,-0.891211147776096,-0.208644197758436
5.06810391643479,2.39595140091468,-1.23398321875019,1.2518647619204,0.357679903054011,-0.315453757793482,1.30204379262665,-3.74072055955792,-5.78589083245782,-0.878295044160286,-0.203676478762575
5.08648461070293,2.39744172937537,-1.23696385455395,1.23149712101946,0.328370022135611,-0.344266856961388,1.33532762851844,-3.71886243124063,-5.79681979271243,-0.892701467424649,-0.2389472836404
5.12572987689551,2.40837080475461,-1.246402534611,1.23547129485384,0.293595587135403,-0.377550954247936,1.35271470695168,-3.71339789916054,-5.80725198205012,-0.870843445909909,-0.255340756320159
5.15553640817842,2.41780955168115,-1.25037671568302,1.2553421640436,0.229014493568302,-0.390467171116308,1.35271470695168,-3.73078504667744,-5.79930364730963,-0.866869260178052,-0.278192263708207
5.18037518422632,2.43271283628161,-1.25584121466229,1.25881956614691,0.217588607778764,-0.393447836546663,1.3735792010644,-3.73724313004399,-5.77396833034729,-0.87779827093513,-0.284650298404784
5.18832359254902,2.42426764167639,-1.26925407578571,1.24689704464704,0.168407621088316,-0.419280270283944,1.39742433720699,-3.72432696330742,-5.78241343599448,-0.915553035338503,-0.305514718196224
5.21216881755362,2.43966770242316,-1.28366048219112,1.2493809032935,0.139097740117109,-0.431699709577478,1.4113339999488,-3.73624957875626,-5.77645218494415,-0.905617571013887,-0.311972752889706
5.22558175661337,2.45457098704165,-1.29757011594649,1.24043901216034,0.0914070863584162,-0.435177152581842,1.43219849404489,-3.72631406589441,-5.76900062112614,-0.912572396044454,-0.316443699986706
5.26035604308111,2.42178376091647,-1.29906043384979,1.23845192524315,0.0596133171712466,-0.449583702170751,1.4515726671413,-3.72730761718144,-5.76651676652125,-0.908598210312066,-0.35022418915666
5.30059486025415,2.44215158321176,-1.30601525072993,1.26676791383467,0.0213614386379572,-0.457532143323832,1.45306298814802,-3.72631406589538,-5.72876217653299,-0.880282136999355,-0.354198364356038
5.29662065608826,2.41135146170154,-1.33780869934267,1.24093578391443,-0.0163936622662913,-0.491313018202596,1.50125003404389,-3.70942369402161,-5.75211040981144,-0.914062715705751,-0.373075696544036
5.32593041178588,2.4153256709296,-1.35320865100381,1.25285830541995,-0.0556390961043158,-0.486842020053568,1.52410162282961,-3.70743659144853,-5.74912978428686,-0.895682106715247,-0.379036959343775
5.35971114719466,2.43619026936668,-1.33830547196878,1.25633570752438,-0.0993555287600942,-0.497274349063399,1.53055968052913,-3.69899140550959,-5.75360072257611,-0.911578849632516,-0.403378782427785
5.40839514821552,2.44264835936686,-1.34128610777341,1.26726468557029,-0.109787859278571,-0.497771126635399,1.54546289059776,-3.68259780927895,-5.7188267581236,-0.884753095964625,-0.41927548322821
5.42230486279184,2.43569349322117,-1.34078933513886,1.26478082692513,-0.155491402500709,-0.519629339802728,1.5335403225363,-3.67266229640822,-5.72925894745715,-0.866372486967756,-0.435668955924835
5.42876294455222,2.41681599938671,-1.3323442003562,1.25931633790197,-0.163439844805244,-0.511680898649812,1.54943707994721,-3.65378482196251,-5.72131061273028,-0.837559640442485,-0.435668955924835
5.4362145773616,2.38452554942215,-1.31495715814432,1.25832279444343,-0.195233614041966,-0.523603560377694,1.5742757633881,-3.62745571285608,-5.72776863470156,-0.853456383364414,-0.454546288112568
5.46055657785954,2.37707390711409,-1.30402816019271,1.27570980497644,-0.203678833990019,-0.544964995987067,1.56980480036954,-3.63490734750199,-5.71286550707387,-0.831101588632536,-0.46050755090945
5.46403400650372,2.37608035480655,-1.30899588653801,1.26229696828021,-0.222556384468346,-0.550429549281691,1.59265638912323,-3.61901052691572,-5.69746560853043,-0.819675804656639,-0.457030147611048
5.47049208826635,2.34180280020186,-1.30253784229207,1.2439164142868,-0.252363043115433,-0.558377990437424,1.61799184621866,-3.61901052691572,-5.70442040141765,-0.83656609399589,-0.455539831911229
5.47695017003561,2.35372542788804,-1.2816733916332,1.24341964255723,-0.28813103351023,-0.567319986736878,1.61203056219727,-3.64335253344435,-5.69796237944429,-0.810237113528291,-0.436165727823683
5.45707914922732,2.29908005094313,-1.2816733916332,1.22851649067422,-0.311976360436028,-0.573281317602434,1.65524987134344,-3.61851375129798,-5.71038165246628,-0.8345790011142,-0.437159271623738
5.47744694555522,2.2911316324931,-1.29309916222554,1.22553586029903,-0.332841021509315,-0.572287762458444,1.6721401760851,-3.62944281545495,-5.6711367497392,-0.798314556353982,-0.446597937722061
5.50874380330554,2.2906348563393,-1.30104752437381,1.216593969171,-0.370099344833144,-0.570797429742474,1.67959178111481,-3.62546861031021,-5.68802696103716,-0.802288742080124,-0.446597937722061
5.51321478298918,2.27920900480974,-1.30353138754671,1.20318113248181,-0.396925337641656,-0.561855433444325,1.72082399562726,-3.61702342437408,-5.68802696103716,-0.821166124293376,-0.447094709622078
5.52364706890636,2.28318321403932,-1.29657657067005,1.2051682193995,-0.420770664573843,-0.571790984885884,1.74268203704443,-3.61702342437408,-5.68603987735593,-0.831101588607406,-0.456533375722265
5.57183429435479,2.29659617018385,-1.300053979111,1.21510365398272,-0.426731996311246,-0.569803874597489,1.74864332106516,-3.63987510397384,-5.65225945476002,-0.791856504543463,-0.442623762530324
5.56984719227419,2.27771867632615,-1.30750556862269,1.18579412193258,-0.449583767952922,-0.566326431590007,1.78689489352155,-3.63490734754292,-5.65524008028467,-0.797321009919892,-0.439643131131757
5.54798906936008,2.25635730170382,-1.31247329496945,1.1887747523103,-0.483861425445076,-0.573778095175604,1.78888198819442,-3.62050085389784,-5.69895592134216,-0.838553186909345,-0.443120534430159
5.56587298807888,2.26082828708989,-1.31048620443274,1.18231671982209,-0.50720997474905,-0.574274872747926,1.78739166718979,-3.6125524436112,-5.70243331778668,-0.834579001181086,-0.458023691431188
5.62548605048758,2.2667896009307,-1.31495715814318,1.20318113245311,-0.546455408726626,-0.557881212868157,1.78043683582901,-3.59466852044434,-5.67958185543614,-0.813714526119954,-0.488326777316407
5.65231192857513,2.29858327480509,-1.3119765223367,1.22007137125302,-0.544965075792947,-0.552416659574673,1.75063041573927,-3.61901052694747,-5.64282080731341,-0.790366184965501,-0.491804180616818
5.63641511193034,2.26132506328458,-1.31147974970209,1.21709074087738,-0.551919962822119,-0.567319986738876,1.76950781513774,-3.58522978320942,-5.65573685124041,-0.830604815457154,-0.475907479821099
5.62548605049807,2.25685407789993,-1.30651202335899,1.20119404552875,-0.570300735686946,-0.582720091475058,1.77646264649603,-3.5812555780655,-5.65524008031967,-0.848488651235272,-0.474417164120755
5.65777645930121,2.26082828712824,-1.29508625276664,1.19076183920868,-0.602591282632882,-0.599113751357562,1.76404330478531,-3.58373945628162,-5.66219487321173,-0.835075774397575,-0.47541070792081
5.63989254058346,2.23847336020311,-1.31495715813614,1.18529735018457,-0.627430164883556,-0.613023523382705,1.77248845714396,-3.58175235370946,-5.66666581149476,-0.846501558365254,-0.470442988920396
5.59269886617612,2.20518935790439,-1.31595070340511,1.13462663375826,-0.649785158914336,-0.63786240199955,1.78540457251547,-3.54250707789162,-5.69051081567419,-0.876307951317667,-0.493294496310055
5.59120853961557,2.21164744791005,-1.30005397911748,1.14207820970731,-0.664191710614638,-0.634881736564969,1.78391425151219,-3.52710703296382,-5.68007862633986,-0.869353126293399,-0.517139547505651
5.62349894845938,2.22804106099405,-1.2791895284709,1.14903301392025,-0.699462923456566,-0.650281841315923,1.78937876186145,-3.54548773175425,-5.65126591290488,-0.821166124278567,-0.515649231806294
5.64088609164625,2.24691855483692,-1.28713789061917,1.17188451348448,-0.701946811681966,-0.651772174032949,1.78093360949956,-3.54598450739707,-5.63536924344916,-0.812224206393081,-0.507204109504937
5.58027947819624,2.20717646253614,-1.26527989471272,1.14307175317875,-0.688037037605323,-0.67214005449133,1.8142174452733,-3.52909413553236,-5.66318841500979,-0.837062867182789,-0.504720250005169
5.5971698458666,2.20667968638218,-1.25137026095612,1.13313631859231,-0.723308250398274,-0.677107830212627,1.82763033431976,-3.51170698802701,-5.66070456040934,-0.840540279693302,-0.501739618604795
5.60263437658935,2.22804106099453,-1.24342189880434,1.12767182956915,-0.75361168676735,-0.685553048943147,1.83706903401161,-3.52015217395602,-5.66666581145538,-0.833088681447557,-0.500746074805301
5.57282784538674,2.21462810483547,-1.22802194715001,1.11972348189007,-0.768515016129372,-0.700953153689284,1.85594643339918,-3.52015217395602,-5.66716258237611,-0.825140309988499,-0.501242846705409
5.53308580377709,2.20866679099276,-1.23696385456945,1.1311492316689,-0.757089130281118,-0.694991822821614,1.88277221148364,-3.52015217395602,-5.64828528738901,-0.84054027969186,-0.467462357519267
5.52762127305529,2.22058941868882,-1.23795739983854,1.10432355825602,-0.762056906734883,-0.687043381663395,1.89121736383834,-3.51170698802658,-5.66418195684789,-0.840043506475728,-0.474417164120042
5.53060192617832,2.23251204638335,-1.22951226505414,1.14406529664051,-0.773482792582301,-0.67561749749643,1.88873349549838,-3.51220376366935,-5.66567226961004,-0.855443476186474,-0.471933304620448
5.54798906937934,2.26480249638494,-1.24193158090257,1.13462663377125,-0.789876454874336,-0.668662611483858,1.86240449108686,-3.54250707789373,-5.63934341083807,-0.856933795834313,-0.488823549227091
5.55891813082496,2.29311873713933,-1.23646708192797,1.14207820971099,-0.788386121936119,-0.645810843147307,1.86985609610591,-3.55244259076065,-5.61748549032886,-0.86438539407589,-0.500746074823712
5.52315029339914,2.26132506328992,-1.22504131134102,1.12022025360662,-0.797328119550064,-0.655746394596531,1.90214638452715,-3.56138455233357,-5.64629820372665,-0.889224054879493,-0.52210726653106
5.52563417100237,2.29361551328945,-1.24242835353702,1.13164600338802,-0.825644445358948,-0.648791508584395,1.89370123217245,-3.57181684083652,-5.63884663991197,-0.889720828095625,-0.534029792131547
5.52613094652191,2.30901557405715,-1.24987994304806,1.15052332909803,-0.834089665332509,-0.662701280609538,1.90959798954797,-3.58274590498092,-5.6299047633529,-0.874817631626564,-0.537010423531921
5.52116319131946,2.31199623097825,-1.24540898933933,1.14456206834378,-0.848992994710871,-0.656243172168283,1.89121736382773,-3.59764917427636,-5.64679497465966,-0.869353126248243,-0.552907124327191
5.54004066108514,2.32789306790667,-1.25137026094579,1.16642002445361,-0.862405991146005,-0.63339140383888,1.88326898514063,-3.59864272556226,-5.63685955624737,-0.855940249418764,-0.577745719341514
5.57233106989766,2.355712532493,-1.24640253460107,1.17188451347595,-0.900161092234177,-0.616500966388582,1.87184319077619,-3.59814594991901,-5.63238861796356,-0.816695165361094,-0.604074630027929
5.5837569068601,2.35322865172349,-1.23646708191281,1.20367790418354,-0.915064421602735,-0.623952629974334,1.8564432070676,-3.60609436020545,-5.61649194850469,-0.808746793904788,-0.59463596392721
5.5579245797823,2.351738323262,-1.23199612820514,1.1783425459726,-0.924503196872823,-0.648791508605164,1.87134641710223,-3.60261693070633,-5.64232403639973,-0.81023711355489,-0.58917147302872
5.53755678345992,2.32739629172648,-1.23646708191281,1.19523278478812,-0.940400081532231,-0.663694835777446,1.90562380019648,-3.5713200651967,-5.67511091713993,-0.812720979634887,-0.573274772222243
5.52464061993279,2.32342208249986,-1.25584121464893,1.19225215441256,-0.939406526240146,-0.668165833928525,1.90313993185714,-3.554926468969,-5.68653664831222,-0.803282288529393,-0.579732806922098
5.56289233495576,2.35322865173494,-1.25385412411286,1.21460688224629,-0.956793743834043,-0.650778618895102,1.88674640081972,-3.53853287275512,-5.63387893075454,-0.773972668784655,-0.571784456517851
5.5609052328732,2.35869318942276,-1.25435089674729,1.21560042570524,-0.96076796500335,-0.645314065601276,1.89171413749943,-3.53157801375253,-5.63139507615027,-0.776953308081722,-0.573274772218195
5.53159547720341,2.34528023327082,-1.25186703357658,1.19175538270015,-0.976664849668955,-0.643823732883908,1.88128189047333,-3.52561670603664,-5.67063997885591,-0.808250020680505,-0.566319965617715
5.49930506836397,2.35422220403185,-1.26875730314911,1.1848005784846,-0.966729296748836,-0.643326955311576,1.91655282089298,-3.4833907763959,-5.683556022806,-0.819179031438748,-0.569300597017627
5.49085988452315,2.33633826248662,-1.28415725480888,1.17734900254077,-0.952322745022562,-0.655249617045922,1.92698506791909,-3.47544236611007,-5.683556022806,-0.818185485007318,-0.542474914402914
5.45558882258742,2.31944787327744,-1.27322825685566,1.16045876373959,-0.943380747390097,-0.689527269531093,1.94486891996458,-3.45606811603318,-5.71485259081365,-0.840043506497603,-0.534526564004942
5.43770490386134,2.30504136480908,-1.27918952846791,1.15151687260822,-0.95430985560063,-0.700456376127746,1.97467534003384,-3.44811970574675,-5.74316853329605,-0.849482197602344,-0.538500739204937
5.45608559813091,2.32044142557318,-1.29856366120974,1.17635545908984,-0.971200295568535,-0.682075605938441,1.96126245100322,-3.45457778910274,-5.72379446737164,-0.846004785085626,-0.528068529310173
5.45062106740752,2.30603491710145,-1.2911120716976,1.15797490508403,-0.978155182610923,-0.685056271374016,1.96225599833832,-3.45557134038799,-5.74714270065878,-0.845011238653586,-0.525584669809809
5.43820167939452,2.29510584172477,-1.28266693691246,1.15400073124925,-0.989581068472819,-0.676611052644905,1.96672696134889,-3.44662937881507,-5.76502645381112,-0.862398301220044,-0.520120178909855
5.39994996437154,2.28020255711197,-1.27223471160192,1.14009112282232,-0.999516621390275,-0.693501490105769,1.97765598204216,-3.43818419289209,-5.82364542242179,-0.872830538751028,-0.502236390506855
5.38206604562156,2.26033151096833,-1.28763466327667,1.12816860131174,-0.998026288451695,-0.706914484556488,1.99703015507999,-3.41682284025685,-5.83407761176182,-0.887733735243512,-0.503726706207263
5.38206604562156,2.25387342096651,-1.29011852644738,1.12320088401542,-1.01044572960532,-0.708404817273856,2.00895272310933,-3.41235185947114,-5.83407761176182,-0.882766003081468,-0.519623407010378
5.38256282114247,2.21909909020997,-1.266770212631,1.13164600341969,-1.04223949896675,-0.719830701440106,2.00299143909957,-3.43470676338717,-5.82861313162807,-0.875811178052754,-0.5335330202133
5.39051122946333,2.22853783713832,-1.25137026097123,1.12369765574319,-1.05515571775535,-0.719333923867722,1.99504306041356,-3.44414550060195,-5.83854855004036,-0.888727281665466,-0.559861930927556
5.40342739299472,2.24741533095954,-1.2573315325812,1.12667828612091,-1.05962671657109,-0.70939837241767,1.9960366077489,-3.4446422762447,-5.82662604793644,-0.888727281665466,-0.569797368925301
5.43273714867814,2.26033151096608,-1.25981539575359,1.13562017725229,-1.06608482597098,-0.696978933103679,1.98659790806562,-3.43371321210616,-5.79234885441021,-0.878295044128925,-0.605068173844895
5.46999531269765,2.28765419939357,-1.23398321876944,1.15251041604207,-1.07502682360671,-0.693004712524072,1.98411403972553,-3.44613260318141,-5.76055551549799,-0.841533826134698,-0.605068173844895
5.46055657780905,2.28467354246727,-1.23497676403753,1.15201364431195,-1.08595593182097,-0.695488600387336,1.99901724974541,-3.44513905189616,-5.76105228641929,-0.86488216730159,-0.625932593653397
5.47098886374038,2.29361551323039,-1.22305422081865,1.16691679618827,-1.09589148474956,-0.703437041544064,2.00100434441642,-3.46004232118665,-5.75459426444577,-0.859417661921813,-0.614010068056439
5.4660211085384,2.29013808015271,-1.23199612822728,1.16940065483665,-1.10334314944083,-0.718340368725359,2.00845594943077,-3.47295848789386,-5.74912978431379,-0.888230508466272,-0.643319610166109
5.50079539498525,2.30255748399446,-1.21013813230602,1.18678766537053,-1.11625936824548,-0.726288809884904,1.98858500272503,-3.487364981529,-5.74465884602454,-0.872830538757577,-0.640338978765357
5.51420833402473,2.29808649860754,-1.21361554074563,1.1808264046133,-1.12023358941624,-0.753114798813473,2.00150111808128,-3.46848750711174,-5.75757488996981,-0.875314404838433,-0.618977787062828
5.51420833402473,2.30007360322359,-1.20864781440589,1.1679103396406,-1.11526581295025,-0.756095464249048,2.02236561210682,-3.46053909682754,-5.76154905733966,-0.896178879932357,-0.604571401959903
5.50476959914345,2.30603491707111,-1.20069945226442,1.160458763691,-1.12023358940958,-0.774476234434137,2.01441723341732,-3.44712615447107,-5.77893603957304,-0.901643385309659,-0.611526208566954
5.5445116407377,2.31050590244759,-1.17089309423563,1.1917553826301,-1.12420781057996,-0.762056795127398,1.9980237023772,-3.46053909683028,-5.76204582827131,-0.893198240639921,-0.630900312670614
5.5564342532095,2.33484793397898,-1.15996409627983,1.18976829571236,-1.13563369644631,-0.767521348424756,2.00448176005576,-3.46650040454145,-5.7809231232495,-0.901146612095804,-0.592152104451
5.508247027734,2.27573157170479,-1.15797700574423,1.15002655736062,-1.13414336350674,-0.770005236286933,2.03329463277988,-3.4342099877623,-5.84550334296787,-0.950823933726831,-0.631893856447582
5.53606645686938,2.2951058417189,-1.14506091726357,1.15698136158121,-1.14308536114095,-0.783418230753035,2.0218688384324,-3.43520353904755,-5.83457438270214,-0.947843294427302,-0.643816382057988
5.55395037559891,2.29709294633247,-1.14754478043348,1.15201364429034,-1.14606602702047,-0.802792556083668,2.02137206476467,-3.40887442997542,-5.83457438270214,-0.953307799807079,-0.663190486155093
5.58326013127666,2.30206070787186,-1.14655123516561,1.14356852488459,-1.14407891643587,-0.798818335501078,2.01392045975032,-3.40887442997542,-5.85494199047439,-0.940888469394526,-0.636364803545297
5.56388588597638,2.28715742326096,-1.14555768989714,1.12618151435071,-1.1475563599616,-0.809747442099782,2.04720429547009,-3.40291312226303,-5.88673532944187,-0.961256171270029,-0.609042349050151
5.51619543602632,2.26877670555018,-1.13909964565272,1.09637521053778,-1.13464014115946,-0.803786111224156,2.06906233682117,-3.40490022483241,-5.9364124216168,-0.994043203568343,-0.61251975234968
5.5450084162229,2.29361551323659,-1.14704800779701,1.10233647129545,-1.15600157997182,-0.803786111224156,2.0606171844804,-3.39546148762414,-5.96125096769625,-0.990565791051067,-0.630900312654449
5.57779560053244,2.286660647081,-1.15400282467059,1.12369765567685,-1.15947902349407,-0.788386006473523,2.07601716818814,-3.40241634662264,-5.95280586203815,-1.000998028594,-0.602087542434176
5.55693102870314,2.27573157171476,-1.17337695738331,1.09736875403296,-1.17984690700438,-0.793850559767691,2.1097977775879,-3.39248083376307,-6.00099264137784,-1.04123665911352,-0.588674701130507
5.55096972246793,2.26480249633646,-1.15449959729452,1.09240103673775,-1.17686624112559,-0.79881833549365,2.08545586786434,-3.38155176962732,-6.02334733282242,-1.05961726811823,-0.640338978766132
5.60611180522108,2.32044142553983,-1.16294473207245,1.122207340509,-1.19475023640751,-0.791863449480208,2.05962363714829,-3.40291312225983,-6.00596035057004,-1.0457076180482,-0.630403540762784
5.65578935717347,2.36217062243882,-1.15350605203515,1.15251041601317,-1.19325990346821,-0.755598686681843,2.0327978590867,-3.40986798125798,-6.01341191438694,-1.02732700904496,-0.603577858145044
5.63641511188258,2.33733181475716,-1.14704800779415,1.13065245991862,-1.19077601523524,-0.748147023091274,2.06757201579498,-3.39744859019859,-6.03576660584262,-1.06706886640061,-0.591158560645674
5.62995703012595,2.3462737855254,-1.15350605203629,1.13164600337831,-1.19475023640465,-0.76056646241407,2.0690623367981,-3.38751307734613,-6.03278598031367,-1.07998497002984,-0.6105326647507
5.69503462325608,2.40489337160683,-1.14357059935476,1.15648458985062,-1.21164067639519,-0.746159912807738,2.03478495374247,-3.38751307734613,-6.0094377470045,-1.08743656828253,-0.636861575445651
5.77104127782201,2.465003286229,-1.12966096560595,1.19871018690576,-1.22356333990456,-0.733740473488309,1.99951402336741,-3.38453242349214,-5.9632380512778,-1.05763017528168,-0.659713082851095
5.77402193094395,2.46152585315449,-1.1266803298014,1.20566499112079,-1.20567934461828,-0.739701804360578,1.98560436067989,-3.39893891712766,-5.94336721441177,-1.07849465039506,-0.626429365549499
5.7109314398868,2.42973217927402,-1.108299742356,1.1783425459777,-1.21958911871322,-0.755598686683978,2.02335915939174,-3.36615172472794,-6.00447003778315,-1.11724296131991,-0.610035892848482
5.66075711232303,2.39247396775984,-1.11575133186682,1.15449750294939,-1.21611167518563,-0.76702457084856,2.03826236940098,-3.33088065411748,-6.03974077324969,-1.16443641697816,-0.622455190351704
5.65678290816545,2.39396429622082,-1.13214482878482,1.15151687257167,-1.21760200812497,-0.770998791430073,2.04422365341794,-3.32988710283272,-6.05563744273659,-1.17983638669875,-0.599603682926601
5.65082160192758,2.3934675200678,-1.09985460759791,1.16194907888106,-1.20567934460195,-0.771495569002394,2.06409460012587,-3.32293224383351,-6.06656640300775,-1.19374603676878,-0.603577858127604
5.59269886613371,2.36266739855432,-1.10680942446699,1.12022025358464,-1.20866001048067,-0.794844114907341,2.0829719995067,-3.29759668606654,-6.09637265830308,-1.24690077096284,-0.591158560626307
5.53855033434561,2.37061581701532,-1.10233847076314,1.11028481898827,-1.20965356577382,-0.817199105686043,2.06558492116092,-3.29163537836085,-6.13909495759899,-1.26031364783949,-0.596623051525491
5.51371155834343,2.34776411393412,-1.08793206438022,1.11127836244791,-1.21760200811495,-0.804779666363246,2.0839655468559,-3.28269341679797,-6.15399808524814,-1.28763617477695,-0.599106911026905
5.48738245579923,2.34478345701827,-1.08793206438022,1.11078159071876,-1.21213745399883,-0.800308668211328,2.09241069920897,-3.2787192116574,-6.17287538026196,-1.28515230869239,-0.575261859830637
5.44118233246248,2.31944787318808,-1.09240301808395,1.09687198228697,-1.22157622928203,-0.797328002775629,2.09439779387982,-3.26580304496207,-6.20268163555729,-1.32986189821154,-0.569797368927987
5.4446597611043,2.32242853010912,-1.08445465594107,1.10034938439357,-1.23002144927637,-0.785405341032582,2.09638488855012,-3.26083528853482,-6.23447497455241,-1.32837157855981,-0.5926488763257
5.49980184384783,2.37906101167863,-1.09041592754279,1.12469119915924,-1.24293766808732,-0.779940787732717,2.06906233685864,-3.2846805193655,-6.20466871922598,-1.30353291770128,-0.608545577126574
5.51470510947108,2.40837080474144,-1.08544820120187,1.14654915526962,-1.24889899984927,-0.790373116757339,2.04422365350308,-3.29610635913371,-6.19423652985616,-1.29210713368884,-0.574765087928051
5.49235021107324,2.4128417901238,-1.0596160242474,1.12916214472402,-1.25336999866795,-0.81123777482116,2.07154620522235,-3.29759668606088,-6.21311382488826,-1.32241029995038,-0.545455545817554
5.46403400642444,2.3919771916876,-1.08693851909384,1.10084615615724,-1.23846666927398,-0.831108877722508,2.0635978265418,-3.2816998655006,-6.2285137234623,-1.33433285716152,-0.52161049461826
5.46055657778303,2.37906101168601,-1.09041592752946,1.11227190594949,-1.2265440057617,-0.835083098304353,2.07899781023261,-3.29312570527378,-6.22950726530624,-1.32439739281467,-0.539494283021513
5.52662772205956,2.40091916243983,-1.08097724749187,1.13860080761902,-1.2459183339878,-0.807760331799899,2.05266880584859,-3.30951930146882,-6.21659122132344,-1.29558454620265,-0.550423264822422
5.57084074332674,2.4302289555182,-1.08147402012556,1.15847167680134,-1.25833777515202,-0.805773221508852,2.01491400710353,-3.32193869252947,-6.2195718468546,-1.27422329786631,-0.545952317720002
5.54004066107091,2.38154489250555,-1.07749983905459,1.15300718777995,-1.25237644339065,-0.808257109370926,2.01988174377997,-3.31995158995949,-6.23844914188623,-1.30204259803231,-0.543468458221319
5.56040845739092,2.37508680250524,-1.08495142856343,1.16145230718613,-1.26032488573779,-0.811734552379278,2.03379140646978,-3.33435808358175,-6.23695882912041,-1.29061681403388,-0.535520107818977
5.5455051917798,2.38601587787913,-1.07700306642429,1.16244585064504,-1.27075721632387,-0.827631434704666,2.03875914314458,-3.34230649386595,-6.23348143266536,-1.30701033020947,-0.521113722718693
5.52811804858518,2.37707390711412,-1.08445465592941,1.1535039595101,-1.24790544458699,-0.83856054130565,2.03428818013659,-3.32640967330892,-6.25434581138919,-1.32737803211102,-0.541978142530725
5.55792457980569,2.39793850554323,-1.05067411685002,1.18529735017323,-1.2513828881156,-0.828128212281028,2.01789464910322,-3.35273878236558,-6.2553393532337,-1.31644902132307,-0.588177929236848
5.60114405002395,2.41234501399171,-1.04520961788395,1.22652940372808,-1.25883455281559,-0.808257109362689,1.97864952934806,-3.35870009007538,-6.24590070571542,-1.30353291766459,-0.600100454838176
5.61455698907201,2.40737725245654,-1.03726125574224,1.23994224042263,-1.28516376808566,-0.798321557909943,1.97517211367422,-3.3666485003539,-6.27868758658997,-1.3214167534956,-0.594635963940611
5.62946025467476,2.4153256709199,-1.02732580307095,1.246400272911,-1.29609287630498,-0.792360227037425,1.97318501900518,-3.38304209656192,-6.3005455071692,-1.34426832150128,-0.600597226743712
5.64734417339703,2.42228053706456,-1.02583548517076,1.27024531590239,-1.29460254336386,-0.799315113053768,1.98113339769119,-3.39546148762797,-6.2960745688694,-1.3656295698473,-0.593642420142742
5.65131837755214,2.40986113322228,-1.01490648723299,1.25683247920651,-1.28267987984606,-0.792857004609011,2.00547530741743,-3.38453242349418,-6.30799707099849,-1.38401017887943,-0.591158560641642
5.67168617388675,2.43718382166022,-0.985596901863485,1.24242609905202,-1.29807998689983,-0.804779666350567,2.00795917575513,-3.39297760941801,-6.31097769653143,-1.39444241645238,-0.61102943663601
5.69602817434555,2.46301618165079,-0.942377682758026,1.26030988131209,-1.27920243633044,-0.789379561603145,1.99057209739119,-3.39645503891464,-6.32439051142782,-1.40388110758101,-0.595132735836705
5.70646046027424,2.46599683857006,-0.933932547989298,1.26676791379385,-1.27075721633178,-0.798818335488864,2.00001079706955,-3.3855259747747,-6.32538405327206,-1.4143133451548,-0.589668244938138
5.75663478774665,2.48040334702313,-0.910087461584531,1.29607744583228,-1.28267987984347,-0.786398896169953,1.98560436070293,-3.40142279533173,-6.32588082419432,-1.44312619178524,-0.580229578831164
5.77402193094261,2.46947427165781,-0.909093916318514,1.27322594629829,-1.28019599160869,-0.792360227040606,1.99802370239624,-3.39297760940401,-6.32439051142758,-1.46895839911254,-0.544462002021128
5.7924026251513,2.44910644936599,-0.914061642651231,1.26030988133849,-1.26429910691868,-0.804779666362626,2.0154107807793,-3.39049373119137,-6.32836467880315,-1.46299712050395,-0.545455545821421
5.79389295171176,2.46102907704863,-0.900648781545587,1.25832279442135,-1.26827332809448,-0.795340892486355,2.01739787545014,-3.381054993986,-6.32637759511225,-1.50025511187366,-0.569300597017017
5.83611887087252,2.48537110857588,-0.881771421486267,1.28514846781212,-1.27721532573282,-0.785405341035474,1.99504306040833,-3.38403564784349,-6.30799707098721,-1.51068734945079,-0.555887755711458
5.86940283068352,2.50772603545544,-0.882268194119649,1.2767033484226,-1.27075721632255,-0.783418230744883,1.98610113438633,-3.3875130773434,-6.3258808241924,-1.53800987644068,-0.543965230112988
5.86344152445062,2.50822281160926,-0.871835968822019,1.26627114209732,-1.26827332809055,-0.796831225209027,1.99007532372627,-3.39099050683985,-6.3462484320127,-1.58669365180254,-0.552907124317766
5.90815132122596,2.53107451464194,-0.878294013051603,1.30998705425804,-1.26380232926729,-0.790373116764945,1.95579794063579,-3.39993246841026,-6.34575166109052,-1.60755812696596,-0.563339334219296
5.92454491335866,2.55094556076912,-0.892700419407785,1.30949028252881,-1.26131844103578,-0.794844114916396,1.96026890364526,-3.40589377612022,-6.34724197385734,-1.64133870578128,-0.607055261434644
5.97919022053488,2.56684239766547,-0.892700419407785,1.32439343440178,-1.2846669904524,-0.778947232584709,1.93543022027059,-3.41235185947489,-6.35916447599205,-1.66965477922528,-0.607552033334478
5.95882242424603,2.55392621767348,-0.887235920444774,1.31098059771158,-1.27572499281797,-0.779940787729983,1.94486891996036,-3.40490022483716,-6.37853854196987,-1.70194503843302,-0.621958418446138
6.02737744587528,2.59267475758201,-0.876803695155132,1.34029012971782,-1.27224754928979,-0.769011681134925,1.92201733123808,-3.43768741728294,-6.35419676679539,-1.70691277061545,-0.630900312645243
6.03631940521528,2.59863607142536,-0.859416652997024,1.35618682505176,-1.29410576574175,-0.760566462395247,1.92797861525128,-3.44315194935116,-6.38499656398286,-1.77546747472933,-0.646300241553364
6.09841634515758,2.61900389370248,-0.842029610838916,1.35966422715663,-1.29062832221288,-0.767024570836502,1.93393989926251,-3.46997783405211,-6.39890614982329,-1.79235776417481,-0.645306697753225
6.12325512110203,2.62893941676755,-0.843519928737567,1.36016099888575,-1.28516376810009,-0.782424675587135,1.94635924095581,-3.46103587248102,-6.42722209240133,-1.82017706440903,-0.676603327474142
6.17988753023344,2.64433947749438,-0.830603840274404,1.38052863976025,-1.28814443398151,-0.757585796968736,1.93741731492938,-3.47097138534135,-6.41331250657369,-1.82315770371944,-0.729757920798425
6.31699757323978,2.73226885655399,-0.820171614983225,1.44759282318443,-1.29112509985994,-0.715856480882864,1.87035286970073,-3.5122037637038,-6.35022259949037,-1.77447392835758,-0.7292611488981
6.33587504296597,2.72481721426317,-0.811229707589075,1.44610250799871,-1.2831766575099,-0.712379037875237,1.90164961078593,-3.51667474449054,-6.38549333499634,-1.80626741436581,-0.737209499301339
6.39201067655315,2.73127530425088,-0.807255526524072,1.4530573122068,-1.29559609867049,-0.730759808062242,1.90065606345058,-3.52661025734453,-6.40933833928058,-1.83706735392725,-0.731745008396454
6.40641716660748,2.73028175194517,-0.790365256999301,1.45653471430888,-1.25784099749951,-0.713869370596448,1.89966251611489,-3.54399740484854,-6.43020271803344,-1.86836406673121,-0.731745008396454
6.43423659568089,2.72829464733039,-0.788874939100605,1.44957991009559,-1.27771210335911,-0.715359703314438,1.91406895247397,-3.55045548820107,-6.45106709679978,-1.89668014023636,-0.72230634228815
6.4019461869653,2.68507512204366,-0.799803937023248,1.42474132365242,-1.27721532571228,-0.725792032336885,1.93990118320138,-3.50773278290386,-6.51614408763865,-1.95480260686919,-0.732738552189974
6.4367204732579,2.7054429443303,-0.796823301226514,1.41132848696524,-1.25933133043166,-0.696978933129929,1.94337859887483,-3.5136940906164,-6.52111179686688,-1.94586068892699,-0.700945150580605
6.41734622801204,2.68358479359318,-0.794339438062532,1.40039950891933,-1.24691188926199,-0.700456376137483,1.94437214620985,-3.49481661619335,-6.55538899058637,-1.98212513396459,-0.710383816683053
6.45609471843737,2.67911380821442,-0.7804298043469,1.39741887854444,-1.25336999866817,-0.706417707011369,1.94139150420423,-3.50375857776445,-6.56234378350641,-1.98262190718344,-0.692003256367398
6.40592039105533,2.62645553600979,-0.776455623283302,1.34923202083206,-1.24542155631871,-0.750630910970097,1.99603660763,-3.48786175719036,-6.63884650567815,-2.05813143653958,-0.667661433246324
6.35723639036158,2.58124890613905,-0.772481442221693,1.31396122809641,-1.25486033160329,-0.771495569003897,2.05068171116842,-3.45755844296366,-6.72329756244896,-2.1604667195904,-0.653751820040068
6.34183634927021,2.57131338308094,-0.75857180850688,1.28713555473445,-1.27125399395364,-0.772985901721389,2.05813331618072,-3.44315194932115,-6.75161350508328,-2.2136214541316,-0.638848663035466
6.32544275717337,2.54349391850584,-0.75857180850688,1.26974854420969,-1.26578943984205,-0.768514903566488,2.05962363718371,-3.44513905189256,-6.7600586107741,-2.23995043476482,-0.640338978736714
6.35276541070248,2.54895845618669,-0.741184766366691,1.27223240285366,-1.29112509983065,-0.780934342878406,2.07104943154092,-3.43768741724608,-6.76751017461969,-2.26528586897795,-0.703925781973387
6.49533998423037,2.65377822438635,-0.707900999996785,1.35072233597685,-1.29758320923919,-0.74814702310417,2.02087529106824,-3.4744488148321,-6.72727172987553,-2.22653755787649,-0.713861219982199
6.54799818919182,2.69550742121624,-0.673126915722041,1.36562548784647,-1.29758320923919,-0.722314589342651,1.99603660767719,-3.51319731498143,-6.7292588135686,-2.22355691855758,-0.726280517488397
6.59817251647382,2.73574628958407,-0.677597869417339,1.3944382481263,-1.29658965394628,-0.729269475354933,1.98610113432269,-3.51816507140994,-6.73422652279806,-2.26329877611132,-0.771486760410324
6.6567920276857,2.7893981140842,-0.6711398251927,1.41530266075419,-1.30553165158768,-0.707908039745114,1.95083020389624,-3.55045548819734,-6.71038151846524,-2.24342784731484,-0.742673990210771
6.61854031277901,2.77499160563571,-0.663688235706901,1.38847698736007,-1.30652520688112,-0.700953153725726,1.94337859888006,-3.5499587125544,-6.73919423201688,-2.30055676757043,-0.780428654653311
6.69852117123265,2.849508028532,-0.62742383354481,1.44212833408401,-1.32589953511336,-0.649785063758486,1.87929479575492,-3.57777814856757,-6.68057526305388,-2.24690525983855,-0.737706271256985
6.63195325176726,2.80430139857393,-0.628914151442804,1.41480588896412,-1.31000265042607,-0.679094940551117,1.91555927346649,-3.55741034722862,-6.71187183124187,-2.27323424052021,-0.747144937360632
6.66275333394076,2.82317889238073,-0.596623930363342,1.42126392144345,-1.28417021278906,-0.67561749754378,1.89866896876754,-3.57827492423157,-6.70342672553972,-2.2588278171249,-0.745654621660519
6.69057276294738,2.86192743231558,-0.556882119764803,1.43964447542631,-1.2831766574962,-0.676611052689241,1.88624962707218,-3.58224912937499,-6.71634276954435,-2.27422778694648,-0.743667534058869
6.69255986502109,2.85447579002319,-0.540488622906181,1.42672841047425,-1.27274432690885,-0.657236727365476,1.85942384900469,-3.59864272560102,-6.73770391925041,-2.28267293169185,-0.6780936432229
6.58525635331076,2.75114635028464,-0.541482168170003,1.34277398832463,-1.2479054445795,-0.700456376168249,1.91158508414668,-3.57380394344069,-6.79980028463027,-2.3437760376962,-0.649777644905173
6.52812716867779,2.71637201959823,-0.540985395538026,1.32339989089195,-1.23449244811953,-0.722811366921778,1.9463592408846,-3.55244259078471,-6.84649675147424,-2.39096949363503,-0.62046810279757
6.46205602481073,2.67017183739224,-0.498262949164724,1.30551610865421,-1.21114389875014,-0.746159912835002,1.95033343022705,-3.55343614207057,-6.87779331964824,-2.41084042244369,-0.598610139179725
6.44913986133487,2.65079756744805,-0.459514683868798,1.33134823854414,-1.21412456463147,-0.757585796996011,1.98063662397788,-3.55641679593057,-6.88822550904035,-2.43667262988324,-0.641332522587496
6.55346272003702,2.73326240879186,-0.421263191226831,1.38947053085235,-1.19723412464957,-0.735727583805439,1.94784956187015,-3.58324268066784,-6.85444508625986,-2.39792431873425,-0.583706982138821
6.50428194375032,2.68855255508256,-0.413314829119527,1.35469650984407,-1.17984690700441,-0.767024570859727,1.97765598195662,-3.57976525116401,-6.91902530631348,-2.47790480716886,-0.594139192033144
6.55992080182279,2.71289458660929,-0.372579473288409,1.37407060729659,-1.17686624112692,-0.764043905421542,1.95033343026288,-3.6026169307165,-6.93094780849322,-2.48734349836569,-0.587681157330376
6.57482406737734,2.71736557198236,-0.363637565923482,1.37059320519259,-1.1728920199549,-0.770998791436724,1.95232052493416,-3.59814594992826,-6.9443606234336,-2.51168538617805,-0.572281228432895
6.57134663875316,2.6950106451047,-0.351715022762174,1.36910289000543,-1.15153058117014,-0.773482679300558,1.97268824531007,-3.60410725764492,-6.97615396255746,-2.54149177941729,-0.550423264822139
6.57631439393676,2.71190103429739,-0.330850572237871,1.38400604187244,-1.13911114000168,-0.791863449479131,2.0164043280663,-3.59715239863825,-6.99503125766554,-2.57626590487975,-0.561849018519625
6.62450161915845,2.76157864961325,-0.31495384802373,1.42722518231323,-1.12967236472446,-0.787392451323484,1.97815275564356,-3.61602987307721,-6.97913458810993,-2.56484012081492,-0.574268316024598
6.70994700830149,2.79734653260422,-0.294586170125261,1.46796046407291,-1.12520136590643,-0.782921453171101,1.95083020392654,-3.63590089880293,-6.93641228865268,-2.55589820283838,-0.55439744003331
6.74819872319262,2.82566277332193,-0.283160399601897,1.45355408392526,-1.13066592001177,-0.775966567152003,1.93443667288327,-3.63391379623127,-6.95081864544766,-2.57974331743676,-0.540487826829015
6.73577933522894,2.82466922101667,-0.280179763813589,1.43020581268005,-1.10334314944915,-0.796831225199289,1.94337859889839,-3.64186220652684,-7.00546344711432,-2.6100464839019,-0.504223478119095
6.67914692627181,2.77350127732551,-0.296076488017902,1.40387691105719,-1.07602037891982,-0.789876339188312,1.98013985034847,-3.63341702058705,-7.05762439407876,-2.66071735234373,-0.494784812020106
6.66722431382447,2.77151417271423,-0.289618443808474,1.41281880217941,-1.05912993893586,-0.801302223361234,1.99653338137508,-3.63391379623041,-7.09140481695915,-2.69499470463514,-0.489320321122694
6.66970819141418,2.80430139881225,-0.287134580651221,1.41977360638853,-1.04074916603431,-0.806766776664859,1.99752692871012,-3.65924935402651,-7.09984992267411,-2.72182045858909,-0.492300952523824
6.68957921214012,2.82119178799168,-0.282166854339421,1.4321928996143,-1.04223949897373,-0.799315113077242,1.98312049233836,-3.6910429952096,-7.13661097107536,-2.76404618242071,-0.507204109521281
6.70249537559898,2.86043710405163,-0.272728174342693,1.4321928996143,-1.03925883309857,-0.780437565318599,1.96473986663429,-3.71488822609448,-7.14853347325984,-2.77894937905821,-0.516146003724042
6.73677288633961,2.89223077779304,-0.268753993293369,1.43467675825772,-1.02137483782928,-0.770005236296587,1.92301087855108,-3.74668186728814,-7.16393337191385,-2.78441388449393,-0.498758987229337
6.70001149803434,2.86689519399514,-0.25484435961828,1.41828329120503,-1.00150373199679,-0.762553572705707,1.96275277197567,-3.76655289303316,-7.2081459841467,-2.86638146598382,-0.479881655023508
6.66424366075327,2.86242420862425,-0.254347586986918,1.38499958538323,-0.9950456225947,-0.770005236293479,1.97417856633508,-3.77946905976577,-7.27471328799188,-2.92996843835475,-0.470939760831084
6.65828235454022,2.83410796790654,-0.268257220668558,1.36612225965673,-0.975174516764146,-0.784908563479747,2.0000107970632,-3.79437232905816,-7.30104214698883,-2.9985231429952,-0.485842917835896
6.72733415154213,2.85149513324254,-0.257824995413623,1.38798021571689,-0.975671294410413,-0.765037460577155,1.97119792433195,-3.81374657916723,-7.27421651706107,-3.01988439151665,-0.478391339338481
6.77204394809761,2.87186295550194,-0.227521864912084,1.41828329116659,-0.996535955538596,-0.776463344739117,1.95381084595272,-3.81970788688906,-7.29210027033736,-3.05813592954935,-0.48087519883797
6.82867635717311,2.90266307695789,-0.216096094393766,1.43666384512742,-1.00498117552882,-0.753114798826381,1.93195280458061,-3.83411438055217,-7.28117130998745,-3.07254235299501,-0.506707337633199
6.8589796637482,2.92054701844654,-0.206657414399539,1.44262510587616,-1.01441995080052,-0.716850036016672,1.9314560309131,-3.84255956649154,-7.28266162276105,-3.08247781743221,-0.506707337633199
6.87040550065864,2.9354503030065,-0.194734871257183,1.45107022526526,-1.00448439787314,-0.723804922031709,1.93741731493039,-3.8445466690672,-7.30253245976285,-3.09241328187709,-0.488326777337242
6.87090227617616,2.91011471922849,-0.196721961782371,1.45305731218145,-1.02982005782592,-0.74317924736315,1.9413915042734,-3.83610148312546,-7.32886131877878,-3.12818095385578,-0.495778355841276
6.8818313375621,2.88925012084056,-0.176851056549792,1.4361670734001,-1.0412459436906,-0.74317924736315,1.94238505160983,-3.83560470748141,-7.3646288253758,-3.17338731706735,-0.508694425236524
6.92306370552253,2.92005024231677,-0.152509197645971,1.41927683460441,-1.0611170495231,-0.746656690371938,1.9120818578815,-3.84255956649697,-7.38549320421628,-3.18630342085018,-0.491804180639882
6.91561207274937,2.90117274851919,-0.11922543137797,1.4252380953527,-1.05614927306134,-0.750134133380363,1.91357217888436,-3.84106923956584,-7.41728654344445,-3.20865821587594,-0.507204109528246
6.95038635897265,2.93743740767783,-0.068554623021466,1.45554117085233,-1.05962671658029,-0.73225014075796,1.89221091116953,-3.85795961144436,-7.44460894432702,-3.18729696730147,-0.472430076526824
6.90617333789209,2.91110827159256,-0.0337805388849203,1.42722518231525,-1.05912993893402,-0.736224361337153,1.91953346289856,-3.85597250886818,-7.52508583421834,-3.24840007367259,-0.445107622049778
6.83861186751152,2.87633394089508,-0.0258321767951635,1.39344470476182,-1.03826527780584,-0.751127688513164,1.93145603093183,-3.8465337716428,-7.58867251266362,-3.30950318004371,-0.450075341049281
6.83165701026336,2.86292098478215,0.00546449893279366,1.38947053093389,-1.00249728728295,-0.759572907244917,1.91704959455849,-3.85795961145217,-7.60158855671415,-3.34576762531836,-0.410830360963998
6.82768280612441,2.83510152023834,0.0397418104463838,1.3974188785961,-0.999516621407209,-0.786895673740254,1.90612057386973,-3.87335965640987,-7.64133023071775,-3.37159983287989,-0.385991765962283
6.84606350027402,2.80032718958367,0.0635868967058291,1.39642533513875,-0.98361973673347,-0.770005236278686,1.91208185788506,-3.8798177397822,-7.66219460959091,-3.40090945302321,-0.369101521374449
6.85351513303564,2.80728205572154,0.0938900271895277,1.3849995853679,-0.942387192120503,-0.76106323996991,1.90164961085781,-3.88627582314908,-7.69200086512251,-3.42326424804479,-0.31942433137732
6.84854737786079,2.78641745731502,0.118231886067558,1.38798021574212,-0.924006419210893,-0.778450455009134,1.93145603092543,-3.89670811167681,-7.72876191363616,-3.45903192011416,-0.320914647077076
6.89077329678779,2.78840456192499,0.133631837600826,1.41728974776079,-0.90612242396078,-0.75261802124169,1.93443667293375,-3.89174035523687,-7.75310368897759,-3.45505773433387,-0.34525647017481
6.94889603236109,2.81374014570247,0.155986605952938,1.44063801900775,-0.901154647500238,-0.747153467942964,1.92301087857528,-3.92452754774799,-7.76949712953688,-3.44363195020624,-0.329856541286446
6.9707541551059,2.80430139880357,0.156483378583131,1.44759282321427,-0.904135313374094,-0.742185692216902,1.92152055757097,-3.94340502221781,-7.79582598860453,-3.46797383811863,-0.32290173469028
6.99559293100322,2.81920468338378,0.155986605953113,1.45206376877544,-0.892709427513313,-0.746656690369286,1.91605604722847,-3.94688245172625,-7.80725171991167,-3.46847061134198,-0.348733873468032
7.09147060582867,2.86242420867142,0.170393012231257,1.47988298558831,-0.892212649867664,-0.730263030476185,1.88923026914254,-3.9965600161218,-7.78340671547097,-3.42972229996142,-0.327372681775139
7.13369652480632,2.88527591167402,0.185792963758634,1.4704443227438,-0.896186871033775,-0.731753363193864,1.8971786478327,-3.99556646483376,-7.83854828824214,-3.41730296937995,-0.299056683512893
7.13965783101452,2.87931459783891,0.179334919565743,1.45653471433284,-0.859922102913778,-0.725295254746683,1.89767542150052,-4.00500520207193,-7.88176735881078,-3.43518680540509,-0.292598648815315
7.13866427997974,2.89322433010697,0.203180005791506,1.4411347907375,-0.854457548810042,-0.746159912789184,1.89866896883621,-4.01990847140087,-7.91505101086783,-3.46698029171444,-0.296076052112149
7.16896758652141,2.91110827159487,0.224541228886667,1.4436186493839,-0.84154133003277,-0.736721138911339,1.91506249987634,-4.0596505229366,-7.95578622683293,-3.47939962229359,-0.317934015702258
7.21367738306045,2.94190839304559,0.224541228886667,1.45057345358868,-0.824650890076388,-0.733740473475142,1.88823672181769,-4.08299897823323,-7.969199041848,-3.44313517700151,-0.2771987199316
7.17641921930494,2.93892773613056,0.229508955184724,1.43666384517842,-0.814218559521066,-0.767024570834555,1.90065606351372,-4.07852799743838,-8.01589550891253,-3.46996093103493,-0.254843984433051
7.1818837499931,2.93296642230303,0.230005727814435,1.42325100850799,-0.79782489720986,-0.781927898015849,1.89717864783797,-4.08299897823963,-8.03427603319198,-3.49678668508481,-0.257824615830274
7.19728379100668,2.94936003533551,0.236960544635604,1.42325100850799,-0.759573018528447,-0.800308668207454,1.90264315818648,-4.09343126677029,-8.06110166322111,-3.48188348839998,-0.256334300131274
7.22261934239719,2.96078588684058,0.257328222454342,1.43318644308476,-0.740695467989881,-0.803786111215444,1.88475930614493,-4.10783776045475,-8.07401770731532,-3.48834154030475,-0.218579635770175
7.17145146416702,2.94936003533551,0.269250765571784,1.3989091937919,-0.716850141012969,-0.828624989845756,1.90463025287907,-4.09839902320983,-8.14207532423178,-3.5414962751679,-0.217089320071155
7.1550578721016,2.94886325918352,0.284650717085113,1.40437368280769,-0.714366252784059,-0.8226636589756,1.91158508423009,-4.11429584382453,-8.15548813925318,-3.55739301831366,-0.218082863869445
7.19281281138808,2.97419884297229,0.312469984359964,1.41977360640495,-0.713372697494008,-0.826141101985403,1.89668187418973,-4.11876682462316,-8.14555272072338,-3.55341883252881,-0.19870875978381
7.21765158724599,2.97171496221074,0.316444165394317,1.44659927975688,-0.707411365746149,-0.819186215969205,1.88078511681203,-4.1401281773479,-8.15101720091715,-3.53205758390872,-0.176354024310151
7.23553550584396,2.96774075299238,0.326876390617014,1.45703148606835,-0.697475812846122,-0.840050874019972,1.83955290234945,-4.13466364525692,-8.15101720091715,-3.52112857299864,-0.133631640942128
7.19827734206683,2.95929555840509,0.349231158943471,1.45454762742406,-0.675617596452749,-0.845515427319951,1.85992062273095,-4.1282055618742,-8.17784283097431,-3.56881880243848,-0.117734940166347
7.22162579135994,2.96674720069195,0.354695657869646,1.45107022531998,-0.657236823582549,-0.846012204892832,1.83607548666702,-4.15701854923686,-8.19075887507526,-3.59067682427207,-0.0943866608830011
7.19927089308285,2.97022463375819,0.360160156795498,1.45206376877736,-0.651275491836288,-0.834586320719672,1.84352709168567,-4.15950242746023,-8.22205544348189,-3.59763164940243,-0.0551416808397498
7.18436762758598,2.95432779687838,0.352211794713929,1.4863410180454,-0.649288381257395,-0.84402509460736,1.81968195560732,-4.16943794035178,-8.23844888407299,-3.61998644443415,-0.0452062428480269
7.21268383205167,2.9667472006819,0.336315070564824,1.52161181075287,-0.630907608381374,-0.839057318881815,1.81570776626235,-4.1853347609815,-8.24291982241523,-3.6214767641048,-0.0223547354912119
7.23255485273569,2.95780522993492,0.334824752675604,1.56880512498134,-0.60805583672133,-0.843528317038022,1.82365614494989,-4.19576704951563,-8.25037138632528,-3.60707034062222,-0.00596126280613896
7.25490975100413,2.9553213491748,0.312966756975086,1.60904363496051,-0.603088060264418,-0.859425199361753,1.81272712425422,-4.22905101771975,-8.26726159784653,-3.61005097996356,0.00347740327648904
7.27130334304545,2.96873430528716,0.282663626548465,1.64928214494872,-0.598617061459787,-0.856941311497556,1.81918518193989,-4.25140592172831,-8.30849358477752,-3.59961874228237,0.0163934726609969
7.26186460822228,2.98512791830851,0.275212037108286,1.68008199208596,-0.571791068615989,-0.870354305959184,1.82117227661286,-4.24296073576456,-8.34922880081455,-3.62247031057454,0.033780489130711
7.26683236338617,2.99903765056978,0.278689445514419,1.7277720780116,-0.562352293365447,-0.851973535770645,1.83160452365445,-4.27028339623482,-8.35568682286543,-3.62644449635928,0.051664277501952
7.24447746509394,3.00052797902659,0.250870178259215,1.75608806653808,-0.566326514526136,-0.866876862958777,1.80477874558622,-4.27972213348722,-8.37158349254593,-3.61054775319909,0.0923995732071852
7.22410966890326,3.00152153133132,0.227521864653193,1.78937177236652,-0.561855515722376,-0.874825304126278,1.81670131362212,-4.29561895411938,-8.40784777025864,-3.59316069037482,0.104322098792717
7.25640007751948,3.03182487660099,0.234973454094688,1.82961028234871,-0.547448964009439,-0.886251188299438,1.79086908287767,-4.3492707238215,-8.42225412716072,-3.57974781334004,0.126676834240868
7.2489484447678,3.05914756498151,0.249379860364776,1.81172650012927,-0.538010188762345,-0.877309191984693,1.80477874559387,-4.35970301236309,-8.44361527704203,-3.57726394722407,0.180824971246551
7.16797403542323,3.04921204193921,0.262792721366571,1.78639114199361,-0.53006174644271,-0.91009651179243,1.8092497086069,-4.36616109574763,-8.50173747558234,-3.59862519584986,0.20566356618282
7.14114815749617,3.07703150647417,0.278192672882165,1.76552672940114,-0.536519855822301,-0.926490171705701,1.8042819719276,-4.37609660864247,-8.52260185454526,-3.58769618493948,0.247392405710428
7.08401897299368,3.07454762571378,0.307005485390549,1.73671396917741,-0.509693862975889,-0.947354829771698,1.81123680328015,-4.38851599977802,-8.56035644505618,-3.60856066034225,0.268753597361785
7.05371566648485,3.08845735797033,0.340786024223303,1.72727530634798,-0.504229308882671,-0.974677596292106,1.80130132991663,-4.40639992300337,-8.55936290320142,-3.61601225868536,0.29011478902578
7.05470921751903,3.10733485173827,0.351715022067773,1.69647545921073,-0.511680973557964,-0.987097035615161,1.79534004589704,-4.44812907721293,-8.55886613227364,-3.60061228874625,0.319921102953919
7.00652199238872,3.10037998560867,0.35121824943837,1.65822403613361,-0.505222864178531,-1.00696813852231,1.79981100891303,-4.44365809640608,-8.59860780647885,-3.60160583519257,0.342772610303976
7.02043170688395,3.1202510316903,0.375063335659923,1.65623694922079,-0.503235753598089,-1.01491657969313,1.79484327222935,-4.4704839812537,-8.58420144958036,-3.58819295816172,0.325882365748978
7.00497646855948,3.13896293341926,0.405918435665247,1.65734088639082,-0.504505296470557,-1.01828362769004,1.78562536083054,-4.48787112884137,-8.57768823075197,-3.5921119469307,0.366176086446843
6.9738590021263,3.12012683766057,0.404745500288613,1.62394678689195,-0.491188895712552,-1.03366993307775,1.79769972082427,-4.45495974231908,-8.57886116211516,-3.59638971636276,0.361277363555231
6.93314115168813,3.12571556936824,0.425947046441271,1.63068868891838,-0.510971291207611,-1.04777486774302,1.79903036457676,-4.47438721844833,-8.58604659875684,-3.61111549406426,0.361366072821011
6.99807680864749,3.14393069494175,0.437656686989985,1.63471017433525,-0.509197085336125,-1.04753830699579,1.7892131706566,-4.49532276350389,-8.55008984587192,-3.56948116674944,0.337473710073875
