0,0,0,0,0,0,0,0,0,0,0
0.00712044874909301,0.0137441401230549,-0.000165590888658473,0.0177181926178081,-0.0193743250225633,-0.00496777604153301,-0.00331182487257355,-0.00513334892416883,-0.0264944507177731,-0.0215268391677825,0.0104322082998544
0.0143355214001151,0.0143355403020996,0.0316515162574453,0.0211482833130179,-0.0218582128443977,-0.00922586979159402,-0.00212903027453468,0.017458117546727,-0.00709672787923449,0.00780643616313403,0.000141934806620392
0.0147790709509095,0.00670647801391358,0.0461998589350968,0.0100596280505549,-0.0199952969761248,-0.0260808242250514,0.00248386865579531,0.0281920211210847,-0.00310481845098876,0.019249961926429,0.018504750433699
0.0123641900803659,0.0228517028534531,0.038748268785632,0.00640283596055641,-0.0334496893542306,-0.0220790046345846,0.00220788325005657,0.028812990751772,-0.0121432899167512,0.0309103331375082,0.0388585959874108
0.00794840791464813,0.0432195249547355,0.0263289518640328,0.00943866335728244,-0.0332840968316986,-0.00695488646472613,0.00447096358010304,0.0367614019931165,-0.0144063575799977,0.0158967427466088,0.0437159204871341
0.0154000403229291,0.0571292571236777,0.0402385868145873,0.0312966206048723,-0.0233485455402473,-0.0014903328178007,0.00794837969620884,0.0332839720742358,-0.00894187712236538,0.030303165871765,0.0466965514303503
0.0228516727273553,0.0655744516570584,0.0437159955508289,0.0342772511384092,-0.0337808743976362,-0.0109291072994506,-0.00347741611734957,0.0432194861298518,-0.00645802236796345,0.032290258718279,0.0526578133160033
-0.00198710196048602,0.0625937947631452,0.0630901299569112,0.0303030770917921,-0.0541487545468079,-0.0203678817809016,0.0144064381957923,0.0620969628291714,-0.0124192737787528,0.0362644444100388,0.0630900216139187
-0.00645808140434045,0.068058332399612,0.062096584603448,0.0496771755600274,-0.0829618533125818,-0.0372583203239871,0.00745160596174262,0.0432194861327829,-0.0288127151524705,0.0293096194524201,0.055141672434294
0.00894195891141436,0.062593794756775,0.0730255834905674,0.0327869358631805,-0.0700456366349239,-0.0432196515763717,0.00894192715452522,0.0511678973706936,-0.0322901118092425,0.0342773515657979,0.0680577398523654
0.0322904071065819,0.0675615562449456,0.0779933102590661,0.0173870114373856,-0.055639087259406,-0.0407357635551465,0.00993547461653204,0.0561356543972159,-0.0114257318704361,0.0457031354331028,0.0710383707946081
0.042225916978865,0.0730260938833813,0.0427224502074483,0.0208644137265559,-0.0700456366393797,-0.0357679875128533,0.0009935474572242,0.045703364647323,-0.0397416760699109,0.0347741247891939,0.0799802636235547
0.0516646513590699,0.0700454369883308,0.041232132177941,0.041232055708546,-0.0779940776742425,-0.0218582145906226,-0.00248386865917165,0.0308000935704555,-0.0372578213164415,0.029309619465568,0.0829608945651353
0.053651753334325,0.0561357048199787,0.0526579037446379,0.0407352839527376,-0.0799811879339509,-0.0382518755345077,0.00198709491892708,0.0392452805119376,-0.0288127151512632,-0.00794837140409799,0.0864382973297891
0.0511678758648029,0.0288130166330122,0.0591159485466653,0.0273224465455743,-0.0819682981926193,-0.0551423140743907,0.00645805849640409,0.0273226636516777,-0.0307997989548597,-0.0168902892176943,0.0854447536823879
0.0476904474078723,0.0114258514205449,0.0561353124868079,0.00496771754207614,-0.0909102943547129,-0.0521616484493287,0.00894192715035078,0.0362646262989552,-0.0516641788920981,-0.0377547640922182,0.082960894563057
0.046200120927157,0.00149032843978091,0.043219222891402,0.00695480456418418,-0.0859425187076871,-0.0491809828231363,0.00248386864380028,0.0442130375397456,-0.0586189722052078,-0.0317934855539441,0.0968705056259449
0.0387484885161666,-0.00447098534918282,0.0461998589518804,0.0158966961679469,-0.0874328514023088,-0.0531552036585618,-0.00645805851053165,0.0397420562179001,-0.064083452666671,-0.0461999086905982,0.102334995685616
0.0417291414788212,-0.0233484790078327,0.057128857836723,-0.00149031527702986,-0.0650778609771306,-0.0462003171981791,-0.00149032120021975,0.0526582244858556,-0.0551415755520545,-0.0486837747475191,0.114257519454428
0.0566324062918118,0.00298065689593541,0.0397418141493061,0.0208644137304076,-0.0824650757373777,-0.0278195458415002,0.000496773723296699,0.042722710437953,-0.0481867822391194,-0.0387483105247262,0.0983608210931027
0.0352710600715187,0.0039742091934436,0.0506708130347991,0.0258321312884286,-0.104323288586891,-0.0377550979279706,0.0188774017604555,0.0312968692750297,-0.062096368862552,-0.0526579604510662,0.0874318409704055
0.0208645707554678,0.00248388074672391,0.070044947438575,0.0178837831979959,-0.0854457411254983,-0.034277654698988,0.0208644966851332,0.0268258879519117,-0.0452061565281769,-0.0680579300056121,0.0928963310315036
0.0104322853876733,5.58678103779187e-13,0.0660707660259049,0.0144063809098761,-0.078987632784442,-0.0387486531373815,0.0327870662242421,0.0193742524091391,-0.0645802236134835,-0.0765030745998152,0.0750125453785174
0.0630904876764853,0.0178839413583526,0.0566320851670215,0.0531545778253769,-0.0546455321160425,-0.0129162177158236,0.0124193432482797,-0.00695485983245181,-0.0228514637912438,-0.0129161035604073,0.0432191486612673
0.0919034663083109,0.0332840019767412,0.064580447996856,0.0938898617744898,-0.0640843058473004,0.00447099842799047,-0.0188774018175714,-0.0198710281060895,-0.0119225028739266,0.00943869096555483,0.0283159939471348
0.124690648883702,0.0402388680632756,0.038251496111667,0.112270416734772,-0.0765037449676718,0.0154001057166611,-0.0263290077804478,-0.0412323833259401,-0.00248385480436247,0.0109290106002229,0.0412320613658806
0.132142281286415,0.0556389286816642,0.0397418141424163,0.132141286944848,-0.0784908552263401,0.0278195458217401,-0.0332838400208837,-0.0581227572165534,0.0044709385087473,-5.47328848909956e-11,0.0412320613658806
0.141581015673307,0.0486840625926235,0.0253354065118406,0.122702623585202,-0.0725295244484911,0.0352712098876135,-0.0337806137518111,-0.0596130843240665,0.00993541897021033,-0.000496773266539963,0.0511674978359974
0.167910116828553,0.0611034663171304,0.010928998889411,0.127173569386802,-0.0779940776613243,0.0442132067622345,-0.0491805994182776,-0.0710389254837374,0.00298062565919033,-0.0139096499796192,0.0437159204809274
0.138600362688199,0.0452066295485819,0.0263289518706112,0.102831753355256,-0.0770005225317772,0.0362647650962397,-0.0392451248040118,-0.0794841124284977,-0.00198708384980018,-0.0601095586604641,0.0725286862559357
0.13760681170078,0.0188774936503941,0.0064580448007559,0.0874318289213196,-0.0750134122717849,0.0486842052036736,-0.0402386722649961,-0.0755099068058401,0.00149031280697182,-0.0655740639915041,0.0983608210863387
0.109290608539015,-0.00496776151000984,0.0134128622735494,0.0824641113631734,-0.0789876327885548,0.0362647650978095,-0.0198709492998012,-0.073026028292868,0.00298062565931417,-0.0879288585287661,0.0993543647337275
0.132639056737313,0.0104322991119699,0.00198709070685255,0.0973672640222306,-0.0849489635648438,0.0486842052023653,-0.0442128621172817,-0.0715357011840821,0.0149031284832804,-0.0978643227621312,0.116244606739546
0.0774969769794076,-0.00943874684197674,0.00496772676812918,0.0407352838892992,-0.102336178325091,0.055142314053333,-0.0258322340647806,-0.0511678973713873,-0.0258320894374102,-0.149528736715157,0.142573513397911
0.0794840789528366,-0.00695486609802294,0.00695481747499632,0.00695480452281649,-0.102832955890012,0.0452067619727234,-0.00248386869299595,-0.0417291590167203,-0.0432190727177897,-0.178838356210211,0.169399191879143
0.0571291817468365,-0.0114258514391298,0.0432192228909735,0.0183805548949042,-0.0914070718989982,0.0337808770799019,0.00198709488510279,-0.049677570267384,-0.0521609498362126,-0.19423832577418,0.174863681939599
0.0591162837205328,-0.0258323597592527,0.0481869496591765,0.00149031521761533,-0.0988587353706891,0.0218582145791516,0.0223548178672998,-0.0372581776993105,-0.0437158436735716,-0.218580213165028,0.179334628351589
0.0874324868606045,-0.00794841839160348,0.0576256305219927,0.00496771750853647,-0.0829618533047448,0.0392454307236983,0.0208644966744342,-0.0506711216721357,-0.0461996984285952,-0.211625388200933,0.158470211761346
0.0750130995265543,0.00397420917773181,0.0615998119363185,0.0228515007048073,-0.0829618533047448,0.035271209890952,0.0397418984572966,-0.0476904674559138,-0.0452061565268715,-0.224541491711524,0.168405648234449
0.0943873437925338,0.0198710459462804,0.0481869496631683,0.0218579571926775,-0.0760069673992397,0.0228517697824715,0.0228515916097551,-0.0402388319162266,-0.0432190727231258,-0.227025357772872,0.159960527233691
0.113264812546978,0.038251763463226,0.0620965846145507,0.0432191426945885,-0.078987632789299,0.020367881761508,0.00993547461192844,-0.0203678038152791,-0.047690011281945,-0.223547945289298,0.162941158174531
0.140587464721134,0.0437163011062948,0.0720320381420866,0.0298063052813468,-0.0804779654832826,0.0238453249918092,-0.00248386865676765,-0.0337807477891457,-0.0635866817127057,-0.207651202504496,0.171386279176281
0.169400443319855,0.0735228700233176,0.0725288108190622,0.0203676419319173,-0.0804779654832826,-0.00149033282842378,-0.0129161170172767,-0.0213613552204294,-0.046199698440598,-0.203677016810516,0.174366910117706
0.182316606156544,0.0770003030664745,0.0794836282933045,0.0362643381259893,-0.0725295244482306,-0.0357679875191645,-0.00397418986344267,-0.0432194861422187,-0.0645802236273156,-0.21907698638186,0.180328172000088
0.189768238555547,0.0794841838101653,0.0799804009699844,0.0496771755284257,-0.0541487545540166,-0.0387486531441636,-0.00596128478751214,-0.0526582244968858,-0.0432190727421314,-0.218580213169696,0.198708729467042
0.173871422752894,0.078987407661101,0.0660707660252252,0.0193740984401345,-0.0660714161099986,-0.0447099843947898,-1.84550499882086e-11,-0.0342775234847206,-0.0397416760844878,-0.223051172077743,0.216095743290541
0.197219870932414,0.103826215104061,0.0625933572876383,0.00745157630628612,-0.0710391917592701,-0.0476906500209194,-0.00943870090975472,-0.0437162618357239,-0.0586189722177076,-0.199206057898636,0.219573146055059
0.181323055138285,0.0963745728691992,0.0601094939032042,-0.0089418916419936,-0.101839400773028,-0.0770005286719938,-0.000993547485161575,-0.0412323833215306,-0.0571286593646556,-0.224541491708881,0.234476300763544
0.160955259897571,0.0725293177244635,0.0750126741984995,-0.0481868603439399,-0.105813621292351,-0.0919038568007576,0.0069548322069141,-0.0317936449732143,-0.0938897097615663,-0.247889832693008,0.256831032818532
0.161452035391381,0.0774970792124238,0.0809739463212301,-0.0412320557600839,-0.107303953986193,-0.0894199687785381,0.015399985632682,-0.0407356076211861,-0.0859413745485746,-0.237457595237567,0.252856858229292
0.148535872560876,0.0730260938717909,0.0755094468774266,-0.050670719118542,-0.102336178336331,-0.0854457479451221,0.0149032119018101,-0.0496775702640671,-0.0884252293039098,-0.245902739841657,0.251863314582371
0.145058444103947,0.0725293177224734,0.0695481747616146,-0.0476900885814778,-0.0938909597384964,-0.089916746384175,0.0288128763621692,-0.0372581776953507,-0.104321899747409,-0.270244627236391,0.27670190575312
0.122206771424827,0.0412324203586044,0.0879287637993162,-0.0586190672022464,-0.0948845148680435,-0.0809747495033373,0.0615999426175272,-0.0466969160468422,-0.130153989185753,-0.283160730744919,0.284650254929109
0.122703546918417,0.0432195249544622,0.0943868085942324,-0.0566319801788879,-0.0973684026911722,-0.0670649765793481,0.0551418841179853,-0.0352710748800749,-0.122205653967785,-0.278689771835801,0.285147026752598
0.150026199029785,0.0501743910353955,0.099851308036735,-0.0516642626247433,-0.113265284760898,-0.0849489703372556,0.0476902781507551,-0.0288129907421698,-0.116741173512479,-0.283657503958034,0.260308435578929
0.17983272865177,0.0556389286745257,0.101838398743839,-0.0317933923976608,-0.109787841806367,-0.0705424198174884,0.0278193289128245,-0.0332839720678332,-0.110283151149903,-0.283160730745976,0.251366542756409
0.174368198228659,0.0417291965097114,0.110780306924741,-0.0427223710266831,-0.099355512944262,-0.0675617541913588,0.0501741468051851,-0.02384523371683,-0.0968703354744517,-0.310980030624562,0.260308435577995
0.169897218784805,0.0551421525307576,0.117735124400226,-0.0347740229288467,-0.101342623204774,-0.0700456422143109,0.0511676942666392,-0.0178839252840776,-0.10432189974083,-0.290115555719509,0.269747100223681
0.198213421919996,0.0596131378722432,0.11723835172393,-0.0119225221561962,-0.0943877372964563,-0.0700456422143109,0.0442128620362664,-0.0183807009865048,-0.0660705364914277,-0.273225266494027,0.260308435579844
0.211626360249246,0.058619585574735,0.113264170309013,0.00496771753724901,-0.101839400767261,-0.0462003172143172,0.0307999712993574,-0.0104322897436577,-0.0725285588517411,-0.277199452190651,0.272727731169843
0.234478032944992,0.0635873470642743,0.125186714547733,0.00596126104887834,-0.0933941821652072,-0.0457035396101872,0.00496773727495272,-0.0154000467692801,-0.0571286593736768,-0.291109102135125,0.283159939461217
0.241929665352129,0.0779938553901992,0.11127707960256,0.0332837076176508,-0.0894199616497611,-0.0362647651287362,-0.014903211957449,-0.00993551404159021,-0.0357675084681667,-0.266767214740391,0.260805207408273
0.241432889858881,0.0779938553901992,0.121212533128026,0.0288127618165009,-0.094387737298205,-0.0452067620095739,-0.0278193289599476,0.000993551417607541,-0.0387481341747553,-0.291109102146136,0.276205133932026
0.259813583115035,0.0909100352591696,0.103328716766753,0.0501739473049684,-0.0973684026863496,-0.0422260963840725,-0.0481870519353438,-0.00596130842222359,-0.0293094861075546,-0.285644596814224,0.273224502990991
0.237458685935146,0.07252931775508,0.0978642173242503,0.0377546534172622,-0.0884264065206396,-0.0407357635703955,-0.042722540892404,0.0104322897642397,-0.0452061565271702,-0.302534886039706,0.284153483109404
0.231000604519955,0.0745164223508116,0.101341626061113,0.0129160656302829,-0.0750134122728724,-0.0640843109689282,-0.040238672236453,0.0298065421679278,-0.0611028269619115,-0.316941309194758,0.299553409635772
0.161948810892381,0.0392453157530252,0.106309352826211,-0.0178837832658944,-0.0799811879208435,-0.0884264135933461,-0.0298064238962631,0.0655743927190912,-0.100347732111931,-0.345754155541282,0.319424282565104
0.176852075702231,0.0352711065624042,0.103328716765644,-0.0188773267779486,-0.087432851399449,-0.0541487588997166,-0.0695483223975588,0.0660711684217369,-0.0859413745327914,-0.347741248388378,0.310482389742934
0.187781136553161,0.046696957986771,0.0983609900018761,-0.0203676420449236,-0.0839554084461587,-0.0407357635834054,-0.0904128191049326,0.061600187099313,-0.0755091845684817,-0.34476060911488,0.306508215155355
0.205168278821497,0.0392453157541202,0.108793216214016,-0.0303030771569639,-0.0660714161206951,-0.0685553094190759,-0.0899160453737561,0.0601098599915298,-0.0963735645161703,-0.349728341236849,0.322404913504634
0.223548972062164,0.0526582717706183,0.105315807478602,-0.0173870115103359,-0.0765037449825516,-0.0765037510864103,-0.0804773444758898,0.0407356075793183,-0.10879283828787,-0.340289650201968,0.313959792507075
0.240439338843749,0.0447098533849963,0.107302898185765,-0.0427223710546496,-0.0884264065311587,-0.100349076099466,-0.0839547605938337,0.0377549533644077,-0.106308983532908,-0.345257382320765,0.323398457153255
0.262297460537657,0.059613137849193,0.0869352184521951,-0.030799848920501,-0.0924006270507651,-0.0904135240098553,-0.0859418555181242,0.0437162617940748,-0.111276693044884,-0.336315464494558,0.317437195273832
0.249381297710369,0.0501743910225687,0.103328716784094,-0.0625932412838332,-0.101839400782696,-0.0983619656786966,-0.0625934901580336,0.034774299139161,-0.1251862796718,-0.370592816148458,0.33085003450665
0.22702640051122,0.0521614956183003,0.09836099001663,-0.0705415893760667,-0.10730395399462,-0.0919038568205181,-0.0670644537384965,0.0387485047580135,-0.134128156788431,-0.360657351896324,0.335320980917823
0.226529625017677,0.0576260332556937,0.114754488337796,-0.0740189916687388,-0.130652499542584,-0.0730263078582127,-0.0645805850828913,0.0397420561628039,-0.127173363471664,-0.362644444746169,0.336314524564471
0.262297460588722,0.0904132591088945,0.110283534249274,-0.0556384366765254,-0.126678279024113,-0.0611036453451537,-0.0789870232685661,0.00993551404146198,-0.109786380167772,-0.35370252690973,0.341779014618218
0.293594316661539,0.0958777967458244,0.113264170309841,-0.0288127618686135,-0.0998522905135795,-0.094387744829571,-0.0596128477381327,0.0124193925544982,-0.102334815906805,-0.362147671512246,0.353204766557285
0.284652357783848,0.0774970792343334,0.119722215102451,-0.010432206917122,-0.102336178337299,-0.121213735469824,-0.0561354316185439,-0.0019871028248401,-0.112270234920309,-0.363637991148936,0.363140203025454
0.208148931715987,0.0516647194761335,0.132638304689401,-0.0481868603885,-0.11972339309796,-0.139097729238658,-0.0298064238859787,0.02434200939563,-0.112270234920309,-0.391457291056392,0.383011075952711
0.170890769728106,0.0322904496720619,0.130154441306519,-0.0760060787148194,-0.117736282838157,-0.137607396425829,-0.0283161026920355,0.0496775702384342,-0.125186279651124,-0.38599278572259,0.397417458829769
0.137110036153935,0.0283162404782403,0.130651213983273,-0.0814705680325635,-0.11972339309692,-0.128168621938611,0.00894192710783303,0.0496775702384342,-0.137605553429043,-0.407354033848478,0.419275419054033
0.142574566574535,0.0342775542612658,0.12618025989209,-0.0844511985654254,-0.107303953975662,-0.11425884902019,-0.00745160602600401,0.0298065421323445,-0.109786380177998,-0.384005692878019,0.403875492527867
0.134626158677623,0.0417291964931271,0.1251867145391,-0.0745157634463815,-0.0973684026790105,-0.104323296934557,-0.0188774018367012,0.0466969160325739,-0.0973671064034993,-0.365625084012305,0.420765734518019
0.145555219532948,0.04272274879093,0.123696396508572,-0.0615996977981279,-0.111278174497632,-0.0928974120359584,-0.0208644967617105,0.0372581776864557,-0.0755091845699601,-0.349231568007844,0.425236680928667
0.146548770520024,0.0327872258129037,0.103825489450544,-0.0611029260419945,-0.101839400762332,-0.0963748552647212,-0.00745160602741361,0.0253355608255787,-0.0789865812280387,-0.351218660857901,0.427223768221886
0.178342402097323,0.0417291964921797,0.11674157903634,-0.0134128374933939,-0.105813621280804,-0.0770005286938587,-0.027322555268109,0.0273226636351078,-0.0655737655468781,-0.329360639497971,0.409339982588522
0.151516525465791,0.0337807781107696,0.141580212853702,-0.0342772512297295,-0.104323288586785,-0.0665681989996579,-0.00596128483584774,0.035271074874664,-0.0859413745334854,-0.358670259030458,0.404372264354567
0.121213220357361,0.0362646588564082,0.141083440177436,-0.0794834810060163,-0.1068071764108,-0.0476906500274094,0.0268257814012644,0.0720324768557097,-0.114754089700784,-0.38748310536318,0.443617238378469
0.174864973727288,0.0596131378698643,0.127670577913866,-0.0307998489116689,-0.108297509105245,-0.0263292130273207,0.0139096644052349,0.0586195328988501,-0.117734715409388,-0.365128310791417,0.432688258269762
0.181819830635755,0.0491808387379615,0.142573758205613,-0.0273224466187341,-0.111774952060024,-0.0332840994879966,0.0238451390283474,0.0730260282651404,-0.11475408970153,-0.387483105348903,0.449081728433571
0.22553607407631,0.0680583324026132,0.151515666384653,-0.00645803286821667,-0.108297509107313,-0.0218582145874723,-0.0044709636124621,0.0596130842923151,-0.085941374548661,-0.367115403646933,0.422256049974768
0.211129584783155,0.0442130772614146,0.149528575677076,-0.0402385122721156,-0.119723393098598,-0.0327873218798267,0.0119225695213749,0.0755099067788322,-0.103328357825993,-0.400399208868997,0.454546218490205
0.244413542835224,0.0387485396249478,0.151018893706539,-0.0367611099816322,-0.127175056570644,-0.0228517697983798,0.00149032116609127,0.0874325236406348,-0.104818670678522,-0.402386301718472,0.4396430637934
0.253852277206572,0.0387485396249478,0.159960801887708,-0.0432191428047023,-0.123697613615119,-0.0308002114663839,0.0079483796715634,0.0834583180198282,-0.128166905365225,-0.413315312386513,0.453055903022189
0.255342603687115,0.0347743304325577,0.161947892594575,-0.033283707684658,-0.158472043187324,-0.0561358692914209,-0.00447096360058789,0.0899164021537224,-0.125186279658263,-0.437160426603691,0.46150102401721
0.283162031285293,0.0640841231907154,0.158967256537201,-0.0620964695023228,-0.172878592573124,-0.0710391974214406,-0.00248386867552269,0.0864389722369115,-0.130153989168747,-0.422754003448639,0.462494567663729
0.308994356930967,0.0685551085305902,0.125186714536542,-0.0715351328664837,-0.189272252213184,-0.0680585317953738,-0.0168903068712185,0.081967990915066,-0.140089408194193,-0.403379848159297,0.478391266010101
0.307007254955407,0.0720325415740416,0.112767397625089,-0.0670641870598185,-0.189272252213184,-0.0720327526303806,-0.0397418984846658,0.0700453740640614,-0.129657218214993,-0.406857260650736,0.448088184805334
0.336317009064327,0.0953810205642386,0.112767397625089,-0.0740189916373715,-0.182317366306686,-0.052161648461626,-0.0630902638473551,0.0675614955525034,-0.115250860627556,-0.416295951688881,0.436662432870147
0.350226722875666,0.113264961930372,0.0978642173333417,-0.041232055762685,-0.18132381117669,-0.0471938724180768,-0.0690515486205588,0.0765034581882118,-0.108296067310963,-0.402883074951177,0.43268825828563
0.353704151328002,0.102832662801785,0.0859416730935575,-0.0422255992741141,-0.18927225221231,-0.0427228739802484,-0.0755096071238744,0.0943873834832296,-0.135618469610071,-0.423250776653147,0.464978426798536
0.342278314986363,0.104819767397812,0.0899158545084747,-0.0248385878090025,-0.18778191951744,-0.0432196515845667,-0.0824644393606337,0.093393832078208,-0.14754097243762,-0.432192694484113,0.47193323232135
0.323897621739008,0.111277857331681,0.0988577626824587,-0.0397417404868176,-0.197717470817637,-0.0541487588743885,-0.0591160740024923,0.0914067292684217,-0.153998994799874,-0.44908298371319,0.47541063508446
0.305020152992878,0.11525206652247,0.0968706719759462,-0.0710383611208672,-0.200698136208051,-0.0720327526371945,-0.0601096214647208,0.124690701317269,-0.181818168079482,-0.46597327294002,0.483855756077937
0.320916968780006,0.133632784031625,0.0998513080358036,-0.066070643562721,-0.148039714306979,-0.0506713156456572,-0.0690515486260194,0.115251962966999,-0.168405352403695,-0.429212055201254,0.475410635082916
0.294091092167991,0.0854454976132167,0.104819034797798,-0.0615996977606708,-0.125684723884992,-0.0496777604366962,-0.0660709062388371,0.116245514371866,-0.163934413844204,-0.462495860438375,0.484352527900416
0.27223297046948,0.0879293783572229,0.122702851159603,-0.050670719128897,-0.11773628284578,-0.0397422083525283,-0.0670644537010375,0.112768084454156,-0.148534514356884,-0.469947458624204,0.500249226240145
0.295581418672695,0.0804777361206232,0.115748033685154,-0.03725788171498,-0.124194391189602,-0.0486842052337429,-0.0620967163912783,0.120219719986901,-0.141082950089386,-0.459018447939004,0.514158837287952
0.279187827395516,0.0536518240873433,0.105812580149635,-0.0481868603418011,-0.127175056577818,-0.0606068677329862,-0.04023867222104,0.120219719986901,-0.143566804845094,-0.459018447939004,0.534029710216506
0.257826481182177,0.0506711671939355,0.11177385226793,-0.0914060030971304,-0.120220170669169,-0.0745166406575615,-0.0327870662548465,0.108297103138364,-0.15648284957785,-0.485844201424049,0.533532938393412
0.251865175263602,0.0675615562569384,0.116741579035542,-0.0998511229462978,-0.12767183414281,-0.0635875333686606,-0.0442128620741278,0.101839019005974,-0.150521598163926,-0.492799026400543,0.527571676516169
0.247394195824201,0.0660712278099343,0.12369639650937,-0.109289786311171,-0.128168611707755,-0.066071421390409,-0.0442128620741278,0.113264860160619,-0.158966704337776,-0.502734490662196,0.521113642816455
0.250871624277402,0.0566324809829099,0.10332871677277,-0.0923995466104979,-0.125187946317199,-0.066071421390409,-0.0630902638506872,0.112271308755649,-0.147044201516795,-0.502734490662196,0.523597501932768
0.302536275549956,0.0625937947678304,0.116244806360873,-0.0700448175811115,-0.117736282841962,-0.0312969890862967,-0.0640838113129705,0.0849486451377023,-0.120715341090463,-0.515153820985791,0.514655609116085
0.277697500878287,0.0397420919164324,0.130154441299837,-0.0660706435354949,-0.142575161080637,-0.0452067620088207,-0.0665676799696817,0.0943873834879728,-0.14108295008319,-0.53601829590972,0.532042622927321
0.274220072426551,0.0457034057055224,0.104819034798212,-0.0799802527007558,-0.152510712376343,-0.0476906500313018,-0.0625934901208794,0.110780981660861,-0.145057117691577,-0.532044110206645,0.541978059388744
0.262794236076818,0.0248388074476872,0.0909093998517966,-0.0819673397242646,-0.143071938646208,-0.0476906500313018,-0.067561227432712,0.114755187281051,-0.157476391470741,-0.544463440522969,0.531545851104046
0.260807134102894,0.0337807781313222,0.0879287637904313,-0.0735222198757349,-0.132639609784103,-0.0362647651281294,-0.0794837969784558,0.0899164021606512,-0.167411810494694,-0.542973120884574,0.522107186465016
0.262794236076437,0.0293097927894574,0.0834578096975184,-0.0899156878273162,-0.139594495691594,-0.0342776547111702,-0.0834579868255994,0.0809744395163818,-0.171882749055753,-0.553405358353341,0.510681434532367
0.270245868478437,0.0223549267033646,0.0665675386901521,-0.0864382855331557,-0.152013934815807,-0.0154001057440922,-0.0715354172861588,0.0789873367075726,-0.169398894298801,-0.559366636910809,0.508694347239927
0.290613663694579,0.0288130166360018,0.0650772206600239,-0.0774963939282674,-0.140091273259257,-0.0317937666793432,-0.0710386435547335,0.0799808881126972,-0.168405352396654,-0.547444079809834,0.495281508012715
0.300052398065746,0.016393612907283,0.0794836282751653,-0.0630900130047473,-0.141581605954163,-0.0248388802191068,-0.0695483223609139,0.0829615423258339,-0.158966704320235,-0.542973120891436,0.491804105250877
0.29160721467859,0.00894197067273657,0.0720320381214193,-0.0725286763651063,-0.132142832220211,-0.0248388802191068,-0.0769999283308395,0.091903504968715,-0.18330848092069,-0.557876317282725,0.508694347237501
0.278691051870097,0.0154000606046899,0.0779933102356348,-0.0730254481210396,-0.143568716216661,-0.0427228739691022,-0.082961213105702,0.0829615423216689,-0.180824626165292,-0.53403120306872,0.50670725994462
0.296078194142761,0.0233484789903118,0.0725288107967096,-0.0844511985043442,-0.121213725800525,-0.0372583203199892,-0.0655741325159817,0.0819679909165958,-0.175360145701777,-0.532044110217818,0.499752454421079
0.300549173580623,0.0347743304151632,0.0844513550375584,-0.0596126107161141,-0.113265284763582,-0.0193743265639656,-0.0715354172895168,0.0491807945568196,-0.165424726682302,-0.524095738814207,0.486836387020723
0.283162031299633,0.0457034056953937,0.101838398718766,-0.0715351328613679,-0.127175056577901,-0.039245430736488,-0.0526580155119072,0.0551421029855613,-0.181321397130977,-0.546450533404414,0.507700803587258
0.296574969620665,0.0551421525244188,0.114754488314172,-0.0844511985135237,-0.133136387355608,-0.0342776546933575,-0.0556386578995874,0.0715357011686309,-0.171882749058104,-0.560360183367396,0.521113642810443
0.305020153006526,0.0601099140153272,0.13015444129583,-0.0700448175856511,-0.132142832225825,-0.0352712099018162,-0.0581225265545014,0.0616001871145577,-0.181321397134759,-0.558373090515753,0.536513569327558
0.327375050199683,0.0660712278035328,0.139593122154995,-0.0476900885663953,-0.126181501445281,-0.0303034338603602,-0.0750128334043919,0.039742056204081,-0.179831084280737,-0.551915038745249,0.546449005788721
0.317936315833213,0.0506711671919988,0.150522121039512,-0.0630900129995565,-0.128168611704233,-0.0357679875079764,-0.0521612417737779,0.0347742991779443,-0.198211609478501,-0.570792420825309,0.569300509654469
0.32042019329874,0.0690518847081652,0.154496302448398,-0.0814705679727955,-0.126678279009327,-0.052161648453243,-0.0541483366988979,0.0273226636442346,-0.182811709995039,-0.553405358375052,0.578739174293005
0.323897621752606,0.0695486608572087,0.164928528662711,-0.0814705679727955,-0.137607385438504,-0.0765037510715065,-0.0422257671485094,0.0198710281087897,-0.162940871951612,-0.544463440538851,0.567810194184869
0.318929866824551,0.0556389286938678,0.158470483872215,-0.0794834809491369,-0.112271729628727,-0.0819683047200438,-0.0397418984920748,0.0248387851354406,-0.16542472670701,-0.567811781539754,0.593642328984231
0.315452438370951,0.0591163617367298,0.153502757108003,-0.0899156878266282,-0.11425883988697,-0.0928974120195362,-0.0352709349145978,0.0233484580277345,-0.174863374781301,-0.589173029698043,0.611526114613624
0.330852478651019,0.0625937947779702,0.167909164721001,-0.0869350572941415,-0.125187946313547,-0.104820074522045,-0.0417289934215078,0.0337807477846463,-0.176850458584798,-0.600598813591798,0.629409900243718
0.305020152954881,0.0213613743758975,0.177844618244989,-0.114257503904188,-0.114755617451939,-0.116245959428828,-0.0342773874621563,0.0511678973579033,-0.192250358094101,-0.632392299277325,0.628416356597951
0.317439540282988,0.0074516422054811,0.174367209508748,-0.109289786344666,-0.11127817449807,-0.13214284277053,-0.0258322340316887,0.0476904674414524,-0.189269732387811,-0.629908433211747,0.61152611461243
0.310484683377185,0.0104322990995206,0.176851072891556,-0.131644515375178,-0.0998522905089588,-0.142078394857419,-0.0258322340316887,0.0566324300903496,-0.186289106678908,-0.645308402817513,0.61550028919648
0.302536275488491,0.0104322990995206,0.184302663039758,-0.141579950491721,-0.108297509115232,-0.155988167776133,-0.0367612561195447,0.0606066357122875,-0.188276190484296,-0.635372938559562,0.612519658258404
0.299058847036821,0.00397420916263995,0.177844618245226,-0.125683254302851,-0.0968716251288395,-0.15896883340264,-0.055141884167955,0.0392452804852503,-0.155986078661706,-0.642327763541238,0.610532570966275
0.304026601967159,-0.0168903891000602,0.170889800779055,-0.126676797815406,-0.0849489635734247,-0.152510724544053,-0.0332838400037987,0.0457033646146323,-0.163437642926404,-0.673624475963362,0.607055168204982
0.294091092097731,-0.0208645982927029,0.185792981073907,-0.13959286347374,-0.0789876327931642,-0.149530058915977,-0.0178838543463309,0.0392452804815737,-0.172379520043483,-0.683063167012811,0.62394541018896
0.284155582238767,-0.0258323597816107,0.185296208397611,-0.147044439813492,-0.0914070719117627,-0.153007502147523,-0.0178838543463309,0.0501743459356808,-0.185792335728003,-0.678592208095484,0.612519658260636
0.280678153784701,-0.0288130166754608,0.181322026985178,-0.170392712368817,-0.0958780699935006,-0.136117063595897,-0.0183806280771064,0.0660711684119138,-0.200695464275501,-0.690514765217718,0.610532570968896
0.240439338840099,-0.0447098534396291,0.161947892606194,-0.20914090932626,-0.103329733469446,-0.134129953178394,-0.00347741614160899,0.0789873366745215,-0.223050157078555,-0.697469590199949,0.611029342791834
0.295084643166958,-0.00546453763358291,0.15996080190187,-0.179334603935357,-0.124194391197875,-0.120220180249129,-0.027819328953671,0.0546453272675526,-0.186785877607979,-0.650772908117976,0.610532570968942
0.275710398932516,-0.00347743303730354,0.168902710079313,-0.172876571109849,-0.123697613633084,-0.115749181808193,-0.0303031976092761,0.0481872431353296,-0.200695464241164,-0.662198692022374,0.626429269308464
0.290116888235325,0.00993552298118425,0.159960801899475,-0.150025070323391,-0.123697613633084,-0.118233069830569,-0.0273225552234208,0.0462001403248236,-0.186785877605541,-0.65474709382445,0.613016430085631
0.278691051891062,0.0278194643367044,0.165922074015642,-0.145057352764494,-0.117736282851831,-0.12171051306153,-0.022851591641217,0.0725292525493813,-0.188772961411127,-0.665179331295436,0.613016430085631
0.272232970479581,0.0312968973798612,0.17486398219202,-0.160954048953363,-0.145059048916648,-0.110284628161968,-0.0153999856733644,0.0973680376948493,-0.218082447524815,-0.676108341986163,0.606558396385496
0.271239419493591,0.051664719493665,0.173870436839474,-0.156979874903445,-0.152013934823146,-0.104820074513776,-0.0203677229810503,0.089916402160754,-0.220566302280337,-0.656734186671041,0.585197207987718
0.283658806829783,0.0591163617293172,0.166418846693711,-0.148037983292928,-0.148039714303918,-0.0869360807532314,-0.0293096501353823,0.0998519162107135,-0.21957276037824,-0.6636890116579,0.569797281473217
0.257826481178668,0.0432195249577363,0.159960801900524,-0.156979874904345,-0.154497822648509,-0.0914070791945452,-0.0278193289416872,0.101839019019883,-0.201192235183237,-0.680579300906755,0.562842475949949
0.273723296964881,0.0466969580005247,0.165425301342377,-0.121212308447871,-0.154497822648509,-0.0914070791945452,-0.0188774017898431,0.078490561003384,-0.157973162426337,-0.66021159916088,0.562345704126998
0.250871624252505,0.0417291965095112,0.189270389805625,-0.120715536691524,-0.146549381607594,-0.115252404215639,-0.00645805851976518,0.0799808881100487,-0.150024827204587,-0.693992177682869,0.568803737824604
0.245903869318457,0.0501743910414602,0.183805890367513,-0.12220585196,-0.130155721962074,-0.120716957865443,0.00248386863954267,0.078490561002497,-0.165424726697691,-0.711876013360032,0.577745630635681
0.283162031294926,0.0660712278056285,0.17933493627939,-0.134625145857085,-0.143071938650487,-0.105316852130927,-0.00943870091217282,0.0794841124075957,-0.155489307672992,-0.687534125919954,0.571784368759138
0.260807134097488,0.0511679433401685,0.215102568970005,-0.149528298540904,-0.153504267509861,-0.0914070792089889,-0.0218580441898534,0.0789873367049371,-0.168902123357175,-0.701443775891821,0.597616503554452
0.272729745934865,0.0312968973887482,0.200696161352291,-0.152508929076092,-0.141581605952461,-0.0844521927475804,-0.0153999856842012,0.051167897372249,-0.161947330038492,-0.691011538420834,0.596622959908374
0.273226521428114,0.0213613744069312,0.200696161352291,-0.140586406933239,-0.124194391179805,-0.106807184947555,-0.012419343297931,0.05563887869502,-0.157973162427319,-0.689521218780812,0.603577765431551
0.23050382899448,0.0109290752776819,0.206657433466684,-0.148037983277494,-0.117239505273307,-0.109787850573685,-0.00695483225955251,0.0591163086112911,-0.169895665258152,-0.716346972299413,0.637855021226817
0.243916767310888,0.0288130166335809,0.204670342760586,-0.152508929082245,-0.118729837967929,-0.105316852135668,-0.00645805852863861,0.0571292058017105,-0.186289106649111,-0.721811477648049,0.649777544980524
0.280678153806655,0.0432195249582838,0.202186479377926,-0.13959286342261,-0.11624595014285,-0.0904135240012523,0.00298064236187313,0.0442130375384343,-0.206656715649998,-0.727772756210118,0.655242035034628
0.25931680759168,0.0422259726603967,0.195231661906167,-0.149528298542905,-0.111278174496533,-0.0928974120227915,-0.00993547463667246,0.0635872899371088,-0.226030782736275,-0.751121097237742,0.651764632273788
0.292600765666057,0.0397420919144948,0.18380589035511,-0.129657428299314,-0.108794286671868,-0.075510195859196,-0.0243419128307647,0.0705421497666816,-0.240933911279669,-0.735224354396248,0.648784001336568
0.300052398066773,0.0462001818486377,0.161947892584775,-0.119225221422348,-0.132142832231499,-0.0765037510683873,-0.0332838399900726,0.0546453272789303,-0.229011408445253,-0.717837291932107,0.629906672066273
0.280678153845686,0.0312968973825458,0.177347845549935,-0.113263960350772,-0.128168611711136,-0.0953813000346697,-0.0203677229760737,0.0635872899225056,-0.246398391741742,-0.748140457933779,0.630900215712429
0.288129786246972,0.0506711671857958,0.148535030332941,-0.0874318290393068,-0.118233060416375,-0.0909103015972179,0.00347741610944271,0.059116308597999,-0.245901620790314,-0.745159818653221,0.620468007431817
0.254349052693505,0.0447098533970847,0.14605116694932,-0.110780101580523,-0.106807176430255,-0.102832964103746,0.0139096644597915,0.0720324768646177,-0.265772458850163,-0.784901675716757,0.644313054930515
0.297071745077239,0.0705422131410484,0.137606031449532,-0.0953801771566659,-0.103329733477461,-0.0690520870097458,-0.00943870091264333,0.0616001871098656,-0.242424224150598,-0.767514613258633,0.643816283107473
0.340787988496863,0.0765035269297595,0.129160895953514,-0.0700448175976823,-0.110284619383959,-0.0625939781536079,-0.0382515773156598,0.0392452804942749,-0.231495263222061,-0.762050107909124,0.637358249409277
0.341284763989929,0.0551421525308512,0.133631850041903,-0.050173947362096,-0.108794286689337,-0.0779940838881239,-0.0412322197013496,0.0362646262795185,-0.221063073244428,-0.758572695414353,0.643816283107642
0.295084643115224,0.0591163617223146,0.149031803008438,-0.0725286763937337,-0.0943877373097064,-0.0829618599318826,-0.0417289934323047,0.0407356076024052,-0.213114738022082,-0.764533973978327,0.673622592479845
0.325387948205665,0.0491808387411298,0.163934983301516,-0.0591158389825182,-0.102832955909148,-0.0536519812943925,-0.0586193002906552,0.0332839720667673,-0.203676089952045,-0.762546881123775,0.669151646072585
0.30700725494599,0.0665680039569138,0.173373664148602,-0.0680577305896577,-0.0894199616610615,-0.0476906500412542,-0.0457031832885161,0.0427227104028721,-0.193243899970494,-0.776953304323304,0.666667786958057
0.314955662837727,0.0402388680604007,0.1997026160048,-0.0586190672295364,-0.0660714161014309,-0.0382518755556272,-0.0606063952306488,0.0601098599981751,-0.187282648555973,-0.801295191777635,0.679583854354534
0.336317009029389,0.0690518846862959,0.18628975374562,-0.0551416649386152,-0.0700456366217935,-0.0178839937768609,-0.0889224979273986,0.0367614019756344,-0.166915039553045,-0.77446943826546,0.679583854354534
0.317936315769011,0.0437163010942085,0.191257480510718,-0.071535132882355,-0.0774973000924207,-0.0278195458612381,-0.109786994625484,0.0531550001604008,-0.177347229535641,-0.789372634673013,0.690016062635146
0.330852478603472,0.0387485396024578,0.217586432358297,-0.0933930901800242,-0.0844521859962712,-0.0352712099308793,-0.0874321767524045,0.069548598332441,-0.199701922376766,-0.802288738236885,0.693990237216809
0.272232970431088,0.00397420917125778,0.234973476029674,-0.118728449722424,-0.0884264065137973,-0.0620972005603935,-0.0640838113799697,0.0789873366822229,-0.225534011833221,-0.83557254352804,0.72727394934628
0.277200725360476,0.0158968367441316,0.229012203912265,-0.138599319962013,-0.0914070719030055,-0.0645810885817757,-0.0526580155594165,0.0844518694128824,-0.234475888956122,-0.830108038180131,0.724790090231297
0.265774889017526,0.00198710456693449,0.228018658559393,-0.163934679515894,-0.101342623202494,-0.0561358693067633,-0.053154789290413,0.084948645115374,-0.253849956061805,-0.850475739944439,0.740686788561064
0.323897621717511,0.0228517028110612,0.222057386445,-0.137109004680968,-0.0909102943475866,-0.0427228739910173,-0.0591160740629534,0.0789873366846269,-0.249379017500635,-0.825637079273779,0.717835284711129
0.3099879079099,0.031296897345337,0.227025113206403,-0.148534755067724,-0.0839554084419158,-0.0770005286723706,-0.0432193146664164,0.0715357011460969,-0.274217565063005,-0.81371452215091,0.724790090233307
0.34227831497905,0.0208645982174145,0.221063841093075,-0.148534755067724,-0.0978651802549116,-0.0809747495076287,-0.0700450961428473,0.0327871963682996,-0.255837039870763,-0.807256470370436,0.724790090233307
0.365129987654231,0.044213077221467,0.216096114330933,-0.157973418427846,-0.0988587353845769,-0.0735230854426973,-0.047690278234314,0.0312968692607478,-0.257327352724225,-0.795333913245981,0.702435358198171
0.363142885683656,0.0322904496564265,0.232986385322215,-0.154496016137537,-0.0834586308723851,-0.0804779719017613,-0.0288128764314902,0.0382517291002188,-0.246895162755214,-0.820172573904081,0.694983780851373
0.417788189933074,0.0491808387208609,0.232986385322215,-0.137109004682493,-0.0879296289560377,-0.0844521927366845,-0.0288128764314902,0.0193742524013877,-0.222056615186624,-0.808746789990558,0.687532203508371
0.456536678397875,0.0650776754907573,0.214109023624391,-0.086438285529441,-0.100349068075818,-0.0640843109519104,-0.0710386435485819,0.00149032712210428,-0.189766503313086,-0.788379088220827,0.657229122312703
0.464981861786808,0.0859422737556685,0.200696161365211,-0.0889221443098586,-0.116245950153487,-0.0606068677204369,-0.0655741325083792,0.00546453274167674,-0.182314939043349,-0.778443623948595,0.633880846642839
0.450575372488963,0.0869358260531336,0.209638069540525,-0.0859415137726445,-0.123697613628369,-0.0591165349075763,-0.0660709062395557,0.0139097196859999,-0.17039243621371,-0.793346820355753,0.64480982674755
0.463988310804087,0.0928971398443719,0.230502521938417,-0.0640835565085467,-0.11177495206955,-0.0536519812606509,-0.0859418554907562,0.00447098133646234,-0.139095866283165,-0.77496621144552,0.621461551073419
0.472930269669452,0.0745164223445674,0.231992839967215,-0.0615996977293798,-0.141581605954541,-0.0496777604278209,-0.0968708775789161,-0.00993551404548559,-0.140586179136776,-0.790862954270935,0.615500289197266
0.550427246502621,0.104322991264749,0.214605796295838,-0.0337804794079627,-0.170891482286986,-0.0278195458426513,-0.143567608346526,-0.0322904206784316,-0.109786380164065,-0.766521066835392,0.589668154394194
0.56483373579743,0.119226275731788,0.222554159113136,-0.0258321313125275,-0.188775474631596,-0.0178839937557623,-0.139096644764322,-0.0183807010056088,-0.124689508697009,-0.757082375775642,0.581719805226612
0.522111043388339,0.101839110518216,0.22156061376053,-0.0307998488722995,-0.183310921419023,-0.0248388802162918,-0.137606323571415,-0.000993551424703421,-0.140089408189342,-0.785895222172781,0.615500289185746
0.529562675777213,0.112768185786401,0.214109023619424,-0.0258321313157792,-0.189272252196588,-0.0183807713613786,-0.137606323571415,0.0298065421198104,-0.153005452913688,-0.791359727521999,0.631396987523815
0.493794840281515,0.0824648406915384,0.215102568972266,-0.0541481214075495,-0.188278697066805,-0.0183807713613786,-0.121212790449439,0.0591163085652952,-0.187779419518423,-0.813217748927888,0.643816283094675
0.492801289295961,0.0854454975846934,0.226528340528763,-0.0710383611107743,-0.176356035511674,-0.0178839937570916,-0.122206337912219,0.0660711683981071,-0.203676089972672,-0.830108038198775,0.649280773148137
0.487833534361628,0.0824648406908434,0.239941202787943,-0.0695480458424865,-0.163936596387461,-0.0213614369885651,-0.127670848952422,0.085942196483629,-0.236462972780455,-0.857430564960138,0.663190384187228
0.482865779429483,0.0680583323734689,0.238947657435366,-0.0606061542335462,-0.163936596387461,-0.0283163234493873,-0.128664396414816,0.090909953507966,-0.265772458916163,-0.836069316780243,0.677099995225048
0.534530430652584,0.0993552297525939,0.21957352306676,-0.0248385878536084,-0.158968820739962,-0.0263292130326374,-0.145057929563707,0.0695485982787175,-0.253353185147883,-0.815701615035994,0.645306598539361
0.484356105868172,0.0968713490082717,0.210631614891978,-0.0144063809845216,-0.134626720064035,-0.0278195458448701,-0.140090192250078,0.105813224564355,-0.243417766125922,-0.829114491805469,0.663687155987833
0.394439741700477,0.0526582717630817,0.222057386449494,-0.0486836321361623,-0.115749172590965,-0.0506713156389379,-0.0943870089443368,0.141084299462248,-0.27372079414708,-0.88723695777559,0.70541598912254
0.385994558321733,0.0541486002092643,0.214605796308388,-0.047690088624458,-0.105813621286512,-0.0655746437708414,-0.0923999140192716,0.1465488321881,-0.27521110700099,-0.887733730989142,0.724293318392835
0.42225916932466,0.0700454369764649,0.212618705602999,-0.0486836321365626,-0.109787841804605,-0.0665681989796558,-0.10730312595394,0.120219719959454,-0.263288604167171,-0.863888616726267,0.712370794645977
0.429710801711393,0.0536518240722764,0.203180024752823,-0.0496771756477666,-0.109291064239743,-0.077497306273622,-0.0978644250600139,0.0963744862518917,-0.259314436558784,-0.842030595338995,0.70293213000855
0.483859330428759,0.0914068113975795,0.19274779854503,-0.0193740985335382,-0.112768507194192,-0.0625939781461141,-0.134128907440933,0.0809744394810297,-0.231495263270119,-0.827624172136782,0.682067713447189
0.488827085356148,0.0919035875464017,0.187780071782296,0.00794834803798578,-0.126678279009174,-0.0511680932504042,-0.136612776098128,0.0789873366719119,-0.185792335748491,-0.804772604303351,0.698957955425653
0.490317411836549,0.106310095863166,0.188276844458355,-0.00347740235509919,-0.120220170667502,-0.0531552036686193,-0.135619228636148,0.070542149738078,-0.161947330064729,-0.804275831089151,0.683558028917786
0.494788391275522,0.104819767416035,0.190263935163449,-0.00844511991512148,-0.11028461936825,-0.0437164291865719,-0.120716016706042,0.0715357011427911,-0.155489307692124,-0.827624172124232,0.677099995222288
0.428717250750716,0.0963745728892769,0.193741343897931,-0.063090013021718,-0.107800731544945,-0.053155203667625,-0.107303125946738,0.108793878852798,-0.183805251895145,-0.843520914947107,0.728764264823037
0.412820434957196,0.0884261545056765,0.213115478270573,-0.0958769489145629,-0.148039714310266,-0.083458637536787,-0.0948837826687119,0.109290654554865,-0.222056615157,-0.874320854232021,0.728267493000222
0.392949415209587,0.0938906921472396,0.214109023623031,-0.113263960391057,-0.155988155349478,-0.0973684104657585,-0.0735225122507152,0.141581075179217,-0.258320894653009,-0.881275679232026,0.754099627774968
0.377549374923622,0.0824648407240833,0.208147751507751,-0.119225221462033,-0.173375370135374,-0.095381300047627,-0.0700450961323841,0.147045607903513,-0.253849956091614,-0.906611113140715,0.759067346002437
0.363639661120273,0.0640841232110335,0.211128387565746,-0.127670341316941,-0.203182024045185,-0.105813629742707,-0.0531547892740336,0.168903738812859,-0.259811207507628,-0.922507855979246,0.774467272508092
0.272232970361783,0.0412324203557608,0.216096114329661,-0.166915310049516,-0.201194913785855,-0.122704068297892,-0.0461999570395967,0.190265094010598,-0.272727252237797,-0.960262620209704,0.807254212817517
0.197219870915823,0.0203678221045588,0.240437975471038,-0.200199017702084,-0.200698136220898,-0.146052615701835,-0.022851591662614,0.208645794993749,-0.274217565091557,-0.97864322912483,0.834079891251451
0.147542321599121,0.0168903890625815,0.242425066176309,-0.228018236029804,-0.20119491378589,-0.158968833410437,-0.0233483653940946,0.213116776313975,-0.307004447868138,-0.991559332679418,0.830602488491792
0.173871422738737,0.0213613744004665,0.239444430119733,-0.21361185510048,-0.224046681773082,-0.150026836529788,-0.0293096501668005,0.207652243590103,-0.314456012141234,-0.97715290947337,0.850473361404001
0.139593913686913,0.0228517028475969,0.241928293500767,-0.218579572661753,-0.244911339506972,-0.172878606334929,-0.0526580155294897,0.232987804392915,-0.292598090280328,-0.996030291608198,0.849976589581224
0.127671301844969,0.0178839413598475,0.239941202795437,-0.188276495556679,-0.255840445931729,-0.177846382379106,-0.0397418985115371,0.238452337117636,-0.294585174085566,-1.01192703444461,0.842028240416444
0.131148730300634,0.0139097321670365,0.226031567863509,-0.192747441364471,-0.242427451668005,-0.166420497473045,-0.0377548035878548,0.24739429975265,-0.29706902884538,-0.997520611224374,0.870344234306547
0.162942361889501,0.0203678221054226,0.216096114336269,-0.168902397057753,-0.234479010628793,-0.155988167775547,-0.0466967307364646,0.215103879128298,-0.263785375058871,-0.983610961226957,0.846002415000052
0.204671503288365,0.0576260332473593,0.2155993416599,-0.138599319965648,-0.219575683668568,-0.129658954751115,-0.0615999426769386,0.191258645410863,-0.254346726988125,-0.942875557704303,0.82563477026331
0.18082627960813,0.0620970185896984,0.218083205041155,-0.135121917672012,-0.193743250277605,-0.125187956309801,-0.0551418841764978,0.187284439792833,-0.261301520309071,-0.953804568413649,0.804273581882825
0.224542523054545,0.0616002424404232,0.223050931803593,-0.107799471077788,-0.203678801576148,-0.114755626612523,-0.0611031689487063,0.187284439792833,-0.28216590027557,-0.968210991626985,0.780925306210827
0.240439338849281,0.0784906315023521,0.218579977719062,-0.0978640359517404,-0.214607908007925,-0.119226625054214,-0.0601096214865333,0.168406963107191,-0.30153996738465,-0.975165816626619,0.775957587983748
0.257826481120948,0.0770003030556323,0.216592887013792,-0.102334981758068,-0.196227138111088,-0.126678289120087,-0.0491805993971566,0.165426308893823,-0.297069028821017,-0.978146455909716,0.783905937148216
0.247890971260082,0.071038989271596,0.214605796309112,-0.122702623764671,-0.178343145771158,-0.139594506837669,-0.0412322197006577,0.166916636000488,-0.297069028821017,-0.987088373760437,0.772480185224964
0.314458887348287,0.0938906921157289,0.212618705604315,-0.0968704924597092,-0.152013934824695,-0.116245959428315,-0.0461999570158074,0.124193925607771,-0.289617464555758,-0.953307795216866,0.751615768662515
0.319923417776526,0.0963745728597351,0.209141296869418,-0.131147743614802,-0.160459153429561,-0.105316852132507,-0.0397418985103353,0.119226168585363,-0.290611006458453,-0.964733579138905,0.751615768662515
0.336317009061239,0.103329438946712,0.22702511320834,-0.112767188633696,-0.147542936739305,-0.112271738596406,-0.0417289934340176,0.0899164021550463,-0.261798291263734,-0.966223898781862,0.718332056543906
0.336317009061239,0.110284305032215,0.238450884764156,-0.123696167270697,-0.152013934823489,-0.0988587432778342,-0.0516644680488356,0.0789873367006565,-0.255340268893718,-0.977649682707551,0.716841741075655
0.274220072431412,0.0794841838257899,0.245902474908145,-0.166915310022763,-0.135620275179529,-0.128665399534106,-0.0357677086461057,0.0899164021581572,-0.26527568791568,-1.01788831301598,0.735719070344225
0.280181378353526,0.0938906921453018,0.266270154620503,-0.173373342854287,-0.13363316492001,-0.128665399534106,-0.0576257528108702,0.0859421965393046,-0.259811207449016,-1.02683023087384,0.745654506801756
0.287633010751816,0.118729499596159,0.256831473770608,-0.20119256120512,-0.141084828397019,-0.134129953184485,-0.0625934901225643,0.0735228039853714,-0.241927453190674,-1.00497220945108,0.760557661487664
0.285149133284532,0.116245618852521,0.238947657420511,-0.208644137549187,-0.136117052745502,-0.125684733906448,-0.0889224978888308,0.0745163553903416,-0.233482347012595,-0.988578693384656,0.762544748778573
0.246897420271482,0.099852005932349,0.241431520802062,-0.221063431460968,-0.153504267512367,-0.148536503723145,-0.071038643575191,0.0819679909228944,-0.255837039840841,-1.01788831302714,0.779434990747557
0.251865175202391,0.101839110527196,0.259812109811322,-0.241431073488598,-0.160955930985477,-0.141581617258952,-0.086935402971728,0.0849486451358769,-0.259811207454304,-1.03080441659686,0.781422078038803
0.214110237740494,0.0933939160004377,0.254844383048293,-0.272727694112405,-0.167414039327762,-0.155988167785397,-0.0675612274504602,0.115748738684376,-0.270243397426449,-1.04372052015042,0.800299407310084
0.22752317605947,0.0859422737676291,0.260308882488519,-0.281172813971353,-0.17039470471853,-0.161949499037027,-0.0655741325261697,0.114258411577402,-0.272230481231986,-1.04471406657875,0.811228387411228
0.16542623932024,0.0670647800981761,0.26279274586741,-0.330353217878107,-0.186788364365221,-0.173375383946459,-0.0412322197262984,0.146052056516706,-0.307997989755838,-1.07303013981756,0.862892656956
0.186290810029259,0.0576260332673502,0.280676562199946,-0.332340304903667,-0.191756140015438,-0.182814158429103,-0.0466967307668057,0.16940051452535,-0.314456012125855,-1.06955272731769,0.875311952522969
0.218084441602296,0.0546453763742585,0.279186244171414,-0.350224088139109,-0.20516913426863,-0.189272267289595,-0.0586193003175262,0.19324574822921,-0.326875285910305,-1.07948819160474,0.875311952522969
0.229013502455946,0.057626033266845,0.269747563332191,-0.34624991408869,-0.205665911833492,-0.182814158431416,-0.053154789273826,0.204174813679075,-0.343765498266675,-1.05812694339584,0.889718335381782
0.186787585504001,0.0327872258159882,0.288128152350749,-0.33234030490837,-0.205665911833492,-0.167414052692683,-0.0432193146518199,0.22454261746331,-0.355688001103778,-1.07750109874655,0.893195738140987
0.193245666918449,0.02881301662562,0.308992604757333,-0.326379043832892,-0.193246472709871,-0.174368939156729,-0.0114257958445906,0.234974907212393,-0.368107274896316,-1.0814752844583,0.911576295576983
0.239942563316387,0.0501743910344885,0.320418376307709,-0.310979119383446,-0.192252917579945,-0.149530058922235,-0.0327870662768519,0.231000701595391,-0.343765498262333,-1.07402368623974,0.88773124808918
0.228019951480607,0.0407356442074642,0.304024878003129,-0.279185726959279,-0.193246472709894,-0.143071950064465,-0.0213612704591603,0.23149747729751,-0.352707375395535,-1.05663662374413,0.908098892818478
0.227026400494026,0.0332840019754452,0.326379648425118,-0.290611477358118,-0.205665911835289,-0.140588062042036,-0.0228515916523575,0.223549066063918,-0.381520090585202,-1.08296560409253,0.922505275677102
0.231497379932144,0.0372582111665716,0.337805419976174,-0.276205096424442,-0.197220693229217,-0.13512350839465,-0.0298064238883421,0.210136122095952,-0.385991029148388,-1.08793333623499,0.923498819322506
0.284155582296592,0.0551421525380115,0.322405467021095,-0.248882649794442,-0.197220693229217,-0.106310407329316,-0.0546451104191686,0.199703832356047,-0.370591129637156,-1.06806240764185,0.885744160815917
0.266768440040241,0.065077675517723,0.30650874139312,-0.241431073449625,-0.183310921411588,-0.103826519307202,-0.0581225265367257,0.195232851037441,-0.371584671540423,-1.07998496478694,0.873821637071705
0.258820032150633,0.0640841232199409,0.300050696601279,-0.223050518457874,-0.181323811151312,-0.0884264135658723,-0.0601096214626197,0.186290888401964,-0.373571755346656,-1.07253336657116,0.889718335395869
0.268258766520536,0.0625937947736949,0.288624925051922,-0.221560203189174,-0.192252917581269,-0.0928974120059615,-0.0596128477314574,0.186290888401964,-0.351713833476444,-1.07402368621285,0.894686053621781
0.313962111924283,0.0904132591168857,0.276702380825975,-0.225037605483334,-0.195730360538118,-0.0978651880496153,-0.0665676799662812,0.165426308915405,-0.33929455968795,-1.05315921122061,0.894189281799057
0.329362152213787,0.0899164829680425,0.28017978955787,-0.228515007777144,-0.211130465052507,-0.0765037510594283,-0.0735225122005242,0.164432757510975,-0.32786882779853,-1.06607531478964,0.871337777958369
0.314955662908495,0.0909100352656558,0.271734654064868,-0.240437529930503,-0.224543459310487,-0.0770005286638617,-0.0551418841526256,0.15847144908393,-0.333333308264782,-1.05117211836146,0.865873287906976
0.32091696882707,0.0958777967540373,0.269747563360188,-0.240934301686737,-0.22802090226568,-0.0611036453291929,-0.0680580011644679,0.172381168738037,-0.331842995408969,-1.07452045943072,0.859415254213501
0.318929866853793,0.111277857364266,0.268257245332987,-0.229508551287898,-0.22404668174475,-0.067561754188052,-0.0849483080293982,0.178342477163539,-0.323397889228351,-1.06259790228723,0.848486274114354
0.297568520642499,0.111277857364266,0.262295973220368,-0.237953671144294,-0.233485455481173,-0.0869360807617718,-0.0745160596764369,0.192748972536167,-0.330849453502567,-1.06458499514458,0.844015327709836
0.265278113544903,0.110781081215244,0.278192698851181,-0.236960127631189,-0.209640132362968,-0.112271738593214,-0.0794837969867488,0.204174813679577,-0.340784872540703,-1.05961726299961,0.863886200612708
0.250374848744471,0.111774633512983,0.281173334907579,-0.250869736810458,-0.213117575316506,-0.128665399544007,-0.0774967020623473,0.211626449210009,-0.33830101778263,-1.04819147906875,0.865873287903669
0.239942563385667,0.113761738108504,0.290115243080232,-0.258321313156401,-0.21212402018644,-0.132142842775041,-0.0491805993892355,0.213116776316211,-0.353204146335728,-1.06955272729527,0.859415254210277
0.228019951549431,0.114258514257264,0.302534559981337,-0.274714781118301,-0.204175579145904,-0.127671844334952,-0.0556386578954262,0.219078084740788,-0.375558839157816,-1.10333330587212,0.857924938742571
0.200200523921958,0.100845558238776,0.314953876883181,-0.263785802481575,-0.208149799668725,-0.136117063611566,-0.0526580155087414,0.231000701593026,-0.393939364367549,-1.12767519336533,0.860408797856129
0.184800483632454,0.100845558238776,0.330850602505481,-0.269250291801657,-0.191756140024764,-0.152013946951258,-0.051664468046541,0.226529720272453,-0.413810202440337,-1.1400945237286,0.868853918842328
0.189271463072883,0.0854454976210396,0.339792510674409,-0.260308400185963,-0.166917261776043,-0.139097729239391,-0.0625934901267944,0.241432991336595,-0.430700414800091,-1.16294609159001,0.87183454977955
0.171387545313049,0.0829616168769803,0.350224736871337,-0.260308400185963,-0.155491377782583,-0.160459166222827,-0.0432193146125349,0.232987804404946,-0.428713330992514,-1.16940414338029,0.877299039827946
0.154497178534051,0.074516422350043,0.334328011239578,-0.267759976532281,-0.143568716224332,-0.158968833409087,-0.0283161026720609,0.239445888530485,-0.431693956702909,-1.19275248446012,0.904124718247523
0.146548770636985,0.0705422131589167,0.337805419972198,-0.275211552879162,-0.149033269442106,-0.143071950065376,-0.0397418984875268,0.261304019420035,-0.442126146691515,-1.20318472196471,0.917040785636919
0.197219870987569,0.0760067507975838,0.323895785046065,-0.251366508579649,-0.17089148229942,-0.116245959421167,-0.0417289934120387,0.254349159594421,-0.430700414798088,-1.18530088625375,0.914060154702149
0.172381096301154,0.0635873470728132,0.32637964842599,-0.231992410082636,-0.163936596392922,-0.111278183374268,-0.0397418984878585,0.247891075468214,-0.448087398111124,-1.21013954698194,0.944363235876458
0.178839177714242,0.0640841232216673,0.323895785045178,-0.232489181839133,-0.170394704739203,-0.105813629725731,-0.060606395190008,0.263291122225528,-0.433184269558026,-1.19126216482701,0.949330954102241
0.164432688404812,0.0695486608573232,0.317437740257756,-0.222056974952711,-0.171388259869104,-0.118729847443857,-0.0526580154904126,0.259316916609349,-0.433184269558026,-1.19324925768637,0.9542986723277
0.179832728702278,0.0814712884296912,0.320915148988617,-0.235966584127777,-0.150523602132732,-0.124194401095043,-0.0690515486233375,0.254349159588482,-0.430203643847182,-1.19473957732985,0.944363235872503
0.188774687581168,0.0814712884296912,0.29160556111073,-0.218579572660039,-0.152013934827106,-0.112768516193556,-0.0620967163894814,0.262794346526468,-0.408345721968211,-1.18381056660973,0.946350323163102
0.175361749257569,0.0948842444521591,0.289121697730952,-0.215102170366141,-0.174865702814842,-0.118729847444307,-0.0799805707170548,0.260310468016581,-0.395926448172874,-1.15499772018038,0.963737336958902
0.182813381658999,0.0928971398567225,0.275708835476562,-0.218579572660127,-0.187781919503562,-0.118233069839822,-0.0735225122169735,0.257826589506566,-0.399900615788228,-1.16443641126249,0.96473088060398
0.207652156330192,0.0889229306665227,0.285644288998185,-0.208147365776069,-0.197220693236616,-0.112768516190248,-0.0869354029628403,0.233981355801471,-0.396919990077833,-1.16393963804772,0.940389061298121
0.204671503368166,0.0854454976237343,0.290612015757814,-0.21212153982889,-0.175362480374101,-0.105813629730745,-0.078987023264351,0.229013598783304,-0.395926448173919,-1.16344286483309,0.924989134794878
0.231497379984289,0.094884244451159,0.300050696601811,-0.219076344413271,-0.166917261767426,-0.103826519313869,-0.094883782668408,0.213116776315298,-0.372578213455644,-1.16542995768901,0.911079523762868
0.262794236085274,0.0973681251966401,0.307999059415089,-0.249379421558018,-0.190265807319835,-0.104820074523165,-0.107799899679532,0.227523271670778,-0.364133107273123,-1.15201708089168,0.898660228202544
0.270245868482993,0.10432299127949,0.313463558852388,-0.23845044291799,-0.183310921408538,-0.105813629731896,-0.108296673410832,0.224542617460649,-0.384500716298496,-1.15648803982139,0.899157000025086
0.262297460584711,0.0864390499216957,0.309986150119665,-0.246895562778001,-0.183807698973507,-0.0998522984764965,-0.0993547462530175,0.249878178249696,-0.391455509626063,-1.13661711123725,0.899157000025086
0.276703949886968,0.0655744516660719,0.302534559981219,-0.232489181846864,-0.195233582969413,-0.0616004229447935,-0.0948837826698173,0.25236205676029,-0.379533006787168,-1.12668164694968,0.912073067416335
0.238949012377356,0.0466969580022203,0.315450649560866,-0.259314856689219,-0.195730360534228,-0.0730263078462806,-0.0943870089389309,0.265775000712985,-0.392449051530921,-1.15002998804133,0.923002047512771
0.278194276341682,0.0466969580022203,0.306508741390607,-0.269250291816268,-0.175859257934779,-0.0844521927477676,-0.0854450817729048,0.27620729045235,-0.402384470566568,-1.1867912059073,0.927472993916121
0.24938129771096,0.0471937341510952,0.311973240828882,-0.267263204791058,-0.167414039329712,-0.0864393031657735,-0.0894192716188323,0.286142804490484,-0.407352180086881,-1.18182347375822,0.928963309383691
0.26875554193798,0.0551421525308211,0.2975668332206,-0.265772889522358,-0.175362480371383,-0.0854457479568962,-0.0938902352030272,0.294587991431092,-0.40486832532856,-1.15400417375228,0.929956853029133
0.273226521380892,0.0571292571267632,0.296076515192866,-0.25732776966107,-0.16691726177154,-0.107800740155458,-0.0789870232778968,0.291607337219575,-0.406855409136436,-1.1564880398256,0.958769618739801
0.255342603639891,0.0471937341504216,0.271734654058009,-0.271734150593659,-0.148039714310147,-0.127175066727137,-0.0819676656677332,0.307007383985655,-0.427719789096142,-1.19225571126848,0.957279303271784
0.244910318277092,0.0546453763852835,0.268257245327665,-0.254843910867894,-0.127671834145954,-0.119226625053942,-0.0546451104629179,0.307504159687375,-0.441132604799473,-1.19970730948802,0.954298672336703
0.246400644756378,0.0471937341535799,0.283160425602118,-0.244411703989878,-0.130155721971151,-0.116742737032193,-0.0591160740452466,0.292600888629789,-0.418281141016339,-1.20368149520422,0.941382604948488
0.2374586858679,0.0466969580045576,0.289121697714914,-0.252856823853504,-0.146052604056384,-0.126678289125362,-0.071535417321199,0.276207290475988,-0.43070041482163,-1.22355242378836,0.940885833125972
0.24093611431897,0.0566324809857424,0.275708835457331,-0.260308400195882,-0.141084828405222,-0.152510724542566,-0.066070906276587,0.269252430645516,-0.440635833853545,-1.22106855771729,0.949330954110189
0.227523175979957,0.056135704836488,0.282166880243407,-0.2757083246589,-0.14605260405402,-0.164433387054369,-0.0720321910481324,0.272233084855953,-0.45454542051007,-1.22951370237465,0.957279303269264
0.200697299352535,0.0521614956454461,0.294089424469355,-0.269250291825749,-0.149530047007559,-0.176356049566173,-0.088922497921053,0.274220187662809,-0.442126146716289,-1.23944916667519,0.963737336962065
0.197219870894938,0.045206629560238,0.293095879117074,-0.292101792627743,-0.152013934832224,-0.172381828730328,-0.0998515200019145,0.262794346518512,-0.425235934352304,-1.24541044525424,0.961253477849417
0.18480048357159,0.0457034057088811,0.302037787289196,-0.287630846822316,-0.149033269441243,-0.179336715193349,-0.0864386292526886,0.297568645646581,-0.436164895291242,-1.27670715776385,0.988079156266544
0.210136033733537,0.0670647801046204,0.302037787289196,-0.270243835354578,-0.169401149599621,-0.16393660945429,-0.107799899682572,0.298065421348533,-0.418777911979077,-1.25286204347367,0.988079156266544
0.193742442460124,0.0889229306470132,0.303528105318881,-0.257824541446548,-0.203678801581633,-0.16393660945429,-0.0909095928134117,0.294587991434691,-0.410829576753744,-1.23547498095815,1.01093066010306
0.193742442460124,0.0914068113914409,0.304521650670481,-0.24888264983288,-0.217091795833867,-0.16542694226781,-0.0963741038510296,0.287633131609437,-0.405861867232934,-1.23448143452871,1.01490483468311
0.192252115980838,0.0834583930083461,0.286141061663409,-0.253850367393153,-0.208646577229403,-0.174865716751846,-0.0953805563881929,0.303529954070451,-0.415300515314081,-1.24739753811218,1.03676279487599
0.22702640052983,0.111277857337386,0.292102333774077,-0.24192784523379,-0.188775474624752,-0.161452721427057,-0.0884257241525952,0.299555748455301,-0.400894157700665,-1.21808791845799,1.02384672748828
0.208645707283179,0.123200484909249,0.303528105327513,-0.2439149322589,-0.183310921409839,-0.16791083028578,-0.101341841169829,0.316942898026758,-0.397913531990568,-1.23696530060639,1.02881444571341
0.241432889877408,0.143568307020031,0.301541014624371,-0.205166735245848,-0.194736805406561,-0.148536503707162,-0.100845067438791,0.308000935394057,-0.389468425805086,-1.2190814648659,1.03030476118055
0.27521362340371,0.160458696077306,0.299553923920637,-0.182812006224341,-0.219078906097547,-0.118233069834808,-0.0914063665372479,0.291607337231349,-0.384500716289751,-1.18828152555146,1.01440806285784
0.270245868463478,0.144561859303366,0.311476468144102,-0.172379799333191,-0.228020902268788,-0.137607396415875,-0.084948308034112,0.303033178375646,-0.393442593421833,-1.19076539162663,1.01490483468038
0.274220072407596,0.132142455584124,0.319921603635597,-0.193244213100518,-0.233485455485912,-0.134129953184109,-0.0814708919155873,0.26925243065211,-0.390461967710616,-1.18530088626403,0.996524277248464
0.25335550168779,0.109787528890434,0.320418376311523,-0.224540833753479,-0.240937118963454,-0.134626730788438,-0.0894192716169522,0.261800795121485,-0.402384470551601,-1.21908146485077,0.98758238444404
0.265278113524026,0.104322991256747,0.340786056037214,-0.242424616983518,-0.228020902267973,-0.122207290676556,-0.0914063665419063,0.252858832483,-0.413313431487255,-1.21759114520733,0.999008136357152
0.276703949873541,0.109290752744812,0.335321556602679,-0.252856823866525,-0.229511234963198,-0.100349076087702,-0.107303125933577,0.245903972655227,-0.410332805775367,-1.20119762912913,1.00795002916076
0.301542724517148,0.122703708764722,0.334328011250368,-0.243418160503076,-0.234479010612469,-0.0953813000430014,-0.132141812521079,0.220071636149396,-0.396423219131034,-1.183810566615,1.00645971369346
0.32588472367371,0.115748842685557,0.332340920547049,-0.240437529964361,-0.239446786261859,-0.0844521927469628,-0.132141812521079,0.20616191648989,-0.389468425804165,-1.22156533092386,1.03527247939849
0.349233171849654,0.113264961941919,0.329857057166532,-0.243418160502401,-0.248885559997608,-0.0556390916986263,-0.115748279385417,0.201690935173019,-0.393442593417727,-1.22255887735325,1.03576925122097
0.358671906225159,0.114755290388354,0.324392557731672,-0.248385878063924,-0.244414561911189,-0.0457035396132025,-0.133135359979976,0.180329579978043,-0.386487800091206,-1.23299111486645,1.02682735841725
0.330355703125212,0.0869358260522393,0.318431285619053,-0.27670186816211,-0.229511234954155,-0.0685553094149734,-0.130651491322504,0.185794112700501,-0.405861867208049,-1.26130718810526,1.04918209043166
0.364136436700028,0.113761738102008,0.324889330403208,-0.279185726945216,-0.238453231129227,-0.0491809828339057,-0.142077287137334,0.16343920610747,-0.398907073882748,-1.24392012558603,1.05365303683425
0.408846231029422,0.126677917969884,0.321908694347874,-0.238450442943804,-0.234975788172709,-0.0193743265826574,-0.171883711032383,0.152510140654777,-0.359662168726832,-1.20666213452004,1.03874988215321
0.421762393857949,0.136613440947489,0.321411921671948,-0.224044062002147,-0.233982233042217,-0.00198711043737812,-0.172877258495302,0.144064953716573,-0.351713833498712,-1.19772021665289,1.02931121752404
0.411826883994798,0.135619888650317,0.320915148996008,-0.210631224578099,-0.233485455477166,-0.00347744325045861,-0.149032119410449,0.158471449076526,-0.348236436836715,-1.2141137327372,1.02036932472276
0.436168883157418,0.132142455608782,0.31694096758795,-0.21410862687366,-0.22851767982683,-0.0367615427460955,-0.146548250754567,0.163439206096621,-0.339791330655463,-1.23497820774833,1.01738869378846
0.417291414430445,0.116245618843603,0.309986150120123,-0.216592485653077,-0.220072461223772,-0.0342776547241377,-0.138599871042807,0.157477897667263,-0.337804246849926,-1.23001047560441,1.00944034462856
0.391955864287417,0.0904132591029241,0.309986150120123,-0.222056974974399,-0.216098240704166,-0.0506713156700952,-0.157477272831448,0.168406963114865,-0.335320392090921,-1.20765568093862,1.00745325733925
0.35916868173651,0.0770003030827308,0.321908694343233,-0.238450442941665,-0.217588573399674,-0.073523085464163,-0.158967594024976,0.179336028554267,-0.355191230170677,-1.21610082559059,1.02633058658861
0.345258967918779,0.0630905709123143,0.339792510668851,-0.244411704017143,-0.211627242619273,-0.0700456422352536,-0.134625681197336,0.19274897251668,-0.371087900634879,-1.21808791845091,1.03725956668177
0.386491333825985,0.0953810205850828,0.3482376461611,-0.2260311490365,-0.212124020184336,-0.0516648708712171,-0.148038571951787,0.149529486396559,-0.340784872588677,-1.19772021664322,1.02334995565211
0.385001007345671,0.0745164223268049,0.347740873485485,-0.218579572688118,-0.190265807318701,-0.0576262021252346,-0.13959341852273,0.182316682724097,-0.363139565428682,-1.21312018630228,1.0442143721906
0.321910519769626,0.067064780096207,0.360656963054755,-0.266766433040353,-0.186788364362763,-0.0948845224451822,-0.12568375403218,0.216097430466863,-0.406855409151591,-1.26528137381551,1.08246580252688
0.358671906246388,0.0725293177320947,0.34525701009372,-0.261798715476703,-0.183807698971569,-0.0973684104651514,-0.130154717616002,0.229013598723789,-0.416294057235337,-1.25782977559616,1.08544643346267
0.363639661178439,0.058122809418384,0.366121462470504,-0.275708324657373,-0.178343145756786,-0.0904135240049151,-0.163935331328944,0.232491028636641,-0.415300515332022,-1.2603136416708,1.08147225888365
0.326381499185562,0.0476905102906825,0.374069825285674,-0.285146988034129,-0.185298031667586,-0.0799811943071974,-0.169896616103641,0.232491028636641,-0.431197185793835,-1.26478460060479,1.11276888368219
0.302536275510806,0.0506711671849749,0.372579507256477,-0.310482347602043,-0.174368925245169,-0.0834586375380116,-0.14853534564582,0.244413645493507,-0.445603543388487,-1.3099909631632,1.128168810178
0.313962111852881,0.0561357048248004,0.36214728106017,-0.28564375979005,-0.183310921415347,-0.0541487588850847,-0.137606323555227,0.230007150129453,-0.441132604823062,-1.29806840601906,1.11127856821474
0.305516928461845,0.0730260938860132,0.378044006677739,-0.270243835335564,-0.180330256024437,-0.0650778661857285,-0.129657943857843,0.221561963199552,-0.428216560068956,-1.31048773639655,1.11674305825886
0.329858927637982,0.0919035875438633,0.371585961895698,-0.277198639925899,-0.188278697065351,-0.0690520870188096,-0.156483725343231,0.235968458556151,-0.424242392451711,-1.30502323103118,1.11078179639026
0.290116888210491,0.0854454976128683,0.376553688653849,-0.296075966663013,-0.17585925794232,-0.0819683047325815,-0.137109549812259,0.296078318535855,-0.439642291944815,-1.31644901496935,1.13114944111052
0.308000805968612,0.114755290398978,0.35270860020692,-0.306011401794815,-0.191259362458909,-0.0839554151509222,-0.15449663040585,0.27422018765705,-0.42126176671897,-1.29161035423521,1.1132656555068
0.296078194125984,0.100845558228857,0.343766692044642,-0.293592107878343,-0.206162689417006,-0.0760069734777268,-0.140586965926139,0.259813692303434,-0.425732705286971,-1.27571361135858,1.12965912563916
0.214110237721246,0.0606066901529242,0.355192463597739,-0.313959749897254,-0.207156244547357,-0.112271738599075,-0.1092902208629,0.274220187656678,-0.438151979088218,-1.31098450962314,1.17536213329191
0.194239217987336,0.0630905708972996,0.349727964168244,-0.300546912472868,-0.243917784383454,-0.124691178708079,-0.108793447131365,0.2776976175689,-0.440139062894899,-1.3114812828381,1.18927174431666
0.237458685894107,0.0933939159696831,0.349231191492407,-0.278192183429973,-0.245408117078927,-0.122207290685493,-0.124193432808544,0.272233084846724,-0.417287599110049,-1.28813294175019,1.14952999853632
0.254845828159113,0.107303648138035,0.360656963046183,-0.276701868160372,-0.271737328015367,-0.130155732357851,-0.121212790421113,0.303033178359361,-0.419771453868805,-1.25733300241278,1.14654936760214
0.25136839970771,0.124690813347186,0.359663417693814,-0.307501717051896,-0.256337223502442,-0.158968833406188,-0.124690206540121,0.340788131704269,-0.432190727664142,-1.29210712743781,1.17685244876617
0.273723296913282,0.12866502253629,0.339295737993576,-0.321411326236068,-0.254846890807147,-0.148039726105544,-0.15499340415537,0.352710748545402,-0.43070041480844,-1.29210712743781,1.17039441507758
0.235471583911954,0.122206932602421,0.332837693209036,-0.318927467453524,-0.241433896552359,-0.176852827165414,-0.144561155795152,0.351717197141846,-0.445603543377216,-1.31148128283133,1.19871040894514
0.223052196578378,0.111774633479363,0.335818329263217,-0.325385500288789,-0.25385333567539,-0.197220708959201,-0.147541798183163,0.363639813974959,-0.467461465258925,-1.32688125249819,1.22007159729859
0.245407093758696,0.107303648141478,0.349231191518805,-0.310482347592962,-0.242924229243092,-0.18182060322144,-0.162941783865914,0.369601122398919,-0.480874280962592,-1.32787479892692,1.22007159729859
0.289620112647595,0.135619888621951,0.353702145600542,-0.310482347592962,-0.245408117070476,-0.194240043336986,-0.166419199984826,0.389472150470044,-0.477396884298504,-1.32390061320988,1.20765230174442
0.353207375820463,0.173374875954457,0.354695690952616,-0.29706951016351,-0.235472565769097,-0.181820603220655,-0.197715945048065,0.39642701029188,-0.468455007160822,-1.30899741675193,1.19076205979219
0.383510680908583,0.174865204400955,0.348734418845673,-0.312966206371191,-0.228517679849195,-0.191756155312568,-0.185793375495353,0.403381870114434,-0.496770951427665,-1.3343328507328,1.19076205979219
0.371091293586424,0.158471591497808,0.344760237438443,-0.318430695690448,-0.207156244557582,-0.179336715203564,-0.178341769520866,0.41431093555723,-0.530054605210006,-1.37258438827509,1.21560065090976
0.400401047663918,0.160458696092614,0.355689236308651,-0.30899203231892,-0.204672356731971,-0.155988167798637,-0.174367579671732,0.406362524332892,-0.541480337104291,-1.38699081150723,1.21957482548862
0.42225916935071,0.148039292373108,0.372579507290887,-0.304024314752519,-0.207653022120683,-0.158968833426336,-0.191754660276935,0.39145925328456,-0.555886694716624,-1.39295209008945,1.2180845100221
0.441633413579957,0.136116664803772,0.379534324752298,-0.290114705568347,-0.199207803516017,-0.156484945404169,-0.190761112813324,0.372581776616014,-0.558370549476189,-1.38550049186197,1.20119426806215
0.496775493343142,0.137606993250208,0.375063370669231,-0.278688955172673,-0.200698136210568,-0.121710513094929,-0.21112883580799,0.350226870022405,-0.545951275668098,-1.38599726507745,1.17089118690484
0.515652962087827,0.134626336357053,0.355689236307542,-0.26229548721036,-0.186291586828538,-0.081968304733137,-0.230503011342197,0.317936449415597,-0.538996482339487,-1.37953921328013,1.15648480406314
0.503233574767806,0.134626336357053,0.357179554335276,-0.269747063556866,-0.175362480401961,-0.0914070792163778,-0.216096573122449,0.298065421328532,-0.533532001866528,-1.41977784368819,1.17784599242216
0.496775493361767,0.119226275749109,0.349727964198382,-0.26328903072339,-0.148536491881854,-0.0968716328692903,-0.223548179093826,0.286142804488325,-0.530551376154937,-1.45157132944821,1.18529756975514
0.501743248290583,0.101342334388661,0.351218282226382,-0.26229548721046,-0.135123497632491,-0.0919038568245897,-0.228019142678768,0.262794346505054,-0.549428672339216,-1.463990659829,1.19026528797717
0.464981861785665,0.0730260938889821,0.34128282871008,-0.267263204777987,-0.099355512938163,-0.0819683047326766,-0.223051405367488,0.260310467997288,-0.556383465674099,-1.45405519551868,1.18927174433271
0.460014106855136,0.0685551085497707,0.337308647301904,-0.26179871545873,-0.1232008360558,-0.084948970358241,-0.221561084172964,0.259316916593654,-0.556383465674099,-1.43766167941952,1.1828137106437
0.435175332215331,0.0471937341467878,0.318431285612505,-0.282663129233412,-0.110284619367387,-0.103329741717631,-0.241432033427482,0.241929767028945,-0.565822113765648,-1.43964877228,1.19026528797795
0.417291414472961,0.042225972657143,0.307502286743597,-0.303527543020703,-0.0914070719127315,-0.0933941896267643,-0.246399770746365,0.243916869836057,-0.563338259004154,-1.43219717405251,1.18331048246676
0.40884623109276,0.0392453157638612,0.307999059419302,-0.299056597213588,-0.0814715206174983,-0.0943877448355997,-0.238948164771047,0.241929767027762,-0.568305968524217,-1.43766167941904,1.19572977802627
0.377052599531897,0.0327872258286233,0.294089424486546,-0.316443608687893,-0.0809747430526364,-0.113762071401564,-0.237954617307353,0.263787897919574,-0.554893152820214,-1.43070685440348,1.21162647634131
0.361652559241215,0.00943874681912656,0.300547469276274,-0.346249914084049,-0.078490855229153,-0.134626730783152,-0.228515916403446,0.270742757747167,-0.566815655670755,-1.44362295800037,1.22106514096235
0.357678355297554,-8.0983414418867e-12,0.306011968710158,-0.332340304906181,-0.0725295244534312,-0.121213735465993,-0.254348150460918,0.275710514770862,-0.580228471379797,-1.43915199906185,1.22106514096235
0.325387948243244,-0.0233484790136361,0.299057151246057,-0.339295109496165,-0.0635875282877213,-0.120220180256278,-0.263290077630676,0.28216859889356,-0.594138058037717,-1.44710037051033,1.22702640282769
0.289620112734534,-0.0278194643558798,0.299553923922027,-0.359165979764272,-0.0536519769974518,-0.118729847443072,-0.260806208972237,0.274220187658734,-0.578241387565551,-1.43766167942017,1.21907805367214
0.308497581486809,-0.0298065689536333,0.289121697723547,-0.34475959882189,-0.037258317366362,-0.104323296917235,-0.294586822716199,0.245903972647489,-0.56731242661183,-1.41779075081539,1.21907805367214
0.287136235274697,-0.0481872864682416,0.277199153493342,-0.356185349218427,0.0109291064057766,-0.104820074521532,-0.316941640647127,0.220071636134974,-0.570789823278879,-1.43418426691455,1.22305222825013
0.220568319122754,-0.0789874077347252,0.276702380817017,-0.358172436245738,0.0283163211660237,-0.0819683047255385,-0.322406151695997,0.215103879113593,-0.57228013613585,-1.44213263835858,1.22503931553901
0.174368198231239,-0.0914068114634441,0.262792745882606,-0.327869359085731,0.0357679846302691,-0.078987639099095,-0.324890020355957,0.192252196819382,-0.588673577567458,-1.457532608032,1.23944569838222
0.116245465481169,-0.113761738175138,0.238450884755716,-0.332340304892846,0.0561358647707191,-0.0864393031666953,-0.321909377966702,0.191258645415157,-0.602583164230255,-1.43567458657547,1.26080688673511
0.143568117606139,-0.126181141901751,0.233979930667726,-0.304024314785392,0.0804779654344856,-0.0963748552579803,-0.330851305141935,0.158968224770753,-0.619473376599739,-1.42275848298203,1.24838759117706
0.090909915252785,-0.149032844784636,0.221063841085773,-0.294088879648336,0.0933941821118363,-0.0784908615012032,-0.327870662752264,0.149529486432694,-0.626924940884967,-1.41779075082832,1.23646506744482
0.0462001208446368,-0.18281362293427,0.200696161368566,-0.312966206392105,0.108297509043696,-0.0844521927523319,-0.320915830502344,0.130652009735817,-0.621460460409818,-1.42623589549086,1.23795538291128
0.0104322852914049,-0.191258817473916,0.192251025872548,-0.30799848882758,0.135620275081863,-0.0586197573144463,-0.321909377965927,0.0943873834802081,-0.616492750888012,-1.42126816333516,1.19622654983431
-0.0243419992782337,-0.218084729545293,0.157476938518928,-0.282663129239253,0.1540010449564,-0.0506713156456049,-0.334825494993584,0.0635872899141749,-0.621460460409195,-1.43368749371794,1.20119426805672
-0.0938905684334981,-0.240936432431568,0.153999529784653,-0.286140531534726,0.173872147522286,-0.0576262021052551,-0.310980355873564,0.0372581776732653,-0.624937857075635,-1.45405519553811,1.20616198627874
-0.157974607175388,-0.298562465814066,0.134625395392409,-0.287134075047781,0.178839923162576,-0.0422260963769035,-0.307999713481157,0.00894196260999669,-0.637357130891504,-1.45504874196882,1.21510387907769
-0.200697299721136,-0.306510884211989,0.112270624942481,-0.291108249103004,0.193743250088409,-0.0432196515849645,-0.294090048996414,-0.0327871964203512,-0.656234427089496,-1.47243580451444,1.21063293267754
-0.230007053877771,-0.354698170741733,0.0869352184250222,-0.295082423154124,0.188278696881555,-0.0293098786665433,-0.289619085408735,-0.0665679442094457,-0.66169890756971,-1.47442289737645,1.19374269072289
-0.272729746409603,-0.378543425924379,0.0774965375703521,-0.292101792615934,0.199207803290193,-0.000993555222190218,-0.303031976164306,-0.11276808456268,-0.666169846141967,-1.5116808885109,1.17536213330368
-0.317936316304682,-0.407356442595468,0.0715352654511696,-0.293592107883734,0.21411113021319,0.0223549921856886,-0.308496487218043,-0.115748738778748,-0.665673075189718,-1.53204859033541,1.18629111339498
-0.272232970859795,-0.39593059115124,0.0745159015094303,-0.29806305369479,0.219575683420433,-0.00397422084983741,-0.32240615170743,-0.11624551448088,-0.666666617094627,-1.55490015825342,1.20169103988175
-0.195729544919393,-0.385995068160999,0.063090129949874,-0.275211552902003,0.209640132133709,-0.0268259906597932,-0.332838400083326,-0.0973680377840025,-0.646299008064153,-1.53950018857754,1.20566521445869
-0.147542322032825,-0.36364014144504,0.0804771736134904,-0.277695411684109,0.16890437184554,-0.0690520870633255,-0.342773874722198,-0.0705421498623007,-0.641828069495593,-1.56582916901779,1.24292310113675
-0.0993550991416421,-0.333833572478739,0.110780306882846,-0.28713407505635,0.144065493632865,-0.110284628249544,-0.337806137402762,-0.0129161683919184,-0.645305466161161,-1.57477108689851,1.24491018842553
-0.0700453449748997,-0.292601152069673,0.123199623787646,-0.296075966676097,0.102832955787564,-0.136613841293946,-0.357180312935352,0.044709813069517,-0.640337756637862,-1.57775172619113,1.23994247020351
-0.0298065299324244,-0.228020252598872,0.138102804091368,-0.305017858295845,0.059116530112456,-0.185298046534064,-0.353206123079582,0.114755187097266,-0.610531499492844,-1.58619687085435,1.25335530939799
0.0635872629833143,-0.185794279890793,0.171883346093033,-0.27620509641362,0.022851767907716,-0.233982251780336,-0.384999641917778,0.169897290082392,-0.571286594259276,-1.56781626187804,1.24192955748413
0.0735227728706302,-0.134129560316344,0.20069616134518,-0.265772889531138,0.00695488584328452,-0.254846911161045,-0.385496415649687,0.207155467787577,-0.539990024256615,-1.55191951898787,1.24689727570686
0.0859421602417916,-0.109787528984318,0.210134842199851,-0.295579194933298,-0.0154001045441348,-0.267266351264031,-0.395928664022099,0.239445888476268,-0.528067521399504,-1.55291306541914,1.26080688672762
0.0546453041144308,-0.0869358261043409,0.21063161487653,-0.310482347617492,-0.0447099808361374,-0.274718015327863,-0.393444795361102,0.251865281040163,-0.532538459970192,-1.56036466365318,1.27918744414683
-0.0178839180421431,-0.0765035269644765,0.203180024729881,-0.309488804103837,-0.0566326423810576,-0.254350133543089,-0.393444795361102,0.244910421208971,-0.522106269971135,-1.54347437431977,1.27074232317099
-0.151019750343505,-0.103826215197777,0.198212297962417,-0.330849989626722,-0.0521616443014465,-0.236466139776892,-0.378541583397403,0.235471682862853,-0.533532001863703,-1.55738402434904,1.25881979943891
-0.283658807370976,-0.161452248553397,0.175360754857924,-0.342772511785184,-0.0203678801672887,-0.191756155351977,-0.366619013831421,0.219078084692933,-0.547441588524758,-1.53204859033983,1.26527783312606
-0.444117292191074,-0.219575058072804,0.138102804109152,-0.35668212097356,-0.0029806654153145,-0.139097729271493,-0.366619013831421,0.168406963064362,-0.575260761871259,-1.53602277606597,1.2593165712594
-0.569801492495646,-0.281175300638423,0.108296443522109,-0.352211175163179,0.0481874237058403,-0.0844521927970552,-0.360657729049923,0.0894196263620685,-0.578738158537437,-1.52807440462004,1.24491018841187
-0.69051793781045,-0.370595007645398,0.0755094468363559,-0.345753142326289,0.0998522904029541,-0.0163936610097476,-0.374567393548988,-0.00596130854717158,-0.599105767581686,-1.50870024922187,1.20814907357129
-0.860415157088709,-0.450079191629687,0.0372579507411131,-0.353204718671106,0.152510712213827,0.0427228739190772,-0.371089977423302,-0.0933938322728023,-0.629408795666596,-1.51416475459131,1.22205868459641
-0.994047765391961,-0.560860273164683,-0.00149031805779026,-0.361153066771544,0.21709179552531,0.0869360806801199,-0.373077072351076,-0.178839253250617,-0.636363588996253,-1.52161635281939,1.21709096637367
-1.15251914869456,-0.646305771013021,-0.045206313640096,-0.326875815562944,0.26627277434605,0.128168621796845,-0.359664181587667,-0.251368505950472,-0.65623442709542,-1.49975833134366,1.1773492205866
-1.28466143053775,-0.746157777239628,-0.0779933103326799,-0.320417782731744,0.350724960160685,0.173375383747907,-0.374567393558832,-0.346252665342462,-0.653750572333801,-1.48137772237176,1.13462684386883
-1.38848750918355,-0.844022678877164,-0.101838398824312,-0.318927467461354,0.420770596639629,0.196227153534272,-0.383509320736305,-0.419278693722115,-0.670640784715978,-1.47044871163477,1.12618172289112
-1.48933293485194,-0.904629369253862,-0.14158021301725,-0.298063053694553,0.489822677969864,0.212620814474704,-0.398412532700004,-0.503730563341299,-0.695479332331226,-1.47293257771252,1.11475597097771
-1.57676542225248,-0.980139344210284,-0.185296208608664,-0.290611477344669,0.546455320213947,0.235969361862907,-0.407354459873744,-0.593150189969133,-0.728266215213744,-1.45802938125259,1.10531730635765
-1.62346231895022,-1.05366221457819,-0.2111283878433,-0.268256748296708,0.6105396258891,0.263788907669276,-0.434180241415122,-0.687040798046228,-0.711376002820142,-1.44859069015438,1.09538186991114
-1.7203335409449,-1.13364317492526,-0.259812110249937,-0.27322446586386,0.670152933444988,0.281672901397044,-0.440638299928501,-0.757582948080293,-0.72876298616018,-1.44908746336965,1.07998194341292
-1.83161125235055,-1.20070795540453,-0.291108788964606,-0.250869736829408,0.740695347382769,0.302040783134622,-0.421760898110968,-0.830112200984795,-0.748633824272291,-1.46995193841467,1.0864399771037
-1.92699214787222,-1.27770825889653,-0.33979251139443,-0.24093430170361,0.778450442184322,0.317937666451543,-0.410335102274199,-0.902144678217109,-0.766517578573638,-1.48733900096445,1.05564012411269
-1.98859230955265,-1.31596002259759,-0.389469779216936,-0.225534377261919,0.81570875938859,0.308498891981425,-0.432193146494316,-0.944867388848678,-0.786885187624519,-1.49727446527319,1.04471114402039
-2.08745063379685,-1.38103769849355,-0.418779367228287,-0.25633422617128,0.86389618296934,0.26825990607318,-0.436664110081,-0.976661033954206,-0.814207590043389,-1.52956472428046,1.07352390972015
-2.14954757098603,-1.43468952291055,-0.456037318093502,-0.243914932271068,0.892709281580933,0.260311464417733,-0.452560869530625,-1.02584182879749,-0.834078428145045,-1.55539693148937,1.08147225888057
-2.23499295659522,-1.45356701667448,-0.49329526892988,-0.215598942155058,0.914567494334794,0.248388801923262,-0.453554416995065,-1.06508710947006,-0.848484785776505,-1.57725495296976,1.06756264785437
-2.28963826130859,-1.50125752724511,-0.506708131241357,-0.217089257423384,0.950335478819002,0.243917803486093,-0.453554416995065,-1.0929065489554,-0.86140083054873,-1.59414524230721,1.07054327878864
-2.37955462649999,-1.55093514248082,-0.514656494088462,-0.213611855127735,0.989084128687027,0.20119492952417,-0.442625394894436,-1.11327435285667,-0.874316875335517,-1.63935160493906,1.07153682243296
-2.43121927826368,-1.56633520319523,-0.54943058158285,-0.196224843663499,1.00895523118203,0.163439831636145,-0.443618942359706,-1.12817762402227,-0.898658652024987,-1.66717090503169,1.08544643345735
-2.40936115634604,-1.55838678476342,-0.551417672296342,-0.163437907743413,1.01541333949038,0.111278183225579,-0.467464081506269,-1.12370664267438,-0.900148964883414,-1.68207410149599,1.10283344724521
-2.3681287900105,-1.53354797715611,-0.552907990331838,-0.158470190183641,1.00349067799649,0.0437164291016238,-0.495780184240057,-1.10433239015935,-0.882761981534228,-1.69648052475497,1.12618172288735
-2.35769650454571,-1.5022510795772,-0.547940263546778,-0.178837832196911,1.00448423312193,-0.0208646594400289,-0.527573703108336,-1.07750650205503,-0.86090405961255,-1.69300311224372,1.15350417312256
-2.34776099458734,-1.47045740584726,-0.525585493008348,-0.18281200624523,0.972193691548733,-0.0625939781952932,-0.528070476840923,-1.05813224954753,-0.858916975801786,-1.7158546801739,1.17834276423689
-2.33683193359705,-1.44710892668821,-0.529559674437579,-0.157973418411347,0.943877370488974,-0.0869360808150952,-0.551418842256242,-1.03975154846447,-0.832588115288397,-1.71486113374208,1.17635567694795
-2.34378679057152,-1.40687005836393,-0.528566129080094,-0.163934679482473,0.913077161626841,-0.155491390204524,-0.536515630271803,-0.984609445163895,-0.827620405761117,-1.72231273198207,1.19225237526381
-2.33534160709758,-1.38749578844852,-0.526082265688415,-0.162444364214335,0.887244728369822,-0.206659483478416,-0.551915615977697,-0.952815800055897,-0.808743109556503,-1.74417075348807,1.21907805366694
-2.34030936207725,-1.35520533857237,-0.515650039445223,-0.172379799339383,0.848496078509166,-0.241930693401364,-0.572780112747782,-0.905622108095657,-0.783904561925077,-1.74963525886523,1.23994247020025
-2.28616083272568,-1.28515990112048,-0.511179085343261,-0.167908853531591,0.796334434439314,-0.251369467891764,-0.598115573082192,-0.851473556308246,-0.744659656637435,-1.73771270167696,1.24938113482007
-2.28616083272568,-1.23895971900764,-0.477895315882859,-0.174366886359376,0.762056782623612,-0.301047228362845,-0.596625251884308,-0.793847574532095,-0.720814650900513,-1.74566107313961,1.26279397401734
-2.29311568969747,-1.20567571685374,-0.446101864495386,-0.186289408505831,0.705424140467063,-0.342279769569046,-0.59761879934944,-0.716350564667616,-0.722801734711923,-1.77199005358898,1.2906131960614
-2.36564491245202,-1.17835302851613,-0.420766457910057,-0.222056974964107,0.660217382240944,-0.398415638951641,-0.580231718718108,-0.635376124880656,-0.749627366171338,-1.81024159126168,1.29707122974712
-2.39098046287382,-1.15599810169967,-0.39195364258587,-0.209140909294716,0.60755896052776,-0.427725517655827,-0.557876900757938,-0.558375890715452,-0.781917478109585,-1.82663510739184,1.3209162772091
-2.40240629932627,-1.10582371043243,-0.37009564475503,-0.205663507002394,0.569803865701964,-0.47342905732967,-0.578244623805889,-0.468956264011239,-0.780923936204278,-1.8370673449345,1.33432911640411
-2.31994156654836,-1.02782985468694,-0.329857057827785,-0.1922506695851,0.518635776672084,-0.522113262644676,-0.575263981410743,-0.393943132746697,-0.777943310487984,-1.8370673449345,1.35072258653475
-2.30354797511155,-0.968216716555869,-0.292102334287177,-0.191753897829104,0.462499912016243,-0.556887695019865,-0.57278011274788,-0.312968693051962,-0.768007891437157,-1.86737051114113,1.36363865391151
-2.32192866855834,-0.926984296020019,-0.264779837003101,-0.191753897829104,0.40437693707116,-0.594642793040741,-0.577251076342403,-0.231497477703132,-0.777943310489976,-1.86935760400658,1.37655472128405
-2.30702540362222,-0.865384053302866,-0.241928293826517,-0.168405625293178,0.309492422365308,-0.633888223862101,-0.579734945007133,-0.155490795105869,-0.795330293828708,-1.89469303804887,1.37506440581776
-2.29957377115151,-0.790867630711724,-0.216592887271356,-0.155489559631918,0.24938233713281,-0.698469312582022,-0.567315601701458,-0.0774970097723058,-0.799801232401861,-1.90115108985823,1.37407086217368
-2.25983173132413,-0.715854431991451,-0.179831709138511,-0.171883027588865,0.175859257686243,-0.738211521034263,-0.566818827968858,0.0273226635320877,-0.782911020022223,-1.89966077020873,1.38698692954437
-2.26430271080699,-0.648292875526011,-0.181818799848454,-0.178837832177624,0.104820065992074,-0.758082625255777,-0.585696229816864,0.105316448784921,-0.771982059061931,-1.90164786307434,1.40437394331159
-2.22158001792697,-0.574770005248559,-0.151018893855345,-0.170392712313572,0.0303034313398628,-0.768514954978778,-0.600102668053051,0.193245748044024,-0.727769444268577,-1.87730597545536,1.42225772889711
-2.18531540654656,-0.494292268885966,-0.117735124491049,-0.169895940557226,-0.032787319378118,-0.787392503993989,-0.622954259745987,0.293097664146655,-0.684550371378526,-1.86786728434835,1.42623190347266
-2.19723801850233,-0.433188802438329,-0.0899158545659287,-0.16939916880123,-0.101342623315232,-0.801799054561722,-0.613515558818437,0.352710748384714,-0.677595578042772,-1.86091245931927,1.43219316533559
-2.24045748685316,-0.383511187449205,-0.0501740404120243,-0.182812006218524,-0.179833478575593,-0.81173460667918,-0.620967164807234,0.453556215781767,-0.673124639469171,-1.87829952188387,1.44858663545918
-2.26281238426957,-0.338304557800954,-0.00198709075399994,-0.18330877797452,-0.252859780610332,-0.83607670937234,-0.651270362517784,0.542479066341398,-0.656234427094188,-1.87084792363178,1.48236711934691
-2.24840589481017,-0.272730106013918,0.0208644523946963,-0.187779723779271,-0.323898972429567,-0.846509039099299,-0.645309077725336,0.62693093554537,-0.631395879471472,-1.88028661474557,1.49975413311072
-2.31447703609228,-0.212620191905751,0.0675610840060783,-0.210134452802467,-0.397918829750787,-0.854954258398515,-0.652263909988419,0.723305421543236,-0.603079935184769,-1.86140923251471,1.53403138882056
-2.2995737711573,-0.146052187924752,0.103825489400471,-0.185792636771533,-0.484358126173581,-0.834586376552359,-0.690515487397579,0.785899159862028,-0.560854404256298,-1.84402216995613,1.55787643627134
-2.37061266739168,-0.103826215240842,0.123199623789255,-0.182315234476497,-0.562848981544134,-0.847005816707428,-0.697470319655241,0.859918739244108,-0.567809197587349,-1.83408670562913,1.58271502735651
-2.43817413522658,-0.0695486609321387,0.169399482734232,-0.192250669607548,-0.625442954845602,-0.853960703188915,-0.662199384639637,0.939899626976944,-0.557873778537765,-1.8325963859799,1.59960526929421
-2.58273580560509,-0.0427227488613301,0.215102568941859,-0.211624768124562,-0.71685002704888,-0.868367253766365,-0.655741326118529,1.015409533364,-0.554396381872806,-1.83607379849495,1.6179858266928
-2.66271666090888,-0.00695486612224024,0.251863746968584,-0.231992410145013,-0.776960112555974,-0.868367253766365,-0.638851019212234,1.08446135563877,-0.548931901399162,-1.8484931288999,1.63785669956431
-2.71388453728138,0.0288130166024456,0.299553923875214,-0.261301943770175,-0.847005749419901,-0.867373698554515,-0.647296172673491,1.15500350508142,-0.544460962827466,-1.85246731463049,1.66965009615085
-2.77002016869539,0.0640841231807937,0.33929573793451,-0.277695411737029,-0.901651281737447,-0.875322140251497,-0.651767136268263,1.19822299094662,-0.525583666638932,-1.84650603603508,1.69150805630466
-2.8336074325632,0.101839110512499,0.373573052555044,-0.306011401849474,-0.966729142949657,-0.860418812069027,-0.63139941321124,1.25783607489015,-0.518132102360423,-1.84600926281838,1.70243703637957
-2.923523797941,0.138600545524963,0.403876185812676,-0.341282196566926,-1.03081344906394,-0.853463925583875,-0.624941354688335,1.32986855127069,-0.504222515705291,-1.82365446808293,1.69945640544919
-2.96624649088991,0.163439352962659,0.434676091697633,-0.34078542481058,-1.05863299282301,-0.843528373467464,-0.616992974959318,1.38501065386641,-0.502235431897216,-1.80726095195059,1.70690798277334
-3.10534363061678,0.162445800665825,0.457527634782408,-0.39095937217249,-1.07602020766395,-0.845018706284878,-0.587683324729373,1.44512051348849,-0.521609499017942,-1.81024159124519,1.71584987556354
-3.17240832304495,0.172878099787778,0.493295267441095,-0.395430317980506,-1.1122849700551,-0.822663714010467,-0.564831733035801,1.48486256941487,-0.522106269970252,-1.80775772516427,1.71634664738507
-3.23003428104354,0.21162663938073,0.522604855307646,-0.384501339336625,-1.15649817353197,-0.817695937952052,-0.577251076343204,1.5176497655321,-0.488325845238898,-1.78142874471421,1.69846286180375
-3.242950444072,0.242426760609347,0.537508035565693,-0.373075588926854,-1.16096917163914,-0.791863502440127,-0.597122025646387,1.54397887755779,-0.484351677622549,-1.76652554822569,1.67163718343526
-3.33485391165184,0.267265568034937,0.551914443148686,-0.381023937038099,-1.1927629359443,-0.802792609771634,-0.577747850097083,1.58918546610685,-0.499751577143039,-1.75509976425284,1.67660490165152
-3.41135733864996,0.29160759930247,0.570791804803263,-0.388972285147343,-1.22157603486438,-0.807760385831306,-0.553405937190182,1.66171471808061,-0.492300012859117,-1.75758363033489,1.66915332432893
-3.55691256049455,0.315452854423961,0.587682075749822,-0.403378666099158,-1.25535690945953,-0.785902171171055,-0.521612418318363,1.72281812896552,-0.503228973808184,-1.74814493922939,1.64878567964055
-3.7064419862997,0.30998831678761,0.585198212373887,-0.390959372185188,-1.24542135811629,-0.775469841448934,-0.50422533767832,1.7511343437739,-0.518132102368001,-1.72280950519521,1.6552437133197
-3.89521667706045,0.288626942395493,0.61252070952624,-0.393443230970484,-1.25684724217285,-0.7446696298965,-0.497767279157751,1.77050859599568,-0.527570750454348,-1.72131918554713,1.67908876075618
-4.18135936653833,0.251368731229078,0.595133665888489,-0.427720482187716,-1.25088591136421,-0.728275968913579,-0.473922139991941,1.76156663342334,-0.530551376166535,-1.70790630872229,1.68654033807887
-4.49482470916675,0.200200787885192,0.601591710667649,-0.419275362325791,-1.27175056919246,-0.680088541198243,-0.478889877315663,1.73821817557595,-0.521112728079715,-1.69349988546944,1.68355970714904
-4.85598050027198,0.130155350834425,0.594636893212238,-0.452062298282204,-1.27622156729984,-0.623455894197961,-0.463986665357356,1.72629555880667,-0.537009398560244,-1.68505474079678,1.69150805629277
-5.21812984270484,0.0278194640783122,0.582217576325914,-0.49230081059184,-1.24939557866225,-0.560861915951639,-0.446599584729411,1.68854060569711,-0.553402839966804,-1.67959023542501,1.71038538551725
-5.53556938993428,-0.0521614959702484,0.559862805933855,-0.515152311418002,-1.23498902920924,-0.513668043454885,-0.427722182890861,1.64383079280189,-0.553899610918803,-1.66766767824278,1.71584987555681
-5.84406697809275,-0.139097322074976,0.542972534973228,-0.52657806183353,-1.20617593030563,-0.437661069845237,-0.444612489778823,1.56881766229418,-0.527073979503742,-1.65574512106118,1.71286924462714
-6.18187432079266,-0.265775240172385,0.509191993049962,-0.538500584003401,-1.17388538841513,-0.355692764994541,-0.438154431258075,1.48088836363321,-0.516145018559055,-1.63190000668718,1.71783696284236
-6.48043639956651,-0.372582112259761,0.461005043539623,-0.548932790906111,-1.13762062598426,-0.294589119574553,-0.435173788866745,1.37855256968363,-0.513164392845076,-1.63289355311911,1.72926271474206
-6.78744366190639,-0.454053400807383,0.438153500463687,-0.575758465770081,-1.14010451381962,-0.245904914265703,-0.43020605154413,1.28515873822764,-0.503228973803954,-1.62792582095958,1.70839829823622
-7.06067019045215,-0.54695054083213,0.408843912607601,-0.59215193376088,-1.10185264113314,-0.199704597012509,-0.414806065850664,1.19524233672558,-0.501738660947917,-1.60408070660654,1.69051451266026
-7.2618642708905,-0.617492754136134,0.399902004443993,-0.60655831472503,-1.08396864871745,-0.143071950068317,-0.411825423457178,1.12917116870098,-0.495777409523991,-1.61153230484137,1.66766300886607
-7.42828406606789,-0.694989833588191,0.383508506153557,-0.642325881223836,-1.05118132928243,-0.134626730788144,-0.400896401346815,1.07800327161703,-0.488325845248095,-1.62097099593681,1.6736242707255
-7.56291022883235,-0.731254492569085,0.367611780530312,-0.631396902565643,-1.00895523608424,-0.118233069839769,-0.405864138664868,1.02733215026503,-0.448584169070665,-1.60706134589605,1.63437929681221
-7.69356218763827,-0.77000303233127,0.362147281097403,-0.624938869720295,-1.00150357257992,-0.125187956303376,-0.403877043737039,0.998519159684125,-0.456035733350853,-1.6075581191116,1.62196000127084
-7.84905292190057,-0.813222557440088,0.339792510675414,-0.612519575789749,-0.978651804502443,-0.104323296913875,-0.407354459863693,0.963248084993365,-0.445106772409725,-1.59116460299847,1.60904393390335
-8.05571153374526,-0.892209965437797,0.307502286732541,-0.602087368888352,-0.953812926169192,-0.102336186495995,-0.390464152975731,0.945364159795969,-0.46199698477794,-1.58818396370426,1.59463755107329
-8.2772734109185,-0.932945609834278,0.305515196029044,-0.592151933746292,-0.939406376726475,-0.0958780776410816,-0.375064167281837,0.924499580393611,-0.455538962404365,-1.57278399402059,1.57377313456501
-8.48144814564817,-0.974674806503016,0.308495832085265,-0.60208736889686,-0.919535274051359,-0.0978651880587523,-0.374070619818171,0.920028599092122,-0.445603543361004,-1.5598678904096,1.55588934898135
-8.68462932936903,-1.01690077933735,0.304024878001532,-0.607055086468266,-0.898173838676881,-0.10283296410607,-0.36860610876489,0.923009253294541,-0.457029275258723,-1.5494356528789,1.56483124177096
-8.91016541147861,-1.0432299153472,0.313960331517834,-0.593642249020236,-0.879793068709619,-0.104820074523699,-0.365128692642399,0.927480234594641,-0.457526046210723,-1.56533239577754,1.55191517440532
-9.14514022839955,-1.09241075432568,0.318928058275985,-0.578242324541704,-0.858928410910681,-0.125187956303753,-0.35767708666086,0.943873832697131,-0.472429174773899,-1.58917751014899,1.54247650979068
-9.41836676012765,-1.13761738412447,0.307999059406752,-0.588177759691771,-0.845515416611204,-0.122207290676179,-0.329857757682859,0.975667477503191,-0.50024834808486,-1.60060329411302,1.53254107335778
-9.7045094552788,-1.22157255376149,0.311973240813982,-0.608048629983899,-0.848992859577238,-0.144065505276545,-0.328367436487297,0.987590094303922,-0.536512627593585,-1.63140323350292,1.54595391254788
-10.0154909264351,-1.27174694508727,0.294586197151918,-0.615003434586668,-0.815211985057686,-0.154497834975802,-0.330851305147119,0.995041729803127,-0.551912527114846,-1.64332579068008,1.5409861943302
-10.2986529688782,-1.32341166486225,0.288624925034332,-0.608048629988978,-0.800805435630401,-0.170394718318509,-0.310980355861081,0.993551402702091,-0.571783365194104,-1.65723544071454,1.55241194623243
-10.5897634201094,-1.35222468168246,0.294586197151563,-0.627422728524534,-0.79335377213619,-0.179336715200288,-0.29905778630273,1.00050626250306,-0.597118683773398,-1.65723544071454,1.55092163076694
-10.9429708112076,-1.40985071533999,0.280179789544138,-0.668158012638785,-0.775469779738377,-0.205169150630554,-0.297070691375453,1.01342243070719,-0.632389421377774,-1.68604828722983,1.56036029537925
-11.267365222761,-1.47691549585626,0.270244336021332,-0.64977745761417,-0.753114789251488,-0.197717486565152,-0.289122311668116,1.01590630920814,-0.651266717564417,-1.69250633903421,1.58072794007108
-11.5877854301788,-1.5375221864104,0.264779836584033,-0.620964695717434,-0.748147013586138,-0.183310936030815,-0.295580370185809,1.0164030849085,-0.650273175660006,-1.68356442115539,1.55638612080555
-11.9101927404189,-1.60607729540513,0.23497347601739,-0.625435641532431,-0.746159903320377,-0.18231738082198,-0.315451319466318,0.997525608300998,-0.661202136607157,-1.68257087472383,1.57029573181452
-12.2648904596704,-1.6696646429244,0.223547704471433,-0.664680610388542,-0.740695350090769,-0.17536249435852,-0.30799971348789,0.997028832601128,-0.683060058520074,-1.67313218361481,1.59563109472222
-12.6051816896125,-1.73225843817454,0.212618705595046,-0.645306511850547,-0.748147013589414,-0.177846382381472,-0.330851305145211,0.974673926102359,-0.68156974566314,-1.67263541039884,1.5817214837118
-12.9578923078125,-1.78392315810084,0.20318002475133,-0.632390446158387,-0.742682460357334,-0.172878606334155,-0.325386794095885,0.954306122396633,-0.660705365663718,-1.63786128528491,1.58569565828574
-13.3414030090566,-1.85347181952238,0.200199388693158,-0.637854935490855,-0.765534228408695,-0.154497834962373,-0.311477129605336,0.953312570996906,-0.658718281853851,-1.6492870692535,1.60010204111523
-13.7755848135337,-1.93842054170799,0.218579977715544,-0.674616045534994,-0.780437555402616,-0.155988167776301,-0.309986808409775,0.961757757901246,-0.692995477587366,-1.66915799789215,1.61748905487293
-14.1973472308159,-2.04373708624917,0.208644524185643,-0.670145099717408,-0.782424665667479,-0.159962388613736,-0.324393246627118,0.943377056993226,-0.674614952340342,-1.67909346220803,1.64332118959983
-14.569432096739,-2.09440825389286,0.211625160243371,-0.647293598862468,-0.783914998366711,-0.145555838081828,-0.335819042461979,0.915060842072814,-0.636860359977458,-1.66568058537641,1.64828890781589
-15.0065945567767,-2.18879572309321,0.20367679742087,-0.671138643222029,-0.79931510292178,-0.149530058916416,-0.331348078878157,0.902641449564826,-0.638847443787624,-1.67362895683102,1.64282441777769
-15.4854861610617,-2.28119608768273,0.197715525305413,-0.716841644870902,-0.795837659956739,-0.155988167775547,-0.316941640649588,0.891712384153979,-0.655737656169377,-1.68356442114108,1.66368883429195
-15.9718293994345,-2.37061579536899,0.193244571215826,-0.719822275414796,-0.805773211287438,-0.183807713638766,-0.311477129595243,0.898667243958903,-0.662692449502518,-1.67114509075103,1.66418560611361
-16.4323403111648,-2.45606129387012,0.18479943572031,-0.711377155527772,-0.813224874782713,-0.194736820939409,-0.306509392278019,0.88227364585599,-0.628415253786176,-1.66518381215832,1.65971465971935
-16.9340835927567,-2.56286816710429,0.173870436836769,-0.741680232736623,-0.7988183253544,-0.183807713640377,-0.306012618546027,0.883763972956717,-0.638847443787063,-1.66667413180628,1.67958553258983
-17.4348333238408,-2.64732011338336,0.151018893719356,-0.777447799289479,-0.804779656153103,-0.188278712082916,-0.300548107498374,0.871344580442625,-0.672131097606087,-1.67909346219667,1.67908876076811
-17.9514798734618,-2.74866244896777,0.151018893719356,-0.795331582569961,-0.797327992655344,-0.202188485011594,-0.295083596451481,0.859421963641894,-0.684550371421022,-1.67213863717147,1.67958553258972
-18.4457715248247,-2.82516597681415,0.136115713432487,-0.775957484024646,-0.808257099124316,-0.197220708965533,-0.28912231167048,0.83507995431931,-0.659215052829668,-1.65028061567013,1.69498545905419
-18.9604309739434,-2.90415338553125,0.1241931691888,-0.802286387187246,-0.831605644750625,-0.184304491246318,-0.281670705694541,0.844518692625626,-0.664679533306734,-1.63984837813859,1.68505002262284
-19.5093679355589,-3.02884420049446,0.112270624954692,-0.835073323204767,-0.852967080117984,-0.191756155313447,-0.25583847164354,0.858925187941228,-0.709388919007462,-1.65028061567346,1.68157261987167
-20.0339628974738,-3.13912850709538,0.111277079601613,-0.838550725509612,-0.843528306357078,-0.188775489687443,-0.2419288071677,0.855447758037552,-0.715846941391875,-1.65822898713146,1.69001774083947
-20.5570675335717,-3.25438057526714,0.0928964905655527,-0.853453878244098,-0.875322070630452,-0.182814158432798,-0.226528821487949,0.872338131851693,-0.711872773771345,-1.65524834783788,1.69001774083947
-21.0935851106512,-3.37658750965805,0.0660707660028855,-0.886240814256664,-0.866876851999056,-0.15002683652603,-0.219077215507447,0.858428412239328,-0.70740183519976,-1.6622031728553,1.69001774083947
-21.6430188522339,-3.51121384804634,0.0293095879138063,-0.870344118008548,-0.860915521202623,-0.129162177138288,-0.225535274020107,0.821667010381924,-0.701937354728717,-1.62693227455411,1.68455325080134
-22.2158010461517,-3.6195110502425,0.0312966786204371,-0.891208531851545,-0.870354294964878,-0.14009128443732,-0.214109478188108,0.812725047775825,-0.719324338075725,-1.62742904777012,1.67759844529785
-22.7965316493721,-3.75016317949891,0.032786996650787,-0.891705303609681,-0.864889741732668,-0.130652509948511,-0.210135288336319,0.833092851494722,-0.72329850569964,-1.63239677992859,1.6676630088621
-23.3822300101166,-3.89323471283674,0.0054644994260768,-0.908595543389472,-0.875322070630275,-0.12518795629698,-0.195232076398749,0.825641215990507,-0.74167903096002,-1.63339032636061,1.67859198893587
-23.9922703729565,-4.03282881299395,-0.0153999529978922,-0.933434131271523,-0.879296291165866,-0.124194401087894,-0.175361127143124,0.841041262708379,-0.740685489055136,-1.65673866751071,1.64878567964415
-24.5908848997326,-4.16248739014616,-0.0114257715823836,-0.928466413690983,-0.854457412840892,-0.120716957857006,-0.164928878782035,0.847499346810028,-0.742175801912778,-1.64779674963117,1.64133410231894
-25.2004284899817,-4.29910083359874,-0.0303031333038023,-0.933930903032537,-0.850483192305774,-0.123697623484517,-0.167909521170627,0.845512244008519,-0.739691947148982,-1.6373645120963,1.64580504871325
-25.8487205743343,-4.42925618710379,-0.0611030392785777,-0.966717839079793,-0.864392964165442,-0.124194401088825,-0.170393389826232,0.86041551501984,-0.748137053347159,-1.61699681024196,1.65126953875025
-26.4821093931237,-4.57828903472062,-0.078986855657415,-1.01093052559171,-0.859921966061571,-0.127175066715959,-0.186786922969649,0.84600901970871,-0.756582159541738,-1.63438387279452,1.67014686796759
-27.1313950316398,-4.72434122544105,-0.073025583528652,-1.03129816768757,-0.870354294959675,-0.150026836524952,-0.163935331315507,0.866376823423392,-0.750124137162339,-1.65028061570121,1.68008230439933
-27.7806806710462,-4.84058684666626,-0.0620965846288472,-1.06209801667993,-0.907115834898138,-0.149033281316473,-0.158967593997869,0.89817046827715,-0.773969142865213,-1.67859668897998,1.67312749889512
-28.3743274511412,-4.96478088650021,-0.0874319911561079,-1.05911738612958,-0.925993382435453,-0.125684733911053,-0.163935331315231,0.871344580433873,-0.762046639997051,-1.65971930678081,1.67163718342992
-29.0097033786931,-5.09891044961509,-0.116244806433124,-1.06805927777816,-0.950335483208124,-0.108794295361563,-0.187283696707158,0.865383272030579,-0.737704863313069,-1.65475157462234,1.69250159994201
-29.6788600465786,-5.22906580362149,-0.114754488401532,-1.09240109395684,-0.964742032646726,-0.110284628175491,-0.180328864473882,0.879292991636108,-0.728762986157243,-1.66021607999935,1.69250159994201
-30.3698748401287,-5.39995680281498,-0.12220607855927,-1.14555567212955,-0.957787146709939,-0.118233069849356,-0.184303054323238,0.885751075739928,-0.742672572830145,-1.64978384246058,1.70690798276925
-31.0782767797081,-5.55097675565492,-0.146547939744112,-1.18380709753199,-0.991568021239141,-0.130652509962023,-0.206657872247323,0.881280094439018,-0.75260799188396,-1.67511927646372,1.71485633191609
-31.7881690479651,-5.71540966501645,-0.164928528809166,-1.2131166312989,-0.973187251274066,-0.127175066729964,-0.21460625195267,0.881776870139415,-0.752111220931238,-1.67611282289537,1.70541766730527
-32.4911064608702,-5.85897797564065,-0.174367209683781,-1.21858112064541,-0.971200141007832,-0.123200845895794,-0.229509463893558,0.899164019638007,-0.744162885685797,-1.69548697831727,1.67561135800306
-33.22832138835,-6.00602371955547,-0.206160661071255,-1.19572961973923,-0.95629681400185,-0.120716957873156,-0.243419128390688,0.904131776643066,-0.718330796160762,-1.67213863717899,1.65474694149913
-33.9287749267875,-6.15605012049905,-0.232489612989358,-1.20516828315664,-0.9453677075373,-0.109291072965891,-0.267761041240681,0.899660795341693,-0.73671132139996,-1.6393516049488,1.66219851882123
-34.6883447587057,-6.35476058547322,-0.282663653452002,-1.23894876275197,-0.932948268361657,-0.136613841214335,-0.266270720045659,0.923009253247654,-0.74118225997244,-1.65276448178007,1.68952096900904
-35.5144825185747,-6.5648969023782,-0.312966786799824,-1.28961948216923,-0.909102945159465,-0.149033281320722,-0.242922354666078,0.965731963498895,-0.752607991887619,-1.67462250327559,1.71535310373089
-36.30783309325,-6.74373632106453,-0.347740874269366,-1.31793547241647,-0.899167393820251,-0.147542948508113,-0.228515916441919,0.985106215802838,-0.756582159507453,-1.67959023543406,1.7287659429112
-37.0003382307432,-6.9250596207959,-0.40785036831581,-1.31445807010339,-0.892212507883133,-0.131149287560083,-0.260806208976468,0.967719066294352,-0.726775902350488,-1.65177093534959,1.70939184186918
-37.734075742538,-7.10737647306057,-0.460011499513137,-1.31892901593754,-0.876812403317067,-0.111278183380443,-0.293096501535278,0.96523518779314,-0.721311421870685,-1.63488064601349,1.7004499490805
-38.4752648899771,-7.29615141548612,-0.510185540026564,-1.31694192890182,-0.863896186578856,-0.109291072961977,-0.286141669289229,0.972190047594106,-0.704917980434559,-1.60855166557955,1.70144349272374
-39.2040346501402,-7.47002307317242,-0.555391853759176,-1.32985799464344,-0.880289846276656,-0.118233069845452,-0.292599727802429,0.981132010199048,-0.70442120948185,-1.61252585130665,1.71237247279922
-39.9402560463996,-7.67916583867458,-0.591656259274463,-1.340786973341,-0.888238287342729,-0.130652509954456,-0.298561012582268,0.962751309300061,-0.707401835198517,-1.59464201553187,1.73522397659967
-40.6918774872881,-7.87787630489849,-0.618978756608972,-1.37407068119142,-0.878799513577779,-0.125684733909965,-0.279186837035659,0.974673926106959,-0.740685489015873,-1.61699681023814,1.75261099035374
-41.463866728851,-8.07956742821903,-0.67263020592916,-1.40387698674976,-0.890225397609034,-0.130652509955922,-0.2757094209122,0.973680374706513,-0.758569243319013,-1.64183547101329,1.73075303020477
-42.2423140558894,-8.29616183697158,-0.691507567726441,-1.43567037936295,-0.872341405209093,-0.139594506844107,-0.258322340312803,0.972686823306837,-0.774962684760067,-1.65226770855539,1.73472720477591
-42.9343224348919,-8.4745044809384,-0.737210654191183,-1.42424462889474,-0.886747954640493,-0.144065505284008,-0.292102954063344,0.946357711186496,-0.783407790962474,-1.64084192458862,1.71386278827116
-43.6581244525723,-8.69954408473659,-0.787881467490836,-1.42523817241293,-0.877309180872622,-0.161949499041539,-0.309986808412318,0.936918972887016,-0.788872271441045,-1.63587419243015,1.68852742537106
-44.4470040729546,-8.92508046500306,-0.817687828255337,-1.44908321685779,-0.876315625738937,-0.175859271966408,-0.314954545730509,0.943873832692299,-0.804768941919184,-1.63637096564558,1.6969725463393
-45.1876964644638,-9.13173935104043,-0.865378005492742,-1.45355416269295,-0.883270511670592,-0.196723931355469,-0.298064238846308,0.944867384092823,-0.813214048115879,-1.64233224423305,1.69299837176588
-45.9437889015374,-9.36919835973924,-0.907603683269489,-1.48435401176913,-0.880786623837237,-0.191756155310036,-0.305515844824321,0.935925421491118,-0.83060103145766,-1.65624189426899,1.68306293533233
-46.7356491830492,-9.61758644440162,-0.954797087846311,-1.5260828396076,-0.892212507876653,-0.195233598543414,-0.289619085411417,0.950331916790325,-0.858916975781961,-1.66021607999693,1.68355970715387
-47.4991932585992,-9.85305834890303,-1.0144098094126,-1.55837300397671,-0.900657726512672,-0.194240043334453,-0.271735231077871,0.949835141090108,-0.854446037207128,-1.66816445145027,1.66815978068116
-48.23690500543,-10.0746205207437,-1.04024198875183,-1.58370836372141,-0.918541718913039,-0.209640149075783,-0.272232004809573,0.93046088877514,-0.844510618151321,-1.65574512105459,1.66319206246652
-48.9706425499185,-10.3264860392669,-1.08693862070801,-1.57377292853029,-0.933941823486804,-0.220569256380571,-0.254844924202434,0.929467337374642,-0.829607489564252,-1.65127416211262,1.65921788789264
-49.6517218840295,-10.5400997929941,-1.15052552376128,-1.57476647205028,-0.946858040218557,-0.200201374584639,-0.280180384510053,0.905125328066539,-0.815201131933513,-1.61948067628824,1.64232764596242
-50.3963884956436,-10.7994169546287,-1.18927379281861,-1.61997270220235,-0.960767812092794,-0.198214264166801,-0.256832019116827,0.922512477584019,-0.822652696232742,-1.6393516049306,1.65623725696686
-51.1062808175268,-11.0393598458461,-1.22057047169823,-1.6631918452919,-0.984116357736889,-0.197717486562242,-0.244909449548854,0.93046088878389,-0.846994472928311,-1.63637096563615,1.66319206247052
-51.7938182400276,-11.2698639900537,-1.27620901193448,-1.68554657448517,-0.999019684747128,-0.191756155307722,-0.243419128353252,0.93890607568692,-0.856929891983619,-1.64580965673184,1.64779213599762
-52.4719169276124,-11.5177553004891,-1.335821733673,-1.7143593365583,-1.03478766957511,-0.183807713633522,-0.231496558797555,0.940396402787608,-0.867858852949387,-1.65673866748047,1.65275985421433
-53.119712305885,-11.7462723404404,-1.38599577446436,-1.72131414119506,-1.04422644334343,-0.184801268842525,-0.220567536697533,0.939899627087392,-0.879284584868001,-1.66021607999108,1.65574048514467
-53.6949784484002,-11.9658474094935,-1.44759558695502,-1.68902397678852,-1.03776833497256,-0.153007502156441,-0.247393318215021,0.911086636478173,-0.841033221492125,-1.62146776917977,1.61649551122318
-54.3184318261026,-12.2226806920198,-1.49925994581816,-1.7133657930402,-1.04720710874627,-0.154497834969898,-0.251864281796728,0.929467337377636,-0.860904059610209,-1.60557102627648,1.63437929680381
-54.9493368390716,-12.4969011408126,-1.57824680212289,-1.71783673888088,-1.05912977035503,-0.157478500598414,-0.261302982701686,0.941886729889479,-0.872826562477775,-1.61252585129704,1.63189543769625
-55.5797450784172,-12.7686377092263,-1.61947893470353,-1.75956556671725,-1.05763943765385,-0.141581617247669,-0.279683610772601,0.93940285138801,-0.88822646201794,-1.63040968707135,1.64332118959505
-56.2255533628788,-13.0378903969577,-1.677104565805,-1.78241706769081,-1.07949765060272,-0.1624462766486,-0.270244909869482,0.973183598990955,-0.903626361554632,-1.63935160495397,1.6378566995572
-56.8261550692412,-13.3061495327324,-1.75062692272537,-1.78688801353566,-1.08694931411059,-0.174368939158141,-0.278690063306059,1.00100303818619,-0.891703858677209,-1.62941614063015,1.64282441777184
-57.4575568645546,-13.5917958350361,-1.79831710017871,-1.81222337332188,-1.08992997951384,-0.187285156880078,-0.283161026893116,0.994048178386479,-0.890710316770683,-1.64481611032326,1.65673402877537
-58.0447456321006,-13.8789324661537,-1.83805891474683,-1.85444897297835,-1.07602020763729,-0.204672373043307,-0.270741683601266,0.98609976718373,-0.888226462006389,-1.6497838424808,1.67710167346402
-58.6145472542523,-14.1566303501287,-1.8907168191265,-1.86388763642526,-1.07403309736746,-0.213117592322234,-0.285148121815402,0.991067524185191,-0.884252294381777,-1.64133869781084,1.69399191539599
-59.1823617753649,-14.4353217866825,-1.95181985910603,-1.91406158423464,-1.0924138673496,-0.219078923577131,-0.297070691379394,1.00696434658575,-0.893194171540068,-1.65425480142734,1.71982405011581
-59.7635892386281,-14.7214648662164,-2.00298744546085,-1.96622261907152,-1.10731719436232,-0.252363023077676,-0.288128764202418,1.03130635589638,-0.918529490131422,-1.68803538007884,1.77546249414443
-60.3209714748602,-15.0041305131379,-2.05117439569866,-2.00348050114765,-1.1167559681403,-0.273227682475969,-0.299554560027422,1.00944822509504,-0.914058551553116,-1.70492566941405,1.79036564878854
-60.8490439508411,-15.2823251746494,-2.10979357231767,-2.04719641608776,-1.13463996056622,-0.279685791339047,-0.29061263285418,1.04471929978488,-0.925484283474593,-1.70442889619821,1.81917841442631
-61.3542647500043,-15.5580359557309,-2.1798385206704,-2.08842847225096,-1.147059399746,-0.289621343432007,-0.269748136126485,1.07750649597841,-0.908097300123664,-1.69200956579756,1.83408156907178
-61.8535242430197,-15.8456693654553,-2.25832860473254,-2.12667989785298,-1.15103362028462,-0.289621343432007,-0.276206194638607,1.07154518758221,-0.916045635373089,-1.69846761760435,1.85544275739709
-62.3418546734315,-16.1268446851773,-2.3293670985515,-2.14704754004791,-1.15004006515008,-0.308995670022872,-0.283657800615376,1.06806775768501,-0.910581154889999,-1.69846761760435,1.85444921375422
-62.7815010943374,-16.3956006006498,-2.41729586358879,-2.162944236401,-1.15649817352526,-0.316447334096439,-0.27620619463757,1.07651294458433,-0.901142506780481,-1.68207410147987,1.85544275739713
-63.2633734436229,-16.6882017733944,-2.51665040042371,-2.1788409327657,-1.18978227053104,-0.309492447629608,-0.289122311661274,1.09390009408607,-0.914058551558206,-1.68207410147987,1.86637173746948
-63.7303425247693,-16.9644093321383,-2.58570180358882,-2.23646645706597,-1.21015015080577,-0.32687966380163,-0.289122311661274,1.12470018746645,-0.901639277736426,-1.68505474077471,1.85792661650443
-64.1744599283459,-17.2540298481921,-2.66518543316576,-2.26031150161423,-1.22952447593961,-0.337808771106189,-0.284651348073844,1.13463570146012,-0.88524583628264,-1.64928706924325,1.84848795189729
-64.5882740195137,-17.5640181883482,-2.7476496988838,-2.30601450368005,-1.24442780296297,-0.36215087375574,-0.279683610755237,1.14755186965323,-0.889716774860945,-1.6333903263408,1.83755897182665
-65.0005977852671,-17.8605935720491,-2.85793323500403,-2.32340151533969,-1.26529246080314,-0.359666985731166,-0.268257814930233,1.17338420605214,-0.89567802629891,-1.62693227453436,1.84053960275477
-65.3910634238924,-18.1636270464333,-2.93841041002027,-2.36264648451628,-1.28814422892523,-0.374073536278252,-0.289619085407077,1.1704035518555,-0.886239378189391,-1.63190000669336,1.82215904536768
-65.7626515895777,-18.4686476260926,-3.03031335688716,-2.3959301925664,-1.30801533162826,-0.385002643585344,-0.317438414382756,1.18431327143585,-0.907103758212335,-1.6279258209669,1.8291138508669
-66.100459013481,-18.7751585346963,-3.10532603250732,-2.44262673820721,-1.34229298380527,-0.380531645140733,-0.335322268736209,1.1867971499345,-0.89468448438651,-1.61500971735556,1.82513967629566
-66.4154147590906,-19.0732242483856,-3.19424834337895,-2.49925871905504,-1.36514475191157,-0.369105760226245,-0.334328721272459,1.18331972003667,-0.89468448438651,-1.60656457268447,1.81868164261633
-66.7015575186128,-19.3628447670813,-3.2901254718864,-2.54744557995369,-1.405880512478,-0.38152520035409,-0.339296458590651,1.17437775743727,-0.869349165798964,-1.59762265480447,1.80973974982917
-66.9847196251747,-19.6673685721947,-3.37755746479132,-2.59662598441325,-1.44264205251625,-0.385499421192028,-0.341780327250127,1.19573911251787,-0.862394372456066,-1.58669364405962,1.81917841443458
-67.2539720142921,-19.9813311249955,-3.46797009382879,-2.62196134428827,-1.47046159633825,-0.404376970193314,-0.353206123083398,1.19126813122378,-0.8648782272198,-1.58669364405962,1.82961062268525
-67.5008695005113,-20.3126808450753,-3.54248599690165,-2.66915466170847,-1.48536492337652,-0.41530607750294,-0.352709349351531,1.18729392562693,-0.8743168753279,-1.60159684052272,1.84848795189719
-67.7383282498496,-20.6276369513579,-3.62942121722725,-2.69896096746071,-1.53106845964791,-0.398912416532111,-0.362148050258064,1.1892810284251,-0.863884685313422,-1.60159684052272,1.86488142200197
-67.8769286497713,-20.919741353102,-3.69896939353441,-2.73174790377493,-1.55739767076171,-0.399905971741909,-0.383509320719451,1.19722943961777,-0.849975098627627,-1.57725495296469,1.8594169319669
-68.0016193321154,-21.2317168030211,-3.81024647567902,-2.76354129658293,-1.57180422024285,-0.396925306110755,-0.360160955315829,1.19722943961777,-0.869349165804651,-1.57675817974873,1.8584233883241
-68.1074325407521,-21.5223308769714,-3.89420106001695,-2.80775398348277,-1.59713987621666,-0.410338301449111,-0.3437674221642,1.18331972003742,-0.874316875337159,-1.56384207614359,1.87034591203411
-68.1302842195957,-21.8059900845129,-3.97368469018191,-2.81719264697681,-1.62893364060511,-0.429215850443237,-0.342277100967395,1.17984229013923,-0.881271668678663,-1.55390661183326,1.87481685842673
-68.1645617378947,-22.116971983238,-4.05962636538625,-2.85296021391198,-1.67861139744431,-0.443125623383346,-0.352709349339516,1.18679714993426,-0.864878227238431,-1.54645501359725,1.90263608042218
-68.2028134612086,-22.4498120349484,-4.13364549606242,-2.91406314078807,-1.69003728151991,-0.448590177041671,-0.356186765463072,1.22306177600601,-0.889220003919973,-1.54794533324362,1.92101663781574
-68.138729405227,-22.74290999147,-4.19872271835223,-2.94784362069004,-1.7089148291323,-0.44958373225126,-0.363141597711443,1.21610691621493,-0.900645735841736,-1.5409905082275,1.92648112784939
-68.0542775485439,-23.0464402483258,-4.27770957599014,-2.99454016642744,-1.70990838426948,-0.434183626485917,-0.359167407855563,1.23001663579312,-0.903129590605781,-1.52509376532717,1.93591979245468
-67.9812515312344,-23.3474866248266,-4.38948343122489,-3.03775930984833,-1.73325692998419,-0.446603066616641,-0.343270648443101,1.25882962635167,-0.909587612998124,-1.52956472426842,1.95380357801526
-67.8232768818373,-23.6400878062916,-4.47294124316464,-3.07153978975541,-1.76008291871186,-0.466474170825172,-0.343270648443101,1.26578448614364,-0.912071467762978,-1.5325453635616,1.94684877251712
-67.6866635844179,-23.9391470785851,-4.56583773625685,-3.13910074960537,-1.77448946820329,-0.476906500530583,-0.338302911124218,1.27820387862562,-0.928961680168428,-1.54844210645304,1.96771318901044
-67.4730500652511,-24.2178385270744,-4.65078586643055,-3.18082957774378,-1.81075423073435,-0.464983838009736,-0.356186765473191,1.30006200939021,-0.902136048697588,-1.51565507422896,1.97814539725853
-67.2514881359522,-24.5397495055829,-4.75411458619715,-3.20566816593331,-1.81770911669332,-0.467467726036195,-0.367115787572604,1.30900397197874,-0.893194171539969,-1.52062280638373,1.9592680680493
-67.0453262515025,-24.8492410792739,-4.86340457829388,-3.25385502699972,-1.82068978210723,-0.461506394773259,-0.362148050250818,1.3393072896418,-0.90611021632352,-1.54148728144153,1.98013248454127
-66.8038932975452,-25.154261667733,-4.95530752625789,-3.29160968105734,-1.81870267183139,-0.478396833354426,-0.350722254415003,1.37209448578446,-0.946845434472738,-1.5578807975647,1.97913894089892
-66.5023504932986,-25.4478564039144,-5.06012656422169,-3.30750637751148,-1.82267689238089,-0.471938724485632,-0.352709349343054,1.39792682212258,-0.967213043555766,-1.56930658152416,2.00397753195723
-66.1968334845233,-25.7618189648783,-5.1704101018131,-3.35122229276478,-1.83360599890113,-0.492803383896675,-0.337806137385576,1.42524948557303,-0.958271166399043,-1.57079690117025,2.00050012920863
-65.8625034900344,-26.0802525119787,-5.31745481891791,-3.3775511962613,-1.86192232033084,-0.480880721375577,-0.342773874705565,1.42375915847585,-0.949329289249937,-1.55738402435864,2.01739037112806
-65.4293151469219,-26.3614278440897,-5.40935776711801,-3.36960284803884,-1.87930953524175,-0.448093399444629,-0.384999641926058,1.41779785008797,-0.923000428740507,-1.52559053857745,2.0059646192431
-65.0706431479744,-26.6798613921625,-5.51864775957708,-3.40686073035652,-1.87434175954883,-0.447099844233804,-0.378044809678655,1.43866242944878,-0.941380954010097,-1.52459699214634,2.02384840480718
-64.6662677920651,-27.0201530937804,-5.63737643332191,-3.43169931859495,-1.88477408849712,-0.44859017704924,-0.376057714751489,1.45157859762151,-0.936413244477588,-1.51913248677588,2.04520959310994
-64.293189301415,-27.3609415719337,-5.74517610790974,-3.45653790681458,-1.88576764363584,-0.455545063519001,-0.377051262215846,1.45952700880247,-0.947838976395917,-1.5310550439416,2.06110629138726
-63.887323619965,-27.6768912404177,-5.8490016010142,-3.50224090916522,-1.90414841368145,-0.460016061967287,-0.37655448848391,1.49877228900289,-0.955787311646934,-1.53403568323509,2.0894222851976
-63.4541352804396,-28.0231442579877,-5.95878836652549,-3.53055689974381,-1.91756140804928,-0.486842052662372,-0.382018999537951,1.52212074684183,-0.95181314402033,-1.51913248676286,2.10333189618589
-63.0050501213596,-28.3639327378406,-6.07354285902071,-3.565330923282,-1.93842606595505,-0.480383943791673,-0.384999641929198,1.53901112059045,-0.933929389700612,-1.51267443495504,2.13115111816177
-62.541061695027,-28.7151535185506,-6.19922635091014,-3.60805329506612,-1.97965860420083,-0.479390388581247,-0.405367364954473,1.53205626081053,-0.922006886820202,-1.49926155813378,2.13164788998277
-62.0348473424945,-29.0479935799656,-6.32938079711681,-3.61252424094977,-1.99605226399193,-0.468461281268397,-0.429709277824789,1.52907560661782,-0.925981054444914,-1.47541644381058,2.13015757451899
-61.554962098312,-29.405175676285,-6.42376760945739,-3.64382086213296,-2.01393625649366,-0.488332385473578,-0.438651205004253,1.56037247563436,-0.947342205418912,-1.49528737242383,2.12469308448705
-61.1257479676997,-29.7827255976223,-6.54498014731997,-3.73771072571573,-2.03877513496296,-0.516151931351452,-0.401889948830197,1.58719836336524,-0.985096797858408,-1.5231066724794,2.13512529272997
-60.6225142716095,-30.1423915761219,-6.68258618430183,-3.79583302227216,-2.07007212184807,-0.520622929800491,-0.421264124383276,1.60756616700513,-0.975658149744868,-1.52062280640185,2.12916403087622
-60.1033837568609,-30.5045414363927,-6.80131485889485,-3.83805862234945,-2.0919303348995,-0.528074593879083,-0.432689920217501,1.61899200807378,-0.997516071697215,-1.51118411531119,2.12618339995097
-59.5723306287765,-30.8786139262716,-6.92501126055076,-3.88674225535086,-2.12918865263585,-0.543474699640857,-0.43964475246955,1.63041784914065,-1.01490305506383,-1.51913248675924,2.12767371541413
-59.006006433267,-31.256163850308,-7.06758502486616,-3.91803887658699,-2.17290507875536,-0.537513368376664,-0.45752860682798,1.63737270891464,-1.02136107745762,-1.50422929029653,2.1197253662765
-58.4421661174119,-31.6337137750094,-7.20817169850325,-3.95231612839453,-2.19376973667802,-0.52857137147491,-0.441135073670876,1.64184369019971,-1.03825128987619,-1.50770670280565,2.10482221164599
-57.8659064119825,-32.0271605394074,-7.35173900841212,-3.99454172848782,-2.21562794974455,-0.53850692358441,-0.445606037258679,1.65177920416255,-1.06507692136182,-1.49826801170594,2.0933964597655
-57.2677885819098,-32.4156395421781,-7.48388054636478,-4.02037386030927,-2.22407316843145,-0.55440380695626,-0.447096358456563,1.67214700779665,-1.06458015040863,-1.49677769205973,2.08445456698649
-56.7183547625415,-32.8279638040863,-7.62446722032151,-4.09091545105246,-2.2424539385156,-0.588681461727173,-0.430206051563431,1.7019535497029,-1.08345744663689,-1.53204859034025,2.10134480890592
-56.0730432532238,-33.2442622766633,-7.74866039527112,-4.14357325823493,-2.23549905254088,-0.600107346652737,-0.42225767184813,1.71238583936375,-1.08395421759004,-1.52608731175406,2.12469308449144
-55.4053768426394,-33.6645349595974,-7.88427934237088,-4.16344412889191,-2.2658024843135,-0.605075122705812,-0.454051190696944,1.70294710109234,-1.06209629564263,-1.50919702242965,2.10035126525351
-54.7392007611948,-34.0783495523668,-8.01095638103367,-4.19126334781729,-2.29312525068018,-0.6095461211557,-0.449083453373637,1.70543097958353,-1.0814703628279,-1.51764216709467,2.11277056078113
-54.0750117835664,-34.5001125656044,-8.14260114674224,-4.2270309150125,-2.32491901515952,-0.61501067481483,-0.446102810981395,1.73225686728321,-1.05315441848516,-1.51863571352504,2.10978992985564
-53.3830033746339,-34.9372756425574,-8.26282014039927,-4.2583275362913,-2.32640934787036,-0.632397891009571,-0.432689920212012,1.76057308207182,-1.05216087657808,-1.51813894030944,2.11277056078179
-52.6785755775886,-35.3659935244021,-8.38999395211102,-4.30254022351926,-2.35720955723688,-0.651275440018019,-0.420270576905646,1.76106985776986,-1.03924483179259,-1.50870024922255,2.12369954084559
-51.9761348848577,-35.8205437709883,-8.50673553713145,-4.37208827084854,-2.38204843574346,-0.65624321607413,-0.445606037245698,1.77001182033688,-1.02980618367456,-1.47293257773109,2.14754458825161
-51.2066294887514,-36.2646617177491,-8.64285125770741,-4.41183001219561,-2.41334542267407,-0.674623987487747,-0.444612489781644,1.75709565218419,-1.0094385745803,-1.46250034020539,2.14704781643065
-50.4589822214389,-36.7167280848101,-8.76704443343398,-4.47690711366542,-2.44563596474379,-0.69002409326445,-0.418283481970682,1.75659887648605,-1.00248378123688,-1.44561005088998,2.14208009821918
-49.6795413177211,-37.1762460963331,-8.88477956413031,-4.52062302918254,-2.47742972925192,-0.681082096362885,-0.430702825272901,1.75908275497615,-1.00049669742253,-1.42474557584274,2.14208009821918
-48.9358682596494,-37.6357641089103,-9.02238560305995,-4.5792420977213,-2.53903014796587,-0.685553094813526,-0.446599584707041,1.76504406335124,-1.01788368079089,-1.43021008121335,2.11873182263366
-48.1782854866317,-38.1042240944231,-9.16943032351218,-4.657235265244,-2.55293991994182,-0.699462867767706,-0.439644752454024,1.78541186698375,-1.03378035129571,-1.42573912227709,2.15946711196184
-47.4043091221046,-38.5746711856196,-9.3288943617923,-4.70939630083516,-2.57330780034756,-0.713869418334224,-0.436664110060704,1.78988284826709,-1.00844503267262,-1.40189400793866,2.15847356831978
-46.5970487954596,-39.0436279492143,-9.50177126325296,-4.76503473882367,-2.61255322844361,-0.71585652875604,-0.439147978720871,1.77646990442193,-1.01689013887587,-1.39195854363733,2.13760915183488
-45.7942594521295,-39.5245073435705,-9.67365461933382,-4.84104081927957,-2.63937921725694,-0.70840486467101,-0.433186693937714,1.7630569605799,-1.00149023932259,-1.36910697573393,2.13711238001388
-44.9735861904288,-40.0063802911012,-9.82666061284193,-4.90611792088583,-2.65328898924383,-0.706914531854004,-0.43865120499145,1.78044411000341,-1.00248378122886,-1.35221668643247,2.13015757451909
-44.1325451324596,-40.4768273864886,-9.9866214242895,-4.96523376130913,-2.69849574820177,-0.718837194392942,-0.439147978723967,1.80329579210022,-0.988574194536795,-1.37010052216962,2.10382866800741
-43.2984589358664,-40.9636680987323,-10.1351564637112,-5.05167204901637,-2.7287991800365,-0.7079080870642,-0.446599584705713,1.8241603714195,-0.982612943098532,-1.35072636678022,2.1102867016795
-42.460895312841,-41.4673992040604,-10.300085002514,-5.12569104255303,-2.75314128101443,-0.711882307911434,-0.474418913714684,1.86042499734966,-0.999503155508214,-1.35470055250012,2.139099467297
-41.6128994050763,-41.9597044569994,-10.4630264505953,-5.2126261021089,-2.78245115771333,-0.721321082418742,-0.494786636749029,1.87483149258591,-0.992051591206184,-1.32837157211667,2.14108655458114
-40.735593741778,-42.4361128712173,-10.6339162622641,-5.27919351913605,-2.81871592042845,-0.744669629896982,-0.480876972243382,1.89470252048951,-0.978142004510281,-1.30253936492427,2.1579767964955
-39.8389138335444,-42.9443149661264,-10.807786710428,-5.33483195730313,-2.8554774606953,-0.751624516377151,-0.473425366261014,1.92848326792999,-0.951813143993595,-1.29061680776617,2.1460542727942
-38.9516726646387,-43.4743752167958,-10.9781797499121,-5.40934772267347,-2.87336145326309,-0.74715351792453,-0.488328578232594,1.96127046397601,-0.96075502115099,-1.288132941691,2.16493160198891
-38.0763541121785,-43.9835708662225,-11.1217470631281,-5.48883120578739,-2.87832922897673,-0.77646339666578,-0.491805994357409,2.0054835010598,-0.967213043544141,-1.28217166311274,2.18231861572712
-37.1528483338116,-44.4803471107823,-11.287172375722,-5.54496641572454,-2.90813588325425,-0.796831278503778,-0.518631775897293,2.03429649152374,-0.966219501637888,-1.25932009523733,2.19324759578779
-36.2656071743244,-45.008917036156,-11.4525976884748,-5.61203060462819,-2.94191675811821,-0.806766830618932,-0.533534987870533,2.07801275286193,-0.974167836889901,-1.27223619881943,2.22355067686293
-35.3902886312365,-45.5345063052923,-11.6349132735919,-5.69747534908368,-2.95185230955068,-0.811734606678603,-0.524593060687336,2.11030317316981,-0.98609033976822,-1.25981686844459,2.26080856343072
-34.5070216825629,-46.0501600507058,-11.8062998591951,-5.77745560413996,-2.99109773773,-0.816702382736495,-0.532541440404627,2.14408392059108,-0.993541904066329,-1.25385558986728,2.29160841631332
-33.5850062437116,-46.5464395234359,-11.9876218992321,-5.82564246585392,-3.02239472474341,-0.820179825978375,-0.546451104925372,2.16345817277229,-0.97516137879766,-1.22553951663149,2.29558259087955
-32.674416645254,-47.0660674811551,-12.1853374389958,-5.87929381708604,-3.04723360333407,-0.832599266125328,-0.546451104925372,2.1952518173934,-0.978142004518136,-1.23944916664076,2.32588567194995
-31.7494205600003,-47.5936438598189,-12.3706336611994,-5.95927407217064,-3.06412404078457,-0.826141157246054,-0.591657514608359,2.2195938265473,-0.959761479256375,-1.21759114519821,2.33333724926273
-30.8105147623357,-48.0819749158454,-12.5703362924866,-6.02832534832927,-3.0919435848134,-0.831108933304573,-0.626928449619055,2.24989714405368,-0.971683982127524,-1.22156533091673,2.35221457845474
-29.893467092035,-48.5772608407908,-12.7476841517718,-6.1261893872783,-3.13069223542961,-0.859922034458563,-0.629909092014865,2.28715532131081,-0.97267752403415,-1.22007501127179,2.3616532430486
-28.9590322804076,-49.0894371592659,-12.961793192134,-6.19325357640581,-3.17937643748587,-0.868367253763654,-0.652263909976279,2.30702634918051,-0.982116172151001,-1.21312018626623,2.38947246501324
-28.0474491487817,-49.5931682824187,-13.1724248237759,-6.2896273000348,-3.22358964140939,-0.879793138704872,-0.67263163302423,2.35918779732432,-0.994038675029319,-1.22951370234792,2.40238853235362
-27.1274208349132,-50.0864671055269,-13.3845467737797,-6.36960755524887,-3.25637696118267,-0.920032124814082,-0.672134859291588,2.37905882517245,-0.997516071703077,-1.22404919698517,2.39394341140068
-26.1731150117573,-50.5593981029736,-13.5822623152238,-6.44213623397367,-3.30406760812449,-0.938909673850384,-0.693496129792212,2.40538793707564,-1.01639336794174,-1.23845562022076,2.40735625055617
-25.2123511104861,-51.0303419963771,-13.7909068566154,-6.50522624906153,-3.33337748491423,-0.951825891605802,-0.709392889237413,2.44016223582964,-1.03874806085288,-1.22355242378583,2.38301443134457
-24.2779163169088,-51.493337470283,-14.0065062163968,-6.58918067851568,-3.37610035615128,-0.970206663035692,-0.708399341771287,2.47493653456746,-1.03825128989991,-1.23696530057637,2.39841435778476
-23.3161588714898,-51.9399393288029,-14.2265765310241,-6.65376100889689,-3.42627489099473,-0.986103546433342,-0.712870305367302,2.51070438470334,-1.04371577038861,-1.21659759878062,2.38053057223793
-22.3693046967272,-52.3890250695357,-14.4382017095927,-6.73274772075976,-3.45558476777958,-1.0079617611088,-0.694489677240626,2.54150447787431,-1.0750123404391,-1.2215653309244,2.39493695503851
-21.4448054240908,-52.8232075229595,-14.635420479674,-6.79832159474667,-3.49979797175898,-1.03329741902354,-0.687534844979478,2.56236905711323,-1.1073024524178,-1.21908146485023,2.39096278047255
-20.4755963567595,-53.2390092557332,-14.8639359314183,-6.85445680512539,-3.55593383752312,-1.02038120126049,-0.702934830699089,2.57429167382026,-1.13065068723785,-1.19970730947682,2.37705316949132
-19.5476196613128,-53.6404044775904,-15.0770514291038,-6.93990155012339,-3.5842501591796,-1.02087797886677,-0.693496129778633,2.60956274823838,-1.13313454200618,-1.18331379340255,2.3765563976707
-18.6405075420634,-54.0373287137466,-15.2911604725101,-7.02137212098286,-3.61505036870986,-1.02137475647304,-0.657231647294772,2.62098858924146,-1.16294079923335,-1.18778475233642,2.37754994131209
-17.666330729783,-54.3875559814394,-15.5042759706893,-7.08098473377669,-3.63442469405469,-0.992064877695334,-0.686044523810853,2.61751115936952,-1.1505215254013,-1.13959775057056,2.36364033032669
-16.7264314324089,-54.7576543004619,-15.7417333326364,-7.13960380307884,-3.66224423815451,-1.00498109546573,-0.687534845009525,2.63589186011076,-1.14803767063203,-1.10581717196673,2.33284047744409
-15.8059063841436,-55.1004299252889,-15.9667713766626,-7.19971318772126,-3.68112178593923,-0.999516541799109,-0.706909020602508,2.62694989758002,-1.13661193869652,-1.09141074875761,2.33582110836879
-14.9186652986962,-55.4521475234363,-16.1908158756384,-7.30155140144641,-3.71639299365445,-1.01789731324334,-0.687038071291582,2.63986606566662,-1.18231486642194,-1.09141074875761,2.32787275923914
-14.0254629102552,-55.7869747290907,-16.4088991022818,-7.38153165705917,-3.73874798446521,-1.00547787308801,-0.675612275437323,2.64085961705833,-1.18976643072714,-1.06855918091566,2.31744055099961
-13.1451766890187,-56.0805695047169,-16.6428790563916,-7.44909261840166,-3.78345796608086,-1.0059746506945,-0.676605822903146,2.66073064488438,-1.19374059835614,-1.05315921127423,2.30502125548219
-12.2927098987454,-56.3930417790295,-16.8813299654299,-7.53652445072502,-3.80780006718823,-1.01094242675941,-0.670644538110034,2.6855694296631,-1.19771476598792,-1.03279150947847,2.30452448366142
-11.4198753164825,-56.6647783994768,-17.0994131929795,-7.58669839996048,-3.81475495322264,-1.03329741904607,-0.671638085576272,2.69500816788425,-1.17883746974831,-1.01391412733912,2.32141472556654
-10.5629375521194,-56.9245923897336,-17.3492898755893,-7.63339494680265,-3.83065183557298,-1.03776841750303,-0.692005808621389,2.66768550460825,-1.18380517928592,-0.986094827367246,2.27173754347194
-9.70103203593215,-57.1476449360405,-17.5981730130638,-7.6875430703049,-3.86443271059403,-1.04025230553451,-0.703928378196994,2.6801048969952,-1.15350215110535,-0.951817475568277,2.2478924960715
-8.91413962509635,-57.397523401301,-17.846559378052,-7.7749749027301,-3.90715558193094,-1.06409763063903,-0.688031618734093,2.70395013039016,-1.1912567435789,-0.965727125549771,2.26329242251933
-8.0939632578992,-57.6205759482021,-18.062655515849,-7.86190996345831,-3.93894934666195,-1.06062018739246,-0.699954188327949,2.69997592482598,-1.18380517927295,-0.955294888052125,2.26826014072788
-7.32694187214144,-57.8461123766747,-18.3115386542085,-7.95182565487877,-3.97273022168784,-1.09191717659115,-0.67213485927794,2.73226634505624,-1.19523091120845,-0.957778754121869,2.25683438884858
-6.52763008063793,-58.0234615066494,-18.5494927928175,-8.01640598580767,-3.99458843494979,-1.09390428701842,-0.679089691534247,2.72282760683997,-1.16592142493764,-0.933436866620234,2.24540863697181
-5.77253131150257,-58.2023009657275,-18.7854598408402,-8.10036041596314,-4.02191120152886,-1.11029794802483,-0.660709063436221,2.73673732631856,-1.17933424069407,-0.950327155892019,2.24938281153958
-5.02885838170384,-58.3587854923808,-19.0477558443001,-8.18679870507887,-4.03184675301204,-1.12768516425879,-0.670147764364297,2.71935017697189,-1.18777934690833,-0.939398145186456,2.24193123422719
-4.27723704516787,-58.5033473886504,-19.3001163934564,-8.25336612313183,-4.06860829351385,-1.12172383298103,-0.683063881418556,2.72183405544799,-1.16989559257158,-0.911082071995145,2.23696351601909
-3.54946093628952,-58.6364834305861,-19.5594317611782,-8.33583023799565,-4.09791817039867,-1.13364649554259,-0.680083239020009,2.74170508326686,-1.17386976019948,-0.900153061291618,2.21212492497955
-2.84503327654439,-58.7765743405428,-19.818250356903,-8.42673947312431,-4.13915070905141,-1.14457560288539,-0.670644538093772,2.76902774654286,-1.16790850875449,-0.901643380931918,2.24391832152755
-2.18630896485944,-58.9385234067386,-20.0447787248191,-8.552919504618,-4.16846058595232,-1.18630492185348,-0.661205837179095,2.76654386806611,-1.20317924647728,-0.929959454152629,2.27968589262262
-1.51168783881147,-59.0517883978757,-20.295152184518,-8.6602222085817,-4.18535102348178,-1.19027914270658,-0.649780041323882,2.76704064376152,-1.17337298925535,-0.913069164890737,2.27124077166813
-0.857434510665338,-59.1402145752141,-20.5639062357113,-8.7441766390222,-4.22708033976491,-1.20816313655156,-0.637360697997121,2.78393101740363,-1.19075997264026,-0.904624020254057,2.27422140259295
-0.183310163870309,-59.1933696368815,-20.8311699693163,-8.81968594926288,-4.25241599607029,-1.2091566917649,-0.654251004915169,2.79287297991934,-1.17834069879763,-0.896675648832041,2.2707439998464
0.449581815106587,-59.2559634477967,-21.0939627485199,-8.91307904359789,-4.27228709905562,-1.21660835586862,-0.63189618695811,2.81373755912807,-1.2160952912901,-0.883759545272639,2.26478273799629
1.07005440561805,-59.2867635770046,-21.3801038470815,-9.00647213792106,-4.29811953294517,-1.23598268252728,-0.658721968512927,2.81274400773707,-1.20814695602594,-0.854946698877033,2.27372463077227
1.69301087145363,-59.3339573233531,-21.6265031268673,-9.0790008175881,-4.35077795588519,-1.23101490645912,-0.647296172653261,2.83360858695119,-1.19324382741497,-0.843520914964423,2.27173754348872
2.29361243929933,-59.3409121912385,-21.8724056341977,-9.1803422604311,-4.37064905888616,-1.23995690337634,-0.633386508133677,2.82963438138927,-1.19225028550785,-0.839049956043407,2.26279565071251
2.85745261882092,-59.3329637708022,-22.1376822789703,-9.30652229227979,-4.39896538066154,-1.23349879448808,-0.627425223338076,2.80777625078739,-1.20317924648868,-0.821662893573714,2.25882147614468
3.44116381743918,-59.3011700890328,-22.3786170598411,-9.39842507139032,-4.42231392668183,-1.23796979294795,-0.633386508133013,2.8112536806561,-1.20069539172046,-0.803779057897979,2.23795705966305
4.01841693353669,-59.2420537119726,-22.6488614326648,-9.46648280524979,-4.44913991574595,-1.22654390798505,-0.634380055597481,2.79535685839731,-1.19274705645351,-0.765030747185732,2.21063460952401
4.59517327261099,-59.1720082568595,-22.9106606694038,-9.54596629004615,-4.48739178902511,-1.23200846165916,-0.642328435322072,2.77598260626666,-1.21013403982753,-0.75906946862636,2.18529924664933
5.14709083578134,-59.0815949744164,-23.1868663162432,-9.62048205701061,-4.48540467872401,-1.22356324234178,-0.653257457449166,2.75213737288526,-1.20317924647173,-0.7357211275919,2.1594671119598
5.65678248210169,-58.9886978106504,-23.4526397359409,-9.71884286947105,-4.5117338902113,-1.23051812883632,-0.624444580951531,2.72233083115003,-1.20914049791522,-0.706908281215468,2.15102199100256
6.17442253508639,-58.8734457144979,-23.726361519882,-9.79534572367292,-4.54899220835991,-1.24045368097829,-0.645805851443237,2.70345335472407,-1.19870830787722,-0.698959909798741,2.1256866281292
6.66970769078736,-58.743787106345,-23.9807091672314,-9.88128724171469,-4.56190842531671,-1.22853101841723,-0.651767136238672,2.68010489702092,-1.19125674356996,-0.68604380625653,2.08743519790614
7.13965729549775,-58.5907800132824,-24.2474761335857,-9.97368679291232,-4.56240520289225,-1.25138278833941,-0.631399413202626,2.64384027122947,-1.20317924645784,-0.660211599175545,2.05315794224859
7.58178747306336,-58.4313148287411,-24.5266624190984,-10.0715508338024,-4.57979241803367,-1.26578933893539,-0.636863924262598,2.62844022466926,-1.21261789457753,-0.633882618884617,2.02633226390737
8.01447891532754,-58.2544624747639,-24.8108164328599,-10.1545117213269,-4.59767641075375,-1.28566044321262,-0.62792199707293,2.61651760796685,-1.20516633027176,-0.626927793901275,2.01043556563192
8.42928644001388,-58.0627068325514,-25.0989446290596,-10.2518789904766,-4.61108940528789,-1.31298321159697,-0.607554274031782,2.60707886975033,-1.22950810701369,-0.614508463580984,2.01043556563192
8.86148110548774,-57.8326994174095,-25.398498598988,-10.3403043676692,-4.63841217196281,-1.30602832510053,-0.626431675867179,2.60409821557534,-1.21212112362834,-0.574269833311115,1.98211957183081
9.22363042815426,-57.6012016737034,-25.7025235243131,-10.4297232884507,-4.64387672529414,-1.31546709963152,-0.624941354668548,2.59614980443917,-1.21261789458211,-0.550424719092667,1.97715185361811
9.5917410556063,-57.3592716285244,-25.9931355858096,-10.528084101278,-4.66027038528384,-1.336331759127,-0.604076857886268,2.59167882317686,-1.20019862073855,-0.513663501352923,1.96622287355189
9.94345809229187,-57.0949866513649,-26.2981540578348,-10.6214771963947,-4.69007703983794,-1.34428020083756,-0.621463938525828,2.59714335583178,-1.20814695599932,-0.482863562172127,1.95231326255942
10.287226720657,-56.82970812196,-26.5922435295189,-10.709405801918,-4.69206415014107,-1.34676408887371,-0.627921997051609,2.57131101963989,-1.17983101163813,-0.441134612289843,1.93939719520574
10.6225501657739,-56.5485327520726,-26.8913007293003,-10.8042892124485,-4.71590947377468,-1.36365452750365,-0.604076857881816,2.57478844951237,-1.17983101163813,-0.423250776630767,1.94684877252493
10.9042218592602,-56.2395379114805,-27.1992998392422,-10.9230176686598,-4.7303160234705,-1.36961585879134,-0.607554274008276,2.58323363634663,-1.20069539170917,-0.4480894372849,1.9786421690779
11.1918548584014,-55.9315366236834,-27.5077957225362,-11.0243591125338,-4.73727090953113,-1.38054496614589,-0.606560726542702,2.56534971129348,-1.23000487800422,-0.443121705158701,1.9786421690779
11.4953846718357,-55.6021739569389,-27.7899626501676,-11.0968877929331,-4.73975479741014,-1.36713197075693,-0.620470391061898,2.54696901052944,-1.2285145651434,-0.420766910586938,1.974667994508
11.7715918343245,-55.2529402397201,-28.0785876241992,-11.197732465063,-4.76658078650435,-1.35570608579234,-0.636367150506657,2.51865279585208,-1.21361143652235,-0.409341126699569,1.97218413540229
12.0239537736212,-54.903209746926,-28.3726770991754,-11.2891384733675,-4.75565167983008,-1.36117063946794,-0.64133488783508,2.50275597357768,-1.21410820747601,-0.402883074935939,1.96373901443999
12.3210255050708,-54.5201952448898,-28.6727278480035,-11.3611703820719,-4.77353567256083,-1.36762874835975,-0.639844566636574,2.47096232900013,-1.20466955935655,-0.379037960747949,1.95976483986936
12.5480518948594,-54.1376775196504,-28.9762560066287,-11.4679763157523,-4.80681977015539,-1.37259652443282,-0.636367150508565,2.45506550672574,-1.2215597717857,-0.381025053596895,1.96175192715436
12.7939557524473,-53.7631082152565,-29.2678616195625,-11.5633564984592,-4.80185199439341,-1.38749985264734,-0.617489748672117,2.4227750864696,-1.20963726889573,-0.388973424993526,1.9726809072203
12.9852143081822,-53.3562484543482,-29.5872865078003,-11.6875494447868,-4.83215542653969,-1.39296440632779,-0.602089762960651,2.42873639482466,-1.24490800661499,-0.393941157117478,1.99453886735474
13.1864083731917,-52.9349821823887,-29.8992598050907,-11.7898844325764,-4.85947819323679,-1.4028999584687,-0.627425223329613,2.405884712794,-1.234972587543,-0.388476651780622,1.98659051821422
13.398531498386,-52.5261353178595,-30.2077556936023,-11.8956968230289,-4.88630418235213,-1.41929361951764,-0.638851019178466,2.40141373152927,-1.21311466556436,-0.360657351850215,1.95777775258921
13.612641725403,-52.0541978689553,-30.5251934926303,-11.9935608649153,-4.92902705391844,-1.42475817319682,-0.631896186920997,2.39495564747821,-1.18479872117691,-0.346250928691713,1.96274547080198
13.7681324467992,-51.6056089052828,-30.8366700187496,-12.1137796371284,-4.97224670306058,-1.44860349833804,-0.615999427471372,2.41731055381053,-1.19771476597438,-0.342773516205178,1.97019704812019
13.9410103096099,-51.1336714582146,-31.1541078187911,-12.2240629737475,-4.98864036307962,-1.4615197161245,-0.62245748599985,2.42376863786343,-1.20218570455952,-0.34128319656821,1.97317767904704
14.1402172717884,-50.6259661218344,-31.482474620582,-12.2921207084691,-5.03235678981116,-1.49629414863531,-0.629909091995077,2.39793630163949,-1.17287621831515,-0.301044566398996,1.95330680618719
14.2355981614398,-50.1435963756434,-31.8014027404422,-12.4421457881398,-5.06315699955015,-1.51368136489127,-0.604573631639513,2.4222783107739,-1.19672122409927,-0.32538645379956,1.96473255807661
14.3776759448594,-49.6209877537639,-32.1203308608168,-12.5449775480949,-5.09296365415763,-1.5161652529282,-0.618483296155612,2.42625251634373,-1.1952309112373,-0.327373546648718,1.96026161168521
14.4924310776116,-49.0894371600994,-32.4392589817738,-12.6378738723244,-5.10737020387064,-1.53553957962117,-0.642825209053705,2.42923317052349,-1.20019862077391,-0.319425175252087,1.96274547079067
14.661831511527,-48.5474542665881,-32.7621612857197,-12.7397120889018,-5.13866719121559,-1.54795901980871,-0.642328435321298,2.40638148848574,-1.17635361498501,-0.29955424676421,1.92548758419035
14.7646640330472,-47.9816261141895,-33.0880442268335,-12.8703630692369,-5.16847384583517,-1.56882367931828,-0.609541368968309,2.40489116139584,-1.19672122408794,-0.288128462883225,1.92896498693953
14.8953159804987,-47.3730752056512,-33.4174045780069,-12.9528271861371,-5.19927405560285,-1.58621089559477,-0.605070405374408,2.38452335784335,-1.19324382741174,-0.254844657663817,1.92350049690475
14.9951678491135,-46.8166858049138,-33.7537197489707,-13.0546654028335,-5.21517093806852,-1.6090626655396,-0.609541368968184,2.35620714313232,-1.21609529130022,-0.26130270942315,1.90760379862164
15.1094262061021,-46.2185672005824,-34.0905316929951,-13.1773680347392,-5.24448081512405,-1.63638543396026,-0.624444580951793,2.33683289097914,-1.20715341413185,-0.225535038170666,1.88972001305546
15.2033167690481,-45.6050485341722,-34.4387694118818,-13.2787094797487,-5.28521657643941,-1.6602307591231,-0.615999427491946,2.31944574160102,-1.19274705647223,-0.205167336477367,1.85494598556115
15.2395813779604,-44.999478289783,-34.7636588107797,-13.4297281036269,-5.30508767952957,-1.6686759784549,-0.609044595229638,2.33136835832407,-1.22305008462395,-0.218083439979022,1.87133945567127
15.3185686769407,-44.4003661374075,-35.1014643027921,-13.5424953000317,-5.34284277540086,-1.69401163645084,-0.625934902129352,2.3169618631258,-1.22255331366982,-0.17734803659188,1.85941693196049
15.3781817326921,-43.7883378047407,-35.4263537028591,-13.6716559654765,-5.36122354576342,-1.72828929138725,-0.593147835787313,2.29112952690721,-1.22404362653179,-0.162444840228352,1.85345567010448
15.4020269550192,-43.1564384236997,-35.7686301511396,-13.8037972616656,-5.40891419316044,-1.74269584201543,-0.579734945002624,2.29013597551401,-1.22801779416198,-0.154993242047083,1.82414613264976
15.4298463810123,-42.5230487158697,-36.1153775554245,-13.9051387069818,-5.46107583883999,-1.75759917024912,-0.591657514584202,2.27672303169659,-1.24093383896075,-0.134625540368957,1.80775266253408
15.4765432747098,-41.8881686811475,-36.4626217330831,-14.0044930652361,-5.4764759437435,-1.77299927608947,-0.620967164805989,2.26082620939713,-1.23099841988353,-0.120715890436326,1.78639147421267
15.5078401289459,-41.2567660823415,-36.8053949563081,-14.1326601873744,-5.5062825984008,-1.76405727914567,-0.639347792921409,2.24194873291457,-1.22752102320794,-0.0879288584871556,1.76900446046041
15.5222466174212,-40.6020150015077,-37.1243230864446,-14.2692724301184,-5.54056025125874,-1.77945738499056,-0.641334887852336,2.23598742454904,-1.20268247550432,-0.0491805479646625,1.76304319860254
15.532182126701,-39.9373283983003,-37.4536834455243,-14.3780654525743,-5.56987012835557,-1.77448960891172,-0.616992974952211,2.21760672377028,-1.21808237507458,-0.0407354033733798,1.74118523845471
15.5262208211271,-39.3019515945022,-37.7741018953033,-14.5141809236599,-5.60166389334006,-1.79187682519151,-0.603580084171256,2.19723892019305,-1.20814695600509,-0.0233483409698487,1.72131436558657
15.542117635977,-38.6457101912575,-38.1213460765254,-14.6512899384556,-5.6428964323127,-1.80727693103965,-0.607057500302071,2.18730340625769,-1.22006945889715,-0.00298063929822479,1.69846286179476
15.5485757170152,-37.9691009635939,-38.4482225740025,-14.761573276539,-5.66525142332142,-1.82913514580315,-0.619973617353814,2.14756135048234,-1.21063081077107,-0.00198709287525878,1.67263072707528
15.5470853906231,-37.2949756195434,-38.7929828924845,-14.8768243325804,-5.70250974167375,-1.83410292188503,-0.643321982773032,2.13812261223996,-1.19175351452767,0.00844514457213319,1.6532566260368
15.5793757958233,-36.6059469906265,-39.1243303463758,-15.0044946835075,-5.7462261685504,-1.82764481298165,-0.656238099824774,2.09192247239933,-1.18678580499006,0.0342773515775063,1.64481150507109
15.5778854694315,-35.9218861260263,-39.4328262523927,-15.138126296028,-5.73927128245223,-1.86539991121588,-0.652760683695991,2.06658691182977,-1.17685038591334,0.0422257229580663,1.63586961227774
15.5595047772414,-35.2368317109759,-39.7403286133359,-15.2970932702872,-5.77305215776439,-1.89520656770967,-0.647792946366876,2.04522555684418,-1.1718826763766,0.0586192389367943,1.62444386037998
15.5520531452838,-34.541841773961,-40.0537922484396,-15.4093636957976,-5.7954071487854,-1.92054222572592,-0.636367150509119,2.02883195883112,-1.15449569300781,0.046696681871029,1.61450842394656
15.5436079623854,-33.8389034190979,-40.3816622952925,-15.5355437317637,-5.8252138034904,-1.93395522114741,-0.631896186914845,2.00349639825698,-1.15648277682296,0.062593424626229,1.59761818201084
15.5287046984642,-33.15682966784,-40.7209581171339,-15.6781172369966,-5.85253657031278,-1.97916198350348,-0.656734873547971,1.97667051060238,-1.1261797486477,0.0615998782039229,1.59364400743716
15.5078401289449,-32.4524009881998,-41.0359120723794,-15.7963489243307,-5.88731100082023,-1.98065231632806,-0.674121954191886,1.95183172572289,-1.13909579343902,0.07054179600515,1.59265046379348
15.4760464992355,-31.7479723114422,-41.3429176636792,-15.9086193502073,-5.934504870829,-2.00300730870618,-0.678096144056505,1.90314770736536,-1.12965714531555,0.0829611262818233,1.5866892019325
15.4348141356566,-31.0281435736803,-41.6598587115907,-16.0506960839726,-5.98964718208661,-2.01840741457447,-0.690515487384303,1.90165738027219,-1.11922495528669,0.0829611262818233,1.58122471189344
15.4303431564797,-30.3212310198694,-41.964877212722,-16.1897921869987,-6.02541516776764,-2.03430429804352,-0.706412246836141,1.87433471691287,-1.10134120096742,0.121212663539067,1.54744422800791
15.3915946702347,-29.6232604400654,-42.264927986401,-16.3288882901275,-6.05373148977088,-2.06609806496956,-0.717341268964147,1.8514830348001,-1.11077984908995,0.13214167418443,1.52906367060548
15.3483752048374,-28.9054188140797,-42.5883270825818,-16.4744424267402,-6.10191891492738,-2.06162706649129,-0.741683181879856,1.84502495072801,-1.09786380429766,0.158470654358373,1.52906367060548
15.2813105170075,-28.2144031051491,-42.8834101290971,-16.5991321480819,-6.1366933454531,-2.07553683953464,-0.734231575888778,1.83310233398154,-1.11177339100367,0.152012602610895,1.54098619432481
15.2013296671964,-27.5323293705098,-43.1889254052744,-16.7814473979654,-6.18438399304491,-2.10484671845019,-0.733734802155997,1.82912812840051,-1.13561839677047,0.152012602610895,1.54396682525511
15.1228391436583,-26.8497588614597,-43.4835116802985,-16.9414079171754,-6.20375831862607,-2.12869204366283,-0.738205765750271,1.81621196025182,-1.15300538016148,0.149528736556287,1.55191517440226
15.0686906180068,-26.1403624396351,-43.771143136587,-17.088452369658,-6.23406175096198,-2.14955670324105,-0.749631561613118,1.79683770803354,-1.15101829634832,0.165922252517573,1.5375087915692
14.9743032794982,-25.4488499628055,-44.0682132766389,-17.2826901432643,-6.26337162814913,-2.1848279134503,-0.72976061230717,1.7948506052418,-1.16542465401011,0.153999695448318,1.56185061083188
14.8948192050563,-24.7796924175811,-44.3459092776634,-17.4699731117636,-6.27628784522284,-2.21761523564327,-0.722805780044667,1.81571518455298,-1.16691496687141,0.150025509760682,1.57377313455291
14.8525932904808,-24.079237973979,-44.6106891860801,-17.6140369337724,-6.30162350179564,-2.20867323868626,-0.720321911378416,1.79186995104647,-1.16393434114989,0.186289954162782,1.56284415447245
14.7110122828183,-23.4031255658918,-44.8774561860778,-17.8261584927995,-6.3408689305998,-2.25288644589101,-0.6999541883333,1.81372808173704,-1.22305008465562,0.145554550847165,1.61202456482526
14.6141410669558,-22.7175744121022,-45.1526683244399,-17.9900931870479,-6.38905635585187,-2.27176399502365,-0.707902568066963,1.81521840883218,-1.21559852034799,0.157477107907539,1.61500519575598
14.5381344207398,-22.0295393798983,-45.4050289139654,-18.1460795326117,-6.43028889499198,-2.29312543220525,-0.708399341800283,1.79634093230131,-1.23348227467801,0.152012602591471,1.60904393389259
14.4586503460529,-21.3295817203823,-45.6653378685552,-18.3174658042848,-6.50579908719099,-2.300577096339,-0.724296101251678,1.79385705381153,-1.2280177941852,0.164431932873099,1.58370857098455
14.4149341050595,-20.6167078824423,-45.9176984587551,-18.4734521502269,-6.55050906940768,-2.30306098438436,-0.748638014174163,1.77348925019586,-1.20268247555894,0.18181899525813,1.55737966442551
14.3602888037236,-19.9321502889227,-46.1700590493815,-18.6383803888009,-6.62701281675074,-2.32939019766804,-0.775463795763327,1.77646990438479,-1.16691496688544,0.189270593420963,1.52608303964902
14.2569595067576,-19.2719347311283,-46.411987411221,-18.831624620273,-6.69755523317922,-2.33237086332358,-0.755096072708573,1.7854118669495,-1.18827611788727,0.199206057632921,1.51714114685334
14.203804531764,-18.5774416179889,-46.639012588818,-18.9677400944924,-6.76511698414096,-2.35472585573708,-0.773973474548699,1.76007630633672,-1.17685038594775,0.212122161124269,1.48385743479639
14.1486624549786,-17.8849356117099,-46.8610700385063,-19.1217393537598,-6.83069162479283,-2.37111951685069,-0.782915401743842,1.74020527842182,-1.17486330213271,0.224541491395327,1.45852207188472
14.0219847108444,-17.2440943309013,-47.0697146223016,-19.333364142507,-6.89179526724254,-2.42874571952206,-0.768012189753596,1.76305696053282,-1.20268247555101,0.192251232684563,1.47590908564763
14.015029854308,-16.5486076717112,-47.2892882084699,-19.4411636242104,-6.95389246486888,-2.41980372255261,-0.819676658010901,1.72132780192016,-1.12419266488427,0.260805935774428,1.41281906427442
13.9206425154314,-15.8824308091836,-47.4721006062173,-19.6339110846694,-6.99661533683528,-2.46501048501073,-0.802289577348111,1.73424397007319,-1.11972172630103,0.257328523299271,1.42424481617337
13.8242680748151,-15.2396024294022,-47.6439840021263,-19.8137424782411,-7.06069964481784,-2.48835903265,-0.799805708681652,1.74268915694455,-1.11872818439338,0.258818842931085,1.42921253439293
13.785519588318,-14.6235999644918,-47.8357383110518,-19.9821481205736,-7.09597085311008,-2.51766891159894,-0.806263767212826,1.73623107286963,-1.1231991229783,0.28465104989042,1.42176095706384
13.6792096383256,-14.0115717114223,-48.0021572063521,-20.1659536890539,-7.1526034973893,-2.52462379812736,-0.807257314679755,1.74020527845487,-1.14456027397478,0.290115555208087,1.41381260791036
13.5957513597021,-13.3831498455293,-48.1546664628346,-20.3164755465639,-7.19830703489747,-2.52859801900293,-0.804276672278968,1.74467625973739,-1.1554892349515,0.289618781997324,1.40834811786738
13.5470673638753,-12.7313795014713,-48.3056854010148,-20.4645135452378,-7.23854601902379,-2.56535956211897,-0.833089548802267,1.72927621309558,-1.14803767064592,0.278192998153117,1.39344496320326
13.4760284718932,-12.1123963867314,-48.4497495197445,-20.6498094295575,-7.29170122030251,-2.60112755002473,-0.852960498129233,1.72281812901247,-1.15101829636864,0.305515524739998,1.36810960027474
13.373195950011,-11.5167617537156,-48.5640072690958,-20.8356020859106,-7.32051432004833,-2.62099865442016,-0.860412104128609,1.72579878320102,-1.1410828772964,0.310483256846109,1.36016125112251
13.3264990559406,-10.9087077176233,-48.6991294771825,-20.9846336286648,-7.36572108002515,-2.62596643051913,-0.877302411051829,1.70493420388336,-1.1132637038781,0.349728340502654,1.34227746553769
13.2251568604865,-10.3374151203335,-48.8019614518219,-21.1888068421936,-7.41241817276242,-2.66173441841733,-0.86488306770709,1.69549546561317,-1.15946340252406,0.325883226412979,1.35966447931239
13.1441824589691,-9.76065798635866,-48.9196966112497,-21.3502576803901,-7.47749603604289,-2.68259907804267,-0.874818542369466,1.67612121338037,-1.15648277680247,0.322902587148044,1.32489045178317
13.0701629141317,-9.18290730164763,-49.0195479490199,-21.5395277400632,-7.52816734947138,-2.71538640029861,-0.882766922103351,1.66419859661972,-1.12866360340857,0.326876772832298,1.30452280707885
12.9722981466982,-8.5783307048099,-49.0985348282293,-21.7148881892356,-7.58132255081366,-2.73525750469153,-0.907108835049552,1.65277275555876,-1.10879276526111,0.331347731725479,1.28564547783861
12.8908269697769,-8.03734145883362,-49.1626185226981,-21.893229269505,-7.65136819000418,-2.79834826115038,-0.88723788572148,1.64432756868914,-1.12369589387694,0.330354185304204,1.28961965241555
12.8083622418286,-7.49138445238631,-49.2271989900469,-22.0944218531474,-7.71892994128742,-2.85249702064681,-0.89270239678997,1.61650812958095,-1.11872818434132,0.339296103095918,1.29061319605979
12.7060264952042,-6.96231783745678,-49.2634634063335,-22.2926338061594,-7.78549813742065,-2.87584556833141,-0.887237885721632,1.6189920080724,-1.11177339099197,0.36363799040777,1.28763256512626
12.6111423804384,-6.43076734276544,-49.3027084595896,-22.4804135513225,-7.83368556299649,-2.88876178619962,-0.896179812925985,1.60011453150932,-1.09587672047599,0.384502465229023,1.30501957890255
12.5341421826298,-5.89822329680294,-49.3449341497721,-22.66223203493,-7.90224086944893,-2.91757488760281,-0.899657229060092,1.58670158765723,-1.09687026238299,0.384999238439562,1.28415516237005
12.448696801775,-5.37958898445596,-49.3618244258625,-22.8544827267733,-7.96433806737972,-2.95036220988227,-0.910586251195399,1.57527574659272,-1.0943864076154,0.403379847212376,1.26478106131035
12.3687159511646,-4.86790953965212,-49.3807017932588,-23.0546817679155,-8.04779670146958,-3.01245941122354,-0.907108835060421,1.58074027927603,-1.08544453044972,0.420766909572436,1.26279397402222
12.3076125682589,-4.39050765058479,-49.3672889269515,-23.2747516818363,-8.10591967877034,-3.03382084847817,-0.921515273330694,1.57825640078323,-1.09687026238493,0.435670105892355,1.26478106131045
12.1948445364607,-3.92105418129446,-49.3494051052159,-23.4809119851563,-8.16553298884451,-3.05567906334083,-0.92747655813343,1.56832088681037,-1.12071526814874,0.437160425523732,1.27024555135415
12.1233088686639,-3.43769098080377,-49.3359922389078,-23.6662078722651,-8.23309474027969,-3.08697605279371,-0.935424937878157,1.56732733541344,-1.10730245241047,0.44312170404631,1.26329074584222
12.0140182650792,-2.95482455697789,-49.300224595452,-23.8733617196509,-8.30810815556137,-3.12920214973073,-0.949334602405485,1.56384990552488,-1.10382505573244,0.442624930835652,1.25732948397665
11.9121792934597,-2.48437753801184,-49.2490569943774,-24.0825026544894,-8.37964412774796,-3.15652491833127,-0.958276529612079,1.57825640078236,-1.10084443001166,0.451566848623085,1.25037467846645
11.8153080766267,-2.04622097021768,-49.2028571215882,-24.2966113077642,-8.45813498614941,-3.19129935109596,-0.971689420419169,1.57626929798922,-1.1117733909903,0.441134611207604,1.25136822211099
11.7164497577357,-1.62743867310838,-49.1367863357814,-24.5340682367921,-8.53811617730053,-3.23153833757699,-0.96423781441523,1.59564355025108,-1.12220558101497,0.401889527595939,1.2434198729571
11.6165978879824,-1.20964992913011,-49.0677349130699,-24.7591058705043,-8.6300200305086,-3.26084821662678,-0.962250719481371,1.60061130723443,-1.12319912292202,0.404373393648433,1.25583916851353
11.5256879766507,-0.785899872125918,-48.9773222589097,-24.9821564171778,-8.72937554758424,-3.28817098522789,-0.973179741623373,1.59464999885025,-1.12916037436477,0.394437929449158,1.24789081935799
11.4208683521894,-0.379040205075,-48.8725031928567,-25.1927876686523,-8.78948563544018,-3.30009364790417,-0.978147478959264,1.57527574660242,-1.14406350297648,0.389470197347935,1.23298766469367
11.3403907257058,0.0367614323012661,-48.784077630073,-25.4019286049662,-8.87195071462481,-3.34331330008331,-0.980631347627727,1.56484345692916,-1.12617974864601,0.412321765015384,1.23000703376127
11.2976680351181,0.442627545778287,-48.67131019903,-25.6031211922494,-8.97279656455677,-3.38305550897654,-0.995534559643282,1.57130154101211,-1.11972172624881,0.422754002431697,1.21013616087136
11.1575773517834,0.814216104220251,-48.5381750822059,-25.8808166403244,-9.07165530418549,-3.44564948800717,-0.967218456818852,1.58620481196061,-1.16741173780391,0.391457290166943,1.24143278566501
11.0701448685873,1.20964991713808,-48.4070270568796,-26.1103252220305,-9.14567516456368,-3.45757215068546,-0.980631347623329,1.58819191475415,-1.15548923491245,0.401889527587973,1.23845215473187
10.9762543041579,1.58968366895933,-48.2515371633478,-26.3547369587191,-9.22118535769483,-3.48539169692952,-0.980631347623329,1.58272738207155,-1.1723794473361,0.409837898950987,1.24441341659783
10.880376637914,1.97369162923464,-48.0925698601372,-26.5887164873959,-9.30066977156848,-3.51966935213359,-0.992057143503988,1.57775962508782,-1.1698955925677,0.407850806109282,1.25484562486388
10.8356668453282,2.35173827535896,-47.9296283744917,-26.7938832505967,-9.37866385267733,-3.53208879241941,-1.01937969886698,1.57477897089496,-1.1549924639627,0.438650745153246,1.24938113481961
10.7661182791059,2.72581071162916,-47.7651965705191,-27.02686923616,-9.47851614770536,-3.5668632252377,-1.02434743620204,1.57428219519668,-1.1559860058698,0.449579755780296,1.23249089286187
10.6990535902163,3.10137347556429,-47.5928164016278,-27.2692938866858,-9.55700700653155,-3.58226333119049,-1.03577323208492,1.55490794293533,-1.1559860058698,0.452560395040634,1.22503931552704
10.634472778728,3.46998137295512,-47.3941072735376,-27.5122153092768,-9.64742052743626,-3.62498620583011,-1.05663772891076,1.56633378400692,-1.14704412870143,0.446102343307069,1.22901349010476
10.5485306217779,3.81822144829053,-47.1680756405331,-27.743214208309,-9.74826637772808,-3.65181219687779,-1.0685602985242,1.56732733540462,-1.16045694444777,0.455541034291989,1.23050380557099
10.4233432024449,4.1609969854189,-46.9455214177017,-28.0164387129096,-9.82129268315728,-3.70447062376474,-1.05763127637825,1.56633378400739,-1.17486330210594,0.452063621820532,1.24341987295061
10.3816140625832,4.50526285049324,-46.7224704221989,-28.239986035367,-9.8992867645034,-3.72682561631604,-1.09190866401354,1.53404336360435,-1.16790850874701,0.475908735931767,1.21659419455763
10.3393881472987,4.83462543079484,-46.4810388329055,-28.4843977747255,-9.99417128389805,-3.78246470889464,-1.1003538174882,1.51715298985267,-1.16542465397886,0.487334519767163,1.20715552993449
10.28623317152,5.15703314484106,-46.2614652477836,-28.7178805342052,-10.0801138066779,-3.82717469399866,-1.1132699345723,1.50473359738644,-1.14456027392821,0.492302251867329,1.17685244877283
10.2425169298,5.47646020145477,-46.0071175659002,-28.9533503812116,-10.1740047709586,-3.85797490596376,-1.11177961337006,1.4952948591138,-1.13512162581112,0.50521835533463,1.15598803223789
10.1506134670226,5.80681633271005,-45.7473053833462,-29.2012395241599,-10.2753473990797,-3.91063333284849,-1.14108926371506,1.49628841051148,-1.14704412869422,0.515650592741234,1.14555582396939
10.0646713099355,6.11034655219009,-45.4760674263712,-29.4516125267039,-10.3498640374736,-3.93994321197812,-1.16741827161397,1.46399799009592,-1.15052152536946,0.513663499900428,1.14605259579179
9.97972270376191,6.37810888948267,-45.1919133767654,-29.6940371802728,-10.4427614467215,-4.00949207769696,-1.17834729376966,1.47741093397125,-1.1530053801378,0.506211901748693,1.15996220681563
9.89079989383633,6.64686477868455,-44.9147141471601,-29.9429198679374,-10.5296975248863,-4.04724717628028,-1.18430857858152,1.48188191525828,-1.16492788302986,0.523598964103205,1.15251062948206
9.82174810278756,6.9300271756582,-44.6275794618783,-30.2042218516796,-10.6220981566188,-4.09096360620133,-1.20368275422036,1.47641738257032,-1.15598600586462,0.514657046328136,1.12916235383779
9.79343190071249,7.21269279599937,-44.3364705946732,-30.4257820891589,-10.7219504522139,-4.1237509286622,-1.25236658019476,1.47293995267959,-1.12667651960557,0.548934397804245,1.10879470912178
9.72189623222331,7.47946157976049,-44.0120779496882,-30.6726776905271,-10.8193188599113,-4.17839646609929,-1.26031495994568,1.45654635460805,-1.10084443000804,0.551915037066009,1.09935604449753
9.62452823907221,7.72685609406234,-43.7025884896706,-30.9359667628124,-10.923642153988,-4.2146612318687,-1.28366332545525,1.46995929847089,-1.11674110052959,0.543469892492695,1.09935604449753
9.55945065175681,7.96977962299455,-43.3642862071138,-31.1863397676072,-11.0284622256064,-4.25142277524013,-1.318437486882,1.47293995266352,-1.09786380431221,0.552908583479372,1.10929148094664
9.48791498333015,8.20475473341624,-43.035919381532,-31.4620481364266,-11.1347726301203,-4.29563598280894,-1.33433424637897,1.45604957890092,-1.0750123404684,0.566321460147502,1.10134313178746
9.40594702976964,8.4044587383356,-42.6851977803397,-31.7193759475072,-11.235121703552,-4.34531374412903,-1.33036005649886,1.45306892470775,-1.0700446309329,0.567811779776542,1.08296257435506
9.35775980862038,8.62304023603187,-42.3225536325095,-31.9781940745865,-11.3424256633101,-4.41138516670779,-1.34426972106491,1.47890126104454,-1.06557369235056,0.579734336818209,1.07700131248591
9.28523058909589,8.82969910652017,-41.9599094855353,-32.2081994351966,-11.4482392903939,-4.45758548476329,-1.36116002804597,1.47691415824878,-1.05812212804648,0.588676254599935,1.05464658048082
9.20177230911414,9.03089343931576,-41.5788847457735,-32.4844045773655,-11.5560400278249,-4.50875357899272,-1.35768261190548,1.46747541997493,-1.05812212804648,0.570792419035056,1.04570468767862
9.11135917235727,9.22215224938343,-41.2033245076539,-32.7531581422874,-11.6653310981481,-4.56439267173706,-1.37457291888983,1.47393350406055,-1.07550911142703,0.557876315574624,1.04570468767862
9.04777191144538,9.40248198431699,-40.8232933151623,-33.0065117801956,-11.7930029394857,-4.6071155465274,-1.35519874323104,1.45306892470297,-1.08246390477272,0.554398903108899,1.02533704295171
8.97176526346113,9.57237942044783,-40.4402814869458,-33.2792395205971,-11.9072617858368,-4.63791575859337,-1.37457291888875,1.47194640126898,-1.08594130144735,0.576256924347306,1.0258338147741
8.93351355176685,9.77407052858265,-40.044353566773,-33.5032836207915,-11.9976753077949,-4.67616763487652,-1.41431481769869,1.42673981265681,-1.04570285421437,0.615502007920358,0.992550102663308
8.8386294356197,9.92856790457849,-39.6166321887974,-33.7819726240051,-12.1000114919721,-4.72087762013546,-1.3999083793851,1.43071401824626,-1.09140578192948,0.606560090143626,0.985098525326724
8.75864858388312,10.0825685042207,-39.1829495382694,-34.0234037394034,-12.1968831227287,-4.79092326375739,-1.43070835095081,1.443630186419,-1.12170881007588,0.609540729401903,0.978143719811083
8.67022254884471,10.2211690439555,-38.7467830249841,-34.3135184957901,-12.306174193356,-4.85401402078523,-1.42077287625441,1.47095284983907,-1.15052152539909,0.584205295692065,0.999504908177628
8.59819010469306,10.3697051060085,-38.3016746025605,-34.5778011166686,-12.4328524798972,-4.90021433893934,-1.43865673071241,1.45008827049282,-1.1654246540108,0.590166574210045,0.993046874484996
8.5365899454868,10.5192347203066,-37.8476242710583,-34.8554965773107,-12.540653217905,-4.95784054223262,-1.44064382565241,1.44661084059976,-1.17834069880633,0.597618172358214,1.00149199546624
8.4625703993276,10.6657836776842,-37.3900965314761,-35.1153082524315,-12.6618669509862,-5.0124860798822,-1.46597928612012,1.43568177522424,-1.17436653117484,0.618979420392053,1.00397585457817
8.42084125918045,10.8043842169996,-36.9161752910038,-35.3711457530276,-12.781093573815,-5.05471217714215,-1.46597928612012,1.42475270984732,-1.16194725733004,0.63736002915998,0.97516308886976
8.32297649013096,10.9290750246476,-36.4283444138018,-35.6667250014727,-12.8883975344588,-5.12624815370917,-1.47740508201891,1.43518499952893,-1.17237944735314,0.630901977436203,1.0059629418672
8.24349241357099,11.0319076827651,-35.9439909474645,-35.9493881827665,-12.9882498311342,-5.19430668696581,-1.46796638105483,1.45257214898122,-1.19125674359748,0.605069770515339,1.00198876728792
8.17046641836278,11.1228177137017,-35.4521858906655,-36.2360255387078,-13.115424895656,-5.24448122608095,-1.46498573864101,1.4734367283539,-1.21013403982007,0.592153667070017,1.02384672748336
8.12675017625231,11.2663860139633,-34.9852194745949,-36.4819276037233,-13.2515419569476,-5.30558487273905,-1.49628248395777,1.45157859760173,-1.20466955932685,0.597618172378529,1.01540160650014
8.06018226219792,11.3766703137359,-34.4904337843329,-36.7626036984836,-13.3901429063572,-5.35575941191572,-1.49032119913445,1.4401527565263,-1.21957268794043,0.591160120651661,1.0114274319192
8.01994344840154,11.4929159270806,-33.9837255489548,-37.0184412013303,-13.5222857470684,-5.40195973016165,-1.51068892226803,1.3919655137411,-1.19175351452423,0.610037502634803,0.992053330843073
7.92555610748837,11.5962453610021,-33.4934108164678,-37.312033365255,-13.6370413720165,-5.46505048735754,-1.51217924347367,1.39643649503149,-1.18976643070868,0.609540729425044,1.00397585458246
7.85551076498858,11.6856650634528,-32.9802445380094,-37.5907223736217,-13.7508034417675,-5.51373469369819,-1.52509536058906,1.40537845761238,-1.17436653114575,0.600598811646885,0.98907269990842
7.81427840025859,11.7686266762099,-32.4650911701694,-37.8619598049376,-13.8933786123254,-5.56688989862472,-1.54049534638113,1.40488168191335,-1.16890205065376,0.593147213498319,0.963240565136372
7.78347832058341,11.8585431546863,-31.9678216234463,-38.1182940807995,-14.0190633446349,-5.63296132154844,-1.55837920085258,1.39494616792892,-1.15350215109701,0.607553636574054,0.960259934199774
7.69455550980929,11.9320660210394,-31.4536618043178,-38.3870476535053,-14.1646191810277,-5.69853596692622,-1.58619853002806,1.39395261653092,-1.17685038593051,0.594637533119804,0.943369692236521
7.66127155267793,12.0224792756334,-30.9335407134114,-38.6259949154574,-14.3275622333543,-5.74572984046811,-1.61948237029205,1.3636492989039,-1.15846986063973,0.622953606088869,0.924492362979285
7.57135519095057,12.087556947838,-30.3870906676941,-38.92902574702,-14.4686470714732,-5.80981415295912,-1.6209726914989,1.37159771008753,-1.17933424069614,0.603082677694016,0.920518188399229
7.5321099280845,12.1556152767234,-29.852563169534,-39.180889077486,-14.6231449049009,-5.88383401782285,-1.62445010764859,1.36315252319935,-1.16294079922551,0.60705686337193,0.910085980123248
7.49783242003509,12.2360930086657,-29.3239969467079,-39.4302685491977,-14.7736685176778,-5.94146022136591,-1.65922426914603,1.35023635501894,-1.13710870963575,0.63090197742927,0.8887247917436
7.45262585137506,12.2966996957386,-28.7919533164848,-39.674680302679,-14.9097855800455,-6.01249942056649,-1.68505650339768,1.35669443911056,-1.1341280839149,0.632889070268491,0.882763529872037
7.45759360616846,12.3736999947618,-28.2529548686789,-39.8505375400767,-15.0573285273435,-6.05174485229352,-1.71535970127275,1.31148785045982,-1.09637349145743,0.660708369994658,0.841034696767836
7.43076773026772,12.4661003536061,-27.7268725147541,-40.0850138568504,-15.2212651355095,-6.12775182770056,-1.755101600148,1.30055878508261,-1.10779922339008,0.658721277154486,0.83209280396061
7.34383202128625,12.5123005330393,-27.1928417985974,-40.3249546646769,-15.3499305341744,-6.19978458223224,-1.75659192135439,1.30552654207238,-1.14207641922838,0.656734184314366,0.840041153123107
7.23156076280773,12.5401199959242,-26.6498691739442,-40.5763212253452,-15.512376809873,-6.28075933388847,-1.78143060815003,1.31645560745496,-1.1778439278947,0.6378568023508,0.866370059721646
7.20473488687226,12.5858233992178,-26.1183223247835,-40.8107975432447,-15.6410422087669,-6.33739198231664,-1.79732736769836,1.3154620560569,-1.16741173785931,0.634379389880822,0.877795811638784
7.14462505373641,12.632520354752,-25.5738593858256,-41.0159643214787,-15.7826238253989,-6.41091506970769,-1.80825638988814,1.29509425237909,-1.18181809551821,0.628418111364586,0.880279670752113
7.13369599317385,12.7065399969658,-25.0641705414453,-41.202253769492,-15.9331474389614,-6.48195426903,-1.83110798174204,1.2846619626999,-1.18082455361026,0.65971482357691,0.851963676857206
7.08898619996338,12.7542305046814,-24.5351075609151,-41.3959947951819,-16.0667806141445,-6.53461269652475,-1.87084988064385,1.2662812618128,-1.18231486647067,0.686043803671739,0.850970133211725
7.04477318226796,12.7845338481196,-24.0219413101479,-41.6056325209275,-16.1964395686041,-6.61161322734182,-1.87134665438002,1.2702554674077,-1.1917535145861,0.680082525160257,0.849976589565868
7.036327999103,12.8699793411065,-23.5122524705051,-41.7650962886009,-16.3519309584649,-6.63595533061383,-1.93741756138618,1.23796504692785,-1.16343757026038,0.73025661928056,0.818679964724849
6.95783747325658,12.891837490461,-22.9901443135397,-41.9851662235532,-16.4959964635778,-6.7298463004548,-1.97318527041973,1.2777071028902,-1.18628903410763,0.7108824641185,0.815699333787084
6.8798437227959,12.8973020278007,-22.4784683858761,-42.1774169345773,-16.622177974992,-6.79045316990994,-1.978649781522,1.26429415900967,-1.16244402834262,0.742675949535894,0.808247756446124
6.86792111125586,12.949463520601,-21.9628182783079,-42.3512870870572,-16.7920759157702,-6.85652459322644,-2.01143684809408,1.24541668244171,-1.12319912296746,0.755095279783172,0.797815548170007
6.85152752037565,12.9882120581361,-21.4312714444954,-42.5226733803161,-16.9311736452131,-6.93104123610167,-2.02385619150488,1.23299728996102,-1.11574755865665,0.767017836815012,0.785396252606927
6.78048862656143,12.9931798193584,-20.914627794516,-42.6866080958097,-17.0931231445749,-7.0135063208993,-2.0407464985405,1.23498439275708,-1.11773464247249,0.755592052980528,0.784402708962096
6.75863050538678,13.0378896703155,-20.4109002375052,-42.8520331268363,-17.2366918726076,-7.09746173853961,-2.05714003183772,1.25634574783326,-1.10084443004588,0.760063011867884,0.764531836050925
6.72186911982458,13.0562703868026,-19.896243681642,-42.9772196369212,-17.389699375308,-7.17446226951639,-2.09837225199602,1.2305134114604,-1.07550911141009,0.763540424332684,0.764035064228019
6.64437214474492,13.0577607151671,-19.3845677636235,-43.1535736491921,-17.5546295406677,-7.2633854633842,-2.10135289441722,1.26777158891595,-1.0829606757138,0.733734031769726,0.788376883534831
6.56836549617206,13.0741543271749,-18.868917665242,-43.273792440823,-17.7175725957034,-7.35131510211007,-2.1182432014552,1.26876514031455,-1.09190255287994,0.71137923733473,0.817189649254148
6.52166860097534,13.0860769540788,-18.3800932958639,-43.3984821790894,-17.8690897658644,-7.45712873499403,-2.10284321558978,1.28615228981044,-1.09786380431357,0.693992175031066,0.817189649254148
6.45659101291094,13.0791220883773,-17.8773592916865,-43.544036336105,-18.0379941524505,-7.55946492477234,-2.08943032469379,1.28019098142133,-1.12220558104939,0.679088978738889,0.857924938716733
6.4163521988878,13.0955157003889,-17.3895284706129,-43.6438874813536,-18.2342213075614,-7.65236233973282,-2.12321093881773,1.26628126183163,-1.1430699610922,0.673624473436624,0.844015327676371
6.35524881465954,13.105451222814,-16.9156072877275,-43.7193968052091,-18.4001450288537,-7.73681453522028,-2.14854639939198,1.26330060763499,-1.13164422916214,0.696972814279159,0.859912026000742
6.3199777554581,13.1382384468327,-16.4680150605996,-43.772551395025,-18.5779914128654,-7.80189240352491,-2.17487540745147,1.24790056094779,-1.11028307815335,0.716346969439673,0.845505643142494
6.30557126647916,13.1740063276022,-15.9970745168499,-43.818254406868,-18.7508700209499,-7.88336393336866,-2.19027539329201,1.21511336478648,-1.09537994953939,0.743172722779145,0.827125085708415
6.23602269898339,13.1561223872294,-15.5176888383326,-43.8619703312225,-18.9237486290427,-7.9593709093613,-2.23250116094516,1.20219719660373,-1.10084443002878,0.741185629940452,0.837060522165298
6.16647413156182,13.1287997005543,-15.066619206059,-43.9245635865726,-19.1055692343776,-8.04928765875726,-2.2250495548854,1.22653920587909,-1.11077984909778,0.720817928351703,0.835570206696541
6.12524176652172,13.1228383870955,-14.6220076202847,-43.9553634424039,-19.2913640607914,-8.14864318303061,-2.26578500135848,1.19673266392043,-1.12468943580553,0.713863103413504,0.836563750341387
6.06562870866252,13.1168770736394,-14.1818669902947,-43.9896407013133,-19.4781524425392,-8.24551481929666,-2.28267530841245,1.2081585050006,-1.12518620675933,0.733734031801489,0.832589575760709
5.97769944833109,13.0925350437043,-13.7327844523287,-44.0427952911804,-19.6713989333121,-8.36871566945304,-2.31198495894195,1.20865528070025,-1.16095371539876,0.716843742691011,0.847492730450119
5.95186712325287,13.1173738497718,-13.3140050514482,-44.0159696102818,-19.8547098720856,-8.43925809179323,-2.35719136903909,1.19176490692105,-1.12468943578283,0.740688856752789,0.808247756456446
5.87635724985663,13.1039608944904,-12.8991998330558,-44.0313695382025,-20.0390143663096,-8.54258783720826,-2.36066878520254,1.20368752371284,-1.12767006150502,0.736714671077411,0.813215474685731
5.84307329253383,13.095018924308,-12.4779365707958,-44.0318663100709,-20.2104026427005,-8.64144658407702,-2.39444939935753,1.19822299101781,-1.14456027392571,0.717837289121875,0.781422078030347
5.80581513135373,13.0731607749672,-12.0606474909444,-44.0194470133717,-20.3932168044026,-8.7378214428141,-2.41978485997978,1.20666817791232,-1.14157964820538,0.703927639265078,0.771486641573205
5.76756341919862,13.0786253123022,-11.6731647751377,-44.0010664542478,-20.5665921915542,-8.83071885828623,-2.46250740141348,1.22455210309815,-1.12965714532228,0.719327608757372,0.757577030536111
5.76358921533611,13.0830962973967,-11.2851852879864,-43.96877628284,-20.770271013296,-8.93603571431722,-2.48386867214669,1.19176490690293,-1.13065068722961,0.738701763925612,0.742673875849815
5.71738909544637,13.0845866257616,-10.8877671199672,-43.9245635865793,-20.9530851754703,-9.04880423476531,-2.50672026407316,1.16195836492885,-1.13710870962713,0.758572692305144,0.761551205116414
5.66224701679682,13.0671994614981,-10.4843876804196,-43.8733960841772,-21.1229831198085,-9.14468231608831,-2.51268154893069,1.15649383223141,-1.13462485485717,0.770992022550111,0.751615768666792
5.63641469168216,13.0527929539731,-10.0879630598175,-43.815273775628,-21.3048037270741,-9.22267640301392,-2.56335247018859,1.1391066827589,-1.13611516771862,0.771488795759539,0.73522229851711
5.60164040785343,13.0324251329877,-9.69998357609798,-43.7397644517489,-21.4846372239734,-9.32004481730526,-2.57378471869376,1.11426789776059,-1.1331345419962,0.775462981433966,0.748138365909877
5.55941449180504,12.9966572522423,-9.29660413947635,-43.6647518998067,-21.6758966062773,-9.43132300509039,-2.59464921570033,1.0998614024666,-1.1475408996439,0.775959754643263,0.746648050440966
5.57580808275835,12.9842378491972,-8.90514724829556,-43.5733458762016,-21.8537429931046,-9.53663986146295,-2.63886207840904,1.07651294457573,-1.13263777103742,0.784404899202431,0.757577030543109
5.53010473830556,12.9638700282135,-8.53505158451321,-43.4610754342584,-22.0430152652128,-9.64841482701786,-2.6627072178511,1.0829710286697,-1.13015391626877,0.784901672412032,0.764035064240884
5.45558841578556,12.9415151027305,-8.1460785588296,-43.3865596542328,-22.2263262061597,-9.76664790167995,-2.68059107242966,1.08644845856636,-1.15399892204393,0.768508156496085,0.783409165329908
5.43025286614543,12.9161795205303,-7.76753776059675,-43.2832311059736,-22.4220565876803,-9.86898409241244,-2.71188781796349,1.06806775768068,-1.16691496683427,0.7660242904498,0.769996326110753
5.37560756297452,12.8973020279035,-7.41532591648641,-43.1764251547827,-22.601393308006,-10.0006301631168,-2.75013939585204,1.08595168288502,-1.15896663157708,0.752611413797004,0.77347372887141
5.31251707654118,12.8625276993646,-7.04771411954766,-43.062664397459,-22.8050721319081,-10.1263149024056,-2.78193291510281,1.0963839725812,-1.17585684401131,0.729263072948882,0.763041520593658
5.29363960814785,12.8660051322183,-6.70494095818322,-42.95089072764,-23.0171961754943,-10.2356059800399,-2.82763609907672,1.07999037447956,-1.17734715687325,0.732740485415993,0.746648050446114
5.23005234621805,12.8277533708162,-6.3636581157026,-42.816265552107,-23.2298169969598,-10.3707294943091,-2.83409415767876,1.07502261748453,-1.18231486641223,0.698959907144743,0.761054433305303
5.1962716133114,12.7984435796114,-6.01542045622083,-42.6707113957349,-23.4320054884466,-10.4988981219015,-2.87383605680202,1.0849581314877,-1.17486330210815,0.710882464162953,0.735222298515385
5.16596830881099,12.7691337884047,-5.6920214322152,-42.5157185741119,-23.6312133145051,-10.6255764166754,-2.91457150340903,1.09489364548472,-1.18281163736653,0.73125016573275,0.731248123931335
5.13020047399048,12.7557208331087,-5.35073859172371,-42.3239646347092,-23.8348921392989,-10.7303964958937,-2.95282308134662,1.0889323370825,-1.19572768215817,0.745159815586589,0.715848197422865
5.11629076044546,12.7303852508851,-5.00746866127828,-42.1570492886149,-24.0584420692319,-10.8491263487786,-2.9866036956108,1.06111289789303,-1.18926965976114,0.753108186938401,0.721312687473972
5.10834235269741,12.712004534361,-4.68307609382216,-41.9498954216706,-24.2601337839254,-10.9882240844395,-3.02684236847814,1.0337902344023,-1.18281163736087,0.768508156435608,0.71187402284209
5.06561966109159,12.6821979670319,-4.35719320881257,-41.7536705358894,-24.491135378729,-11.1407348161183,-3.05764234032699,1.02584182320305,-1.18479872117551,0.766521063598342,0.714854653780089
5.01494856168523,12.6424558772422,-4.04223932350317,-41.5440328101712,-24.7126981988011,-11.2420774521836,-3.07453264747273,1.01242887930136,-1.2141082074522,0.769501702855351,0.710880479196455
4.96676133966077,12.626062265199,-3.73523380201805,-41.3418466623629,-24.9168738023505,-11.3747170789633,-3.10483584556139,1.00895144940326,-1.2141082074522,0.764533970756242,0.716344969247063
4.95036774867652,12.5883072799028,-3.43667341650007,-41.0725963137489,-25.1175719627029,-11.5088470385754,-3.14855193468957,1.00249336529877,-1.19473414025576,0.783411352709268,0.707899848259209
4.94589676931624,12.5888040560253,-3.14109366775418,-40.8242103835191,-25.3311863416269,-11.6310543352406,-3.20816478343427,0.957286776584892,-1.1738697602004,0.830108034421033,0.689022518994335
4.90615473054645,12.5520426229375,-2.84750101043048,-40.5847663471195,-25.5726202677316,-11.741338968847,-3.2315131492105,0.954306122384478,-1.19523091121293,0.814211291728396,0.698957955454071
4.86194171244162,12.5301844735394,-2.55490189888856,-40.3448255391995,-25.8190219704696,-11.8705011524597,-3.25684860995206,0.93294476728455,-1.19721799502803,0.791359724111983,0.714357881964953
4.80978028657368,12.4978940255735,-2.2826704678226,-40.1053815035767,-26.0679075615602,-12.0329474372944,-3.2921195455257,0.94039640278703,-1.19672122407435,0.766521063651436,0.724790090245565
4.75910918716829,12.467093905971,-2.02136803636713,-39.8386150159673,-26.3162963754543,-12.178006505235,-3.31050017390222,0.941389954187348,-1.21013403982439,0.748140454895238,0.71137725102781
4.69403159863992,12.4308292490033,-1.76056237798757,-39.5519776546133,-26.5741239643671,-12.3245559062009,-3.35272594182366,0.943873832688111,-1.21112758173199,0.749134001313977,0.726280405708659
4.62249592881745,12.3881065024328,-1.50720831020607,-39.2434823319215,-26.8071126722996,-12.4691181967557,-3.3865065561707,0.956293225185499,-1.22255331367007,0.749630774523313,0.740686788572361
4.58027001257017,12.359790263417,-1.23696397172217,-38.9419418157793,-27.0535143763575,-12.6365322582763,-3.44462908382395,0.969209393387293,-1.19771476597516,0.746153362056757,0.751118996853517
4.60659911327499,12.3478676364693,-1.00397758459718,-38.5653887501223,-27.3058774122652,-12.7651976647475,-3.5241128823341,0.937912524276066,-1.16691496684119,0.806262920367288,0.715848197422143
4.53605699437652,12.3046481137537,-0.754597699296268,-38.2588805165478,-27.5830793300431,-12.930127838362,-3.57180316150534,0.959273879382624,-1.17784392782148,0.789869404461802,0.725783633878248
4.47197295679482,12.2614285910572,-0.50919199591674,-37.9190885692106,-27.835442366618,-13.1089677858525,-3.59664184854114,0.999512711100182,-1.18926965975383,0.776456527811859,0.727273949346868
4.40043728685633,12.2346026803895,-0.287134608786313,-37.5758192193438,-28.0957538456877,-13.2888012886144,-3.6418482589608,1.00398369240063,-1.18827611784576,0.766024290412467,0.723796546586255
4.39497275652355,12.2410607699865,-0.0839545835886989,-37.1764146513321,-28.3356974421296,-13.4428023546236,-3.72530624754071,0.987590094284572,-1.16045694445256,0.804275827493746,0.671138733329711
4.33088871888561,12.2028090084929,0.13611571236405,-36.796384185997,-28.5905443678772,-13.6042550853178,-3.76405459937814,0.994048178384384,-1.18430195024326,0.802785507865063,0.679583854316683
4.29263700652407,12.1923767099088,0.363140825343475,-36.3959860756209,-28.8339654084165,-13.7736562582646,-3.83708033933161,0.988583645681999,-1.18579226310494,0.837062859314743,0.683061257077296
4.26084337542816,12.1655507992394,0.575262757818862,-36.0224136457634,-29.1136512166308,-13.9395799879248,-3.88874480845395,0.977157804575832,-1.19225028550553,0.839546725361359,0.66269361234534
4.22606909141569,12.1441894259253,0.798313688818754,-35.6523186194515,-29.394330580455,-14.0980520531687,-3.93693186138334,0.975667477476569,-1.19225028550553,0.835572539686298,0.642325967605407
4.17192056342188,12.1233248287341,0.988080850359272,-35.2722881569288,-29.6675582799553,-14.2763952238823,-3.97915762945546,0.974673926076739,-1.22702425228712,0.836069312895846,0.64977754494734
4.13615272849563,12.0880537239788,1.19225441934505,-34.8679158756504,-29.9397924245418,-14.4597061710052,-4.01442856515792,0.977654580280006,-1.2399402970794,0.81719193096791,0.64033888030523
4.11727526002559,12.0791117537519,1.38549898925721,-34.4635435944348,-30.1901683535046,-14.6430171183464,-4.0382737047914,0.947351262563648,-1.25335311283617,0.807753239985499,0.640835652127967
4.10932685225252,12.057750380436,1.56582746940094,-34.0412875279064,-30.4569379447649,-14.8153989579178,-4.09738978007589,0.926983458865297,-1.28216582817309,0.813714518497774,0.641829195773681
4.10038489349638,12.0542729475694,1.74814304007236,-33.6041283068566,-30.704333208478,-14.9733742460166,-4.14955102301032,0.901151122448346,-1.28315937008116,0.824146755897166,0.65375171952303
4.00053302085007,11.9847242902785,1.9543036988099,-33.2161494993624,-30.973089910941,-15.1661239687749,-4.14508005932649,0.938409299964603,-1.35121699077288,0.76950170289994,0.708893391893648
3.9816555523685,11.9728016633068,2.13959990511755,-32.7814741397285,-31.2373756150716,-15.3588736918039,-4.19376388611349,0.911583412151163,-1.33929448787395,0.773475888576163,0.671635505172312
3.9304876773035,11.9241176031868,2.30750906765594,-32.3497794122015,-31.4961967654368,-15.5451653057009,-4.21810579949783,0.901647898142845,-1.34128157168969,0.775959754620798,0.678590310692584
3.90217147457601,11.9171627374528,2.47392791209215,-31.8843042005791,-31.7197467037067,-15.7319536973881,-4.26132511512872,0.896183365437492,-1.34674605218415,0.781424259922191,0.672132276994808
3.93297155470369,11.9221304986903,2.61550812287477,-31.3631905447288,-31.9651548585989,-15.9192388667905,-4.31497667936841,0.846009019694834,-1.32985583975627,0.814708064924725,0.664183927825048
3.9210489430202,11.9012659014807,2.77993987628919,-30.8763541461891,-32.2115565689179,-16.1194402550366,-4.36614437493111,0.820176683281224,-1.30104312441862,0.839546725385272,0.658222665951619
3.88528110804481,11.881394856525,2.93046199489321,-30.4213111469464,-32.4539840583919,-16.307718980003,-4.40936369060539,0.82117023468221,-1.30750114681792,0.83805640575857,0.669648417886507
3.8370938858355,11.8575496025702,3.06310029737029,-29.9419263282516,-32.6974051033817,-16.4989783710403,-4.45556364873611,0.834086402895029,-1.31097854349708,0.85991442697373,0.660706525076245
3.78990021463292,11.8292333634938,3.21660305166259,-29.4486318999014,-32.9323809287379,-16.6917280951817,-4.50524102307645,0.808254066466051,-1.28862385055962,0.869353117947609,0.654745263201571
3.75015817567958,11.7865106168058,3.34725426320977,-28.9543439289576,-33.1703374201576,-16.9177619212083,-4.5509442074874,0.818686356177079,-1.30501729204997,0.858424107338576,0.665177471479187
3.71041613670878,11.7631621389552,3.47045388456734,-28.4635333616519,-33.4003454696226,-17.1472731911059,-4.59018933319493,0.789376589870354,-1.29160447627472,0.87432085004516,0.67610645157919
3.66669989385677,11.7154716310085,3.59564059651391,-27.9632841313212,-33.6139598570409,-17.3643650202393,-4.63340864892346,0.796331449677436,-1.30104312440245,0.877301489301772,0.709390163718655
3.64633209889999,11.681194078415,3.71784667233116,-27.4550865530698,-33.8454582399953,-17.5829471824425,-4.71189890047096,0.79235724407267,-1.29955281154062,0.863888612656821,0.685048344392142
3.57429965322621,11.6126389732128,3.82564634082862,-26.9727211108249,-34.0913631749212,-17.8194133400225,-4.75511821620673,0.796331449676717,-1.32488813021641,0.846998323538261,0.698957955432141
3.48438329017066,11.5565032711676,3.94934273453166,-26.5087362279417,-34.2945452325215,-18.0459439448112,-4.79585366323739,0.803286309490455,-1.35717824222343,0.823649982721795,0.702435358194116
3.4789187598139,11.5386193306875,4.04969081286061,-25.9776871500627,-34.5200822844955,-18.247635667711,-4.83509878905985,0.783415281456342,-1.36562334843875,0.828617714809942,0.686538659860406
3.44911223063019,11.5271934798305,4.15997434444365,-25.4451477584468,-34.7441290037644,-18.4826114928235,-4.90762775582942,0.757582945014001,-1.37655230942697,0.84153381823741,0.69051283444565
3.41384117101835,11.4919223749782,4.28466428326672,-24.9121115957695,-34.9711563891597,-18.7041743218057,-4.96177609400615,0.733737711383551,-1.38400387374151,0.832095127261273,0.696474096319391
3.38800884569227,11.4745352106163,4.38451558870106,-24.3795722068863,-35.1942095535786,-18.9312017051201,-5.00499540979496,0.743673225398808,-1.39841023140943,0.839049952186343,0.685048344390322
3.41284762004522,11.4665867926193,4.48635398482706,-23.8321296648671,-35.4281918265561,-19.1438225368784,-5.08398243530348,0.704924720729281,-1.35966209699955,0.883759541001066,0.65772589413336
3.43122831307676,11.4591351507472,4.56683115635325,-23.2648162513716,-35.6447868819891,-19.3633982560832,-5.17737589936032,0.694492431016094,-1.34823636505002,0.890217592721752,0.641332423982179
3.39446692698524,11.4372770012395,4.6562502357419,-22.7253220611576,-35.8683368247087,-19.5665803131006,-5.23698874881319,0.679092384297027,-1.36164918081821,0.905120788997684,0.631396987525685
3.34031839885185,11.4164124039844,4.73772095245781,-22.2012277984389,-36.0690349957506,-19.7960915856221,-5.27722742220903,0.672137524486706,-1.38301033184841,0.888727273085225,0.647293685863131
3.34031839885185,11.4129349711065,4.8340948490522,-21.6418627383358,-36.2712235000247,-20.0067253078417,-5.35373057905597,0.651769720757273,-1.37108782893812,0.901146603320946,0.627919584770313
3.34131194982654,11.3970381351049,4.91109461173918,-21.0849815391804,-36.4878185563245,-20.2387204689778,-5.42427245096364,0.62941481420415,-1.35966209699116,0.90959174787495,0.622455094715638
3.27076983057254,11.3642509108564,5.00597819020007,-20.5494615296348,-36.6895102833332,-20.484625404434,-5.48537562172018,0.633389019812617,-1.40238439907673,0.891707912351438,0.628416356591557
3.22655681222048,11.3205346118741,5.07055863628537,-20.0094705756424,-36.892692343516,-20.7230786754722,-5.54051750761257,0.616498645966143,-1.3825135609208,0.900153056895341,0.617487376481138
3.21562775148598,11.2986764623618,5.13563585498366,-19.4545764684528,-37.0894162943961,-20.9625255019906,-5.62944000827844,0.591659860902941,-1.3715845999271,0.923004624513577,0.595132644449796
3.20072448686311,11.281289297987,5.18680343912976,-18.8981920479138,-37.2881273560707,-21.1930303310794,-5.71935605640517,0.539995187967468,-1.37804262233336,0.934430408313431,0.586687523456539
3.05566604430657,11.2167084016627,5.26579029228403,-18.4143363112861,-37.4714383106647,-21.4717225924718,-5.72879475759001,0.553904907601422,-1.46398399747298,0.873824076783249,0.621461551052904
2.99605298577864,11.1893857147784,5.35719646194353,-17.8778227656081,-37.6607105972311,-21.7121629751552,-5.78095600102648,0.528072571144379,-1.47540972942252,0.894688551557905,0.612022886417202
2.9816464966205,11.1670307891246,5.44363490489884,-17.3278963827124,-37.8360731095723,-21.9635324662445,-5.84752368315143,0.497769253370799,-1.48137098087796,0.89170791230367,0.599106819019883
2.99207878186597,11.151630729234,5.50374439685596,-16.7571055856468,-38.0218679528463,-22.1875791868434,-5.93296876770104,0.456040094455982,-1.46448076843357,0.92101753165218,0.570790825101685
2.97369808880002,11.1317596842078,5.56931838803622,-16.2046953467012,-38.1773593592201,-22.4300066808168,-5.99506548616272,0.429710982285922,-1.45653243316403,0.923501397698334,0.56383601957878
2.97618196623657,11.1203338333251,5.63836978782227,-15.648310935275,-38.3393088753,-22.6679631761219,-6.08150411831809,0.396427010258604,-1.46348722652226,0.937411047543669,0.555390898583649
2.97717551721331,11.1054305495608,5.69301478040931,-15.1038490482825,-38.4908260606987,-22.9118810035588,-6.14856857426793,0.36363981396415,-1.43914544974129,0.95529488306718,0.533532938367378
2.99804008768095,11.1004627883077,5.76107263486059,-14.5559097606874,-38.6408529132858,-23.156792386568,-6.21513625656385,0.330355841929082,-1.45802274598895,0.94039168681066,0.537507112953348
3.02337563755846,11.0900304896697,5.81869826342059,-14.0020092128744,-38.777963546843,-23.42405876431,-6.25785879894122,0.305517056833747,-1.47690004225458,0.93592072793103,0.523100730081745
3.01890465816994,11.0711529969055,5.8966915709932,-13.5012632479714,-38.9265000667135,-23.6948025858805,-6.30455553129675,0.296078318493979,-1.49925473521558,0.907604655022943,0.52359750190493
3.12074363333707,11.1079144302194,5.93494306578315,-12.9076209591732,-39.0472170377148,-23.9148750869898,-6.41334898215703,0.225039393114887,-1.45305503639478,0.95777874917259,0.462991339502119
3.17240828406916,11.0915208180737,5.98163969574288,-12.3616687644162,-39.1664436758268,-24.1543219168469,-6.48836181822417,0.163935981741627,-1.45057118162258,0.970198079384542,0.422752821818381
3.17290505955751,11.0905272658219,6.0288330983177,-11.84254224736,-39.2787154267321,-24.4146334085111,-6.53257468186269,0.126181028383043,-1.45553889117015,0.968210986548121,0.41480447264862
3.1937696300359,11.0880433851934,6.09639417992952,-11.2921191098625,-39.3870129564829,-24.6928288960777,-6.57877464054006,0.0824647665654828,-1.46696462311625,0.99652705943438,0.398411002475819
3.18780832417389,11.0701594446556,6.14309080985604,-10.7734893673792,-39.506239594764,-24.9680437181247,-6.63292297921551,0.0387485047694155,-1.48981608702478,0.983610955990776,0.39990131794512
3.17489216150122,11.035385115848,6.19127775773965,-10.245420962977,-39.6021176831129,-25.2502134276192,-6.68260035420747,-0.000993551458191078,-1.49279671275048,0.990069007701162,0.394933599711813
3.1977438339557,11.005081772165,6.23101957041834,-9.70393972179675,-39.6965054385227,-25.5154926970294,-6.75960028542457,-0.059116308663241,-1.50620952852405,0.989075461283638,0.380030445011699
3.18085346738795,10.9837203987647,6.28268392689757,-9.17090360272353,-39.7740027535382,-25.7738170794758,-6.810767981687,-0.112768084602446,-1.50769984138647,0.996527059413384,0.349230591959568
3.1505501626296,10.9449718609262,6.33633537399949,-8.62991913663675,-39.8584549558275,-26.0222059091344,-6.88329694921374,-0.154497243634954,-1.5161449476164,1.00795284321476,0.324888772612392
3.16744052920445,10.9027458902149,6.38054814055148,-8.06508962612859,-39.9245263847477,-26.2745689603435,-6.98811621058582,-0.22951037481601,-1.49577733847314,1.04272696783271,0.301540496915701
3.13664044895208,10.8515779492354,6.45009631267324,-7.53900831579006,-40.001526922181,-26.554751560715,-7.07107742698573,-0.267265328271321,-1.49826119324571,1.05266243200478,0.286637342211694
3.12422106176623,10.8351843370783,6.5116961222084,-7.00795928926892,-40.0631273521465,-26.8324502731278,-7.15304509589758,-0.301046076105877,-1.49726765133692,1.03775923574945,0.28812765768222
3.10435004222504,10.7944486947198,6.5415024816609,-6.44859427289047,-40.1316826693762,-27.1151167626158,-7.25438694105665,-0.371588226001165,-1.48236452269793,1.04024310179495,0.276205133924466
3.07156286003719,10.7586808136411,6.56783143250944,-5.95828053436519,-40.1808636578482,-27.3982800301756,-7.35175459629651,-0.407356076653222,-1.4952805675145,1.00894638965501,0.289617973157284
3.08100159431808,10.7328484550626,6.61005710839484,-5.40984449976718,-40.2315349793297,-27.658591525517,-7.46799965419329,-0.47640789946575,-1.48931931605756,1.04223019466462,0.252360086407243
3.01095625048153,10.704532215853,6.66917305457838,-4.91108564356573,-40.2538899740875,-27.9536774577846,-7.53705120566257,-0.497769254722089,-1.51962234429434,1.0253399055712,0.259811663756959
2.98214327216607,10.6667772302263,6.71885032029429,-4.3999074947314,-40.2772385241777,-28.2492601679159,-7.62299306476953,-0.517143507162882,-1.50968692520193,1.03428182332701,0.26030843558039
2.95680772229388,10.6210738266075,6.75561149692296,-3.91406470728923,-40.3070451838778,-28.5513009879688,-7.71092201888474,-0.547943600825373,-1.53303516006118,1.04223019466214,0.256831032814873
2.90464629598777,10.590770482869,6.79386299151118,-3.43915089994089,-40.3095290721857,-28.8707290268267,-7.80431548435484,-0.582221124384228,-1.55638339495087,1.0203721734708,0.287630885863785
2.83211707473584,10.5773575274509,6.84204993919352,-2.96324355013162,-40.3120129604952,-29.1961183980959,-7.87783799980914,-0.590666311356748,-1.56731235595197,0.991062554154234,0.29508246321535
2.82069123850391,10.5540090494914,6.85695311889637,-2.44610414547813,-40.3050580732311,-29.5075979950431,-7.95732180031583,-0.624943834952869,-1.57029298167947,0.983114182817,0.296076006862466
2.74518136428631,10.5112863026043,6.89172720482437,-1.95479687365893,-40.273761080564,-29.8468971419242,-8.03481850581634,-0.646801965936324,-1.58618965222612,0.978643223938084,0.306508215154521
2.72829099766435,10.4934023620345,6.92799160875348,-1.46249605979425,-40.2211026484684,-30.1544025184177,-8.13367648277803,-0.678098835339105,-1.58668642318057,0.985101275654821,0.297069550510314
2.6835812037052,10.469060331825,6.97816564704852,-0.981620996796689,-40.1739087706394,-30.4663788944093,-8.22061188969276,-0.729266732915582,-1.59413798750165,0.99453996662318,0.282663167630432
2.64880691949548,10.4283246893938,7.03082354859197,-0.506707196573883,-40.0939275671822,-30.7863037133078,-8.30456665420201,-0.732744162847963,-1.6130152837881,0.986591595282989,0.295082463217834
2.67016826550819,10.407956868187,7.05913958996743,-0.0139096140097592,-40.0541853542964,-31.0952994241971,-8.41186978507496,-0.770995892087329,-1.60059600991497,0.992552873788291,0.27769544939956
2.6820908772288,10.3980213456436,7.08993949463739,0.475907336374638,-39.9816558158065,-31.4196952431952,-8.53854709260868,-0.842034817870918,-1.57128652362139,1.01689476099078,0.24441173721532
2.71537483489895,10.4064665397972,7.12173294462966,1.00099507988785,-39.8922358368375,-31.7460781732485,-8.68509535043391,-0.892705939810331,-1.52608036679117,1.04819147308996,0.199702273058899
2.71686516136629,10.3786470766588,7.16147475709644,1.47193470181834,-39.7898996388018,-32.0853773235592,-8.77848881639469,-0.949338370172151,-1.51465463482044,1.0720365871156,0.176850769186288
2.74170393579041,10.3548018225633,7.19426175234757,1.95827424680442,-39.6676923343364,-32.4246764743591,-8.87834034124867,-1.00149981920244,-1.52061588627812,1.09588170113935,0.136115479646568
2.69947801923753,10.3225113742835,7.25983574288282,2.36662062591471,-39.5256139236068,-32.7739111789616,-8.98315960371032,-1.03428701574299,-1.52508682487021,1.08445591733615,0.129160674116214
2.74418781320864,10.3110855233587,7.28368083033465,2.80427653722462,-39.4004259534208,-33.1072489986879,-9.11530142284311,-1.09638397890002,-1.52906099250886,1.09538492792717,0.0948834182887133
2.70494254954465,10.2763111944343,7.33335809586372,3.20417779474849,-39.2623217642339,-33.4634385917652,-9.23104970812527,-1.12072598847081,-1.55588662406777,1.0983655671803,0.0919027873479508
2.68159410155764,10.2380594326259,7.36018381924703,3.61202739995095,-39.1013658027787,-33.8340347381522,-9.34282380335482,-1.1420873438101,-1.56035756266176,1.10681071172689,0.0874318409358437
2.66221985747776,10.203781879794,7.38750631526577,3.98808361232017,-38.9498486169688,-34.2135728830938,-9.4362172696655,-1.18828748440012,-1.5792348589662,1.08048173163836,0.0909092436995899
2.61403263505214,10.1640397895838,7.43420294479811,4.37258494340635,-38.7650473280714,-34.5811883644619,-9.54848813877249,-1.22902309224537,-1.60208632289878,1.08644301014177,0.0765028608155681
2.55243247443676,10.1233041471124,7.4799060290429,4.73274445800517,-38.5698137086284,-34.94184895878,-9.62350097620842,-1.23597795212643,-1.65226018929216,1.04868824630395,0.103328539294696
2.44910317287386,10.0622006834623,7.51120270632018,5.06359443871672,-38.363154203184,-35.3323162145014,-9.68062995839995,-1.24889412048533,-1.70094374280591,1.00497220399216,0.145554144332695
2.47741937573711,10.0666716686118,7.54349292888014,5.45654088683156,-38.1475527002714,-35.6686347037047,-9.81773951569993,-1.29559103687434,-1.67411811124834,1.03974632855836,0.108296257554424
2.39147721612863,10.0254392500148,7.58323474121985,5.79235858405359,-37.9324479750916,-36.0307856329826,-9.91361685103813,-1.3363266447871,-1.68107290461791,1.03279150363791,0.133134848742372
2.33037383087769,9.9732777565465,7.59217664900026,6.14407297682587,-37.7064141418873,-36.4108205593668,-10.0214167566794,-1.36613318714531,-1.71038239096879,1.02384958587402,0.154496037152983
2.25188330363296,9.93949697986713,7.62397009888332,6.47989067292873,-37.4654769792154,-36.7694940458895,-10.109842485821,-1.38749454251779,-1.7247887486656,1.00000447184901,0.166915332746227
2.27274787419588,9.94148408437846,7.63738296055095,6.85048239008424,-37.2126171532436,-37.129657865968,-10.2236036768118,-1.46896575844882,-1.68355675943263,1.0382560088886,0.141083197916499
2.21959289678551,9.9012452179937,7.68060218146719,7.18630008550578,-36.9478346638692,-37.5002540183191,-10.3030874782919,-1.50374005788925,-1.71087916197339,1.00596575030749,0.158470211738409
2.16097338896867,9.88534838188089,7.7004730876347,7.51019525873404,-36.6681488451597,-37.886250279474,-10.408403515359,-1.53851435733147,-1.71385978770732,0.983114182653405,0.17088950732062
2.13166363507846,9.85802569482261,7.72481494765855,7.80726475748864,-36.3680951431078,-38.2608206543662,-10.5013002084753,-1.58670160086985,-1.71435655866266,0.965727120346506,0.181818487440032
2.08446996354047,9.84361918710249,7.74369230850595,8.11029551642805,-36.0655575533219,-38.6522814711249,-10.6399000877502,-1.63886305005818,-1.73571770973998,0.965230347137605,0.168902420026518
2.03131498613417,9.79145769361773,7.78244057553029,8.38451351427658,-35.7535811885032,-39.0268518473449,-10.7551516002091,-1.67165024670061,-1.7774464699898,0.934430408174715,0.191753923909876
1.95779221372354,9.74823817047099,7.82019529721391,8.64978962023404,-35.4371338254625,-39.4242739974984,-10.8425837822285,-1.68605674220528,-1.81122689492007,0.879288582046838,0.235966616216048
1.93990829608143,9.71296706534902,7.83559524947025,8.93195596498535,-35.0968411355379,-39.8013282632596,-10.9628030324515,-1.69698580775757,-1.82911064931016,0.860411200106859,0.234476300745229
1.96275996863112,9.73383166275016,7.89123378666351,9.23448995039178,-34.7580387792601,-40.1674534205019,-11.0894803417605,-1.7541150140736,-1.80675595632675,0.876804716004065,0.200199044917728
1.94338572452791,9.70948963246598,7.92104014587419,9.47840487107056,-34.4093008705054,-40.5574239073518,-11.2246028051198,-1.80478613621511,-1.80923981110312,0.889224046229221,0.201192588565012
1.89668882848292,9.66378622866277,7.96127873081277,9.71238435649034,-34.0456596331587,-40.9394459516454,-11.3314091641372,-1.80031515484406,-1.86388461612916,0.832591900454441,0.225037636100769
1.90960499122815,9.6598120196334,7.99108509000051,9.97666691753308,-33.6795345081185,-41.3155066646334,-11.4923638632244,-1.85197982841483,-1.86189753230675,0.843520911057372,0.197218413981898
1.94636637750164,9.64987649705745,8.03480108348622,10.257342945277,-33.3193707152594,-41.6865996013584,-11.633944385738,-1.91606389469495,-1.83507190071758,0.900153056931511,0.172876594636949
1.96574062160226,9.6568313628571,8.03778171940508,10.5469608637001,-32.9333744858399,-42.0452730960401,-11.7958926326542,-1.96027693268719,-1.81917523015259,0.906114335438555,0.170392735519176
1.97965033532763,9.64490873577174,8.07404612307867,10.7953467282374,-32.5414169254554,-42.406430479858,-11.9300215491122,-2.00647707351533,-1.81917523015259,0.900649830139777,0.172379822813849
2.026844006862,9.67570885574809,8.12123952510288,11.0571454291755,-32.14250447867,-42.7874589722854,-12.1014084979028,-2.08049665402027,-1.80923981103752,0.934430408354447,0.147541231635637
1.99852780391864,9.65633458672562,8.13862656795494,11.2896345977788,-31.7440888103656,-43.1814036854185,-12.2613696502127,-2.13216132764324,-1.83159450403774,0.938901367235741,0.135618707872744
2.03181176174271,9.69110891571948,8.14856202101605,11.5265947116691,-31.3337504794092,-43.5500127364619,-12.4183501599945,-2.19028408545778,-1.81520106251288,0.957281975967017,0.115747834922905
1.98312776367785,9.6553410344491,8.17787160749906,11.7178518265059,-30.9104959307912,-43.945447783957,-12.5177049130266,-2.23151646925249,-1.8594136775489,0.925985263787144,0.143567057046137
1.98362453916786,9.653353929935,8.1962521956526,11.9627602876408,-30.4827703841742,-44.333927944331,-12.6453757708962,-2.26579399313002,-1.86835555474641,0.930952995874895,0.145057372517014
1.96077286660462,9.64043775058328,8.22705210010832,12.1604754345345,-30.0639868360756,-44.7293629929843,-12.7695692124228,-2.31894899394214,-1.88971670584301,0.933933635130478,0.153999265339068
1.96425029503493,9.65087004928396,8.23947141642093,12.3860097977617,-29.6278160715308,-45.1128753777113,-12.9131368310507,-2.36365880772151,-1.88872316393188,0.950823924231527,0.159960527223397
1.919043725421,9.64341840734927,8.24493591559864,12.5708088793543,-29.1573676509767,-45.4899296529098,-13.0596850923867,-2.4038976401464,-1.92846484037323,0.918533665640112,0.159463755399868
1.92152760286875,9.64639906411992,8.29113577227334,12.7680272536394,-28.7187130001423,-45.8987777014814,-13.2156720555384,-2.46549782808085,-1.93989057234052,0.935920727941466,0.127670358678048
1.9135791950266,9.63348288477065,8.31100667836263,12.9453747590231,-28.2507484702131,-46.2996773075208,-13.3473171041596,-2.49381404348215,-1.92548421463469,0.938901367195543,0.118728465851205
1.88377266564644,9.62454091445907,8.33137435709,13.1232190358758,-27.7832807186937,-46.6707702521347,-13.4908847234071,-2.53007867027679,-1.90660691832978,0.927475583394473,0.105315626608223
1.86241131954593,9.62901189961952,8.36217426152658,13.280695672042,-27.2845159777928,-47.0527923070337,-13.6230265459689,-2.59118208252981,-1.90611014737394,0.908598201443956,0.108296257549297
1.83061768819251,9.60417309320055,8.40092252840873,13.4411529383379,-26.7792931288303,-47.4526983596925,-13.7656006177662,-2.64980161623063,-1.93790348852543,0.905617562191464,0.104322082958082
1.8410499734998,9.59572789900381,8.39744511984562,13.6185004431824,-26.2790380574219,-47.8391914152318,-13.958845614008,-2.69997596289562,-1.92598098558465,0.923501397729238,0.0740190017157145
1.85197903427754,9.58926980933182,8.41532893532705,13.8067769254569,-25.7564279940131,-48.2217102496693,-14.1337099811426,-2.77498909507332,-1.91803265029778,0.932940088692328,0.0650771088895724
1.86638552350453,9.60466986932729,8.40787734554455,13.9776663975736,-25.2377921527245,-48.6077065286315,-14.3105614433781,-2.83162152600728,-1.89617472824572,0.930456222646042,0.0397417458882922
1.83707576957734,9.59175368998291,8.44215465851969,14.1366333480949,-24.7126982036301,-49.0066190288991,-14.4307806958573,-2.88974428407636,-1.91654233743391,0.924991717350315,0.0288127657663082
1.85297258527472,9.60516664546367,8.47841906210851,14.2931164400396,-24.1722041498445,-49.4045379742945,-14.5952128142565,-2.94935736930554,-1.92151004699469,0.938901367211919,0.00248385911000792
1.79882405685987,9.58926980934919,8.49282546900258,14.4133351962036,-23.632206874564,-49.7969923655891,-14.7318256015841,-2.9831381176117,-1.95429693006785,0.926482036998317,0.00496771822985775
1.75461103819349,9.56939876418268,8.52163828279029,14.5524312777538,-23.0907192683362,-50.1874596466367,-14.8833416021512,-3.05218994130955,-1.99056120983013,0.919030438862233,0.0109289801146538
1.71039801954994,9.55151482354937,8.53356082642411,14.6711597186805,-22.5392961107407,-50.5963077037089,-15.0234318061369,-3.09988040952751,-2.03427705393206,0.893198231981891,0.0466965514187568
1.70443671365829,9.54257285322763,8.56038654959705,14.8077719414769,-22.0117182804734,-50.9842910976074,-15.1958123054715,-3.13664181211504,-2.04123184731488,0.906114335423779,0.0412320613599432
1.64333332829167,9.51922437517,8.59764449843787,14.9180552630743,-21.4617854590126,-51.3881713790191,-15.3527928179065,-3.18085485036393,-2.06159945651686,0.875314396453519,0.0745157735485323
1.62892683905669,9.51326306161754,8.64732176355677,15.053177170469,-20.9063880851722,-51.7557868877917,-15.5296442816101,-3.2285453186029,-2.0755090432818,0.88574663384265,0.0859415254952126
1.61402357435863,9.49239846420367,8.68805712097114,15.1411057644847,-20.3475132697185,-52.1383057286433,-15.6791731878302,-3.28319064686423,-2.10382498775585,0.863391839448659,0.0894189282611849
1.61054614592526,9.47451452356284,8.72233443394323,15.2613245201551,-19.7712512391956,-52.5178439037736,-15.8609923896098,-3.33833275082916,-2.12617968076392,0.87680471609468,0.0690512834832084
1.598126758658,9.46408222485646,8.74766983914075,15.3457757121045,-19.1959827654245,-52.8794980819037,-16.0706309227447,-3.38552644340808,-2.14207635136438,0.871340210797355,0.0700448271307922
1.55043631153666,9.4466950603429,8.76008915542029,15.4615235221822,-18.6301530680879,-53.2555588144607,-16.2430114231288,-3.43719111742338,-2.16393427344658,0.854449921678346,0.0894189282570113
1.56682990272004,9.4601080158152,8.774495562302,15.5916777119238,-18.0255747187468,-53.6276453258661,-16.4337725533789,-3.50872681991537,-2.15747625101879,0.849482189590594,0.0909092437288431
1.54199112815534,9.45017249322568,8.78542456062234,15.6820901644117,-17.4503062499403,-53.9997318378239,-16.6230433624661,-3.55492696108955,-2.18231479883948,0.841533818242163,0.0909092437288429
1.54646210757216,9.43576598548344,8.80976642051512,15.7824380511716,-16.8367859072702,-54.3584053520149,-16.8123141717394,-3.61503682224169,-2.17188260876094,0.867366025122505,0.0566319878964162
1.53801692422331,9.43576598548344,8.82516637268763,15.8902375135911,-16.2143235693514,-54.7215498662494,-16.9991011123946,-3.68011444050877,-2.17536000545326,0.875314396466922,0.0372578867724747
1.57030733114228,9.44768861257959,8.83708891629924,15.9910821719961,-15.607758116632,-55.0856879366902,-17.1983073975838,-3.74072107737527,-2.17386969258411,0.881772448190699,-0.00347740277576092
1.54050080166521,9.44371440354378,8.84305018810363,16.0601334404955,-15.0091411070223,-55.4627422282071,-17.3696943514545,-3.80778579853716,-2.17883740214539,0.867366025127986,-0.00745157736552116
1.45704251919808,9.4298046719243,8.85596627701927,16.1207395898177,-14.396117549089,-55.8482417418564,-17.5366103412855,-3.83560523843916,-2.21112751431431,0.852462828850469,-0.0139096110740081
1.40885529657345,9.43427565708577,8.87434686510592,16.1823392825255,-13.783093992909,-56.213373369194,-17.700545688754,-3.89472154827154,-2.24093377169764,0.833088673692015,0.0144063828826577
1.37656488965077,9.43179177644072,8.87633395570803,16.2628163004039,-13.1695736607449,-56.5814856635534,-17.9032293913976,-3.95185075523315,-2.24490793934975,0.80974033285817,0.00397417458174265
1.36911325728015,9.42682401514878,8.90216613354006,16.3254095364755,-12.5471113338246,-56.9337010712846,-18.0999518088737,-4.00500575652892,-2.23795314595734,0.824643529140441,-0.000993543654807638
1.32937121802985,9.4183788209634,8.91607576775895,16.3805511967592,-11.9604169953019,-57.2769744803984,-18.2902161673961,-4.05965108500139,-2.27471419672827,0.819675797051369,0.00745157735113666
1.34824868670119,9.42334658225869,8.93147571992554,16.4843764851005,-11.3324901184423,-57.6237253341411,-18.4869385852867,-4.13665132053929,-2.27074002907487,0.822159663098117,-0.00943866465821341
1.3224163611712,9.43526920935633,8.95035308063443,16.5628664159772,-10.7398344524879,-57.986373075852,-18.6906158363736,-4.18980632188056,-2.29557857688996,0.80924355966241,-0.0114257519537944
1.30701632093976,9.41539816418481,8.9647594874927,16.6125435874033,-10.1292947952656,-58.3256722647119,-18.8724350411402,-4.25538071608324,-2.31992035375332,0.800301641899704,-0.0243418193752409
1.2354806501729,9.40595941773419,8.98910134734013,16.6701691062634,-9.52074225000448,-58.6739134535008,-19.0597187576913,-4.31201314742688,-2.34475890158709,0.793346816966313,-0.0168902420155947
1.22604191583137,9.42483691064833,8.99804325504276,16.7422010048035,-8.88089271862431,-58.9779414243421,-19.2773056754337,-4.37957464453851,-2.35022338210592,0.801295188312632,-0.024838591196361
1.23796452762881,9.42235303000113,9.01592707044801,16.8187038487675,-8.27432728734629,-59.2760080630942,-19.5132732232702,-4.46899427306862,-2.34674598540828,0.80924355966212,-0.0317933967298044
1.19722893729906,9.39403679063082,9.04573342946469,16.8658971616006,-7.64987786505545,-59.6028878106458,-19.7298665937718,-4.51271053591917,-2.36264265603106,0.790862950903479,-0.0625932498064826
1.18878375394343,9.39105613385641,9.06659788077267,16.9096130724111,-7.02244777896024,-59.8915156731523,-19.9335438463187,-4.59964628597034,-2.38499734908903,0.789372631274796,-0.0725286862862069
1.17785469312931,9.38012705901046,9.091436513266,16.9553160700538,-6.41737268578509,-60.1880919798122,-20.1377178728331,-4.66373035314925,-2.41579714841681,0.769501702895793,-0.0864382973520036
1.14258363324373,9.35926246159835,9.12968800730857,16.9756837103003,-5.79739426649564,-60.4777133984881,-20.3478531850177,-4.71092404604642,-2.43070027712716,0.729263072925636,-0.0973672774776999
1.11476420572329,9.37068831257354,9.13068155260915,17.0094641867736,-5.19430628714459,-60.7683283731153,-20.5679239732839,-4.77798876757362,-2.43864861243477,0.726282433669499,-0.0963737338298838
1.10482869589722,9.36224311837999,9.14856536799801,17.0556639560696,-4.59966352782894,-61.0326141282624,-20.7800463811801,-4.86194386345059,-2.45305497018179,0.7004502267713,-0.101341452069292
1.08744155368946,9.3642302228979,9.17638463637903,17.1083217576465,-3.98216900260815,-61.3028612164339,-21.0095558718361,-4.9424215293699,-2.46150007644749,0.689521216166626,-0.0968705056536788
1.13860942932749,9.34833338676202,9.18035881757526,17.1699214500374,-3.39150046755718,-61.5224369758814,-21.2524782551483,-5.03184115814825,-2.4585194507058,0.715850196257955,-0.11525106314345
1.11426743022032,9.3095848486588,9.20221681416164,17.1833342862886,-2.82666436810008,-61.7733097326695,-21.4660909852199,-5.09244779546594,-2.50471914969805,0.687534123321264,-0.121709096854047
1.13165457241511,9.32399135640892,9.21314581245547,17.2280437404177,-2.22705384039788,-62.0043113803993,-21.7085165955438,-5.16994480719652,-2.50372560778455,0.696476041085396,-0.136612251572853
1.13413844987607,9.32548168479767,9.22854576459338,17.2811983136859,-1.67016618525299,-62.179673921683,-21.9564067177956,-5.26333864180257,-2.51515133980256,0.727275980076127,-0.148038003526999
1.12370616455061,9.29567511703287,9.24344894408321,17.3105078447439,-1.09986553749687,-62.3997464595937,-22.1829355672904,-5.32543560636653,-2.53800280384344,0.73621789784644,-0.146050916230846
1.11178355274815,9.30113965445647,9.25537148766696,17.3383270606492,-0.546455328097866,-62.5875284447129,-22.4501998683404,-5.42330042254983,-2.53750603288616,0.731250165748388,-0.158470211829608
1.11128677725646,9.28872025122623,9.26431339535267,17.3805526562161,0.00943876773924557,-62.7609038755039,-22.6936190274262,-5.52414589302528,-2.55042207777754,0.754598506605821,-0.176353997496617
1.07899637027571,9.26437822088113,9.31448743295583,17.3686301351145,0.574274857780809,-62.9029823089014,-22.9300833537683,-5.61604940068492,-2.58171864808224,0.750127547720724,-0.177347541144433
1.04521563683864,9.23854586215272,9.33982283805746,17.3800558844938,1.11973662208809,-63.0381058540784,-23.1884057274833,-5.69304963687216,-2.59960240254139,0.755592053029091,-0.19225069586655
1.00646714844801,9.21321027953691,9.35273892693299,17.3726043088074,1.63042395496135,-63.156338956168,-23.4422571372918,-5.75763048013854,-2.62841511806326,0.738204990690298,-0.196721642282163
0.951325068872712,9.19830699564981,9.3706227423044,17.3413076909228,2.14856295049488,-63.2775527247395,-23.6866698453495,-5.83711459495889,-2.67411804615191,0.696972814304414,-0.175360453848942
0.945860538457761,9.2077457421167,9.38900333032094,17.350249581752,2.65577283856615,-63.3848567166108,-23.9395277082425,-5.93497941136067,-2.68604054913515,0.702437319611327,-0.180824943912612
0.872834541161398,9.18390048790486,9.43122900548033,17.3338561152496,3.13913740221714,-63.4603669331543,-24.1903984765326,-6.00403123617987,-2.7247886837986,0.68057929840256,-0.185295890329393
0.882770051002867,9.17048753240265,9.44315154906127,17.3403141475062,3.63541818140271,-63.547303037694,-24.460146649595,-6.10040572555969,-2.72776930954351,0.669153514589341,-0.203179676003651
0.864886133292331,9.18439726403091,9.45904827383585,17.35173989689,4.09791808553336,-63.5855549237343,-24.7199593467871,-6.21019315940188,-2.72677576762814,0.671140607426608,-0.206160306947919
0.851473195008017,9.1744617414416,9.47246113535747,17.3721075370819,4.58525686641978,-63.6183422546292,-24.9753010805709,-6.29216115303702,-2.73273701911632,0.693495401857444,-0.216592515254015
0.824150542950517,9.15558424851912,9.48289336098477,17.3562108422907,5.05272454415377,-63.6377165865194,-25.2470363498881,-6.36816783803232,-2.75707879604989,0.692005082229117,-0.214108656133093
0.810240829161813,9.14068096462198,9.48984817806646,17.3721075370914,5.49684367548376,-63.6496392522996,-25.5118167863005,-6.44914228028203,-2.77843994723864,0.683063164455713,-0.216592515252748
0.798318217349999,9.13770030784381,9.5027642669271,17.3621721028488,5.93698858604452,-63.6238068097769,-25.7721262590281,-6.54452321844044,-2.79433661788256,0.691011535810484,-0.200695816882697
0.806266625229715,9.1332293226735,9.50723522076632,17.3825397430518,6.36272694643895,-63.5870452569601,-26.0324357319833,-6.63145896933558,-2.80526557895355,0.682566391240089,-0.212618340660235
0.797821441860991,9.14763583043118,9.52611258141549,17.4103589589516,6.79144597140269,-63.5328964832147,-26.3155968004358,-6.73826574914547,-2.78142057298109,0.691011535808463,-0.253353630240947
0.763543932868233,9.12627445684281,9.54797057794952,17.4093654155263,7.2097326671151,-63.4832187091369,-26.5898159407204,-6.8073175742175,-2.8191751658087,0.678592205563166,-0.252360086592949
0.757085851464791,9.12279702393491,9.54896412324611,17.387010688456,7.62503869645613,-63.4399990456897,-26.8550931530563,-6.90120818534277,-2.85543944575472,0.657230957538983,-0.252856858417068
0.720821240525039,9.12031314328552,9.57728016421694,17.374591395653,8.03140272912321,-63.3620049404587,-27.1228542350074,-6.98715038504467,-2.89567789335494,0.646798720138204,-0.209637709718687
0.707408302234054,9.09994532196993,9.60609297783254,17.3721075370918,8.41888921452712,-63.2616558369582,-27.4025378884676,-7.06911837904815,-2.92051644125414,0.632392297063235,-0.210631253366829
0.683066303107782,9.09944854584035,9.62248647523331,17.3487592666262,8.7984272582624,-63.15236473416,-27.6757634831938,-7.16102188748107,-2.95926457597105,0.615005234730452,-0.207650622421938
0.652266222572114,9.0726226348193,9.65328637942853,17.319946507285,9.15759742228388,-63.0415832981915,-27.9499826257695,-7.26633834039209,-2.99503208498896,0.594637533131414,-0.22354732079864
0.626930672437817,9.05970645543417,9.66371860504566,17.3015659539206,9.50683203461622,-62.9054661975741,-28.2356275663277,-7.35724829743682,-3.03477376168052,0.587185934983642,-0.247392368355587
0.619975815545062,9.04231929088733,9.66173151445236,17.2956046933727,9.86997641775927,-62.7738200967147,-28.5217692812492,-7.46206797481585,-3.05414782904505,0.585198842145266,-0.278688993277967
0.589672510490593,9.02791278311055,9.69004755540645,17.256856499798,10.2286498021989,-62.6282642192565,-28.8228142108807,-7.58526835390418,-3.10829586353119,0.594140759925565,-0.273224503212798
0.575762796700824,8.98618358820208,9.69600882718599,17.2335082293133,10.576394080216,-62.4529016776495,-29.1203817245689,-7.67717186259024,-3.14903108208484,0.604572997328286,-0.253353630241142
0.577749898672654,8.98966102111313,9.68706691951641,17.2404630332891,10.9281125780051,-62.2482292495995,-29.4467621199357,-7.80782387761748,-3.15499233359052,0.611527822266669,-0.287134114287659
0.570298266282068,8.96780287139457,9.71240232455962,17.2578500432349,11.2539986431301,-62.0321309336019,-29.7488005987772,-7.92406939679234,-3.16294066893003,0.617489100787503,-0.299056638068471
0.532543328811496,8.94246728875584,9.71041523396674,17.2191018496399,11.5828653728641,-61.8105680628834,-30.049348756844,-8.02888907440838,-3.20218557469298,0.591656893865265,-0.329856491158835
0.506711003194509,8.92557690033447,9.71687327839104,17.1788633409063,11.9137192124431,-61.5914890810448,-30.377219475268,-8.11731515318198,-3.22901120645911,0.572282738677965,-0.338301612169083
0.48038190207304,8.88732513832579,9.73873127490053,17.1490570381446,12.2396052759459,-61.3346549915461,-30.7026063254367,-8.23902520557052,-3.25484329631251,0.572779511887698,-0.353204766895877
0.474420596158688,8.88682836219548,9.73525386636518,17.1609795592564,12.5679752268995,-61.0688789029805,-31.0468705811401,-8.36123203373233,-3.25832069302603,0.587185934972242,-0.363140203384693
0.458523780375518,8.88384770541329,9.75711186287532,17.1435925493015,12.8531255319601,-60.796147926469,-31.386663872998,-8.47350334740068,-3.26974642508962,0.576256924350133,-0.364630518857499
0.42325272039071,8.8575185705037,9.7889053123399,17.0998766385627,13.1501984973692,-60.5085136181977,-31.711553950797,-8.58627143697647,-3.32935894017633,0.564831140525371,-0.366120834330636
0.415304312501713,8.85801534663408,9.78989885763567,17.082489628601,13.4338584688255,-60.1870984245306,-32.072211744573,-8.70251695668321,-3.33382987881025,0.561850501265747,-0.396423915611025
0.397420394761055,8.86745409310793,9.81920844385434,17.0670897055004,13.7204991051027,-59.8756187859869,-32.4194566458849,-8.82373023368019,-3.3770489522454,0.5489343978139,-0.421759278651709
0.365626763193496,8.84807982402555,9.84901480273443,17.0084706433428,13.9798169768304,-59.5388034836582,-32.7388822137376,-8.94047252923209,-3.39890687444825,0.549431171023686,-0.422256050476147
0.372084844598794,8.84211851046243,9.84951157538196,16.982638514275,14.2291992976528,-59.1746654064218,-33.0965593664527,-9.07311164812881,-3.40586166787293,0.566818233365253,-0.439146292505367
0.345755743435481,8.82522812202151,9.87832438895583,16.934451658033,14.4452975236115,-58.8308952166804,-33.4452945910215,-9.18091198068444,-3.4381517802679,0.543966665673494,-0.445604326221029
0.330355703151578,8.82522812202151,9.89571143162433,16.9111033874961,14.680273295414,-58.4488731423042,-33.7955201379207,-9.31355109961221,-3.47839022798525,0.546450531724271,-0.461501024598354
0.331846029630864,8.8386410775381,9.88180179748521,16.9016647249456,14.8884230802897,-58.0519477369837,-34.1502166501678,-9.4352611527762,-3.48484825045387,0.545456985304792,-0.473920320208481
0.313465336386325,8.8386410775381,9.900679158097,16.8698713352985,15.0950825324284,-57.6227317799715,-34.4820615668203,-9.55796475744884,-3.51117711130465,0.511676407020069,-0.486836387647827
0.313465336386325,8.82622167427494,9.90515011192511,16.8470198364777,15.3181356429329,-57.1766253810165,-34.8675580579491,-9.71892009323959,-3.54148013985307,0.52061832480227,-0.499255683256818
0.289123337213917,8.82423456975227,9.90614365721992,16.8276457396424,15.519330541879,-56.7096543183601,-35.2346739176265,-9.8267204261878,-3.54992524617154,0.522108644431983,-0.49975245508121
0.263291011557856,8.81231194262026,9.91409201958395,16.7829362853855,15.6862477912513,-56.2481478117672,-35.5789381822404,-9.95985632142203,-3.59165400680346,0.502237716022335,-0.496275052310101
0.216594115176909,8.78399570318741,9.90515011192943,16.7243172231522,15.8402488247317,-55.7791896399492,-35.9192282567209,-10.0865341322206,-3.63139568360873,0.481373241196644,-0.48236544122685
0.213116686721843,8.78498925544843,9.91905974605539,16.7014657242985,16.0106435164886,-55.3072508029094,-36.3186344181809,-10.2380507296394,-3.67759538288964,0.464979725266749,-0.49279764954154
0.182813381652291,8.76710531475004,9.92502101782454,16.6597369003493,16.1755736553343,-54.7985504155641,-36.7081051038825,-10.3766511582351,-3.72975633365269,0.453057168234275,-0.50074599873436
0.201690850413604,8.77058274766534,9.94687901429591,16.6473176074845,16.3275875784764,-54.2515981446328,-37.1154596484909,-10.5440645791248,-3.72677570789095,0.500747396428846,-0.507700804275531
0.175361749261888,8.76164077731972,9.94538869635361,16.5956533491782,16.4497948498813,-53.7066329859306,-37.4944980851506,-10.6995553826366,-3.77496249106754,0.493792571485839,-0.507204032451138
0.0993550987090819,8.71345349265054,9.99456918843673,16.5186537334687,16.590879667103,-53.1850163812184,-37.8631042721545,-10.8292138482894,-3.83954271586963,0.448586209343671,-0.491307334070903
0.0864389358808038,8.69457599969113,10.0045046413818,16.4918280609146,16.7245128213758,-52.6162058951152,-38.2779104268117,-10.9876853065034,-3.88077470557424,0.455541034289637,-0.493294421369654
0.0188774686936384,8.65433713307361,10.0367948634384,16.4113510431202,16.8427458723138,-52.0508728542217,-38.6281359834548,-11.0954856401839,-3.93392919838603,0.410334672124626,-0.474913863869791
0.0322904070159544,8.66625976020712,10.0541819060879,16.3681319039585,16.9634628107618,-51.4433137093888,-39.0434389138309,-11.2763120064966,-3.96423222697021,0.399902434714138,-0.495778280500125
0.00546453034589245,8.64191772979391,10.0795173110982,16.3542222959471,17.0916314120633,-50.8451933423244,-39.4577482975387,-11.4372673437663,-3.99652233942435,0.418283043493796,-0.496771824148981
-0.00198710206310038,8.63347253557052,10.1058462614006,16.3298804819184,17.2048966875842,-50.2088210928375,-39.8750383249112,-11.5952420266462,-4.020864116507,0.418283043493796,-0.520120099898768
-0.0432194680658462,8.59869820640989,10.1142913964001,16.2896419730037,17.2913359767548,-49.5555584029669,-40.2620251492511,-11.7209262870574,-4.07103798359018,0.402386300760159,-0.511674978881893
-0.0665679162583324,8.58280137022217,10.1237300766969,16.2156229874509,17.3867172612829,-48.9176958239473,-40.6847796916323,-11.8744299887202,-4.10928934757047,0.389470197299727,-0.518629784426974
-0.0829615075502672,8.56094322046038,10.1237300766969,16.1853199128286,17.4930276513275,-48.2495298068786,-41.0946181149902,-12.0448240654963,-4.14704394058571,0.371586361741031,-0.540487744707516
-0.0432194680862525,8.53759474231974,10.1485687090515,16.1818425108224,17.5978477087581,-47.5530474625749,-41.5461855423912,-12.2390633777341,-4.14406331481881,0.399902434707084,-0.586687524403775
0.0114258362552597,8.53809151845085,10.1431042099382,16.1624684139197,17.6639191193164,-46.813842237469,-42.0235852112353,-12.407967127416,-4.15946321461043,0.430702373760877,-0.625932498542042
-0.0203677953494394,8.50828495058947,10.1744008866768,16.1003719495359,17.7434035229442,-46.112888898112,-42.450313948275,-12.5704127928453,-4.20317905921038,0.411824991758659,-0.628913129490363
0.00397420387798331,8.51076883124686,10.1624783431554,16.0924236020819,17.8074878233865,-45.3741804554055,-42.9182749157665,-12.7517359361247,-4.22801760730224,0.435670105881311,-0.66915164727191
-0.00198710204218955,8.49487199506751,10.1669492969766,16.0492044628267,17.838784807316,-44.6319945718712,-43.3867326588888,-12.9256074438116,-4.25782386497129,0.420270136359943,-0.675609680993146
-0.0268258767614324,8.49288489054287,10.1684396149172,15.980153194341,17.8949206673314,-43.8674536935781,-43.8507194383999,-13.0945111942593,-4.29557845806144,0.388973424102679,-0.694983782151024
-0.0298065297256298,8.48742035310259,10.1803621584369,15.9399146853713,17.9406241993873,-43.0939708193423,-44.3514674844093,-13.2808020955636,-4.33780398980646,0.384005691997889,-0.705912762294153
-0.0198710198394538,8.48046548726432,10.1907943840185,15.9041471218235,17.9952697268416,-42.2946555078421,-44.8566864964894,-13.4884543537106,-4.36115222502717,0.377050867047669,-0.732241669000018
-0.00745163250040948,8.47649127821572,10.1992395190165,15.887256883471,18.0196118254284,-41.4814304231504,-45.3534603549125,-13.6876614247018,-4.37953275060245,0.372083134945125,-0.739196474546374
-0.004470979537468,8.46903963624684,10.1972524284293,15.834599081559,18.0543862519624,-40.6533020112142,-45.8502342143124,-13.871965223746,-4.42424213716106,0.353205752947928,-0.751615770165922
-0.0829615075375219,8.43128465026843,10.2116588351782,15.7690252150434,18.0752509078819,-39.8400769327199,-46.3380661457172,-14.0284495815924,-4.48832559124852,0.301044565871907,-0.733235212645625
-0.0909099154345876,8.43327175479278,10.2042072454754,15.7392189120795,18.0966123413265,-38.991580641898,-46.8333496869351,-14.2495147856437,-4.531047893959,0.283657503509072,-0.735719071769664
-0.0670646917274098,8.42582011282155,10.1868202028501,15.7034513485069,18.113502777059,-38.1341423551418,-47.355955791226,-14.4412702212355,-4.56085415169618,0.297567153407293,-0.753106085639533
-0.0670646917274098,8.41538781405876,10.1833427943214,15.6612257526041,18.1293996577588,-37.2717362947638,-47.8676328719673,-14.6519031350469,-4.58966686752182,0.291605874879484,-0.751615770165382
-0.0735227731424772,8.39551676881952,10.1858266575549,15.6348968516327,18.1587095315556,-36.4157883477693,-48.3817938240353,-14.8595553948781,-4.63934396373673,0.294586514142675,-0.77446727411088
-0.0511678758940883,8.37316184290584,10.2007298369536,15.6120453526568,18.1582127540339,-35.5409628515952,-48.9014192898462,-15.0657173276013,-4.68256303749418,0.293592967720951,-0.799305865353388
-0.0635872632485941,8.35378757378921,10.2022201548929,15.5554133769325,18.1582127540339,-34.6507372507965,-49.4096189584005,-15.2793308966728,-4.71385960813984,0.283160730296592,-0.794338147106121
-0.0968712213822642,8.3344133046575,10.2210975154529,15.4977878577486,18.154735311382,-33.7764085391572,-49.8944702561448,-15.4755573149448,-4.7565819109555,0.2608059357962,-0.774467274118873
-0.13661326088814,8.30808416969361,10.2210975154529,15.4456268274522,18.1582127540349,-32.9060540515414,-50.3892570332242,-15.6573772369204,-4.81967182319518,0.247889832323403,-0.789370428865352
-0.146051995271959,8.28125825858618,10.2285491051534,15.4342010779624,18.1373480981213,-32.0063896857833,-50.8905018717284,-15.8640359463262,-4.85394901962523,0.2483866055341,-0.794338147114309
-0.13412938340855,8.27927115405933,10.2285491051534,15.4014141446239,18.1229415499887,-31.1116930993158,-51.3713789824645,-16.0870882554481,-4.88425204837456,0.252360791221208,-0.80526712726044
-0.162942362055827,8.25989688493985,10.2618328724667,15.3616724072696,18.0931348986646,-30.2219642939654,-51.8408302958332,-16.2828178989306,-4.92796789310408,0.247393059114569,-0.814705791933272
-0.182813381810286,8.25542589975599,10.2643167357,15.3169629527137,18.0658121349731,-29.325777381758,-52.311771931781,-16.502889554076,-4.97565790557702,0.240438234166754,-0.812718704633456
-0.20268440158606,8.25045813843875,10.2881618227393,15.2568535748628,18.0365022611735,-28.45442935581,-52.7901651771992,-16.7264386396804,-5.03030271156855,0.219076986093147,-0.845505645078285
-0.2319941557208,8.23555485449834,10.3045553200712,15.2036990010978,17.9987471694955,-27.5681780036341,-53.2387519912798,-16.9455167440162,-5.09637324972776,0.196225418396527,-0.837060524053346
-0.311975010409483,8.19084500260744,10.3244262259156,15.115273635249,17.970927628267,-26.6988170947881,-53.6520678604546,-17.1397560609869,-5.17237920725454,0.141083591907952,-0.799305865371155
-0.302536276019515,8.16799330055201,10.3308842703179,15.098383396844,17.9291983163937,-25.8110754165434,-54.0723385653257,-17.3672793534729,-5.23546911965908,0.136115859799067,-0.836066980416319
-0.297568521071478,8.1615352108379,10.3393294052984,15.0611255179728,17.8919400022295,-24.9412177368148,-54.4926092708344,-17.6017575065688,-5.28216559028412,0.138599725855987,-0.868357149025877
-0.306013704474322,8.1506061359386,10.38205185287,15.0357901603511,17.8382880298059,-24.0663922831268,-54.8701574234686,-17.8551131384495,-5.34724258658481,0.126180395585259,-0.885247391078959
-0.335820234129991,8.1501093598067,10.396458259615,14.9687259784313,17.784139279839,-23.2382639331894,-55.2486991247726,-18.0821396559382,-5.41629375058811,0.0933933636509154,-0.9046214922561
-0.338304111601083,8.15756100178153,10.4153356201637,14.9493518814332,17.7260163096868,-22.3828128151041,-55.6336988872868,-18.3200952402688,-5.46845470182279,0.0814708065870531,-0.924492365257125
-0.381026804137006,8.13222541906283,10.4208001192686,14.8768232105576,17.6957128807977,-21.5740587994594,-55.9640535228239,-18.5496056369696,-5.54396388840147,0.0700450227367677,-0.933931029932303
-0.42573659864021,8.11583180671474,10.4446452062895,14.8271460387114,17.6226865849397,-20.7593434547902,-56.295898480724,-18.7786192582342,-5.59016358809435,0.0566321460443822,-0.940389063657087
-0.426233374134799,8.08403813425967,10.450606478044,14.7879010729095,17.5610861720761,-19.9361828925026,-56.6088660315927,-19.0121038615611,-5.63387943299634,0.0561353728330769,-0.943866466433199
-0.449581822367534,8.07112195483703,10.450606478044,14.7183530322556,17.4890534311877,-19.1284224406839,-56.8820916715454,-19.2306851926668,-5.67064048439859,0.0561353728330769,-0.955788990233658
-0.405368803285526,8.0880123433391,10.4580580677296,14.7044434241089,17.3916850365996,-18.3246362122088,-57.1960527710587,-19.4880150325291,-5.68256298756657,0.0874320851844119,-0.988079158841105
-0.427226925035947,8.08900589560284,10.4605419309606,14.6413534158226,17.3211426282457,-17.5610889760737,-57.4757364727348,-19.7254738428762,-5.72230466477517,0.0695482495814819,-1.00347908542466
-0.424743047562286,8.07261228324371,10.455574204502,14.5986310479647,17.2441421120983,-16.7697221946377,-57.7241234193143,-19.9649197564392,-5.77595592903376,0.06557406389025,-1.00496940089961
-0.419278517124838,8.06466386513195,10.4580580677296,14.5350442679098,17.1611802655828,-15.9773618603853,-57.9769813313999,-20.2053592219764,-5.8241427126922,0.0486837747088069,-1.01689192470631
-0.418781741630295,8.03833473012594,10.4625290215445,14.4938122152102,17.0821926392354,-15.210337188231,-58.2104650620484,-20.4517599967634,-5.87928428987529,0.0486837747088067,-0.995530736229508
-0.468956066597294,8.00256684862527,10.4913418349728,14.3974385016583,17.0032050128752,-14.4621900689098,-58.4136455853266,-20.6907091355945,-5.9537999347351,0.0114257838351757,-0.991059789803372
-0.451568924277666,7.97971514654194,10.490845062327,14.359187079241,16.8973914001839,-13.6941718466285,-58.6381873863097,-20.9271743957024,-6.0144059925925,-0.0124193303096749,-0.995530736229275
-0.460510883187558,7.94643114567897,10.5057482416979,14.2767229737033,16.8054875580995,-12.9589409502758,-58.8224905019008,-21.1636396561322,-6.09537966005671,-0.044709589053078,-1.00049845447986
-0.493298065851511,7.94295371275159,10.5196578757836,14.223568399646,16.7036481654716,-12.2406004954037,-58.9894065313429,-21.4155049654936,-6.17039207596619,-0.0784901674528089,-0.972182460455062
-0.522111044550675,7.914140697091,10.5335675098709,14.1922717812726,16.6062797705014,-11.5336859285971,-59.1468838566917,-21.6624025175196,-6.23596584350217,-0.100348188754,-0.968705057679541
-0.51863361608675,7.89725030858893,10.5330707372253,14.1406075223571,16.526298588897,-10.8123648126402,-59.3103224692923,-21.9177452578197,-6.31246857233456,-0.124193302921687,-0.9836082124307
-0.528569125979396,7.88681800981757,10.5479739166037,14.0934142089417,16.4334011916211,-10.0979985856898,-59.4429611002632,-22.1552040711381,-6.39443578182979,-0.139096499270544,-0.96473088307108
-0.559369206669617,7.85204368053322,10.5499610071873,14.0184016791094,16.3216262483274,-9.41443257383199,-59.5934835916244,-22.3956435392501,-6.46000954945482,-0.157477108103491,-0.974169547747122
-0.591162838321822,7.83515329203684,10.56734804977,13.9622664746738,16.2168061902882,-8.725898787944,-59.724135127214,-22.6236636137213,-6.5375058203273,-0.183309315116424,-0.976653406873989
-0.605072552172593,7.83018553071165,10.5906963641174,13.9051377268167,16.1204313501942,-8.05326188759811,-59.8448511849333,-22.8690708401784,-6.60407312992456,-0.194238325773997,-1.00546617272925
-0.587188634351437,7.82571454552026,10.5822512291522,13.8827829993799,16.0185919572814,-7.37764432363754,-59.9491737039246,-23.1184522731044,-6.66616950085579,-0.177844809780441,-1.02185964296099
-0.616995164049367,7.82174033646002,10.5817544565063,13.8390670879561,15.9073137912505,-6.72686564271683,-60.0599542838013,-23.3906853913334,-6.72230462018468,-0.195728645409061,-1.04272405962217
-0.606562878654792,7.82670809778584,10.5777802753421,13.8201897625441,15.8019969555055,-6.05869974679158,-60.1488768119718,-23.6594410795617,-6.77297525888942,-0.202186697164442,-1.0591175298537
-0.607556429645257,7.81130803767274,10.5996382717392,13.7720029055659,15.7066156702577,-5.41636628816022,-60.2363090185126,-23.8978934465375,-6.83606517182857,-0.192748006134835,-1.08793029570368
-0.60954353162569,7.79342409690019,10.6165285416869,13.7019580928382,15.6097440523674,-4.77154894363297,-60.3297025118254,-24.1393264683283,-6.90312925248829,-0.225535038134597,-1.12071723617125
-0.630408102416238,7.76908206639063,10.6373929927895,13.6567518661773,15.4900206681577,-4.15206725913743,-60.3808702236864,-24.3812562662997,-6.98360614937208,-0.244412420205614,-1.12071723617125
-0.662201734098294,7.73728839391614,10.6622316250575,13.5921715423753,15.3678133962528,-3.51619191547302,-60.4221024574913,-24.6226892887491,-7.04570252042829,-0.273225266513802,-1.1291623571994
-0.666175938060988,7.73977227458101,10.7029669819697,13.5757780755532,15.2629933377822,-2.88131012868212,-60.4876766125532,-24.8750513783959,-7.10978597536314,-0.291605875364843,-1.14704614290781
-0.679588876425955,7.71692057247842,10.6970057102291,13.5350427943594,15.1537022814527,-2.30256421315655,-60.5070507947208,-25.1149940741032,-7.17734682714115,-0.310483257435358,-1.14555582743167
-0.710388957122078,7.69853985556614,10.6989928008104,13.4794043615065,15.0404370049038,-1.69947619627948,-60.5050636991137,-25.3385431697965,-7.24838507569024,-0.333334825194592,-1.14704614290753
-0.716350263061092,7.67767525799509,10.702966981971,13.4113466356002,14.922700730534,-1.11725284056151,-60.5333798115198,-25.5670600235676,-7.32141040815525,-0.367612176833899,-1.13959456552859
-0.733240629905132,7.65333322748657,10.7417152483022,13.3492501703448,14.8278162224284,-0.545958593528486,-60.5219540117688,-25.779680052935,-7.40486793099236,-0.389966971393765,-1.13711070640166
-0.761556833128746,7.62948797311312,10.7571152003086,13.298082682954,14.7274671614657,0.00943876871576313,-60.5164894988513,-26.0146549923486,-7.49726733131818,-0.425734642694785,-1.1554912639424
-0.750627772235736,7.62650731631588,10.7566184276635,13.263308662382,14.6241374352942,0.597623451729204,-60.5149991771452,-26.2635396535824,-7.56284109931113,-0.458521674712868,-1.18032985520994
-0.766027812589257,7.61508146525965,10.766057107921,13.2315152721265,14.519317376461,1.16544025127867,-60.5020830556995,-26.4955339387388,-7.64828570611134,-0.467463592540978,-1.1872846607673
-0.743672915314311,7.6324686299119,10.736250749195,13.1902832191486,14.4140005399973,1.73375382721622,-60.4876766125389,-26.7434250491078,-7.70342728379522,-0.464979726477912,-1.227026406799
-0.734234180904631,7.62998474924802,10.724328205711,13.1351415578906,14.3121611462027,2.26679619192699,-60.4633346913651,-27.0002581236948,-7.79036220360212,-0.464482953265325,-1.25285854172028
-0.742679364327379,7.62849442084913,10.7223411151322,13.0770192663218,14.1944248713756,2.75264468388399,-60.3922960233926,-27.2421879253937,-7.85494242971594,-0.481870015708641,-1.26428429370507
-0.73522773190154,7.63942349577052,10.7168766160348,13.0313162678101,14.0796692616205,3.29264193302882,-60.3386444420584,-27.5183952558965,-7.90461952675908,-0.475908737157995,-1.29607769054208
-0.754105200733383,7.62750086857652,10.7178701613253,12.9851164975554,13.9693846496598,3.80134219227881,-60.2651219047548,-27.7841702953243,-7.98807704985671,-0.49279902638932,-1.30949052982752
-0.785402056935702,7.60266206192025,10.7029669819681,12.9260006624555,13.8571129274969,4.28868101396483,-60.1578187421975,-28.0469646805739,-8.07004426008831,-0.523102192383732,-1.33830329570088
-0.786892383422468,7.58279101658854,10.6955153922959,12.8629106535579,13.7433508727136,4.79589093822339,-60.0515091274843,-28.3042945323976,-8.15002438647176,-0.549927945890909,-1.34426455760579
-0.784408505945475,7.56689418032619,10.7099217989988,12.8271430894786,13.63157592801,5.28521686819671,-59.9511607996697,-28.5646050395119,-8.21361107081827,-0.558373090513651,-1.33730975204878
-0.804776301249793,7.54702313500159,10.7292959321458,12.7784594605758,13.5193042057308,5.75119425025475,-59.8269673246123,-28.8105090493374,-8.29309442625341,-0.571785967264919,-1.3412839266531
-0.792853689362397,7.54801668726757,10.7352572038847,12.7243113426802,13.4055421507679,6.19730052764524,-59.6978061106862,-29.0877099334069,-8.36164882034902,-0.577747245819372,-1.35370322229443
-0.836569932940305,7.51324235795026,10.769534516415,12.6671825944374,13.2972446485729,6.62999380925506,-59.5234384720036,-29.328646186079,-8.44609988556905,-0.605069772531281,-1.32190982546574
-0.857931279240809,7.48890032743046,10.7794699693189,12.6254537696002,13.1954052542865,7.06864842097043,-59.360993407088,-29.5824986094582,-8.50918979904023,-0.646798722434667,-1.32489045641933
-0.875318421590427,7.46654540143582,10.7814570598977,12.5732927385608,13.1015143004723,7.52965802374445,-59.1950709249877,-29.8318800510012,-8.60109242887437,-0.656734186695263,-1.33780652388453
-0.906118502297766,7.43922271412284,10.801327965698,12.5290800551182,12.9981845734053,7.96036419247141,-59.0167290956374,-30.0852356994372,-8.70293047820391,-0.679088981270001,-1.33730975205875
-0.904628175810541,7.42282910172125,10.8023215109885,12.4744351654314,12.8933645137548,8.3920639156234,-58.8433550055298,-30.3490236394633,-8.77247841438834,-0.713863106206148,-1.33730975205875
-0.901647522837263,7.4158742358528,10.808282782733,12.4416482316029,12.793512229382,8.82426041576035,-58.6694841416873,-30.6133083557265,-8.84749083132304,-0.73075339547029,-1.34128392666369
-0.889228135450155,7.41388713131871,10.7963602392507,12.4173064170929,12.6946535000543,9.22863737012075,-58.4797165133085,-30.9113738255415,-8.92200647731377,-0.745656591879826,-1.36910314889899
-0.916550787710174,7.41537745971876,10.7854312410634,12.3567002667008,12.5764204467896,9.64742087373773,-58.2656069643222,-31.185594058291,-9.00298014595805,-0.757579149000791,-1.3785418135838
-0.868860340193486,7.44220337090301,10.7610893814649,12.3631582991131,12.4730907195618,10.0671979318205,-58.0619296671573,-31.5199241616356,-9.0457024496368,-0.745656591888077,-1.4103352104333
-0.898666869922261,7.4153774597069,10.754134564436,12.318448843859,12.3806900980483,10.4551812241514,-57.8026136944152,-31.8070605655545,-9.13710830880168,-0.772979118620349,-1.40934166678185
-0.935925032120726,7.40345483250059,10.7620829267519,12.2618168671784,12.3036895800942,10.8456484037642,-57.5517428783088,-32.1110873465108,-9.22503677120921,-0.801295191800353,-1.42970931162216
-0.958776704926805,7.39202898143161,10.765063562622,12.2498943457803,12.2048308505357,11.2207154775637,-57.3038527057327,-32.4111399217965,-9.31942325630681,-0.800798418586669,-1.44113506361308
-0.987092908206869,7.37662892128963,10.7605926088194,12.2066752056728,12.1049785658616,11.5823695562287,-57.0296335172436,-32.726592546796,-9.42225484803445,-0.838553182825167,-1.44709632552158
-0.930460501773204,7.38408056328722,10.7526442465021,12.2027010318754,12.017545719486,11.9648882923747,-56.7996272052222,-33.0663871865107,-9.47292548740901,-0.838553182825167,-1.48087680968966
-0.944370215657298,7.38507411555431,10.7625796994037,12.1689205545394,11.9320999832714,12.3131293751811,-56.5259047914219,-33.3788591579055,-9.54793790456866,-0.847991873890445,-1.50869603192642
-0.959273480527113,7.37712569741644,10.7844376957821,12.1510367724284,11.852118799925,12.6509381284318,-56.2437372218145,-33.712692489005,-9.63139542838114,-0.85047573995999,-1.52012178391794
-1.00646715262979,7.35973853273599,10.7938763760396,12.1063273171286,11.7602149556616,12.9832823277831,-55.9377245060848,-34.0182096004546,-9.72627868468373,-0.884256318532339,-1.51565083748589
-1.03180270293301,7.33589327832387,10.7908957401691,12.0725468397808,11.6946403207917,13.3056909750051,-55.6187956700409,-34.3485655020887,-9.82314902490991,-0.915056257796753,-1.53055399225616
-1.09837061928262,7.30708026260624,10.8003344204258,11.9915730486135,11.608697806894,13.6221382908123,-55.2765184614167,-34.6441470991373,-9.92995478451186,-0.955294888082687,-1.53303785138615
-1.11079000667973,7.29416408313056,10.8067924648098,11.9672312340441,11.5133165197453,13.9361017186388,-54.9615638177482,-34.988412724135,-10.0183800182378,-0.976656136283053,-1.546450690683
-1.0859512318748,7.28472533658796,10.7943731486896,11.9488506801746,11.4179352325988,14.2560264767991,-54.6466091745487,-35.3326783496685,-10.1102826488571,-0.985598054138297,-1.56681833553425
-1.08843510935494,7.26982205257662,10.8003344204281,11.901657366237,11.3439153795101,14.5526026885825,-54.2943964905512,-35.659060047085,-10.2061594473402,-1.01441090055385,-1.58619243674411
-1.11029323120632,7.24150581293449,10.8028182836519,11.8400576721285,11.2708890814636,14.8382497935314,-53.9113838269305,-35.9804739869656,-10.3045201007992,-1.06806240776102,-1.57625700023046
-1.19375151441491,7.20027339385165,10.8043086015867,11.7660386850072,11.2018370036718,15.090612800505,-53.4831647401058,-36.2845007750645,-10.4282160739374,-1.12717842020991,-1.56383770457693
-1.20468057532908,7.16997004968664,10.8107666459696,11.7238130882567,11.1312945932798,15.3628469101913,-53.0956811127101,-36.6416825738359,-10.5325379790712,-1.15350740057513,-1.57874085935501
-1.21362253425508,7.15705387020688,10.7923860581079,11.6925164695238,11.0473391893161,15.6509779018226,-52.6729265407779,-36.9904191849666,-10.6462985329327,-1.16841059699935,-1.61152779987152
-1.19573861639553,7.14215058618486,10.7889086495925,11.6642004811153,10.9912033274876,15.9227152332708,-52.2611009951732,-37.3371686930738,-10.7133626148882,-1.16592673092577,-1.64282442490693
-1.19424828990642,7.1406602577833,10.7998376477818,11.6319103188911,10.922648027178,16.168123353192,-51.8557335110897,-37.6784536682196,-10.7943362842633,-1.20666213454712,-1.661204982465
-1.24293228853902,7.11035691362851,10.7908957401703,11.5722977116864,10.842170065869,16.3926668149196,-51.422546690693,-38.0122870069399,-10.9076000671715,-1.24292657920014,-1.66468238524726
-1.24094518655508,7.11085368976232,10.7933796033943,11.5330527452771,10.7825567611816,16.6420491549594,-50.97296633384,-38.3714559124612,-10.9980123852119,-1.2667716934992,-1.68107585550541
-1.25535167593904,7.11681500336861,10.7839409231367,11.5047367568503,10.7199627912569,16.8541731770233,-50.4935795456117,-38.7286377153088,-11.0909085582196,-1.30253936496303,-1.70392735949787
-1.27870012426395,7.10439560001863,10.7809602872678,11.4391628888776,10.6459429379078,17.0742456399979,-50.0166766280267,-39.1037034476443,-11.1798305634476,-1.32390061319639,-1.70293381584585
-1.25286779844157,7.12029243631314,10.7869215590034,11.4486015516969,10.5818586353318,17.3077310971525,-49.5675930487506,-39.4951627821518,-11.2617977750388,-1.31396514888712,-1.73522398452472
-1.25435812492988,7.1242666453845,10.7809602872635,11.4024017810723,10.5207549979601,17.5173712308354,-49.0981417417939,-39.8578091207912,-11.3487326963839,-1.34178444892788,-1.73870138730729
-1.2682678388273,7.11681500337075,10.7655603352694,11.3745825643407,10.4482254771698,17.7255210315825,-48.6038517424623,-40.2209522360967,-11.4585190828598,-1.36165537753001,-1.75906903218014
-1.30304212356887,7.10141494321255,10.7556248823628,11.3303698806501,10.3940767253232,17.9008835127159,-48.1085681971182,-40.5681985262593,-11.5355185847548,-1.40835205973631,-1.7506239111353
-1.33284865334165,7.10042139094408,10.7635732446825,11.2955958597425,10.3215472045089,18.0737621058833,-47.5670846839635,-40.946244917031,-11.6681564364062,-1.43617135977929,-1.74118524643937
-1.34924224472657,7.09098264439869,10.7392313850696,11.2623121540104,10.2465337959432,18.2446535887096,-47.0285818153065,-41.3322397217198,-11.7829105328395,-1.45355842232768,-1.75956580400634
-1.36116485665054,7.06912449449237,10.744695884166,11.2434348283584,10.192385044025,18.4344226188759,-46.4786531494462,-41.7217119577259,-11.8971678583633,-1.49677769207472,-1.76850769687647
-1.39842301887472,7.05223410593693,10.7233346604279,11.2126349812488,10.1317781840864,18.5983592154901,-45.92872448564,-42.1062164368108,-12.0094381000245,-1.51664862068056,-1.78192053618387
-1.4177972632313,7.02838885150271,10.7377410671346,11.167925525756,10.0731584343055,18.7657732549915,-45.3976732299488,-42.4951918988235,-12.1033278154351,-1.53304213679107,-1.79334628818526
-1.42028114071391,7.00802102999458,10.7407217030035,11.1634545802045,10.0075837989062,18.9302066289369,-44.843273604675,-42.8871480165171,-12.2170883701952,-1.56235175649989,-1.80675912748984
-1.43568118110493,6.9841757755488,10.7372442944913,11.1341450482773,9.93803494317646,19.0792398982669,-44.2650288360236,-43.2835751173979,-12.3164425665211,-1.58619687085103,-1.82166228227397
-1.43766828308947,6.97424025286913,10.732773340685,11.1266934723601,9.86898286495745,19.2382087187898,-43.6828098781971,-43.7058345616319,-12.4212612436251,-1.59811942802405,-1.84252669897614
-1.46797158839187,6.97125959606297,10.7605926087931,11.1048355163294,9.82775032905419,19.3797903244663,-43.0995973744048,-44.0943132509038,-12.5499249281027,-1.64481611032239,-1.84004283984472
-1.42872632418691,6.97871123807625,10.7720183796352,11.1058290597842,9.75224014276018,19.527333260853,-42.5084364911638,-44.5275017649552,-12.6572274602783,-1.65822898714794,-1.88177167326107
-1.43468763014558,6.96976926765814,10.7571152002828,11.081984016841,9.67772351152611,19.6644438683372,-41.9287014090223,-44.9562192974837,-12.7516139470168,-1.69598375155835,-1.89667482804521
-1.43816505862251,6.95536275976579,10.7710248343516,11.0417455068518,9.61811020651491,19.802051253329,-41.3136953856351,-45.3576141607243,-12.8723292959354,-1.72777723740305,-1.90164254630808
-1.43568118113789,6.94741434161301,10.7670506531907,11.025848811552,9.56396145445731,19.9197875356848,-40.6957087212885,-45.766957437902,-12.9935414159123,-1.74516429997322,-1.91058443918032
-1.43319730365461,6.9419498041366,10.7779796513857,11.0164101487185,9.49192871086041,20.0509368121662,-40.0861672144455,-46.1728232854954,-13.0904117576836,-1.77894487865172,-1.92548759397188
-1.44959089504457,6.91711099740864,10.7740054702265,10.9965392795784,9.42983151811767,20.1706602046807,-39.44135476667,-46.5940891844985,-13.2280173202329,-1.83905443784688,-1.9339327150186
-1.48486195532337,6.9230723110226,10.7496636106143,10.9746813235346,9.39108286983109,20.267531829285,-38.8020068335706,-47.0143615327343,-13.3532036083277,-1.88376402732195,-1.93691334597582
-1.5126813831497,6.91512389286864,10.7327733406875,10.9394105308192,9.3473664461118,20.3639066762901,-38.156697616929,-47.4455629502384,-13.4987575068516,-1.91406719352051,-1.94486169519642
-1.53453950498977,6.89873028043804,10.7541345644181,10.8947010752572,9.29768869185716,20.4518363046876,-37.4771110080991,-47.8534159048283,-13.6472920312876,-1.94933809186867,-1.96870674287009
-1.51864268908901,6.89674317590038,10.7273088416004,10.8524754783117,9.22068817278521,20.5392691554935,-36.7960340798365,-48.3154174255831,-13.7471429993583,-1.96622838123942,-1.98559698496697
-1.56682991223506,6.87687213052639,10.7213475698577,10.7883919253756,9.18392663462288,20.6346504472184,-36.1234023092653,-48.7322123470771,-13.8887227302084,-2.0154089296823,-1.96324225277392
-1.57229444269838,6.86743338397026,10.723831433084,10.7516308174488,9.141700543473,20.6972444199388,-35.4313963623371,-49.1529814760399,-14.0228508963532,-2.07353139609514,-1.98311312582855
-1.5797460751505,6.87140759304489,10.7322765680487,10.7411986111421,9.08904212390583,20.7747417194411,-34.7388936445911,-49.5970990699099,-14.1530048947834,-2.09837005694903,-1.99751950879457
-1.5971332175478,6.8743882498525,10.733270113339,10.7133793943368,9.04234503486343,20.8542261291425,-34.0553328579966,-50.0466811989786,-14.2722299315555,-2.13413772857293,-2.01192589175983
-1.60955260496657,6.86594305556828,10.7238314330801,10.6786053733329,9.00210605385013,20.9178136568745,-33.3369979065111,-50.4937794501,-14.4108290367663,-2.16841508052984,-2.01639683819844
-1.63786880830094,6.86594305556828,10.7243282057251,10.6691667104844,8.94398308127672,20.9794140743662,-32.6226371484811,-50.9354131680926,-14.5434668903883,-2.192260194975,-2.04371928865661
-1.61799778841965,6.86097529422342,10.7392313850837,10.6269411135136,8.88586010871293,21.0305821631014,-31.9008247858485,-51.3844985246433,-14.6472920267545,-2.23200205237618,-2.0829642629485
-1.6249526453809,6.84209780109704,10.7332701133408,10.5971348097617,8.83717590946399,21.0787695864583,-31.1775221047501,-51.8142096245673,-14.7640332089438,-2.26478908471206,-2.0988609613947
-1.60905582949538,6.84309135336589,10.7074379358027,10.6040896139668,8.78402071228149,21.1408667814595,-30.4735936056863,-52.2811789135956,-14.8837550170825,-2.2965825706042,-2.10978994158348
-1.62693974738443,6.82322030798017,10.708431481093,10.6090573312592,8.74378173123489,21.1801122087059,-29.7135296688278,-52.7198319809758,-15.0377540235598,-2.36016954249015,-2.10084804870773
-1.64084946129892,6.79987182964432,10.7034637546391,10.5926638641959,8.69559430949229,21.2084285296135,-28.9410463895321,-53.1510334113362,-15.1798305264212,-2.39494366773009,-2.1410865666647
-1.65624950170175,6.78794920241012,10.6915412111494,10.5817348861505,8.65336821825757,21.2615837285411,-28.1884340661612,-53.5966413421962,-15.3318424491593,-2.40736299818368,-2.15996389607624
-1.6741334195956,6.77205236610758,10.6796186676685,10.5663349625448,8.60965179436572,21.2923839372479,-27.4343314246695,-54.0452299292835,-15.4664673873745,-2.42574360723687,-2.17784768183478
-1.66817211362949,6.75615552979598,10.6781283497331,10.53950928916,8.55848370731714,21.2978484904052,-26.6310481796495,-54.4992830518464,-15.6130148293986,-2.47244028973802,-2.19374438028557
-1.658236603694,6.73529093213966,10.6811089856049,10.5255996807414,8.48893485106306,21.3207002581426,-25.8625391043125,-54.9443942102746,-15.7650267523676,-2.50771118819426,-2.21262170969884
-1.64184301228612,6.72436185717106,10.6637219430227,10.4962901487096,8.45763786576465,21.3380874727285,-25.082107460951,-55.3974537833577,-15.9175354465911,-2.53751758129361,-2.22007328709994
-1.66767533813476,6.71492311061294,10.6791218950127,10.4898321162238,8.40895366639946,21.3609392404778,-24.2912435711425,-55.8520036851297,-16.0899149804311,-2.55540141715179,-2.22355068988726
-1.68754635803434,6.74373612643135,10.6662058062291,10.475425736061,8.3607662445828,21.3912426716113,-23.4844829234587,-56.3438117769692,-16.2429204457986,-2.59216263529393,-2.24044093199365
-1.73921100969794,6.72883284239426,10.6627283977113,10.432703367334,8.34785002842469,21.4001846676782,-22.6677868031545,-56.7864390606699,-16.4143064379736,-2.65227219470694,-2.24391833478165
-1.73921100969794,6.73479415601173,10.6438510371854,10.3954454876111,8.29717871884898,21.4165783271418,-21.868477770307,-57.2593696726326,-16.5439636669447,-2.66369797874069,-2.29260197379739
-1.7511336216306,6.73678126055186,10.6269607672312,10.3800455639938,8.24799774190494,21.444397870457,-21.0617171340737,-57.7506809919727,-16.6890207968016,-2.69549146473113,-2.28614394004833
-1.77100464151875,6.74572323097807,10.6329220389771,10.3442779994397,8.20974587094847,21.4568173094417,-20.2494919894668,-58.2375213299618,-16.830103758828,-2.74020105443259,-2.28564716822159
-1.78541113094222,6.7352909321487,10.6269607672335,10.3129813804623,8.18043599578822,21.4702303035436,-19.4029894579947,-58.7328068589364,-16.9940381866843,-2.79633642813969,-2.29210520196981
-1.79733374287579,6.74224579803634,10.6145414510994,10.2767170441625,8.13771312689491,21.504507955138,-18.5848030363889,-59.219647199592,-17.1554887596733,-2.84203956431796,-2.30998898773491
-1.83111447667203,6.74224579803634,10.5921866820479,10.2573429467061,8.12032591279541,21.5179209492346,-17.7571779157665,-59.7164230586256,-17.3179328747363,-2.87731046284095,-2.33979529735396
-1.86539198599125,6.72684573784471,10.586722182947,10.2310140450136,8.07959015408318,21.5164306165563,-16.9136560383171,-60.1878633497872,-17.4913059520205,-2.90910394886614,-2.35569199581454
-1.8723468429549,6.70796824471714,10.5439997354561,10.1972335673614,8.0607126073602,21.5412694945199,-16.0626825582499,-60.6717230388534,-17.6582210064046,-2.96076836366396,-2.36463388869768
-1.84204353761415,6.7015101549678,10.5305868740166,10.2012077412005,8.01848651598669,21.5397791618421,-15.2454896983703,-61.1307439363074,-17.8186780379265,-2.99703280865902,-2.40437563486007
-1.89172108738788,6.67965200502968,10.5305868740166,10.1679240352682,7.9643377635451,21.5313339433345,-14.3786194659745,-61.592248713589,-18.0124187265371,-3.05515527538328,-2.40834980947532
-1.89023076089666,6.66127128803763,10.5345610551817,10.1833239588954,7.94148599644155,21.5422630496374,-13.5539750075529,-62.0487857338228,-18.1947336821349,-3.09986486514793,-2.42176264880697
-1.89122431189129,6.67468424367907,10.5310836466596,10.1396080466266,7.88038235825975,21.5189145043572,-12.7377757067352,-62.5053227550466,-18.3909582259442,-3.14010349593236,-2.43318840082529
-1.89817916885575,6.65481319828287,10.505748241725,10.1430854487389,7.83418204649217,21.5189145043572,-11.8987248166793,-62.9549049152361,-18.5613506779146,-3.18282599285845,-2.47293014698507
-1.90513402582167,6.64587122785402,10.5062450143703,10.1256984381746,7.79145917754126,21.5099725082901,-11.0964351895226,-63.387596697097,-18.7391946951398,-3.22107753079115,-2.48932361727394
-1.91755341325831,6.6299743915364,10.4997869699769,10.1137759166369,7.73681364743476,21.4915917386007,-10.2777520319578,-63.8297272216112,-18.9234967354702,-3.25535488299844,-2.51316866497387
-1.92798569870429,6.6274905108618,10.5037611511438,10.1053307972269,7.69955533145879,21.4498624236088,-9.43323664259501,-64.2534770398744,-19.1132632569131,-3.31347734972425,-2.50422677208569
-1.91556631126455,6.6418970187833,10.4903482897066,10.1147694601019,7.66627123586697,21.4299913212227,-8.61952122994293,-64.6951107902994,-19.2533526786475,-3.35719339309748,-2.53204599440776
-1.95083737160898,6.64785833240417,10.5087288775939,10.1147694601019,7.61559992615822,21.4011782227825,-7.78941228784906,-65.1014734547263,-19.4396418035237,-3.39594170428988,-2.55787812941534
-2.02088271679465,6.58228388254144,10.5241288296162,10.0695632326359,7.58529649582608,21.3798167877239,-6.92254209160445,-65.486474757346,-19.6800789677698,-3.48387056436556,-2.55191686748833
-2.01094720683228,6.58427098708211,10.5027676058484,10.0690664609051,7.55151562267254,21.3564682424228,-6.13267183074812,-65.9007858373689,-19.8450069400976,-3.50274794675947,-2.57973608980674
-2.06509573606851,6.56439994166916,10.4868708811823,10.0124344836365,7.51823152706419,21.328151921537,-5.30852418435295,-66.2783355035087,-20.0566313865988,-3.56087041361396,-2.58420703625168
-2.1261991223119,6.53608370197272,10.4977998793921,9.98858944054028,7.51376052914146,21.3043065986741,-4.47593138782371,-66.6504206357606,-20.2588171844294,-3.6468121808891,-2.59463924461924
-2.15848952967133,6.52515462699767,10.5037611511449,9.93593163706114,7.49637331500906,21.2749967226598,-3.67115792480552,-67.0006476299848,-20.4778931962848,-3.70493464779476,-2.59066507000138
-2.16941859062155,6.5097545668067,10.4694838385792,9.92251880032974,7.47401832540708,21.2456868466387,-2.87631993978646,-67.3811779539569,-20.6746145133102,-3.75163133057235,-2.61252303039758
-2.18382508005552,6.50627713386079,10.4635225668292,9.91009950705372,7.45613433370497,21.2064414194167,-2.07353357914559,-67.7333920535096,-20.8738196855383,-3.80279897239047,-2.6080520839527
-2.22406389538653,6.47498023733837,10.4580580677245,9.85346752974125,7.42036635030583,21.1806089862901,-1.28316656575326,-68.0607673593693,-21.1087923703989,-3.88476655397877,-2.621961695113
-2.24939944576992,6.46554149077011,10.454580659202,9.82564831283389,7.37714670371235,21.1771315433708,-0.477896343565309,-68.3806910276734,-21.3601584984371,-3.94735997989638,-2.62941327252416
-2.21859936490311,6.45858662487895,10.4391807071897,9.78938397646701,7.35379815900148,21.1378861161292,0.292102939774412,-68.7279373702358,-21.5717829464489,-4.01045017906165,-2.64829060196392
-2.17935410055588,6.50081259640238,10.4237807551674,9.79584200896844,7.32846250410005,21.1006277991208,1.04670223386788,-69.0985321800641,-21.7431689434287,-4.03330174728489,-2.66220021312842
-2.16594116211273,6.49534805891514,10.4247743004596,9.76951310722065,7.30710106957784,21.0708211455119,1.82166924824682,-69.4139848671167,-21.9423741166792,-4.10235322515199,-2.67710336795027
-2.13613463224391,6.48888996915233,10.4232839825213,9.78491303087984,7.25841686993626,21.0365434938684,2.58272659494337,-69.7463279348709,-22.1207149078799,-4.15600473317872,-2.7133677113565
-2.09837969438545,6.47696734190154,10.4118582116654,9.79484846550674,7.21718433349292,20.9997819544082,3.36911939751821,-70.0443934667733,-22.3258813338603,-4.19674013745929,-2.74317402099393
-2.08794740892646,6.45759307261514,10.4222904372277,9.81869350860891,7.16999046648952,20.9530848637349,4.13663479604049,-70.3643171382151,-22.5583701654534,-4.23846908817014,-2.7665222968798
-2.10781842884777,6.44418011695673,10.4282517089833,9.77845499836042,7.12826115250213,20.9014199974408,4.90265987062499,-70.6385374287522,-22.8012911884518,-4.30056574098134,-2.78390931084033
-2.07652157250142,6.46405116235502,10.4148388475381,9.79782909586762,7.11335782607207,20.8765811194189,5.63192368677,-70.9008350982226,-23.011425324948,-4.33583663979223,-2.84004452735324
-2.05565700158124,6.48342543163571,10.4058969399085,9.81074516088291,7.09298994660921,20.8467744657766,6.36317459449547,-71.159655336549,-23.2205659199809,-4.37259785831877,-2.87630887075948
-2.03876663465623,6.47001247597956,10.4004324408002,9.79683555241464,7.07013817940888,20.7732513867936,7.07803196677811,-71.4030755226638,-23.4421257904591,-4.43469451122279,-2.89170879741387
-2.08148932748131,6.45610274419109,10.3944711690498,9.78441625912311,7.05324774279334,20.7345027370489,7.78146354116745,-71.6107278450818,-23.689020982704,-4.48884279256666,-2.90412809310305
-2.10334744938889,6.43474137037104,10.3870195793565,9.76106798776186,7.02393786747707,20.6917798668078,8.48141769664312,-71.7836058554261,-23.935419404186,-4.55342331161012,-2.92946345630866
-2.1396120607512,6.41586387722357,10.3741034905543,9.7570938139101,6.97972466572251,20.6406117780259,9.18882345483867,-71.9823162122401,-24.2071531475327,-4.61800383071048,-2.94486338296406
-2.18730250855778,6.41685742949489,10.3870195793477,9.70990049943293,6.9578664536018,20.5725532521534,9.90765500521105,-72.1094908406454,-24.4967706475774,-4.6860617624114,-2.9408892083425
-2.21810258943818,6.41586387722372,10.3904969878699,9.6835715976608,6.95587934340972,20.505985058933,10.5484930815947,-72.2545494012445,-24.7650269947274,-4.74815841544971,-2.95976653779167
-2.23548973187216,6.42083163858072,10.3775808990776,9.65078466338794,6.94743412509265,20.4414039759366,11.211189198602,-72.350923924473,-25.0059609363732,-4.82714535812288,-2.97765032358633
-2.24045748685487,6.41487032495232,10.3790712170162,9.67015876092516,6.92160169258269,20.3827842236601,11.8694143500346,-72.4323951709969,-25.2627915508894,-4.90017102209399,-3.00596631776771
-2.31050283206339,6.35923139779489,10.3909937605235,9.61650741393589,6.88185948871745,20.3082675894397,12.5057814569251,-72.4944921576859,-25.5618477017671,-4.99753857408798,-3.00795340507942
-2.32938030099045,6.34581844214073,10.3790712170098,9.59315914255597,6.88036915607305,20.249647837168,13.1173098765755,-72.5625504551226,-25.8335814473565,-5.08149324910341,-3.0233533317419
-2.36564491234302,6.31402476944382,10.3686389914346,9.56484315385834,6.84658828277481,20.1964926380328,13.7223802361477,-72.5938473364274,-26.1122699875636,-5.15501568640975,-3.05017901044515
-2.36564491234302,6.29862470923985,10.3706260820183,9.54894645843385,6.8182719625359,20.1363825530481,14.3264570463957,-72.6166990275538,-26.407351971933,-5.22307361823062,-3.07551437366372
-2.38501915677653,6.28123754448831,10.387516351985,9.53106267609605,6.78995564227622,20.0688208046041,14.9047016226783,-72.6097441650375,-26.7029307276176,-5.31050570590822,-3.1058174551672
-2.40240629922853,6.25937939450919,10.3999356681412,9.49579188312694,6.77058131788251,20.01715593815,15.4625784755444,-72.5580794720601,-26.9999997968902,-5.39247328816619,-3.13164959021613
-2.40141274823166,6.25391485701642,10.3815550802398,9.50026282871379,6.75766510161866,19.947607079394,15.986177941962,-72.5387052122074,-27.304520431939,-5.45556348784858,-3.15201723515602
-2.42376764566781,6.25242452860958,10.3641680376217,9.50125637217752,6.71096801205047,19.879548553298,16.5316354494473,-72.4920082781915,-27.597118562949,-5.53306011113123,-3.19175898139558
-2.41979344168187,6.22063085590664,10.3517487214659,9.48535967675304,6.65979992452734,19.8278836867753,17.0527510445463,-72.4135176870705,-27.9289616049807,-5.60509222895583,-3.22156529107211
-2.46201935907341,6.20572757182902,10.3596970838027,9.4351857318101,6.64539337561374,19.7697607119185,17.5788343746778,-72.3161496119985,-28.2672626710499,-5.70643396718675,-3.2305071839759
-2.45854193058341,6.20771467637262,10.3656583555531,9.41531486251807,6.63347071443949,19.7081602941208,18.0850467566722,-72.2048718120001,-28.5856928965509,-5.77995640474451,-3.24988128527061
-2.47493552203124,6.18386942185747,10.38105830759,9.39743108016597,6.59025106770586,19.6420888782525,18.5927494580968,-72.0598132513424,-28.9215101084055,-5.84553047070068,-3.2781972794728
-2.49430976647329,6.17641777981293,10.4019227587339,9.37855375434515,6.58975429015695,19.5750239072123,19.0930005528329,-71.9107804837,-29.2692498254893,-5.93743351774244,-3.28515208506563
-2.53206470437741,6.17741133208446,10.4004324407961,9.35570225465017,6.56690252291874,19.4985201624677,19.5659290940851,-71.7324379384859,-29.5931445340222,-6.04473653484194,-3.30800358915968
-2.53752923486127,6.17492745140462,10.3900002152305,9.31894114646084,6.54156686791717,19.4448681856261,20.0279286133446,-71.5416759962011,-29.9339294579137,-6.12620734418434,-3.32042288486483
-2.54150343885194,6.17790810822115,10.3800647623063,9.309502483543,6.51772154556189,19.3797903248376,20.4904249048102,-71.3419720881673,-30.2906110554421,-6.19277495670826,-3.33880344250654
-2.56087768329772,6.15257252528358,10.3711228546713,9.26976074495794,6.50381177419193,19.3236544601226,20.917153490956,-71.0990486778935,-30.6472926536182,-6.29610378814668,-3.37755164510537
-2.57130996877453,6.13369503212218,10.3815550802444,9.24790278874436,6.49834722115057,19.276460591548,21.3433853022607,-70.8347639046249,-31.0317934300956,-6.37707782435771,-3.38599676618665
-2.55839380582443,6.14959186847902,10.3755938084863,9.24939310394095,6.49089555790863,19.215853728754,21.7552106761067,-70.5804146496135,-31.392945968804,-6.45904540704941,-3.42424819697261
-2.55839380582443,6.15754028665492,10.3542325846977,9.24839956047545,6.46605668044816,19.1497823127194,22.1585908961858,-70.3091750146198,-31.770491952575,-6.54846458830033,-3.44859001655473
-2.54150343887965,6.1644951525562,10.3169746362225,9.26628334283917,6.46854056819336,19.0847044518091,22.5386227536105,-70.0086256027961,-32.1390960578773,-6.61652252062315,-3.50025428672246
-2.56683898931944,6.15455962983443,10.3055488653578,9.25883176685438,6.45910179475692,19.0270782543612,22.9360416880101,-69.676282534899,-32.544461220749,-6.72134167198821,-3.5196283880309
-2.586213233776,6.15555318210717,10.2886585953861,9.23995444101563,6.42432736630403,18.9674649466118,23.3091187119035,-69.315623242179,-32.9408845058198,-6.81324471948453,-3.56483462441549
-2.59565196826063,6.12077885257879,10.2752457339402,9.21759971302773,6.40594659698568,18.8929483118848,23.712498928479,-68.9271445006238,-33.3869848954374,-6.92352837659369,-3.58172486658083
-2.58671000928763,6.11581109121833,10.2663038263074,9.21610939782943,6.39501749089712,18.828864006055,24.0706727411922,-68.5471109495976,-33.8067564206996,-7.00897337214148,-3.62643433115317
-2.63141980422472,6.09097228440239,10.2712715527702,9.16941285490678,6.39352715824902,18.7349730462843,24.4586529722703,-68.094548121217,-34.2533535833954,-7.15005696962252,-3.66220190280587
-2.64334241619856,6.0711012389421,10.2826973236363,9.14705812691776,6.36819150323004,18.6818178468308,24.8163300099378,-67.66185632882,-34.709886167789,-7.27275995770223,-3.69101466886663
-2.65377470167958,6.06563670144518,10.2772328245274,9.11675505121826,6.35626884204393,18.6053141017855,25.1660586681166,-67.1953837777008,-35.1629413560576,-7.39546294576224,-3.74019507990686
-2.69451029254407,6.04626243213386,10.2931295492108,9.07900039953698,6.34732684615012,18.531791022124,25.5023744369039,-66.7050659854309,-35.6328867603776,-7.5077336959755,-3.74118862356415
-2.6960006190415,6.03881079009403,10.3015746842003,9.05863275848338,6.33292029720957,18.4841003758502,25.8098773326193,-66.175999675872,-36.1048192504341,-7.61603026051148,-3.77894328253883
-2.75213625040055,5.99360416169903,10.3115101371351,9.01889101987548,6.29864264629992,18.41802895963,26.1531479316115,-65.6320300916802,-36.6145063402057,-7.769533189075,-3.77993682619659
-2.76256853588296,5.96479114578221,10.3105165918421,8.97269124870742,6.27777798921484,18.3310928856309,26.4412766535914,-65.0706733537787,-37.1058129031458,-7.88726844510529,-3.80427864580332
-2.79088473934557,5.94193944349853,10.3184649541838,8.92698824923407,6.27330699126672,18.2411761461607,26.7254311859364,-64.489445582777,-37.6308998984967,-8.03282300234114,-3.81073667957696
-2.78392988235655,5.95535239917985,10.3144907730126,8.93742045563155,6.24697778113399,18.2034210511437,26.9638825412597,-63.9042436064094,-38.1142581273587,-8.11330026605048,-3.86885898355651
-2.83807841174034,5.9265393832685,10.3179681815371,8.91158832550994,6.22462279138966,18.1294011938083,27.2366112787798,-63.2370736134697,-38.6443128355783,-8.28170639214793,-3.89022017220417
-2.82764612624811,5.9141199798507,10.2896521406792,8.91556249937997,6.19382258330513,18.0732653287955,27.4412820247307,-62.609645692959,-39.1564837879133,-8.392486823316,-3.92747805937838
-2.83360743223709,5.9334942491747,10.2886585953868,8.91705281458002,6.18984836290722,17.9977551387142,27.6643333960319,-61.9479402389358,-39.6756095362542,-8.49780274895447,-3.98261973241795
-2.83211710573954,5.91411997985724,10.2891553680332,8.91059478204792,6.167493373165,17.9381418307168,27.8610557632889,-61.2579185634373,-40.1768515277506,-8.62100251106172,-4.01888407595324
-2.85794943168683,5.88481018779187,10.2682909168831,8.88277556497371,6.14464160586349,17.870580081639,28.0667200560428,-60.5351096835834,-40.7232996866767,-8.76804738847462,-4.08644504471045
-2.91011085915099,5.83215191730987,10.2533877374871,8.82862744597357,6.14017060791441,17.77867623178,28.2639391964274,-59.7819974792923,-41.2806768108341,-8.92602127732588,-4.12221261640545
-2.93047865462996,5.82718415594249,10.2608393271843,8.8077630331726,6.11533173040864,17.7111144826741,28.414958386977,-59.0328594844276,-41.8306023701449,-9.05369199881372,-4.17139302749738
-2.95482065410529,5.81724863320438,10.2523941921919,8.78838893555403,6.12029950590697,17.6490172867665,28.5570356516457,-58.237521338819,-42.3820182443511,-9.21365298077793,-4.20616705553418
-2.92253024665042,5.82122284229879,10.2464329204359,8.78491153341588,6.11235106510795,17.5928814216217,28.6787451964792,-57.4456606270904,-42.8892214956184,-9.33436887723595,-4.26081195673989
-2.94836257261903,5.79936469229569,10.2459361477895,8.7406988491223,6.09595740595201,17.498990461386,28.8084031196193,-56.5981610233695,-43.4386502884547,-9.52264593382132,-4.28962472284836
-2.97469167410346,5.76260325815072,10.22854910516,8.70940222989151,6.1029122916528,17.4239770486845,28.9112352654876,-55.7615904927267,-43.9870855407831,-9.66869726565747,-4.33383741566909
-3.00300787759217,5.75813227291871,10.2588522366026,8.69151844747012,6.08900252024496,17.3688347386761,28.9966803335017,-54.910613465727,-44.5345272526971,-9.84157435239021,-4.37805010849681
-2.98860138812115,5.76310003428127,10.2384845580956,8.7059248277315,6.07360241619595,17.3256150902984,29.0617576818495,-54.0457267178529,-45.0501756175223,-9.99010955041605,-4.44213367456283
-2.99207881661556,5.76558391496389,10.2191104248777,8.66966049116612,6.0532345366323,17.2664985597205,29.1273318037941,-53.1579882860081,-45.6050688978452,-10.1560318119672,-4.47492061532332
-3.00797563259593,5.76806779564881,10.2215942881112,8.65773796955096,6.06416364273613,17.1984400328826,29.1690607904449,-52.2414368601634,-46.1470461326035,-10.3194702074875,-4.50671401242734
-2.98214330660054,5.77949364680113,10.2290458778108,8.65972505648936,6.05323453663437,17.1432977227973,29.1953897939108,-51.3149499223913,-46.6736234661509,-10.4680054060948,-4.57675884042811
-3.00747885709675,5.75068063084967,10.2330200589813,8.62693812204357,6.04081509787046,17.0802069716213,29.2376155542013,-50.3666048514087,-47.2275232097964,-10.6796308062962,-4.6040812910624
-3.0258595505933,5.73428701832262,10.2543812827775,8.60011244838666,6.0139891101655,17.0131419998596,29.2743768043189,-49.4381308193011,-47.7834100395214,-10.8758562363683,-4.65475201768759
-3.07603387604052,5.72037728648926,10.2658070536412,8.58322220942129,6.00703422446389,16.9480641383317,29.2967316185872,-48.471901828268,-48.3462516650574,-11.0676107072562,-4.71237754995378
-3.09640167153396,5.69752558419161,10.2712715527516,8.5847125246238,6.00802777956461,16.8859669422056,29.2917638820855,-47.5111373768251,-48.8926998471056,-11.2419781149299,-4.75460315549727
-3.07951130454086,5.72087406264168,10.2936263218433,8.55788685095817,5.99908578366317,16.8452311815669,29.2892800138347,-46.536463207296,-49.440141572919,-11.4153519763258,-4.80279002301251
-3.07255644754077,5.70597077852886,10.2757425065723,8.54000306852068,5.9970986734613,16.7632628826702,29.2823251827323,-45.5290018384209,-49.9751640233206,-11.5867387449384,-4.85743492433176
-3.16595024149544,5.63145435798045,10.2866715047986,8.45654541720621,6.00107289386213,16.6753332529704,29.2947445239936,-44.4842822876905,-50.5558894141561,-11.8003512391713,-4.85296397785851
-3.24891175000058,5.56339602718203,10.3025682294919,8.41084241760486,6.00306000406433,16.5893907334657,29.3071638652442,-43.448007932052,-51.1321438672786,-12.0313507974,-4.90512502003615
-3.29163444299625,5.53657011577102,10.3130004550687,8.37358453751137,6.00007933876385,16.5357387559675,29.2912671084362,-42.419681995546,-51.6830629969424,-12.2469503851872,-4.9572860622179
-3.31746676899165,5.52216360779544,10.3169746362405,8.37010713536905,5.99362123061013,16.471654449492,29.2351316859062,-41.3948334952941,-52.1897695013616,-12.4605628802576,-5.00298907062888
-3.31249901399043,5.52216360779544,10.3080327286055,8.35669429853472,6.02640854893094,16.3976345916002,29.1809833579866,-40.3550817256897,-52.7029340315013,-12.6548012191923,-5.07055003955491
-3.32839582999798,5.51222808504622,10.2777295971656,8.34328146169268,6.03833121013738,16.3380212832093,29.1034866684624,-39.3029105667592,-53.2016922016511,-12.8540072908375,-5.13711746483252
-3.3885056655629,5.4605633667361,10.2593490092506,8.31546224454194,6.03336343463482,16.2813886402084,29.0394028674861,-38.235339364153,-53.7357211202455,-13.0969294083656,-5.17089794930531
-3.39148631856328,5.44665363489189,10.240968421327,8.28863657087966,6.02044721832172,16.2272398850545,28.9504803838755,-37.1926069567858,-54.2280212685108,-13.3224644623245,-5.24889112672747
-3.47792525564418,5.3776017517491,10.2320265136939,8.25783672329295,6.03336343462258,16.1412973654299,28.8858998092349,-36.1384487121788,-54.7247923581112,-13.559922074553,-5.29111673233263
-3.56287386627345,5.32792413797155,10.2523941921954,8.21263049539304,6.05373131418285,16.0891357205307,28.8213192345854,-35.0942259894702,-55.2409375217423,-13.7894313150092,-5.32738107597907
-3.57628680479464,5.31103374928113,10.2330200589712,8.20815954977701,6.04180865297811,16.0404515186366,28.7090483892748,-34.0544742546431,-55.6974701553101,-14.0313598870395,-5.40239362243373
-3.53505443825882,5.31401440610854,10.2206007428058,8.22952073438639,6.05025387133537,16.0061738662622,28.5734291823568,-33.0316129021197,-56.1137643313822,-14.2365272390267,-5.47690939709829
-3.55293835627796,5.29364658446125,10.2230846060374,8.22604333224076,6.04677642848427,15.9381153390769,28.4581776950816,-31.9908676275028,-56.5404907015154,-14.4700106664255,-5.54993485627388
-3.59615782482796,5.25340771731035,10.2106652898725,8.20766277804981,6.05373131418819,15.8705535894278,28.3692552112493,-30.9441610491432,-56.9970233380762,-14.6975328150534,-5.6001088112236
-3.70495165957296,5.18534938638842,10.2136459257513,8.12321158295891,6.05671197948754,15.7970305088783,28.3076552783734,-29.8785769970229,-57.4575301450057,-14.9876483941458,-5.62494740277092
-3.74320337313116,5.14163308624204,10.2240781513351,8.10532780048876,6.05571842438727,15.7284752040444,28.1943908853961,-28.8517414609142,-57.8703469271594,-15.2285834213255,-5.69250837182949
-3.72830010810204,5.11778783159912,10.2260652419215,8.07899889850663,6.07111852844139,15.6723393384809,28.0786426241438,-27.8427898587551,-58.2379575402638,-15.4407056001853,-5.77050154933072
-3.77549378065391,5.09344580085198,10.2364974675022,8.0606183443097,6.09049285290804,15.6191841383478,27.9753137040931,-26.8253930728461,-58.6125229491611,-15.686608360394,-5.8241529071415
-3.76903569913788,5.09493612926727,10.2215942881032,8.05664417042406,6.09695096105549,15.5724870466299,27.8223074186417,-25.8184285841102,-58.9721852261,-15.9305240280179,-5.91953309880009
-3.72979043454348,5.07953606897494,10.1858266575474,8.06359897472306,6.10092518145519,15.5113834053172,27.6752624170431,-24.8164318583494,-59.2970735268251,-16.1992783586729,-6.01739714963644
-3.67266125200154,5.09543290538979,10.1753944319559,8.0809859854464,6.1247705038579,15.4641895360392,27.5326883779694,-23.8387771498668,-59.5876846213474,-16.4133876314311,-6.10780962304501
-3.70048068001849,5.09046514401057,10.1664525243112,8.05813448563086,6.14215771811214,15.3911632329901,27.4025336802659,-22.8362836584736,-59.9220115736256,-16.6702194045675,-6.17586736403399
-3.71538394504388,5.06562633709978,10.1480719363886,8.03130881191557,6.14265449566233,15.3350273673553,27.2698951142621,-21.8626031670222,-60.2165968382063,-16.9245673118202,-6.22604131905974
-3.70793231253011,5.05519403819758,10.1580073893213,8.01193471423643,6.15904815481245,15.2992593821694,27.111921091629,-20.9058130563551,-60.4659759326525,-17.194315190358,-6.33483435031874
-3.67315802740202,5.06811021780373,10.1401235740403,8.02087660549835,6.15010615891312,15.2624978418096,26.9430180487985,-19.9728681872445,-60.7133679435588,-17.4104115578881,-6.44313060965628
-3.65030635436044,5.07407153146484,10.1237300766914,8.01491534467139,6.16848692826064,15.2078523088297,26.813856898048,-19.0404200974639,-60.9374117123461,-17.6632691465,-6.5231108746542
-3.69451937397189,5.07506508374211,10.1207494408117,8.00547668168816,6.16053848745993,15.135819560789,26.6742635004468,-18.0990300493597,-61.178842470217,-17.9484169973382,-6.61302657630495
-3.65974508892532,5.06811021780973,10.1028656255265,8.00050896433472,6.14811904870131,15.0891224689855,26.4939346626003,-17.1745303806072,-61.3725832018467,-18.2017713597725,-6.73423890349208
-3.62795145686992,5.06463278484056,10.0939237178807,7.98510904052037,6.13371249975428,15.0205671639572,26.3543412646813,-16.2798372610686,-61.5454595473227,-18.469035374033,-6.81074176572606
-3.65279023192275,5.05817469503756,10.0805108564027,7.95232210594665,6.10887362224381,14.9425730849808,26.2077930355493,-15.3727247527811,-61.7312519419722,-18.7397768016702,-6.87929627864607
-3.72482267949639,4.99607767773109,10.0944204905233,7.88972886727137,6.07757663658469,14.8481853461442,26.0627351270472,-14.4447476675138,-61.9418828918857,-19.0596987823085,-6.9597733155989
-3.72979043450256,4.97968406517222,10.1103172152218,7.88327083471004,6.05323453662472,14.7836042616287,25.8814127412827,-13.5788675537509,-62.0601144157906,-19.3279563441476,-7.04472129904967
-3.72929365900158,4.9811743935876,10.0944204905158,7.88327083471004,6.05422809172507,14.7200167322542,25.7055548657573,-12.7278907160975,-62.1882813620063,-19.5982009994535,-7.15947559247863
-3.73525496501242,4.9821679458642,10.0800140837614,7.86836768263629,6.02342788361427,14.6435129859818,25.5818582244318,-11.8630041621554,-62.3194289348987,-19.8898069057446,-7.21511403781019
-3.75711308708748,4.96726466170263,10.0889559914043,7.89022563903737,6.00057611629868,14.5888674529097,25.4154390483374,-11.019478968438,-62.3859962636838,-20.1833999056968,-7.30751359877554
-3.77251312761328,4.96030979576452,10.0904463093458,7.86687736744787,5.9722597959458,14.5446542488615,25.2321295674213,-10.1824118622831,-62.484356943497,-20.4750058127916,-7.42226789233023
-3.75711308706588,4.95385170596152,10.0596464052252,7.84899358494103,5.96828557554432,14.505408820527,25.0731619958886,-9.37614485543728,-62.5221115478855,-20.773566546368,-7.52609320555323
-3.79337769861549,4.9116257341851,10.0611367231664,7.82812917204301,5.97126624084705,14.4433116238379,24.9499621276769,-8.57236173012845,-62.5757628277626,-21.0989530365746,-7.59266063130569
-3.85001010574138,4.89175468863717,10.0661044496368,7.80279381348372,5.96480813269517,14.3901564234265,24.7934784241036,-7.76808183230358,-62.5956336721708,-21.405958916486,-7.70840846861771
-3.83411328970482,4.9031805398259,10.0834914922915,7.81869050904138,5.97275657350173,14.3484271071814,24.6056979796171,-7.01248595883026,-62.565330634417,-21.7114744772324,-7.83210465528939
-3.81324871866285,4.9155999433003,10.0795173111153,7.81769696556875,5.96282102248906,14.3121623442658,24.4611368436176,-6.27924499618059,-62.5191309211466,-21.995628787686,-7.9190397262652
-3.80579708615395,4.91311606260857,10.0685883128867,7.79484546571948,5.95785324698356,14.2614910316771,24.3230337650219,-5.53308786711788,-62.4808795456852,-22.3299571989415,-8.03925851019006
-3.82268745319279,4.89125791250677,10.0800140837707,7.76007144418276,5.93500147966364,14.226219823904,24.1918855177549,-4.80829209659101,-62.4073574213939,-22.6334856676366,-8.1515289447927
-3.83808749372717,4.8679094339956,10.0770334478889,7.72529742263384,5.92059493069306,14.1790259543277,24.0373889083253,-4.11528997507422,-62.3224095615763,-22.9524141087791,-8.2767154470897
-3.81821647365818,4.86840621013447,10.0636205864228,7.68903308586435,5.91811104293987,14.1358063053545,23.8744471463679,-3.43917823007269,-62.2220617973775,-23.2643877247022,-8.39146974086269
-3.81523582065247,4.86939976241147,10.047723861707,7.69648466190653,5.89476249805873,14.0771865515461,23.743298898719,-2.77747298277314,-62.0775014044942,-23.5798387537766,-8.49877245723075
-3.82318422867579,4.85797391121719,10.0775302205342,7.68158150980519,5.88582050215263,14.0126054668042,23.5917829308017,-2.1078193270105,-61.9413861206034,-23.9047284760323,-8.60706871726171
-3.83361651419948,4.86294167260658,10.0780269931812,7.65376229257372,5.87489139604052,13.945540494198,23.4278476209929,-1.46995931834439,-61.7853999924915,-24.2137214537529,-8.73026813239821
-3.84156492222708,4.85598680666084,10.0760399025932,7.64432362957277,5.85005251851475,13.8869207403358,23.2847768051125,-0.837067069197614,-61.6140139601529,-24.5450692295843,-8.84154502354077
-3.79784867817693,4.85350292596811,10.0561689967008,7.6453171730447,5.81428453486155,13.8600947512824,23.1302801945624,-0.238949120802137,-61.383015395255,-24.8282299977471,-8.97915082204363
-3.81771969821652,4.84406417932817,10.0367948634536,7.62147212968673,5.81378775731079,13.8074363283203,22.9847255100688,0.3755624231668,-61.1619522526649,-25.1774616126057,-9.13016946010277
-3.87186822783013,4.81525116328489,10.0258658652179,7.58371747770423,5.7909359899703,13.7612360138072,22.8659966035265,0.975667469939318,-60.9334375437182,-25.5301706414911,-9.23548508931181
-3.88875859488001,4.81078017803429,10.0030143234423,7.57825298860006,5.77652944099495,13.6966549290167,22.7085193508163,1.55391438441818,-60.688032617397,-25.9087118811792,-9.34974261159716
-3.87534565634955,4.7933930131705,9.98960146196782,7.57080141254594,5.78100043895239,13.6494610593469,22.5530291927264,2.11278704482297,-60.4088472562234,-26.2509886723201,-9.48089037635592
-3.88627471738561,4.77352196760747,9.98860791667361,7.56136274954027,5.76808422263104,13.5809057539181,22.4104551498089,2.67414358208604,-60.1063136534996,-26.6136331688459,-9.61899294681611
-3.90266830892126,4.75514125047622,9.99556273373864,7.52410486930137,5.76709066752914,13.5332151066455,22.2599327280391,3.22705493114078,-59.7918575449372,-26.9891937711763,-9.74268913412103
-3.90564896193064,4.74768960839001,9.96923378344397,7.50771140197697,5.7631164471252,13.4999310090562,22.1263006110187,3.72134674663602,-59.4406403753055,-27.3513414958998,-9.8683724087689
-3.96973300166854,4.71987014459589,9.96525960226735,7.45853099999022,5.7805036613918,13.4537306944843,22.0095587985817,4.24892253218969,-59.1008489414221,-27.7731020157109,-9.97617189734512
-3.94638455309443,4.72632823440272,9.95085319549723,7.47691155425107,5.7805036613918,13.4149820435469,21.8635073395356,4.70844004695942,-58.6929998677693,-28.1277981422159,-10.1157647835755
-4.03033961275607,4.70397330815635,9.95582092197255,7.4277311523308,5.80136831853025,13.3384782968212,21.7601784159868,5.21515125113406,-58.3338343627502,-28.5649586350043,-10.2250545878003
-4.05964936734234,4.69453456151261,9.95482737667722,7.41829248932702,5.79789087567463,13.2883037616263,21.6439333770167,5.67367521172774,-57.9160498688147,-28.9653579057658,-10.3358347075527
-4.05368806132428,4.68559259100925,9.94489192372952,7.41382154369276,5.80583931649153,13.2455808900612,21.5008625597284,6.10537328428959,-57.4699494231584,-29.3424088329032,-10.4779114530865
-4.0367976942744,4.67267641139165,9.95780801256306,7.39395067421037,5.8008715409805,13.2093161269866,21.3687207630197,6.5360778046541,-57.0104361586862,-29.7323758662397,-10.6269430044168
-4.05666871432201,4.67814094892165,9.94687901431671,7.38401523946719,5.78199399404258,13.1581480366073,21.2395596083172,6.9633048941046,-56.543471328851,-30.1342654593777,-10.7645488035396
-4.07157197937862,4.67714739664306,9.94638224166959,7.36662822865553,5.77951010628756,13.1193993856254,21.1074178114378,7.35575768476707,-56.0357712706982,-30.5277099075876,-10.9041416900254
-4.05617193884483,4.67019253069776,9.93694356136634,7.38898295680726,5.76560033485599,13.0890959534546,20.9673276355943,7.71045552296835,-55.4848521293303,-30.9216511297077,-11.081489236392
-4.06511389787502,4.66472799316637,9.92998874430049,7.36811854382935,5.74175501241657,13.0448827491222,20.8351858386094,8.10886962029305,-54.9433716400188,-31.3503664839014,-11.2434368557299
-4.02586863321047,4.6503214851172,9.91806620076501,7.37109917425626,5.70549025121563,13.0111018738945,20.7114891939698,8.44965773774225,-54.360659151258,-31.7328819225485,-11.4292295234051
-4.04971385728639,4.62101169290276,9.92204038194421,7.31794459837425,5.69307081244171,12.9788113313985,20.6031925330982,8.84260730113776,-53.8142109541739,-32.1864359430981,-11.561867604398
-4.02040410269899,4.60859228942338,9.92303392723909,7.30353821799069,5.66276738182904,12.9465207888755,20.4735346041548,9.16501471724951,-53.2096405411999,-32.6101835671312,-11.7203378210907
-4.01792022519038,4.61157294625865,9.91607911017016,7.27422868547666,5.62998006344765,12.8943591432636,20.3309605596099,9.46457045159463,-52.6050701303608,-33.0314473255142,-11.8961950522231
-4.01543634768326,4.61654070764983,9.91111138369411,7.26329970725534,5.60663151853941,12.8561072698205,20.2137219723757,9.77455847472076,-51.9756611673953,-33.4616530042127,-12.0710587397743
-4.0303396127267,4.60461808030421,9.8996856128034,7.22951922908962,5.61159929405045,12.8099069551386,20.1089027269303,10.0795787405322,-51.3288652181721,-33.9211683089838,-12.2290321848325
-4.02785573521992,4.59070834840715,9.91458879222848,7.20269355525819,5.60961218384546,12.7617195301176,19.9976254236764,10.3577731192726,-50.6398437294409,-34.3583288159143,-12.4014120133287
-4.03530736775144,4.58623736315297,9.90515011193026,7.19077103354996,5.57881197565879,12.7155192154029,19.895290046481,10.6523610948656,-49.9736737127124,-34.8287731357299,-12.5832305068282
-4.05517838779676,4.58325670631864,9.90018238545274,7.13910677289447,5.55397309807946,12.6514349078981,19.7924578954359,10.9409877623151,-49.3055166148364,-35.2912690832977,-12.7302749716805
-4.04126867375114,4.5753082880889,9.90614365722365,7.13811322941878,5.52068900212909,12.609208813796,19.6642902869098,11.1744723292435,-48.6030823148196,-35.7070683414521,-12.9006677130295
-4.02884928621148,4.60263097576085,9.89819529486196,7.13562937072972,5.49485656945456,12.5679762748502,19.5366194519951,11.4188859607931,-47.8663708134796,-36.1477062658118,-13.0715572263591
-4.00599761313829,4.61157294627082,9.88428566073066,7.13215196856426,5.48690812863539,12.5247566255946,19.4208711852992,11.6295188460962,-47.1137626402744,-36.5833764583053,-13.2846723462438
-4.0263654086955,4.61753425994174,9.88229857014083,7.1142681860046,5.47051446943323,12.4974338588102,19.3071100131601,11.8540614501305,-46.3551932172723,-37.0245111582968,-13.4828843110158
-4.04424932676275,4.60114064734307,9.90018238545514,7.10532629472051,5.4739919122943,12.4825305314715,19.215703656483,12.0830750349448,-45.590662544243,-37.4929683916459,-13.6681802079918
-4.06561067333179,4.58872124386316,9.90216947604574,7.06210715351356,5.45859180819165,12.4263946651384,19.105916673679,12.2857595089138,-44.8320931269644,-37.9440385599284,-13.8549664205989
-4.11032046851366,4.56090178003321,9.90962106575795,7.03627502311274,5.44021103879493,12.3816846831027,19.0040780697009,12.4864568798822,-44.0481883882207,-38.3931216365826,-14.0506945264096
-4.15701736568119,4.54599849584867,9.89322756838964,7.0183912405383,5.42580448980319,12.3568458041878,18.901245918316,12.6782122886102,-43.2657739663131,-38.8561143667642,-14.2494032634163
-4.16645610022421,4.54401139129098,9.89769852221577,7.00249454491618,5.43723037349063,12.3394585889493,18.7859944248573,12.8401611569217,-42.4485855731542,-39.2719136331847,-14.4461249131184
-4.20868201787123,4.51569515134603,9.90614365722669,6.97864950149136,5.43723037349063,12.3399553665275,18.6990590310043,12.9867099795356,-41.6348745812202,-39.7041064197631,-14.6383756163505
-4.20421103835815,4.52662422641124,9.88279534277855,6.98163013191827,5.44815947962941,12.3369747010587,18.595233331957,13.1337555776852,-40.8007959796415,-40.1258669673423,-14.8663938924351
-4.20470781385962,4.50426930013654,9.88676952395986,6.97020438194459,5.44468203676695,12.3096519342479,18.4904140854955,13.2658979056503,-39.9910591630907,-40.5501113826499,-15.1073282366871
-4.23749499697094,4.47843694087624,9.89024693249376,6.9538109145849,5.41785604898001,12.2718968382822,18.386588386411,13.4015176631331,-39.1867868309702,-40.9753493457415,-15.29709508106
-4.23501111946311,4.4610497759985,9.88975015984627,6.94735288198995,5.40792049794216,12.2594773988244,18.2887239713766,13.5192534965069,-38.3671146000003,-41.3851873367764,-15.5126940614831
-4.24395307850137,4.45856589530073,9.86540830010822,6.93841099070183,5.38953972852715,12.2142706391732,18.1978143879175,13.6350022270621,-37.5295586148376,-41.7905543692619,-15.7118995710565
-4.28121124116404,4.42428834166217,9.86789216334613,6.9205272081059,5.40891405304154,12.200360866964,18.1108789938203,13.753731611562,-36.7029315955331,-42.2048633222762,-15.9165695710527
-4.26034667006954,4.44366261111865,9.85100189332706,6.93841099069466,5.37910739993153,12.1849607620211,17.9971178208915,13.8436480072855,-35.8509692571536,-42.5689981702651,-16.1346524109725
-4.25686924155415,4.43472064060339,9.84553739420074,6.9443722515546,5.36519762848183,12.168567101923,17.8947824426026,13.9340611786168,-35.0089423432823,-42.9316426989589,-16.3596900569137
-4.24892083351769,4.42428834167277,9.82566648829771,6.94139162112404,5.34085552844458,12.1323023386705,17.8043696325633,14.000132342293,-34.1703928304917,-43.3057130149088,-16.5921792806298
-4.23203046645061,4.43422386446436,9.8172213532868,6.94188839286234,5.31850053859803,12.0990182409067,17.7055116699012,14.0994874756369,-33.3303530084513,-43.6763059182918,-16.8355974851141
-4.2692886290832,4.39249466873354,9.8197052165275,6.91357240378863,5.29962299162746,12.0572889243034,17.6414278649276,14.1953651792337,-32.5072034053501,-44.0772019956057,-17.0641125344448
-4.3115145467432,4.40441729608268,9.81473749005071,6.88774027338911,5.29117777324479,12.0269854919857,17.5703892283537,14.2803138181631,-31.6651765062823,-44.4348787937652,-17.2787179722898
-4.33883719936774,4.39249466872221,9.78592467646236,6.88028869731204,5.28670677527696,12.0016498354488,17.4735183602475,14.332972038761,-30.7968207460454,-44.7900717262143,-17.5022653032914
-4.36119209694686,4.37709460839119,9.75363445434369,6.8594242842986,5.2886938854849,11.9594237412436,17.4054603657225,14.388610913355,-29.9557873960129,-45.1402969259212,-17.7228320034523
-4.31399842427983,4.3756042799724,9.7307829125167,6.8768112951329,5.27826155689084,11.9534624102942,17.2882217765411,14.4045077346647,-29.0894187282024,-45.4463092996093,-17.9900952573762
-4.28816609816134,4.39299144486777,9.71289909719552,6.90860468640341,5.25093879154484,11.9365719726006,17.2067508925494,14.4323271719317,-28.2056630776617,-45.7493410338534,-18.2623262299935
-4.31399842428082,4.38255914593165,9.70644105277198,6.88326932773123,5.25044201399265,11.9196815349098,17.1436606347641,14.4800176357922,-27.3964230836005,-46.0826759420686,-18.507731522916
-4.29363062870012,4.38355269821129,9.68806046478858,6.88426287120772,5.2405064629515,11.8859006595206,17.0592091085541,14.5018757650617,-26.5444607860791,-46.389185090497,-18.758601306424
-4.29661128171351,4.36517198103657,9.6716669674009,6.87383066469721,5.21715791799125,11.870500554561,16.9841962822981,14.5555275369034,-25.7158467296087,-46.7016555197264,-19.0104646337609
-4.31052099576795,4.34828159228838,9.65477669736635,6.86091459949712,5.2340483547664,11.836719679171,16.9086866823114,14.5828501984836,-24.8772972568791,-47.0041904826915,-19.2568634709479
-4.32393393432883,4.35473968210871,9.64037029056514,6.8544565668957,5.21715791798885,11.7949903624945,16.8282093455102,14.6111664113721,-24.0526573756059,-47.2764222726158,-19.4893526964954
-4.3358565463865,4.33586218880311,9.63043483760717,6.86637908862274,5.22013858330077,11.7646869301382,16.7561771612856,14.6320309892977,-23.2250368719643,-47.5655443563148,-19.7312805874085
-4.3716243825932,4.31201693406402,9.64732510764771,6.833095382111,5.20920947715318,11.7363706080944,16.7169320402123,14.6866763124081,-22.4595127470339,-47.8849696148326,-19.9573117790147
-4.38652764765669,4.31152015792414,9.64931219824141,6.82763089298481,5.19281581793198,11.7135188394344,16.6429127612035,14.7174764036324,-21.6477889220709,-48.1576981793192,-20.2096718790084
-4.43024389180848,4.29462976917132,9.6512992888363,6.79186332782339,5.1933125954842,11.6976219568953,16.5748547662863,14.7572184568496,-20.8489811477898,-48.4329106107451,-20.4595481200172
-4.44912136089253,4.27426194743545,9.63341547349608,6.77596663219451,5.19281581793212,11.6941445138392,16.506299997764,14.7731152781271,-20.0591152545484,-48.663910214864,-20.7029663271556
-4.44216650385782,4.26432642463484,9.62795097436653,6.76752151262992,5.17493182604535,11.6618539711617,16.4377452292114,14.7865282210667,-19.256830087916,-48.9088194732677,-20.9513522528237
-4.47594723800043,4.25538445411656,9.6234800205297,6.74566355613582,5.17542860359752,11.6628475263209,16.3602485342232,14.7914959777154,-18.4833576435826,-49.1457803582063,-21.1927833728167
-4.48538597254509,4.25886188709667,9.62745420171606,6.73870875179244,5.19182226282765,11.6504280868301,16.3016292393157,14.7974572856886,-17.6949820721194,-49.3459800160327,-21.4535885952403
-4.51270862517383,4.2484295881579,9.61553165815204,6.71536048006325,5.16897049542272,11.6424796455549,16.2435067180578,14.8073927989809,-16.9488320383583,-49.5506506342564,-21.7069422400287
-4.51121829866672,4.23501663237524,9.61553165815204,6.70542504528773,5.1774157138132,11.6380086473352,16.1670035703948,14.8039153693302,-16.1982110682235,-49.7299858119863,-21.9761925842647
-4.55940552245585,4.18981000360813,9.57926725480558,6.67114779530318,5.15754461172573,11.6201246544511,16.1237842597218,14.8203089662559,-15.4838543831421,-49.9386306175425,-22.220107564182
-4.54450225736371,4.19328743659242,9.54399639676046,6.66468976268995,5.16350594235239,11.6012471064031,16.0403262804463,14.7939798560492,-14.7039239297329,-50.046430433906,-22.5310867443454
-4.54549580836825,4.18782289905307,9.53108030789715,6.65773495834535,5.14363484024891,11.5923051099649,15.9682940958839,14.7805669131027,-13.9537997395046,-50.1691334506069,-22.8132531574054
-4.57033458348744,4.16844862958636,9.54151253351643,6.63190282791088,5.12823473612473,11.5714404516162,15.9345134851726,14.7785798104438,-13.2444107732162,-50.2833913204868,-23.0805164150696
-4.59318625660763,4.15404212151864,9.53902867027323,6.60905132792204,5.11581529731903,11.5570339018072,15.873907095392,14.7800701374379,-12.5439636869553,-50.4443458851113,-23.3433087262127
-4.61405082771738,4.13814528502894,9.52114485492773,6.60507715400805,5.13767350962302,11.5545500139071,15.7899523422439,14.7522507002195,-11.8350714958158,-50.5417134613874,-23.6309396302273
-4.59020560361212,4.10883549275074,9.52114485492773,6.59911589314185,5.11978951773751,11.5391499089349,15.755178184128,14.7264183656323,-11.1241922241408,-50.6048036765622,-23.9245317967947
-4.62150246028487,4.07952570047378,9.50524813017664,6.59365140401319,5.09246675234683,11.5148078075141,15.7064943627885,14.7184699550009,-10.4595126553972,-50.689255145793,-24.2062014390862
-4.63193474584164,4.06710629696922,9.49531267720016,6.59315463227397,5.10041519318616,11.4889753733513,15.6493653887197,14.7025731337308,-9.78539444020281,-50.7399260273638,-24.4868775377988
-4.60361854222292,4.07604826749184,9.47494499859808,6.60010943661736,5.09445386255794,11.4894721509313,15.5882622250931,14.6628310805351,-9.07997965653455,-50.7657582414779,-24.7829535643616
-4.5772894405538,4.09740964153548,9.4928288139568,6.60607069748849,5.08799575437545,11.494936704314,15.5127526245879,14.626566457014,-8.395926026223,-50.764764694779,-25.0889650282146
-4.58126364457753,4.08946122328492,9.51021585666435,6.62296093662633,5.07706664822527,11.5083496989812,15.4506559135664,14.5947728144526,-7.74763990854098,-50.7602937346405,-25.3840475115031
-4.60510886869791,4.06611274469339,9.502267494282,6.60557392575415,5.07855698088368,11.4740720459371,15.4039591868685,14.5669533772005,-7.12667619652988,-50.7583066412459,-25.6532978583786
-4.61653470526075,4.05766755030547,9.47544177124788,6.59812234966103,5.08253120130391,11.4566848306325,15.3522947233051,14.551553331587,-6.52309947011848,-50.7453905341796,-25.9379481330839
-4.61355405224393,4.05419011732228,9.45606763793831,6.58619982791727,5.06911820738549,11.4273749534079,15.2991399386575,14.5182693620249,-5.90014867814713,-50.6793196787735,-26.2275661265587
-4.60957984822173,4.05816432644571,9.44712573025842,6.59414817574445,5.04924710529189,11.401045741651,15.2643657804341,14.5137983810396,-5.28812684897741,-50.6162294634731,-26.5286098730695
-4.66521870450154,4.05269978889828,9.43719027728341,6.5722902192197,5.03335022360308,11.3583228697405,15.2161787326482,14.5242306700117,-4.72925951501973,-50.5730101821877,-26.8306471636298
-4.67515421456431,4.03978360923921,9.43222255079561,6.53602588223683,5.05123421549918,11.3419292095859,15.1754432902018,14.4839918411402,-4.15846967901306,-50.4965070865146,-27.1257296483495
-4.67962519408993,4.01693190677368,9.44563541231247,6.53503233875836,5.04626643997496,11.3349743234604,15.1401723582949,14.4636240388687,-3.58569276112683,-50.3946685501695,-27.4431668670035
-4.74519956041216,3.98960921905499,9.45606763794101,6.50174863223578,5.01844689702085,11.2892707860563,15.1173207685926,14.4566691795511,-3.07501221515136,-50.3032622542403,-27.7233461963551
-4.73725115236638,3.96824784501135,9.43818382258229,6.49230996918899,5.01049845617813,11.2713867931628,15.0835401577377,14.4367981529354,-2.54992531238245,-50.1686366770521,-28.0273705753105
-4.74023180538457,3.97271883027762,9.42477096106662,6.48187776266438,4.99907257246957,11.2311478091385,15.0408176204306,14.4298432936181,-2.03328351734729,-50.0186111263819,-28.3413303917895
-4.75463829496797,3.95880909833973,9.42328064311952,6.48187776266438,4.9816853581148,11.2197219247795,15.0050499147928,14.4268626396244,-1.52359651709999,-49.8591468821861,-28.6652256456353
-4.75066409094554,3.95284778465232,9.41632582602961,6.47293587134894,4.95784003558214,11.1948830457508,14.9593467353631,14.3935786700307,-0.994038680122966,-49.6872633044181,-29.0055143713553
-4.76606413153616,3.93397029130604,9.41135809953638,6.45008437132003,4.94045282123067,11.1606053926795,14.9181145191265,14.3925851186996,-0.528564297327815,-49.5198506869204,-29.3338805725616
-4.77351576407829,3.91608635024531,9.40837746364202,6.43170381696484,4.91511716603401,11.1432181773524,14.8793661713127,14.3553269437823,-0.0680576250299039,-49.3146832953883,-29.6498274775049
-4.78295449863765,3.91558957410457,9.40142264655602,6.41183294737597,4.90567839252557,11.1342761808963,14.8396242761345,14.3285010578428,0.394932901024007,-49.1035546239366,-29.9608066641429
-4.77997384561842,3.92204766393499,9.38155174059014,6.42772964304786,4.89127184349935,11.1009920829718,14.794914644075,14.3051526015457,0.855439571350225,-48.8482131251511,-30.2911599537352
-4.79785776372865,3.92949930604575,9.35323569959755,6.40537491476907,4.86295552298879,11.0751596487734,14.764114675311,14.2852815749187,1.2950818604927,-48.5819426133357,-30.611081034481
-4.78543837615485,3.92701542534248,9.34479056456542,6.41978129521107,4.87338785160091,11.0831080900674,14.7005276429433,14.2465330729604,1.7491305060819,-48.2987818082436,-30.9772018989484
-4.79537388621246,3.92502832077929,9.343300246618,6.40736200172161,4.85997485767199,11.0617466540936,14.6508502739239,14.2117587763338,2.17386966513199,-48.010653270047,-31.3428259920272
-4.7879222536676,3.92204766393521,9.31647452355454,6.3909685343147,4.84805219640425,11.0587659886076,14.6260115893963,14.1794683580422,2.58370569489253,-47.7364343859635,-31.6885792107698
-4.82567719192427,3.91310569339936,9.30703584321977,6.36762026254808,4.86196196788922,11.0612498765122,14.5986890364307,14.1422101830828,2.96721286383547,-47.4542671286698,-32.0586742512779
-4.85001919157126,3.90416372286541,9.30753261586915,6.37705892560315,4.856497414805,11.0513143248935,14.5644116517822,14.0955132704219,3.34972648963785,-47.1303709114426,-32.3964791208285
-4.86641278317782,3.9081379319922,9.29859070817763,6.39394916475749,4.8718975189456,11.0518111024746,14.5360955514204,14.0378872931313,3.74068522107871,-46.7632554144299,-32.7621032152153
-4.88727735430723,3.90366694672489,9.28815848254323,6.37060089298443,4.85848452500556,11.0478368818266,14.4988375245978,13.9897000534651,4.12568270051229,-46.4170043981898,-33.1317014848543
-4.91509678250223,3.87137649755436,9.28219721075294,6.35917514296182,4.85947808011191,11.0210108924381,14.4784698032849,13.9410160381466,4.49130611260434,-46.0310115158431,-33.5057707016948
-4.91907098652795,3.84951834735193,9.26928112186252,6.34129136033005,4.84755541884134,11.0215076700194,14.4397214554102,13.9166740304877,4.85394889833916,-45.6629024743561,-33.8733818846169
-4.9642775573618,3.81226013677449,9.27027466716131,6.30751088199429,4.84308442086249,11.0041204546777,14.4064376181382,13.8764352015057,5.18777896902434,-45.2868450604569,-34.2444704709331
-4.96874853688768,3.78791810586852,9.23848121759052,6.27373040369999,4.82619398405932,10.9738170222302,14.3835860283262,13.8411641291428,5.50819622362198,-44.8889296208226,-34.6125784265785
-4.97719372043965,3.7735115977804,9.22059740221118,6.2642917406428,4.80830999214074,10.9529523638186,14.3557667016154,13.7994349731084,5.86587129789287,-44.4641884220549,-34.9806863827031
-5.00054216908738,3.75463410442575,9.21612644836311,6.24988536018311,4.79191633288652,10.9464942552644,14.3229796379865,13.7398218930439,6.20516584705255,-44.0225569309146,-35.3651878108612
-4.98563890397947,3.74718246230995,9.19526199707796,6.23498220797727,4.78297433693295,10.9132101573211,14.2747925899279,13.6941185316623,6.5424733120737,-43.5560867740525,-35.7432312051292
-4.97023886338381,3.72830496894932,9.18632008938697,6.22405322970258,4.77254200831366,10.9007907177919,14.2335603735251,13.6707700752896,6.84401326905167,-43.0841521121249,-36.1282294058795
-4.9612969043244,3.72979529737169,9.17191368254062,6.21958228404548,4.75366446130103,10.8794292817953,14.1754378515902,13.6330151245578,7.15896604076678,-42.6201658248291,-36.518195325831
-4.93596135366946,3.72482753596257,9.14409441415055,6.20865330575928,4.75416123885452,10.8714808404973,14.1252637086804,13.607182789842,7.4634866224538,-42.1050118861327,-36.9146192805206
-4.93447102715825,3.75413732828845,9.12919123466557,6.20517590357718,4.76260645725661,10.873964728405,14.0765798869123,13.5808536794657,7.76751043283334,-41.6057546953389,-37.3115400075279
-4.94987106776369,3.75115667144109,9.12472028081657,6.19871787095619,4.76856778789274,10.8719776180797,14.0338573494152,13.5207438236869,8.06259236594461,-41.0965620389847,-37.7064736473939
-4.92056131303822,3.74668568616783,9.08249460556604,6.2002081861781,4.77452911853099,10.8799260593803,13.9737477326934,13.473550135268,8.3427711709535,-40.5819048775656,-38.1153169001776
-4.94291621067923,3.74072437247273,9.08150106026598,6.19225983833578,4.77154845321137,10.8799260593803,13.9538767850072,13.4447371465294,8.62642737188878,-40.0493638784315,-38.4998183315326
-4.97719372041852,3.73178240193084,9.07255915256917,6.18580180571512,4.78396789204533,10.8640291767687,13.916618758095,13.4328145305031,8.86289033413367,-39.5232809337939,-38.8882939384185
-5.001535720095,3.7158855654099,9.07106883461955,6.19573724051602,4.77750978385075,10.8302483012255,13.8823413733282,13.4318209791671,9.09587589968651,-38.9718625516728,-39.2713050550321
-5.01842608721795,3.70545326644381,9.07404947051901,6.20467913184086,4.74422568776784,10.8312418563887,13.8465736674693,13.4278467738245,9.34078396718045,-38.3956055054912,-39.6682257846797
-5.03034869929121,3.71439523698494,9.052191473921,6.18182763179249,4.73876113467947,10.8088868652197,13.8147801511424,13.413937055121,9.56631796826714,-37.8402129401663,-40.0552110770561
-5.04574873989546,3.70396293802635,9.04126247561553,6.16692447959487,4.7248513631856,10.8019319790771,13.7963995245085,13.3970466824013,9.77943269583491,-37.2728978170399,-40.4506414919107
-5.10983277983543,3.66422084671561,9.03778506706353,6.16891156655644,4.71143836923729,10.7880222067993,13.8023608088219,13.3985370094051,9.97416689898042,-36.7433374671741,-40.8142785068119
-5.07952947412622,3.64931756248668,9.02983670466613,6.18331794702118,4.67865105071601,10.7855383188916,13.7750382557311,13.3642594882954,10.1887719388134,-36.1715513879506,-41.2002702567931
-5.05816812748244,3.64534335335628,9.00748193540329,6.18530503398171,4.65728961592869,10.7741124345181,13.7462253815479,13.352336872251,10.3859899960539,-35.5689653653023,-41.5783136569978
-5.05618102546835,3.65130466705377,9.00847548070452,6.18480826224109,4.6334442933655,10.7433122244633,13.7422511920055,13.3314722941764,10.5802274277153,-34.9604180649044,-41.9662924953427
-5.05916167848862,3.66521439900665,8.99456584649756,6.19772432748323,4.6086054156855,10.7368541159039,13.7025092965671,13.3314722941764,10.7516133965556,-34.386644897699,-42.3448326682096
-5.05320037244373,3.66024663759302,8.98413362084527,6.17636314264604,4.58575364822532,10.7373508934857,13.6816448014626,13.2966979973908,10.9423734312846,-33.788529840357,-42.6990310193217
-5.02140674021781,3.64683368177012,8.95581757977733,6.17338251220629,4.55346310722256,10.7507638881924,13.6563093431147,13.2584462709174,11.1321399240341,-33.1899180120575,-43.0646551240727
-5.03084547479132,3.64186592035607,8.93048217461502,6.15500195781195,4.56488899095848,10.7333766728311,13.6314706584486,13.2127429094184,11.2916033903018,-32.6052158381948,-43.39401488179
-5.06661331104411,3.62596908383614,8.92054672160652,6.14258266429635,4.56190832563695,10.7209572332837,13.6185545424248,13.1869105746568,11.443118521761,-32.0309459047797,-43.7308262179581
-5.11480053492964,3.57281403668949,8.91855963100476,6.0968796641538,4.5405468908248,10.6946280214398,13.6260061478191,13.171510528929,11.5499242701533,-31.4517082404144,-44.0273990319575
-5.0780391476578,3.5872205447974,8.90514676944032,6.10284092503733,4.53706944794791,10.6772408060811,13.5837803838897,13.11835553239,11.6915039829838,-30.8203093818803,-44.3801070690574
-5.12622637150718,3.57082693213466,8.89471454378802,6.08247328368757,4.53061133974828,10.6598535907205,13.5574513781447,13.1079232433445,11.7888710836298,-30.2321298021915,-44.6717121647838
-5.13814898358525,3.56089140930572,8.88279200016901,6.08495714238795,4.52465000910607,10.6414728201949,13.5385739777927,13.0761296005234,11.9036251664185,-29.6364986254581,-44.9831881361476
-5.15851677923684,3.54052358749971,8.87931459161444,6.09340226197687,4.51769512335336,10.6196146065834,13.5152256142134,13.0552650224264,12.0129147690813,-29.05080291636,-45.2747932325222
-5.14957482017708,3.52214287027452,8.87385009245856,6.07899588151393,4.53657267039285,10.5942789499104,13.4973417612375,13.009561660891,12.12419145531,-28.4258621193026,-45.5554693475326
-5.14808449366608,3.51618155657677,8.85894691294404,6.09240871850742,4.53408878262393,10.5803691776168,13.4769740398025,13.0006196988503,12.2295068903704,-27.8103600168296,-45.848067988051
-5.18534265643478,3.51369767586799,8.86391463945064,6.06906044671389,4.54799855413892,10.5560270761064,13.4566063183597,12.9832325504283,12.3169385722879,-27.211748208178,-46.1242731566172
-5.18931686046676,3.50326537689506,8.85397918643539,6.06409272930709,4.52912100709361,10.5381430831501,13.4367353706022,12.970813158698,12.3939380648904,-26.616613814261,-46.38507839678
-5.15851677924612,3.50078149618785,8.84205664281743,6.07551847934173,4.51173379270957,10.5386398607321,13.4178579702429,12.9474647022491,12.47888589219,-25.9807440128731,-46.6478707246954
-5.13765220806815,3.5196589895808,8.83013409920194,6.0904216315737,4.53309522752172,10.5416205262253,13.384077359097,12.9216323674523,12.5871819527684,-25.3562999990556,-46.919108174829
-5.14609739162597,3.49332985406657,8.80430192134394,6.06757013151044,4.51968223356259,10.5232397556894,13.3691741482747,12.9097097513861,12.6691491544755,-24.774081716111,-47.1471264710888
-5.12672314697469,3.4868717642266,8.77101815374332,6.05664115321658,4.51968223356259,10.528207531508,13.3433419161855,12.8699676978281,12.7506195852641,-24.1565925324613,-47.3984930461469
-5.15652967719395,3.45458131500352,8.76803751783724,6.02037681616012,4.49633368853094,10.4984008765714,13.3309225738379,12.8784128842076,12.7938386552347,-23.5624516949294,-47.6170726767966
-5.17689747286161,3.46004585256297,8.76257301867861,5.99901563131061,4.48937880277592,10.5033686523939,13.312541947169,12.8674838194811,12.8643801257273,-22.9663237659914,-47.810813713184
-5.20769755408047,3.4555748672898,8.74717306650245,5.97318350079914,4.47199158839806,10.4969105438259,13.2991290574254,12.8491031197027,12.9061088829036,-22.3816216246307,-48.0040579777222
-5.22756857423429,3.44464579217334,8.73624406818341,5.94089333765131,4.47050125573657,10.4934331007512,13.2732968253284,12.8282385415917,12.9309474288277,-21.8063581771,-48.1873668046688
-5.23203955377015,3.43967803075499,8.72630861516874,5.92002892453595,4.46752059041271,10.503865429973,13.2544194249462,12.8073739634646,12.9761535823966,-21.2176818532259,-48.3532886155916
-5.25091702293044,3.42477474649992,8.70892157237789,5.8862484461367,4.46404314753409,10.4939298783248,13.2395162141136,12.8004191040921,13.0019856701711,-20.6518571009701,-48.5365974426763
-5.35673020534216,3.37559390844311,8.71388929888641,5.82017780454099,4.46155925976376,10.4502134510671,13.2474645932146,12.8029029824391,12.998508273739,-20.1208064790542,-48.6722161684265
-5.37262702147622,3.36963259474172,8.70743125442449,5.81471331539057,4.44168815761364,10.4392843442568,13.2280904191464,12.7745867692568,13.0248371324149,-19.5544849574567,-48.8137961569537
-5.40144000069427,3.36168417646747,8.71637316214906,5.80130047838465,4.45460437401888,10.4323294581043,13.2027549607202,12.7462705560701,13.0491789074027,-18.9747505592585,-48.9558729174529
-5.43571751047181,3.33833569780046,8.71736670745153,5.76851354346691,4.43026227386391,10.3910969187784,13.1938130342191,12.7373285940083,13.0690497441301,-18.4138935472137,-49.0770852586288
-5.43621428597575,3.34678089221693,8.69699902874585,5.76255228257457,4.43175260652628,10.3970582497687,13.1699678968876,12.6916252323814,13.1092881885016,-17.872907466878,-49.2022717749689
-5.42975620442085,3.32144530897608,8.67464425944202,5.75559747819999,4.44069460249659,10.3816581447154,13.1555614597556,12.6613219165165,13.1038237084019,-17.3324181613553,-49.3155357659607
-5.43869816349127,3.2976000541715,8.66818621497685,5.75112653253113,4.41585572478891,10.375696813728,13.1307227750188,12.6419476653798,13.1192236068617,-16.8301803980233,-49.4302900726484
-5.45956273466924,3.2976000541715,8.65924430725597,5.7377136955158,4.39896528795129,10.3652644845009,13.1113486009217,12.615121779204,13.1251848578788,-16.304097520047,-49.5216961005302
-5.46552404071825,3.28915485975788,8.64632821832812,5.71287510844507,4.38157807355364,10.3558257104433,13.1073744113651,12.5972378550772,13.1142558976847,-15.7944081611696,-49.5942247965658
-5.45211110210294,3.29461939731917,8.64533467302524,5.74268141291799,4.3761135204575,10.350361157035,13.0939615216052,12.5460699610456,13.1366105890011,-15.2549124083146,-49.6856308245166
-5.39746579657795,3.30902590544748,8.61850894986183,5.77795220657919,4.37959096333588,10.3682451500138,13.0408067363,12.5103021128186,13.1718813242129,-14.7039908719214,-49.7775336243116
-5.39001416401389,3.30008393489255,8.60360577032484,5.75460393473768,4.37362963268716,10.3766903689131,13.0035487091871,12.5107988884888,13.1738684078851,-14.1957918370958,-49.8396301106856
-5.41833036775951,3.2976000541813,8.59466386260026,5.74069432598122,4.36866185714763,10.354335377695,13.0085164461363,12.5137795425104,13.1539975711626,-13.7109411461782,-49.8753976868447
-5.42876265335301,3.27723223234645,8.56585104880488,5.74913944558643,4.38555229399286,10.3647677069288,12.9896390457306,12.4953988427037,13.1331331925983,-13.2255936836233,-49.921100700838
-5.46154983663456,3.25984506736805,8.56535427615322,5.72529440199913,4.38853295931729,10.3453933812048,12.9792067981381,12.5028504777589,13.1197203778168,-12.7243494782613,-49.9514037862089
-5.47496277525039,3.24543855923852,8.55094786925275,5.70840416279358,4.36717152449298,10.3528450449415,12.9454261868868,12.4914246373385,13.1231977742441,-12.2414858841422,-49.9722682056415
-5.4774466527705,3.25239342522569,8.52610923667126,5.69499132578094,4.3776038531338,10.3439030484576,12.9349939392871,12.4730439375243,13.112268814048,-11.7298094429685,-49.9876681342728
-5.48688538735655,3.22805139426623,8.48934806043543,5.68952683662394,4.36866185715543,10.3453933812046,12.9364842603722,12.4596309944224,13.0943850609911,-11.2613522752874,-49.9961132564259
-5.49433701991975,3.20867712471764,8.47394810823923,5.68604943443155,4.38157807356649,10.3255222779131,12.9091617071463,12.4422438459499,13.0755077660963,-10.7958757483233,-50.0065454661418
-5.5166919176158,3.18681897446486,8.45755461073327,5.64382383641503,4.38157807356649,10.3200577245035,12.9076713860612,12.4367793135696,13.0546433875351,-10.3502701521772,-49.9737585213064
-5.51718869312005,3.17191569019404,8.44761915769891,5.6234561950127,4.35624241829654,10.3006833987759,12.893761722591,12.4134308570523,13.0452047400902,-9.8977097319476,-49.9419651202693
-5.52364677467545,3.1510510922193,8.4138386173661,5.63736580377265,4.34680364476594,10.2798187403133,12.8977359121534,12.396043708587,13.0377531763182,-9.45309768458219,-49.9061975441047
-5.49234991790579,3.15601885364154,8.3865161215115,5.6309077711324,4.33190031814027,10.2827994058103,12.8599811113055,12.3856114195093,13.0268242161125,-9.01643400968039,-49.8674493366005
-5.48986604038315,3.17191569019708,8.38899998477167,5.60606918404798,4.31898410173044,10.269883188663,12.8455746741404,12.3930630545682,13.0317919252964,-8.59517030633547,-49.8078367096644
-5.47396922424144,3.16893503334235,8.36515489747439,5.59464343398557,4.29861622200507,10.2733606317428,12.8351424265419,12.3677274953687,12.9990050446815,-8.19179044031771,-49.7288499789978
-5.47496277525029,3.17290924248241,8.33733562894197,5.58818540134435,4.28470645047986,10.2440507543649,12.8266972737191,12.351333898232,12.9875793135611,-7.78443638922404,-49.6687405801895
-5.4759563262584,3.15850273436385,8.3388259468979,5.57924350999754,4.26632568096637,10.2306377596326,12.8043424574137,12.3428887118249,12.9562827456941,-7.39198553615112,-49.587766761977
-5.4759563262584,3.14260589780528,8.34727108198623,5.56086295554932,4.26533212585742,10.2072892132522,12.7884456991659,12.314075722908,12.9254829487253,-6.99108953885195,-49.4869220681621
-5.50029832597985,3.13416070338167,8.33882594690489,5.54645657503151,4.24695135634698,10.1819535565315,12.7829811885157,12.3195402552868,12.8852445042849,-6.6264579880052,-49.3696839020068
-5.48042730580462,3.12819938967284,8.33981949220874,5.54745011851528,4.24893846656393,10.1908955530192,12.7596328248338,12.3066240878363,12.863883354783,-6.23698777672928,-49.28125850548
-5.47049179572141,3.1157799861066,8.30703249715365,5.52410184663808,4.25191913189139,10.1948697736825,12.7561554089645,12.3051337608236,12.8216578266854,-5.88974329053553,-49.1575623048408
-5.50228542801768,3.11627676224907,8.30405186123866,5.48833428123562,4.25688690743435,10.1839406668615,12.7243618924408,12.3081144148473,12.7655227128476,-5.54150525864015,-49.0323757885479
-5.5420274683666,3.08348953684287,8.3115034510216,5.46250215065357,4.24099002568861,10.1824503341131,12.732807045269,12.2847659583199,12.7386970832263,-5.20071882552272,-48.9007312377275
-5.55792428451565,3.06461204343196,8.29759381675992,5.45902474845927,4.23254480726249,10.1759922255368,12.72585221353,12.2480045586682,12.6910070750094,-4.84999692884783,-48.7546803021565
-5.56289203955889,3.04523777386699,8.29908413471699,5.44511513967875,4.23502869503494,10.1486694584673,12.709955455273,12.2430368019585,12.6656717581339,-4.51318468289778,-48.6001842445673
-5.58524693726828,3.02934093730271,8.30703249715953,5.40984434598571,4.23502869503494,10.1526436791308,12.6995232076629,12.2281335318221,12.6035753932351,-4.18084339660805,-48.4158818736477
-5.61356314101552,3.00946989160744,8.27971000127987,5.37904449798251,4.25191913188577,10.1466823481363,12.7114457763626,12.1968366645169,12.559859552323,-3.86588917367937,-48.2439988000163
-5.62896318166333,3.00847633932218,8.26977454823434,5.38798638933783,4.25042879922227,10.1208499138163,12.6965425654925,12.2062754022703,12.5320403808266,-3.54547044599379,-48.0691350951624
-5.61555024303847,2.99953436875269,8.24592946092296,5.3845089871423,4.2295641419206,10.1268112448118,12.6831296757078,12.1948495618402,12.5086921475957,-3.22058075957292,-47.8858262683462
-5.68907301776322,2.96028905346512,8.23798109849053,5.32539314977098,4.20969303974267,10.0994884777555,12.6930651496187,12.2087592806327,12.4292088004119,-2.97219414949748,-47.6463822181801
-5.74620220079393,2.93594702245625,8.24493591562878,5.29956101915137,4.20671237441521,10.0850819278476,12.6841232230947,12.2112431589871,12.3715833736878,-2.685556001971,-47.4417122003956
-5.76955064953644,2.90415334931694,8.24642623358634,5.29409652998698,4.20075104376353,10.082598039933,12.6955490181018,12.1754753106718,12.3323384709997,-2.39693076221372,-47.2315776918934
-5.75911836393893,2.91557920060005,8.21910373769941,5.30750936702416,4.19826715598966,10.0781270416872,12.6841232230981,12.1645462459046,12.2901129428193,-2.08644750132024,-47.014985148961
-5.77004742504708,2.88974684117108,8.19972960424429,5.30204487786045,4.20224137642591,10.0602430486975,12.6761748439646,12.1561010594883,12.2394423089644,-1.80825450015648,-46.8053474125553
-5.77998293513641,2.8827919751695,8.18780706058401,5.30055456263339,4.19975748865346,10.0811077071898,12.6687232385268,12.1551075081462,12.1947329261646,-1.53403568494279,-46.5882580980394
-5.78644101670051,2.88179842288388,8.1848264246685,5.2901223560361,4.19081549266809,10.068688267614,12.637923269357,12.1486494244169,12.1713846929128,-1.2657781487637,-46.3632204334919
-5.78296358816847,2.8733532284583,8.18681351527943,5.29111589952082,4.17591216603571,10.0622301590349,12.6016587895375,12.1556042838224,12.1301527065105,-1.00298511824865,-46.1083764559046
-5.79041522074329,2.84801764516978,8.16048456468035,5.26329668195768,4.16647339249772,10.0567656056175,12.5917233156173,12.1387139109973,12.0879271782725,-0.755592057850077,-45.8565131097954
-5.79836362881644,2.84901119745545,8.15551683815288,5.24342581225726,4.17491861093185,10.0478236091236,12.5802975206076,12.1228170895181,12.0476887337042,-0.500747399528219,-45.6061400795683
-5.78197003713669,2.86739191475019,8.12074275246677,5.26478699721011,4.16498305983582,10.0398751677922,12.5599297990843,12.0999654086395,12.0322888351508,-0.227522132266961,-45.3532831901622
-5.75266028234862,2.87633388532781,8.11726534389801,5.29359975828366,4.1535571760766,10.0349073919599,12.5494975514674,12.0850621385081,12.018379249365,0.0173870613496316,-45.0731038473307
-5.70248595635355,2.89223072190285,8.09491057452076,5.28465786692049,4.11878274724131,10.0344106143769,12.5236653192669,12.0681717656695,11.98956653595,0.262296254405895,-44.8083244329412
-5.70248595635355,2.87881776604819,8.09242671125611,5.2657805407174,4.13269251877114,10.0135459558851,12.5023040503274,12.0304168146079,11.9349217346431,0.477895827731017,-44.5296354060089
-5.7193763235298,2.87732743761873,8.0859686667661,5.23845809487625,4.12822152078031,10.0219911747985,12.4918718027093,12.0179974228125,11.891702664489,0.696972813229115,-44.224120697573
-5.73328603766129,2.87633388533262,8.07007194187256,5.21759368168559,4.12573763300757,9.98423607846575,12.4874008394451,11.9936554149153,11.8325869248559,0.898662736340486,-43.913638270637
-5.73726024170154,2.8723596761897,8.04374299126256,5.20865179031211,4.13219574121961,9.98423607846575,12.5167104875273,11.9871973311838,11.7858904582706,1.09190751464404,-43.6036526158313
-5.74669897628958,2.85099830204087,8.01343985942035,5.17586485528998,4.11431174924675,9.97479730438542,12.5147233927405,11.996139293273,11.7411810753287,1.28167488031556,-43.2882024706505
-5.73427958866608,2.84702409289509,8.00549149696723,5.17040036612121,4.09742131237869,9.9941716301325,12.5102524294746,11.9871973311831,11.6959749214691,1.48634544186328,-42.9757329569361
-5.7462022007804,2.82168850959747,7.99307218064212,5.16245201823546,4.10040197770757,9.99715229563084,12.5122395242594,11.9653392016279,11.6453042874532,1.67064830175816,-42.6518376902723
-5.73974411921245,2.82665627102601,7.98909799941627,5.1530133551196,4.11977630234047,9.99913940596394,12.5023040503372,11.9559004638658,11.6000981335667,1.86786726491617,-42.3150263550936
-5.77153775152646,2.80777877758038,7.95730454961131,5.11923287661534,4.10884719613016,9.98274574570988,12.4864072920521,11.9280810262565,11.5514145832401,2.02236373226027,-41.993118176673
-5.80035073079884,2.77946253742361,7.93842718878067,5.0953878329605,4.1172924145669,9.97131986129924,12.493362123802,11.920629391176,11.5052148875054,2.18033761167708,-41.639416598027
-5.82817015906825,2.75015274497382,7.9250143271452,5.06409121316313,4.10884719613918,9.96585530788168,12.4978330870705,11.9454681747774,11.4610022754296,2.34029858382755,-41.2618699696312
-5.8286669345736,2.71835907178946,7.91309178346481,5.04173648471961,4.10189231037377,9.9608875320506,12.4973363133743,11.9419907450733,11.4222541434879,2.48585313286382,-40.9166135136373
-5.82667983255435,2.70494611592289,7.89719505855621,5.02931719114331,4.08947287150564,9.98920385430582,12.4794524603065,11.932055231637,11.3954285136808,2.63190445513796,-40.5783118643065
-5.84257664872146,2.67961053262098,7.90067246712971,5.01739466930572,4.08947287150564,9.98224896814057,12.453620228101,11.9325520073088,11.3363127739112,2.78540737529781,-40.2211328839636
-5.84406697523568,2.67464277118823,7.89570474059298,5.01540758233294,4.09295031439045,9.972313416473,12.4595815124606,11.9211261668608,11.2965711001011,2.91804582084112,-39.8579926415248
-5.85897024038459,2.65874593459841,7.88030478832934,5.00050443004679,4.10536975326535,9.95442942347625,12.4660395705109,11.9082099993903,11.2488810915232,3.02534883279658,-39.4923685398979
-5.8798348115979,2.6493071878727,7.86589838138072,4.98262064729221,4.10884719614851,9.94300353906393,12.4635557020299,11.8947970562419,11.195229831837,3.14308408196768,-39.1063767918723
-5.89672517877902,2.59913279739613,7.84503392992954,4.96871103848169,4.09493742461901,9.92064854780701,12.471007307472,11.8843647671311,11.1331334664417,3.26628383623564,-38.739262375558
-5.85847346490601,2.59217793138602,7.84702102054411,4.95529820141255,4.10984075126801,9.93555187531116,12.4729944022584,11.8962873832543,11.0983595018501,3.39941905465992,-38.3771156782774
-5.87784770960724,2.57230688564159,7.83509847685067,4.94585953829125,4.10785364104791,9.92164210297773,12.4794524603095,11.9186422884872,11.0278180307374,3.48337372588279,-37.9876465282836
-5.86493154647843,2.57379721407213,7.81175016212631,4.94536276654804,4.10934397371187,9.92909376672864,12.4705105337714,11.9151648587849,10.9845989604116,3.58272836628175,-37.6195385694085
-5.87337673007086,2.56882945263318,7.79535666455194,4.92847252726287,4.09841486750442,9.91717110472981,12.4705105337714,11.9221197181926,10.9364121808409,3.6845668726137,-37.2072179140672
-5.8917574237547,2.5574036013334,7.77995671228238,4.91903386413967,4.09295031440011,9.90475166514834,12.4705105337714,11.9136745317678,10.8827609211187,3.78342473976478,-36.7899295404114
-5.89374452577628,2.55541649675954,7.74617617182362,4.90661457055122,4.08450509596859,9.89879033414793,12.4645492494111,11.8943002805609,10.830599974118,3.87383746237675,-36.3974797608032
-5.92454460708937,2.54001643631136,7.73027944689621,4.87978889639916,4.08301476330374,9.89233222556178,12.4595815124449,11.8813841130898,10.7724777760285,3.96623727781788,-35.9881397381397
-5.94143497426855,2.54051321245495,7.71786013054427,4.85842771143613,4.07258243464932,9.88587411697631,12.4387170171968,11.8883389724981,10.7218071417898,4.06062418597409,-35.5787997157123
-5.93944787224751,2.52809380886271,7.70395049623731,4.82961495029756,4.05817588555819,9.84315124477718,12.4223234852132,11.9156616344572,10.6929944281952,4.14308853727339,-35.1739306408124
-5.93895109674202,2.51418407683043,7.68606668068709,4.82365368937577,4.0378080058019,9.8570610171173,12.3959944793038,11.9305649046138,10.6592140053392,4.22058515647835,-34.797874334598
-5.96776407601772,2.49977756866008,7.66073127533364,4.80477636311494,4.0323434526985,9.83718991377635,12.3820848157944,11.922119718194,10.58718222135,4.29212049733035,-34.3761150168227
-5.99458995332037,2.49580335950918,7.65973773002547,4.79086675429639,4.03035634247821,9.83122858277382,12.3651945101173,11.9022486913215,10.5563824240255,4.38203644656591,-33.9662782244817
-6.01396419801601,2.47195810460931,7.64185391446996,4.7660281671198,4.00353035451065,9.80539614842734,12.3637041890272,11.9007583643061,10.5221052302524,4.45357178732687,-33.5435253640487
-6.00949321846673,2.48338395591731,7.63191846138679,4.7888796673257,3.98216891963416,9.7810540468278,12.3497945255266,11.9017519156498,10.485344181842,4.52262326203701,-33.1530626754869
-6.0243964836254,2.45556449185981,7.61403464583021,4.76453785188196,3.97422047875262,9.76764105207252,12.3423429200764,11.9077132237148,10.4391444858547,4.59366182956717,-32.7417355690149
-6.03433199373558,2.44910640199362,7.60211210212265,4.76255076490709,3.97670436652695,9.74528606080764,12.3418461463796,11.9116874290921,10.4048672920372,4.66768103621592,-32.305569869574
-6.04029329980042,2.42476437094202,7.60608628335592,4.76851202583291,3.97024625831139,9.73336339879783,12.3458203359526,11.9280810262655,10.3695965563621,4.73176477891555,-31.8992104827119
-6.05420301395628,2.41135141506127,7.59913146619482,4.75758304747082,3.97869147674632,9.74329895046705,12.3463171096493,11.9176487371522,10.3358161334649,4.78442273799608,-31.4685092747784
-6.07159015664558,2.40340299675879,7.57826701471277,4.75708627572669,3.96676881542203,9.74826672630811,12.3517816203122,11.9191390641671,10.294584146697,4.84651938783134,-31.0412854705752
-6.1177902786966,2.41085463891996,7.56833156162107,4.71684776445772,3.97273014608446,9.72889240054643,12.3612203205483,11.9231132695402,10.2379522611925,4.87483546015322,-30.5435200619937
-6.14660325800447,2.40091911603871,7.5698218795841,4.71337036224981,3.97273014608446,9.72690529021142,12.3607235468513,11.9206293911808,10.2160943404824,4.93991274916332,-30.1113285400208
-6.14710003351033,2.39992556375088,7.54746711013474,4.69648012295702,3.96428492764612,9.71597618336955,12.3552590361877,11.9285778019322,10.1952299616227,4.99803521335676,-29.6562855129638
-6.1575323191217,2.39744168303075,7.5335574758006,4.69002209028601,3.97223336852898,9.72293106954252,12.3463171096444,11.9265906992448,10.1589656840886,5.05069317235357,-29.2151520986161
-6.16399040069313,2.36316412909007,7.52213170474769,4.66071255740844,3.9881302502996,9.72144073679072,12.3358848620118,11.9320552316345,10.1122692170914,5.09788662614583,-28.7660703347596
-6.17839689035469,2.35918991993631,7.51468011492683,4.63488042670073,3.99856257895601,9.71398907303451,12.3209816511022,11.941990745072,10.0720307721122,5.16445423463605,-28.3209627465127
-6.1749194618157,2.32739624672303,7.48487375562086,4.62246113310324,3.98018180941897,9.71498262820229,12.3060784401922,11.9608682206033,10.0437148293491,5.21413155437066,-27.8708874402585
-6.19081627799535,2.3229252614251,7.46301575882626,4.59116451322267,3.98216891963936,9.7179632937053,12.314523593032,11.9583843422446,10.0054634680536,5.27126047209648,-27.4088896098372
-6.17790011485038,2.29212514048475,7.44662226122084,4.57477104566823,3.97471725631459,9.69511152485986,12.287201039695,11.967823080014,9.97267658695172,5.33981517331935,-26.9473885518433
-6.22062280836527,2.25486692965601,7.44314485263797,4.54595828448701,3.95931715209401,9.7100148523768,12.2921687766598,11.9767650421006,9.90809636654173,5.36216996720969,-26.4704875670058
-6.18882917597719,2.24493140677392,7.42724812767903,4.5534098606541,3.96080748475935,9.7100148523768,12.2554075230807,11.9514294828326,9.90014803172125,5.44463431793856,-26.053199205754
-6.17740333935126,2.23251200316644,7.40439658556475,4.52310678424507,3.94888482343789,9.72392462471838,12.2504397861103,11.9598746692535,9.87530948543072,5.49133099846311,-25.5882207464384
-6.13567419689172,2.2186022711324,7.39197726919113,4.52708095819761,3.9583235969864,9.74230539531318,12.2171559483961,11.9598746692535,9.83805166598426,5.55740183360951,-25.1510615118001
-6.16250007419747,2.20270543451735,7.40439658556144,4.50075205574783,3.93944604988468,9.74131184014574,12.2161624010021,11.9732876123899,9.79532936633904,5.59515659657281,-24.709431330913
-6.17193880880477,2.20767319596113,7.39247404184576,4.49578433830666,3.93298794166682,9.72988595571213,12.2176527220929,11.9623585476089,9.76154894333687,5.63837586467838,-24.2519044510529
-6.1644871762202,2.20220865837361,7.37657731688352,4.49330047958299,3.91808461501322,9.7388279522193,12.2241107801552,11.9698101826837,9.73522008423256,5.67016934924705,-23.8023259215353
-6.15604199262744,2.20717641981602,7.38154504343819,4.47889409900015,3.90318128834973,9.7462796159763,12.2390139910652,11.9598746692485,9.70988476698944,5.71338861730913,-23.3611925141416
-6.14759680903078,2.20419576295026,7.36564831847878,4.47342960980958,3.88380696369293,9.73485373154604,12.2007624164062,11.9673263043236,9.67709788582069,5.76753689568862,-22.9319816317356
-6.15951942116438,2.20866674825055,7.36117736458361,4.45107488130438,3.87436819014442,9.73882795221639,12.2007624164062,11.9881908825344,9.64629808837294,5.78740782353246,-22.5072416965113
-6.13319031933869,2.23002812246626,7.33931936776053,4.45703614224187,3.88976829436501,9.71846007127423,12.1798979211448,11.9772618177613,9.62692402220922,5.84403996793541,-22.0904501117049
-6.1252419112478,2.2111506289787,7.33633873182905,4.46299740317352,3.87486496770682,9.71349229543535,12.1789043737498,11.9857070041876,9.57476307487132,5.86589798854975,-21.6562715122862
-6.13517742135702,2.20518931524478,7.33931936775877,4.45405551176527,3.86194875126758,9.6831888628236,12.1640011628303,11.9871973312027,9.53204077517935,5.90166565866014,-21.2374928408173
-6.14064195191336,2.20419576295632,7.34428709430932,4.43617172897256,3.85648419816107,9.65487254055001,12.1635043891326,11.9936554149358,9.50173774864499,5.93345914315894,-20.8326237815501
-6.13617097236046,2.18879570247523,7.31646782562705,4.4177911744114,3.84803897971531,9.63748532511303,12.1605237469503,11.9976296203077,9.465970241895,5.96376230811398,-20.384535571933
-6.1441193804535,2.15948590994174,7.3045452819029,4.38599778275837,3.82866465504978,9.64940798713058,12.1356850620886,12.0110425634472,9.45504128149971,5.99058806068115,-19.9647633581655
-6.15802909461311,2.13762775957894,7.29013887489286,4.37606234786057,3.81127744060718,9.63599499236856,12.1292270040263,12.0085586850892,9.41281575267506,6.02138799880567,-19.5469782323336
-6.17442268629569,2.10633086247419,7.27175828663323,4.35718502156374,3.81773554882933,9.63748532511968,12.1028979980768,12.0120361147921,9.36909991108194,6.04324601939685,-19.1351543691549
-6.18187431888083,2.09291790657358,7.2593389702482,4.33333997780543,3.83164532037962,9.63003366135785,12.1004141295897,12.018990974193,9.34326782285048,6.05914276164373,-18.7124015257369
-6.18584852292659,2.09391145886242,7.23251324685219,4.33930123874261,3.80730322015594,9.62059488726468,12.0785560868902,12.0075651337471,9.32091313112479,6.09391688531981,-18.319951765368
-6.18286786989141,2.07503396537047,7.22804229295305,4.32986257559077,3.79637411393604,9.61165289074796,12.0497432124419,12.0199845255343,9.31693896370427,6.13018132857577,-17.9284955493523
-6.18733884944224,2.065595218621,7.21363588594344,4.28316603157812,3.79239989349207,9.61413677866753,12.0512335335344,12.0542620468738,9.31991958927011,6.15899417389213,-17.546477998702
-6.20124856360158,2.06460166633186,7.18382952662247,4.26875965096745,3.77401912393018,9.60966578041006,12.0571948179037,12.0537652712022,9.27123603834692,6.18830379240399,-17.1659507639685
-6.24198415505801,2.03628542609304,7.16246830244466,4.2324953135882,3.75613513193526,9.60817544765789,12.0606722337873,12.0597265792616,9.24540395011739,6.17886510169903,-16.7735010052243
-6.22807444089841,2.02535635090678,7.16693925634313,4.21957924821068,3.73576725214031,9.58830434428575,12.0452722491711,12.0701588683591,9.22006863279739,6.20271021507186,-16.4148317326956
-6.22360346134577,2.03181444079019,7.14160385090118,4.21560507425047,3.7437156930309,9.5629686874913,12.0462657965663,12.0726427467172,9.1862882097196,6.22804564801675,-16.0556656884773
-6.23254542045234,2.02883378392095,7.14359094152399,4.2011986936398,3.75116735636521,9.55452346856318,12.0358335489222,12.0840685871611,9.16144966331044,6.24195529747577,-15.6994802757597
-6.24695191012139,2.0139304995707,7.15302962198415,4.19722451968028,3.719870370347,9.53514914279136,12.0244077538755,12.0930105492514,9.1381014296931,6.24990366859353,-15.3581980186641
-6.24397125708707,2.00200787209705,7.14905544073901,4.18579876953591,3.686089496566,9.52869103419589,12.0179496958073,12.1153654544516,9.11028225771415,6.26828427679969,-15.0288382861769
-6.24546158360439,1.96623998967233,7.13961676027465,4.16046341054047,3.67516039033391,9.51478126184121,12.0308658119511,12.1198364354965,9.07103735440184,6.29610357569416,-14.681097995645
-6.26582937935162,1.9409044062777,7.11179749154213,4.12370230137986,3.65528928810131,9.52769747903094,12.0457690228784,12.1297719489205,9.02036671972086,6.30107130764157,-14.3452802298616
-6.2857003995869,1.92798822650911,7.08844917670717,4.10581851853734,3.64386340432068,9.51080704117275,12.0412980596003,12.1262945192221,8.96770900132559,6.30554226639359,-14.0049915176987
-6.28371329756368,1.90414297155728,7.09341690326435,4.1023411163194,3.63790207364849,9.52670392386215,12.0263948486734,12.1377203596675,8.95429618625447,6.31845836945208,-13.6786124173803
-6.28421007306964,1.89619455323849,7.08149435952537,4.08793473569825,3.62150841430639,9.52272970318922,12.0179496958121,12.1357332569812,8.92896086891997,6.35025185391301,-13.3716074191219
-6.30259076678214,1.89271712022361,7.05466863611664,4.0924056814068,3.62498585719962,9.53713625313568,12.0204335642994,12.1317590516114,8.90263200971021,6.37310342086688,-13.0655959649588
-6.32693276657809,1.87433640285849,7.06808149782597,4.05862520271274,3.59766309162557,9.53862658588904,12.0085109955543,12.1605720405424,8.87530960864961,6.37409696725618,-12.7531264770246
-6.32693276657809,1.86589120839361,7.0506944548684,4.04670268082012,3.57183065872196,9.54309758414548,11.9970852005086,12.1690172269531,8.85394845871302,6.37459374045095,-12.4550633727644
-6.33140374613219,1.86291055152243,7.03827513847235,4.01441251736944,3.58971465073809,9.5182587049277,12.0045368059746,12.1849140484368,8.81669063905432,6.38005824559246,-12.1460712882489
-6.32544244006459,1.84850404331703,7.0164171416072,4.00596739769328,3.57530810160902,9.52123937043352,11.9881432739448,12.1804430673988,8.79880688561881,6.3775743796197,-11.8460210970817
-6.34779733783465,1.84651693873628,7.00101718925922,3.98162558215732,3.57679843427737,9.5048457101479,11.9787045736868,12.1918689078421,8.77943281939822,6.34975508072523,-11.5439838187926
-6.34481668479747,1.85843956621951,7.01691391425488,3.96821274501415,3.55295311157335,9.48646493952963,11.9498916992161,12.201804421261,8.76204583688001,6.36316795697668,-11.2737399384622
-6.33488117467792,1.85694923778422,7.01989455019306,3.97914172341983,3.52712067865502,9.48596816194539,11.9180981825395,12.2003140942472,8.74664593807779,6.37161310128315,-11.0049863738214
-6.32842309310351,1.85247825247805,6.98512046426197,3.96870951676235,3.51718512753094,9.45864539481641,11.9076659348833,12.2117399346858,8.73422666485575,6.35621313225085,-10.7357360375011
-6.33239729715155,1.82912977365104,6.96922373926348,3.95827731009911,3.49632047016789,9.45218728622148,11.8957433661312,12.2231657751291,8.70143978355161,6.33981961683241,-10.4346923037936
-6.33388762366936,1.83012332594105,6.96823019395123,3.93443226630848,3.48787525171192,9.45864539481533,11.8594788861815,12.2241593264716,8.66815613129335,6.32243255502222,-10.1743838609895
-6.34382313379675,1.81671037001688,6.94090769786534,3.92499360313366,3.48092036592374,9.45814861723089,11.8381176171599,12.2415464749437,8.6438143557715,6.31696804988042,-9.89917226328559
-6.33637150120773,1.80528451867721,6.91706261035137,3.92400005964228,3.47048803724209,9.4352968483558,11.826691822107,12.2445271289701,8.63487247904707,6.31001322515239,-9.63290255882075
-6.31202950142257,1.81720714615969,6.90166265800749,3.91158076599338,3.44415882676858,9.43480007077118,11.8048337793978,12.2420432506142,8.6229499767416,6.3229293282078,-9.38451664064121
-6.34531346031762,1.81372971314326,6.89570138613024,3.87978737423903,3.43919105120454,9.40698052603562,11.7869499262573,12.2445271289687,8.59711788841758,6.30752935916939,-9.14407907197078
-6.3314037461473,1.8052845186732,6.88228852439628,3.85445201518002,3.4267716122984,9.41443218980321,11.7730402627102,12.2599271747729,8.55737621406008,6.30007776124423,-8.88724803297261
-6.31600370546066,1.77796183068183,6.86539825408789,3.8539552434338,3.42230061428837,9.42734840699591,11.7755241312009,12.2440303533003,8.54048600245646,6.29411648291143,-8.64929432378027
-6.33438439918484,1.74517460508143,6.85198539236188,3.8301101996318,3.43273294297076,9.42089029839977,11.781485415582,12.2470110073277,8.5151506850463,6.27871651387914,-8.39246328506409
-6.33786182772471,1.72878099228487,6.82863707748198,3.80229098185163,3.41882317138913,9.42585807424374,11.7660854309356,12.2470110073277,8.49875724438138,6.27821974068434,-8.1460644549962
-6.36071350101288,1.7233164546837,6.81274035246843,3.78490397073401,3.43670716341587,9.42238063115343,11.7566467306679,12.2624110531319,8.4644800502331,6.26281977164185,-7.92549776054569
-6.35624252145973,1.71586481250755,6.78094690244509,3.7575815246886,3.43173938785194,9.40201275019763,11.773040262709,12.2827788556424,8.45355108977799,6.24642625620606,-7.7029439788166
-6.36717158260428,1.72132935010721,6.75561149694387,3.74367191579118,3.43521683074632,9.39456108642972,11.7705563942165,12.2559529694218,8.42821577236657,6.2489101221798,-7.49479658044893
-6.3741264396873,1.70344540886873,6.74965022506008,3.69697537164026,3.42875872251222,9.39257397609171,11.7675757520276,12.269365912535,8.42275129214411,6.2260585551981,-7.27224279906083
-6.40989427611424,1.66022588421594,6.74120508989776,3.68654316496916,3.41882317138153,9.39009008816845,11.7640983361396,12.271849790891,8.39691920379116,6.17985864807431,-7.06409540089105
-6.39846843947379,1.63836773381521,6.71586968439578,3.68207221924961,3.40888762024991,9.407477303632,11.7775112259966,12.2698626882074,8.3869837851961,6.16743931819542,-6.83955453236474
-6.43821047998031,1.63439352465178,6.69748909607627,3.67313032780927,3.40590695491134,9.40698052604757,11.7740338101082,12.2758239962573,8.36065492589067,6.15402644192267,-6.62196846975049
-6.46801701034987,1.64234194297982,6.67165691792466,3.66071103414977,3.39845529155917,9.38909653300964,11.7655886572385,12.2802949772978,8.33830023404037,6.12272973064443,-6.40984689727225
-6.4779525204765,1.64134839068818,6.66072791947332,3.65027882747736,3.36666152793947,9.37667709339673,11.756646730666,12.2877466123644,8.32488741892785,6.08795560697663,-6.21610588276649
-6.50428162229356,1.63041931548412,6.66917305464639,3.63736276206613,3.37063574839231,9.36525120895404,11.7477048040911,12.2947014717585,8.29855855964995,6.06212340082888,-6.04124219789078
-6.53359137719281,1.60558050819005,6.65029569367323,3.60705968551033,3.34629364812993,9.33643810904332,11.7596273728494,12.3101015175504,8.28862314104524,6.02287831837314,-5.84948827088262
-6.52663652011167,1.57825782019058,6.63936669521379,3.59861456581594,3.35126142369386,9.33097355561318,11.7313112720417,12.2907272663823,8.26428136546461,6.00698157611869,-5.66717300870542
-6.50030741827128,1.57179973029994,6.64632151241402,3.59116298961687,3.32791287853481,9.34438655039373,11.7099500029918,12.2897337150401,8.2617975108147,6.01194930806519,-5.49131578043214
-6.51670100997438,1.56832229727976,6.62297319751544,3.59315007660426,3.32493221319532,9.32898644526855,11.7084596818972,12.2793014259529,8.22155906549417,6.00400093693459,-5.31843918329682
-6.5470043158749,1.56881907342565,6.58422493024556,3.57079534800482,3.31300955183227,9.33743166420657,11.7089564555955,12.2837724069928,8.20814625037464,6.0094654420842,-5.13562714957579
-6.54104300980363,1.56931584957135,6.57627656772725,3.56036314132193,3.32940321119693,9.32749611251468,11.6746790703854,12.272346566558,8.19224958061226,6.0094654420842,-4.97864725113509
-6.55197207095366,1.54199316155453,6.572799159124,3.5484406193952,3.32443543563171,9.32799289009911,11.6617629542223,12.2733401178995,8.19473343526519,6.00648480291117,-4.83060924578186
-6.54650754038333,1.51616080197854,6.5633604786356,3.51764077108601,3.34331298278538,9.33097355560637,11.6458661958686,12.2912240420512,8.18827541317044,5.98512355550082,-4.66518422638685
-6.56041725456704,1.51963823499909,6.54597343563014,3.4843570640468,3.35622919926171,9.32252833666587,11.6463629695672,12.289236939367,8.16443040850371,5.97469131838791,-4.49777211978187
-6.54849464242013,1.5007607414528,6.53305734654018,3.47740225959111,3.36268730749597,9.31905089357353,11.6254984742084,12.3031466581477,8.14157894570605,5.96028489571314,-4.30750850903372
-6.51570745897573,1.50721883135179,6.52113480275671,3.47044745512913,3.36864863817509,9.33345744353326,11.60314365778,12.2927143690642,8.1231984212743,5.96823326685005,-4.15400601376295
-6.5251461935863,1.4883413378063,6.4957993972097,3.44610563951924,3.33387420920283,9.32153478149949,11.5991694681894,12.3135789472444,8.12766935964847,5.95333007097427,-3.98858099462027
-6.5350817037116,1.45803799291107,6.46201885649587,3.42474445439969,3.3328806540891,9.28228935230541,11.5991694681894,12.3294757687137,8.08743091427686,5.90862048340849,-3.81719471361659
-6.50775905087888,1.44313470853305,6.44512858612345,3.41182838897809,3.32840965607908,9.28676035056859,11.549492098297,12.3379209551182,8.07898580845855,5.89868501949051,-3.6860469508004
-6.5281268466681,1.41779912507943,6.45506403927811,3.36910601869556,3.33039676630672,9.26490213684047,11.5221695448686,12.3577919819498,8.06557299333,5.85596252464208,-3.53006059664008
-6.53706880577552,1.41233458747618,6.4446318134671,3.35867381200718,3.30506111091957,9.25099236446483,11.5052792390889,12.3667339440297,8.06159882588743,5.82267872052612,-3.36463557778646
-6.51968166303901,1.40836037830745,6.43419958765301,3.34973192055741,3.29065456177375,9.23161803866422,11.4938534440138,12.3637532900051,8.05762465844257,5.80380133908597,-3.23944907706773
-6.51819133652003,1.40090873611678,6.40439322818109,3.36711893170559,3.27525445751808,9.21025660252061,11.4834211963365,12.3717017007339,8.04818601076187,5.80876907104403,-3.09538524695307
-6.51769456101334,1.37457960037699,6.38750295781567,3.35817704025268,3.27128023706467,9.21224371285982,11.4660341168778,12.3940566059186,8.04768923983101,5.80231101949504,-2.96672134356749
-6.51123647943607,1.37259249579229,6.36465141555522,3.33780939861838,3.24644135922971,9.18591450085839,11.4700083064718,12.3965404842712,8.0417279886621,5.78691105041668,-2.8499799640784
-6.53855913230351,1.34576658389255,6.35471596239585,3.33532553988136,3.21464759558813,9.18094672501119,11.4501373585121,12.4010114653077,8.02434100607593,5.78889814320038,-2.72429669171535
-6.55743660153502,1.34526980774641,6.3507417811301,3.30750632200481,3.22507992428587,9.15511429058414,11.4451696215226,12.4064759976845,8.00794756536572,5.7774723596876,-2.59662633209079
-6.59469476453895,1.33980527013819,6.33583860138177,3.29011931084397,3.21415081803174,9.16306273194515,11.452621227008,12.4198889407891,8.02781840259641,5.76207239061249,-2.48137526820019
-6.60959802971684,1.32639231418988,6.3373289193565,3.26080977774059,3.18384738704971,9.14517873888738,11.4595760588012,12.4223728191427,8.01589590025859,5.75014983390398,-2.3412856129667
-6.59022378494136,1.32142455272518,6.3090128778502,3.28117741939842,3.17589894613799,9.13275929926016,11.4600728325003,12.4357857622425,8.00794756536334,5.74567887513514,-2.23249258289778
-6.59171411145957,1.30801159678454,6.30752255987667,3.26428717998652,3.15950528675349,9.13126896650515,11.4675244379933,12.4427406216351,7.99354120837737,5.74071114317247,-2.13065435843742
-6.6061206011547,1.27969535643783,6.30404515127053,3.2573323755228,3.15106006828409,9.10593330966509,11.4769631382732,12.47006328351,7.96820589089783,5.73077567924897,-1.99453887796682
-6.60115284609205,1.2722437142448,6.30305160595389,3.22255835321116,3.13715029668859,9.10990753034442,11.4635502483936,12.4720503861917,7.96274141065959,5.70345315346333,-1.89965545912164
-6.61158513173456,1.26826950507396,6.27026461049009,3.21262291825874,3.10635008814911,9.09152675970038,11.4471567163171,12.4680761808274,7.96025755600511,5.69103382355517,-1.79334628831419
-6.64139166210469,1.25585010141576,6.25834206668966,3.18579724387913,3.0984016472357,9.08755253901838,11.4362276949314,12.4844697779468,7.94038671876254,5.67215644208702,-1.67412105005827
-6.63195292747448,1.25684365370889,6.25983238466394,3.18132629815172,3.10038875746471,9.07513309939584,11.4218212576469,12.4790052455688,7.94336734434982,5.65427260702614,-1.5752634566743
-6.63394002949966,1.24442425005199,6.25188402212962,3.17685535241791,3.06909177135588,9.08755253902774,11.3969825726787,12.473540713192,7.92399327803855,5.63440167916125,-1.46647042682776
-6.61953353979842,1.22902418951288,6.25387111276349,3.16046188473797,3.06213688555483,9.07712020974087,11.3592277715208,12.4596309944166,7.90064504429046,5.62496298843155,-1.37158700811185
-6.63443680498492,1.21312735282348,6.23598729705808,3.15499739551051,3.06809821624329,9.0552619959853,11.3428342394325,12.45516001338,7.89369025125677,5.61751139048488,-1.2856454822851
-6.64387553961731,1.19524341154184,6.2186002540042,3.12966203637198,3.04176900570167,9.0537716632296,11.3209761966605,12.4432373972918,7.88872254194563,5.60211142138408,-1.1987104128197
-6.6493400701848,1.17437881339671,6.19227130311666,3.10283636198226,3.03282700966834,9.04532644428273,11.3055762119715,12.4482051539993,7.85196149303773,5.56932439039745,-1.10531730965253
-6.65182394771926,1.17189493266291,6.17687135070938,3.07899131808807,3.01991079317914,9.04532644428273,11.278253658516,12.446714826989,7.84699378372424,5.53455026662376,-1.02732413310666
-6.65877880480723,1.17040460422402,6.15501335372833,3.08048163333125,3.02040757073628,9.03390055982784,11.2578859368277,12.4417470702844,7.85742597326867,5.53653735940951,-0.930950399025184
-6.65927558031412,1.15003678221292,6.15401980841024,3.0690558831298,3.02686567898219,9.04234577877418,11.2499375576337,12.4447277243077,7.86785816281543,5.52362125629631,-0.846995960607375
-6.66672721291204,1.13314639322721,6.13911662864779,3.04372052396009,3.01444624004893,9.03539089257907,11.2484472365352,12.4248566974944,7.87232910119673,5.50623419440094,-0.771486643239037
-6.67964337609109,1.12321087029402,6.11775540433711,3.00348201236793,2.99606547042336,9.03042311672824,11.2404988573388,12.4432373973054,7.8738194139902,5.48139553456588,-0.68802897666311
-6.68461113115469,1.11228179507051,6.10235545191613,2.99652720789111,2.99755580309627,9.01949400985251,11.2206279093395,12.4606245457717,7.8812709779583,5.48089876136898,-0.62444218310724
-6.69206276375777,1.09837206296198,6.07602650099817,2.98708854467529,2.96278137405633,9.00707457021931,11.2241053252389,12.4755278158877,7.87381941399039,5.44860850357357,-0.545952234819924
-6.69603696780896,1.08793976387871,6.07652327365691,2.97814665320891,2.93943282885018,8.99912612884865,11.208208566836,12.4834762266188,7.87381941399039,5.42575693651865,-0.472430004787295
-6.68163047810828,1.08793976387871,6.07453618302103,2.96821121824376,2.9458909370993,8.99763579609285,11.2096988879349,12.4919214130154,7.87680003957722,5.4217827509422,-0.401391633886217
-6.69603696779175,1.07601713635887,6.04323950549715,2.97814665320716,2.92452950211534,8.977267915091,11.2007569613353,12.4884439833202,7.91455463034656,5.42675048291355,-0.34078547131553
-6.7129273350324,1.05962352350921,6.03380082498247,2.94337263080994,2.92154883677055,8.97528080474945,11.1833698818419,12.4874504319799,7.91157400475787,5.42128597774325,-0.272727731403174
-6.71590798807068,1.04670734370153,6.03131696168737,2.92449530438802,2.90416162226358,8.9663388082157,11.1784021448413,12.4953988427066,7.88673545821456,5.39147958593486,-0.200695816914344
-6.71739831459141,1.02782985011447,6.01542023658998,2.90164380396532,2.88528407507764,8.94448059446608,11.1699569919438,12.5043408047737,7.86686462097793,5.37111188485366,-0.140586426208477
-6.72335962067129,1.02186853635191,6.00200737479244,2.90462443445755,2.86590975032705,8.93355148758394,11.1436279858488,12.5107988884903,7.84550347092488,5.35869255491852,-0.0958769620479651
-6.74174031443724,1.00547492350294,5.98462033172877,2.89766962997654,2.8649161952117,8.91864816002519,11.1436279858488,12.5028504777633,7.83209065577964,5.33286034865516,-0.0307998531189539
-6.73031447779239,0.997029729008562,5.96723328865583,2.89667608647965,2.84554187045558,8.89977061177344,11.1411441173473,12.4993730480713,7.82066492436075,5.3100087815839,0.0263289066256474
-6.74571451851225,0.966726384029273,5.96474942535955,2.86736655330707,2.86740008300172,8.89430605833277,11.1416408910472,12.518747299205,7.81371013132152,5.31100232797843,0.0809738072362788
-6.73081125332345,0.956790861088505,5.94289142836101,2.84997954211087,2.87485174636821,8.89331250316125,11.1237570378271,12.5396118773584,7.80029731617828,5.31199587437271,0.142076741547057
-6.73230157984384,0.937416591351341,5.93891724708855,2.84153442238657,2.87087752590745,8.87691884284131,11.0939506158249,12.5321602423027,7.80725210921249,5.30603459600645,0.182315259271271
-6.74024998794851,0.923010083090127,5.94338820102411,2.80576685649498,2.86392264009401,8.85158318596093,11.0835183681197,12.5435860827273,7.78440064638695,5.28765398770586,0.23447630075063
-6.72335962070786,0.908603574818844,5.92997533923094,2.79285079101758,2.83262565394804,8.83518952563687,11.0745764415165,12.5450764097377,7.78340710452396,5.29013785369256,0.257824576458912
-6.72087574317594,0.885751872064759,5.92351729466195,2.76006385561037,2.81722554965838,8.81134420153039,11.0591764568058,12.5510377177806,7.78489741731743,5.26082823503478,0.284153483100078
-6.73279835534489,0.873332468380777,5.91904634072559,2.75658645336982,2.8122577740803,8.8043893153331,11.0452667932013,12.554018371802,7.77098783124001,5.24592503910768,0.322404913499785
-6.70448215147772,0.863396945439799,5.91159475083344,2.75956708386161,2.79238667175336,8.78402143431205,11.0169506922636,12.5609732311866,7.7938392940866,5.26331210101457,0.358172484790337
-6.71193378408928,0.849983989463939,5.91010443285571,2.74218007264837,2.76407035094589,8.76961488432969,11.0169506922636,12.5738893986162,7.77148460215782,5.26529919380532,0.389965881478514
-6.70696602902787,0.820177420635955,5.90513670626013,2.73621881166599,2.77102523675784,8.77507943777253,11.0005571601454,12.5704119689236,7.79036189754202,5.27076369897707,0.404869036180379
-6.70001117192744,0.830609719731605,5.87533034667603,2.74118652915592,2.75761224269814,8.76464710847322,10.9618088115147,12.5629603338745,7.80427148361805,5.24691858549372,0.431197942810198
-6.71988219218109,0.822661301375961,5.86688521146442,2.72727692018795,2.74519280375251,8.75520833434171,10.974724927731,12.5490506151081,7.81371013131238,5.21711219364269,0.434675345572899
-6.73875966144677,0.814712883017623,5.83310467061045,2.69200612600631,2.72283781364665,8.73682756366648,10.9662797748213,12.5525280448011,7.78390387543443,5.2046928637069,0.473920319608588
-6.73130802884857,0.80279025548441,5.81820149082061,2.70293510448005,2.72581847899555,8.7467631153875,10.9538604323072,12.5634571095486,7.79731669057433,5.20071867812603,0.490810561596094
-6.74819839608922,0.79831927015704,5.79584672114148,2.70889636547066,2.74121858329545,8.743285672287,10.9399507686935,12.5490506151096,7.80377471268291,5.18482193580548,0.531049079272475
-6.75068227362114,0.78142888115058,5.77051131550063,2.69647707174162,2.72035392585266,8.74080178435787,10.9399507686935,12.5510377177902,7.7988070033709,5.19277030697144,0.547939321259099
-6.74124353898693,0.790867627951006,5.74070495589445,2.66418690805015,2.70396026643664,8.72540167919948,10.9235572365744,12.5465667367578,7.80178762895974,5.1873058017952,0.564829563241533
-6.75018549809952,0.784409538037114,5.72033727683898,2.65425147307577,2.7029667113198,8.72937589988788,10.9255443313785,12.5336505693272,7.79781346151004,5.1495510387769,0.578242402466818
-6.74720484505464,0.793848284835741,5.6979825071572,2.65474824482493,2.72184425852904,8.70950479644959,10.8877895301475,12.5435860827287,7.82911003020332,5.14905426557923,0.572281140589809
-6.77601782442409,0.780932104998517,5.68456964534178,2.61053555914952,2.69998604596941,8.68019491887779,10.8843121142417,12.5495473907729,7.82116169530689,5.12570592528881,0.606061624559088
-6.78048880398844,0.772983686640347,5.67711805543747,2.58470342818823,2.67961816608454,8.66827225681581,10.8793443772317,12.5341473449956,7.81917461158234,5.11875110051712,0.601590678151534
-6.7645919877843,0.775467567376775,5.65824069436083,2.5797357106973,2.65974706375619,8.64939470854153,10.8589766555018,12.5341473449956,7.82066492437577,5.11974464691292,0.597616503565565
-6.77403072242233,0.771493358196595,5.66767937490041,2.56383901470754,2.64633406968121,8.63647849130176,10.8525185973917,12.5515344934511,7.8261294046234,5.10285435818705,0.600100362680385
-6.78098557951392,0.778448224258373,5.66022778500052,2.52906499227014,2.63540496339984,8.62604616199458,10.8405960285701,12.5331537936449,7.8107295057583,5.1018608117917,0.613513201900416
-6.74720484504368,0.786893418764912,5.64731169583899,2.53204562276477,2.61752097130857,8.60418794820834,10.8237057227389,12.5356376719972,7.83159388486403,5.11278982213852,0.590661698040039
-6.76707586530766,0.781428881142571,5.62296983548131,2.53254239451408,2.62099841421715,8.59027817580036,10.7968799428887,12.548057063746,7.82314877903079,5.09738985300141,0.587184295278701
-6.78843721211633,0.760067506799334,5.62595047144432,2.52757467701841,2.60758542013994,8.57140062752805,10.7978734902903,12.5540183717889,7.80327794176348,5.07950601786805,0.587184295278701
-6.79688239572551,0.75609329762067,5.61154406429257,2.4798845890719,2.60758542013994,8.55749085511571,10.7889315636701,12.5689216419004,7.79383929406727,5.07404151268805,0.586190751632545
-6.80681790587645,0.730260937952242,5.60458924705216,2.44709765360044,2.58622398513874,8.55600052235716,10.7874412425672,12.5669345392205,7.77297491494386,5.06410604873192,0.596126188093708
-6.80383725283674,0.737712580166893,5.58819574926317,2.43765899035356,2.58622398513874,8.52619386716226,10.7765122211447,12.559482904165,7.77545876959934,5.03976416201521,0.576255315174236
-6.79092108965296,0.738706132461812,5.59415702118688,2.43020741410845,2.5852304300219,8.51526476026685,10.7576348204942,12.5609732311763,7.77446522773699,5.04721575998477,0.565823106887903
-6.81476631396284,0.713370548937901,5.57577643274972,2.4018914243863,2.58224976467102,8.50433565336434,10.7472025727699,12.5808442579824,7.76602012190606,5.02585451246352,0.582713348875409
-6.84059864035827,0.673628457099064,5.54149911918584,2.37556252162515,2.59317887095498,8.49340654646366,10.7313058143353,12.5748829499422,7.76204595445339,4.98511911017969,0.577745630645606
-6.83761798731878,0.642828335952676,5.5226217580913,2.35767873863352,2.57678521152222,8.47154833266231,10.7094477714751,12.5907797713973,7.75658147420808,4.96127399667549,0.556384442255918
-6.87686325236924,0.611034662500466,5.5027508516695,2.32439503141793,2.55939799697439,8.47005799990342,10.7104413188773,12.6031991631541,7.72776876019918,4.92103536763982,0.560358616841317
-6.88232778294452,0.596628154217281,5.50622826029419,2.29856290043717,2.54201078242573,8.45664500507372,10.7039832607593,12.5873023417142,7.74614928465519,4.89719025411225,0.551416724024985
-6.89375361961689,0.58569907896438,5.49629280708212,2.27720171519154,2.53704300683939,8.44819978610493,10.6667252331622,12.5853152390334,7.78638773010095,4.89271929532624,0.525087817402043
-6.91014721133672,0.560363495434566,5.48089285459587,2.2781952586916,2.50922346354865,8.43180612575133,10.659273627642,12.5763732769679,7.78241356264858,4.87930641896858,0.525087817402043
-6.89623749712648,0.538505344923669,5.44810585899505,2.27273076944107,2.49581046946699,8.4188899085067,10.6379123584875,12.5684248662463,7.78390387544383,4.84999680026731,0.503229857184059
-6.88332133395838,0.529563374265803,5.42277045328961,2.28664037843491,2.47395225688452,8.4288254602425,10.6264865633568,12.5833281363543,7.77446522775138,4.85297743945881,0.492797648897181
-6.89325684409917,0.488827730139626,5.38451895840895,2.26577596493367,2.47345547932608,8.42435446196565,10.6259897896552,12.5848184633654,7.77049106030148,4.84304197549873,0.489320246134435
-6.8823277829544,0.466969579626413,5.36862223325785,2.25087281243204,2.45457793209398,8.4183931309258,10.6249962422526,12.5540183718073,7.75211053583357,4.82714523314154,0.474417091439965
-6.86394708917039,0.489324506294048,5.35719646205431,2.2414341491695,2.43222294196158,8.39951558263095,10.613570447119,12.5445796340733,7.74217511719843,4.84055810951306,0.453552674867708
-6.85649545657319,0.47938898333497,5.3442803728721,2.23348580116803,2.42278416834295,8.38659936537522,10.6140672208207,12.5445796340733,7.74416220092417,4.8375774703229,0.450075272105461
-6.87437937484384,0.456040504366048,5.328880420379,2.20815044190666,2.43023583172236,8.37070248260794,10.5932027253614,12.5500441664438,7.7401880334714,4.84353874870401,0.44709464116645
-6.8728890483232,0.439150115333111,5.30553210531366,2.18678925664707,2.41632606007303,8.35728948777065,10.5797898354165,12.5560054744853,7.724788134604,4.84602261469788,0.428714083704058
-6.83662443629359,0.448588862142736,5.30453855999213,2.20417626789526,2.41334539472066,8.35083137914543,10.5604156610354,12.5281860369332,7.71336240318938,4.85595807866533,0.393443284237217
-6.83314700774609,0.440143667626715,5.28218379022884,2.19473760464269,2.41235183960245,8.32897316532301,10.5484930921966,12.5480570637398,7.72925907299413,4.84701616108823,0.364133746663963
-6.82023084455758,0.446104981404434,5.28417088087314,2.18827957189011,2.40837761913216,8.31754728083151,10.5410414866717,12.5336505692986,7.74912991025352,4.84751293428693,0.339791927315516
-6.83861153829875,0.41878229326205,5.28963538014618,2.17735059339578,2.40092595574655,8.31953439117817,10.5127253856642,12.5276892612567,7.75558793235936,4.84502906829405,0.307501758790379
-6.88729553804397,0.402885456510684,5.28317733554732,2.16344098438272,2.39248073725129,8.28376640493304,10.514215706769,12.5366312233211,7.72727198925592,4.7988291608105,0.287134114030762
-6.90865688483125,0.403382232658938,5.26231288376361,2.14456365786452,2.37658385535841,8.27681151871798,10.5022931379331,12.5550119231278,7.73074938577817,4.79634529481597,0.257327804624306
-6.91710206846011,0.373575663764022,5.25635161182824,2.15897003863185,2.38254518606271,8.27383085319637,10.492357663898,12.556999025809,7.72876230205055,4.78591305763894,0.208644165911193
-6.88878586461039,0.378543425244088,5.23648070537463,2.18132476737784,2.39595818015107,8.27532118595701,10.4476480306931,12.5361344476466,7.76005887070487,4.79783561439673,0.124192955873264
-6.87835357895101,0.385001515173988,5.23101620609948,2.17784736512374,2.37012574709109,8.24899197385025,10.4471512569914,12.5252053829041,7.76552335095222,4.76306149048023,0.0784899481125182
-6.87636647692361,0.381524082136284,5.21859688956211,2.16741515836067,2.36217730614446,8.21968209621645,10.450628672904,12.5202376262029,7.76055564163762,4.74716474811377,0.0402385176893251
-6.91412141547608,0.337807781091332,5.20667434569914,2.13214436409839,2.35075142228979,8.20676587896072,10.4511254466064,12.5425925313819,7.73770417878875,4.72480995417959,0.0198708729118801
-6.86444386484866,0.350227184790311,5.18879052986703,2.18033122381431,2.35075142228979,8.22564342726308,10.4088996819053,12.5093085614693,7.77794262417539,4.75809375847277,-0.0447094641936671
-6.92703757882249,0.313465749803555,5.18233248527219,2.12270570069792,2.3452868691419,8.17745600130358,10.4133706452206,12.5475602880656,7.72131073793394,4.70891321173676,-0.0675609680859818
-6.92505047679578,0.302039898389116,5.16246157881623,2.0968735696873,2.34379653646446,8.12877179776247,10.4297641773883,12.5530248204373,7.7014399006785,4.6736423146023,-0.102334995759108
-6.90468268097282,0.316943182843838,5.14706162630121,2.08197041716245,2.2985897785789,8.12231368912913,10.4044287185907,12.5406054286802,7.72677521819401,4.68010036619287,-0.155489580914864
-6.91461819111247,0.32340127277018,5.14706162630121,2.06855757988856,2.30902210732246,8.08952636837352,10.391512602343,12.550044166412,7.71833011235319,4.65625525262864,-0.179831400280802
-6.93647631345885,0.326381929661377,5.13613262774752,2.02434489405204,2.29113811520444,8.06717137694947,10.3999577552731,12.5723990715616,7.70789792277993,4.62247467506319,-0.18330880304841
-6.96727639484073,0.310485092921464,5.12073267522976,1.98509992579232,2.25338302071154,8.03686794413148,10.4128738715438,12.5987281820963,7.67262718667393,4.58372636557267,-0.191257152238112
-6.96429574179596,0.303033450694498,5.10185531408372,1.97715157778066,2.2354990285744,8.02792594756027,10.3999577552946,12.5778636039343,7.6651756226999,4.58422313877193,-0.234476300931973
-6.97870223149803,0.296078584617544,5.09142308818521,1.97069354501981,2.2270538100653,8.02494528203616,10.3766093912969,12.5788571552747,7.65971114245241,4.5777650871817,-0.266269697676648
-6.9101472115358,0.3313496911488,5.04572000329855,1.99503536078501,2.20370526477765,8.01749361823158,10.3433255532099,12.5540183717409,7.70591083905461,4.5881973243543,-0.327869403899256
-6.95088280304322,0.304523779150765,5.05466191121699,1.91108093501843,2.18582127264178,7.99017085094698,10.3557448957793,12.5674313148469,7.65971114249268,4.52709422090507,-0.340288699509059
-6.92703757865432,0.312472197531165,5.02386200619198,1.92896471807253,2.17538894390094,7.994641849236,10.3378610425112,12.5654442121684,7.6820658344493,4.54646837569527,-0.380030445441461
-6.93647631328253,0.321414168203808,5.00945559899667,1.92350022881596,2.1604856171207,7.98917729577106,10.3065642992691,12.5684248661887,7.6865367728335,4.53206195290294,-0.409339983076378
-6.94839892546963,0.282665628601823,5.00101046374049,1.89915841300119,2.17240827855056,7.9633448612201,10.3145126785035,12.5942572010346,7.65076926574343,4.49728782892745,-0.422256050508631
-6.95088280300514,0.264284911114483,4.98213310258045,1.8688553361637,2.13862740450492,7.93949953700573,10.3060675255673,12.6041927144315,7.65126603667535,4.47692012773398,-0.464978427392665
-6.9081601093454,0.254846164291059,4.95282351551488,1.87531336893251,2.12571118796573,7.93800920424337,10.2688094979043,12.5838249119629,7.67858843792708,4.50026846811659,-0.523100730841223
-6.94889570090696,0.245407417471636,4.94537192558185,1.84501029212169,2.12422085528698,7.91267354726746,10.2762611034408,12.5902829956735,7.66517562277182,4.44860405533794,-0.550919953018276
-7.00254745576544,0.219575057733147,4.94388160759573,1.81719107405571,2.1321692962387,7.88386044718172,10.2693062716104,12.6290314979563,7.64480801456192,4.39842996214604,-0.572777913295958
-7.01148941489491,0.224542819216896,4.93245583636611,1.79831374751189,2.12670474308394,7.85156990397983,10.2668224030983,12.6210830872322,7.64381447269858,4.3894880445559,-0.626429270362933
-7.06712827166191,0.190762041131696,4.91854620181063,1.75410106171204,2.12620796552434,7.81232447457039,10.2847062564065,12.6498960761284,7.60208571448191,4.34279136383337,-0.642822740584168
-7.09047672048175,0.176355532823786,4.89917206798131,1.7302560176423,2.12074341236867,7.78450492966644,10.2852030301091,12.6603283652044,7.57526008417104,4.30801723983023,-0.670641962764859
-7.08699929192688,0.168407114443387,4.88724952408546,1.71336577809163,2.10981430606316,7.76860804685719,10.2712933664438,12.6543670571678,7.58171810628718,4.27672052823611,-0.705415990489815
-7.10339288365777,0.148039292350736,4.86241089096099,1.67908852726594,2.08497542807249,7.75817571751154,10.2628482134961,12.646418646446,7.56880206206343,4.24741090941753,-0.752112542022676
-7.10438643467361,0.155987710735852,4.85644961901289,1.67610789675594,2.07255598908291,7.75718216233594,10.2524159657501,12.648405749125,7.58022779350195,4.24741090941753,-0.805763899095967
-7.09196704699846,0.154994158438828,4.84651416576222,1.69945616907746,2.06709143592334,7.76016282786405,10.2186353539654,12.6295282736665,7.59264706679572,4.25386896101785,-0.890215109356965
-7.11829614889666,0.135619888631472,4.83409484919355,1.68554656003433,2.04722033353978,7.74078850194494,10.2211192224787,12.6220766386117,7.56929883300111,4.22803675463538,-0.938898748211391
-7.11084451628913,0.125187589510846,4.81869489665478,1.68753364703974,2.02983311894652,7.72836906224097,10.2082031062134,12.6116443495397,7.57128591672839,4.23350125983986,-0.975659863262328
-7.10239933264659,0.130155351001228,4.78441758293743,1.68008207076542,2.00400068584236,7.73830461399863,10.2032353691901,12.6012120604712,7.56582143647341,4.23101739383677,-1.03576925409083
-7.09693480206711,0.103826215125361,4.76802408507261,1.66766277697675,1.99207802440883,7.71942706564484,10.1788934577526,12.5942572010849,7.55141507944941,4.19276585743077,-1.06259493265274
-7.1173025978779,0.0814712884245653,4.76951440306125,1.65673379844919,1.9910844692896,7.70899473629723,10.1783966840498,12.5912765470632,7.5409828898816,4.18829489863209,-1.11823337709275
-7.13717361816676,0.0660712278097669,4.76305635844649,1.64828867866758,1.97518758737407,7.68763330000953,10.1560418674192,12.5877991173718,7.54346674454153,4.18630780582996,-1.17238150603862
-7.14909623035684,0.0327872258125665,4.73076613535261,1.64530804815714,1.94786482158531,7.68763330000953,10.1470999407716,12.5748829499528,7.52359590725442,4.17438524901845,-1.2329876687211
-7.14313492427168,0.0233484789831416,4.70493395686409,1.63636615662762,1.95978748302451,7.65186531364674,10.1441192985538,12.5644506608755,7.53551840961511,4.18581103263115,-1.30849698621494
-7.11084451627647,0.0243420312810916,4.67165018844818,1.64928222216767,1.93395504990256,7.63249098771423,10.0974225704739,12.539611877373,7.56482789457964,4.18432071303075,-1.37605795448917
-7.07706378183031,0.0203678220925764,4.64134705599724,1.65375316792821,1.92898727430171,7.62056832559955,10.074074206409,12.519244074884,7.5916535248678,4.18531425943061,-1.43219317082547
-7.10537998578858,0.00844519451085785,4.62445678544906,1.64431450464337,1.92799371918204,7.60665855313504,10.05370648459,12.527192485609,7.57327300037196,4.16693365102139,-1.4788897224384
-7.1063735368028,-0.015400060639438,4.61452133219073,1.61748883005345,1.91408394749702,7.60218755484002,10.0328419890649,12.52967636396,7.57128591664468,4.15302400140686,-1.54048942881979
-7.13021876121238,-0.0407356442513953,4.60905683289597,1.60059859048791,1.91855494553656,7.57238089955455,10.0005516983799,12.5356376719998,7.56482789452324,4.1475594961989,-1.59116015504669
-7.16052206716778,-0.0630905709616682,4.60856006023315,1.56483102433294,1.91557428017711,7.55598723912985,9.98415816616867,12.5594829041708,7.55737633054122,4.1331530733764,-1.62990835744739
-7.17443178138927,-0.0715357654986294,4.58074079109002,1.52757314294352,1.89619995534278,7.53661291318638,9.97223559729819,12.5733926229351,7.53402809672684,4.09589508334586,-1.67263073448349
-7.13916072038708,-0.0665680040088792,4.5603731119041,1.55290850227749,1.89073540218153,7.52717413900662,9.96031302841716,12.5738893986053,7.54893122467992,4.08645639253287,-1.74764328021508
-7.13319941429135,-0.0586195856171912,4.55540538526874,1.52657959941573,1.88874829194095,7.50481914753807,9.95733238620029,12.566437763552,7.56135049798668,4.08446929973021,-1.80278495290374
-7.12177357763197,-0.0387485396649293,4.57328920114965,1.51962479488997,1.88527084902189,7.49538037334999,9.92355177436413,12.5669345392224,7.54048611885081,4.05913386649266,-1.83706220892095
-7.12525100618336,-0.0447098534532616,4.56186342988715,1.50720550110162,1.88527084902189,7.48693515434882,9.92901628510316,12.5594829041655,7.51912496879616,4.04522421688328,-1.88127490145967
-7.14810267948033,-0.0581228094694751,4.56931501983919,1.48534754404044,1.88477407146174,7.4615994973352,9.9235517743602,12.5555086987993,7.48534454546445,4.02187587647282,-1.90362963365213
-7.12028325102983,-0.0576260333201159,4.56335374787694,1.47441856549446,1.86341263637733,7.45663172145304,9.92653241657906,12.5445796340514,7.50273152809608,4.01939201047019,-1.94784232618969
-7.12376067957988,-0.0625937948128145,4.5563989305926,1.47193470673429,1.86390941393767,7.42632828854233,9.8957324469501,12.5396118773491,7.494783193185,4.00101140203514,-2.00695817353689
-7.06961214918161,-0.0466969580334833,4.52659257077163,1.46597344570771,1.84254797885123,7.40695396258667,9.87139053547218,12.5227215045649,7.51465403047508,4.00448881444039,-2.06259661809933
-7.00503133325402,-0.0119226276044943,4.49231525700141,1.50174101186269,1.83161887252963,7.42185729024596,9.84257766064045,12.4944052913586,7.53849903520773,4.00796622684683,-2.14406719763504
-7.00006357817405,-0.0402388681329853,4.49181848433772,1.48236691351242,1.81274132523789,7.4009926315199,9.82966154435516,12.4715536105263,7.53452486774724,3.97865660797074,-2.18529925923879
-7.02341202700109,-0.0690518847881942,4.48585721237617,1.44113485810917,1.78988955745716,7.37466341931437,9.82071961768919,12.4755278158877,7.49229933851792,3.95431472111529,-2.21311848153459
-7.00701843524494,-0.0720325416847616,4.47741207709269,1.46050895644482,1.78243789405332,7.35926331406821,9.77899062660093,12.4770181428986,7.48584131639937,3.94388248389788,-2.26627306699508
-7.01645716987623,-0.0919035876370235,4.43220576469017,1.44063808635773,1.74269568922294,7.36721175549,9.76855837881515,12.4849665536245,7.49080902571941,3.92053414343293,-2.3060148131408
-7.05123145541591,-0.0958777968300867,4.41928967542752,1.41878012927127,1.73425047069538,7.34088254329055,9.74819065696121,12.4998698237356,7.46597047911548,3.89122452457938,-2.34525978745995
-7.08054121032644,-0.109290752853976,4.41134131281189,1.40437374846772,1.70394703950393,7.31852755178545,9.74719710955321,12.5252053829312,7.44560287090254,3.85148266849464,-2.39642728563899
-7.08054121032644,-0.110284305152705,4.39395426957655,1.4003995744495,1.69103082293068,7.27928212227978,9.70795198696528,12.5336505693278,7.43616422319011,3.80975371960124,-2.46249793862834
-7.08054121032644,-0.104819767510794,4.3656382277462,1.3889738241487,1.68904371268925,7.26537234978319,9.70944230807758,12.5376247746897,7.42473849174988,3.78590860592889,-2.49776873835
-7.07159925118905,-0.0973681252741945,4.36365113708958,1.38698673713944,1.6681790551419,7.26934657049334,9.684603622862,12.5356376720083,7.41033213471655,3.75858607987027,-2.5578781294423
-7.09196704696414,-0.127671470359423,4.35073504782463,1.3641352365479,1.64930150784567,7.22016558918212,9.69602941805943,12.5460699610891,7.39940317421762,3.7436828838381,-2.59712310379336
-7.08054121028384,-0.104322991324683,4.34527054852307,1.37456744335425,1.65377250588999,7.21470103570321,9.65430042692035,12.5694184175913,7.42225463710462,3.75361834786903,-2.66716793143994
-7.08103798579103,-0.0869358260974741,4.31248355269665,1.36959972582998,1.64035951174619,7.20575903909845,9.63045528912263,12.5569990258342,7.44510609999276,3.74815384265224,-2.73969661823577
-7.09643802653136,-0.104322991335004,4.30205132675235,1.36264492130142,1.61204319078738,7.19184926660945,9.62697787319423,12.5555086988233,7.42970620108624,3.71487003815788,-2.80874790226311
-7.07259280220632,-0.104322991335004,4.29857391810095,1.36363846480625,1.60856574786113,7.16750716474681,9.61108111465186,12.5371279990147,7.41679015685156,3.71139262574571,-2.86587666242063
-7.05570243493834,-0.132142455705321,4.29112232813719,1.35370302975896,1.58621075762465,7.15955872332236,9.5907133927748,12.5232182802447,7.41281598939206,3.70493457412775,-2.94138598021237
-7.0552056594311,-0.150523173232007,4.26181274095947,1.32985798564725,1.59813341908226,7.16005550091159,9.57779727646592,12.5222247289043,7.40039671608127,3.69003137807423,-2.98609544469726
-7.08898639398205,-0.17536198071393,4.24343215237675,1.28614207139407,1.5976366415216,7.12279718170049,9.5782940501701,12.5296763639571,7.37903556597874,3.66867013039044,-3.01987592897694
-7.07805733282633,-0.183310399102584,4.23747088040637,1.26875506005409,1.57577842885346,7.11186807473316,9.55693278088204,12.5291795882869,7.37655171131696,3.67860559442427,-3.0779982328153
-7.09693480212002,-0.217587953410561,4.22505156379716,1.24689710293904,1.57180420836589,7.07957753144396,9.56041019681429,12.5247086072528,7.35320347748221,3.64681210950589,-3.11972706635697
-7.06961214925469,-0.207652430427481,4.22256770047583,1.26825828827542,1.55143632836926,7.094977636714,9.52861667972515,12.5018569264017,7.35717764493706,3.64681210950589,-3.19225575323941
-7.09147027160402,-0.223052491064804,4.21412256518809,1.25335513569323,1.52659745033316,7.0790807538591,9.54898440160277,12.4795020212406,7.33134555645417,3.61452185138608,-3.23497813044918
-7.09147027160402,-0.232491237900831,4.20865806587744,1.23944552661862,1.52709422789419,7.06815164689314,9.53259086934846,12.485463329285,7.31942305408102,3.60061220173613,-3.27173924572753
-7.09544447566754,-0.223052491056,4.18530975064521,1.21311662373832,1.51566834398767,7.03387399322468,9.5072554104212,12.4770181428878,7.31942305408102,3.59961865533241,-3.31644871027285
-7.13220586317784,-0.245407417772433,4.17636784268114,1.19721992765505,1.50523601520544,7.00506089302842,9.49483606780018,12.4874504319705,7.30451992610752,3.5876960984858,-3.36413880577472
-7.15952851611688,-0.243420313173458,4.15600016342995,1.17238134001495,1.50970701325465,6.97227357212437,9.49831348373204,12.5083150101217,7.29160388185867,3.53801877827314,-3.39096448450016
-7.15555431205934,-0.247891298519967,4.13364539351415,1.16741362248805,1.47990035959787,6.93898947362284,9.47347479849652,12.4963923940332,7.30203607144025,3.52063171619572,-3.44908678840947
-7.12723810809451,-0.24540741777059,4.12768412153704,1.18281354683828,1.46201636740592,6.93153780977359,9.45807481366051,12.4775149185606,7.30451992610451,3.51715430377977,-3.51615098523055
-7.12823165910848,-0.240439656277365,4.12072930423557,1.19572961240659,1.45158403862443,6.90719570787369,9.44366837621932,12.467579405154,7.30601023890162,3.4868511384601,-3.56980234269903
-7.16548982222871,-0.269252672980831,4.11079385094158,1.17734905754112,1.45357114886831,6.87937616285078,9.43969418658241,12.4775149185616,7.3075005517004,3.44611573582953,-3.62842141846627
-7.24795455641953,-0.301046346541516,4.08893585369802,1.1157493602293,1.46450025521043,6.8267177383376,9.45161675549744,12.5157666451884,7.25434606192628,3.37060620908425,-3.64133748600786
-7.2529223115015,-0.313962526438688,4.06906494712182,1.11872999074663,1.46748092057632,6.81876929690615,9.4327393547336,12.5137795425061,7.24590095606884,3.35520623980751,-3.67611151400491
-7.24050292382468,-0.337311005470457,4.05813594849518,1.1236977082744,1.45456470398558,6.80287241403758,9.42181033322241,12.4904310859883,7.24540418513647,3.34378045615875,-3.73025964333132
-7.23007063815926,-0.350227185364343,4.04969081319039,1.12667833879092,1.46400347764793,6.80684663475531,9.41485550135376,12.4680761808013,7.24639772700177,3.32241920846589,-3.7675175304928
-7.22907708714478,-0.363640141404439,4.05018758585519,1.1122719579544,1.44462915275284,6.80485952439565,9.39846196908085,12.4551600133647,7.24441064327113,3.29012895030154,-3.81868502885854
-7.19728345463666,-0.355691723010223,4.04273599587905,1.1177364472379,1.42575160542745,6.79790463813745,9.38057811570978,12.4268438001541,7.25235897819448,3.28913540389594,-3.86985252722093
-7.19976733217255,-0.360659484507345,4.03379408790437,1.09736880536457,1.43171293616221,6.79045297428741,9.35474588302837,12.4268438001541,7.2384493920845,3.27522575422238,-3.9165490791444
-7.20125765869624,-0.372582112106757,4.02882636125516,1.09190431608038,1.43618393421163,6.79939497090623,9.3204684973782,12.4308180055182,7.25335252006356,3.254858052916,-3.96721980571031
-7.20721896478083,-0.392949934235672,3.98858777538282,1.07749793525365,1.42326771761782,6.80535630198607,9.30109432287009,12.4198889407651,7.23944293395289,3.23200648559333,-4.02633565337948
-7.14561880178447,-0.359169156035189,3.97169750476949,1.10680746867966,1.4078676132228,6.80287241403601,9.25340404715847,12.377166233076,7.27670075388617,3.25038709410834,-4.0924063066837
-7.12177357741304,-0.361156260634164,3.96871686877952,1.0953817183507,1.39693850688068,6.77952386728044,9.2404879308335,12.3582887576073,7.26676533522108,3.24690968168511,-4.16394145007087
-7.10537998564614,-0.362149812934241,3.9438782355261,1.08345919627865,1.37607384931052,6.75170432224936,9.2047202240686,12.3567984305955,7.26974596081823,3.22902584638008,-4.21560572029698
-7.10736708767403,-0.347743304592741,3.92351055624832,1.07948502225653,1.38203518004571,6.73183321864865,9.18435250214361,12.3597790846206,7.26030731310086,3.18580657773258,-4.25783132578883
-7.10041223056609,-0.334330348549232,3.91208478494682,1.0725302177173,1.37110607369943,6.71792344613369,9.15653317464209,12.3712049250528,7.26030731310086,3.16146469079706,-4.33781159035285
-7.07259280217616,-0.338304557747772,3.88575583369233,1.09438817484444,1.36117052246421,6.69258778903349,9.14312028458947,12.3721984763944,7.28365554692339,3.14705826790577,-4.40139838453496
-7.09296059799716,-0.363640141388733,3.88327197036622,1.06160123912075,1.3537188590416,6.67122635265622,9.11480418338217,12.3697145980406,7.26477825147524,3.12420670056247,-4.46995289701255
-7.08848961843273,-0.371091783636391,3.88774292435416,1.05762706509423,1.34328653025466,6.64787780591094,9.1138106359706,12.3572952062738,7.25732668748376,3.09539385477721,-4.51068818703547
-7.11283161833185,-0.385995068144188,3.86936233573926,1.0312981621583,1.32341542780547,6.62254214881552,9.11679127820365,12.3553081035918,7.21907532564843,3.05515522530193,-4.5360235503439
-7.12376067949051,-0.408846771041607,3.87184619906751,1.00944020502182,1.32242187268254,6.59670971412538,9.10884289891222,12.356798430604,7.18628844406344,3.0253488331,-4.58172655868934
-7.16548982214937,-0.436666235438466,3.85793656443197,0.972679095294122,1.313479876577,6.57733538810595,9.11033322003012,12.3741855790935,7.14108228920206,2.99752953371891,-4.58520396149802
-7.13369618968843,-0.440143668487078,3.84054952114658,0.982117758609826,1.29509910680691,6.59472260377718,9.07406873952953,12.374682354764,7.15995958466149,2.97914892518536,-4.6259392515429
-7.15058655696357,-0.437659787736963,3.83061406783489,0.955292083921403,1.30851210096155,6.56640628112271,9.07158487100155,12.3617661873234,7.14555322760447,2.95927799704863,-4.67710675000953
-7.17244467928047,-0.463492147528021,3.82713665917523,0.932937355032096,1.29410555168195,6.5534900637733,9.06810745506082,12.3662371683603,7.12667593215633,2.94288448132865,-4.72579038934106
-7.20473508729746,-0.502240687230219,3.81074316120729,0.88773112546741,1.28715066582226,6.51722529967804,9.07208164470654,12.3567984306125,7.08097300630148,2.91208454271181,-4.72628716117118
-7.26186427063068,-0.525589166285256,3.8117367065384,0.834079776112155,1.29857654974235,6.49586386327838,9.08251389252611,12.3458693658523,7.02136049435997,2.86985882038035,-4.74119031607309
-7.26583847469519,-0.533040808537811,3.78540775525891,0.849976472227413,1.30304754779624,6.46903787338197,9.06164939687108,12.3443790388398,7.02086372342688,2.85545239747568,-4.76056441744801
-7.23056741371406,-0.516150419446523,3.75162721398713,0.871337657610528,1.29261521900409,6.4531409904784,9.0298558796719,12.3185467039395,7.04371518632527,2.84949111903181,-4.82415121171793
-7.20374153627552,-0.513666538694566,3.74814980532798,0.872827972871989,1.27572478190743,6.43625055239973,9.01544944220758,12.2937079203974,7.05166352125813,2.83806533533788,-4.87432516655538
-7.1858576180183,-0.496776149594324,3.73175630735469,0.874815059885397,1.25833756724848,6.39700512272041,8.99011398319263,12.2812885286259,7.07401821325374,2.82067827319816,-4.90661533552843
-7.18685116903481,-0.509195553353587,3.7094015373805,0.845505526404825,1.25336979163264,6.37812757427598,8.97471399830163,12.2857595096635,7.06706342018904,2.79285897377573,-4.94983448474882
-7.19181892410425,-0.503234239556283,3.68207904075267,0.841034580624264,1.25684723456335,6.35925002583233,8.94590112333109,12.2539658667281,7.06110216899326,2.78093641687945,-4.99752458046696
-7.18685116902217,-0.515653643309489,3.671150042103,0.833583004315456,1.23548579942413,6.36670168969206,8.9096366427833,12.2360819425654,7.05265706312741,2.76007194231318,-5.04074372971123
-7.19778023018757,-0.539995674677128,3.6552533167925,0.80427347084447,1.22008569501082,6.32646270482761,8.87734635187297,12.2241593264649,7.04719258286277,2.72877523044425,-5.09141445642909
-7.17691565884889,-0.532544032421728,3.64780172680176,0.798312209795248,1.21760180720322,6.30510126841674,8.83710768166942,12.2181980184112,7.05812154340281,2.70791075586856,-5.1361239211666
-7.14561880187676,-0.525092390167592,3.61451795817747,0.808744416625741,1.22058247257265,6.2956624941875,8.8097851278434,12.216707691398,7.06905050393876,2.71138816829945,-5.17139472112457
-7.14561880187676,-0.527576270918971,3.60358895952098,0.798312209801546,1.22405991550279,6.28970116309528,8.79786255888677,12.2062754023078,7.05464414687385,2.68257532245684,-5.22554285066103
-7.19728345459793,-0.568311915218689,3.59415027885933,0.759067241289216,1.22654380331092,6.26486228353708,8.80531416448539,12.2271399804992,7.01688955598414,2.63786573406731,-5.23895569009103
-7.17840598530606,-0.565331258316687,3.55589878356106,0.776951024417981,1.24293746284611,6.25840417485676,8.75613356753726,12.2177012427449,7.00794767918445,2.60905288819945,-5.30800697458032
-7.18585761791172,-0.585202304318235,3.53602787690524,0.747641490949944,1.24095035259845,6.27181716981776,8.74520454599036,12.206275402308,7.0004961151887,2.58024004233236,-5.34725194921554
-7.18635439341999,-0.578247438212236,3.54248592156752,0.739196371125434,1.23449224429609,6.24648151267132,8.72682391884507,12.1958431132186,6.97764465224476,2.55788524812365,-5.39593558862651
-7.19827700559055,-0.590170065808362,3.54198914890115,0.718828729223405,1.22952446868061,6.2161780796119,8.71490134987821,12.1963398888899,6.96174798238062,2.53503368071789,-5.43219993228585
-7.19281247500138,-0.605570126471481,3.53255046824341,0.719325500977413,1.23051802380385,6.18388753620284,8.70595942315653,12.1963398888899,6.9533028765112,2.50125310279936,-5.46647718861822
-7.14810267935403,-0.575266781303377,3.51317633425083,0.754596295488022,1.23449224429869,6.19382308802758,8.67764332184886,12.1640494702474,6.95777381490965,2.49678214395667,-5.50671570694265
-7.14959300587766,-0.594144275021661,3.49330542759264,0.762047871799267,1.20766625595786,6.18835853452403,8.66472720546809,12.1511333027916,6.96075444051044,2.4908208655022,-5.54546390975801
-7.14710912834182,-0.586692632769895,3.49280865492611,0.748635034444764,1.18779515348694,6.15904865663029,8.62250144038238,12.1511333027916,6.9533028765093,2.45505319475355,-5.59861849567244
-7.14412847529338,-0.609544335694936,3.48287320159584,0.739693142876783,1.17537571444808,6.14364855130178,8.60263049210373,12.1272880705643,6.94485777063882,2.41978229719616,-5.63537961118185
-7.11382516935783,-0.61401532104922,3.47293774826203,0.722802903239873,1.1555046119748,6.12924200114608,8.57729503305581,12.1108944734158,6.93591589383869,2.4093500598899,-5.68654710979192
-7.12078002646376,-0.603583021895199,3.46697647625962,0.679583760650963,1.13314962169635,6.10788056472939,8.56288859554042,12.1074170437156,6.93243849730439,2.39494363693933,-5.68505679429801
-7.11332839385809,-0.611034664150125,3.46598293092621,0.67560958661805,1.12122696020643,6.06416413668036,8.53556604164402,12.1019525113304,6.90859349249927,2.38252430681052,-5.72082436615301
-7.10239933267837,-0.628918605569722,3.44114429759611,0.686538565213787,1.10831074359573,6.05224147448442,8.52016605672401,12.0805911574631,6.91803214024016,2.36215660539711,-5.76603060280517
-7.06464439415718,-0.651273532328811,3.42723466293166,0.705415891855406,1.07701375719102,6.04478981061141,8.47396610190256,12.0622104576176,6.92697401704029,2.35967273937306,-5.8097465239751
-7.06265729212504,-0.663692936096766,3.40885407426712,0.691009510984099,1.0591297649655,6.02144126381127,8.44863064283359,12.0661846629885,6.90114192847631,2.34675663603515,-5.84054637751772
-7.09941867965163,-0.68108010135236,3.39991216626297,0.649280683668949,1.03429088686032,5.9946152738749,8.45757256956716,12.0895331195508,6.88127109114217,2.29558899587049,-5.84452055216938
-7.11630904692548,-0.694989833575567,3.39097025825909,0.616990519633241,1.03180699904924,5.96431184078688,8.43521775273231,12.0920169979083,6.8519616060484,2.23796330404603,-5.87979135220259
-7.1212768019974,-0.726286731048911,3.36166067090738,0.601093823497585,1.02435533561778,5.95387951135831,8.42925646824161,12.0786040547841,6.85096806418137,2.22504720070332,-5.9086041184305
-7.13071553665198,-0.712376998831014,3.34675749090091,0.556881137351934,0.99901967995562,5.9364922956528,8.40839197252533,12.0795976061275,6.81470378599099,2.20567304567871,-5.92698467619864
-7.14859945490472,-0.708402789627165,3.33980267356374,0.559364996122974,0.981632465276005,5.91910507993597,8.3676565284909,12.0716491953838,6.80824576385506,2.18530534425448,-5.96324901991578
-7.17691565885535,-0.75211909087507,3.3378155828958,0.559364996122974,0.975671134531047,5.89476297794928,8.35871460175139,12.0537652712018,6.79334263584407,2.16444086961675,-6.00249399460838
-7.18138663841849,-0.751125538574276,3.29857054217889,0.545952158755983,0.958780697408686,5.87439509667159,8.33735333231249,12.0279329362689,6.80228451264933,2.14059575574633,-6.03925511016138
-7.21765125053266,-0.757086852383843,3.29360281550844,0.51415876646067,0.947851591039551,5.84657555152438,8.32592753704071,12.0383652253699,6.76602023446257,2.09886680643983,-6.03975188199302
-7.27676753587323,-0.767519151545385,3.28118349883399,0.468952536841391,0.955800032035664,5.82273022711499,8.32344366849855,12.0368748983546,6.74913002272561,2.03875724855733,-6.05217117778918
-7.28670304603546,-0.766028823092882,3.2672738641555,0.458520329996985,0.951329033976892,5.80931723213428,8.31052755209668,12.0289264876119,6.75459450300155,2.02335727918125,-6.08346780318891
-7.30061276024838,-0.795835392132498,3.26677709148847,0.454049384207988,0.929967598782827,5.78199446457526,8.29015983008595,12.009552236424,6.73025272724024,2.01888632032526,-6.11178379759407
-7.2792514134039,-0.785403092964318,3.25286745680626,0.469449308600837,0.916057827035331,5.7646072488515,8.27873403480405,11.9936554149301,6.74217522965647,2.01441536146939,-6.15301585964657
-7.29316112761039,-0.770003032297606,3.25783518347966,0.476900884916019,0.890225393785681,5.74374258998058,8.26035340761192,11.9792489204529,6.72131085043743,1.98858315475722,-6.17785445124003
-7.30409018879369,-0.77944177915885,3.25137713880607,0.491307265805815,0.898173834781039,5.72436826389368,8.23948891187137,11.9673263043288,6.74316877154638,1.97566705139633,-6.22504777528037
-7.26782557679412,-0.764041718500302,3.22355786942845,0.502236244394678,0.894199614280809,5.73976836924352,8.21961796352832,11.942984296406,6.75310419021617,1.99106702076791,-6.26627983735732
-7.24994165850589,-0.769009480010909,3.20617082607389,0.511674907726767,0.882773730348218,5.71343915686238,8.18782444619616,11.9434810720779,6.74267200060184,1.97815091740908,-6.30602158392311
-7.26385137270729,-0.779938555321958,3.2240546421082,0.518132940534234,0.895193169410107,5.6900906100103,8.16348253447895,11.9519262585021,6.71932376671299,1.96821545328743,-6.32539568537763
-7.21864480144952,-0.786396645284034,3.20567405341473,0.539494125988292,0.888735061098385,5.67419372705436,8.14013417020529,11.9231132695429,6.73174304007205,1.96275094801421,-6.37258900941362
-7.19032859752999,-0.783912764530864,3.18779023738732,0.546448930551841,0.864889738100977,5.65630973373155,8.1292051486157,11.9101971020725,6.72329793419821,1.956789669536,-6.41133721232395
-7.175922107796,-0.800803153664777,3.17686123870325,0.547939245815665,0.847005745856322,5.64090962837396,8.11628903220453,11.8972809346087,6.72826564353867,1.93493164846431,-6.45952408005371
-7.13767039372852,-0.779938555333064,3.15301615066813,0.555390822130098,0.849489633670707,5.63743218522782,8.07704390924058,11.9067196723694,6.7237947051303,1.92698327716213,-6.49181424913819
-7.11730259791655,-0.795835392162621,3.13910651597436,0.556881137393284,0.86687684835363,5.62799341097244,8.03332782287738,11.8972809346012,6.72230439232866,1.93344132884249,-6.51863992808814
-7.08302508792124,-0.810241900527949,3.13662265263785,0.56035853967274,0.858431629784318,5.60712875208313,8.00451494778154,11.8913196265386,6.72727210166851,1.9130736273712,-6.56831711132419
-7.06812182267243,-0.827132289657563,3.12569365395378,0.551913419842066,0.842534747790581,5.58775442598037,7.98216013088972,11.8873454211622,6.71634314111703,1.90264139003474,-6.58471058179415
-7.12028325090707,-0.858429187135553,3.12668719928949,0.526081288622275,0.83905730485226,5.54354122027168,7.98066980976311,11.8962873832599,6.67958209201407,1.85445438905562,-6.58967830011972
-7.13220586309784,-0.846506559511867,3.11029370125293,0.521610342833953,0.816702314531294,5.54354122027168,7.97172788300328,11.8724421509921,6.66169833837681,1.84104151248124,-6.62047815373704
-7.11183806730549,-0.847996887963769,3.07551961450199,0.516145853535465,0.77994077488669,5.53509600119185,7.94986983980048,11.851577572761,6.66467896398116,1.82017703780859,-6.66767147783463
-7.13319941415368,-0.83855814109672,3.07303575116348,0.51316522300838,0.780934330011701,5.52913467008062,7.91211503793194,11.8500872457447,6.63437593697146,1.81024157367137,-6.6885358947957
-7.14263814879007,-0.844519454904769,3.05266807177565,0.493791124575254,0.773482666569429,5.51770878545064,7.88081829425218,11.8381646296105,6.61450509960712,1.78937709898266,-6.72629055408
-7.14760590386985,-0.829616170374214,3.03329393772726,0.484849232990622,0.763050337752978,5.48492146433336,7.85399251398385,11.8317065458753,6.61102770306892,1.77149326354136,-6.74616142738857
-7.16598659763545,-0.8266355134712,3.012926258337,0.45752678649062,0.76354711531582,5.43971470338708,7.84157317125585,11.8048806595961,6.60258259718371,1.75609329413379,-6.79236120781913
-7.19281247504969,-0.823158080413813,3.00696498632185,0.447094579645952,0.739701792318412,5.42580493079333,7.85200541914766,11.779048324628,6.58618915635834,1.72529335533049,-6.81869011495525
-7.2012576586675,-0.819183871208699,2.97715862625493,0.4182818178834,0.749140566013301,5.40643060466536,7.84604413463929,11.7571901950492,6.55886675497386,1.7178417572257,-6.82564492061352
-7.20920606679912,-0.814216109698724,2.98162958026291,0.394436773636111,0.734237239133189,5.36718517481886,7.83014737594371,11.7631515031134,6.53303466637381,1.70045469498533,-6.86787052640232
-7.18734794447843,-0.815209662000298,2.97666185358376,0.390462599599297,0.708901583422238,5.35029473666116,7.79139902660818,11.7606676247534,6.51912508020907,1.68604827198809,-6.89867038003549
-7.19330925057589,-0.85246787334447,2.96722317288875,0.358669207297583,0.709895138548122,5.31949452591398,7.76457324630195,11.775074119252,6.50273163936081,1.6641902508833,-6.90016069553374
-7.21765125042716,-0.859919515605401,2.98560376160897,0.342275739393043,0.718837134683845,5.29167498068852,7.76755388855844,11.7825257543371,6.47491246703617,1.63438385845342,-6.90711550119523
-7.21019961780369,-0.87184214322757,2.97914571692713,0.34426282641115,0.700953142426434,5.27379098734582,7.76109583033612,11.7547063166785,6.48534465666767,1.62395162110366,-6.94834756331895
-7.19281247505513,-0.861409844064479,2.98162958026844,0.379036849226273,0.691017591165939,5.25441666122151,7.73327650257491,11.7338417384259,6.4848478857333,1.6234548478965,-6.96821843664168
-7.20125765869294,-0.861906620215345,2.95828126484697,0.371088501147644,0.682075595033406,5.24050688861258,7.69254105838699,11.7234094493108,6.45106746218782,1.60159682677836,-6.9781538732999
-7.1972834546344,-0.875816352432652,2.96523608220253,0.373075588167101,0.667669045706202,5.23454555749234,7.67117978887471,11.7045319737586,6.42473860264037,1.58967426980894,-6.99106994095729
-7.19827700565028,-0.864390500962013,2.96871349087829,0.35618534850214,0.672636821332906,5.21964222970425,7.62746370243035,11.69956421703,6.40139036871428,1.57079688793669,-7.00398600861571
-7.20125765869252,-0.877306680881097,2.95877803751085,0.366617555352058,0.661210937385918,5.21765511933125,7.57480568918701,11.691615806268,6.40288068151804,1.57129366114377,-7.03428909042747
-7.15307043443215,-0.86935826246733,2.91655236072116,0.397417404166048,0.656243161756853,5.23007455916313,7.52810896043721,11.6419382390102,6.42275151890565,1.57427430038612,-7.06955989059325
-7.16300594457562,-0.867867934014986,2.88873309129066,0.387978740825408,0.662204492515135,5.21715834174028,7.52214767591662,11.6161059040467,6.41331287114548,1.56284851662179,-7.08943076391834
-7.17045757719938,-0.837564588783892,2.87532022924123,0.38549488204968,0.659720604700336,5.19480335004384,7.50724446461803,11.6076607176178,6.40039682683129,1.54595822756878,-7.1266886513938
-7.15108333241793,-0.829616170372317,2.85296545917344,0.396423860654219,0.642830167551871,5.20225501394672,7.44862516681597,11.5907703447541,6.40586130711241,1.54248081511553,-7.16295299522095
-7.14561880182876,-0.835080708034505,2.83458487044995,0.363140153074541,0.643823722677685,5.1789064670623,7.4332251818149,11.5917638960997,6.39244849187092,1.53502921700499,-7.20517860105711
-7.16449627109917,-0.860416291724358,2.82812682576178,0.325385499729557,0.653262496375266,5.1486030338617,7.43024453955221,11.5862993636965,6.36264223578652,1.51068732983808,-7.23051396455882
-7.18536084245152,-0.880287337767628,2.837565506468,0.323895184464458,0.659720604693591,5.14264170274108,7.43173486068267,11.5480476368927,6.35817129737179,1.50671314417749,-7.26230736188274
-7.16598659767493,-0.883764770823246,2.80477851033791,0.316940379895482,0.668662600828886,5.12624804215267,7.38702522673734,11.5291701613222,6.37555828009571,1.48684221587824,-7.2950943028791
-7.15605108751786,-0.902642264560348,2.77993987692372,0.291108248615231,0.65425605150819,5.11680926788203,7.36963814687189,11.5202281992075,6.36860348700606,1.46448742153118,-7.32241675370958
-7.18287696491351,-0.895190622298469,2.77745601358094,0.259314856293513,0.644320500244859,5.08004772595149,7.36367686234403,11.522712077571,6.33432629249148,1.4262358845475,-7.34427471437584
-7.2236125565504,-0.930461729030136,2.7829205129362,0.232489181522739,0.63835916948842,5.05818951184303,7.37013492058263,11.5222153018978,6.30849420388371,1.38699080115178,-7.35719078205045
-7.21566414843532,-0.949339222766838,2.78689469428625,0.230502094503082,0.640843057303868,5.01596341637297,7.33536076083967,11.5063184803646,6.29607493050825,1.36413923360217,-7.37855197088663
-7.20672218928707,-0.965732835755839,2.79086887563535,0.203179647949441,0.637862391925719,4.99758264540674,7.31847045468629,11.4755183886513,6.30104263986085,1.33880379999403,-7.39593898505446
-7.21765125044404,-0.983616777185677,2.78788823962405,0.174863657916118,0.64382372268556,4.95883399308612,7.31101884901976,11.453660259041,6.29210076303642,1.31545545921976,-7.40835828089371
-7.21914157696825,-0.984610329488031,2.78838501229252,0.17635397318208,0.627430063103598,4.95336943955665,7.27326404702567,11.4263375970173,6.27868794778591,1.28415874712308,-7.41034536822834
-7.20225120972565,-0.971197373413518,2.76901087821306,0.183805549505888,0.602591184942911,4.96082110346204,7.25786406199387,11.4139182051861,6.28315888620141,1.26925555088279,-7.41183568372897
-7.17542533227573,-0.960268298087633,2.73821097273098,0.182315234240677,0.588681413177885,4.9409499997158,7.20818669091184,11.4044794673917,6.27719763498022,1.25087494219158,-7.43369364440475
-7.18337374038744,-0.956790865032015,2.73572710938518,0.183308777750681,0.579242639479405,4.93598222377768,7.18881251616757,11.3955375052729,6.28464919900011,1.22852014782967,-7.44611294024417
-7.19479957706839,-0.977158687239113,2.74069483607096,0.198708702171823,0.575268418975397,4.90220134740979,7.15701899865568,11.380137459399,6.25732679755297,1.21560404441696,-7.45704192058191
-7.17343823025108,-0.981132896445153,2.73075938269614,0.211624767808698,0.56980386577855,4.89574323868636,7.10833517493727,11.3413889568921,6.27024284186973,1.20815244629415,-7.46995798825431
-7.16201239356594,-0.976165134930436,2.70294011323259,0.21907634413757,0.561358647204017,4.87438180215176,7.0949222847468,11.3299631164044,6.23546887638332,1.19076538400389,-7.45803546424682
-7.17840598530599,-0.97715868723279,2.69548852320048,0.199205473929994,0.557384426699157,4.86543980545431,7.07505133629195,11.3195308272662,6.21659158083779,1.1659267235922,-7.46946121641998
-7.17939953632231,-0.980139344141114,2.68505629715707,0.211127996067144,0.535029436349487,4.85003970003918,7.04673523476382,11.300156576002,6.20417230745396,1.15599125942277,-7.48138374042543
-7.16797369965831,-0.974674806480547,2.67462407111336,0.219076344150775,0.533539103659686,4.8430848137185,7.01494171721845,11.2703500355845,6.18827563753396,1.1604622182967,-7.50274492927853
-7.13468974063824,-0.973184478027034,2.64779834699496,0.227024692234005,0.516648666501181,4.82569759793452,6.9766901414328,11.2395499438023,6.18579178285695,1.18828151794078,-7.52062871529496
-7.15307043440278,-0.998520061729784,2.62494680420572,0.217089257134969,0.505719560101121,4.78893605597851,6.93396760224305,11.2365692897616,6.16343709076941,1.18977183756535,-7.54298344781151
-7.15654786295952,-1.02534597390243,2.62892098556144,0.188276495318754,0.494293676144351,4.75565195716618,6.92303858058652,11.2306079816786,6.13114697995697,1.17586218773295,-7.56384786483206
-7.1630059445521,-1.03627504922182,2.62941775823063,0.168405625109178,0.487338790258531,4.72336141354295,6.9031676321091,11.2008014412526,6.10034718199004,1.16542995035491,-7.58222842268192
-7.1580381894728,-1.01789433161951,2.60209526144053,0.164431451066163,0.4813774595011,4.69653542345174,6.88975474189185,11.1764594332334,6.1028310366686,1.15897189864521,-7.60955087354017
-7.1033928837416,-1.00547492785287,2.57675985530802,0.178341060204114,0.484854902444713,4.69454831307494,6.86491605627028,11.1491367711625,6.12170833219342,1.17437186809575,-7.65426033859425
-7.10438643475749,-1.00895236091306,2.57278567395231,0.170392712119883,0.478396794120708,4.67020621095386,6.83212899131797,11.1228076604479,6.12369541593714,1.18281701263876,-7.67959570211468
-7.05967663912737,-0.998023285589499,2.55142444917518,0.177844288450069,0.453061138384453,4.66374810222582,6.8023225685944,11.0979688767628,6.13164375090586,1.16940413600272,-7.7238083953392
-7.03086365966967,-0.990074867168144,2.53006322439933,0.192747441111377,0.460512801837001,4.66027065906618,6.76705163504941,11.0626978038986,6.12270187406471,1.19126215716849,-7.76056951104644
-7.05768953706273,-0.995042628677697,2.49826977355929,0.170889483873691,0.434183590966322,4.62102522907547,6.76009680307884,11.0766075227658,6.09190207605862,1.15648803256532,-7.74467281236391
-7.08203153693886,-1.02087498855203,2.48783754750163,0.153999244193001,0.458525691572769,4.58426368709013,6.75562583966999,11.0721365416966,6.08594082483252,1.11475908308367,-7.75262116170727
-7.06663149621632,-1.00994591322591,2.47988918478501,0.147044439620699,0.456538581317599,4.56886358165915,6.75214842368495,11.0363686931726,6.07203123863206,1.0779978656431,-7.78441455908704
-7.05619921054749,-1.00497815171014,2.48833432016276,0.163437907555773,0.463493467205071,4.56836680406458,6.73873553346101,11.0075557040786,6.08544405389897,1.05564307124792,-7.79882094227465
-7.04676047591274,-1.00746203246526,2.47541823075899,0.156483102977694,0.44511269735283,4.54352792432441,6.7322774752011,11.0164976662112,6.07302478051174,1.03577214289269,-7.80974992262207
-7.0417927208344,-1.01193301782666,2.46746986804804,0.143567037332367,0.425241594815773,4.54203759154067,6.71091620557514,10.9837104716878,6.05563779775531,1.02484313230196,-7.82167244663916
-7.08799284294503,-1.0432299153312,2.45654086931236,0.120218764845224,0.404376937145412,4.49086949928075,6.71340007413885,10.972284631174,6.01788320668777,0.988578688091734,-7.81422086912646
-7.04328304726753,-1.02137176467572,2.44660541591895,0.15847018997122,0.377054171137141,4.49285660965892,6.66570979773749,10.9211167366636,6.03377987663036,0.989075461300027,-7.84899489751563
-7.05172823088062,-1.02087498852477,2.44114091655297,0.156483102950112,0.369105730115513,4.46155962118269,6.64236143323605,10.901742485367,6.02831539633971,0.996527059432348,-7.84800135384709
-7.05818631248041,-1.03130728770335,2.42673450913059,0.150025070131594,0.365628287171322,4.43473363107683,6.61851629502546,10.8843553367483,6.03079925101821,0.976656131100883,-7.84800135384709
-7.08948316947425,-1.05962352832793,2.4466054159127,0.130154199894507,0.35817662371133,4.42132063600178,6.6239808058597,10.8649810854662,6.00596070420442,0.938901367172747,-7.86091742152613
-7.08501218990345,-1.0467073483872,2.43965059853731,0.122702623560195,0.331350635286303,4.40492697536828,6.58920664597504,10.861503655745,5.98062538647362,0.926978810160876,-7.87979475122336
-7.07905088381978,-1.03726860151875,2.43567641717758,0.116741362496272,0.333337745541474,4.38853331473718,6.55940022321841,10.8381551990339,5.98310924115299,0.940391686802974,-7.8773108920521
-7.06663149612428,-1.02782985464168,2.40537328433172,0.103825296851594,0.320918306455076,4.36468799018562,6.5300905741756,10.8192777233973,5.95876746529156,0.941882006430152,-7.89420113441702
-7.08600574090461,-1.03875892996734,2.39593460360727,0.0993543510501071,0.305021424407661,4.35326210549638,6.51369704165923,10.7909615099631,5.94982558844796,0.936914274338042,-7.8832721540696
-7.09941867961833,-1.04720412454119,2.3864959228831,0.0943866334919609,0.295582650695936,4.31451345308625,6.49929060399013,10.7959292667127,5.92250318694291,0.912075613880797,-7.87283994555443
-7.09047672049368,-1.03776537767034,2.39643137627947,0.079483480826151,0.28216965646827,4.30755856675111,6.46501321778056,10.8008970234586,5.88176797018454,0.905617562164746,-7.87979475123291
-7.1366768426951,-1.05862997602285,2.39792169428886,0.0342772511238276,0.298066538513795,4.27626157827553,6.46252934921451,10.8326906666655,5.84600046279588,0.862398292993839,-7.851975528519
-7.17095435268248,-1.06359773753283,2.38053465083979,0.0168902396806015,0.280182546204072,4.24993236571583,6.44514226924687,10.8123228639995,5.82066514506508,0.838056405750592,-7.83657560166003
-7.21019961782368,-1.05813319986728,2.37308306078886,-8.59190496527162e-12,0.253356557757992,4.22956448431884,6.4506067800896,10.821761601823,5.78589117953791,0.808250013213783,-7.83210465515317
-7.13816716924396,-1.02534597388406,2.34228315526653,0.0352707946484752,0.23199512249128,4.23403548267803,6.40241972994834,10.7884776316263,5.80576201699142,0.866372478703054,-7.85744001869034
-7.13618006721273,-1.03081051155042,2.33582511055822,0.0307998488465374,0.219575683393953,4.22807415153576,6.38155523398514,10.7537033343795,5.80278139137392,0.858920880566772,-7.84949166934298
-7.15307043445338,-1.0516751098963,2.33334124720791,0.0144063809114643,0.207653021860093,4.20373204936559,6.37161975972191,10.758174315454,5.78638795048438,0.827127395177272,-7.85048521301147
-7.16548982214887,-1.075520365172,2.3124767950526,0.0178837832012474,0.19523358276631,4.18237061276773,6.3542326797586,10.7546968857295,5.77396867707423,0.815204838156526,-7.8340917424807
-7.15158010794614,-1.09340430662498,2.28714138887116,0.0153999244222057,0.200201358407427,4.17442217124153,6.31995529353953,10.7353226344085,5.73919471153319,0.819675797039484,-7.83359497064681
-7.14760590388209,-1.11824311421279,2.2816768895021,0.00298063052136871,0.181820588535513,4.17392539364611,6.28170371760329,10.7214129155066,5.73373023122768,0.822656436296097,-7.83260142697885
-7.16648337314887,-1.12966896568852,2.26379307338439,0.00546448929978505,0.173872147507646,4.15554462260769,6.27474888561073,10.6841547398807,5.74018825340225,0.808250013229171,-7.83458851431579
-7.18238018940936,-1.12668830877988,2.24789634794406,-0.0163934679560585,0.165923706486396,4.13617029638777,6.25984567420721,10.6657740399081,5.7232980415575,0.813217745322865,-7.84452395099697
-7.17393500578505,-1.14308192177027,2.24342539391138,-0.0213611855140795,0.173375369950641,4.13269285321732,6.25338761592921,10.660806283157,5.70193689128885,0.816695157788128,-7.84800135383554
-7.15356720994481,-1.15748843016402,2.24690280260222,-0.0337804794124154,0.179833478283402,4.09692486633136,6.21612958742299,10.6488836669581,5.68156928288046,0.799804868662832,-7.83160788331496
-7.17194790370121,-1.17189493854493,2.25286407464323,-0.0581222954366083,0.188775474444219,4.08152476086835,6.18632316459031,10.6444126858825,5.64878240107154,0.755592053050697,-7.816207956457
-7.15505753644201,-1.16195941551613,2.23050930447982,-0.050173947344975,0.187781919316114,4.06811176579274,6.15154900459765,10.6305029669663,5.64033729515285,0.749630774539532,-7.80428543243911
-7.14810267934158,-1.14556580252852,2.22107062374527,-0.0710383611002198,0.161949485969401,4.06215043464521,6.12323290291721,10.6106319399604,5.62245354143978,0.764037197613352,-7.7883887337465
-7.15406398543754,-1.13215284643295,2.22603835045128,-0.0769996221687947,0.155988155201762,4.04525999639138,6.0969038960835,10.5728769886251,5.59264728522383,0.753604960213959,-7.77845329706467
-7.15654786297319,-1.12817863721999,2.24541248459348,-0.0849479702638296,0.153504267381352,4.0114791198752,6.08796196923296,10.5480382048518,5.58767957585587,0.74217917639983,-7.7973306267574
-7.13121231207927,-1.09837206811778,2.22156739641669,-0.0625932412479507,0.149530046866378,3.99409190402914,6.06312328351633,10.5222058697216,5.59215051428776,0.754101733421526,-7.80279511693151
-7.1177993733883,-1.10582371038756,2.21212871568019,-0.0655738717820878,0.133633164801569,3.98912412807035,6.04374910866569,10.5177348886417,5.56532488370278,0.738701763923909,-7.78938227740918
-7.09494770001692,-1.12122377108629,2.19225780885852,-0.0690512740750226,0.123697613520753,3.97968535375234,6.02238783896568,10.4938896562187,5.5484346718437,0.71237278381228,-7.77398235055447
-7.0974315775532,-1.11426890496775,2.18381267346019,-0.0765028504143991,0.103826510943522,3.9667691362576,6.00351043783204,10.4526572751354,5.52806706342668,0.70939214455638,-7.7749758942227
-7.08997994493274,-1.10284305348233,2.15549663124226,-0.0730254481220771,0.0829618532458679,3.96229813789305,5.98165239440565,10.4014893805316,5.53402831467031,0.730753392565228,-7.76901463221698
-7.0939541489899,-1.11426890496315,2.13959990579485,-0.06905127407526,0.0789876327304218,3.92603337337602,5.97320724126071,10.3657215318898,5.5350218565441,0.737211444290379,-7.77398235055757
-7.11481872031169,-1.12817863720465,2.14357408715942,-0.0859415137738073,0.0640843058031713,3.89125894166308,5.95731048238443,10.3528053643157,5.50173820377087,0.719327608745473,-7.76653077304831
-7.11481872031169,-1.1465593547976,2.14158699647778,-0.0675609587977919,0.0814715205592819,3.86890394984644,5.92998792808895,10.3314440102616,5.48683507566439,0.70243731962332,-7.76553722938025
-7.051728230866,-1.13264962255846,2.11923222628912,-0.0442126862894924,0.0571294199070965,3.87039428263403,5.87236217714805,10.2887213020826,5.52210581218176,0.739695310308693,-7.79136936475847
-7.047257251302,-1.11873989031843,2.08743877537729,-0.0471933168259559,0.0293098762983123,3.8654265066717,5.8440460754252,10.2743148074794,5.51614456093857,0.718334062289622,-7.76702754489329
-7.05917986348427,-1.12917218949989,2.07452268593399,-0.0670641870610421,0.0298066538627253,3.83711018369503,5.82566544797272,10.2569276588146,5.4927963268943,0.691011535770309,-7.74665989970293
-7.06613472058243,-1.14109481713647,2.0635936871798,-0.076999622178085,0.0308002089921305,3.81922619023477,5.79983321480593,10.2315920993421,5.4853447628365,0.675114793049777,-7.74268572503057
-7.06464439405891,-1.13215284640695,2.05961950581264,-0.072031904616937,0.0168904371910473,3.7968711984139,5.77449775536127,10.1873790641466,5.46795778002543,0.672630926999595,-7.73424060385486
-7.05520565942234,-1.1326496225582,2.04670341637164,-0.0700448175928284,0.0163936596263743,3.78345820331575,5.73177521588009,10.1769467749429,5.46299007065227,0.664682555648205,-7.73125997285027
-7.04974112883538,-1.16096586320621,2.05961950581033,-0.070541589348837,0.00149033268671517,3.7720323186025,5.70991717242702,10.1739661208841,5.44013860754197,0.641830988009921,-7.75262116170845
-7.03285076159668,-1.15599810169212,2.04024537165086,-0.09388986188535,-0.010432328864161,3.76259354426703,5.68656880782911,10.1590628505972,5.41132589318193,0.639843895171651,-7.73125997284858
-7.03682496565989,-1.16543684857499,2.02236155550285,-0.104818840521526,-0.0168904372026057,3.75166443714668,5.6796139758163,10.13819827219,5.38599057536203,0.640837441591262,-7.73275028835031
-7.02987010856133,-1.18232723772718,2.00596805737035,-0.128167113061566,-0.0392454276059786,3.73527077646771,5.64931077918527,10.1078949559332,5.37208098911925,0.644314854058835,-7.73374383201837
-7.07259280218485,-1.2041853883924,2.01689705613299,-0.169399168786396,-0.0491809789007391,3.70099312232942,5.66520753808404,10.1153465910876,5.32439097916541,0.584205295716343,-7.6781053866104
-7.07209602667778,-1.2195854490872,2.01192932942255,-0.166418538249933,-0.0611036404587066,3.69254790319106,5.63142692544384,10.0880239288797,5.28365576228919,0.589669801025872,-7.67661507110896
-7.06414761855565,-1.21511446372315,1.99652937661173,-0.161947592445294,-0.064581083409846,3.67714779769828,5.60360759737176,10.0671593504613,5.27123648885023,0.594637533123264,-7.68307310494861
-7.06911537362691,-1.22902419597351,1.99553583127009,-0.171386255811118,-0.0784908552258203,3.65330247306355,5.58473019618786,10.0418237909555,5.24441085821907,0.591656893861659,-7.67264089643565
-7.06216051651831,-1.22902419597351,1.98709069586172,-0.174366886347657,-0.0784908552258203,3.63988947796089,5.56237537900104,10.0328818287688,5.24441085821908,0.593147213491808,-7.68456342044897
-7.07507667970606,-1.24492103281925,1.98858101387465,-0.162444364207205,-0.0779940776611472,3.62399259487173,5.54796894124603,10.0209592125291,5.22752064634104,0.574269831518705,-7.6666796344264
-7.06911537361252,-1.22604353905011,1.9677165616995,-0.17834106040608,-0.0526584218700551,3.61852804131127,5.51319478115208,9.96979131778171,5.20764980883252,0.57476660472853,-7.64233781456571
-7.12475423044061,-1.24839846587179,1.97467137909266,-0.196224843644224,-0.0635875282976721,3.59716660464339,5.50922059143025,9.96184290695729,5.17287584317004,0.543966665708318,-7.63091206238983
-7.10985096520674,-1.25088234663107,1.9612585169691,-0.186289408520177,-0.0879296289759164,3.59567627185386,5.48984641652318,9.93203636633656,5.16045656971714,0.527573149777988,-7.63339592155952
-7.12475423042023,-1.25137912278279,1.95032951820517,-0.184799093250839,-0.0914070719297029,3.57679872317915,5.483885131934,9.9121653392571,5.1405857322106,0.501244169650257,-7.6120347327019
-7.13021876100508,-1.24939201817602,1.93393602005854,-0.197715158917302,-0.0879296289759987,3.56885028163273,5.44613032952638,9.89279108784989,5.13015354251797,0.507702221382276,-7.62793143138149
-7.14363169969916,-1.25535333199608,1.93542633807182,-0.224044062004976,-0.0933941821923425,3.53854684822907,5.43867872378834,9.87788781753837,5.13065031345599,0.49329579829007,-7.61849276654042
-7.15555431188327,-1.27224372115364,1.93641988341488,-0.22503760551703,-0.118729837996695,3.53506940505189,5.42774970203392,9.84361029580204,5.10829562124635,0.479386148414043,-7.62495080038118
-7.15456076086894,-1.25038557047822,1.91158124985458,-0.22305051849227,-0.11177495208755,3.5464952897757,5.41185294312677,9.80982954974261,5.09239895122565,0.484850653726624,-7.61650567920615
-7.14611557723959,-1.26777273578877,1.91456188588155,-0.219076344443652,-0.120716948250281,3.52662418590591,5.39545941050536,9.79293917671203,5.07302488464686,0.481870014466207,-7.60507992702664
-7.14214137318113,-1.27174694500189,1.89916193307485,-0.236463355900884,-0.130652499545987,3.50973374761197,5.37807233044078,9.76263586040298,5.04868310867978,0.469450684210342,-7.597131577686
-7.15356720986164,-1.28466312494755,1.89320066102003,-0.230005323068547,-0.150523602124636,3.47098509505611,5.37161427213018,9.77654557937686,5.0168897686249,0.469450684210342,-7.57825424800897
-7.10985096520088,-1.28416634879573,1.87332975417474,-0.205663506998391,-0.138104163002787,3.46253987590301,5.33435624344517,9.73580997385034,5.0089414336078,0.4888248394064,-7.58620259734835
-7.11481872027788,-1.26131464582027,1.86836202745958,-0.203179648218161,-0.114755617453712,3.4282622217179,5.30057563073655,9.70302277911437,5.00496726610124,0.49180547866753,-7.55291888448817
-7.12376067941011,-1.27472760192068,1.85693625601692,-0.203676419974594,-0.108297509111426,3.39895234348254,5.28120145580798,9.67470656549079,4.9821158029442,0.49726998398011,-7.54000281681271
-7.13071553651979,-1.27919858728616,1.8628975280721,-0.206160278757576,-0.116245950149315,3.37610057402171,5.27374985006023,9.64142259507915,4.95479340134237,0.487334519776079,-7.52410611813312
-7.10985096522091,-1.2722437211629,1.85147175663351,-0.188276495524386,-0.0884264065173666,3.36815213246678,5.24692406937762,9.60366764357181,4.94336766976484,0.500250623238572,-7.5201319434639
-7.14859945485735,-1.28168246805037,1.85693625601929,-0.216095713882223,-0.0834586308670312,3.34579714060128,5.25338212768786,9.59323535433563,4.91405818438529,0.476902282351958,-7.47492570660186
-7.14760590384306,-1.29807608105502,1.86041366471996,-0.205166735249624,-0.0804779654781067,3.31599048478845,5.22158860983123,9.56392558932439,4.90014859810676,0.48286356087295,-7.46349995442689
-7.15704463848782,-1.30950193255184,1.84252984855016,-0.217586029154213,-0.0839554084313142,3.30804204323586,5.19227896056161,9.53610615135944,4.86785848710022,0.490811932233005,-7.44213876557887
-7.19628990359196,-1.33781817321487,1.84948466594849,-0.255340682656962,-0.092897404601492,3.27575149940503,5.20122088745407,9.52617063780514,4.82165878977474,0.452063621781634,-7.40637119356679
-7.19927055663989,-1.35421178623309,1.854452392661,-0.262295487245721,-0.108297509112951,3.26979016823695,5.19078863940896,9.47599629431649,4.83457483417816,0.441631384372533,-7.41481631473692
-7.21914157693104,-1.36017310005568,1.83805889449585,-0.271237378859839,-0.11078139693673,3.25439006271471,5.15700802666753,9.44420265091898,4.81669108037809,0.420766909545177,-7.39345512589115
-7.2111931688083,-1.38103769842369,1.82961375907669,-0.269747063591851,-0.122207280925568,3.25041584193641,5.13763385170294,9.43178325895899,4.78837513687086,0.421760455965448,-7.38997772305671
-7.21367704634558,-1.36613441386815,1.82315571434477,-0.260308400221749,-0.136613830307255,3.2419706227771,5.1212403190547,9.41240900750839,4.76105273523563,0.426728188066407,-7.38600354838823
-7.2260964340461,-1.37060539923448,1.81371703358975,-0.245902019284809,-0.129162166834146,3.22756407245349,5.11130484471954,9.38906055061821,4.73323356265705,0.429708827328171,-7.37010684971536
-7.22162545448425,-1.37209572768929,1.79334935404942,-0.24093430172291,-0.157478488031288,3.19924774939231,5.09640163321184,9.35627335582823,4.70293053539795,0.410334672131083,-7.35122952004232
-7.18138663832449,-1.37209572768929,1.77397521985539,-0.22106343146331,-0.153007489946996,3.18434442147023,5.05516941472949,9.31255709611051,4.68902094910103,0.421760455972859,-7.35768755387642
-7.19877378108009,-1.38252802688005,1.764039766423,-0.250372965082568,-0.163439818810094,3.17738953510849,5.04871135640796,9.2996409284643,4.66865334060422,0.395431475824124,-7.3442747143711
-7.23056741359311,-1.38997966916359,1.75360754031512,-0.263785802508306,-0.167414039328754,3.1480796568602,5.04324684552188,9.28076345267953,4.65325344149035,0.371089588523277,-7.30950068603979
-7.20026410762136,-1.38252802688052,1.7387043601723,-0.239443986425891,-0.182317366287561,3.16049909680036,4.98115013089868,9.23704719297982,4.66219531840042,0.434179786268375,-7.3119845452062
-7.16648337309841,-1.35917954773683,1.72082054400037,-0.211624768085564,-0.180827033592407,3.14658932406899,4.92352437968278,9.21518906310238,4.63387937488966,0.442128157628218,-7.30155233670219
-7.15754141396549,-1.34924402470002,1.72827213407743,-0.226031149027946,-0.203182024019713,3.14112477049417,4.90365343098158,9.18488574669037,4.6289116654979,0.441631384417759,-7.29261044370059
-7.18635439342209,-1.36315375695569,1.72727858873372,-0.24888264981613,-0.207653022104004,3.12224722178811,4.89818892009034,9.16104051410479,4.61649239201711,0.422754002423573,-7.26479122103665
-7.18635439342209,-1.3869990122491,1.7188334533113,-0.265772889534239,-0.206659466973913,3.12870533055726,4.88080183999247,9.13272430041123,4.59463447068192,0.406360486485396,-7.24094617303457
-7.16052206701173,-1.39047644531239,1.70194318247322,-0.260308400216082,-0.205169134279611,3.12870533055726,4.83708575285224,9.09248547038525,4.60258280570834,0.415799177477845,-7.23200428003403
-7.1744317812067,-1.40090874449871,1.69449159239129,-0.248385878072629,-0.19722069323794,3.13913766011007,4.7918793445363,9.06714991073665,4.59413769974266,0.434179786255059,-7.23250105186741
-7.18088986280835,-1.39941841604254,1.6934980470474,-0.247889106316396,-0.217091795842117,3.11578911301325,4.78244064390651,9.03585304292335,4.58867321940907,0.442624930829271,-7.20617214470454
-7.15058655687047,-1.38650223609277,1.69796900109271,-0.239443986455534,-0.217588573407156,3.08598245715405,4.74220197277372,9.00654327784798,4.56234435961402,0.469947457397987,-7.1863012713721
-7.10041223057875,-1.37606993689648,1.69796900109271,-0.222056974979478,-0.228517679837374,3.07753723799101,4.6940149221606,8.97375608302001,4.56284113055337,0.500747396426389,-7.20468182920036
-7.0760702307256,-1.35768921927506,1.68853032032871,-0.216095713902648,-0.22156279392194,3.05269835810417,4.66768591509533,8.92805272050077,4.54396383484961,0.485347426917716,-7.21859144053527
-7.0815347613072,-1.38004414611429,1.67064650413765,-0.246895562781765,-0.231498345224974,3.02984658859915,4.66321495163117,8.90023328243913,4.51763497505784,0.48087646802822,-7.20170119820158
-7.0815347613072,-1.37457960844584,1.65822718734071,-0.241927845214238,-0.235969343313308,2.9980528223206,4.66917623624385,8.88234935797692,4.50273184687513,0.48137324123868,-7.17934646570687
-7.06414761852781,-1.38650223610014,1.6403433711438,-0.245405247510413,-0.249879115137225,2.99159471354927,4.63837626573475,8.86049122808092,4.48286100928974,0.488824839396558,-7.1808367812062
-7.03930884316578,-1.36265698080673,1.63189823571711,-0.235469812380362,-0.264285664528167,2.96973649924655,4.59466017855692,8.83614921978482,4.49130611526301,0.486837746554589,-7.17139811637622
-7.04974112882839,-1.36812151847866,1.62096923693043,-0.250372965069809,-0.278692213910882,2.95085895053335,4.57826664585181,8.82422660346471,4.45007412727899,0.477895828772388,-7.14357889372146
-7.04328304723693,-1.36166342850562,1.62494341830788,-0.266269661262681,-0.300053649217235,2.93496206740343,4.57826664585181,8.82472337914441,4.41480339056009,0.46597327172977,-7.12122416122586
-7.04129594520548,-1.36712796617871,1.63090469037032,-0.295082423144906,-0.2995568716519,2.93545884500148,4.5444860330307,8.81230398714094,4.38251327946732,0.451566848630285,-7.11029518089951
-7.05470888389491,-1.37557316076045,1.60457573875297,-0.301540455979357,-0.313963421043185,2.9131038530824,4.5360408798185,8.80137492218618,4.37953265382795,0.426728188114922,-7.08595336108157
-7.05868308795406,-1.36216020465776,1.60010478470474,-0.319424239212098,-0.330357080699237,2.89521985955072,4.52163444198114,8.77355548410663,4.33482326923739,0.401392754401717,-7.06210831308988
-7.06712827157398,-1.35768921929257,1.59116287660761,-0.331346761367558,-0.349234628189376,2.86789709164503,4.5146796099197,8.77057483002553,4.30700409658869,0.378044413509514,-7.02236656643235
-7.04676047577574,-1.33583106860509,1.58321451384989,-0.320914554483763,-0.376060616731187,2.85647120688423,4.49480866117658,8.75070380281409,4.30998472222724,0.364134763624241,-7.0099472706036
-7.0129797413016,-1.34477303933595,1.5578791075555,-0.290611477348935,-0.368112175685923,2.86243253806472,4.44711838421956,8.70798109430947,4.3079976384687,0.36959926893842,-7.00945049877053
-7.00503133317779,-1.33136008322529,1.55589201686577,-0.291108249105581,-0.357183069252065,2.84752921012416,4.41631841365746,8.66277450740052,4.28862357180385,0.373076681411079,-6.9821280479588
-7.01297974129103,-1.34477303932485,1.54545979074455,-0.315450065183093,-0.360163734644536,2.83361943737554,4.38949263283638,8.63098086386548,4.2608043991725,0.360657351143984,-6.96722489296892
-7.01496684332248,-1.34974080084589,1.54396947272763,-0.313462978157182,-0.375563839168086,2.80977411266361,4.36664104176783,8.60365820143743,4.24292064532155,0.362147670774649,-6.95232173798375
-7.02639267998538,-1.3666311900099,1.53105338324748,-0.347243457609562,-0.373576728906108,2.78046423436479,4.35620879367871,8.57037423086897,4.21659178547655,0.359167031512805,-6.92549605900656
-7.03483786362011,-1.35868277157674,1.52211147515302,-0.330849989636928,-0.368112175688204,2.76556090641889,4.33534429749264,8.54752254956168,4.20069511538086,0.344263835191301,-6.9115864476867
-7.03881206767758,-1.35421178620956,1.52509211118725,-0.335320935446633,-0.37158961864621,2.76754801681256,4.30106691088459,8.50231596263759,4.18330813247564,0.361650897555522,-6.91705093784854
-7.06514116958492,-1.38054092227024,1.50720829498237,-0.331843533150109,-0.365131510295319,2.77251579279494,4.28765402047386,8.47747717860409,4.17386948460479,0.368605722499824,-6.90512841385836
-7.08004443480328,-1.40885716293086,1.49776961420799,-0.344759598826655,-0.353208848720613,2.77201901519636,4.26778307171199,8.4660513379556,4.14903093756415,0.368108949289034,-6.88774139970889
-7.09196704697591,-1.40935393908262,1.48286643402707,-0.345256370582901,-0.328369970439977,2.76854157200719,4.23400245879804,8.43773512414392,4.12071499397988,0.383508918804259,-6.86439312356192
-7.10041223059029,-1.40488295371677,1.48435675204545,-0.359165979753765,-0.33830552174703,2.75264468885589,4.19724120355694,8.43028348892993,4.10382478202429,0.380528279542178,-6.8440254784119
-7.10885741422193,-1.42674110441955,1.48137611601041,-0.363140153807386,-0.356686291661798,2.74668335767703,4.19078314520655,8.42332862939608,4.07749592216746,0.369102495701009,-6.83359326992538
-7.11978647538164,-1.42276689520407,1.47740193462919,-0.350720859886535,-0.367118620538797,2.74618658007871,4.18084767081816,8.40643825624677,4.05067029137898,0.363637990380871,-6.79732892614129
-7.11879292436589,-1.43717340362105,1.47392452592253,-0.36761109961315,-0.353705626275711,2.74171558169255,4.16495091179675,8.39948339671345,4.03676070503934,0.358670258278195,-6.78590317399
-7.10836063871696,-1.44512182205539,1.47094388988723,-0.347243457583468,-0.355692736537689,2.73525747290995,4.14160254700381,8.38458012629105,4.04421226914995,0.351218660121505,-6.79186443598328
-7.10140578160581,-1.46250898738144,1.45951811842623,-0.347740229340015,-0.368608953236858,2.71836703455991,4.1192477296346,8.35328325836974,4.03378007939275,0.362147670758438,-6.7695097035157
-7.09792835305549,-1.47194773426871,1.44908589230408,-0.355191805691774,-0.373576728892158,2.69998626341215,4.10583483920488,8.34434129610847,3.98907069470955,0.330354185280171,-6.7402001653842
-7.08451541434462,-1.47294128657347,1.45852457308126,-0.359662751501704,-0.379041282112012,2.67017960750219,4.07900905835326,8.31453475522604,3.97615465024745,0.311476803282472,-6.7148648019176
-7.05917986347852,-1.46896707735588,1.45852457308126,-0.345753142311928,-0.382518725070598,2.661237610726,4.05764778840963,8.27429592506224,3.98112235965806,0.331347731703745,-6.69400038494883
-7.0472572513059,-1.47691549578549,1.46995034455449,-0.344262827043227,-0.390963943682699,2.65577305714199,4.04572521913066,8.24498615984495,3.95976120920818,0.321909040712049,-6.68307140462969
-7.06663149607876,-1.50076075107991,1.47690516197184,-0.376552991227681,-0.387983278290086,2.63639873078687,4.05814456212597,8.23902485167169,3.91256796984451,0.303528431918705,-6.65922635666318
-7.05868308795479,-1.49877364646973,1.47690516197184,-0.382017480552718,-0.399409162299315,2.61106307325994,4.03380264986125,8.20226345123678,3.91256796984451,0.298063926600893,-6.64631028901721
-7.02788300651656,-1.49927042262162,1.47193743524398,-0.360656295027143,-0.40040271743073,2.58523063813309,4.02138330686801,8.16748915352986,3.90660671855327,0.327373546026559,-6.66518761865388
-7.0671282716676,-1.51864469257568,1.46547939050112,-0.374069132467403,-0.414809266824757,2.54499165261952,4.01740911711045,8.1441406965068,3.86239410476628,0.28713491594619,-6.63637485237469
-7.06166374109127,-1.51417370720603,1.44809234695128,-0.346746685875243,-0.413318934128256,2.53753998863741,3.97170593487439,8.10588896903659,3.85196191501064,0.307005844357423,-6.60507822692049
-7.06563794515455,-1.51417370720603,1.43666657548247,-0.346249914118697,-0.420273820046503,2.53058510225447,3.95779627071945,8.08055340925356,3.83705878677658,0.307999390778645,-6.59166538744632
-7.05470888399947,-1.49827687034545,1.42076984995048,-0.326379043853592,-0.434183591887632,2.52710765906274,3.94289305911908,8.03882425197947,3.83954264148384,0.345257381568038,-6.59563956210688
-7.05520565950715,-1.51218660261647,1.41679566857126,-0.326379043853592,-0.434680369453144,2.51617855188634,3.92202856287335,8.01348869219318,3.81172346876776,0.361154124304211,-6.56533648033588
-7.06563794515488,-1.5186446925954,1.40686021511879,-0.339295109529488,-0.425241595709759,2.51568177428756,3.91358340963279,7.96927565648429,3.78787846358552,0.36016057788365,-6.55242041269434
-7.09047672052074,-1.54248994790044,1.38649253553062,-0.348733772899827,-0.435673924588247,2.5062429999122,3.88477053384247,7.9593401428412,3.77496241911633,0.34028964946449,-6.52907213656862
-7.0785541083511,-1.53404475331423,1.38003449078603,-0.323895185060941,-0.439648145111825,2.49581067032978,3.85248024203673,7.91214645307118,3.76900116782032,0.353205752942784,-6.51317543793266
-7.09792835315756,-1.5290769917895,1.37009903733208,-0.320417782763015,-0.427228705971654,2.47246212317306,3.84900282599621,7.90767547193243,3.73671105662757,0.356186392207243,-6.47591755051717
-7.0909734960637,-1.53404475330906,1.3676151739676,-0.340288653018614,-0.425241595708872,2.45457812960715,3.83012542462998,7.88283668781767,3.71038219673655,0.355689618997022,-6.46498857020005
-7.06911537369373,-1.51715436411745,1.36115712922224,-0.320417782739999,-0.431202926495516,2.4575587952031,3.82565446115167,7.86296566054173,3.7069048001424,0.365625083222457,-6.44313060958915
-7.08650251644061,-1.5260963348576,1.36264744724151,-0.37257881717605,-0.461009580445757,2.42228758565587,3.83459638812008,7.82521070867854,3.66915020860008,0.338302556651562,-6.42624036729134
-7.08501218991681,-1.52559955870525,1.36165390189602,-0.417785047072993,-0.470945131761558,2.39993259369683,3.81969317651351,7.82620426004321,3.64282134869262,0.313463896105151,-6.38401476157048
-7.09941867962221,-1.55043836630465,1.36016358387662,-0.455539700593805,-0.473925797157291,2.37708082413847,3.79684158536883,7.82769458709026,3.63288592986173,0.274715585682636,-6.35172459246556
-7.10239933266852,-1.53752218633843,1.31793790666406,-0.458520331134321,-0.477900017681814,2.36317105136118,3.78442224235386,7.80384935431982,3.62444082385093,0.258818842946463,-6.33632466567325
-7.12872843456013,-1.53205764866384,1.3144604979543,-0.486836321299533,-0.51664866781344,2.31249973623113,3.76157065121236,7.8098106625112,3.58867331602398,0.224541491404724,-6.30949898673957
-7.09196704702716,-1.53056732020656,1.31495727062748,-0.475410570904434,-0.51565511268193,2.3000802962578,3.74517711841439,7.76410729968705,3.56929924930446,0.248883378715282,-6.29062165711659
-7.0959412510831,-1.53801896248836,1.29011863697119,-0.481868603739536,-0.534532660179257,2.28070596987823,3.72928035935016,7.74423627238091,3.53800267997112,0.262296255394826,-6.26627983734328
-7.0288765575843,-1.50920594566571,1.25832518587884,-0.447591352549923,-0.555894095504925,2.29511252025425,3.6895384616962,7.70995875028267,3.5668153945764,0.275709132079007,-6.27969267680862
-7.0621605165505,-1.5251027825354,1.26229936726184,-0.459513874712889,-0.558874760899169,2.26828652988,3.67860943984349,7.70697809618674,3.53353174145674,0.242425326964079,-6.21809296962596
-7.03384431259877,-1.51318015487807,1.24888650509043,-0.45901710295618,-0.590668525123353,2.26977686267783,3.64333850569764,7.66425538747413,3.53452528334085,0.263289801820289,-6.21262847947522
-7.03036688404846,-1.50324463183367,1.24044136964616,-0.441133319705426,-0.575765198142912,2.27027364027745,3.6095578926824,7.65382309813047,3.51415767471589,0.26478012145246,-6.19275760619337
-7.01496684330753,-1.50274785568133,1.21609950866336,-0.39940449210457,-0.557881205777875,2.25586708989264,3.57875792198946,7.61060361372012,3.51465444565787,0.278192998151624,-6.21113816397193
-7.00205068012301,-1.50672206489968,1.20715760054417,-0.372578817227088,-0.583216861658795,2.24692509310292,3.57080954245403,7.58179062412324,3.48584173102021,0.285644596316043,-6.19822209633771
-7.01347651680374,-1.5072188410521,1.224047871442,-0.383507795879501,-0.600107298896461,2.23400887551667,3.56335793664092,7.57185511046019,3.46000964202375,0.271734946410793,-6.17735767940333
-6.93647631323411,-1.49281233264337,1.20218987382121,-0.331346761396164,-0.597623411065353,2.25040253630594,3.5206353966024,7.52118399077468,3.45752578731116,0.330354185241081,-6.17238996108437
-6.98565708845898,-1.4878445711198,1.21113178193588,-0.358669208004147,-0.611533182910785,2.2240733235409,3.52709345497915,7.52217754214157,3.43318401114963,0.294089740868881,-6.15351263147085
-7.01347651686767,-1.48188325729417,1.23795750628308,-0.388972285181707,-0.610042850213007,2.202711886745,3.53951279799929,7.52416464487311,3.39542941950735,0.273225266029873,-6.12271277790266
-7.0070184352807,-1.48983167572446,1.23994459697813,-0.384004567622935,-0.608552517515158,2.17439556358378,3.50821605353465,7.47697095492798,3.36611993396024,0.273225266029873,-6.10035804546309
-6.99459904760172,-1.47890260037539,1.21212532727729,-0.386488426407793,-0.611036405344019,2.1863182259761,3.48089349887365,7.43524179753669,3.37456503998095,0.299057472989895,-6.11079025393049
-6.98168288440599,-1.48436713805091,1.20417696450397,-0.383011024111181,-0.589674970000558,2.16048579080035,3.44959675443249,7.40692558357034,3.35618451511694,0.296076833726149,-6.08744197784079
-6.97274092527876,-1.48883812342037,1.20715760054361,-0.38847551343608,-0.589674970000558,2.16644712199501,3.43469354278783,7.38407390213118,3.35270711852035,0.317438081774189,-6.06707433273777
-6.97125059875594,-1.48287680959309,1.19771891974481,-0.38946905694936,-0.612029960459249,2.16247290119765,3.41879678369976,7.36668675320313,3.32935888423422,0.334825144147659,-6.04173896931561
-6.94889570095186,-1.46996062963592,1.20218987380501,-0.38847551343608,-0.61053962775952,2.1555180148033,3.38899036041045,7.32793824988425,3.31544929784247,0.361650897514951,-6.02286163970433
-6.89077296658511,-1.45058635969954,1.1902673296436,-0.364630469111349,-0.623455844479898,2.16893100998888,3.34030653568836,7.28720264381218,3.32339763292188,0.405863713249346,-6.03627447916082
-6.92107627247863,-1.46896707732603,1.19126087499062,-0.372082045457668,-0.626436509877263,2.14160824200044,3.34974523640332,7.27031227055408,3.32240409103676,0.368108949278043,-6.03627447916082
-6.88431488492795,-1.45058635969798,1.18281573954912,-0.335320935484811,-0.612029960466095,2.12471780360741,3.29013238976013,7.2260992346777,3.32091377820957,0.411824991800195,-6.03428739183363
-6.84556639536692,-1.44611537432975,1.15400292450782,-0.320914554525739,-0.620475179088244,2.12670491400784,3.23846792273968,7.17095713380155,3.3596619117362,0.427224961326477,-6.04720345945593
-6.89822459912326,-1.46250898735076,1.15946742391797,-0.34724345760148,-0.635875283637815,2.10335636681429,3.24492598112576,7.1659893769585,3.31296544314819,0.410334672167048,-6.02087455237744
-6.89623749709518,-1.46996062963366,1.15847387857065,-0.324391956792582,-0.651772165749528,2.09590470281979,3.22654535342124,7.13866671433193,3.29607523110318,0.403876620430391,-5.99603596079314
-6.90120525216969,-1.46896707732893,1.16244805995779,-0.312469434637422,-0.659720606805007,2.09640148041959,3.19872602498312,7.10985372463926,3.28464949942239,0.430205600577026,-5.99404887346703
-6.88928264000488,-1.44909603124898,1.14357069836441,-0.303527543015648,-0.675617488917855,2.04970438602118,3.1828292658818,7.07955040790641,3.25931418134318,0.440637837986959,-5.98808761148774
-6.8907729665277,-1.47244451041447,1.15499646985701,-0.321908098020359,-0.683069152409405,2.03529783562516,3.16196476955726,7.06116970759399,3.22901115382455,0.421760455980724,-5.96473933540788
-6.92753435403801,-1.484367138067,1.14754487975602,-0.348733772896489,-0.673133601080598,2.00201373642384,3.17090669654927,7.04626643706599,3.21162417082119,0.394437929402563,-5.94586200580605
-6.99261194551725,-1.51616081181718,1.15052551579717,-0.368107871408138,-0.679591709443785,1.95879408524304,3.17190024399391,7.03384704495372,3.16443093124064,0.352212206512409,-5.91208152125808
-7.04576692479353,-1.53603185791611,1.16145451461049,-0.404868981424502,-0.676114266480234,1.94041331403303,3.16494541188862,7.03931157748002,3.12518602673852,0.354199299354906,-5.85296567331276
-7.07060570015986,-1.56037388937257,1.15300937916471,-0.442126863154218,-0.686049817797217,1.94637464523195,3.17140347028457,7.02589863399185,3.10531518903206,0.32687677279055,-5.81719810144126
-7.11680582233546,-1.58074171161251,1.15102228847038,-0.454049385326492,-0.680088487004757,1.94140686923055,3.17686798122648,7.02639540967613,3.03874788267051,0.304521978312753,-5.77497249576937
-7.11879292436611,-1.58024493546019,1.1415836076699,-0.483358918980437,-0.664688382455186,1.93842620362971,3.16544218561876,7.00900826071536,3.02136089965759,0.31545098894707,-5.73970169574964
-7.11680582233818,-1.57279329317728,1.15449969718039,-0.501739473976816,-0.678101376746362,1.92401965323369,3.14408091556004,6.97920171962402,3.00198683288242,0.325386453156385,-5.73175334644612
-7.10041223059593,-1.57875460700633,1.13413201756133,-0.514158767888597,-0.683565929973759,1.92103898763473,3.14507446300501,6.94343387029043,2.965722554026,0.288128462371947,-5.71386956051579
-7.12376067942387,-1.61352893765731,1.13711265360381,-0.543965073310273,-0.681082042142828,1.93594231564425,3.13315189366975,6.92704027269378,2.95280650950261,0.252857564438725,-5.68456002246466
-7.09693480202615,-1.58869013003523,1.11922883735107,-0.530552235872714,-0.702443477500018,1.94289720204343,3.11228739732087,6.88233046104985,2.95230973855929,0.280180091020519,-5.66965686752763
-7.04924435337424,-1.57179974086262,1.10979015655172,-0.490313723572198,-0.695985369138829,1.96078119564997,3.0665842148703,6.85600134975555,2.94287109063681,0.301541339075944,-5.66319883371865
-7.04825080235805,-1.57080618855727,1.10233856644785,-0.51068136561778,-0.674127156225339,1.95432308684605,3.06360357253624,6.84656261174487,2.91703900155581,0.298063926598383,-5.62743126187731
-6.98516031294883,-1.56434809857327,1.09339665832839,-0.487829864788741,-0.686546595383539,1.96674252685438,3.02137780612468,6.80831088402823,2.91405837589425,0.306509071176639,-5.62842480553949
-6.97820545584385,-1.57378684547136,1.08495152287835,-0.493791125872025,-0.714862916662889,1.95183919885426,3.0198874849566,6.78943340799203,2.88474889024098,0.301044565858972,-5.60060558299623
-6.92852790512074,-1.55093514247166,1.07700316009864,-0.463488048698281,-0.733740464178187,1.95432308685509,2.98759719300289,6.74174294224342,2.89915524760678,0.307005844389,-5.60507652947689
-6.91660529293916,-1.55441257553812,1.08097734148897,-0.436165602070345,-0.750630901426706,1.96624574925619,2.95928109081316,6.69206537369765,2.89369076722815,0.308992937230916,-5.60656684497002
-6.93846341525479,-1.55590290399452,1.06060966187173,-0.445107493696398,-0.745166348195927,1.9587940852548,2.96822301781759,6.6801427572482,2.86338773967015,0.286638142752524,-5.57179281678682
-6.95833443554978,-1.56285777013032,1.06259675256737,-0.455539700588336,-0.753114789256513,1.9424004244538,2.9468617477387,6.6632523839287,2.87531024231517,0.309489710442459,-5.54298005058357
-6.96479251714422,-1.56285777013032,1.06359029791474,-0.443617178414261,-0.762056785449247,1.92054221003661,2.93543595211828,6.64735556200348,2.84798784041111,0.301044565857015,-5.5186382308635
-6.98366998642118,-1.5777610547004,1.06110643454479,-0.449578439496494,-0.747153458453553,1.88427744521839,2.9274875725504,6.62847808594489,2.82612991889304,0.271734946431349,-5.48684483368418
-7.01794749638083,-1.59067723465484,1.05911934384951,-0.469946081514893,-0.766527783543113,1.86142567560763,2.92848111999622,6.60214897461462,2.80129137170722,0.24590273947751,-5.45157403367002
-6.99310872098865,-1.59316111541828,1.04918389037251,-0.450571982983241,-0.77199233676934,1.85894178760565,2.91010049225852,6.57035533075516,2.79880751698612,0.252857564431985,-5.44014828156118
-7.04328304719916,-1.59465144387597,1.03775811887958,-0.479384744902471,-0.766527783538821,1.83758035078727,2.931461762338,6.54800042491158,2.76751094751282,0.235470502060827,-5.41282583086074
-7.04626370024393,-1.60160631001384,1.02484202935949,-0.479881516659493,-0.749140568713615,1.83012868678368,2.9125843608648,6.51223257552912,2.73720791992756,0.235470502060827,-5.39494204495091
-7.06017341443675,-1.61650959457633,1.02633234738097,-0.494784669362074,-0.752121234112328,1.81721246917651,2.91755209809225,6.48987766966882,2.70392426668732,0.233483409217696,-5.34774872101502
-7.05669598588483,-1.60458696692204,1.0074549857685,-0.515152311390217,-0.754605121944146,1.79038647876557,2.90066179150158,6.48441313712097,2.6770986357159,0.223547945006002,-5.33185202242474
-7.04576692472469,-1.60607729537852,1.01689366656982,-0.508197506791826,-0.752121234112446,1.78641225796387,2.85992634622298,6.44914206341482,2.67113738438758,0.25484465726826,-5.33582619707262
-7.01745072080898,-1.58719980158615,1.00844853111174,-0.483358918962947,-0.748147013581775,1.78889614596475,2.84253926590737,6.42678715752801,2.64878269192229,0.25186401800594,-5.32539398862515
-7.01943782283836,-1.58719980158615,0.994042123569028,-0.495778212894432,-0.738708239822891,1.78045092675269,2.84253926590737,6.39350318657961,2.63089893792838,0.235967275246513,-5.30949729004093
-7.02837978197438,-1.58869013004368,0.994042123569028,-0.502733017492648,-0.739205017389243,1.80528980677118,2.8370747549524,6.36270309402325,2.61053132921946,0.251864017991565,-5.29409736329183
-7.04527014921763,-1.59564499617594,0.990067942177757,-0.499255615195335,-0.734237241723539,1.8033026963692,2.82862960166118,6.34382561795298,2.59761528467057,0.266767214315447,-5.27124585907491
-7.08352186333154,-1.599619205398,0.993545350895378,-0.510681365609136,-0.744172793047616,1.79734136516338,2.81819735347732,6.3105416469814,2.58072507255888,0.271734946424201,-5.23498151544803
-7.04527014928101,-1.58769657773915,0.988577624156881,-0.487829864773189,-0.739701794950983,1.79386392195856,2.78988125127343,6.26831571365054,2.57426705028047,0.288128462374585,-5.2250460788346
-7.02987010855344,-1.56981263624595,0.980132488696036,-0.484352462474301,-0.74417279304751,1.77697348354172,2.77944900308232,6.25688987286159,2.5558865253292,0.30452197832279,-5.22603962249603
-7.01894104740131,-1.55689645629124,0.965726081149467,-0.476900886121602,-0.741192127648797,1.76405726592748,2.7605716016107,6.2395027238412,2.54098339699461,0.316444535378408,-5.2434266365708
-7.02341202696815,-1.57577395008001,0.965726081149467,-0.475907342607547,-0.740695350082409,1.7595862675227,2.73871355776381,6.19678001477727,2.53402860377389,0.319921947853102,-5.23051056897113
-7.03533463914308,-1.59564499617556,0.958274491043605,-0.49230081059339,-0.733243686589085,1.74865716031456,2.73871355776381,6.15902506256955,2.50024817954628,0.298063926596096,-5.18977527885014
-7.08650251641695,-1.61352893766269,0.978642170670534,-0.529558692348437,-0.734734019287998,1.71785694908515,2.73324904680398,6.13070884840902,2.45951296210044,0.290612328438217,-5.17487212393018
-7.07855410830034,-1.60210308615739,0.974171216603028,-0.519623257202623,-0.734237241721859,1.73176672190341,2.7044361708592,6.07755384990947,2.45951296210044,0.332838051363186,-5.15400770704855
-7.09693480208967,-1.60756762383581,0.966719626490961,-0.515152311389203,-0.725295245529339,1.69848262267268,2.69301037522069,6.06712156048405,2.42622930879948,0.314457442562997,-5.12966588736117
-7.07905088383245,-1.61253538536012,0.950822900916424,-0.522603887741338,-0.718340359599339,1.68357929465249,2.66817168904691,6.03383758947299,2.40437138723608,0.316941308615822,-5.11178210146193
-7.07805733281579,-1.62098057995924,0.93492617534425,-0.535023181676889,-0.69797247939007,1.66867596663136,2.66717814160051,6.00502459963026,2.37853929809631,0.310980030085159,-5.10631761132939
-7.11034774077678,-1.6254515653306,0.927971357907872,-0.545952160334256,-0.697475701823837,1.65625652660996,2.64979106127765,5.96627609602167,2.34575241572744,0.300051019453168,-5.07849838882568
-7.097431577593,-1.62743866994028,0.915055268371261,-0.521113572502876,-0.696978924257509,1.67463729782771,2.64532009776532,5.91212754610361,2.36164908595656,0.307005844396545,-5.05912428743241
-7.11779937338026,-1.65277425370431,0.903629496859975,-0.512668452639887,-0.701449922355738,1.67811474103223,2.62097818531197,5.8763596966409,2.35419752178508,0.326379999595694,-5.02285994379981
-7.10488321018926,-1.65376780600941,0.893197270696565,-0.49428789763888,-0.690024038332097,1.66072752500557,2.61799754296714,5.84953380950581,2.34525564478343,0.342276742328908,-4.99305363397127
-7.05719276152265,-1.63985807374075,0.854449002092494,-0.46199773343735,-0.689527260765971,1.67612763061558,2.58471370346329,5.81326918428924,2.36910065012652,0.366618629636229,-4.98013756638112
-7.01794749642002,-1.63041932684306,0.814707188163241,-0.447094580726887,-0.694991813996229,1.68059862902234,2.56981049174618,5.78843039990361,2.37903606902345,0.365128310004296,-4.96324732414561
-7.00205068019414,-1.6338967599093,0.805268507350131,-0.423746308153924,-0.689527260769482,1.66867596660719,2.55888146982395,5.76905614807758,2.34177824815112,0.356683165426939,-4.94436999459598
-6.95982476204899,-1.63091610299364,0.787384691067606,-0.42324953639694,-0.69499181399779,1.66470174580038,2.54149438949046,5.71143016829253,2.34277179004151,0.385496011646215,-4.93592487348362
-6.98267643537986,-1.64432905911454,0.783907282346159,-0.421262449369429,-0.686546595371621,1.66917274420743,2.52857827266646,5.67814619722395,2.34078470626182,0.385992784856741,-4.91506045661188
-6.93548276213244,-1.62942577452991,0.776952464903575,-0.386985198126301,-0.707411253147217,1.67662440821917,2.49926862297285,5.64982998302617,2.33979116437116,0.40288307402201,-4.90512502000929
-6.88580521143997,-1.63041932683477,0.754597694552746,-0.354198262172365,-0.698469256957038,1.68755351543835,2.4784041265631,5.62300409586686,2.36313939879091,0.422754002439056,-4.90264116085817
-6.90766333375476,-1.66320655291888,0.76353960269454,-0.38499811108793,-0.702443477487993,1.65178552819064,2.44462351332264,5.60064918989298,2.32985574548412,0.39741856870429,-4.8594220116321
-6.84357929340528,-1.64581938758767,0.754100921874973,-0.381520708792456,-0.693998258858808,1.64433386418031,2.40239774674332,5.54699741557436,2.32886220359438,0.389966970553149,-4.85544783698955
-6.85152770152205,-1.65327102987722,0.758571875945804,-0.400894807307519,-0.697972479388061,1.63141764655222,2.39842355694944,5.5181844256469,2.30352688540119,0.382018599188233,-4.83011247365379
-6.91412141541507,-1.68655503210528,0.783410509676705,-0.438649460840692,-0.705424142881208,1.59217221610689,2.4197848270859,5.51967475271194,2.25434656184972,0.347244474453779,-4.79186104273963
-6.92654080309932,-1.68953568901993,0.790862099795643,-0.437159145570265,-0.683069152402832,1.58273344169162,2.40587516280539,5.48589400589608,2.23397895310567,0.347741247664436,-4.75112575267332
-6.93200533367586,-1.69450345054403,0.79135887247015,-0.451068754759341,-0.696978924255547,1.55590745123552,2.38451389266537,5.45310681045377,2.23596603688729,0.342773515558325,-4.74516449071224
-6.95783766006232,-1.7208325866455,0.798810462590196,-0.459017102872588,-0.679094931877315,1.55342356323093,2.37606873935443,5.45608746458481,2.21510165717871,0.327870319243559,-4.72777747666332
-6.92952145615534,-1.71040028743969,0.796823371891901,-0.459513874629447,-0.687540150503484,1.53007501598481,2.36762358604138,5.43224223154509,2.18728248424227,0.323896133558987,-4.70144856967496
-6.93399243572244,-1.72431001971839,0.798810462590078,-0.469449309766253,-0.678598154311389,1.50871357914485,2.34973973196743,5.40790022281547,2.16492779168926,0.309986483659287,-4.68406155562672
-6.96429574163347,-1.73275521431142,0.806262052710345,-0.481371831925015,-0.693998258863525,1.50275224793502,2.3412945786518,5.38306143837538,2.11723778093035,0.295083287348484,-4.65226815850682
-6.99062484353726,-1.71934225818055,0.793842735845449,-0.482365375439222,-0.681082042140688,1.50175869273292,2.34179135237639,5.36468073788853,2.09736694310868,0.291109101661481,-4.63637145995335
-7.02043137391256,-1.71983903433269,0.776952464891856,-0.489816951787416,-0.678101376742968,1.48685536470521,2.34427522100146,5.34729358877172,2.07699933435801,0.308992937219227,-4.61252641210683
-7.04427659827756,-1.73027133354204,0.758075103251318,-0.484352462460728,-0.679591709441633,1.48884247510999,2.33483652023746,5.31798382311161,2.07054131206831,0.298560699797642,-4.59116522342519
-6.98615386394329,-1.7049357497522,0.727771970094661,-0.453055841763634,-0.672140045948486,1.49480380632108,2.29360430111394,5.26383527300777,2.08743152421082,0.336315463792037,-4.61103609662251
-6.9826764353911,-1.71586482510916,0.707901063103438,-0.449081667709712,-0.684062707533974,1.49281669591738,2.29310752738943,5.24495779682015,2.05861880936651,0.345754154792017,-4.58669427696971
-7.00701843524612,-1.74418106581666,0.693991428211651,-0.459513874607956,-0.683565929967646,1.5022554703406,2.29559139601168,5.21664158252959,2.02136098842804,0.330850958465756,-4.54893961790473
-6.99161839451261,-1.72878100507446,0.674120521217473,-0.461997733394002,-0.688036928060767,1.49231991831961,2.27373335212955,5.18335761137342,2.01192234045744,0.329857412044349,-4.53353969118237
-6.9667796191812,-1.73027133353215,0.662694749697689,-0.43964300434773,-0.663198049758259,1.49679091673023,2.25435917686689,5.13715747227492,2.02086421747697,0.352212206509067,-4.54049449680015
-6.95783766004777,-1.73076810968512,0.640836752004744,-0.43070111272438,-0.664688382456676,1.50622969115027,2.23647532277506,5.09046055748297,2.01092879855644,0.348734794032523,-4.52757842922664
-6.94442472136145,-1.73424554275372,0.635869025258268,-0.416294731783449,-0.644320502244983,1.50473935834757,2.21511405260595,5.06909920283887,2.00745140193413,0.365625083183868,-4.50770755604029
-6.9066697827908,-1.72431001969877,0.621959390358619,-0.402385122589119,-0.636868838754674,1.50772002395374,2.20170116203726,5.02289906369983,2.01539973706518,0.395928249025907,-4.50870109969969
-6.94442472131563,-1.75610369345773,0.6413335246863,-0.4252366234078,-0.629913952828317,1.49033280790951,2.20517857811178,5.01296354991174,1.98112254180351,0.367115402841112,-4.46101100405182
-6.91958594593589,-1.7531230365403,0.621462617673206,-0.42772048219247,-0.629417175262084,1.4957973615218,2.18779149774399,4.99259574663014,1.94535503369945,0.370592815315621,-4.44859170831223
-6.94144406823427,-1.75958112652334,0.620469072322876,-0.42772048219247,-0.634384950923886,1.48288114389588,2.18779149774399,4.99656995214753,1.91803263169704,0.347244474433353,-4.40984350558713
-6.92157304794503,-1.75511014114942,0.606062664739454,-0.407849611934871,-0.642333391984661,1.46301003984973,2.15450765817077,4.95384724281246,1.90064564858112,0.3621476707394,-4.40934673375764
-6.90468268069624,-1.73076810966196,0.59513366588778,-0.384501339360732,-0.636868838755833,1.46151970704631,2.12221736605467,4.93546654228576,1.9185294026403,0.391954063380031,-4.39692743802083
-6.87338582375004,-1.70394219742556,0.59612721123805,-0.345256370577761,-0.646804390077309,1.45357126542651,2.09737867979254,4.88529219759832,1.91803263169436,0.429212054146635,-4.38798554508814
-6.8758697012821,-1.71238739202092,0.580230485632304,-0.357675664489229,-0.679094931876334,1.44959704461711,2.08793997901595,4.8718792539683,1.89220054251585,0.431199146986648,-4.36761790006825
-6.87636647678943,-1.70394219742198,0.586688530408197,-0.361153066786718,-0.681578819707264,1.41929361093939,2.07899805196332,4.86740827275888,1.88921991683872,0.436166879095798,-4.35023088603397
-6.87586970128266,-1.70841318279666,0.585694985058725,-0.382514252323588,-0.703437032618154,1.39644184128631,2.07104967235899,4.83412430152198,1.87282647561104,0.427721734522035,-4.31744394529933
-6.87636647678981,-1.7133809443236,0.592153029835003,-0.388475513405671,-0.730263021195717,1.37955140284637,2.05117872334984,4.84107916118441,1.84401376074584,0.405863713263866,-4.28266991723602
-6.85947610954819,-1.70294864511668,0.615998118207447,-0.379036850020833,-0.722811357705762,1.37011262841699,2.03627551159711,4.81027906840876,1.83705896749712,0.398412115105393,-4.27968928626003
-6.84059864027559,-1.69500022667205,0.620469072287455,-0.357178892726466,-0.732746909032677,1.36315774200113,2.02385616846691,4.79040804079618,1.85742657628649,0.422257229198873,-4.26677321869519
-6.81874051797722,-1.67512918057608,0.610036846105426,-0.364630469078413,-0.742682460359829,1.34974474676673,2.00348844573224,4.75960794801497,1.83556865465751,0.442128157611162,-4.25584423844657
-6.81277921189343,-1.68605825593606,0.619972299612564,-0.38897228514673,-0.761560007891302,1.36216418679754,2.00348844573224,4.75662729387177,1.83060094519302,0.435670105880002,-4.23348950612648
-6.81128888537201,-1.69798088360022,0.608049755402579,-0.415301188264238,-0.783914998381917,1.35421574517773,2.00746263553429,4.74470467730453,1.79980114652553,0.426728188092807,-4.22802501600357
-6.82619215057976,-1.72778745275367,0.595133665844452,-0.438649460821914,-0.784411775948115,1.34577052595376,2.01441746769117,4.74321435023261,1.76800780595917,0.38748310448323,-4.20368319636421
-6.83364378317738,-1.71536804893802,0.604572346674689,-0.43964300433517,-0.795340882414485,1.32440908909178,2.00994650416368,4.72781430383107,1.76949811879731,0.3770508670708,-4.17039948379436
-6.83265023216273,-1.71189061586875,0.591656257120405,-0.434178515010821,-0.81372165237256,1.34626730355175,1.99255942377076,4.6945303325727,1.78191739244905,0.389966970548407,-4.14407057684339
-6.8644438646151,-1.7233164673857,0.581720803622429,-0.446597808938239,-0.824650758836589,1.32093164586704,1.99206265004537,4.70446584638078,1.76204655457918,0.362644443960072,-4.13711577123667
-6.87586970128219,-1.72878100506655,0.590165939095332,-0.455539700564742,-0.810244209411019,1.30950576103317,2.00299167200314,4.7004916408597,1.74565311334411,0.358173485063205,-4.11277395161139
-6.89474717055296,-1.73623264735674,0.581720803633984,-0.471436396794441,-0.833095977455309,1.29112498976513,2.01292714650634,4.68409804307192,1.72925967210536,0.349231567269113,-4.09240630661506
-6.88977941548353,-1.74169718503713,0.573772440824254,-0.467958994499842,-0.82763142422492,1.29360887777103,2.0099465041538,4.65677538007113,1.69995018627992,0.349728340479071,-4.07154188978887
-6.92604402748868,-1.77349085879878,0.570791804771048,-0.475410570854604,-0.820179760729113,1.2747313289097,2.0134239202321,4.64683986626022,1.66915038758007,0.334825144171835,-4.04024526454896
-6.98615386389665,-1.78491671031694,0.570791804771048,-0.520616800775457,-0.795340882401774,1.24492467282478,2.0134239202321,4.65081407178438,1.63934413076706,0.309489710435722,-4.00497446469303
-6.94591504785086,-1.77647151572087,0.569798259419832,-0.490810495362038,-0.770998781646487,1.24343434002077,2.00448199317624,4.62597528724557,1.65623434294547,0.325883226375643,-3.99851643091243
-6.96330219060411,-1.76107145498685,0.569798259419832,-0.486836321307716,-0.770998781646487,1.24591822802814,1.99106910258555,4.61156879221102,1.6507698625305,0.33134773169331,-3.97963910140699
-6.96826994567039,-1.76752954497016,0.576256304195341,-0.494287897658725,-0.746656680888302,1.24144722961272,1.98908200768408,4.5946784187242,1.61251849964965,0.323399360327548,-3.96871012116656
-6.97174737422184,-1.77647151572075,0.588675621074645,-0.493294354145369,-0.732250131460332,1.21362768393287,1.9776562119881,4.55592991479865,1.55638338268199,0.340289649477096,-3.95678759727027
-6.935482762209,-1.74120040888206,0.595630438523849,-0.463488048732701,-0.706417698009122,1.23349878800162,1.96772073747744,4.51370398107887,1.56135109215133,0.373573454588484,-3.96374240287699
-6.95783766005055,-1.74914882732922,0.578243394898512,-0.467958994547472,-0.705424142876691,1.22207290316221,1.95877881042158,4.46005220646398,1.53253837722055,0.376554093853181,-3.95231665081339
-6.93001823165633,-1.74616817041286,0.538501580905426,-0.44610103723494,-0.710391918541804,1.25486022487356,1.93344335042752,4.42577468377167,1.52459004206962,0.403876620432795,-3.95082633532628
-6.93647631324678,-1.7561036934714,0.544959625688621,-0.468952538039235,-0.72380491283713,1.23101490000613,1.92450142336694,4.42229725393242,1.51068045556105,0.39443792944135,-3.9418844424043
-6.9096504358682,-1.73474231890802,0.547443489066329,-0.455042928845956,-0.725792023102419,1.2464150056573,1.89370145236422,4.37013580634102,1.52359650018293,0.421760455995534,-3.94436830154937
-6.85848255858643,-1.7223229150842,0.540488671611953,-0.408843155411523,-0.71585647177976,1.24790533846244,1.86389502881321,4.31250982616042,1.54495765090347,0.436166879104597,-3.94834247617938
-6.87338582378126,-1.70890995896728,0.550920897796776,-0.404372209603395,-0.729766243636448,1.24691178325971,1.83110796290344,4.27177421944738,1.52459004209831,0.441631384414707,-3.93592318045057
-6.84705672190232,-1.72977455738355,0.558372487927684,-0.397417405010258,-0.729766243636448,1.25138278167231,1.82564345191917,4.25488384594486,1.50919014273895,0.455541034307009,-3.92499420021488
-6.83960508930326,-1.74517461812019,0.542475762321938,-0.395927089739831,-0.735727574431745,1.25436344728269,1.79732734954924,4.22954828568683,1.50968691368592,0.47292809666522,-3.91307167631984
-6.84457284437758,-1.7541165888742,0.532540308819233,-0.400894807307108,-0.731753353901641,1.25734411289281,1.79037251738289,4.22309020169165,1.4992547237895,0.462495859251126,-3.90661364254425
-6.85103092596518,-1.77051020190529,0.507701675058777,-0.417785047035424,-0.742682460357867,1.23995689683357,1.77695962678475,4.18980623034135,1.48733222106101,0.470444230612237,-3.89320080316101
-6.82221794652857,-1.76901987344624,0.485843677332668,-0.384998111083965,-0.746159903321583,1.24691178325822,1.75907577265961,4.17092875405238,1.50024826569032,0.482366787666269,-3.89419434681858
-6.81377276291484,-1.76305855961467,0.472430815088653,-0.371585273654175,-0.74268246035588,1.22952456720484,1.74864352441632,4.14211576391597,1.51217076841553,0.493792571496804,-3.89220725950253
-6.84357929335329,-1.76951664960497,0.471437269737555,-0.388972285153437,-0.733740464158038,1.22555034639126,1.741688692255,4.10684468979666,1.48484836631677,0.47789582876359,-3.86687189623505
-6.87040517073188,-1.80379420414635,0.463488906927588,-0.397417405019615,-0.721321025003089,1.19723402308943,1.75063061932577,4.11280599809998,1.43964221010344,0.448089436157044,-3.84799456673655
-6.85252125248259,-1.80081354722962,0.451069590037569,-0.388972285156201,-0.733243686590847,1.19027913666464,1.72678548044916,4.09641240025845,1.43219064590122,0.467960364565107,-3.86240094977384
-6.89276006855163,-1.83956208714391,0.446101863283704,-0.412320557720933,-0.713869361507282,1.15699503734914,1.74864352439569,4.09094786764404,1.3934425120191,0.441134611209228,-3.82563983444046
-6.89623749710014,-1.84303952021509,0.442624454556361,-0.431694656236484,-0.733243686598225,1.13016904686086,1.72877257534787,4.06759941013085,1.40188761812087,0.460011993189358,-3.82911723724238
-6.91908917041075,-1.84005886329753,0.445605090608591,-0.439146232589745,-0.728772688501592,1.10582694436512,1.73473386006105,4.04623805537758,1.37704907075682,0.4570313539291,-3.8082528204351
-6.90517945620507,-1.84403307252263,0.441630909205854,-0.437159145562684,-0.73423724173068,1.08794295069873,1.73970159732301,4.04276062553312,1.3849974059165,0.432689466606889,-3.79235612191527
-6.89524394607098,-1.86340734248327,0.45156636271447,-0.43268819975084,-0.750134123859042,1.08148484187347,1.73771450241872,4.02934768183836,1.36612010991509,0.414308857829187,-3.77894328253679
-6.88282455839272,-1.87383964169861,0.455043771445538,-0.428217253943499,-0.747650236027757,1.07452995544883,1.71535968473713,3.99507015905579,1.35072021054841,0.426728188085713,-3.77447233607794
-6.8987213746091,-1.8768202986142,0.458024407500694,-0.431197884482664,-0.750134123860343,1.05465885137214,1.70790807884533,3.99457338336341,1.31346238950838,0.414805631044997,-3.74466602634973
-6.87736002779138,-1.85297504327424,0.449082499338151,-0.416294731768073,-0.74665668089555,1.04869752015051,1.68654680861863,3.99208950490186,1.31594624424618,0.427721734516763,-3.74267893903535
-6.83612766072099,-1.84452984867242,0.454050226094824,-0.413314101226656,-0.754108344387633,1.03478774728804,1.67909520272663,3.97370880429404,1.33233968552225,0.434676559462544,-3.73075641514642
-6.84407606883025,-1.84154919175607,0.451566362715712,-0.420268905819793,-0.752618011688791,1.01938764162585,1.68803712980909,3.99059917782751,1.29657217731264,0.423747548840726,-3.69051789702154
-6.80433402826785,-1.8296265640833,0.456534089469576,-0.412817329466344,-0.765037450842853,1.02286508484011,1.67015327567301,3.98861207505825,1.31346238952696,0.450573302196604,-3.6959823871364
-6.79986304870557,-1.82118136948274,0.43815350047016,-0.402881894327787,-0.761063230309911,1.01541342081018,1.66617908586079,3.96079263628214,1.29706894826729,0.420270136377128,-3.66816316472999
-6.796385620157,-1.8102522941216,0.439147045820785,-0.392946459190732,-0.770502004070593,1.01839408642325,1.64481781562934,3.95334100089752,1.2911076968953,0.415799177485849,-3.65276323804629
-6.79688239566422,-1.80180709951907,0.434179319066034,-0.389965828650516,-0.776463334867593,1.01591019841296,1.62146945048615,3.946882916899,1.25037247916831,0.435173332704063,-3.64034394233233
-6.8112888853599,-1.77994894879541,0.419276138800893,-0.38897228513691,-0.774973002167545,1.00845853438161,1.59414689552982,3.94588936551384,1.27223040085251,0.453057168271794,-3.6338859085592
-6.79737917116735,-1.74368428963831,0.414308412042003,-0.395430317970061,-0.783418220795121,0.994051983924041,1.57526949391025,3.9359538516524,1.2727271718,0.45405071469196,-3.61302149175822
-6.76310166121297,-1.73672942350251,0.406856821903114,-0.397417404996422,-0.783914998361674,0.996039094332463,1.566327566836,3.93297319749782,1.26775946232272,0.46299263247321,-3.60855054530102
-6.7243531716818,-1.73772297580786,0.412818094012008,-0.381023937023376,-0.792856994558026,1.00150364795234,1.54297920167528,3.91210861840819,1.25981112716065,0.453057168264951,-3.60457637067258
-6.73279835529326,-1.70791640664935,0.411824548660791,-0.371088501888572,-0.811734542083208,1.00547786877103,1.52658566870194,3.88577950669612,1.24739185346791,0.448586209371532,-3.59811833690098
-6.73677255934881,-1.72182613892893,0.400895549788307,-0.381023937025878,-0.824650758810042,0.994051983918393,1.51366955180362,3.85597296515645,1.25285633389299,0.432192693426815,-3.59762156507254
-6.70448215143695,-1.71586482509482,0.378044006708292,-0.35022408812815,-0.846508971739141,0.995045539122374,1.47243733247724,3.82865030205831,1.24987570820915,0.425237868486398,-3.59066675947194
-6.73726933491167,-1.72927778122654,0.37556014332844,-0.353204718669192,-0.830612089614942,0.976167990236006,1.46150831048909,3.83858581591153,1.21460497090763,0.437160425535991,-3.56980234268056
-6.74422419200929,-1.74120040889349,0.372082734600993,-0.34624991407623,-0.836076642846761,0.97517443503169,1.46399217912197,3.82169544236235,1.1957276748845,0.422754002434591,-3.58073132290706
-6.71789509013999,-1.73474231890538,0.358173099679826,-0.331843533138201,-0.843528306345406,0.984116431867519,1.43766317158346,3.76506301335947,1.21758559660206,0.444115250472406,-3.59563447776431
-6.69057243727571,-1.73474231890538,0.377547234021916,-0.302037227753303,-0.841541196078841,0.986600319878229,1.41481158013337,3.73177904192666,1.19721798776073,0.450573302200991,-3.597621565079
-6.69752729437105,-1.75660046962347,0.386489142186854,-0.317933923966987,-0.867870407116161,0.989084207888782,1.42425028094564,3.73475969608563,1.18132131743461,0.444612023679206,-3.59861510873593
-6.70249504943408,-1.77299408266117,0.396921368380367,-0.304024314786668,-0.865883296850021,0.970703436604494,1.40735997423762,3.69650796772749,1.18877288165007,0.435670105897956,-3.59911188056448
-6.713424110578,-1.78044572495262,0.379037552047299,-0.309488804109503,-0.863399409017317,0.957290441353434,1.39990836832884,3.67812726708216,1.18380517217216,0.455044261099166,-3.59116353130884
-6.72186929419222,-1.79832966644317,0.38301173345181,-0.316940380460137,-0.85445741281905,0.951329110125157,1.39146321497307,3.67862404277518,1.17436652416048,0.45454748788872,-3.55937013429549
-6.72137251868524,-1.78789736723271,0.380527870070702,-0.309488804106688,-0.856444523085426,0.954309775739421,1.39444385733505,3.65577236089682,1.14903120581333,0.455541034310021,-3.52658319363322
-6.78148235498436,-1.79485223337265,0.387979460208926,-0.350720859900032,-0.863399409022213,0.92350956439656,1.40934706915075,3.66521109906238,1.11028307188275,0.428715280944156,-3.49429302479006
-6.74521774296173,-1.78193605339382,0.405863276535609,-0.35022408814316,-0.8743285154813,0.940896780476658,1.40537287933521,3.6269593706993,1.12071526179536,0.433683013045907,-3.49628011210302
-6.73627578383657,-1.78441993415853,0.393443959645959,-0.355688577465996,-0.876315625747771,0.931458006033574,1.39295353616738,3.60907544574872,1.12369588748441,0.437657198730162,-3.48088018542114
-6.76707586527125,-1.79038124799365,0.393940732321914,-0.376552991241728,-0.867373629549716,0.912580457153962,1.41332125898358,3.62000451100787,1.09736702723076,0.422754002427285,-3.4515706475408
-6.79539206914932,-1.80131032335293,0.372082734601008,-0.404868981356312,-0.880786623852705,0.902644905109551,1.42673414962088,3.62348194086175,1.06905108319713,0.408844352547559,-3.41282244492315
-6.83712121176075,-1.821181369478,0.378540779383818,-0.412817329467958,-0.85892841091372,0.867870472938006,1.43219866061518,3.62447549224797,1.04570284863256,0.368605722475752,-3.36115817479748
-6.83016635467277,-1.80578130874529,0.367115007838201,-0.428714025674838,-0.867373629546121,0.892212575446556,1.423256733528,3.62298516516755,1.0273223235627,0.36264444395254,-3.34178407348878
-6.83513410973972,-1.80776841335674,0.391953641628956,-0.415301188248763,-0.887741509783024,0.884264133812701,1.42077286489105,3.60311413742312,1.03079972019736,0.360160577902226,-3.33482926789147
-6.8217211710596,-1.81820071256588,0.383011733467477,-0.394933546230365,-0.889728620048974,0.885257689017518,1.42325673352552,3.56585596041145,1.03427711683377,0.38003150630976,-3.35470014102168
-6.82718570163688,-1.82267169794122,0.391953641637736,-0.399404492042096,-0.899167393816845,0.879793135391079,1.40288901070875,3.55095268960659,1.01738690458437,0.389966970519868,-3.37010006769284
-6.79986304875628,-1.8206845933296,0.400398777123703,-0.395927089742944,-0.87929629114646,0.901154572294433,1.40189546325475,3.52512035356352,1.00844502751273,0.412818538204333,-3.3790419606005
-6.8182437425148,-1.83856853484065,0.398908459097211,-0.371585273671562,-0.89568995084582,0.879296357791667,1.38252128789139,3.5097203070582,0.988077418630638,0.392947609789401,-3.36463557758384
-6.83811476279715,-1.85297504328117,0.402385867827244,-0.400894807338056,-0.8991673938126,0.844025147997246,1.37208903962373,3.50375899873765,0.949329284638008,0.380528279523297,-3.32986154961555
-6.81625664048488,-1.83310399717002,0.399405231771289,-0.394933546257023,-0.904631947044289,0.838063816768968,1.35122454308002,3.49332670917222,0.964232413087762,0.384999238415409,-3.30899713283321
-6.8043340283219,-1.82912978794787,0.401392322474372,-0.38748196990714,-0.901154504076019,0.831108930335392,1.34178584226223,3.46501049462946,0.952309910324677,0.391457290146569,-3.2980681526149
-6.77105006932877,-1.81472327950551,0.40089554979886,-0.372578817200431,-0.894199618145689,0.854954255258546,1.31098587118159,3.42079745789297,0.943864804198818,0.412818538220176,-3.31148099196767
-6.76558553876096,-1.81621360796307,0.404869731206918,-0.36661755612135,-0.901154504080821,0.825644376724757,1.29906330172506,3.38850703778867,0.933929385235051,0.426231414894726,-3.3050229582003
-6.79886949773422,-1.83956208716028,0.39245041431616,-0.402385122611148,-0.9031416143489,0.814218491871399,1.30005684917988,3.40341030859892,0.889219999885789,0.402883074005628,-3.26478444012668
-6.78545655906107,-1.82366525027203,0.379037552064962,-0.419772134088955,-0.918541718916432,0.832102485550962,1.27621171027476,3.38403605652433,0.867362078161124,0.389966970543135,-3.23994584871554
-6.75217260010833,-1.80528453262331,0.390463323608879,-0.407352840169982,-0.905625502182526,0.839057371984392,1.26726978317714,3.3537327391855,0.851962178744741,0.397915341907417,-3.21510725731354
-6.74621129402914,-1.79981999494222,0.370592416576275,-0.389965828683418,-0.91605783108212,0.810244271040435,1.24739883408568,3.33336493574246,0.854942804435736,0.398908888327847,-3.20169441795285
-6.73975321243682,-1.78441993419578,0.358173099683669,-0.421759221109187,-0.933445045928848,0.788386056517417,1.26130849845125,3.33783591698721,0.844013843563558,0.387979877690624,-3.18877835042533
-6.68908211074708,-1.74716172272984,0.345257010111324,-0.399901263794453,-0.935432156195839,0.817695935082681,1.24243109680859,3.31448745938057,0.862891139620697,0.425237868464163,-3.19970733064049
-6.68014015162468,-1.74666494657728,0.351218282222701,-0.393940002715222,-0.950335483198629,0.827631487128975,1.22951497988836,3.29064222606693,0.844510614531057,0.425734641674332,-3.19523638418863
-6.66275300889688,-1.74616817042456,0.353205372925548,-0.403378666092216,-0.939903154297297,0.820676600693348,1.21163112569361,3.29113900176102,0.839542905044325,0.410831445368285,-3.18033322935056
-6.64536586615635,-1.74219396120064,0.327373193778551,-0.406856068389441,-0.957787146694258,0.800805496592393,1.21312144687616,3.30107451564325,0.834575195556848,0.411328218579008,-3.16890747730901
-6.68610145768966,-1.76454888807545,0.324392557722596,-0.426230166903041,-0.962258144796639,0.800805496592393,1.21262467314863,3.32044876771233,0.795330290601353,0.396921795483738,-3.15102369149745
-6.64635941712955,-1.74467784194869,0.326379648425739,-0.415301188246499,-0.928477270265025,0.791366722144141,1.22554079005628,3.29759708579856,0.80079477103833,0.406857259695431,-3.15301077880872
-6.6299658254274,-1.74467784194869,0.33482478391849,-0.404868981357976,-0.934438601068411,0.769011730042569,1.21957950532503,3.28865512329602,0.795330290603404,0.409837898956799,-3.15003014784048
-6.64884329467891,-1.75212948423697,0.33134737518856,-0.425236623389197,-0.958283924275712,0.760069733199211,1.23299239596979,3.29710031010016,0.801291541991808,0.399902434750919,-3.14506242956204
-6.64735296815932,-1.76256178344743,0.330353829836309,-0.446101037174912,-0.958780701842489,0.763547176418452,1.2265343375103,3.29262932885368,0.779433620247453,0.384999238438927,-3.13065604655029
-6.62350774383245,-1.76256178344743,0.335818329270194,-0.429210797442343,-0.942883819696341,0.770502062859791,1.21262467314473,3.25835180595071,0.788375497325137,0.393444383022797,-3.12767541558303
-6.63791423351842,-1.78491671031987,0.347740873491175,-0.439146232582401,-0.939406376729231,0.748147070737038,1.22901820615134,3.25338404900947,0.762543407979263,0.358173485092389,-3.09737233408511
-6.62450129484062,-1.77647151572792,0.348237646167027,-0.4326881997486,-0.929967602959562,0.739205073895562,1.22405046887185,3.24046788095224,0.763040178927855,0.365128310033361,-3.09041752849438
-6.59916574402967,-1.77150375420129,0.326379648422708,-0.417785047050147,-0.953812926170268,0.741688961908521,1.20417951974557,3.21016456358915,0.762543407979112,0.380031506339408,-3.11028840161311
-6.59717864200293,-1.76107145499172,0.34476023743525,-0.415797960023086,-0.961761367240504,0.735230853072107,1.1907666290982,3.18631933026319,0.758569240388236,0.39443792944464,-3.11873352268697
-6.59022378490732,-1.75312303654489,0.346747328139279,-0.395430317996482,-0.968219475612299,0.726288856224041,1.19225695028075,3.15999021847223,0.755588614692243,0.398412115127203,-3.08843044119223
-6.60413349909639,-1.74467784194613,0.326379648420861,-0.384004567589299,-1.00498101554639,0.742682517105431,1.16046343172203,3.13068045249961,0.754595072794723,0.402883074020741,-3.06806279625662
-6.61903676427973,-1.74666494655657,0.322405467013039,-0.393443230964392,-1.00150357257754,0.730759854642598,1.15052795716552,3.13763531222417,0.755091843743415,0.420270136369243,-3.05961767518121
-6.61506256022564,-1.75511014115282,0.318928058282385,-0.390462600421924,-0.995045464206204,0.729766299437572,1.13860538770402,3.12819657403106,0.750124134253201,0.415302404264321,-3.06607570894332
-6.59916574402211,-1.73027133351651,0.326876421098738,-0.370094958392755,-1.01541334445426,0.731753409848337,1.11028928520026,3.08547386429005,0.751117676151195,0.435173332677668,-3.06160476249251
-6.61953353979994,-1.74318751349672,0.314953876877047,-0.377049762986767,-1.01491656688739,0.745663182724863,1.10780541656241,3.10137068651351,0.729756525347824,0.434179786256234,-3.04471452034913
-6.61506256024136,-1.72977455737069,0.317437740255346,-0.354695033928673,-1.01292945662073,0.766031064437562,1.08396027763873,3.07156414483912,0.750620905206716,0.443618477258222,-3.04918546679811
-6.62996582543935,-1.74865205116868,0.319424830958607,-0.356185349197824,-1.02584567335924,0.75808262279785,1.079489314086,3.06908026636558,0.746149966668938,0.436663652317249,-3.0442177485198
-6.65927558030134,-1.74616817040576,0.339792510675813,-0.374565904194203,-1.02981989389701,0.747650293141664,1.1018441318515,3.06013830385587,0.720814648266632,0.421263682800796,-3.01490821067332
-6.66424333536848,-1.74716172271123,0.342276374054334,-0.387978741630748,-1.03528444713456,0.750134181155878,1.11376670131633,3.03927372467141,0.698956726502585,0.433186239844999,-2.98659221649195
-6.66672721290241,-1.75560691731107,0.3596634177045,-0.417785047042666,-1.02733600606186,0.734237297862059,1.11674734368104,3.03033176216816,0.704421206944896,0.409341125736934,-2.96721811522114
-6.64735296814111,-1.75411658885278,0.368108553200518,-0.403875437860245,-1.01690367715506,0.71188230574825,1.08545059879454,3.02089302396408,0.707898603586,0.4182830435208,-2.97715355177372
-6.66623043738571,-1.75610369346339,0.373076279960147,-0.406856068400686,-1.0342908920051,0.717843636980419,1.09786994198931,3.00797685590218,0.669647240500351,0.387979877702937,-2.97218583349495
-6.69951439635769,-1.7819360534238,0.376056916015037,-0.428217253964992,-1.0422393330778,0.693501534444191,1.1058183216312,3.00698330451316,0.645802234930022,0.3775476402783,-2.94337306748791
-6.6915659882596,-1.79087802416983,0.371585961931305,-0.432191428017813,-1.027832783632,0.688036980814185,1.12469572330536,2.99953166908349,0.650273173470374,0.371586361756516,-2.92896668448335
-6.70050794738665,-1.78640703879126,0.378044006719111,-0.432688199774622,-1.02137467526374,0.666675543893289,1.11227638011094,2.96227349197655,0.646299005876513,0.378044413494889,-2.93790857738185
-6.67070141701595,-1.78889091955476,0.349727964184591,-0.420268905864404,-1.03776833496934,0.652765771018227,1.10581832164696,2.9394218099949,0.632389419306355,0.396921795484557,-2.94536015479801
-6.68262402918053,-1.80180709953058,0.345753782777834,-0.435172058562107,-1.04074900037167,0.639352775745141,1.12320540212351,2.93445405304686,0.604570246159771,0.396425022274388,-2.91903124793382
-6.68709500873868,-1.81422650334781,0.338798965316216,-0.4515655265463,-1.03925866766992,0.650778660606437,1.13214732922188,2.93445405304686,0.616492748941355,0.396425022274388,-2.91356675782936
-6.64288198867475,-1.79584578570338,0.326876421095944,-0.424739851682329,-1.03429089199937,0.659223879852811,1.08892801487403,2.9220346606644,0.639840983552076,0.390960516963406,-2.93095377179787
-6.60661737670312,-1.77150375421799,0.289121697718269,-0.395430318026907,-1.04223933307206,0.684062759994695,1.05713449629144,2.88080227795677,0.630402335514411,0.434676559471608,-2.9547988195172
-6.59618509106845,-1.76752954499635,0.292102333774667,-0.408346383695973,-1.03776833497075,0.686049870405669,1.08097963525756,2.88030550226169,0.611525039455382,0.41728949711016,-2.93741180555188
-6.59866896860166,-1.77945217266355,0.280179789549075,-0.404868981398835,-1.01889078741995,0.674623985542688,1.08048286152994,2.85695704458931,0.626428167939075,0.431695920210028,-2.91456030147793
-6.55793337702991,-1.77448441113048,0.265276609269301,-0.37506267596665,-0.994051909077829,0.682075649587058,1.04322483192801,2.82864082998072,0.639344212626559,0.468457137775698,-2.91356675782291
-6.55445594848776,-1.77398763497784,0.2677604726493,-0.374565904210004,-0.99156802124335,0.687043425614389,1.03179903618025,2.80678269937037,0.633382961239199,0.471437777036828,-2.89568297203177
-6.50179774478416,-1.75511014116663,0.254347610394909,-0.355191805703722,-0.99802612961161,0.716850081777746,1.00099906502082,2.7928729798986,0.647292547814231,0.493295798288603,-2.88773462278855
-6.52812684660985,-1.75312303655581,0.269747563358237,-0.366617556100835,-0.993058353941885,0.711882305748951,1.00199261247696,2.78591812015966,0.628912022688712,0.469947457403852,-2.86190248775217
-6.54650754037439,-1.76454888807882,0.270244336034133,-0.37555944772486,-0.967225920469154,0.699959643277582,1.00795389720788,2.7849245687699,0.606557329953379,0.451070075407659,-2.85693476947796
-6.5624043565874,-1.77647151574956,0.259812109836274,-0.383507795843312,-0.973187251276798,0.673630430328017,1.00298615993156,2.77598260625603,0.576751072985992,0.44262493082873,-2.82861877531293
-6.57979149930013,-1.80031677107485,0.255837928427624,-0.376552991254904,-0.989580910994111,0.677604651148793,1.00994099213253,2.73872442906053,0.559860860717155,0.452560395029326,-2.81073498951686
-6.58475925436173,-1.80280065183751,0.272728199422928,-0.392946459226298,-0.970703363451403,0.670152987108974,1.00447648112045,2.74170508323513,0.558867318818192,0.45206362181958,-2.80030278113781
-6.61804321330613,-1.82912978794345,0.258321791812073,-0.398410948550371,-0.963251699951339,0.661210990258272,1.00000551756673,2.71835662555189,0.537506167992902,0.457031353924503,-2.79086411641712
-6.58575280539303,-1.81820071258162,0.25633470110698,-0.389965828688446,-0.958780701849704,0.67412720792906,0.976160378624481,2.70196302759476,0.541977106535827,0.474418416271617,-2.79533506286529
-6.62350774392076,-1.81522005566229,0.241928293490552,-0.392946459229638,-0.962754922382457,0.667172321487722,0.98808294810555,2.68407910255732,0.533532000394962,0.454547487866725,-2.77894159256116
-6.64536586619346,-1.8226716979531,0.229012203910521,-0.390959372203177,-0.976664694259343,0.653262548608559,0.985599079463764,2.69004041090806,0.510183765777229,0.452560395026024,-2.76552875322335
-6.68361758019388,-1.84204596791744,0.224541249823329,-0.421262449362421,-0.98660024559903,0.619481671620576,1.02037324044635,2.68656298103855,0.47491302837156,0.441631384403333,-2.73621921540341
-6.67318529456162,-1.85347181943197,0.218083205033986,-0.434178515036691,-0.991071243701729,0.628423668471654,1.00199261249867,2.65973709345051,0.466467922227101,0.482366787630114,-2.73025795347444
-6.6726885190543,-1.84005886329683,0.195728434604015,-0.437655917336018,-1.00150357260033,0.641339886148698,0.988082948123427,2.62297569199321,0.468455006026817,0.496276437523895,-2.709890308557
-6.63046260101002,-1.81969104102965,0.205663888125934,-0.404372209611374,-0.980142137214153,0.652268993414349,0.969702320189036,2.57925943075443,0.488822614959374,0.524592510508773,-2.725787007033
-6.71392088619429,-1.85595570021677,0.20814775150645,-0.453055841781723,-0.93096115810085,0.626436558067333,1.01490872942931,2.61154985099471,0.435171352363014,0.493295798259,-2.66716793142733
-6.74323064109683,-1.87814503504555,0.199923403865561,-0.45173111709984,-0.935376958697495,0.618212128863832,1.02721767846966,2.60487097774745,0.426119081719466,0.478006222792129,-2.64978091747232
-6.73143222283343,-1.86676058154147,0.205167115447761,-0.455663893512151,-0.94648545706795,0.618488116419422,1.03391032452396,2.59465947732946,0.424739162406895,0.490563545601732,-2.64357126963555
-6.7836823609482,-1.88760743796181,0.204812277819491,-0.479171842717469,-0.947993531829397,0.59684280658345,1.04464418542923,2.59217559884461,0.392449050683175,0.466966818123864,-2.60720047513268
-6.74405860029918,-1.87648911454177,0.223382113579926,-0.482365375445452,-0.960767812123556,0.602756825665262,1.05398826268707,2.57810028745583,0.376717970599857,0.479386148373259,-2.59844782865794
