0,0,0,0,0,0,0,0,0,0,0
-0.025501143109892,0.00298065676711723,-0.010597816474732,0.0110945677466182,-0.0263292134823891,-0.0117570701783581,-0.00231827695835563,0.011425841679436,-0.00894187586255152,-0.0140752405003792,0.004802127941791
-0.00113548685193654,0.0370453053509597,-0.016038659752378,0.0112128467308443,-0.0288131015449346,-0.00170323752660478,-0.00610321893401289,0.00752260384292248,0.0166063409118027,0.00354838002981817,-0.0286708327044336
-0.0493049698990834,-0.00322904481619962,-0.0306757109758104,0.00881769752112249,-0.0232243534010261,-0.0190017437057067,0.0121709540455585,0.0244662044623152,0.0152757046283737,-0.0105564303223689,-0.000993543682183129
0.00706525177265649,0.0383069589698792,-0.00507812039818151,0.051664255710943,-0.0216374249150927,0.00673409652931573,-0.0199813395444759,-0.00651328174299937,0.0578462093199101,0.0441576174037612,-0.0479108854813969
0.0139097144497766,0.0675615530024317,0.00447095382823454,0.0794834703098259,-0.0491809836836452,0.0154001060065574,-0.0397418907939673,-0.0223549076459122,0.0829607372168711,0.0899159483612639,-0.0675609721548681
0.0397420412420759,0.0983616727613427,0.0312966767624491,0.0904124474773145,-0.0606068687796792,0.0203678821367821,-0.0471934953149138,-0.0149032717724107,0.103328343348176,0.0948836803102558,-0.103825317512166
0.0541485311996731,0.146052180782151,0.0501740373608464,0.100844652952671,-0.0705424210362609,0.0352712105381622,-0.0615999307205033,-0.0208645804736143,0.137605534181448,0.155490010131279,-0.147044468829565
0.0705421232406789,0.170890987053941,0.0725288065100167,0.124689694080658,-0.0933941912341197,0.0531552046194405,-0.0735224979437628,-0.032787197870441,0.162444078286399,0.195728639023054,-0.169399202251509
0.0655743680908111,0.196226569405687,0.0720320338630209,0.143070246570355,-0.0973684121353138,0.0765037524268109,-0.102832142413628,-0.0546453298061162,0.185792309702346,0.219076979161994,-0.200695829108096
0.0218581227314015,0.176355524409951,0.0750126697478592,0.141579931502337,-0.106310409165374,0.0665682001642622,-0.112767615111343,-0.0695486015668757,0.189766476753283,0.212618927629074,-0.168405658575327
0.00149032657224268,0.186291046912616,0.0794836235765041,0.166915287646779,-0.0814715285269169,0.0824650837883702,-0.130154692329733,-0.0750131345416291,0.209140541138257,0.232489855445557,-0.182812042347598
-0.0531549801692861,0.166916778038723,0.0854448953472379,0.171386232852267,-0.0824650837525271,0.0814715285620523,-0.127174050522291,-0.0705421530160175,0.209637312019606,0.251367236852226,-0.160954080757513
-0.0238452247224409,0.222058927946467,0.121212525957899,0.200198990828626,-0.0904135255564495,0.103826521161997,-0.163438525851622,-0.101839023698557,0.232488772567546,0.296573597610192,-0.201689372799675
-0.130651960604663,0.185297494705126,0.0854448953419528,0.164431429216911,-0.0844521942048024,0.0924006360642904,-0.143567580450766,-0.0710389287271213,0.208643770275385,0.259315608010012,-0.175857236362831
-0.166419797741113,0.165923225838555,0.0894190765193884,0.16045725570636,-0.0730263090996684,0.103826521162238,-0.134625655020624,-0.0526582268919579,0.194237414720864,0.227025350364216,-0.163934711857057
-0.222555430995946,0.172381315460338,0.0789868509389467,0.169399146111714,-0.0804779732961509,0.0983619674189333,-0.149032090436442,-0.0581227598655747,0.191256789434637,0.240934999814397,-0.163934711857057
-0.261303921245084,0.178839405080766,0.0779933056448228,0.169895917800882,-0.0859425270393148,0.105813631616081,-0.143567580453669,-0.0705421529990564,0.182314913570686,0.220567298830809,-0.15201218735064
-0.28316204396875,0.179832957331096,0.0809739415291326,0.1803281232855,-0.0665682001307981,0.101342633097037,-0.152012732241538,-0.064580844299713,0.192250331204128,0.239941453451623,-0.164431483702026
-0.319923432107626,0.186787823069968,0.0804771688821219,0.173870091331571,-0.0760069747742089,0.0909103032285233,-0.14704499588739,-0.0322904221308283,0.179831059177723,0.218580206091597,-0.128663910153814
-0.339297677233881,0.207155644190383,0.0774965329972836,0.175360406399589,-0.0814715285167136,0.08892319277551,-0.154496600414237,-0.0173871503700688,0.171882725075067,0.232489855544355,-0.138102575383541
-0.38400747373746,0.199704002313775,0.0879287585928301,0.157476625595055,-0.0849489718042933,0.0874328599362064,-0.141083712272871,-0.0109290659455284,0.166418245378619,0.226031804006307,-0.142076750218263
-0.307007268816987,0.268755883612356,0.113760936241581,0.204173164348635,-0.0859425270299514,0.11475562864465,-0.206161058513106,-0.0372581793891942,0.203676061445032,0.283160721305554,-0.208147406882512
-0.389968780083696,0.254846152116216,0.0904126218238024,0.170392689475635,-0.0968716345153564,0.122207292839908,-0.194735264908393,-0.00149032718476276,0.181818142660582,0.246399504873283,-0.19423779496061
-0.387981678016717,0.259317137243214,0.112270618320368,0.177844264816646,-0.11326529573654,0.0968716345599713,-0.204670737606108,-0.012419393136685,0.168902099740596,0.26627043266925,-0.193741023106233
-0.423252739686157,0.271736540364636,0.102831938022425,0.177347493127772,-0.0919038583830851,0.0924006360440441,-0.212122342130921,-0.0178839261128595,0.170392412384642,0.273722030592442,-0.189270076417563
-0.50820135307501,0.219575047215234,0.0705417159466955,0.1306509543005,-0.0755101971543843,0.0665682001494104,-0.193244944002169,-0.0134129445888751,0.117734698922226,0.214109247161927,-0.158966993308328
-0.541982088211701,0.196723345473496,0.0670643074167991,0.115747803620133,-0.0705424210241753,0.0640843120839569,-0.195232038541169,0.00695486014579785,0.11823146980366,0.205664102845176,-0.137605803577317
-0.546453067862014,0.209142748599091,0.0620965809426559,0.128167095856681,-0.064084312058722,0.0700456434424936,-0.228515872096239,-0.00844518733131033,0.124689491262781,0.22354793786202,-0.135618716160813
-0.624446823952491,0.163936121259888,0.0541482185884893,0.113760716875073,-0.064581089671653,0.0526584269846866,-0.215599757581803,-3.83629239486538e-12,0.12021855333141,0.212618927575395,-0.116244613836709
-0.638853313927642,0.158968360012623,0.0571288544733276,0.126676780793281,-0.0372583209736361,0.0616004240219249,-0.21758685212281,0.0039742057970692,0.124192720383128,0.233980174929203,-0.14307029397651
-0.555891802699445,0.215104062091993,0.0755094424116348,0.18777969847658,-0.0466970956143136,0.0809747509255038,-0.257328742940803,-0.0427227123987875,0.169398870554806,0.314457432398501,-0.184799129766989
-0.640343640366407,0.172878091537656,0.0551417638841989,0.157973397157,-0.0442132075502583,0.0685553106074194,-0.227522324786608,-0.019871029030507,0.143566784756052,0.263289793434257,-0.135121944294088
-0.599608047974412,0.175858748287518,0.0670643074207334,0.19175387203,-0.0432196523240725,0.0526584269880135,-0.233483608405562,-0.0506711239803185,0.173373037638084,0.291605865557378,-0.14406383767185
-0.61649841554864,0.18529749466396,0.0531546732898438,0.196224817233283,-0.0402389866465225,0.0879296375271404,-0.241431986567642,-0.0268258891841845,0.176353662928043,0.272728484151708,-0.130650997606202
-0.623453272784951,0.17337486766752,0.0511675827001278,0.186289383453232,-0.0332841000711113,0.0829618613973355,-0.23348360840795,-0.0243420105584568,0.17734720469068,0.267263979008324,-0.13760580356659
-0.584208006915408,0.202684659070386,0.0645804441852693,0.222056945117866,-0.0392454314254919,0.101839410707744,-0.243419081104851,-0.0238452348336343,0.201192207030262,0.280676855296702,-0.131147769464565
-0.574272496576474,0.213613733819188,0.0715352612443428,0.236960095798233,-0.0283163239432521,0.101342633094622,-0.25236100653304,-0.0312968707096542,0.19622449821537,0.29259941197807,-0.136115488005555
-0.595137068288236,0.201691106818743,0.0779933056604428,0.235966552419591,-0.0347744329087053,0.117239516709998,-0.229509419309574,-0.0352710765122133,0.19374064380826,0.283657494471778,-0.143567065817995
-0.559369231070842,0.221065375688975,0.0779933056604428,0.249379388023487,-0.0223549925890272,0.126181513747047,-0.235967476565646,-0.0501743482690975,0.194237414689573,0.294089731563695,-0.152012187342633
-0.566324088303118,0.206162091940922,0.0963738936052675,0.226031118626837,-0.0382518761907344,0.121213737615668,-0.241431986554538,-0.0476904696439513,0.187282622348554,0.259315607952047,-0.134128400580594
-0.62295649713645,0.176355524481731,0.0879287586090814,0.180824894992796,-0.0367615433524449,0.0909103032209765,-0.213612662972827,-0.0273226648849141,0.139095846887282,0.205167329816239,-0.0879286181010835
-0.57129184347193,0.205168539691677,0.0914061671399027,0.185792611882455,-0.0491809836757195,0.101839410701237,-0.22702555113617,-0.0218581319095925,0.138102305125133,0.230999535912707,-0.120715560505676
-0.564336986240731,0.218084718936736,0.0919029397870748,0.18330875343784,-0.0312969896125779,0.12518795851354,-0.237954571109327,-0.0079484116035289,0.134624908957825,0.239941453416395,-0.125186507195371
-0.548440169699974,0.217091166686762,0.100844847443968,0.18330875343784,-0.0312969896125779,0.130155734641561,-0.240438439285689,-0.0317936463996629,0.129657200140982,0.256334968848718,-0.12618005090377
-0.534033679712562,0.233981554929946,0.1117738456845,0.200198990861013,-0.0551423150237703,0.138104176448745,-0.255341648337959,-0.0293097677742585,0.12617980397154,0.255838195653786,-0.132638085011021
-0.555395026950569,0.231497674303993,0.103825483324226,0.189766785382055,-0.0437164299293908,0.14555584064605,-0.258322290148087,-0.0213613561788536,0.133134596315291,0.277199443056223,-0.128167138325667
-0.566820863840675,0.217091166679513,0.0879287586135445,0.177347493149182,-0.0521616493469756,0.1505236167768,-0.262793252863829,-0.021858131904025,0.136115221604372,0.282167175004558,-0.135121944284179
-0.551420822813688,0.21311695767803,0.0879287586135445,0.171883004565774,-0.0402389866431058,0.149530061551154,-0.271238404660462,-0.00745163587368168,0.135618450722913,0.26974784512764,-0.125683279055343
-0.551917598330255,0.226529913040437,0.0849481227297633,0.186289383537792,-0.0283163239432639,0.169897943678406,-0.273225499201253,-0.0283162163528519,0.148534493632753,0.26974784512764,-0.136612259854809
-0.545956292131046,0.241433196788491,0.0799803962601709,0.20814733786738,-0.0387486538135558,0.165923722772547,-0.256335195604528,-0.0248387862781895,0.154495744210915,0.252360783297653,-0.117734929393191
-0.556388577982385,0.225039584669934,0.076999760378151,0.20566347942301,-0.0303034343986204,0.184801272072187,-0.251367459255128,-0.00596130871603323,0.155986056855767,0.238947907038038,-0.110780123433554
-0.613020986812432,0.172878091591713,0.0665675347835291,0.201689305911381,-0.00447099853462508,0.164433389945795,-0.23149651383148,-0.0109290659662612,0.132141054549556,0.216593113302781,-0.0675609720881684
-0.631898456444355,0.168407106469221,0.0755094424301167,0.197218360710303,-0.0104323298872792,0.148536506331427,-0.218580399318454,-0.00993551451621606,0.105315426953093,0.208147968993854,-0.0645803409616444
-0.641833966781175,0.167413554219205,0.0849481227294547,0.181321666649677,-0.0154001060167691,0.132639622718066,-0.212122342060618,0.00695486013411969,0.113263761059457,0.190760907171233,-0.0432191512369718
-0.67859535504092,0.124194031337599,0.0799803962573667,0.158470168956121,0.00198711043161949,0.100845855473208,-0.193244943929805,0.0119226173839601,0.0889219878566271,0.160954515451242,-0.0139096118362356
-0.62941457886843,0.145058628587502,0.101838392739076,0.18132166666489,-0.00198711047005409,0.102832965925424,-0.200199774822004,-0.0163935989397625,0.111276677516779,0.167412566986726,-0.0511675008974302
-0.591162864082405,0.163439345210295,0.109786755096295,0.198708675788769,0.00695488656022202,0.11127818534529,-0.205167511174117,-0.0208645804668858,0.112270219279708,0.175360938101326,-0.0685545157994554
-0.574769272031569,0.171884539337649,0.102335165385191,0.203179620993485,-0.0109291074981723,0.0973684121818357,-0.199206227552558,-0.0317936464199445,0.110283135753752,0.188277041173149,-0.0874318462595461
-0.588182210982512,0.145058628605232,0.112270618329073,0.195231273975715,-0.0173872164597297,0.0745166419890779,-0.192251396660739,0.00248387864094458,0.09388969667447,0.18579317519941,-0.0506707290378727
-0.596130619248431,0.129658568732081,0.101341620090802,0.180824894988424,-0.00347744330051533,0.0730263091492076,-0.185793339407312,-0.00695486013461126,0.0849478208065676,0.191257680347713,-0.0546449038710936
-0.591162864080598,0.126181135856988,0.104322255972822,0.17983135161059,-0.0218582149727517,0.0606068688222027,-0.198709453918574,0.000993551464926551,0.0799801119899685,0.184302855616731,-0.0506707290376048
-0.565827312746458,0.135123106107134,0.122206071273925,0.166915287692382,-0.0442132075454749,0.0606068688222027,-0.199703001189242,-0.0114258416662944,0.0919026131465863,0.190760907142985,-0.0576255349978049
-0.524098169368142,0.137606986730845,0.115251254215878,0.185792611867965,-0.0382518761928208,0.0720327539211159,-0.202683642999126,-0.0094387387663581,0.118728240743049,0.200199597840947,-0.0685545157962389
-0.489820658722361,0.135123106105622,0.125683479803718,0.20864410957617,-0.0263292134840595,0.0750134195994397,-0.185296565777887,-0.0278194405924406,0.125683033083556,0.204670556596874,-0.0829608995626815
-0.466472209416153,0.148039285365867,0.122206071272383,0.214605369846553,-0.0337808776744278,0.0928974136799622,-0.172877224913034,-0.0243420105183209,0.135618450720901,0.227025350391306,-0.0923995647908807
-0.437659229480063,0.165923225851142,0.11276739097695,0.225534347002455,-0.0322905448362102,0.0924006360669239,-0.167909488561192,-0.0243420105183209,0.141579701292771,0.251864010122458,-0.109289807844373
-0.438652780512745,0.156981255604,0.117735117448304,0.228018205447498,-0.0422260970923123,0.0844521942600756,-0.160457884033531,-0.0193742532660262,0.146547410106686,0.246399504981532,-0.0919027929423478
-0.428717270183998,0.158471583979102,0.132141524220126,0.231992378961969,-0.0362647657377878,0.0839554166469429,-0.161948204938738,-0.017387150365005,0.152011889802598,0.24441241220183,-0.0988575989037676
-0.412820453650315,0.155987703354192,0.126677025101718,0.217585999984268,-0.0496777612798032,0.0859425270993688,-0.144064354086269,-0.0233484590668286,0.154495744209403,0.235967267888656,-0.107799492278635
-0.385497800246524,0.164929673604338,0.122206071274923,0.230998835593456,-0.0611036463741828,0.105813631623206,-0.157974015865729,-0.0293097677695824,0.176353662990633,0.274218803882224,-0.112270438966521
-0.345258983422493,0.181820061850005,0.129160888330914,0.23199237897129,-0.0566326478578039,0.121710515240597,-0.161948204947962,-0.0392452822695214,0.199701894418044,0.286141360562329,-0.141083206519032
-0.326878289332974,0.193742688844943,0.109786755087194,0.236463324174683,-0.043716429923936,0.131646067499577,-0.157477242230389,-0.0501743482316746,0.208643770280897,0.279683309036075,-0.151515415461795
-0.382020371668722,0.149032837578252,0.109786755087194,0.201192534253325,-0.0327873224485535,0.121710515239968,-0.13065146595901,-0.0496775725067227,0.186289080619648,0.239444680238056,-0.10879303599545
-0.369600983764874,0.159961912327284,0.089419076552536,0.200198990875246,-0.0362647657378955,0.111278185364182,-0.142077259559667,-0.0382517308289703,0.188772935026392,0.242922092603041,-0.125683279039145
-0.336813799668593,0.184800718577169,0.0988577568502005,0.215598913232238,-0.0357679881251204,0.124194403302766,-0.163935299487478,-0.0427227123529547,0.218579187909156,0.265276886370841,-0.148534784338487
-0.334826697605226,0.174865196087018,0.117735117435768,0.217585999987219,-0.0457035403819418,0.11276851819999,-0.169399809474578,-0.036761403649736,0.212617937337286,0.273225257477867,-0.136115487974871
-0.326878289344842,0.16840710646198,0.117238344788699,0.222553716876388,-0.0432196523174667,0.113265295812997,-0.171883677650126,-0.0466969181556171,0.22503720936674,0.267263979140498,-0.142076750226069
-0.296574982865901,0.170394210961971,0.118231890082852,0.235966552481938,-0.0347744329015123,0.125684736138165,-0.168903035839835,-0.0367614036536113,0.224540438485355,0.289121999705647,-0.142573522080507
-0.307504044231751,0.158968360084025,0.115748026846624,0.230502063901495,-0.0223549925845316,0.126181513751245,-0.170393356743536,-0.0442130395335066,0.216592104382504,0.298560690408357,-0.148038012477328
-0.299058860458278,0.160458688458721,0.12170929861542,0.237456867547188,-0.0114258851028194,0.111774962973137,-0.174367545825335,-0.0357678522051545,0.210630853808146,0.294089731659885,-0.167908886652277
-0.27471686018792,0.165426449705152,0.115748026853318,0.249379388077371,-0.00645810897464848,0.108794297295695,-0.163935299486325,-0.0268258891549769,0.215101791737982,0.30948970069381,-0.163934711816108
-0.248387757866385,0.156981255584358,0.139593113919341,0.255837420036077,-0.00993555226373879,0.105813631618441,-0.173870772193536,-0.00198710288639856,0.198708352653065,0.310980020276989,-0.167908886652224
-0.186290818307509,0.200200778476854,0.14704470362428,0.276205059293971,-0.030303434381621,0.105316854005351,-0.179335282171534,-0.00397420578628327,0.20119220706109,0.338799319208282,-0.19225070750488
-0.180329512115795,0.193742688853036,0.164928518924325,0.273721200848561,-0.010929107491339,0.115252406268109,-0.202683643029974,0.0109290659570381,0.192250331195383,0.350721875883338,-0.194734566776665
-0.178839185566958,0.190762032104427,0.165425291571424,0.272230885782269,0.00596133133588256,0.112768518203548,-0.226032003890964,-0.00298065434649379,0.185295538859999,0.346747690326564,-0.187282988960104
-0.160955267003574,0.173374867736626,0.153005975399094,0.248385844709557,0.00298066565790091,0.131149289887903,-0.234973929327943,-0.0099355145004297,0.163934390963045,0.328367082136458,-0.188773304523517
-0.184800491792106,0.159961912355914,0.141580204512448,0.225037575319815,0.0139097731380308,0.120220182399331,-0.21410943666388,0.0208645804509836,0.143070013949208,0.314954205870452,-0.170392745918755
-0.192748900045419,0.166916778104568,0.134625387452141,0.221560173497011,0.0084452193986911,0.117239516721889,-0.224541683002036,0.0203678047260061,0.140089388660639,0.302534876007013,-0.164431483665948
-0.156981062865389,0.170394210981049,0.149031794217152,0.229011748833612,-0.00546455375683075,0.115252406269505,-0.245406175666669,0.0387485065578235,0.14605063923807,0.305018741980621,-0.168405658500509
-0.192748900042652,0.136613434464891,0.161947883042291,0.191257100442417,-0.0228517702077369,0.107800742070468,-0.226032003901098,0.0556388812033288,0.103328343403779,0.256831742068383,-0.117238157521754
-0.250871635420296,0.100348777341963,0.146547930980411,0.166418515996575,-0.0183807716934081,0.100845855488301,-0.213612663029124,0.0561356569282157,0.0725285487559879,0.241431773034458,-0.0760060936218041
-0.272232982584759,0.101342329591624,0.145057613039775,0.171883004575401,-0.030800212016383,0.115252406258192,-0.220567493927401,0.047193693875248,0.0834575081474077,0.236464041090068,-0.059115850571274
-0.274716860164231,0.0968713444684753,0.135618932746294,0.178837808219723,-0.032787322467987,0.14009128689987,-0.256335195642106,0.0402388337240248,0.0760059449224177,0.241431773037745,-0.0740190062032904
-0.270742656037191,0.103826210217129,0.127670570393067,0.175857178084825,-0.0561358702610936,0.146549395868412,-0.249380364744969,0.0203678047303464,0.0625931311164477,0.221560845241778,-0.0765028654752427
-0.253852288489755,0.103329434092324,0.118728662743045,0.1654249726177,-0.0675617553485798,0.157478503350519,-0.219077172995008,0.0238452348071789,0.0471932337938756,0.214606020515398,-0.0715351469317064
-0.249381308850854,0.108297195341571,0.126180252447543,0.19076032875652,-0.0541487598010615,0.166420500380957,-0.226528777529181,0.016393598925152,0.0516641717276621,0.222057618432476,-0.0779931810405254
-0.188774695890039,0.137110210594462,0.15598661126598,0.205663479433946,-0.0650778672811914,0.185794827289038,-0.263290026524782,0.00794841160470511,0.0735220905035258,0.238451133867403,-0.114754298259223
-0.173374654901478,0.138103762844103,0.163438200973341,0.191753872136729,-0.0586197583166731,0.194240046707476,-0.280180330132576,0.00745163587971441,0.0680576108066756,0.247889824564367,-0.125683279056773
-0.161948818035021,0.144561852470497,0.145554385676995,0.181321666664717,-0.0576262030909669,0.21063370793462,-0.282664198308531,0.0114258416788633,0.0769994866695289,0.236960814278031,-0.131147769454994
-0.108297062287803,0.190762032105469,0.145057613030058,0.204669936072883,-0.0377550985768444,0.249382361743825,-0.324889957311296,0.000496775733476784,0.128166887483642,0.27123816474377,-0.181818498579245
-0.0735227761486227,0.215600838360048,0.153005975386338,0.211624739720805,-0.039245431414846,0.257330803551849,-0.357180243596065,-0.00298065434100442,0.150521577152026,0.269747845159171,-0.221560246915742
-0.0909099192025762,0.192749136607275,0.162941428321413,0.204173164385674,-0.0303034343815487,0.247395251297696,-0.351715733604338,-0.000496775714760436,0.136611992471012,0.256334968902751,-0.218082843935712
-0.109787388814417,0.188774927608211,0.166418836851207,0.185295840202645,-0.00745166419968273,0.238453254269714,-0.348735091792093,0.0203678047313141,0.14704418098523,0.246399505006083,-0.195231338635754
-0.116742246037142,0.173374867733444,0.161451110378531,0.162444342487114,-0.0173872164601009,0.243421030398155,-0.361651206317465,0.0263291134315876,0.158469911264951,0.252360783347082,-0.179334639298153
-0.113761592941688,0.172381315483803,0.182812334201251,0.170889461199013,-0.0392454314277458,0.242427475172718,-0.398909228967981,0.0263291134315876,0.166915016249748,0.260309154462734,-0.183308814132929
-0.119722899127062,0.173374867733527,0.159464019782782,0.138599301408669,-0.0203678821534518,0.260808246835718,-0.404870512597518,0.0233484590779632,0.162444078315962,0.241431773067058,-0.16393471180987
-0.148039103525383,0.141084419602914,0.132141524201234,0.12667678086761,-0.0163936612509151,0.267266355801531,-0.402386644419799,0.0168903746539261,0.124192720442705,0.220567298874665,-0.13313485684036
-0.171884328285783,0.118729493975905,0.138599568611609,0.127670324246301,-0.0213614373772878,0.275711575216936,-0.382018925365288,0.0178839261038943,0.127670116613598,0.191257680379104,-0.105315632998433
-0.202187634768827,0.0993552250914358,0.1530059753796,0.130650954381713,-0.0114258851228641,0.281176128956778,-0.36860603721916,0.0243420105257483,0.0993541763676736,0.174367391742248,-0.0819673558480639
-0.252361961899402,0.0476905080743175,0.131147978899829,0.118728433836243,-0.0149033284114509,0.254846915477989,-0.327870599120705,0.0283162163247938,0.0650769855453423,0.148535185599969,-0.0486836416115336
-0.232490941269578,0.0327872243246995,0.13512216007656,0.116244575390832,-0.0193743269261034,0.273724464761278,-0.346251223646867,0.0188774775480108,0.0586189640881237,0.149528731989714,-0.0546449038657074
-0.212619920637449,0.0382517617023705,0.132638296843341,0.108793000052946,-0.00546455377091729,0.267266355793828,-0.35519314908873,0.0238452347995304,0.0690511525997801,0.162941608246134,-0.0586190787000539
-0.184800491740631,0.0312968959524028,0.122206071251803,0.114754260323182,-0.0288131015657142,0.273227687146194,-0.366618942704987,0.0114258416796119,0.090909071374034,0.153006144344205,-0.076502865455337
-0.173871430391481,0.0367614333284675,0.136612478018517,0.134625127903374,-0.0119226627258568,0.277698685660893,-0.367115716340761,0.0178839261028093,0.090909071374034,0.144064226831996,-0.0745157780386194
-0.190761797936957,0.0208645973285412,0.117735117432392,0.102334968103476,0.00347744327649058,0.278692240886329,-0.350225412729738,0.0208645804538763,0.0819671955076683,0.132141670157256,-0.0611029379729712
-0.17685208350657,0.0089419703290971,0.133135069499278,0.113760716958283,-0.0134129955470626,0.259317913997894,-0.344264129100201,0.05216145114374,0.0968703219497817,0.160954515437766,-0.0695480594971537
-0.178839185570782,0.00496776132536045,0.156980156554731,0.114257488647635,-0.00546455374429089,0.247395251290391,-0.342277034558271,0.0462001424426919,0.120218553387511,0.182315762824934,-0.0814705839984242
-0.161948818029878,0.030303343701041,0.149031794203149,0.123696150742757,0.0253356582198961,0.251866249803202,-0.360657659069874,0.0481872453424731,0.124192720439229,0.193244773116766,-0.110780123403905
-0.146548777025832,0.0526582693355595,0.136115705377246,0.138102529724364,0.0208646597059989,0.249382361739795,-0.383509246287723,0.0337807493214945,0.142076472178107,0.227025350375276,-0.116741385653656
-0.0655743679428507,0.102335881854105,0.170393018026045,0.163934657563964,0.0144065507399222,0.289124570753048,-0.433683383470789,0.00447098153409879,0.182811684453218,0.270244618324069,-0.178837867462524
-0.0710388986145202,0.105813314729856,0.171883335967076,0.164928200942165,0.0154001059654844,0.282666461789418,-0.437160798923773,0.00993551451069963,0.186785851504058,0.282663948191453,-0.171883061499415
-0.0601098372734004,0.115252061106497,0.15946401979548,0.174863634725402,-0.000496777641209908,0.294589124497171,-0.435670478016491,0.0104322902357809,0.186785851504058,0.278689762634995,-0.179334639314971
-0.034277510467616,0.130652120978677,0.166915609504383,0.177844264859858,-0.00099355525415297,0.309492452871474,-0.430205968025212,0.00745163588579945,0.154495744215587,0.290115546121759,-0.179334639314971
-0.0238452246386728,0.1261811358529,0.152012430090321,0.183308753440975,0.0163936611841654,0.320918337960733,-0.413812438051822,-0.00298065433737364,0.172876266825947,0.303031649193583,-0.199205513486972
-0.00546453054559981,0.132142449354124,0.151018884795727,0.202682849327124,0.0154001059585552,0.32290544841148,-0.414309211687216,-0.017387150371838,0.19622449824648,0.318928391424886,-0.223547334350464
-0.0129161632752279,0.138103762854597,0.168902700081504,0.194734502298379,0.0183807716343069,0.335324888726416,-0.411825343508819,-0.0362646279246677,0.189269705908193,0.289121999754604,-0.217586072097899
0.0218581228262922,0.179832957360537,0.160457565086565,0.20268284932634,0.0223549925345419,0.355195993235561,-0.423747910763659,-0.0372581793750233,0.192747102077464,0.292102638922974,-0.231495684020926
0.0258323269519499,0.167910330363596,0.159464019792353,0.181818438373312,-0.0203678821378308,0.346750773821761,-0.420767268949705,-0.0412323851747923,0.199205123534841,0.297070370871702,-0.224540878058192
0.0342775107244432,0.152013494358997,0.180825243614442,0.162941114188421,-0.0303034343944125,0.354202438011195,-0.424741458034,-0.0362646279249518,0.190760018549007,0.28763168017324,-0.218082843954339
0.0188774697528552,0.117239165606967,0.172876881267321,0.151515365340375,-0.0163936612392264,0.34078944247673,-0.401393097149417,-0.0119226173864924,0.161947307436076,0.275709123507652,-0.193244251218224
-0.00347742846153332,0.111774628230559,0.174367199208221,0.150521821962174,-0.0188775493032219,0.346750773827837,-0.39046407715656,-0.0173871503630933,0.150521577162807,0.263289793640268,-0.167908886649436
-0.00347742846153321,0.103329434104268,0.188276833319792,0.123199379046484,-0.0238453254328315,0.349234661891191,-0.391954398063843,-0.0144064960128794,0.153502202450864,0.262296247251022,-0.164928255523033
-0.0218581225322144,0.0784906278538615,0.200199376847166,0.112270401884654,-0.0173872164655079,0.331847445453586,-0.41381243803881,-0.0258323376921175,0.157973140386187,0.252360783349882,-0.160954080687775
-0.0119226122228733,0.0804777323543112,0.21609610155503,0.114754260330127,-0.0337808776783838,0.336815221577619,-0.440638214366596,-0.0283162163175219,0.146050639235424,0.270244618357732,-0.15996053697892
-0.00546453051761842,0.0735228666027372,0.224541236557205,0.110780086816538,-0.0342776552912069,0.333834555901436,-0.446102724356831,1.57722307436714e-11,0.124689491341092,0.263786566827889,-0.145057381346301
-0.016393591858316,0.0645808963514645,0.212121920388544,0.10779945667995,-0.0352712105164095,0.328866779776249,-0.461999480704432,0.00546453299350967,0.108792823130316,0.269747845165732,-0.153502502871053
-0.0392452655768692,0.0317936721029929,0.205663875977788,0.0894189041730315,-0.0476906508321914,0.30651178720228,-0.449083366178709,0.0213613561929991,0.0859413625784491,0.260805927659204,-0.122205876051629
-0.0154000408358351,0.0149032838470425,0.208644511860248,0.107799456680404,-0.0352712105113144,0.308498897652859,-0.469947858886645,0.0278194406172038,0.0740188614247584,0.269747845163602,-0.132638084996222
-0.0109290611926983,0.0149032838470425,0.197715513629082,0.114257488640383,-0.014903328390483,0.291608458820086,-0.473425274336116,0.0263291134423871,0.0834575081733999,0.27272848433205,-0.138599347245892
-0.0208645715018465,0.0303033437292463,0.207650966562396,0.116244575397031,-0.0218582149669012,0.313466673761215,-0.485347841592584,0.0317936464161458,0.0948832384472297,0.271238164748319,-0.135121944264174
-0.00645808153923422,0.0392453139808945,0.202186467445117,0.11127685850529,-0.0273227687087464,0.325389336458895,-0.459018838909487,0.0357678522174652,0.0844510499312191,0.261302700848494,-0.135618716118296
-0.016890367364748,0.031296895976926,0.184799424803855,0.131147726084012,-0.0183807716763122,0.316944117042419,-0.457528518002204,0.0442130395405473,0.066070527314541,0.243915639028174,-0.112270438969817
0.0014903267059333,0.0377549856045402,0.178341380394244,0.16343788586321,0.00298066566270873,0.334828111092338,-0.448586592554725,0.0556388812197854,0.0839542790459552,0.273225257521407,-0.109289807843655
0.0213613473130889,0.0596131350984732,0.174863971865683,0.158470168971959,0.000496777599012801,0.343273330500786,-0.452560781643687,0.0476904696163203,0.0884252169783148,0.274218803910232,-0.118231701224312
0.0422259189651253,0.0700454337250676,0.180328470982477,0.173870091332748,-0.000993555239528376,0.366125100675201,-0.450076913466104,0.017387150380868,0.0804768828723418,0.270244618352301,-0.122702647913465
0.033780735198675,0.0819680607260135,0.177347835100634,0.17486363471166,-0.0104323298813447,0.363144434999585,-0.439644667111424,0.0352710764788983,0.0824639663993717,0.273225257520513,-0.0993543707615216
0.0521614292782412,0.0958777922309138,0.180825243629811,0.195231273975079,0.00745166417100765,0.388976870860928,-0.471934953442931,0.0327871978548498,0.104818656069951,0.279186535858672,-0.111773667115253
0.0432194700029467,0.0943874638548098,0.191754241860977,0.180328123294712,0.0129162179098198,0.388976870860928,-0.461005933450074,0.0362646279285175,0.0968703219635878,0.284651040998151,-0.0988575988985734
0.0521614292868864,0.0968713444812325,0.196721968330569,0.155489538821921,0.0109291074598941,0.399409200729661,-0.452064008009921,0.0576259840897791,0.0809736537528126,0.287631680166126,-0.0968705114819094
0.0486840006777763,0.0854454936018473,0.167412382160406,0.138599301384172,0.00844521939631809,0.38202198430087,-0.43418015712815,0.0462001424155922,0.0735220905314815,0.276702669881816,-0.0740190061816423
0.0630904906323098,0.0760067472250085,0.173373653924622,0.139592844762618,0.0298066567425558,0.362150879801379,-0.461999480718977,0.0481872453159414,0.0844510499290727,0.285644587391895,-0.0914060210801494
0.0924002460360819,0.12866501645155,0.194238105091978,0.150025050233602,0.0432196522839238,0.390963981327467,-0.489818804341717,0.0183807018060481,0.118231469860384,0.330354174897318,-0.129657453863058
0.0730260009341783,0.133136001577327,0.1902639239156,0.110283315113394,0.0312969895858081,0.382518761916699,-0.481373652534245,0.0178839260810057,0.120715324266274,0.32290257697965,-0.129160682008721
0.0531549803270227,0.106310090831957,0.197218740972002,0.114257488626492,0.0337808776495041,0.385002649977431,-0.462993028005071,0.0228516833335589,0.102831572530909,0.308992927531309,-0.118231701210434
0.0382517148630113,0.102335881831892,0.175857517141707,0.096870479508615,0.0452067627422292,0.36612510070451,-0.481373652527217,0.0397420579953139,0.106308968702656,0.300547783217911,-0.109289807832672
0.071038898881934,0.111774628203381,0.184302652138892,0.096870479508615,0.0710391985937569,0.380034873854153,-0.49031557797372,0.0154000474688807,0.114754073690356,0.304025195580227,-0.124192963459863
0.0357678372581985,0.0859422696877709,0.174863971843737,0.0730254384176761,0.0407357642181299,0.368608988765136,-0.469947858896401,0.014406496019171,0.0909090713741931,0.298560690436986,-0.119722016772038
0.0238452248862983,0.0928971354421196,0.163934973612571,0.0710383516594609,0.0317937671902275,0.378544541015511,-0.478393010708487,0.00546453297131816,0.0899155296106782,0.291605865713737,-0.114257526374037
0.0298065310738626,0.103329434070247,0.157973701848884,0.089418904172272,0.0213614373249707,0.392951091779011,-0.490315577963001,-0.0218581318903716,0.102831572532884,0.281173628623754,-0.131147769419099
0.0774969805291944,0.138600538941011,0.192251014483503,0.118728433834627,0.0213614373249707,0.401893088801137,-0.531051016108181,-0.0327871978459884,0.10779928134741,0.306012288351618,-0.160457308828533
0.0809744091376986,0.151516718192579,0.177347835069,0.116741347077685,0.0233485477746567,0.406860864927584,-0.522605864299325,-0.0288129920459094,0.113760531925426,0.31048324710506,-0.153005731013882
0.0596130619823213,0.121710150720249,0.169896245369345,0.0993543379563784,0.00596133133046414,0.405867309703134,-0.499257503398799,-0.00645808440913001,0.0894187587453058,0.278689762667698,-0.141083206505856
0.0730260009005798,0.136613434466738,0.173373653898728,0.127670324237555,0.00943877461812785,0.415802861950781,-0.511180070657546,-0.004470981509039,0.0774962575942493,0.294586504888482,-0.126676822733002
0.051664653730747,0.144561852468537,0.161947883018834,0.110780086801472,0.00745166416719509,0.411828641053485,-0.52409618518962,0.0129161688647244,0.0993541763797721,0.29160586571964,-0.12468973531548
0.0486840006369075,0.139594091217517,0.165922064198618,0.130650954363536,0.00248388804070256,0.431202967938647,-0.526580053369712,0.0183807018403302,0.107799281365813,0.307005834758865,-0.135618716110818
-0.0173871429591766,0.110284299841114,0.164431746258247,0.100347881284685,-0.0387486538146591,0.415802861951054,-0.488328483434935,0.0556388812049305,0.0680576108047221,0.273225257497672,-0.10730272042431
0.0129161635092159,0.149032837603952,0.177844607728723,0.115747803659145,-0.0278195463297818,0.43468041122557,-0.486838162527734,0.0576259841042982,0.076005944913232,0.270244618327961,-0.122205876052507
-0.00943873470301071,0.15151671823001,0.165922064195712,0.128167095894774,-0.0253356582660859,0.436170744062764,-0.482863973439206,0.0640840685281672,0.0695479234491955,0.250870463728175,-0.112767210821507
-0.0198710205321555,0.136116658348776,0.181818788894181,0.127173552516132,-0.0109291075011695,0.432196523163369,-0.497767182518338,0.072032480128325,0.0660705272786434,0.245902731778526,-0.103328545589488
-0.0700453475657106,0.0938906877226407,0.165425291555908,0.116244575358883,-0.00645810898694853,0.428222302265066,-0.479883331614099,0.0938906120333063,0.050670629949644,0.217089886491152,-0.0740190061800537
-0.0829615109710998,0.0616002395805015,0.170889790676093,0.118231662115825,-0.0258324358795683,0.420273860462248,-0.477896237071408,0.0928970605833642,0.0521609425938736,0.226528577189364,-0.0690512876377907
-0.066567918966551,0.062593791830184,0.155489838619674,0.140089616437328,-0.00149033286181063,0.415306084339369,-0.499754277062494,0.0844518732569886,0.0561351096456893,0.246896278163248,-0.0700448313466454
-0.0427226942402684,0.0511679409587154,0.148535021560189,0.134625127859849,-0.00248388808679743,0.410835085828447,-0.490315577982008,0.0928970605800707,0.0700446943212389,0.231496309137067,-0.0844512151194998
-0.018380693978383,0.058122806708099,0.159960792440083,0.153999223741221,0.0129162179029138,0.395434979845083,-0.486838162530163,0.0824647703577112,0.0606060475758416,0.239444680252929,-0.0919027929357593
-0.000993550935860621,0.0630905679591189,0.18479942479245,0.155489538807586,0.0342776552383265,0.393944647008329,-0.495283314345017,0.0839550975326052,0.053651255234652,0.244412412198371,-0.0819673558489547
0.0496775516868498,0.0948842399589719,0.183309106851946,0.193244187226711,0.0591165358839769,0.409841530608257,-0.554399377005397,0.0536517783215793,0.103825114305095,0.286638133765361,-0.114257526370399
0.0720324498783285,0.0695486575827593,0.183309106851946,0.193740958916014,0.0476906507860126,0.401893088810308,-0.572780001536076,0.0347743007692405,0.0978638637240049,0.309986473915425,-0.123696191604709
0.0904131439653585,0.0442130751847357,0.186289742735992,0.200695762564622,0.0541487597502191,0.414312529116587,-0.576754190624605,0.034277525044405,0.0968703219601241,0.326379989347315,-0.118728473063049
0.0784905315840055,0.0337807765498174,0.164431746271722,0.198211904117802,0.0392454313725396,0.410835085829066,-0.551418735197344,0.0312968706947333,0.0899155296172268,0.328863855322304,-0.10034791446027
0.120716450381152,0.0740196426775886,0.165425291565406,0.209140881275051,0.035767988083785,0.414312529115119,-0.564334849737531,0.0178839261196411,0.115250844571619,0.385495999465863,-0.135618716125326
0.132639062755588,0.102335881819997,0.179334925681498,0.207650566207363,0.0442132075007584,0.430706190330488,-0.5772509642689,0.0163935989446309,0.132637825412855,0.38301213349311,-0.144560609501882
0.11773579729734,0.0874325980703787,0.180825243623058,0.192250643846954,0.0213614373216499,0.431202967942823,-0.5509219615556,0.0188774775704232,0.13909584687039,0.387979865434607,-0.146050925065214
0.107800286997411,0.0904132548199892,0.184799424800259,0.190760328780112,-0.000993555253231235,0.452067627653186,-0.579734832448219,0.00844518734725007,0.135121679821209,0.388973411823774,-0.148534784336966
0.106806735966765,0.0725293143174438,0.166915609506555,0.183308753443328,-0.0173872164684808,0.44660307391473,-0.580728379720107,0.0163935989457551,0.119721782490319,0.386489545850428,-0.152508959172921
0.105316409420724,0.0655744485657239,0.162444655685838,0.181818438376963,-0.0327873224522463,0.450577294812529,-0.568309038817268,0.0228516833689525,0.148534493602543,0.400895968484773,-0.158966993279039
0.139097144447012,0.0670647769396689,0.165425291566712,0.180328123309128,-0.0258324358768351,0.449583739587848,-0.541980036096057,0.0337807493194536,0.142573243026429,0.405863700427585,-0.167908886659214
0.110780940067855,0.0809745084436931,0.151018884801702,0.170889461210283,-0.00496777613750997,0.450577294812739,-0.520121996115717,0.0447098152730813,0.17188272503321,0.382018587082523,-0.144063837650882
0.155490736440872,0.109787523717759,0.155489838626779,0.170889461210283,0.00894199700928473,0.444615963466543,-0.504225239766813,0.0312968706976403,0.201192207047187,0.384005679861173,-0.156483134006289
0.274716860005469,0.195233017163557,0.154993065979533,0.22503757528153,0.00645810894528921,0.464983845571853,-0.553405829746087,0.00447098152966831,0.261301483646139,0.425734628191837,-0.225037649922818
0.263291023161324,0.163439345167042,0.157973701860232,0.226031118659167,-2.109928898264e-11,0.477403285874984,-0.55887033974662,0.00596130870514375,0.252856378664866,0.396425009752906,-0.215102212830652
0.283162043773091,0.162445792917005,0.14654793098,0.232985922307433,0.0029806656546524,0.490816281406332,-0.545954225215252,0.0158968232030161,0.229508147246053,0.388476638637885,-0.224044106209379
0.29508465614038,0.154994151038675,0.15499306597968,0.219076315004042,0.0144065507473776,0.493796947080122,-0.556883245204825,0.0317936464004383,0.212617937275836,0.357676700579409,-0.214605440975959
0.308000819529539,0.161949016786307,0.15996079244986,0.230998835535695,0.0298066567460081,0.489822726184337,-0.555889697931906,0.0248387862484918,0.229508147229467,0.363141205718889,-0.230502140319136
0.307007268498854,0.157478031658558,0.16890270009909,0.219573086680606,0.0248388806175975,0.495287279922794,-0.552412282480536,0.0263291134228431,0.243914502797428,0.357676700576372,-0.213115125415
0.31346535019774,0.150523165904794,0.16492851892412,0.205663479389219,0.0263292134552396,0.468958066462359,-0.54794131975759,0.0119226173988676,0.227521063721365,0.32389612334737,-0.208147406871732
0.288626574447438,0.126181135785273,0.161947883043245,0.200695762495641,0.0119226626892803,0.469454844074705,-0.552412282481146,0.0119226173988676,0.219075958735532,0.297567144035485,-0.184302357862757
0.326878289127677,0.122703702910033,0.171386563338957,0.221560173445068,0.0178839940394889,0.48584850527934,-0.573773548825278,0.00099355144523984,0.22255335490301,0.319425164602949,-0.210631266143677
0.323400860523676,0.122703702910033,0.184302652160279,0.21460536979646,0.0069548865677985,0.482867839605675,-0.604076740627378,-0.0119226174140849,0.218082416971419,0.324889669743151,-0.230998912175611
0.251865186451293,0.0635873441054219,0.209141284504573,0.166418515997066,0.0223549925597397,0.463990290337938,-0.579734832439196,0.0357678521918244,0.159960223899254,0.301044556422703,-0.191257163802654
0.305516942023206,0.103826210218831,0.216592874204007,0.162444342486221,0.0223549925597397,0.459022514217472,-0.581225153348718,0.0372581793671832,0.169398870642797,0.29508327809054,-0.204670003877712
0.304026615477857,0.109290747593519,0.2131154656737,0.160457255729819,0.0258324358475712,0.451570850034335,-0.601592872421585,0.0392452822661376,0.188772935013502,0.30750260795628,-0.183805585997393
0.303529839962664,0.106806866966888,0.2131154656737,0.178837808235831,0.0303034343603895,0.451570850034335,-0.593644494246699,0.0288129920443211,0.186289080604928,0.314954205878289,-0.199205513484744
0.291607227603672,0.0849487174674481,0.208644511850604,0.162941114192059,0.0203678821045273,0.43964818734295,-0.575263869707485,0.0352710764712125,0.163437620076061,0.30650906157115,-0.184799129704699
0.310981472695087,0.0899164787204499,0.20963805714467,0.177347493182193,0.0173872164269054,0.445112741080137,-0.58221870061089,0.0253355619733402,0.15747636949746,0.314954205881642,-0.188773304539207
0.28067816624779,0.0705422098241821,0.209141284497733,0.16790883108614,0.0124194403010122,0.454551515720286,-0.576754190617671,0.0476904695921003,0.145057097461298,0.319921937830897,-0.178341095600524
0.294091105155934,0.0953810160683306,0.210134829791416,0.181818438385072,0.0084452193982837,0.455545070944946,-0.593147720613448,0.0372581793667575,0.142573243053029,0.332838040894173,-0.191257163811802
0.272232982488485,0.0938906876930715,0.212618693026249,0.1639346575726,0.00198711043547979,0.424744858975289,-0.585696116071948,0.0611034141666118,0.1321410545488,0.326379989365526,-0.183805585994537
0.250871635339303,0.0884261503162038,0.202186467440567,0.171386232910303,-0.0114258851058883,0.439648187339834,-0.588676757891276,0.090909957674955,0.125683033090313,0.328367082143387,-0.15648313400306
0.247890982248633,0.0710389859338006,0.168902700090855,0.175360406423891,-0.0243421030338339,0.466474178399981,-0.578244511534885,0.069548601512027,0.150024806277604,0.310483247133171,-0.137605803540932
0.20069730837186,0.0412324184489568,0.160954337744673,0.161947570819003,-0.0178839940674454,0.448590184357617,-0.572780001533905,0.057129208380483,0.136115221601372,0.321412257407357,-0.123199419756805
0.183310165336396,0.0308001198234576,0.172876881274161,0.155489538859342,-0.010432329881213,0.464487067945457,-0.567812265172566,0.0407356094579281,0.124689491333713,0.318431618240329,-0.129160682007119
0.306013717297465,0.118232717723947,0.191257469199977,0.216592456529084,-0.00645810898174529,0.483861394815887,-0.620967044283179,-0.00149032721238121,0.192747102018371,0.391954050912228,-0.187282989033556
0.285149145655918,0.102335881711671,0.189270378611553,0.186786155163205,-0.00496777614306029,0.483364617203615,-0.611528345202693,-0.00298065438762384,0.192250331137022,0.37705085506683,-0.160457308906421
0.280181390505665,0.115252060964594,0.199702604195694,0.177347493067385,-0.000993555239660382,0.495784057510681,-0.622954138835489,0.00496775721108718,0.193243872900244,0.384005679790264,-0.154992818509083
0.267762002607102,0.11475528483884,0.188773605959361,0.165921744208352,-0.00198711046498289,0.495784057510681,-0.625934780649769,0.00397420576191979,0.182811684383978,0.361650886008261,-0.134128400640583
0.268258778122084,0.0884261502192132,0.199205831539494,0.168902374342588,0.0104323298534963,0.49180983661179,-0.62394768610404,0.00397420576191979,0.187282622318642,0.363637978786437,-0.132141313223169
0.288129798729624,0.0993552249689331,0.18032847094556,0.182811981642549,0.00397422088866629,0.512674496337577,-0.621960591560155,-0.00993551453437831,0.189269705843672,0.371586349898302,-0.138599347331378
0.315949227571576,0.116245613220628,0.202683240049809,0.194237730488341,0.00298066566303208,0.500255056034446,-0.619476723377348,-0.0183807018570211,0.203179290520929,0.371089576703856,-0.157973449650516
0.314458901026112,0.101342329454112,0.221063827997349,0.20069576244625,0.0124194403034818,0.486345282895967,-0.631896064278491,-0.0278194406342946,0.175360121161634,0.367115391143716,-0.165425027463358
0.314955676541055,0.113761732577359,0.227025099757337,0.195231273863921,0.00794844178850555,0.501248611265548,-0.6279218751879,-0.0183807018535849,0.177843975568805,0.340786411836013,-0.158470221500624
0.333833146121868,0.0993552249441075,0.22255414593477,0.187282926833803,-0.00695488658665645,0.484854950065415,-0.629908969732273,-0.00844518735338785,0.16790855793951,0.327373535578528,-0.163934711897593
0.232987716820219,0.0228517017988453,0.208147739183807,0.12468969409663,-0.0183807716746941,0.456538626172481,-0.589173531521446,0.0372581793914932,0.117734698989779,0.268257525547456,-0.0914060210924711
0.234974818882049,0.0447098513129714,0.217089646829866,0.144063789989468,-0.0208646597392292,0.460512847070364,-0.596128362422381,0.0496775725149642,0.115250844582852,0.285644587365935,-0.113760754530394
0.211626369662998,0.0168903882979132,0.201192922127639,0.128167095923354,-0.015400105998307,0.46100962468251,-0.591160626059414,0.0606066384577934,0.114754073701247,0.261302700822641,-0.11326398267613
0.255839390554525,0.0526582693255354,0.220567055359909,0.163934657547416,-0.00496777613481245,0.470945176931206,-0.611031571500429,0.0387485065630424,0.127670116625356,0.30650906155428,-0.139096119086492
0.272232982543545,0.0650776724516512,0.186786515362686,0.174366863013769,-0.00943877464860182,0.475416175442411,-0.614508986955598,0.0337807493108771,0.146050639235265,0.312470339887547,-0.149031556174636
0.289620125562539,0.0665680008262219,0.205663875956621,0.203676392650109,0.00397422089147167,0.478893618728243,-0.624444459677191,0.0387485065607175,0.15846991126228,0.346747690268909,-0.159960536975725
0.260310370174633,0.0496776125745271,0.192251014497638,0.183308753398743,0.00943877463186625,0.481377506789394,-0.62394768604067,0.0372581793857458,0.132141054543678,0.314457432601744,-0.141083206510796
0.273226533565788,0.0799809562232472,0.191754241850672,0.178837808197333,0.00844521940675956,0.487338838135463,-0.626928327858206,0.0561356569356303,0.157973140378577,0.337805772755516,-0.146547696907838
0.270742655990974,0.0715357621001482,0.170393018034264,0.177844264818569,0.00447099850374329,0.477900063502492,-0.63736057422286,0.0561356569356303,0.159463453022734,0.333831587196427,-0.158966993270784
0.278194288716425,0.0849487174831122,0.173373653916108,0.191257100430072,-0.00645810897823286,0.483861394849317,-0.641334763312257,0.0675614986044705,0.150024806270384,0.335321906781066,-0.165921799231735
0.264781349813984,0.0919035832338101,0.175360744503182,0.196224817321078,-0.0104323298799065,0.482371062011902,-0.638850895131621,0.0715357044032062,0.150024806270384,0.327870308864777,-0.174366920756487
0.20665861444196,0.0402388661678718,0.1569801565589,0.165921744249701,-0.000993555236267749,0.452067627648579,-0.605070287923413,0.10283257503855,0.106308968658551,0.280180082124155,-0.113760754578473
0.228019961600642,0.0571292544309155,0.169896245380604,0.187779698587374,0.0104323298537,0.44064174256656,-0.61003802428638,0.0779937887958058,0.118728240695017,0.297567143944015,-0.129657453918219
0.220568328871446,0.0442130751771788,0.157476929208641,0.178837808187312,0.0119226626909104,0.435673966442737,-0.604076740651796,0.0740195829940732,0.114257302760682,0.2762058965789,-0.121709104251563
0.190265022459299,0.0367614333022916,0.179334925685182,0.185792611828547,0.00993555224002572,0.43617074405504,-0.582218700658919,0.091406733371001,0.11077990659252,0.257328515183724,-0.105812404911818
0.15896816501664,-0.00298065671838599,0.168902700096418,0.144063789960559,0.00794844179019583,0.421764193296105,-0.581225153386515,0.105316453663683,0.0973670928030146,0.208147968964855,-0.0690512876846889
0.160955267077894,-0.0178839404798952,0.15598661127395,0.139096073066858,0.0203678821038798,0.412822196274734,-0.548438093406154,0.106310005113677,0.119225011590684,0.219573752453435,-0.0760060936443262
0.146548777141187,-0.0168903882297747,0.165922064210493,0.130650954350378,0.0134129955267902,0.401893088805785,-0.527076827057939,0.101342247865515,0.0829607372361879,0.208147968977558,-0.0814705840421793
0.159464940527599,-0.0114258508556605,0.175360744504811,0.14505733333767,0.0139097731397093,0.424744858963306,-0.510186523422927,0.114258416715772,0.0784897993033892,0.239444680232597,-0.0591158505918927
0.170394001854352,-0.000993552229723194,0.186289742733716,0.157973397251419,0.0203678821070329,0.431699745532692,-0.526083279789199,0.0894196304704448,0.0983606345663704,0.264780113153342,-0.0541481320482225
0.180826287667965,0.000496776145160333,0.188276833320555,0.159463712318482,0.0283163239096127,0.444615963453815,-0.539496167968661,0.0760066858963989,0.0948832383969281,0.264283339958818,-0.0571287631750681
0.281671717332161,0.045703403584027,0.206160648617958,0.206657022819695,0.0258324358459168,0.465977400795956,-0.586689663350471,0.0218581319076301,0.153502202445753,0.325883216142627,-0.132638084985902
0.290116901087672,0.06805832920775,0.195728423031968,0.214605369845696,0.0124194403048724,0.465480623183569,-0.563838076092056,0.0347743007578868,0.146050639224788,0.32389612336403,-0.126180050878303
0.326878289197409,0.092400359333915,0.212121920377022,0.210134424644176,-0.00596133136159753,0.47293228736891,-0.579238058818727,0.0337807493073247,0.162444078312521,0.324392896558843,-0.145057381339412
0.318929880952241,0.092400359333915,0.200696149495102,0.186289383578519,0.00198711044079057,0.465480623183254,-0.584702568814484,0.0298065435082792,0.15350220244879,0.321412257389448,-0.148038012465092
0.344265432218284,0.120219822355399,0.20566387596675,0.200695762566521,-0.00844521942396269,0.474919397819416,-0.595631588813907,0.0208645804641464,0.145057097465651,0.339296092393037,-0.159463765112836
0.376555840692117,0.158471583991065,0.230005735662359,0.225534347022775,-0.011922662711039,0.485351727677351,-0.609044476980548,-0.003477430075579,0.13512167983782,0.38350890669635,-0.17834109558133
0.394936534747873,0.171387763238835,0.214109010961072,0.219076315060725,-0.0149033283876538,0.493796947085621,-0.630405743328763,-0.0024838786258433,0.166418245380473,0.389966958227047,-0.192250707506797
0.35569126905367,0.142574747979289,0.222057373310071,0.211624739723757,-0.00894199703356101,0.467964511253743,-0.615999307887765,-0.0094387387748964,0.16592147449899,0.353205741826888,-0.188276532672612
0.330852493304329,0.134129553853885,0.211625147728088,0.182315210061402,-0.0198711045179108,0.452564405275909,-0.57725096426932,0.0104322902239483,0.134128138068853,0.312967113054433,-0.168405658504631
0.309491146157624,0.120716598476554,0.199702604203532,0.158966940664752,-0.0223549925808872,0.453557960500316,-0.54198003611489,0.0203678047241454,0.131147512780284,0.307502607913797,-0.149528328038684
0.30849759512838,0.141084419602101,0.21410901095705,0.158966940664752,-0.0173872164537953,0.4620031799093,-0.546947772477993,0.0233484590761423,0.102334801658864,0.278689762627185,-0.149528328038684
0.304026615493455,0.121213374604279,0.228018645070265,0.161947570798694,-0.0173872164537953,0.47144195454287,-0.56930258610005,0.0114258416762153,0.114754073692282,0.285147814156858,-0.165425027382504
0.31098147269749,0.114258508856501,0.211625147725211,0.174863634711487,-0.0243421030345773,0.473925842604125,-0.543967130653415,0.00298065434434965,0.115747615454748,0.30054778318956,-0.16343793996509
0.333336370880757,0.125684359730369,0.226031554488094,0.168405602751348,-0.0298066567733894,0.472435509766711,-0.547444546106115,0.00198710289445886,0.119225011624446,0.320915484170992,-0.165425027382343
0.355691269035936,0.15598770334155,0.240934733894229,0.181321666662868,-0.0223549925837405,0.475912953052763,-0.561850981569935,-0.022851683361202,0.134624908943994,0.338799319157541,-0.203676460185379
0.336813799471545,0.163439345211431,0.229508963021087,0.19225064381392,-0.0188775492966642,0.472932287379539,-0.565825170658247,-0.00198710289668125,0.158469911242594,0.31594775222726,-0.190760391969048
0.33830412601603,0.150523165963661,0.251863732127979,0.221063401782464,-0.0149033283946069,0.469951621706378,-0.565825170658247,-0.0218581319012096,0.154495744192242,0.326876762504917,-0.186786217132664
0.358671922143288,0.168903882598802,0.23646378007338,0.221063401782464,0.000993555207867508,0.47690650827929,-0.585696116097091,-0.024838786251579,0.16691501622566,0.348734783075852,-0.177347551903191
0.372581636565877,0.183310390222677,0.240934733895022,0.219076315024151,0.0198711044953727,0.476409730666934,-0.600102551535334,-0.0357678521983862,0.196721269130377,0.365625071706895,-0.214108669122385
0.386491350989004,0.209639524845067,0.240437961247982,0.239443954286565,0.0178839940447754,0.473925842605836,-0.616496081514097,-0.0347743007486505,0.207153457638448,0.361154112954282,-0.232489227733841
0.365130003850971,0.203181435221792,0.220070282730777,0.224044031924637,0.0208646597204553,0.488829170967233,-0.617986402423293,-0.017883926096119,0.228017834661505,0.381025040742885,-0.223050562499021
0.359168697669861,0.208149196472812,0.219573510084075,0.211624739696969,0.0139097731401768,0.479887173946051,-0.607057382426854,-0.0223549076230098,0.21609533350957,0.383508906715244,-0.195728110506069
0.3497299628925,0.205168539723139,0.227025099788354,0.201192534229587,0.0278195462993911,0.483364617231368,-0.609044476970413,0.000993551461864639,0.207153457645619,0.395928236571123,-0.207153863157667
0.357678371130753,0.2036782113486,0.231992826255451,0.201689305918902,0.0308002119752866,0.483364617231368,-0.60308319333762,-0.004470981513457,0.217088875270036,0.383508906707026,-0.211128037992496
0.349233187385526,0.163936121358796,0.214605783613675,0.191753872141545,0.0228517701728986,0.479390396332981,-0.580728379691749,0.0168903746683551,0.209140541171088,0.348238009911663,-0.171883061480821
0.377052616212421,0.15052316599132,0.22752187242622,0.180328123301668,0.0188775492733348,0.485351727679051,-0.585696116053359,0.0253355619927541,0.212121166456437,0.354696061438258,-0.183308814133498
0.391459106137989,0.173374867732579,0.221063828020615,0.185792611877261,0.0149033283712776,0.473925842595102,-0.58668966332598,0.03229042214669,0.220069500556361,0.369102484067265,-0.191257163806695
0.384504248925618,0.165426449729945,0.227025099785359,0.192747415525184,0.00993555224682312,0.459022514222058,-0.566321944251443,0.0367614036720696,0.187282622371637,0.357676700590179,-0.191257163806695
0.397420412311281,0.169400658728091,0.229508963019091,0.234476237408605,-0.00794844181459235,0.465977400794088,-0.570792906975976,0.0233484590924435,0.188276164134371,0.37059280365072,-0.181321726716807
0.381523595827093,0.147045733107184,0.223547691253466,0.225037575313948,-0.00596133136399514,0.451570850034544,-0.557876792446019,0.0163935989432098,0.179831059152062,0.384999226294215,-0.170889517774044
0.399904289877164,0.133632777730134,0.230005735664032,0.246398757941849,-0.0208646597467097,0.436667521673147,-0.552909056082509,0.00248387864220991,0.182811684439314,0.377050855181299,-0.191753935664778
0.372581636529383,0.112271404343348,0.212618693020201,0.236960095843702,0.00496777611105174,0.426235191810804,-0.536515526100165,0.0337807493084741,0.16492793269824,0.343767051124375,-0.158966993299992
0.333833146354416,0.108793971468254,0.201192922138957,0.223050488545456,0.00794844178680344,0.41580286195331,-0.535025205192475,0.0372581793825032,0.169398870630709,0.324889669740192,-0.133631628729495
0.352213840395961,0.107800419218509,0.210631602422398,0.23497300908534,0.00198711043458077,0.424248081364077,-0.545457451551144,0.0268258891525487,0.170392412392883,0.33581868002103,-0.137109031710322
0.327871840173605,0.141581195714098,0.228018645064174,0.231992378951177,-0.0139097731794027,0.434680411220911,-0.532044563376811,0.0238452348030321,0.15548928594894,0.345257370719242,-0.137605803564639
0.287633023467838,0.134626329965006,0.206657421253447,0.225534346995338,-0.0218582149808318,0.417789972403122,-0.529063921559682,0.0218581319035094,0.125186262194096,0.346747690301987,-0.121709104222749
0.274220084571878,0.12369725522194,0.203180012726324,0.217089228286978,-0.022851770206466,0.424248081364297,-0.524592958833317,0.020864580453102,0.128663658361831,0.33184449447868,-0.108793036004676
0.282665268329512,0.129161792599037,0.205167103314103,0.211127968017478,-0.0303034343953956,0.445609518696061,-0.535521978821696,0.0377549550950934,0.152011889801853,0.335321906842007,-0.124192963485587
0.250871635368511,0.104322986349674,0.195728423023969,0.183308753438134,-0.0283163239433599,0.438157854511664,-0.538005847002467,0.0412323851721969,0.155489285971039,0.320915484196986,-0.107799492293134
0.210632818598952,0.0784906278280973,0.208147739199968,0.159463712337198,-0.0332841000702122,0.438654632124209,-0.532541337011785,0.0551421054681331,0.135121679822733,0.281173628601895,-0.0586190787456217
0.191258573518772,0.0809745084540507,0.215102556254726,0.152508908693391,-0.00943877466304788,0.431202967939969,-0.538005847011721,0.0695486014939814,0.126676574841046,0.278192989433683,-0.0307998548939365
0.23994257400913,0.10382621021594,0.22851541772441,0.17287654795229,-0.0124194403372891,0.441138520189924,-0.559367113355269,0.0452065909802064,0.169398870640723,0.323399350153355,-0.0809738121609824
0.255839390498235,0.108297195340966,0.240437961252489,0.179831351602614,-0.0104323298870278,0.433686856003166,-0.572283227892634,0.0546453297493816,0.163934390945349,0.321412257374968,-0.106805948585978
0.228516737188483,0.109290747590711,0.235967007434677,0.175857178090103,0.010432329838199,0.43666752167683,-0.571289680620122,0.0591163112772023,0.15399897332142,0.310980020288851,-0.0963737396444808
0.230503839248315,0.0774970755961983,0.230005735673808,0.17387009133375,0.0357679880921767,0.41629963957109,-0.581721926977082,0.0581227598272602,0.159463453018806,0.319425164593755,-0.0884253899762167
0.255342615000058,0.090910030967616,0.256334685948257,0.186289383554681,0.0248388806102006,0.435177188837233,-0.594141267885009,0.0466969181509933,0.182314913559453,0.321909030564733,-0.0993543707730286
0.24143290058204,0.0700454337168366,0.258818549181989,0.180824894976798,0.0347744328643845,0.436667521674175,-0.604573514248238,0.0670647228740151,0.178340746510565,0.300051010002477,-0.088425389976659
0.248884533307058,0.0675615530910398,0.263289503003631,0.174366863016181,0.0332841000262749,0.42921585749088,-0.627921875154504,0.0650776199757323,0.171385954169546,0.29160586569042,-0.0894189336853261
0.256336166035822,0.0670647769657865,0.254844368002704,0.168902374433582,0.039742208994066,0.421764193304122,-0.626928327882154,0.0804776674524401,0.1629408491862,0.300547783195528,-0.0988575989164538
0.302039513472929,0.0765035233519406,0.245902460356909,0.196224817359379,0.0427228746703211,0.425738414204104,-0.645805726038745,0.0760066859298507,0.181818142690203,0.321909030588351,-0.142076750212285
0.320420207523711,0.073026090475533,0.243418597123397,0.190760328780418,0.026825991068614,0.443125630630325,-0.634379932404388,0.0874325275977992,0.173373037704991,0.320915484198842,-0.143567065775235
0.266271676360311,0.0362646571955997,0.218083192116122,0.168405602763451,0.0158968835927039,0.448590184366011,-0.621960591503923,0.100348696445705,0.127173345731603,0.271734937916189,-0.0973672833387305
0.212123145153985,-0.0139097314781582,0.213612238294083,0.15101859363314,0.00894199701595003,0.439648187338785,-0.608547703330689,0.09786481782269,0.102334801643119,0.247393051363874,-0.0303030830421445
0.252858737350623,-0.0114258508539781,0.194238105069828,0.15648308221264,-0.00397422090669688,0.443622408236416,-0.620470270604416,0.101342247899161,0.120218553362679,0.276205896635232,-0.0665674284229257
0.267762002794467,-0.0203678211101326,0.204173558003435,0.153999223766923,-0.0119226627085095,0.479390396312835,-0.63587025333277,0.110284210946781,0.135121679802597,0.247889824539096,-0.0859415307423252
0.285645921320857,-0.0243420301082785,0.192747787134682,0.159960484030251,0.00397422089971938,0.488332393328351,-0.651767009707293,0.101342247891023,0.137605534207634,0.247889824539096,-0.0879286181602759
0.287633023381035,-0.026825910734597,0.178838153021056,0.160457255719211,0.0114258850872105,0.484358172429628,-0.644812178797808,0.104322902238912,0.141082930375455,0.266270432740878,-0.0804770403464288
0.301542737795289,-0.0238452539836721,0.177347835080641,0.166915287679827,0.00248388805628698,0.48733883810323,-0.65375410425921,0.0884260790452097,0.140089388612257,0.278689762610234,-0.0879286181622861
0.295084656097152,-0.0163936121059688,0.177844607727871,0.175360406397765,0.000993555217745801,0.505719609759629,-0.658225066985209,0.081967994621005,0.137108763323176,0.280180082194005,-0.0794834966395844
0.286142696822376,-0.000993552220854566,0.186786515373666,0.170889461194261,-0.0188775492987744,0.517145494843337,-0.680083106980475,0.0864389761435945,0.12220563687411,0.295083278035063,-0.0720319188263406
0.276207186526288,-0.00397420897246797,0.174367199200602,0.172876547950418,-0.0139097731719221,0.524100381410226,-0.698960505162845,0.0670647228765213,0.142076472127822,0.319425164562893,-0.0889221618773264
0.320916982907949,0.0248388063058335,0.205167103322088,0.196721589034302,-0.0263292134924992,0.535526266489831,-0.719328224244057,0.0437162637989321,0.162940849161124,0.352212195432315,-0.142076750277034
0.420272085951426,0.0789874039789056,0.210134829790946,0.255340648327939,-0.0372583209750028,0.569803921742402,-0.75658624697191,0.0213613561772659,0.202185748806958,0.396921782953123,-0.221560246938242
0.339794452525108,0.0317936720748913,0.209141284496793,0.233979465690556,-0.0531552045832317,0.573281365027279,-0.723302413352301,0.0407356094488729,0.155986056832435,0.350721875858683,-0.164928255537341
0.307007268537244,0.037258209454054,0.190263923917919,0.229011748798203,-0.0442132075564083,0.555894148608036,-0.711379846077597,0.0263291134256468,0.155986056832435,0.374566989205638,-0.153005731031889
0.228019961618448,-0.0114258508274101,0.175360744512224,0.199702219153193,-0.057626203100042,0.527081047101423,-0.66170248245335,0.0546453297545233,0.132637825413049,0.330354174873069,-0.103825317469121
0.260310370074803,0.0124194031744821,0.181322016276616,0.207153794486119,-0.0556390926505,0.547945706812227,-0.677102465185069,0.0452065909846119,0.142573243032101,0.322405803760994,-0.124689735351693
0.221065104386671,-0.01987104498054,0.172876881278433,0.185792611839255,-0.0471938732323038,0.555894148606651,-0.641831537001738,0.0640840685256615,0.11525084452504,0.284154267737048,-0.0665674284279858
0.254349063890467,-0.0327872242367176,0.174367199220038,0.197218360687301,-0.0303034344018214,0.557881259055131,-0.631896064278788,0.0536517782973346,0.142076472110966,0.294586504820127,-0.0730254625334071
0.261303921104451,-0.0283162391106588,0.166418836868455,0.205166707715066,-0.0139097731743075,0.563345812788855,-0.63139929064224,0.0273226648714687,0.162940849136584,0.285147814122165,-0.0889221618701499
0.283658819265247,-0.0163936121064586,0.168405927456762,0.205166707715066,-0.0039742209241997,0.543971485918834,-0.619973497003202,0.0312968706714444,0.153998973274829,0.249876917306263,-0.0680577439847641
0.26378779866078,-0.0397420900016958,0.160457565108232,0.190263557040946,0.0104323298469746,0.532545600839229,-0.59662513610714,0.0645808442414811,0.168405328832886,0.229012443123259,-0.0397417482856519
0.225536084034521,-0.073026090391567,0.147541476286146,0.149528278566837,0.0203678821040358,0.52111971576059,-0.544463904309516,0.0735228072932865,0.157973140326864,0.212122154516805,0.00745157787762619
0.225536084034521,-0.0779938516500978,0.149528566874394,0.155489538840013,0.0372583209373713,0.497274390368253,-0.550425187938401,0.0814712188862111,0.16294084914639,0.203180237001518,0.0158966993948605
0.259316819051667,-0.0705422097714557,0.162444655693808,0.167412059379602,0.0253356582340769,0.503732499325472,-0.559367113393696,0.0804776674359328,0.168405328838277,0.220567298797908,0.00745157787056379
0.321910533988414,-0.0382517616143994,0.168902700104565,0.17983135160727,0.0288131015240063,0.519629382919692,-0.572780001558871,0.049180796754207,0.175856892060157,0.261799473965264,-0.0178837866838726
0.293594329651953,-0.0705422097477246,0.171883335985968,0.17436686303006,0.00645810895559894,0.50969383067876,-0.556386471554586,0.0377549550791284,0.146547410069925,0.256831742018507,0.00695480603213372
0.32638151364869,-0.0263291345927578,0.185792970098361,0.204669936080514,-0.000496777623840344,0.500255056047583,-0.571786454274106,0.019871028988073,0.18132137179978,0.283160721368029,-0.0566319912908268
0.323897636075268,-0.0392453138559868,0.189270378628257,0.196721589056472,-0.0144065507773482,0.505719609780037,-0.570792907002109,0.025335561965526,0.160953765672975,0.265773659559674,-0.0635867972517775
0.331349268802447,-0.0442130751072154,0.193244559804518,0.202682849325238,-0.0144065507773482,0.502242166495087,-0.568309038819574,0.0501743482173115,0.142573243056297,0.259315608026754,-0.0680577439414729
0.373078411983918,-0.0178839404942217,0.19920583156803,0.22752143376067,-0.031793767218184,0.521119715753255,-0.600599325209292,0.019374253245876,0.161947307418441,0.313960659403471,-0.112270438998334
0.38847845295372,0.00496776127582491,0.198212286274199,0.231992378964064,-0.0308002119929575,0.519629382916376,-0.622457365196199,0.00794841157911579,0.139095846873306,0.312967113013225,-0.113263982706706
0.40089784082563,0.0238452540400067,0.199205831568558,0.228514977139288,-0.0362647657337477,0.530558490383016,-0.658225066984164,-0.00496775727483549,0.148534493617081,0.300051009950975,-0.139592890979813
0.443620535145058,0.0422259706913599,0.20069614950959,0.241927812747484,-0.0586197583102471,0.540494042632761,-0.677102465155191,-0.027322664888364,0.165921474475818,0.322902576926016,-0.172379833351674
0.387484901930382,-0.00447098512019928,0.197218740982262,0.217585999971652,-0.0531552045703801,0.531055268002381,-0.639347668818293,-0.0114258416901145,0.125683033073714,0.24689627809738,-0.120218788673739
0.324891186993635,-0.0427227467879935,0.191257469218575,0.194734502266827,-0.0516648717320188,0.50870027544494,-0.639347668818293,0.015400047468789,0.0983606345800713,0.192251226651235,-0.0839544433364932
0.352213840301274,-0.0233484779027101,0.187283288043254,0.191753872133179,-0.0591165359268827,0.522113270969206,-0.64133476336348,0.023845234794506,0.100844488987669,0.211625381236149,-0.108793036052499
0.383013922199501,-0.0357678810277829,0.176851062460038,0.217089228255134,-0.0471938732207111,0.530061712764134,-0.638850895182031,0.0158968231931079,0.110779906613794,0.209638288456342,-0.107799492343484
0.385497799772923,-0.000993552258229946,0.187283288045411,0.222056945145527,-0.0342776552921421,0.532545600823921,-0.642328310634255,0.0178839260936126,0.111276677495179,0.216593113181617,-0.105812404925936
0.419775310290119,0.00894197024318424,0.19026392392699,0.220566630078501,-0.0352712105176804,0.527081047089389,-0.636863800633872,0.00397420579659147,0.118728240720169,0.23994145332859,-0.100844686381863
0.360162248581566,-0.0149032837446906,0.185792970104555,0.177347493141136,-0.0447099851631414,0.505222832157493,-0.611528345154018,0.033283973593133,0.101341259883202,0.199702824602997,-0.0566319913250024
0.41480755517414,0.00447098513001618,0.203180012738111,0.202682849274958,-0.0471938732262978,0.533042378430338,-0.625934780614297,0.00149032718010007,0.119225011616372,0.235470494618696,-0.0864383025886331
0.400401065242168,-0.0173871643877818,0.212618693031592,0.221560173459384,-0.0377550985840258,0.520622938126945,-0.619476723341822,0.0193742532832457,0.107302510465609,0.243915638929635,-0.0839544433167812
0.393446208032218,-0.00794841800479906,0.218083192147579,0.22950852048225,-0.0273227687119716,0.514661606777601,-0.620967044250895,0.00645808442795104,0.123695949547305,0.244412412124435,-0.0784899529194441
0.483859351733615,0.0521614931824018,0.21957351008795,0.265276082101901,-0.0293098791626644,0.518139050062919,-0.664683124227098,-0.02434201053067,0.182811684419119,0.32339935011655,-0.139592890978157
0.542975638066765,0.099355225101281,0.215599328910984,0.291604981629101,-0.021858214972476,0.533042378436907,-0.673128276039875,-0.039245282280966,0.211127624675472,0.37456698920268,-0.181818498566038
0.590666087406882,0.122206926843019,0.234476689485396,0.323895141386805,-0.015400106003438,0.530061712765509,-0.676108917858063,-0.0571292083869018,0.253849920438442,0.406360473606385,-0.213611897266978
0.540988535939885,0.0988584489502333,0.244908915068612,0.299553328642782,-0.0238453254195963,0.51813905007211,-0.674618596949356,-0.046200142435832,0.233979085181315,0.414308844724351,-0.192747479383844
0.508201351951387,0.0705422098131765,0.241928279187737,0.291108209928384,-0.0298066567702364,0.505222832158354,-0.659218614237407,-0.0322904221380872,0.231495230774265,0.403876607635473,-0.185792673423268
0.352710615470345,-0.023845254118748,0.210631602404796,0.225037575179432,-0.0223549925798681,0.476906508240897,-0.602586419784648,0.016393598857187,0.177843975493077,0.294586504569556,-0.0804770404465674
0.364136452308526,-0.0407356423746985,0.201689694756359,0.243418127681366,-0.0213614373538263,0.50224216645554,-0.58917353160372,0.0124193930569012,0.177347204611801,0.303031648877142,-0.0809738123008439
0.320420207043761,-0.064084120251306,0.192251014471802,0.23149560715177,-0.0188775492906699,0.481874284366147,-0.567812265235667,0.0382517307715206,0.176850433730538,0.303031648877142,-0.0561352195794761
0.32985894182769,-0.0675615531309996,0.179334925647809,0.206657022694904,-0.00248388808016753,0.491809836609387,-0.557380018877283,0.036761403596898,0.169398870507743,0.291109092201771,-0.0248385927684951
0.345258982790049,-0.0829616130209645,0.169896245355443,0.198211903983005,0.00993555223681314,0.501745388857453,-0.529560695261382,0.0327871977935122,0.162444078171676,0.309489700400147,-0.0218579616430166
0.282168492438546,-0.104322986400575,0.176851062408763,0.176850721356684,0.0129162179127807,0.498267945572136,-0.495780087997817,0.0546453297047455,0.119721782399267,0.265773659288361,0.00844512147194196
0.235471594001798,-0.137110210671076,0.181818788879823,0.145057333244055,0.00298066565859674,0.496280835122816,-0.480380105283344,0.0740195829778637,0.0894187586146648,0.238451133580116,0.0298063111989192
0.185794042603923,-0.168407106540346,0.171386563301848,0.109786543352262,0.0178839940409516,0.481874284372401,-0.467960764377452,0.0919035090837995,0.0586189640039222,0.20318023681649,0.0620964817543435
0.189271471209738,-0.156484479528385,0.151515657423477,0.101838196327437,0.0223549925558199,0.491809836617319,-0.457031744383998,0.084948648933842,0.0695479233977568,0.197218958478331,0.0645803410253575
0.204671512179242,-0.171884539424171,0.128664115652547,0.0874318173358829,0.0223549925558199,0.50025505602327,-0.462993028012884,0.084451873209097,0.0591157348848198,0.184799628603057,0.080477040358884
0.331846044323277,-0.091903583120658,0.163934973610106,0.159960484041152,0.0144065507526646,0.524597159042088,-0.515154259739277,0.0268258891603895,0.127173345726541,0.275709123470597,-0.0412320638157992
0.33880090152664,-0.0799809561152061,0.172380108611532,0.157973397284995,0.0243421030104451,0.514164829192304,-0.534528431559348,0.0238452348096329,0.122205636913113,0.290115546104179,-0.0601093942832746
0.379536493707533,-0.0531550453653302,0.184799424774321,0.171883004568836,0.0163936612072897,0.502738944110045,-0.556883245200945,0.00198710289953619,0.13859907598837,0.310483247054883,-0.099354370790714
0.520123964026382,0.0556389259144,0.217089646815701,0.253353561472877,-0.0163936612267704,0.528571379922828,-0.627921875283557,-0.0486840211068121,0.207153457534586,0.420270122821081,-0.212121581805848
0.520620739541143,0.0655744484252023,0.24739277826186,0.245405214446679,-0.0183807716769838,0.540494042614967,-0.648289594355312,-0.0293097678231149,0.203676061365656,0.413315298099488,-0.216095756639872
0.562349882783099,0.0620970155476263,0.250373414140974,0.26130190849633,-0.0149033283889007,0.527081047081069,-0.65623797252933,-0.0347743007985784,0.209637311943965,0.436663638251406,-0.225037650015463
0.598117719891194,0.0630905677989151,0.252360504728987,0.295082383364332,-0.0173872164531959,0.527577824693415,-0.654747651622169,-0.0581227598737395,0.232985543388573,0.442128143396237,-0.246398839742441
0.573278944156256,0.0491808362881734,0.249379868848376,0.291108209851527,-0.0223549925794486,0.534532711263683,-0.641831537089037,-0.048684021102356,0.215101791657598,0.416295937273788,-0.21609575663157
0.606562903645254,0.0591163587935512,0.267760456786684,0.2995533285653,-0.0337808776749311,0.543474708280521,-0.644315405268791,-0.0526582269034682,0.215598562538996,0.424244308390912,-0.220566703319516
0.673627598082281,0.108793971324614,0.317437721466464,0.341282150443577,-0.0372583209636018,0.536519821711135,-0.683063748904171,-0.0745163588050398,0.260804712722881,0.481869998942783,-0.26328908279393
0.672634047052346,0.107800419074056,0.310482904410268,0.337804748621202,-0.0332841000616405,0.548442484405037,-0.705418562546989,-0.0596130870516431,0.245901586280767,0.494786102002982,-0.235469858947124
0.647795271317407,0.0859422695594705,0.33184412821847,0.335817661864848,-0.0397422090286523,0.543971485896571,-0.694986316179771,-0.0531550026255915,0.251862836856734,0.474915174229631,-0.206160319541248
0.632892005892862,0.0884261501829206,0.329360264986646,0.318430652758546,-0.0303034343877471,0.562352257547923,-0.674121823446759,-0.0625937414126828,0.233979085137613,0.460011978414212,-0.184302357937006
0.495781964177744,-0.00645808958110231,0.307005495887681,0.242921356126946,-0.014903328389488,0.540990820243229,-0.606560608816278,-0.0104322902317119,0.191256789418686,0.369102484047187,-0.0943866522098105
0.48485290285078,4.86815032729737e-11,0.303528087363847,0.254347104976119,-0.0228517701922597,0.5206229381405,-0.608547703361084,-0.00993551450674734,0.173373037683321,0.374070215991445,-0.0928963366470009
0.430207596210677,-0.0213613733533563,0.285147499434229,0.217585999967266,-0.0188775492923124,0.523603603815361,-0.622457365173973,-0.000496775731928051,0.153502202415461,0.335321906787257,-0.0760060936060403
0.434181800330725,-0.0163936120975378,0.279186227669485,0.210631196322601,-0.0243421030348171,0.512674496341334,-0.627921875167492,0.0144064960214686,0.13661199243695,0.343270277904171,-0.0710383750637773
0.454549596435146,-0.0208645972277275,0.272231410612672,0.218082771658467,-0.0382518761947028,0.507209942607725,-0.640341216064564,0.00347743007522967,0.132637825383476,0.351218649022558,-0.0909092492320256
0.423749514521442,-0.0352711048618866,0.262792730322538,0.225534346991209,-0.00993555227403667,0.480880729159525,-0.661702482424448,0.0193742532747191,0.136611992434218,0.355689607774461,-0.0993543707551828
0.385497799938057,-0.0650776723680068,0.234476689473052,0.193244187212011,-0.00943877466133353,0.490816281400876,-0.649779915143231,0.00844518731455564,0.12121209513017,0.346250917092736,-0.0859415306822963
0.383013922363051,-0.0789874038802089,0.23547023476697,0.175360406401745,-0.0213614373695192,0.466474178394399,-0.609541250605942,0.0178839260856938,0.108296052204793,0.319921937768306,-0.0814705839945913
0.356188044542353,-0.118729493958474,0.202186467426109,0.145057333343072,-0.0154001060152825,0.446106296289519,-0.588179984253642,0.018877477535662,0.0839542790085374,0.292599412045596,-0.0665674283734301
0.311975023732027,-0.181323285748929,0.174863971851827,0.131644497736529,-0.0263292134946211,0.433686855986126,-0.562844528824306,0.0591163112797726,0.0839542790085374,0.251864010089741,-0.0611029379743974
0.315452452335287,-0.195233017264636,0.18479942478837,0.12866386760053,-0.0178839940811122,0.413815751499226,-0.561354207916168,0.0496775725051987,0.0720317778615785,0.258818834810966,-0.0630900253914098
0.244413553596712,-0.23944609245767,0.151018884805122,0.0814705570946615,-0.0163936612428588,0.406364087310894,-0.527573600683973,0.0750131344612696,0.0452061502288899,0.180825443134358,-0.0173870148278601
0.435672126328959,-0.119723046429967,0.190263923873739,0.16194757067539,-0.0501745389168674,0.449086961942389,-0.570792907099049,0.0114258415723675,0.107799281256573,0.280180081959055,-0.137109031844235
0.37903971756024,-0.150026390106688,0.193741332403429,0.139592844658423,-0.0521616493690469,0.465480623151525,-0.545954225323559,0.0283162162121634,0.0988574053798889,0.222057618088913,-0.0993543709449296
0.361652574545279,-0.137606986969358,0.207650966514178,0.14058638803633,-0.0432196523366128,0.459519291804322,-0.551418735320958,0.036264627810048,0.105812197722957,0.234973721149112,-0.10084468650798
0.465478656977882,-0.0770002997399948,0.212618692983331,0.189766785163325,-0.0650778672894878,0.499261500771406,-0.573773548980263,-0.00943873892413713,0.143070013785711,0.315450978501275,-0.174863692882087
0.419775309608811,-0.0993552253942293,0.221560600625162,0.167412059132025,-0.0794844180627481,0.482371061958612,-0.541483262632881,0.0218581317632852,0.0973670926853415,0.262793019874019,-0.151515415729828
0.383013921470647,-0.102832658273558,0.240934733844838,0.176850721228311,-0.066568200129192,0.486842060471895,-0.543470357175843,0.0134129444419601,0.119721782358665,0.269251071409845,-0.143567066064137
0.418284983043917,-0.0352711051802348,0.257328231200064,0.20566347921959,-0.059613313551431,0.484854950021694,-0.566818718073819,0.017883925966177,0.130650741756525,0.299554236299899,-0.169895974332272
0.438652779156999,0.000993551988382496,0.27322495590323,0.219076314826133,-0.0616004240028433,0.480880729123223,-0.588179984413866,-0.0114258418143593,0.136115221450155,0.318928390899685,-0.176354008440307
0.362149349776549,-0.0288130155728201,0.257328231201943,0.200198990621225,-0.0571294254912117,0.442628852938674,-0.559367113547216,0.0233484589110162,0.0859413623797125,0.26925107140582,-0.107799492615316
0.476407718280969,0.0352711046238767,0.291605543831497,0.260805136724376,-0.0372583209914752,0.472435509677837,-0.601096098960811,-0.0139097204477718,0.144063555538919,0.352212195025371,-0.18976684855769
0.297568533431676,-0.0784906278943411,0.257825003879189,0.20218607748132,-0.0019871104801841,0.437661076844124,-0.538005847102007,0.04719369381663,0.0968703218455281,0.273722030397487,-0.0864383027280195
0.236961920400524,-0.116245613513105,0.236960552690254,0.171386232706196,0.00248388803695014,0.40735764247888,-0.521115543514046,0.0745163586435129,0.07054146507456,0.249380143765894,-0.0352708018341164
0.267265226790413,-0.107800419383445,0.23199282622345,0.175360406217335,0.00198711042413903,0.41033830815267,-0.51664458078878,0.0556388810931374,0.0660705271400051,0.25782528806968,-0.0447094670681724
0.15300685853996,-0.178342629124237,0.230502508282859,0.101838196326512,-0.00198711047887724,0.358673436482366,-0.468954311682147,0.0973680420286898,-0.000496770940324021,0.148535185408787,0.0427223793712206
0.204671512081615,-0.144561852588218,0.227521872402777,0.146050876675543,0.0109291074562374,0.346750773783679,-0.495283314391851,0.0750131344000484,0.0397416704686955,0.189767360572868,0.0223547333456066
0.273226533161729,-0.122206926944312,0.222554145938321,0.156483082145241,0.00347744326479033,0.3502282170712,-0.510683297107165,0.0730260315003706,0.03328364901005,0.193244772937393,0.00198708732383894
0.26378779837926,-0.157974807969681,0.219076737409761,0.135618671190154,0.0129162179022789,0.352712105133925,-0.483360747123157,0.0779937887482737,0.0452061501646188,0.166419020414257,0.00844512142908602
0.25683294117173,-0.166420002099872,0.218579964763014,0.124689694029942,0.0178839940304499,0.361157324542373,-0.466470443503369,0.0978648177569355,0.036264274301546,0.156483556519429,0.017883786663524
0.3745687382407,-0.107303643140112,0.220567055351497,0.17883780814925,0.0134129955188183,0.416796417153877,-0.519625222551552,0.0650776199318579,0.0968703218759618,0.207651195596079,-0.0938898805080186
0.319426656112866,-0.160955464688306,0.216096101534214,0.148534735120466,-0.00496777614277261,0.383512317126018,-0.495780088017775,0.0784905645093916,0.0516641716554532,0.167412566820429,-0.0471933261912162
0.38947200366035,-0.142077971918178,0.230999280933304,0.170889461123102,-0.0208646597460144,0.395931757429674,-0.521115543462335,0.0660711713820453,0.072031777789258,0.206160875981539,-0.0615997099673743
0.472433514904594,-0.095877792156098,0.262295957706997,0.214605369822166,-0.00596133136258055,0.415306084323431,-0.550425187933801,0.0352710764834838,0.106805739554976,0.259812381168443,-0.127173594620921
0.462498004616763,-0.118729493925665,0.270741092699689,0.189766785364687,0.0034774432787803,0.408351197750666,-0.556883245203983,0.0452065909860065,0.110283135726382,0.220567298783354,-0.116741385678158
0.46398833116243,-0.121710150679907,0.259315321817432,0.196721589014496,0.00695488656896159,0.431202967926528,-0.556386471568114,0.0606066384511024,0.138599075981345,0.24490918534018,-0.116244613823982
0.454052820874023,-0.124690807431145,0.260805639757539,0.202682849278853,0.0129162179208966,0.444615963462126,-0.556883245204512,0.0551421054712337,0.128663658356928,0.228515669924345,-0.112767210843201
0.454052820874023,-0.130652120934121,0.242921824473347,0.196721589011116,0.0308002119758382,0.487338838095425,-0.561354207930756,0.033283973561137,0.131147512764343,0.25335432965221,-0.102831773758005
0.478394821095439,-0.1068068669112,0.239941188591151,0.211624739695525,0.00397422088954143,0.500255056017366,-0.571289680647464,0.0223549076140452,0.112766990148116,0.277199443008002,-0.128663910185788
0.360162248279371,-0.182813614218614,0.212618692997493,0.178341036489263,0.0203678821039998,0.464487067913749,-0.524096185322361,0.051664675364099,0.0546447969418145,0.222554391492415,-0.0417288357717936
0.357181595195672,-0.18678782321968,0.232489598869404,0.151018593603215,0.00298066566064639,0.456041848507976,-0.519128448956137,0.0521614510891415,0.0317933364022895,0.22106407190963,-0.0163934711831789
0.338304125611209,-0.193742688984837,0.218083192116738,0.164928200900774,0.00347744327333765,0.476906508232441,-0.520618769863582,0.0551421054384256,0.0556383387289908,0.22603180386191,-0.00198708741654216
0.316942778507027,-0.168407106606497,0.210134829772201,0.138102529694634,0.0124194403016716,0.464983845541057,-0.506709108046514,0.0710389286399819,0.0382513578843404,0.184799628726204,0.00596126225375924
0.290613676165128,-0.174865196245232,0.198212286246236,0.151515365299192,0.0178839940395606,0.458525736578245,-0.483857520827416,0.0690518257415957,0.0476900046390071,0.178838350379681,0.0228515052817373
0.324891186641914,-0.153503822851269,0.197715513599724,0.175857178067822,0.0208646597148807,0.480880729126243,-0.483857520827416,0.062593741315544,0.0606060475561395,0.222554391512295,0.005961262230068
0.380033268770814,-0.12568435982628,0.207650966541258,0.177347493135326,0.0208646597148807,0.489325948533442,-0.495283314455843,0.0447098152258834,0.0765027157520846,0.232489855403967,-0.0203676460504971
0.301542737357366,-0.173374867897161,0.187283288015026,0.126676780832072,0.021361437327464,0.48038395151056,-0.454547876316226,0.0779937888063055,0.0491803172597834,0.188773814225063,0.0501739572030275
0.267265226840171,-0.180826509777994,0.191257469190935,0.133134812788708,0.0183807716527193,0.450080517185639,-0.426231779068581,0.100845472166267,0.0625931310545572,0.164431927692078,0.0680577439496269
0.283658818813032,-0.173871644025836,0.189270378602511,0.134128356167276,0.0308002119747952,0.460016069428459,-0.432689836337351,0.0933938362896659,0.0799801119081717,0.173373845192689,0.108296264146572
0.458523800264262,-0.0814712845860978,0.231992826238483,0.186289383555637,0.0183807716620104,0.500751833653276,-0.511676844371551,0.0442130395309503,0.170392412379164,0.268754298643645,0.0417288357565432
0.454549596152125,-0.108793971486501,0.223050918599029,0.197218360714502,0.0154001059845323,0.504726054550488,-0.498263956189524,0.051167899680184,0.183805226177231,0.270741391420665,0.0789867248257785
0.540491760200832,-0.0536518215474933,0.224541236539532,0.200198990848444,0.00794844179290526,0.507209942611691,-0.512670391634456,0.0322904221268637,0.178340746479844,0.297070370745791,0.0571287632466016
0.569304740011599,-0.0556389260467748,0.249876641499646,0.247392301279839,0.00794844179290527,0.506713164999419,-0.531051016180699,0.0154000474747713,0.227024292807221,0.357179927238703,0.0238450489907625
0.643324291809753,-0.0154000598649269,0.257825003851229,0.232489150607557,0.00149033282978976,0.513171273962231,-0.562347755205423,0.00149032718028151,0.252359607758503,0.403379834374724,0.000496771861805426
0.541485311273856,-0.0710389859546333,0.232986371506936,0.19622481728846,-0.00844521942295563,0.470448399296448,-0.533534884325396,0.03576785218591,0.233979085143179,0.348734782943044,0.076502865533321
0.541485311273856,-0.057626030579273,0.224541236507006,0.214108598089908,-0.00248388806972606,0.458028958990693,-0.544960677961001,0.0248387862339878,0.234475856024101,0.358670246829456,0.093889880437692
0.642330740830818,-0.00993552250839166,0.262295957658061,0.251863246484826,-0.0188775492913055,0.450577294802361,-0.56781226519882,0.0223549076105849,0.265772421566754,0.39841210245085,0.0417288357914088
0.676111475833599,-0.00794841800660676,0.277199137059352,0.25484387661796,-0.023845325416839,0.452564405251093,-0.583212247906984,0.0268258891343369,0.255340233060476,0.432689452865777,0.0193741023568027
0.673130822748402,-0.0119226270075895,0.27570881911788,0.268753483912776,-0.0119226627146954,0.442132075396022,-0.576257417002249,0.0303033192104461,0.259314400110633,0.443618463138517,0.0114257526917546
0.645311393960755,-0.0233484778864948,0.263289502955825,0.26130190857985,-0.0198711045188098,0.42474485896723,-0.555889697916586,0.0357678521898884,0.219075958742116,0.412818525097975,0.00546449044200374
0.596130618022212,-0.024838806263788,0.269747547362574,0.23397946567157,-0.0188775492929357,0.412325418661213,-0.53502520520865,0.0317936463906361,0.196721269073732,0.395928236486604,0.00298063117189386
0.567814413714207,-0.0556389260336931,0.283657181467569,0.237456867493945,-0.0099355522633071,0.38698976042463,-0.511676844320878,0.0332839735665764,0.208643770229764,0.408844339538256,0.00894189342204652
0.55638857689656,-0.0650776724075595,0.251366959452903,0.200695762535849,-0.0312969896152155,0.387983315649164,-0.487831709777983,0.0442130395196352,0.176353662984889,0.372579896387881,0.0342772580075842
0.583214454676813,-0.0462001796544762,0.254844367980539,0.240934269325714,-0.0308002120025963,0.385499427586754,-0.504722013401,0.0303033192150184,0.200695436143498,0.382515360273241,-0.019374102259715
0.698963149596051,0.0188774928124654,0.298063588235985,0.289617894862374,-0.0322905448409217,0.40338342164234,-0.540489715189942,0.005961308710104,0.221559813165018,0.429212040597474,-0.0834576714233657
0.688530863796954,0.000496776185042125,0.32786994704033,0.275708287573731,-0.0432196523231615,0.400899533580402,-0.518631675197662,0.005961308710104,0.197714810867002,0.414308844765883,-0.0874318462579266
0.659717883963916,-0.00397420894251879,0.315947403528103,0.26428253872484,-0.022851770201347,0.409841530606117,-0.518134901561752,-0.00397420578673502,0.192250331172567,0.421760442685525,-0.0983608270503158
0.665679190136268,0.00347743293768804,0.312966767648902,0.241431041026213,-0.044213207554802,0.389970426111244,-0.520618769741709,-0.00645808441091261,0.190263247646952,0.386489545880826,-0.118231701225801
0.628917802057085,-0.0303033435976214,0.327373174410933,0.220069858390938,-0.0452067627797169,0.378544541026571,-0.502238145220568,-0.00745163586116492,0.16741178709789,0.340289638775379,-0.133631628706713
0.605072577357997,-0.0268259107208487,0.310482904415816,0.228018205412628,-0.036264765750304,0.370596099226271,-0.483857520699426,-0.0114258416642409,0.176850433845836,0.346250917109751,-0.164431483679131
0.633885557212196,-0.00546453732195099,0.289618453246609,0.244411671162042,-0.0273227687195963,0.364634767877053,-0.485844615242008,-0.00943873876451128,0.200695436157901,0.363637978915344,-0.182315270428866
0.625440373465173,0.00794841806664612,0.280179772962332,0.239940725961735,-0.022354992593703,0.370596099229293,-0.502734918859951,0.0059613087133976,0.190263247646757,0.349231556280237,-0.207153863144202
0.566324087240583,-0.0417291944894531,0.278689455021697,0.240437497650805,0.0149033283545422,0.358673436532117,-0.482367199795984,0.0134129445868991,0.18529553883528,0.340289638780336,-0.199205513473901
0.544962740121542,-0.0571292543658366,0.290611998539559,0.220069858421534,0.0104323298405371,0.362150879819418,-0.492302672522733,0.0233484590912301,0.147044181001463,0.348734783078757,-0.189270076381466
0.509691678634844,-0.0784906277512777,0.266270138869123,0.207153794515109,0.0173872164184659,0.376557430576527,-0.486838162522647,0.0203678047415584,0.1490312645262,0.357179927380308,-0.198211969762003
0.446104412720214,-0.106806866907956,0.235967007417591,0.17536040639072,0.0432196522762273,0.377550985801334,-0.461005933474727,0.0238452348178482,0.132141054548104,0.339296092366778,-0.175857236323176
0.474420617039163,-0.0973681205285409,0.230999280951668,0.196721589015988,0.0337808776369165,0.380531651475817,-0.474915595285337,-0.0104322902359098,0.145553868340902,0.360160566526035,-0.211128037993467
0.45753024954724,-0.102335881781751,0.230502508305083,0.224044031913489,0.0551423149903715,0.388976870888189,-0.487334936190211,-0.0243420105372712,0.142076472170606,0.386489545837223,-0.211128037993467
0.483859351825511,-0.0889229263869573,0.219076737425864,0.227024662050003,0.0362647657078776,0.390963981338097,-0.495283314359236,-0.0258323377127466,0.153998973329859,0.426231401418638,-0.225534421771763
0.499756168294028,-0.0869358218861738,0.237457325360913,0.227521433738755,0.0432196522836244,0.404376976874544,-0.516147807060334,-0.00943873878038742,0.157973140380308,0.435173318916646,-0.21063126613673
0.500749719322907,-0.0919035831400101,0.256334685943691,0.218579543331637,0.0466970955722951,0.417293194795939,-0.526580053412451,-0.0178839261056649,0.155489285974113,0.424741081835222,-0.220566703223669
0.48038192321573,-0.0993552250216251,0.250870186829319,0.214605369819421,0.0481874284098293,0.415306084345361,-0.531051016137473,-0.0258323377056163,0.165921474485257,0.430702360168332,-0.201689372758486
0.573278944364767,-0.051664716965767,0.267760456815453,0.233482693995003,0.0362647657137275,0.435177188837296,-0.563838076105297,-0.0725292558941876,0.193243872933288,0.467463576529573,-0.238450489998014
0.600104822139317,-0.0526582692162004,0.274218501217432,0.22702466203996,0.028813101521561,0.437661076899339,-0.541483262477744,-0.078490564596166,0.207650228489577,0.464482937365858,-0.247889155235763
0.597620944568008,-0.0601099110993804,0.27372172857073,0.202682849270731,0.0183807716537866,0.425738414204429,-0.519625222493822,-0.0710389287228585,0.181818142652775,0.45405070028692,-0.244411752254185
0.63438233269409,-0.0476905079563134,0.288128135333187,0.219076315028634,-0.00149033284930658,0.409344752989753,-0.518134901588331,-0.0655743957471108,0.182811684416583,0.472928081689591,-0.239444033714066
0.603085475287121,-0.0705422097234808,0.291108771212917,0.203179620984079,-0.00645810897699803,0.389970426098862,-0.483360747081751,-0.0432194880963797,0.169895641505158,0.435670092103217,-0.224044106220065
0.643324291940782,-0.0720325380996474,0.287134590039709,0.205663479427469,-0.0149033283931563,0.386492982811781,-0.472928500721086,-0.0481872453493204,0.181321371776744,0.461502298183961,-0.248882698954504
0.666175965594402,-0.0591163588377742,0.302037769445844,0.225037575304064,-0.00645810897516376,0.383512317136858,-0.482367199801315,-0.0457033667235927,0.182314913539698,0.461502298183961,-0.259314907900927
0.692008292334773,-0.048684060211399,0.295082952391703,0.220566630104859,-0.0158968836142468,0.381525206687496,-0.467960764362284,-0.0437162638236564,0.176850433845128,0.468457122901689,-0.282663185065156
0.735724537567437,-0.0342775525781474,0.303528087382399,0.238947182604073,-0.0352712105157501,0.369602543991076,-0.473425274358638,-0.0526582268780196,0.182314913538356,0.484353865118687,-0.309488865213282
0.735227762052426,-0.0546453737332053,0.299057133560228,0.21510214151431,-0.0506713165088062,0.371092876829025,-0.434676930778291,-0.0486840210776307,0.163934390919873,0.464979710529157,-0.29955342813023
0.685053435163355,-0.0611034633601414,0.296076497681555,0.204669936051043,-0.060110091148117,0.354699215624391,-0.407354380801,-0.0213613561662082,0.124689491319321,0.437160411667818,-0.266766485725637
0.651272700183425,-0.0889229263892195,0.289121680633167,0.191257100445492,-0.0521616493432353,0.330357112605059,-0.398909228993297,-0.0178839260898281,0.107799281355739,0.411824978757131,-0.240934349291232
0.700453476050691,-0.0700454336230556,0.28514749945902,0.221063401791527,-0.057626203085608,0.334331333504033,-0.410831796253998,-0.0481872453260683,0.147044180979413,0.427224947776383,-0.252360101946222
0.741685843751164,-0.0506711647328904,0.307005495902623,0.250372931446655,-0.0551423150216725,0.36513154547369,-0.443618856203017,-0.053651778301816,0.165424703601055,0.436166865276284,-0.300050199959025
0.701943802544534,-0.0824648367934988,0.292102316498689,0.198708675715219,-0.0576262030859677,0.371589654439093,-0.432689836228965,-0.0233484590836988,0.115747615403349,0.403379834379086,-0.264282626449423
0.693001843293608,-0.0814712845427106,0.281670090914549,0.184799068428291,-0.0635875344406359,0.35867343651115,-0.433186609865051,-0.0129161688540157,0.11376053187832,0.394934690087369,-0.245902067824326
0.683066333011922,-0.0804777322920895,0.285147499440746,0.163437885794069,-0.0566326478637142,0.353705660385438,-0.422257589877866,-0.00149032717982879,0.120218553336331,0.38201858703264,-0.23397954331437
0.651272700097008,-0.108297195305979,0.286637817381162,0.149031506812106,-0.0531552045751274,0.343273330523536,-0.42126404260663,-0.0154000474837222,0.11376053187721,0.364134752038991,-0.223547334366821
0.582717679130847,-0.148039285350024,0.267760456807866,0.140089616409177,-0.0322905448358023,0.331350667821072,-0.392947945370585,0.00149032717100551,0.0834575081052553,0.354199288154946,-0.18728298898604
0.618982291701404,-0.127174688069452,0.270741092689445,0.162444342431657,-0.0347744329002774,0.334331333496688,-0.426728552589864,-0.00596130870540186,0.0973670927910495,0.388973411762911,-0.213611897261988
0.608550005900291,-0.132639225447467,0.262295957697002,0.156979853853505,-0.0213614373614989,0.339795887232836,-0.443618856207345,0.0238452347897661,0.0993541763169574,0.390463731345814,-0.217586072097353
0.599608046633466,-0.134626329950796,0.245902460357276,0.153005680339034,-0.0114258851097127,0.363144435027382,-0.434180157132788,0.0397420579880155,0.0794833410476339,0.377547628280145,-0.215598984680073
0.552414372823267,-0.134626329950796,0.252857277411418,0.144560561628801,0.0094387746260878,0.345757218589409,-0.44262530894718,0.0462001424194414,0.0660705272607625,0.374070215922063,-0.219573159517422
0.542478862540045,-0.144561852456591,0.246896005656889,0.1301541826511,0.0154001059783105,0.311976340943129,-0.44262530894718,0.0427227123431515,0.075509174005928,0.38201858702951,-0.231495684030274
0.609046781526409,-0.104819762387508,0.269250774757836,0.184799068516845,0.0243421030083706,0.320421560356751,-0.473922047981306,0.0233484590780932,0.133631367185114,0.442624916824862,-0.276205150922705
0.622459720401632,-0.093890687631592,0.282166863575342,0.18529584020583,0.0432196522922313,0.33780877679656,-0.461502707083216,0.00894196304512759,0.133134596303826,0.434676545723304,-0.299553428096701
0.682072782034163,-0.0635873440076865,0.29657327031907,0.232985922334794,0.0248388806195513,0.359666991741844,-0.492302672518471,-0.0119226174085422,0.123199178675262,0.446599102389524,-0.326875880104399
0.678098577917034,-0.0894197025498774,0.293095861791228,0.229508520510018,0.0258324358447539,0.357183103678804,-0.487334936163102,0.00546453296974229,0.109289593987077,0.442128143638449,-0.309488865198387
0.70989221085161,-0.0561357021334473,0.309489359132407,0.236463324157083,0.0293098791325853,0.362150879805566,-0.499754277050678,0.00397420579492572,0.125683033082458,0.450076514746106,-0.306011462218545
0.688034088212469,-0.065077672394296,0.310482904426149,0.237456867535284,0.0481874284150793,0.377054208177981,-0.481870426162068,0.0188774775448346,0.121708866030349,0.450573287940039,-0.275708379110126
0.692505067842036,-0.0516647170141483,0.305018405311131,0.23199237895565,0.0397422090027933,0.366125100704415,-0.495780087976477,-0.00149032717183231,0.105315426935774,0.449579741551451,-0.268256801294169
0.698963149535054,-0.0447098512532274,0.313463540306319,0.257824506785695,0.0278195463000743,0.361157324579857,-0.523102637942574,-0.00993551449425552,0.118728240744708,0.4754119476739,-0.234476315216803
0.709395435332135,-0.0620970156425675,0.326379629113521,0.256334191718816,0.0293098791375365,0.37854454101783,-0.511180070676338,0.0149032717601134,0.0998509472518275,0.488328050714956,-0.203676460238566
0.692505067841845,-0.0819680606666757,0.315947403538011,0.266269625497643,0.0233485477853138,0.388976870884359,-0.502238145229835,0.0347743007589581,0.0720317778850196,0.498263514594531,-0.147044468836902
0.656737230795977,-0.0998520011894999,0.310482904427191,0.260308365228583,0.0248388806232797,0.408351197762974,-0.491805898879143,0.0427227123572563,0.0516641717472146,0.492799009457077,-0.0854447589103437
0.626433924438297,-0.111277852070804,0.320915130003317,0.258321278472573,0.0129162179196976,0.417789972396344,-0.490812351607662,0.0625937413654016,0.0422255250004268,0.490811916681161,-0.0447094668291619
0.584208005796197,-0.145058628572067,0.309489359138615,0.230005292222114,0.0163936612103824,0.406860864926241,-0.490315577971196,0.0660711714425956,0.0402384414741287,0.489321597098298,0.00993543716595906
0.616498414230086,-0.111774628147948,0.343766671738799,0.242921356139684,0.00993555224570826,0.420273860463539,-0.498263956140438,0.0536517783168644,0.0561351096884166,0.524095720689697,0.0183805586887746
0.542975638009187,-0.16940065874933,0.323895765868649,0.208147337880349,-0.00645810897349748,0.407854420144668,-0.472431727103805,0.0745163587537167,0.0278191694244162,0.452560380599591,0.065077112957709
0.520620739836293,-0.178342629013559,0.32886349233648,0.191257100444266,-0.0263292134818654,0.396428535059994,-0.467463990748978,0.0839550975226463,-0.00447093790290243,0.382515360125291,0.0774964093064156
0.509194903003632,-0.207155644283995,0.340786035857865,0.177347493143962,-0.0228517701940339,0.383015539517313,-0.446599498031354,0.0889228547726161,0.00844510502120643,0.372579896236512,0.0789867248694262
0.553407923781488,-0.184303942512509,0.347244080263088,0.185295840161929,-0.0362647657428468,0.393944646989956,-0.437160798947517,0.0958777149207654,0.025335314990179,0.384999226090419,0.0218579616322423
0.536517556298378,-0.162942569121685,0.336811854688811,0.181818438338782,-0.0457035403819299,0.372086432037284,-0.435670478039787,0.0824647703474172,0.0501738590560996,0.363141205554195,0.0168902430891081
0.547943393131259,-0.154000598858771,0.326379629106828,0.168405602736208,-0.0362647657417079,0.377550985775048,-0.432193062589556,0.0779937888244791,0.070044694322008,0.332838040705049,-0.00546449034851275
0.600104822139851,-0.126181135829109,0.340289263203604,0.185295840160631,-0.038251876192353,0.338802332001859,-0.455541423477966,0.0611034141741433,0.0869349042913953,0.343767050978367,-0.0635867972926014
0.590666087365409,-0.149529613734152,0.335321536739589,0.187282926916641,-0.016890438853332,0.312969896154158,-0.448586592579119,0.0655743956981277,0.0993541763257276,0.334825133484146,-0.0591158506035091
0.590666087365409,-0.15002638985953,0.331844128214008,0.179334579891816,-0.00695488659746979,0.314460228991289,-0.426231778952177,0.0735228073007658,0.139095846814615,0.337308999455519,-0.0715351469589156
0.554898250328528,-0.154000598862933,0.303031314728681,0.165424972595628,-2.0212401197206e-11,0.28465357223135,-0.423747910773916,0.0750131344762798,0.143566784747634,0.301044556280191,-0.0591158506053518
0.621962944862773,-0.1152520610293,0.317934494133495,0.191257100451152,0.00794844178466933,0.305021454350857,-0.448586592539231,0.0422259366367103,0.162940849143073,0.351715422205518,-0.0938898803744629
0.652266251270234,-0.132142449315401,0.329360265003936,0.206160251130784,0.0263292134555751,0.301544011063116,-0.447593045268428,0.00645808443506861,0.176850433844237,0.394437916993992,-0.116741385659319
0.667169516703132,-0.145058628585953,0.317934494129444,0.231992378966562,0.0208646597172905,0.311976340930306,-0.432689836199064,0.00645808443506861,0.183308455303199,0.397418556161178,-0.10183823003253
0.636369434820976,-0.165923225854695,0.304024860022805,0.213115054793772,0.0367615433297393,0.318931227501162,-0.438651119830392,0.00695486015983932,0.157973140344453,0.384999226307272,-0.0784899528727115
0.643821067535481,-0.187781375371116,0.292599089148312,0.227521433771473,0.0317937672021678,0.321911893177722,-0.436664025286941,0.0084451873351208,0.134624908923348,0.384999226307272,-0.0789867247270617
0.676111475948778,-0.161452240727718,0.309986131781354,0.251863246525098,0.0243421030128786,0.333337778261671,-0.454051102544742,-0.0139097202952644,0.144560326548984,0.417289483931703,-0.101838230032878
0.684556659683071,-0.161452240727718,0.288624907985144,0.235966552478975,0.00496777610903752,0.347744329030953,-0.433683383470206,-0.000496775718777445,0.140089388617283,0.412818525184296,-0.0740190061849463
0.690517965856806,-0.145058628579214,0.283160408873032,0.243418127812268,-0.0188775492940988,0.350724994707136,-0.457031744355427,-0.00298065434308402,0.130153970990427,0.411328205601512,-0.0904124773809384
0.72777612936814,-0.127174688072163,0.291605543862481,0.275708287581117,-0.0243421030342296,0.355195993217963,-0.467960764347388,-0.0198710290026426,0.131147512751649,0.454050700257685,-0.136115488004906
0.723801925249859,-0.140587643463576,0.292102316509198,0.286140493054158,-0.0332841000625635,0.366621878313739,-0.453057555284943,-0.00347743007966095,0.11574761542265,0.449082968310403,-0.167908886678392
0.728769680393582,-0.1162456133185,0.309489359131453,0.30402427385781,-0.04570354038404,0.370596099213049,-0.472431727085434,0.00695486014812331,0.128663658342636,0.458521659006866,-0.195728110517317
0.727776129364396,-0.0770002993781655,0.313960312948207,0.321411282970115,-0.0536519821856609,0.378544541012845,-0.489322030696458,0.0317936464063676,0.166915016221528,0.469450669285969,-0.219076387670835
0.701447027093758,-0.0561357020984702,0.328366719701725,0.310482305812866,-0.0616004239893918,0.366621878307107,-0.511676844305083,0.0362646279302355,0.168902099746948,0.466966803313347,-0.249876242639514
0.64978237353113,-0.0541485975958925,0.339295717929339,0.30551458892235,-0.0586197583134242,0.342776552912755,-0.495283314323633,0.0258323377073341,0.189269705892754,0.455044246645866,-0.264282626417227
0.600104822060292,-0.064084120110033,0.344760217044195,0.276701830956648,-0.047193873221802,0.337311999172105,-0.479883331619255,0.0357678522062395,0.175360121203544,0.421760442598633,-0.278192238341756
0.531549801072934,-0.0973681205131832,0.350224716153724,0.252856789892166,-0.044709985158406,0.327376446925508,-0.46299302799716,0.051167899687752,0.157476369473886,0.394437916920038,-0.291108306564361
0.446104412574465,-0.140587643448335,0.349231170860216,0.240934269349342,-0.0382518761884328,0.313466673769106,-0.450076913473906,0.0561356569359136,0.12717334568854,0.358173473707277,-0.329359739360687
0.406859146905298,-0.142574747950579,0.332837673513225,0.230005292192902,-0.0327873224477745,0.307008564803566,-0.42970919440215,0.0407356094580047,0.129160429214301,0.346250917040742,-0.358669278789896
0.290613676571359,-0.187781375369509,0.307999041179206,0.213611826470569,-0.00943877465917543,0.291111681205652,-0.392947945364385,0.0655743957168946,0.0928961548980873,0.285147814188625,-0.365624084759387
0.28415559487784,-0.17287809160174,0.290611998535376,0.222553716871733,-0.0134129955619039,0.299060123008135,-0.408844701698094,0.0625937413683079,0.113263761040393,0.288128453357152,-0.417785129517549
0.248884533336614,-0.198213673998168,0.279683000317772,0.19970221917536,-0.00496777614248467,0.284653572244939,-0.389470529897603,0.076006685938518,0.0978638637117714,0.261302700838987,-0.471436489837696
0.248387757822007,-0.190265255992864,0.27223141062252,0.192250643843353,-0.0163936612376914,0.28862779314383,-0.392451171712941,0.0447098152478407,0.0799801119851867,0.265773659587695,-0.566319914167153
0.343271880972705,-0.116245613410936,0.277199137086388,0.243914899443581,-0.0154001060120572,0.310486008099734,-0.432689836277708,-0.0054645330244741,0.134128137977783,0.317934844943736,-0.709390208553209
0.345258983034727,-0.130155344932485,0.273721728560191,0.227521433696188,-0.0163936612373319,0.301544011070619,-0.429709194464486,0.00347743002407604,0.123695949466639,0.292102638804876,-0.75857062218167
0.362646126060443,-0.115748837288343,0.29508295235577,0.260308365171167,-0.0188775493001885,0.322408670800813,-0.447593045348211,-0.0163935989789022,0.14605063914106,0.321909030491726,-0.814209069932346
0.358175146424481,-0.0968713445166294,0.286637817367569,0.265772853750937,-0.0352712105241416,0.304027899133543,-0.445109177169814,-0.030303319284242,0.15101834795644,0.308992927429818,-0.861402396168868
0.380530044605587,-0.0635873440883161,0.302534542056644,0.276205059226293,-0.0163936612389143,0.321911893190262,-0.469947858953445,-0.0581227598905821,0.172876266756989,0.339792865505414,-0.910582809822555
0.390962330422227,-0.0755099711052849,0.313960312936538,0.280676004427372,-0.000496777637974274,0.339299109631907,-0.480380105304421,-0.0452065910373029,0.160456994717778,0.344263824256252,-0.936911718143272
0.432194698164939,-0.0357678810620751,0.321411902640596,0.272230885716722,-0.00298066569933245,0.338802332019299,-0.509689749801501,-0.0511678997364915,0.178837517324529,0.358670246897842,-0.946847155244825
0.449581841182252,-0.0372582094384294,0.323398993229373,0.281172776113919,0.0158968835817949,0.342776552919533,-0.513663938887098,-0.0715357044642797,0.174366579392608,0.37804440148173,-0.906111863141652
0.460014126995261,-0.034774328810129,0.315450630884836,0.295579155099434,0.0312969895729928,0.346253996208009,-0.512173617980223,-0.0889228548348786,0.19175356024665,0.411824978720567,-0.835570259773938
0.436168902282807,-0.0685551053511135,0.298560360896706,0.292101753276887,0.0357679880892638,0.331847445446335,-0.495780088001907,-0.0625937413932667,0.19175356024665,0.390960504550818,-0.72031918941612
0.355194493542598,-0.139097315054882,0.282166863560371,0.239940725987553,0.0452067627303968,0.344763663365275,-0.457528517981459,-0.0228516833449386,0.137108763372716,0.348734783083293,-0.572281176484985
0.361652575243108,-0.131148897041566,0.286637817379635,0.240437497677064,0.0481874284060766,0.359170214132731,-0.471934953416555,-0.0402388337209627,0.149528035409183,0.380031494362356,-0.516642728748578
0.354200942519241,-0.143071524056782,0.261799185056625,0.225037575324248,0.0263292134400143,0.348737884269947,-0.473922047960276,-0.0228516833422266,0.130153971026112,0.36413475213526,-0.459513965434307
0.36960098348428,-0.156484479445661,0.254844368004333,0.226527890391201,0.0362647656985142,0.368608988774475,-0.48236719976821,-0.0203678047155305,0.130153971026112,0.373076669640605,-0.410333551778628
0.385497799956791,-0.162942569077344,0.265276593573371,0.218082771673472,0.0322905447977998,0.384505872369031,-0.504722013402479,-0.00397420578189245,0.146050639229862,0.37059280366864,-0.367611172237333
0.363639677288496,-0.163439345203181,0.256334685928897,0.211127968026921,0.00347744326205671,0.38351231714414,-0.502734918858974,-0.00149032715726274,0.158966682150482,0.361650886165899,-0.320914617870116
0.336317023972407,-0.170890987081198,0.275212046497731,0.200198990866709,-0.0168904388523851,0.401396311191415,-0.505218787038864,-0.00645808440800692,0.151515118933542,0.366121844914489,-0.282166413189225
0.296574982772691,-0.168407106453993,0.291605543846175,0.193740958913576,-0.0347744329077584,0.408847975377544,-0.500747824317627,-0.009935514485653,0.152011889814915,0.366121844914489,-0.291108306573864
0.30998792166891,-0.142077971810042,0.30452163265414,0.188276470334076,-0.0556390926405378,0.442628853010267,-0.540986488846123,-0.0183807018142247,0.168405328892185,0.384005679898671,-0.353701560259585
0.219078002249658,-0.153503822709823,0.307999041182495,0.165424972628124,-0.0501745388997476,0.431202967917147,-0.530057468868788,-0.0129161688403238,0.140089388626098,0.368108937658531,-0.373572434433462
0.196226328571307,-0.14058764345256,0.317934494115515,0.17039268951864,-0.0601100911536918,0.439648187321849,-0.545457451594618,-0.0268258891478338,0.151515118893757,0.382515360287538,-0.41381095466787
0.162942369020535,-0.105813314675705,0.31048290441608,0.197715132422877,-0.0765037523752712,0.449086961957811,-0.558870339768585,-0.0208645804457,0.149031264487073,0.40288306125064,-0.425236707321163
0.121213225726951,-0.106806866927245,0.305018405300093,0.198211904111862,-0.0660714225022098,0.468461288842155,-0.541980036153871,-0.0168903746470673,0.167411787107362,0.42772172097456,-0.41579804208647
0.0675614700668818,-0.0988584489181021,0.316940948816547,0.213115054775326,-0.0710391986308603,0.472435509741045,-0.535025205252935,-0.00794841159363392,0.166915016225879,0.44163137041885,-0.400894886446209
-0.02334844926799,-0.110284299809244,0.286637817383817,0.219573086736261,-0.0839554165634815,0.467964511231163,-0.497270408908819,-0.00695486014356243,0.14704418096924,0.441134597224418,-0.356682191391735
-0.0943873480683849,-0.115748837194144,0.295579725028291,0.21808277166883,-0.0635875344392094,0.46150640226835,-0.476405916215128,-0.0203678047203984,0.14058615950996,0.449579741532674,-0.308992093375715
-0.174864981640967,-0.132142449334042,0.291108771211272,0.217585999979589,-0.050174538898165,0.455048293308403,-0.458522065327496,-0.00447098152256255,0.133631367171673,0.428715267363477,-0.259811679801006
-0.270245880771121,-0.149032837604179,0.298560360909827,0.212618283091155,-0.0437164299319324,0.440641742546425,-0.468954311678757,0.0213613561819813,0.122205636897002,0.417786257087845,-0.189766848346116
-0.404872045565548,-0.173374867745677,0.285644272101862,0.194734502275156,-0.0198711045247681,0.428222302245916,-0.424244684430368,0.0337807493109418,0.11723792808711,0.407850793209847,-0.0928963367347286
-0.407355923149824,-0.143071524067047,0.301540996793755,0.234973009087839,-0.0308002120077991,0.444615963464749,-0.459515612562641,0.0129161688567294,0.161450536555386,0.4500765147556,-0.0715351469982429
-0.503730373234301,-0.140090867316373,0.296573270327978,0.221560173480635,-0.010929107504706,0.425738414202992,-0.43616725166084,0.0248387862637868,0.146050639236594,0.444115236427697,0.0168902430886431
-0.57178861901716,-0.159465136200029,0.29905713356149,0.239940725959003,-0.0119226627306759,0.425738414202992,-0.448586592571481,0.00645808442623369,0.164431161838833,0.431695906574776,0.0536513603083328
-0.739698743907651,-0.196226569536322,0.308495813851625,0.209140881218819,-0.00347744331349865,0.410338308219302,-0.447593045300516,0.0337807492694542,0.15300543156332,0.402883061291978,0.118728473176437
-0.906118542270012,-0.211626629431461,0.296573270335171,0.198211904066689,-0.00198711047477756,0.404873754483154,-0.446599498029171,0.0432194880435372,0.153998973326274,0.370592803637635,0.179334639384692
-1.01888658473367,-0.230504122220223,0.307999041209663,0.186786155211319,0.00248388804127778,0.388976870885576,-0.446599498029171,0.0471936938433061,0.157476369497594,0.372579896415285,0.201689372818996
-1.15599662772939,-0.236962211858551,0.299553906212229,0.206160251079315,0.00645810894122507,0.378544541018826,-0.458522065279778,0.0382517307868505,0.168405328889014,0.371586350026276,0.212121581751769
-1.28565503790467,-0.249381615002401,0.306011950614208,0.202682849254282,0.00149033281593136,0.391460758936947,-0.475909142531406,0.0233484590392669,0.172876266821044,0.376554081973427,0.214605441021477
-1.43170704038454,-0.296078570870845,0.297070042975547,0.201689305876448,0.00447099849197079,0.396925312675288,-0.470444632537142,0.00347743003887165,0.188276164146263,0.377547628362384,0.22106347512054
-1.56235900172715,-0.312968959147013,0.30352808738077,0.211127967975759,-0.0268259911105971,0.374073542505219,-0.483360747064277,0.0203678046813026,0.174366579472079,0.358173473785162,0.195728110569862
-1.75759178060337,-0.33433033255578,0.279683000337294,0.192250643802038,-0.0263292134976061,0.377550985792593,-0.451070460743353,0.0158968231524353,0.15846991126989,0.343270277956332,0.205166775798316
-1.95729553914657,-0.402388661789797,0.283657181510032,0.17933457987555,-0.0332841000715069,0.369602543993636,-0.446102724385134,0.0233484590280676,0.165921474490124,0.324392896572149,0.188773304618465
-2.13712827704714,-0.448092065373082,0.274218501220735,0.165424972596166,-0.0188775492996375,0.354699215619333,-0.424244684388078,0.0347743007129509,0.149031264531932,0.327373535737599,0.173373377139008
-2.24294146282361,-0.452066274385834,0.272231410633779,0.187779698621953,-0.0243421030397682,0.351718549943906,-0.442128535273757,0.00596130869533977,0.155489285992797,0.34674769032918,0.13561871625243
-2.35521273038828,-0.490814812230862,0.259812094461816,0.214108598114749,-0.0273227687173182,0.351221772331466,-0.450076913446038,-0.000993551453532818,0.175856892122602,0.374566989234697,0.0943866523674946
-2.53256159112465,-0.530556902361721,0.253354050055448,0.209140881219088,-0.0188775493007523,0.345757218592317,-0.443618856184499,0.00198710289575138,0.191256789445552,0.36214765937093,0.0928963368056299
-2.81473008771288,-0.61202818718134,0.239941188580216,0.157973397219648,-0.0198711045256672,0.319924782711874,-0.408844701725403,0.0392452822700391,0.172876266829325,0.312470339853393,0.129160682120384
-3.0084725409204,-0.6850542777991,0.218083192132738,0.13313481273767,-0.0243421030394566,0.299556900606994,-0.383012472671838,0.0620969656115806,0.15250866068652,0.308992927490525,0.143567065881387
-3.2359957301148,-0.726286696355349,0.202186467430042,0.116244575307001,-0.0501745389128035,0.275214797580978,-0.332838335528509,0.0874325275834614,0.120218553378229,0.268257525500165,0.162941168171787
-3.43222206113865,-0.79136436894395,0.203676785369356,0.114754260238982,-0.0457035403952377,0.27869224086916,-0.316941579188722,0.0794841159888832,0.117734698971119,0.262296247164688,0.178837867499739
-3.6105644736761,-0.861409802815046,0.208644511839536,0.108296228280754,-0.0352712105251976,0.269253466230805,-0.327373825532291,0.0864389761444466,0.106805739574869,0.233980175057309,0.193741023118689
-3.8157327645459,-0.922513266454794,0.201192922139881,0.0923995342060154,-0.0347744329126982,0.263788912492464,-0.320418994633064,0.0933938362924148,0.0928961548948802,0.229012443110947,0.226527965471096
-3.94837182894385,-0.923506818707585,0.211128375075837,0.106309141485399,-0.0437164299423268,0.272730909518179,-0.328367372810773,0.0725292558192129,0.131147512721186,0.234973721440428,0.212121581694161
-4.15701754865661,-0.986597386874504,0.218579964775712,0.0879285889771209,-0.0536519822008267,0.279685796093589,-0.308993201018748,0.0710389286447066,0.122205636851747,0.239444680189491,0.225037649896554
-4.37311490132735,-1.03528144733391,0.208644511831536,0.0566319725950343,-0.0392454314300002,0.263788912489967,-0.291606123771394,0.0655743956688166,0.0998509471959853,0.231496309077836,0.250869786311793
-4.48240551639798,-1.0303136860639,0.216096101530971,0.0665674063851307,-0.0422260971060396,0.287137460275635,-0.317438352831308,0.0407356094105723,0.101838030720674,0.256334968797154,0.224540878042237
-4.52810886472952,-1.04968795505623,0.220567055357237,0.120715520516456,-0.0491809836817864,0.320918337959736,-0.361651206369344,0.0114258416422294,0.122205636861979,0.325386442890887,0.16890243042141
-4.69403188992351,-1.07104932854488,0.217586419475834,0.142076703172801,-0.0586197583251973,0.330357112595898,-0.380528604520262,-0.0069548601738167,0.129657200087335,0.333334814005066,0.14356706587244
-4.80232895448612,-1.08396550786645,0.213115465650493,0.151515365268156,-0.0665682001389032,0.334331333499826,-0.416793079867418,-0.0362646279482565,0.138599075962483,0.368605710855513,0.108793036113175
-4.96080034696746,-1.12668825485409,0.1937413324291,0.134625127822909,-0.0660714225259003,0.34774432903514,-0.442625308926626,-0.056135656949168,0.136611992436575,0.373076669607298,0.100347914596055
-5.16845251689158,-1.18977882312841,0.173870426539573,0.12618000910518,-0.0665682001386394,0.323899003616107,-0.425735005325751,-0.0337807493234326,0.131147512736236,0.369599257240288,0.108793036110784
-5.32195615447745,-1.22306282371408,0.157476929188707,0.15201213697026,-0.076006974778178,0.319428005101974,-0.431696288953496,-0.0457033667214993,0.132637825380978,0.36214765931828,0.0933931086458626
-5.56189873339296,-1.32986969113267,0.134625387427231,0.132638041114206,-0.066568200135906,0.300550455821477,-0.414309211694271,-0.035767852207609,0.0874316752148486,0.336812226404911,0.13015422585861
-5.68957004367513,-1.36762467688791,0.125186707140164,0.138102529699499,-0.0571294254902172,0.308002120007133,-0.430205968034926,-0.0342775250331026,0.104321885187139,0.339792865570361,0.124689735465842
-5.82518976249021,-1.41332808067574,0.12717379772947,0.166418515952053,-0.0616004240042223,0.312473118521738,-0.443122082559944,-0.0427227123625524,0.127670116604805,0.366618618058705,0.102335002030633
-6.10388083303334,-1.53255435144418,0.0998513021487288,0.141579931467624,-0.0630907568424039,0.288627793123356,-0.411825343511288,-0.0258323377034327,0.117237928098015,0.336812226391579,0.167412114889085
-6.27675871659155,-1.58024485980068,0.0864384406663617,0.140089616401737,-0.0685553105821393,0.292602014024178,-0.399902776254494,-0.0337807493093776,0.126676574839473,0.318928391398876,0.17883786753236
-6.45460435556961,-1.64631608489944,0.0635868988913801,0.124192922334055,-0.0670649777434182,0.273724464748067,-0.40139309716198,-0.0238452348120215,0.132141054536323,0.304521968751949,0.190263620174249
-6.59519182997504,-1.6845678467778,0.0571288544748985,0.15499276703551,-0.0462003179889864,0.300550455832012,-0.435173704399711,-0.0447098152890213,0.174366579448907,0.346250917052793,0.144560609583578
-6.72783089591031,-1.7228196086811,0.048683719473971,0.173870091238089,-0.0362647657314457,0.299060122995133,-0.434180157127525,-0.0665679472138964,0.215101791691018,0.386489545770932,0.107799492368847
-6.81228273583565,-1.73772289255003,0.0576256271271646,0.215102141414631,-0.0422260970852508,0.325886114089846,-0.459018838898945,-0.0909099577409629,0.234972626957902,0.436166865238497,0.0581223069602849
-7.00701874342025,-1.83906522298023,0.0546449912434713,0.203179620865633,-0.0437164299234684,0.322905448413285,-0.434676930764615,-0.0844518733160866,0.238450023128539,0.427721720923311,0.0541481321295831
-7.18387083201319,-1.90265256753312,0.0362644032823513,0.199702219043344,-0.047193873212223,0.326879669315702,-0.431696288950417,-0.0720324801809899,0.262791796307465,0.442128143564519,0.0461997824650712
-7.37661973746084,-1.98163997213727,0.00695481709400009,0.19622481721651,-0.0412325418592811,0.318931227517584,-0.41530275897434,-0.0660711714841261,0.253353149559982,0.443618463147067,0.0511675010039844
-7.58774933778152,-2.05416928702554,-0.0178838152891955,0.1579733971817,-0.0258324358706846,0.303531121519256,-0.41778662715328,-0.0745163588173094,0.217585646100665,0.403379834400173,0.0516642728582475
-7.77105950883383,-2.14507931889084,-0.0392450391377965,0.142076703095591,-0.0154001060056796,0.284156794615267,-0.406360833545759,-0.069051825842556,0.199205123480377,0.386986318963076,0.045703010616454
-7.92406637226942,-2.20816988738541,-0.0183805879476279,0.130154182564526,-0.00198711046528258,0.277201908038389,-0.418283400802553,-0.070542153019039,0.197714810837282,0.379037947849739,0.0298063112857148
-8.08253776670392,-2.28318308302231,-0.0322902220867392,0.131147725944124,-0.00149033285239963,0.278195463263826,-0.399406002650088,-0.071038928743784,0.190263247613938,0.387483092161348,0.0124192963944773
-8.27429312173434,-2.39297060771853,-0.0516643553510712,0.116741346976723,0.00745166417873969,0.265776022950988,-0.374070547215908,-0.0506711239921625,0.177843975589972,0.359663793304426,0.0352708016969023
-8.50976472363128,-2.50027425182985,-0.0948835757163536,0.101341424602264,0.015896883593879,0.255343693090188,-0.362644753589665,0.00347743004869942,0.137605534229356,0.328367082086661,0.0750125500355438
-8.76411379615338,-2.61651986633026,-0.137606023435653,0.0700448082109185,0.0317937672001896,0.244911363223658,-0.343767355440293,-0.006458084461057,0.169398870615784,0.30601228834253,0.0933931086445206
-8.84806886110608,-2.62546183668321,-0.167412382301654,0.0968704794362404,0.0337808776511224,0.282666461765513,-0.383509246288675,-0.0263291134676522,0.187779393222083,0.357676700564182,0.0501739573329517
-9.0060434806047,-2.7153783163823,-0.195231650605367,0.0819673287624881,0.018380771651005,0.282169684152748,-0.383012472653023,-0.0228516833912721,0.17585689207688,0.346250917091028,0.0278192238923153
-9.15358581385109,-2.76604948173918,-0.199205831787383,0.0889221324155555,0.0293098791269151,0.292105236399975,-0.404870512624408,-0.0432194881132348,0.207153457591105,0.360160566522434,-0.0153999274186707
-9.33540565929225,-2.86093372278555,-0.209141284750938,0.0874318173477944,0.0144065507510338,0.304524676721995,-0.394935039910685,-0.0168903746750458,0.21212116640868,0.356186380962504,-0.00943866516803542
-9.4292962352195,-2.87037246928343,-0.215102556527486,0.118728433817857,0.00844521940024975,0.347247551412144,-0.423747910760811,-0.0273226649009313,0.251366066037171,0.387483092239082,-0.0750125498914212
-9.60912897848263,-2.93942435152979,-0.270741093092156,0.119721977195715,-0.00248388807645135,0.355692770826658,-0.413315664410689,-0.0278194406264514,0.234475856074418,0.385992772654956,-0.07600609359982
-9.80932951894101,-3.04523766763482,-0.290115226376531,0.0869350456431153,0.0119226626919415,0.362647657403536,-0.430702741655668,-0.0303033192503709,0.231495230784312,0.387979865433606,-0.0491804134853476
-9.99363324236289,-3.11478632607759,-0.306508723771485,0.0794834703111078,-0.00447099853478108,0.35718310366381,-0.430205968020057,-0.0332839736029101,0.223546896684974,0.365128298484576,-0.0357675734231369
-10.1789305171146,-3.22159319454322,-0.321411903233559,0.0392449634061399,-0.0168904388523611,0.349731439474691,-0.409838248964989,-0.0407356094709867,0.225037209329386,0.354696061400391,-0.0248385926375278
-10.2892146860672,-3.27623856907883,-0.33581831004711,0.0283159862421545,-0.0382518762011765,0.351718549925815,-0.426728552571399,-0.054148554067355,0.20218574880669,0.336812226385914,-0.0198708740961357
-10.5028281661878,-3.40043260210911,-0.357179533933593,-0.0183805525805115,-0.050671316522653,0.321415115574653,-0.399902776239217,-0.0317936464363886,0.168902099750594,0.288128453334761,0.0153999275527433
-10.663286664354,-3.46302639480908,-0.369102077506424,-0.0193740959591536,-0.0447099851664021,0.334828111115634,-0.394438266247938,-0.0387485065897819,0.149528035374657,0.279683309024046,0.0213611898049063
-10.8287129177975,-3.52611696359177,-0.421263205607495,-0.028812758060327,-0.0526584269664885,0.330357112604901,-0.400896323517238,-0.040735609490648,0.150521577136221,0.282167174992855,0.0183805586781412
-10.8560355722792,-3.52611696359177,-0.441134111552228,0.0114257487305301,-0.0551423150301844,0.362150879799385,-0.445109177134968,-0.101342248025383,0.215598562533821,0.357676700487629,-0.0566319913793632
-11.0587199913338,-3.62745929464904,-0.483856559346033,-1.33856703499191e-10,-0.040238986656461,0.342279775301993,-0.44759304531384,-0.103329350926197,0.201192206982838,0.35121864895864,-0.0293095393971004
-11.2718366970106,-3.71091768497191,-0.504721010605273,-0.0119225206713885,-0.0417293194946426,0.317440894662414,-0.451070460763216,-0.102832575200677,0.204172832271407,0.343767051036238,-0.0273224519803294
-11.413417725332,-3.74271135750934,-0.521114508017188,0.0238450410197106,-0.043716429944856,0.327873224523875,-0.453057555306558,-0.109290659624378,0.224043667530485,0.358173473675158,-0.0745157781206906
-11.6066634098136,-3.80828580708603,-0.546946685762905,-0.00496771695664849,-0.0337808776846776,0.345260440964051,-0.438651119879725,-0.118232622684786,0.206159915795558,0.365128298401721,-0.0998511426867452
-11.842631791142,-3.86740216704938,-0.573275636178205,0.0168902374214559,-0.0293098791694856,0.358176658890357,-0.445605950774013,-0.140090754581242,0.190263247582831,0.347741236581861,-0.106309176786941
-12.0676711103522,-3.94042825867187,-0.595133632746489,0.0526577990269973,-0.0337808776871594,0.358673436503112,-0.443618856231268,-0.122206828454844,0.20367606137102,0.38450245298202,-0.146547696991486
-12.3061233693485,-3.99904784248934,-0.63835285325103,0.05365134240733,-0.0233485478166157,0.37208643204041,-0.457031744392414,-0.14505851181124,0.225037209278987,0.39791532924341,-0.151515415531538
-12.5723950589409,-4.06561584443191,-0.682068846423791,0.0899156756960257,-0.0402389866638107,0.351718549919612,-0.456038197121448,-0.174368279628361,0.250869295109447,0.388973411733805,-0.167412114872784
-12.8754281386092,-4.19577119158773,-0.695481707961666,0.0417288217421581,-0.0526584269825896,0.346750773795579,-0.449580139852149,-0.142574633239302,0.217088875188917,0.345257370634747,-0.129657453951584
-13.3443842491977,-4.35871376348974,-0.749629926780329,0.0178837806906095,-0.0650778673055645,0.299556900600814,-0.393444718985113,-0.114258416850781,0.154992515081276,0.262296247212836,-0.0660706565419781
-13.6275463079347,-4.43869472115126,-0.761055697720339,-0.0099354339628259,-0.0824650837426242,0.315950561812374,-0.393941492620929,-0.113761641125558,0.16592147446572,0.288128453315457,-0.0923995648154397
-13.9638633505979,-4.54053382879066,-0.803281372967127,0.00347740164140142,-0.0869360822578162,0.344763663351852,-0.399902776249977,-0.107800332420324,0.171385954160289,0.298560690405992,-0.110780123424665
-14.4308323618816,-4.68757956483411,-0.847494138794154,-0.0799802424033199,-0.0884264150956021,0.332841000652662,-0.372580226298057,-0.0914067335028839,0.138102305090301,0.234476948237699,-0.0442126949915533
-14.8451431659556,-4.79985097135101,-0.90412622091413,-0.0511674844269609,-0.0933941912250919,0.303034343890203,-0.373076999933275,-0.0804776675407307,0.161450536518858,0.231993082264222,-0.0218579615500123
-15.2231893561912,-4.89473521328286,-0.923997126915262,-0.0854447310759213,-0.0720327538881328,0.303034343890203,-0.374070547204105,-0.0606066385429191,0.164431161809696,0.242922092552872,-0.0124192963270316
-15.6802228582966,-4.99905820170744,-0.952313167966457,-0.0829608726334498,-0.0630907568537564,0.308498897629814,-0.356186696329171,-0.0670647229755205,0.159463453000292,0.215102793662082,-0.0158966993097357
-16.1382499120677,-5.08251659247877,-0.950822850016174,-0.104322055321406,-0.0685553105948103,0.319428005098994,-0.385993114500463,-0.0541485541185466,0.172379495910449,0.238947906991996,-0.0268256801002085
-16.6345286842678,-5.15951689346774,-0.962248620977806,-0.102334968567747,-0.05414875981251,0.338305554382283,-0.403380191750191,-0.0491807968582423,0.188276164097419,0.26577365950803,-0.0461997824316327
-17.1626010924041,-5.23800752301605,-0.9920549799892,-0.100844653495281,-0.0496777612968864,0.341782997669216,-0.395431813575739,-0.0536517783785068,0.178837517344838,0.26577365950803,-0.0377546609150816
-17.6871960738461,-5.31500782415439,-0.99404207059137,-0.0899156763431521,-0.0616004240139923,0.360660546958487,-0.420767268989852,-0.0541485541042594,0.210134082862904,0.274218803825229,-0.0611029380761598
-18.3091590630862,-5.44367284357089,-1.02335165695127,-0.0978640233940491,-0.0635875344648771,0.361654102183063,-0.414309211725315,-0.0243420106145167,0.192747102021241,0.250373690500995,-0.0536513602610063
-18.9604318127543,-5.56985398242745,-1.05415156131588,-0.0953801649498017,-0.0829618613752643,0.325886114059801,-0.395928587208692,-0.0308000950452705,0.191256789377414,0.244412412164256,-0.0511675009889531
-19.5997819517444,-5.6791447327842,-1.06756442288192,-0.0864382744998927,-0.0909103031786114,0.330853890185198,-0.410335022632771,-0.0139097204177704,0.205166374070039,0.300547783222789,-0.0735222344045688
-20.354384021194,-5.82619046956269,-1.07948696651045,-0.10283174024001,-0.0933941912438058,0.334331333476099,-0.394935039947317,-0.0114258417908804,0.182314913523221,0.285147814179895,-0.0919027930110661
-21.1308442167546,-5.97969429632488,-1.10581591699816,-0.13611544356368,-0.115749183806279,0.341782997661125,-0.406360833565759,0.00248387849529139,0.193243872919202,0.275212350281385,-0.0923995648648468
-21.9435690300311,-6.11680451038568,-1.14158354786789,-0.155986311112025,-0.12866540174607,0.31893122746885,-0.422257589898165,-0.00894196319850553,0.190760018514043,0.265276886381823,-0.086935074463602
-22.7587777221823,-6.27875353141675,-1.16592540773908,-0.153502452658773,-0.136613843553829,0.324395781201536,-0.415302758987161,-0.00645808457316528,0.190760018514043,0.277696216229157,-0.100347914529069
-23.7200384348099,-6.5097544358945,-1.22901553449327,-0.200695763111112,-0.157478503310779,0.314957006561785,-0.39741890810197,0.0377549549866292,0.152508660668019,0.237457587440724,-0.0660706565650255
-24.7538283833783,-6.74721343067875,-1.27620893636948,-0.256334192557993,-0.156981725697992,0.308498897599929,-0.38798020902432,0.0471936937504052,0.146547410085172,0.21858020602556,-0.0337804860784146
-25.7682440886677,-6.98218854474208,-1.33234424597791,-0.30948876330814,-0.152510727178267,0.293098791601925,-0.378044736308697,0.0824647702467422,0.125186262197133,0.205167329755293,-0.0069548059371657
-26.8402857626796,-7.19580228509513,-1.37705378459153,-0.340785379851545,-0.161949501822589,0.291608458765046,-0.369599584504684,0.0943873876296199,0.105812197813111,0.204173783366126,0.0243418208700166
-27.895933848056,-7.39202886064556,-1.41282141553745,-0.357178845589237,-0.144065507750815,0.30303434386589,-0.38847698265715,0.100845472060374,0.106805739575674,0.181322216391085,0.0238450490156193
-28.9481045084119,-7.60166839229654,-1.45405354560382,-0.367114279422714,-0.1410848420742,0.322408670744914,-0.396425360827043,0.100845472060374,0.11525084456296,0.177844804029506,0.0188773304769741
-30.0226300749436,-7.81031437173536,-1.49280181245502,-0.365127192665626,-0.145059062979135,0.328866779712364,-0.417289853500791,0.0839550973911522,0.139592617753239,0.178341577224636,-0.00198708741178985
-31.1672010019596,-8.05721211461673,-1.53502748785167,-0.374565854812204,-0.158968836141371,0.324892558813977,-0.415799532593631,0.0824647702181181,0.129657200120773,0.190264133902216,0.00496771854053163
-32.3862882711787,-8.34385194876828,-1.58172411715737,-0.392946407311871,-0.162943057047552,0.32687966926636,-0.39890922899091,0.110780986577184,0.114257302801981,0.186786721536127,0.0238450490113179
-33.6982725778096,-8.69407912996633,-1.65524646963556,-0.474416964738351,-0.149530061498739,0.303034343878052,-0.359167338121905,0.157477904673477,0.0928961549076494,0.14754163919051,0.0710383751459508
-34.9272953720798,-8.98469317430785,-1.70939468884987,-0.490810430500297,-0.147542951044785,0.275711575162682,-0.336315750905304,0.141581081472748,0.0938896966707984,0.134625536104325,0.0710383751459508
-36.1384342512403,-9.27182978626899,-1.74168491126264,-0.5022361794236,-0.153504282399022,0.285150349798644,-0.340786713625686,0.145555287266628,0.111773448414068,0.157477103078156,0.0332837142664986
-37.3972635920462,-9.58529553405845,-1.79434281248186,-0.508197439703391,-0.133633177878665,0.295085902056574,-0.348238318161895,0.138600427117575,0.107799281362642,0.166419020592733,0.0278192238689404
-38.6034347241197,-9.9146581189212,-1.83656848794847,-0.522603818763534,-0.110781407694593,0.30601500952483,-0.393444719040821,0.140587530013998,0.129657200153532,0.200199597794912,-0.00198708737539209
-39.8061284324286,-10.204278611906,-1.87332966427784,-0.476404051718754,-0.121213737567907,0.32538933642227,-0.411328569940177,0.108793883564587,0.16045699476881,0.287134906790677,-0.0769996374663058
-41.1474225396697,-10.6091511724079,-1.9379101091636,-0.519623188951446,-0.121710515180646,0.311976340892338,-0.416793079933993,0.116245519424914,0.139095846852976,0.285644587206946,-0.0740190063430383
-42.4777875909456,-11.0398560929725,-2.0188840517183,-0.526081220912699,-0.133136400286607,0.295085902050645,-0.412322117216176,0.111277762166419,0.119225011597801,0.271238164542856,-0.057128763289318
-43.7331395318432,-11.4328060271417,-2.07501936152769,-0.526577992604747,-0.125187958478464,0.307008564743791,-0.435173704472719,0.0953809389801562,0.14157970126399,0.284154267601687,-0.0958769678975444
-45.0426400228282,-11.878414233808,-2.16195457600668,-0.561848782583509,-0.138600954042493,0.312969896099935,-0.429709194486961,0.0933938360791351,0.134128138041012,0.268754298544116,-0.10283177385934
-46.302462958688,-12.3026610674,-2.22703179367155,-0.55787460904286,-0.147542951074064,0.323402225960294,-0.462993028083843,0.0839550973241926,0.118231469825943,0.268754298544116,-0.133631628803509
-47.5806666002628,-12.7795661736138,-2.2906186935224,-0.587680910462402,-0.155491392891031,0.314957006532757,-0.463986575353534,0.106806780671082,0.100347718081796,0.247393051112833,-0.124689735426833
-48.842476652086,-13.2773358795033,-2.38897967910106,-0.606061463091761,-0.155988170503962,0.278692240805482,-0.448586592654623,0.111277762188208,0.0670640689913772,0.234476948044087,-0.107302720543333
-50.0878931149009,-13.7850411090682,-2.48436002889992,-0.605564691401711,-0.178343163090712,0.269253466160547,-0.429709194502157,0.0904131817258573,0.0844510498356007,0.240438226384771,-0.11723815763188
-51.3750387328737,-14.3389465224131,-2.58917905904679,-0.622454928933628,-0.200201378048862,0.258324358692292,-0.420270495408265,0.0685550498538385,0.0829607371915174,0.22007052543191,-0.114754298360597
-52.7054038364039,-14.9778006585405,-2.70939804165918,-0.731744700608537,-0.223549925879724,0.222059592948163,-0.38698666180411,0.10531645355619,0.0382513578959083,0.130154577263436,-0.0417288356873395
-53.8534522948681,-15.5302157462551,-2.81372029930729,-0.708396431057511,-0.242427475172696,0.230008034744601,-0.399406002705253,0.0789873401700281,0.0491803172975247,0.137109401986502,-0.0566319913060889
-54.9811329582879,-16.0890889248979,-2.91605546653051,-0.751615568082269,-0.236962921425575,0.22603381383891,-0.424244684484813,0.113264865227352,0.060606047571635,0.183309309111516,-0.0849479870181907
-56.0939103553897,-16.6966461686029,-3.02782931405531,-0.756086513311251,-0.232988700522655,0.225040258614712,-0.435173704487222,0.109290659428719,0.0710382360740715,0.217586659493784,-0.106309176755541
-57.1227326791499,-17.3240744606193,-3.13115802670768,-0.786886358131957,-0.219078927345312,0.236466143709763,-0.48087687896411,0.0889228546813342,0.0983606345449074,0.272728484125407,-0.141579978439158
-58.1793744419888,-17.9818061007668,-3.26876405267759,-0.808247540922174,-0.223053148249479,0.235472588485167,-0.465973669883349,0.0829615459915998,0.116244386285981,0.276702669683127,-0.148534784397858
-59.1942870581651,-18.6941831213184,-3.38153144597463,-0.867363372201463,-0.219078927340611,0.261801801984536,-0.475909142583234,0.063090516995855,0.122702407750969,0.318431618130889,-0.131644541358947
-60.0934509534965,-19.3707922595223,-3.48833756733186,-0.865873057122781,-0.247395251297497,0.300053678161004,-0.508199428902395,0.0303033191793017,0.157973140367442,0.338799319119868,-0.168405658550872
-60.9692663977404,-20.1164532869691,-3.61153718662487,-0.935917865540784,-0.25832435879319,0.31446022893333,-0.543967130681568,0.065574395661882,0.132141054536348,0.3527089685741,-0.163437940006263
-61.9141336600588,-20.9669340907514,-3.77845279996445,-0.995530468707916,-0.259317914019111,0.302537566234895,-0.48336074714275,0.0824647702924558,0.0869349042803214,0.308496154234509,-0.109289807933932
-62.6349551111045,-21.7796599066571,-3.93742005102316,-1.05265921322856,-0.259814691632822,0.331847445402292,-0.518134901655977,0.091903509069484,0.095380009265948,0.32389612328841,-0.119225245023819
-63.3716733842965,-22.6500117620962,-4.09936793799123,-1.08643968833242,-0.27074379912614,0.316944117031767,-0.494786540768843,0.0958777148659462,0.0705414651628265,0.283657494497847,-0.113263982775596
-64.0204623710015,-23.603325241797,-4.27621900515053,-1.18082630974348,-0.282169684235411,0.339299109617542,-0.488825257138656,0.105316453639048,0.0457029210804409,0.266270432689953,-0.0720319188511708
-64.5882769283761,-24.5606129343623,-4.4823796592065,-1.2086455245239,-0.314957006707453,0.318931227512233,-0.458522065329935,0.118729398206119,0.0243417731887311,0.209141515351396,-0.0596126224907384
-64.9946394032721,-25.5263458254819,-4.66519199853643,-1.29160639709794,-0.319924782841139,0.328370002151784,-0.438651119891091,0.158968231954415,0.0168902099730708,0.197715731882475,-0.0263289082250181
-65.2519691859932,-26.5348014730638,-4.85048820135653,-1.2667678124603,-0.347247551578062,0.312473118552527,-0.444115629885952,0.126181034127633,0.00546447969587494,0.194238319519516,-0.0476900979635211
-65.296678993842,-27.5199086442056,-5.03379731366567,-1.28316127830799,-0.346253996350965,0.337808776797673,-0.500251050742255,0.11922617397424,0.0357675034655976,0.233483401903566,-0.128167138394875
-65.3518210901567,-28.6500744660709,-5.26429982905406,-1.29955474417956,-0.32638289181574,0.338802332022206,-0.502734918923026,0.10382612649553,0.0551415678343997,0.240438226626448,-0.1669153430423
-65.2519691859663,-29.7996145647189,-5.47840884699674,-1.36562537929367,-0.349234662052761,0.329363557379266,-0.499257503469187,0.0948841634497692,0.0427222957884806,0.233483401900621,-0.175360464568534
-64.9340327739558,-30.9223287577558,-5.68208563933649,-1.38400593197249,-0.40040275625258,0.310486008094382,-0.533534884298301,0.0740195830215964,0.0337804199016952,0.212618927681712,-0.216095756578835
-64.5778446386994,-32.1960629178807,-5.90563333869048,-1.47392160845954,-0.393944647275281,0.297569790160709,-0.517638127941147,0.0770002373712681,0.024341773152822,0.207651195730222,-0.203179688362504
-63.9906558311622,-33.4678099801999,-6.15799385279271,-1.50174082329354,-0.411331863753884,0.290614903584565,-0.543470357009528,0.0437162638003661,0.066070527228648,0.254347876047038,-0.258321364195388
-63.2499633523277,-34.7534667832603,-6.38154155271736,-1.53850192859445,-0.430706190692798,0.307008564800627,-0.5782445115465,0.0233484590736368,0.0864381333784546,0.25732851521525,-0.297566340700709
-62.4630707409107,-36.1200981142838,-6.63936656702475,-1.62096602977671,-0.436667522056963,0.282169684160523,-0.563341302478764,0.0119226174059852,0.0670640689920534,0.241928546163795,-0.277695466532729
-61.5937133762019,-37.6109235055942,-6.92848825993192,-1.71684296677038,-0.469951622183593,0.238950031832589,-0.541980036156218,0.0417291608686045,-0.000993541837969791,0.156980329720204,-0.236960174487269
-60.4660326882056,-39.0242518150689,-7.21065513572696,-1.7729781680951,-0.473429065479985,0.254350137819532,-0.564334849788656,0.0337807492657597,0.0452061501127347,0.184302855411815,-0.26825680133583
-59.3025841594603,-40.5528322140679,-7.53504768898886,-1.85444872583932,-0.499261501400096,0.250375916920137,-0.555392924330918,0.0298065434626837,0.0317933363186195,0.16443192763268,-0.232985999643644
-57.909128520412,-42.009380071728,-7.85000156213155,-1.89120983117564,-0.531552046279579,0.255840470654323,-0.588676757985984,0.0208645804048331,0.0481867753854263,0.198709278014948,-0.252856873837632
-56.4510920553621,-43.5409411482518,-8.19078761490371,-1.94486117413468,-0.529068158209108,0.265776022909945,-0.580231606172284,0.0039742057514231,0.077496257401562,0.210135061491732,-0.283656728832077
-54.900158554708,-45.0859151940479,-8.55690907468808,-2.01391243975387,-0.520126161155306,0.282666461744502,-0.586689663437174,-0.000993551496738507,0.114257302688625,0.231993082101438,-0.290611534789557
-53.211121442638,-46.606050438855,-8.92352730809907,-2.04272519805022,-0.549932817990521,0.309492452829581,-0.608547703431843,-0.0288129921117591,0.131644283538398,0.252360783094192,-0.329856511307058
-51.4888003767211,-48.1659277915071,-9.31100999464794,-2.12419575599967,-0.570797477784237,0.309492452829581,-0.602089646161308,-0.0163935989815068,0.131147512657049,0.231993082119229,-0.321908161632359
-49.6522209330171,-49.7213341673071,-9.73078290591908,-2.19424056493466,-0.563345813574804,0.304524676704708,-0.574270322526411,-0.0109290660039113,0.133631367064159,0.233980174897774,-0.311475952683824
-47.678034656414,-51.2519017420209,-10.1550267724174,-2.24640159296548,-0.589675027120522,0.325389336444159,-0.598115457040649,-0.0322904221835019,0.148534493516884,0.254347875898615,-0.352211244739724
-45.6124416810657,-52.7447143358194,-10.5906964119032,-2.28862718712323,-0.576262031540628,0.358176658907106,-0.627921875172051,-0.073026031594065,0.205663144958975,0.347244463451757,-0.389965905658378
-43.5627455494599,-54.2981336368688,-11.0526950040436,-2.38102672238825,-0.610539686922227,0.338305554405936,-0.631896064265139,-0.0819679946512182,0.196224498224931,0.335321906791217,-0.382017555980032
-41.4117072099639,-55.7889591427916,-11.5449967316784,-2.4480909012668,-0.618984906364682,0.331847445442988,-0.620470270631094,-0.0834583218275846,0.189766476765334,0.347244463461223,-0.410333551702069
-39.3053786926598,-57.3254880719746,-12.073562866524,-2.57427091198641,-0.639352788545492,0.285150349855374,-0.574767096075564,-0.0670647228913885,0.143566784815764,0.259812381202929,-0.361153138091529
-37.0072948169387,-58.7398100530725,-12.5936838671905,-2.64083831919012,-0.657733560274075,0.293595569269353,-0.59811545698183,-0.089916406269771,0.153502202438717,0.283657494523377,-0.374069206322676
-34.6948044638525,-60.1432029672615,-13.1565273210405,-2.7287669095665,-0.677107887228891,0.27521479759587,-0.60854770333765,-0.108297108099199,0.161947307427661,0.297567143989023,-0.382514327844239
-32.4106303405591,-61.5083441171915,-13.7466932746842,-2.84501148656077,-0.68952732758964,0.252363027414215,-0.575263869719859,-0.0953809392371868,0.149031264512114,0.273722030629444,-0.36512731292626
-30.0891980688723,-62.802446270032,-14.3671623645989,-2.93592070710143,-0.700953212723736,0.231498367673442,-0.559863887007069,-0.105316453740743,0.153502202443815,0.281670401744254,-0.361153138089554
-27.7270302251893,-64.0299804096555,-15.0015410919956,-3.03328795964338,-0.73225020242149,0.231001590060897,-0.5747670960919,-0.119226174050424,0.139095846878331,0.279683308965709,-0.384004643409247
-25.3325719918589,-65.206346600548,-15.6682100468974,-3.10233922553047,-0.740198644253233,0.229014479610318,-0.593644494271176,-0.135122997269341,0.160953765655804,0.29061231924973,-0.405862605018798
-22.877507162648,-66.2590155072846,-16.360711184892,-3.16592600278245,-0.772985966797298,0.23398225573708,-0.631896064278041,-0.17834248539746,0.189766476756711,0.318431618106652,-0.47789452398416
-20.5158361615587,-67.282374619237,-17.106863776916,-3.27273191773091,-0.777953742944297,0.228517701996314,-0.611528345185146,-0.197716738702318,0.169398870631406,0.309489700606277,-0.483855786242759
-18.179997508766,-68.2247592035558,-17.8500357364442,-3.42573760075078,-0.816702396901178,0.214111151226424,-0.618483176091971,-0.19721996297685,0.158966682115396,0.274715576964255,-0.458023649793713
-15.8044168317851,-69.0702724191768,-18.6349366067859,-3.53949831975588,-0.823657283504121,0.225040258712687,-0.633386385173545,-0.221065197797785,0.176850433850323,0.301044556323535,-0.480378383244904
-13.5719075349975,-69.8720693246949,-19.4700115234704,-3.71187809913658,-0.844025165709028,0.184304494452589,-0.601592872457501,-0.19324575716685,0.138599075975188,0.220567298745599,-0.435668916310243
-11.1928494749754,-70.4965171026668,-20.3065767628442,-3.79285188609476,-0.860418826992737,0.17635605264339,-0.618483176093897,-0.210632907562315,0.159463452991585,0.236960814174017,-0.527571709464267
-8.86793996638442,-71.0613517293797,-21.1759290054997,-3.92847056010486,-0.889231928658548,0.187781937736993,-0.643321857892452,-0.209639356111753,0.15846991122851,0.233980175001939,-0.577745666821357
-6.54352725486728,-71.4985148535442,-22.0855198429819,-4.04521190948992,-0.90661914517913,0.207156264639753,-0.684554069701141,-0.232491039489541,0.169895641493924,0.254347875968276,-0.668158144462594
-4.3606955884832,-71.8845100218212,-23.0383299114017,-4.2041788534298,-0.922516028853364,0.185794827290392,-0.674121823340476,-0.236465245294167,0.171882725020808,0.244909185267315,-0.711874067722415
-2.27473516653435,-72.1721434875223,-24.0283979393634,-4.4133197393276,-0.958780794749659,0.173375386970471,-0.640837989721777,-0.22553617932974,0.12568303303154,0.22255439149774,-0.719822417401834
-0.201194153942956,-72.2859052552994,-25.0462852456822,-4.57775117206102,-0.990077784499556,0.173872164583089,-0.637360574263282,-0.22553617932974,0.135121679762572,0.214606020399969,-0.762544796992749
1.82366284462971,-72.2854084790201,-26.0969595584481,-4.74615677864529,-1.01441988763719,0.164930167550007,-0.650773462443844,-0.220071646344329,0.145057097387233,0.220567298734025,-0.827125138189473
3.7859261157772,-72.1522724362348,-27.2127111058303,-4.89369797409013,-1.02584577279225,0.164433389937095,-0.654250877898254,-0.234478142388159,0.173869808513604,0.246399504874253,-0.894189338623606
5.66274398497023,-71.8889810084379,-28.3617464344993,-5.08495507954742,-1.06807187007488,0.141084842119366,-0.645308952447843,-0.224542627875819,0.170392412344162,0.247393051264446,-0.936414946290674
7.48541331313304,-71.5024890640245,-29.5569816355735,-5.26428966427826,-1.09887208222792,0.13363317791781,-0.655244425165637,-0.248884638425672,0.192250331138808,0.296573597603083,-0.98758244734261
9.15408221949799,-70.9873320653462,-30.7879844817635,-5.5002562232282,-1.13215618245019,0.137110621209665,-0.638354121529241,-0.243420105442534,0.175360121174811,0.285644587319062,-0.962743854575646
10.7725767915253,-70.3201615271402,-32.0731355666907,-5.69747458963309,-1.16494350508452,0.110284630111552,-0.634379932439193,-0.252362068499455,0.194237414664911,0.300547783174717,-0.959763223443611
12.2693613564535,-69.5511518553357,-33.3821317535115,-5.94983461530576,-1.21213737857161,0.0760069748111907,-0.604573514254875,-0.24491043261239,0.157973140321989,0.267263979145104,-0.900647372653047
13.7239199972583,-68.5993285180527,-34.7313665432272,-6.18232377308591,-1.26032480728419,0.0606068688031015,-0.61947672334337,-0.241929778258843,0.180327829985982,0.274218803872588,-0.868357202058392
15.155626957485,-67.4746270427997,-36.1089173907042,-6.40090332362314,-1.29460246277919,0.0511680941555748,-0.666670218790917,-0.244910432612157,0.220566271401917,0.297567144031305,-0.886737760698623
16.3901140409313,-66.3196222221294,-37.5386293895373,-6.68306965242168,-1.34080278106846,0.0268259911249301,-0.661205708786055,-0.241433002529266,0.197714810887635,0.265773659606565,-0.83507348771124
17.5610138571026,-64.9967070294597,-38.9827478099141,-6.95679086260105,-1.40439031593126,0.0268259911249301,-0.67312827606597,-0.249381414144926,0.197218040006518,0.263786566828757,-0.79533173926907
18.6166617578853,-63.5764236968694,-40.459653247284,-7.26627963637188,-1.4545648551656,-0.0109291074871135,-0.662696029704736,-0.247891086967474,0.184301997092874,0.250870463763088,-0.727770766980326
19.5744448849109,-62.0493334766004,-41.9390425611545,-7.58421353000223,-1.51268783627289,-0.0312969896449189,-0.667663766065532,-0.241433002537224,0.164927932709327,0.241928546249458,-0.670642003677622
20.480563358532,-60.3588038802133,-43.4561866202642,-7.87929592499122,-1.56534626360913,-0.0407357643036138,-0.679586333334048,-0.226032955042896,0.17734720474122,0.235967267912246,-0.646796954634859
21.3196171384793,-58.5773642439038,-44.9683629631744,-8.17537186394135,-1.62595313280891,-0.0576262031545853,-0.718831450630971,-0.22702650649426,0.199205123515474,0.281173628591236,-0.648784042055599
22.0429222307937,-56.7045177904581,-46.4860038216411,-8.51764757246234,-1.67165667353792,-0.0794844181460472,-0.735224980633018,-0.246400759798613,0.19523095646639,0.30799938110159,-0.633880886399043
22.6703496547464,-54.7099611736767,-47.9842705535406,-8.87780706342808,-1.737231318984,-0.11078140781176,-0.764037851543737,-0.262794358753994,0.233979085213983,0.315947752218504,-0.631893798979162
23.2401511220224,-52.6577785305477,-49.5168146233697,-9.24392781523403,-1.80777374060195,-0.13015573473949,-0.783908797014062,-0.266271788833177,0.247888669881337,0.35221219539863,-0.615003555910169
23.6549586409175,-50.5802603169143,-51.0334619765921,-9.66270636986322,-1.89023882507041,-0.16642050052576,-0.759070115184298,-0.270742770364021,0.230501689032418,0.349728329425679,-0.570294088963438
24.0548628948644,-48.4018965470376,-52.5203029757099,-10.0616140562724,-1.96674257816478,-0.208149820065496,-0.767515267010686,-0.266768564555778,0.234972626961156,0.35867024692558,-0.531545884270517
24.3837282559372,-46.17186807034,-54.0180729897615,-10.4818829271028,-2.02337522656753,-0.237459699253328,-0.770495908831885,-0.263787910199517,0.253849920435036,0.363141205675354,-0.493294451435474
24.6803032114468,-43.883716795669,-55.4517593246645,-10.9170549509718,-2.1103113096892,-0.236466144025918,-0.785895891557716,-0.275213751896285,0.255837003960749,0.369102484014459,-0.482365470635713
24.9242199669241,-41.5056490484266,-56.8765037609883,-11.35967855193,-2.17389884476403,-0.23745969925358,-0.803282968831188,-0.295084780919416,0.278191693632426,0.400895968488007,-0.504720204091428
25.0469235078133,-39.1583814513299,-58.2545515656106,-11.846018064288,-2.25537037411606,-0.266272800866721,-0.813218441560922,-0.296078332370288,0.261798254548717,0.424244308631273,-0.485842873610198
25.0816977905935,-36.7818040834135,-59.6251477879814,-12.3810412067053,-2.3497581215863,-0.310486008504663,-0.788379759717589,-0.287136369309879,0.237953252248361,0.385495999484519,-0.439643091105747
25.1582012126506,-34.3560458951962,-60.9132797312652,-12.8932128511641,-2.45209431097845,-0.327376447375621,-0.809741026106065,-0.293097678022865,0.224043667570421,0.375063762401716,-0.423746391745407
25.1621754163965,-31.9705266038493,-62.2068761856073,-13.4302230835513,-2.54449494809847,-0.334828111587884,-0.786889438828301,-0.269252443183326,0.202682519680284,0.39245082420823,-0.387482046351413
25.1030591357122,-29.5661298416349,-63.4001245376133,-14.0005170223995,-2.65080535859981,-0.359666992287818,-0.787882986102387,-0.264781461653064,0.193740643823796,0.377050855195091,-0.350720929110396
25.0340073455972,-27.1443459352352,-64.5412117491504,-14.5737915942347,-2.7695352097109,-0.377054208780528,-0.781424928832205,-0.246400759810731,0.19274710206055,0.368605710884599,-0.294088937722483
24.9177618860727,-24.7419363253477,-65.6360990943069,-15.201214285264,-2.88180695178067,-0.38798331629127,-0.779934607921382,-0.231497488037182,0.169895641525513,0.364631525329614,-0.234973087051607
24.835297158457,-22.3390299643377,-66.625670602758,-15.8306240646459,-3.01991113011897,-0.405867310389932,-0.80377974250857,-0.236465245297875,0.163934390956716,0.403379834449705,-0.213611897303881
24.7419033704842,-19.9495365833038,-67.5620874218701,-16.4441371509679,-3.13913775899827,-0.436667522459152,-0.808250705237866,-0.23547169384571,0.183308455322189,0.465476483702808,-0.194237794985004
24.6385740731251,-17.6171724861382,-68.4080915871661,-17.0963984349534,-3.29065493321189,-0.458525737478327,-0.828121650713619,-0.235968469571553,0.207650228492151,0.462992617730252,-0.159463765170867
24.5491544887282,-15.3161053081268,-69.1621927789333,-17.7705176765246,-3.45310121526232,-0.466474179308857,-0.833586160717286,-0.243420105454743,0.225037209338082,0.477895813551193,-0.121709104237443
24.4269477233255,-13.0885610234309,-69.8189264940999,-18.4804044865768,-3.60908938834795,-0.467964512152035,-0.852463558915125,-0.252362068515152,0.238946794016704,0.490315143414632,-0.0779931810608096
24.2515859828253,-10.9161589129631,-70.422008742894,-19.2091686241655,-3.77501311397985,-0.496280836168811,-0.824147461614885,-0.230007160851049,0.250372524288571,0.487831277441682,-0.00745157773212041
24.1164630551257,-8.77654404682195,-70.8969235963528,-19.9473714279745,-3.93646584112822,-0.523106827352521,-0.839547444342398,-0.231497488027649,0.256830545746106,0.496773194935903,0.0397417484120599
23.9723981688663,-6.69207135232924,-71.2948386576805,-20.7178643974773,-4.09642823553641,-0.546952152849152,-0.849482917086246,-0.235471693832275,0.257327316627126,0.503728019653078,0.0536513603315222
23.8089590390205,-4.67416667724205,-71.5983668760621,-21.4908412293735,-4.25788096304427,-0.568313590272088,-0.875315146180732,-0.24093622681058,0.267759505138782,0.517140895909142,0.0516642729158765
23.6137262789158,-2.72531390189348,-71.8005534311853,-22.3015727169818,-4.42827568780095,-0.616997796518046,-0.864882899808384,-0.236962021006265,0.256333774861586,0.511676390769663,0.0675609722397558
23.3370223415872,-0.864887294073014,-71.9217660097112,-23.1898006006242,-4.61059307573505,-0.671643334126044,-0.826631329756588,-0.200697393032921,0.224540438465013,0.454050700254396,0.143567065892822
23.0866475041036,0.941390700867788,-71.9108370067324,-24.0745510848482,-4.82222034370133,-0.695488659626707,-0.836566802492294,-0.186787672708048,0.200198665284892,0.398412102533187,0.173373377132733
22.8203758513397,2.67215871179215,-71.805024387021,-24.9871207923828,-5.02987339083385,-0.727282426963612,-0.821663593383444,-0.187284448433904,0.152011889797597,0.396921782949495,0.208644178767816
22.6226592136456,4.40193315633324,-71.5914120563704,-25.9016775893613,-5.2221263318026,-0.741688977788301,-0.849482917063937,-0.214110337637454,0.173373037673576,0.432192679678589,0.165921799287639
22.3663230697297,6.01844263688691,-71.2620516497116,-26.8420665239014,-5.44865692922314,-0.792360294512558,-0.850973237975128,-0.205168374577046,0.151018348006838,0.438153958010121,0.161947624455544
22.0960772123832,7.60067455346518,-70.8243947601481,-27.8306423226437,-5.67667785975072,-0.83607672464054,-0.87481837254082,-0.207155477479462,0.148037722719147,0.465973256888394,0.134625172478072
21.786586092268,9.08653189581948,-70.2824155718225,-28.8778371952648,-5.91960211930053,-0.883270598093614,-0.884753845275167,-0.195232860069924,0.1336313671572,0.45057328786792,0.104818861236152
21.4900111342664,10.4909179474907,-69.61823026274,-29.9463932588073,-6.18488137240444,-0.9369225805495,-0.842031312515136,-0.201194168778414,0.0998509472200834,0.407850793135992,0.110780123485742
21.2232427043324,11.8575490072209,-68.8368065632372,-31.0517104392769,-6.44668318248049,-0.981632565916172,-0.85494742707614,-0.21361356191674,0.097367092813034,0.424741081741105,0.0794834966751827
20.9708807629046,13.1551281815538,-67.9336735185752,-32.1614985713234,-6.74922075849673,-0.998523004841399,-0.886740939848635,-0.21262001046579,0.114754073667075,0.439147504378118,0.0466965543121653
20.6961639245658,14.3732231740177,-66.910321449972,-33.322454204436,-7.03685500597295,-1.05515565304197,-0.902637696224026,-0.204174823139414,0.111276677495669,0.438153957988373,6.02308203312418e-11
20.3682921099526,15.5197824021691,-65.8010276863592,-34.5380547380403,-7.32250214343001,-1.13563362678535,-0.898166733492286,-0.187781224198103,0.105812197798148,0.430205586871879,-0.0273224519087663
20.0647622935153,16.6116962547997,-64.5744955397757,-35.7511714207752,-7.65335604583992,-1.1982276063556,-0.914063489875494,-0.183807018391616,0.125683033064545,0.439147504372254,-0.0789867247378515
19.7572582736304,17.6151839566204,-63.2456281978182,-37.0065137094622,-7.99017128010267,-1.25187958881489,-0.922508641715493,-0.185794121297082,0.122205636900224,0.419276576645703,-0.0859415307044329
19.4457800488624,18.5610456301778,-61.8432384875883,-38.3055719260554,-8.33195429147833,-1.30900901466447,-0.930457019910572,-0.180826364043108,0.130650741888339,0.40884433956428,-0.102335001891358
19.074191990449,19.3812229497839,-60.3226168560932,-39.6533137861659,-8.68913740997852,-1.3730933271582,-0.939895719018129,-0.171387625258471,0.110779906625845,0.365128298451337,-0.0869350744106543
18.7373782151156,20.1701033735373,-58.7006535830837,-40.9762170662078,-9.06271419102441,-1.44562285917616,-0.945857002661344,-0.16840697090725,0.109786364862575,0.336315453153286,-0.0760060936191495
18.3960934602849,20.9172546033932,-56.9887744460789,-42.3145202795974,-9.44225230443868,-1.50921039409736,-0.986095667234904,-0.155987577766663,0.144063555680698,0.37108957677966,-0.10779949229478
18.045369970975,21.5759796883133,-55.1993987683725,-43.6851136700675,-9.84960996624472,-1.57478503945572,-0.995534366342977,-0.139593978825778,0.128166887468362,0.333334813994304,-0.10084468633458
17.7125303988276,22.1865174914579,-53.3086814580365,-45.070113450503,-10.2609418501712,-1.6587404566466,-0.995534366342977,-0.126677809968132,0.13959261773574,0.325883216079988,-0.11425752640059
17.3985682943294,22.7558228786447,-51.3538804782198,-46.4486552097254,-10.7159901670469,-1.69798588837446,-1.01192789636965,-0.139097203096447,0.136115221563736,0.356683154137649,-0.143070293947271
17.0756642304573,23.24713442023,-49.3260539204734,-47.8108035069157,-11.1953805893114,-1.75064431578788,-1.03676657822656,-0.137606875920661,0.131644283628303,0.365128298448811,-0.152012187323344
16.7438182077921,23.672871518574,-47.2291759703684,-49.1903388271064,-11.6568870176821,-1.81919962693716,-1.04670205097312,-0.132639118663716,0.124192720405692,0.340786411910027,-0.134128400566613
16.3265268018303,24.003227609272,-45.0667240391987,-50.6210416528306,-12.185458428954,-1.92849070269625,-1.00646338635889,-0.0983615935734106,0.0675608399312194,0.279186535824049,-0.0928963366410759
15.9941840028805,24.3529579665511,-42.8322400827687,-51.9802093481703,-12.7199911733244,-2.02536233815012,-1.01987627457096,-0.0849486489941332,0.0581221931795653,0.293592958458775,-0.104818861145241
15.7219510369384,24.6823205043578,-40.5689433348277,-53.2832418361957,-13.2724079140974,-2.09292409414681,-1.03328916278487,-0.0859422004449277,0.0720317778653596,0.313463886250009,-0.142573522077136
15.4412728875026,24.9540570171371,-38.2619306152986,-54.5972033131735,-13.8615862023495,-2.16396329353225,-1.06061171284127,-0.0943873877745975,0.0750124031550263,0.343767051131238,-0.17188306147985
15.1476785751857,25.166677176719,-35.9102083800523,-55.8848358906614,-14.4502677142108,-2.24742193337764,-1.07650846924055,-0.100348696481072,0.0601092767194985,0.337308999605498,-0.179831411153046
14.8550778134947,25.3410455785385,-33.5346410848952,-57.128752556526,-15.0866398826496,-2.34528712413941,-1.08246975289028,-0.0983615935801021,0.0784897993388843,0.356683154202207,-0.194734566783655
14.5167737067004,25.459278283952,-31.1456609606223,-58.3652176521971,-15.7528187122584,-2.43868131639676,-1.08644394199075,-0.111277762437748,0.0427222958716647,0.339296092390631,-0.182812042280294
14.2450375150998,25.5586334984893,-28.7139584163008,-59.5102767376672,-16.4418493162051,-2.53803684005166,-1.12618583302586,-0.109290659536675,0.0556383387932366,0.347741236687934,-0.189766848243215
13.9504496502576,25.6048336732705,-26.3160364490055,-60.6543422853371,-17.1586994712624,-2.65428280287305,-1.13363743758954,-0.106806780910624,0.0412319832167868,0.348734783077233,-0.176850780034028
13.659835989209,25.6192401793842,-23.9161274257623,-61.7104792228896,-17.9068466206294,-2.77152232095457,-1.16692127133008,-0.0889228547963178,0.0501738590835915,0.383508906694403,-0.192747479372916
13.3816417148503,25.5953949278761,-21.5082700742729,-62.6687521123206,-18.6559873285303,-2.89323283773968,-1.22255991872147,-0.0844518732673345,0.0655737564212875,0.404870154069696,-0.195728110498515
13.1223249091337,25.5616141549508,-19.1217739831715,-63.5544963161957,-19.4453670296737,-2.98265280928271,-1.26627599888876,-0.10432290227703,0.0725285487650384,0.407354020040083,-0.231495684034176
12.8361822265312,25.4652395968418,-16.7601165582021,-64.4009955473797,-20.2615727271732,-3.11479565613253,-1.29806951173162,-0.106806780904243,0.0586189640792441,0.403379834483519,-0.208644178728668
12.566433134926,25.3708521430236,-14.4302526191267,-65.1401920622928,-21.0976495348294,-3.24296428214115,-1.3373146291572,-0.119226174042892,0.0486835464453142,0.407354020038084,-0.211128038001156
12.2951937165392,25.2267870818291,-12.1416208456876,-65.8078534326757,-21.9918493323024,-3.36964257533078,-1.37655974657743,-0.102832575104564,0.0486835464453142,0.407354020038084,-0.193244251238876
12.0328962567392,25.0673219622656,-9.90713732326193,-66.3756636627236,-22.8820749128606,-3.51221775245017,-1.41928227945768,-0.091903509152926,0.0327868782349293,0.403876607676045,-0.182812042296817
11.7616568375373,24.8869922474745,-7.72431818885887,-66.8421324358288,-23.8150233776492,-3.67665114504075,-1.44511450863192,-0.0864389761736259,0.0203676061829112,0.401392741701648,-0.180824954879965
11.4457076239855,24.6619526859622,-5.62595043711774,-67.2072597507511,-24.7638687321258,-3.86542664114418,-1.45107579229468,-0.0933938363282852,0.0119225011966627,0.366121844905351,-0.166915342955436
11.1868875915769,24.4736745537734,-3.5330472088645,-67.4521682767594,-25.7191722006032,-4.01942770388861,-1.49429509882429,-0.0958777149543356,0.0109289594323914,0.3676121644892,-0.178341095601794
10.9012416822478,24.2401897984584,-1.51267281411789,-67.5997095186629,-26.7301147736689,-4.18634498488005,-1.51515959164794,-0.118232622599835,-0.00894187583254119,0.352708968661159,-0.184799129710177
10.6583184652351,24.0111760275676,0.433185657870511,-67.6429286703248,-27.761922014201,-4.34581060170538,-1.55241761454986,-0.123200379854325,-0.0173869808227293,0.359167020188439,-0.197218426069437
10.389066146979,23.7379491859941,2.32737975203308,-67.611135271385,-28.8205552551902,-4.53706998642804,-1.57278533375461,-0.128664912835615,-0.0357675034506897,0.33780577283237,-0.173373377041801
10.1540913375517,23.491051476094,4.1679223812797,-67.4417360677884,-29.9164468277918,-4.72485192796919,-1.58917886383593,-0.143568184605676,-0.0342771908053258,0.357676700606772,-0.187779760819708
9.90321971208662,23.1880180692367,5.92003946251065,-67.183414701811,-31.0451257340987,-4.91263386966557,-1.62246269766834,-0.147045614685945,-0.0501738590297621,0.351218649080176,-0.19523133863818
9.64340612734535,22.8983976160271,7.60161481208722,-66.8004036003333,-32.2065919745807,-5.13668057811993,-1.63239817044639,-0.143071408884832,-0.0685543816486966,0.341283185190082,-0.190263620094643
9.37763123639467,22.5983448648336,9.23897738218884,-66.3180381282378,-33.3973681054931,-5.36122406440068,-1.66816587246987,-0.166916643696467,-0.0834575081072759,0.345257370746646,-0.186289445260351
9.17097262938339,22.3131953957198,10.7983466357074,-65.6995571695438,-34.5767183564951,-5.57235455506801,-1.70641744266067,-0.175361831028772,-0.0665672981183976,0.351715422279395,-0.209637722415129
8.96033981820926,22.0101619872771,12.2702838963029,-64.9737734932376,-35.8072367178091,-5.79441415374657,-1.75410771203312,-0.181323139734781,-0.0725285486990483,0.367612164505649,-0.209140950560778
8.77851998583496,21.6912317441746,13.6870793829422,-64.1178355954878,-37.0854457457289,-6.03783519047136,-1.81918505884054,-0.206658701738943,-0.0387481287411979,0.375560535617513,-0.243914980375855
8.60017758171765,21.391675767556,15.0417782821932,-63.1868851521152,-38.3740871139668,-6.27032711954812,-1.8743269328469,-0.205168374561762,-0.0432190666784972,0.374566989228557,-0.247392383357761
8.42233195309414,21.0911262384662,16.2991097413487,-62.1322385249806,-39.6905480417787,-6.5276579302969,-1.92698493867853,-0.228020057949059,-0.0293094819906539,0.390960504633978,-0.271237432379282
8.19381522322685,20.7334474593626,17.4759640297077,-60.9673085532582,-41.0174413099825,-6.8048598465111,-1.98262358637858,-0.212620010460338,-0.0243417731706395,0.386986319076678,-0.241927892970639
7.97275012573001,20.3906719625519,18.5633992434424,-59.6995468189276,-42.3756315831549,-7.10242964584638,-2.02534611938726,-0.206161926025218,-0.0278191693433262,0.366618618107646,-0.23745694628034
7.76807861958948,20.0677675084283,19.5986733281846,-58.3239856035696,-43.7397831981665,-7.41440599675596,-2.05813317963997,-0.193742532884308,-0.0183805225835606,0.360160566578829,-0.227024737334903
7.58774911277688,19.7473469343538,20.5579412003237,-56.8709279922312,-45.0885347124439,-7.70700802056026,-2.13165567836636,-0.231497488028255,-0.0193740643472219,0.366618618107988,-0.242424664822047
7.42033576885158,19.4328876728828,21.4277900014423,-55.2971548367646,-46.4576541227711,-8.0160037065302,-2.18530723153356,-0.229013609400655,-0.0109289593526791,0.37854117477263,-0.236960174425595
7.25043854742814,19.1089896655425,22.2499486295656,-53.6513497799787,-47.8545930946877,-8.34188983233465,-2.25833295666683,-0.236465245285201,0.00149031268897104,0.395928236580524,-0.244908524098684
7.07855422383127,18.7895626423491,23.009513909263,-51.9469256619584,-49.2371255223653,-8.68367284292024,-2.3249006245418,-0.241929778267343,-0.01341281377034,0.383508906717413,-0.247392383370503
6.8813343495649,18.4477806948938,23.6732020770158,-50.1853728009382,-50.6136966268172,-9.03191396312828,-2.36613283676177,-0.246400759800978,-0.0332836490328334,0.367612164490318,-0.222553790642097
6.71243067879333,18.1209020295852,24.2608840375619,-48.3438396921632,-51.9882806298451,-9.41393596271929,-2.43816501476988,-0.262794358756358,-0.0357675034428709,0.368108937684803,-0.227024737333602
6.52564308987183,17.8079330944758,24.8083274174952,-46.4417004427506,-53.3549161981823,-9.79397085249841,-2.50821009823524,-0.270742770375739,-0.0357675034428709,0.349728329501994,-0.219076387658046
6.36915880629742,17.4999319193173,25.2554227358073,-44.4844195394198,-54.7136033315264,-10.1769864088047,-2.56037133060876,-0.28912347221855,-0.0258320858065016,0.359663793393666,-0.21063126613785
6.22410035927217,17.1914339680093,25.6737052435997,-42.4705066727502,-56.0409934759155,-10.5744085173315,-2.63935833957537,-0.290117023669964,-0.0233482313973788,0.368108937700581,-0.215102212828149
6.09493872834935,16.8933683141985,26.0378395396692,-40.4168520820577,-57.3370866301853,-10.9753080699179,-2.73424210518551,-0.313465482781554,-0.0084451049435566,0.380031494367431,-0.231992455884148
5.95633836275377,16.5739412880385,26.3309353572817,-38.3085526163705,-58.6252313478975,-11.4020400602702,-2.81919039800335,-0.331349408928417,0.00447093798023507,0.391457277836654,-0.219076387668688
5.79687342583984,16.2415980830519,26.5892570943738,-36.2116789224843,-59.8691628533703,-11.8446689358798,-2.88774516061421,-0.344265577795467,0.0124192720895256,0.374566989226177,-0.207153863170151
5.64684722353704,15.9191903996281,26.7631274940471,-34.0730764229404,-61.0942168122726,-12.2952462545063,-2.98660311551395,-0.385994738802644,0.00844510503702695,0.370592803671507,-0.19870874164255
5.49483391905609,15.6146666550527,26.903217358821,-31.9096353568395,-62.2810188905427,-12.7493010175881,-3.07502882396389,-0.388975393157199,0.00596125062607439,0.377547628395861,-0.200199057205722
5.3865368589948,15.326039745054,27.0010815550311,-29.7014848572785,-63.4201303098912,-13.2311753294417,-3.16345453241383,-0.419278712468305,0.00447093798060066,0.374070216031889,-0.21261835356783
5.2722784928465,15.0339354020746,27.0666555341615,-27.4958182382256,-64.5264544033768,-13.73490785862,-3.24045444715217,-0.431201329899237,0.00447093798060066,0.388476638666233,-0.198211969786035
5.25191069716434,14.7994570861118,27.0909973900314,-25.2548808533447,-65.5706812808038,-14.2093305074908,-3.37309301019899,-0.493298295789524,0.045206150225711,0.441134597195936,-0.258321364250031
5.16696208568388,14.5307012187497,27.0934812528783,-23.0606400322731,-66.5741723862695,-14.7359148104787,-3.48039611726698,-0.518633857818065,0.023845002301485,0.436166865250757,-0.277198694709612
5.07754249464578,14.2639324557231,27.0631781261726,-20.8986893997576,-67.5215276075282,-15.2480925628357,-3.58571212975676,-0.555395261556746,0.0293094820004819,0.435670092056338,-0.275708379146119
4.96278735278373,13.9797765289727,26.9752493814461,-18.7312743010603,-68.4172179436622,-15.7965350846089,-3.67811202763361,-0.580234047877002,0.0203676061295059,0.417289483858448,-0.263785854635198
4.86492257806185,13.7149948695351,26.876391640134,-16.5926719867977,-69.2498175051783,-16.3474614958206,-3.79336351326148,-0.598117974040611,0.00645802144200414,0.405863700389225,-0.270243888742361
4.80729661930852,13.483000432231,26.7437533640754,-14.4525793775733,-70.0113778466119,-16.9296849005678,-3.93593754937515,-0.63338905060666,0.00198708350591242,0.410831432335061,-0.302534059268161
4.73377384435163,13.2365994878909,26.6046570444779,-12.3676284526861,-70.6845117453687,-17.5367471892883,-4.05963418716854,-0.623453536072872,-0.0149031264759155,0.415302391084006,-0.318927530470567
4.64087682450569,12.9608887533283,26.4372446882139,-10.3278837743102,-71.2692191999536,-18.1661644739903,-4.16644052098281,-0.654253631097172,-0.0347739617745152,0.385992772585342,-0.299056656299907
4.53605719254556,12.7020684059471,26.2310840711804,-8.34377755092419,-71.7977907662758,-18.8104850900763,-4.30802101012806,-0.66418914563587,-0.0352707326563642,0.414308844673234,-0.291605078482139
4.45955376449388,12.4646094306265,26.0100202768965,-6.38351638745285,-72.2170712203121,-19.4677219270983,-4.45705310409772,-0.694492464972987,-0.0298062529546839,0.415302391061402,-0.298063112590522
4.3080372351342,12.1789631739671,25.7725629875455,-4.5096935229928,-72.5807125626834,-20.1741397530972,-4.56236911739446,-0.684556950416972,-0.0660705272664467,0.381025040714508,-0.241431121109371
4.23650156209155,11.9574010333541,25.5152347946927,-2.63885130227435,-72.8405273473565,-20.8636671414698,-4.72878828933331,-0.719828027022469,-0.0665672981486738,0.384502453076271,-0.25732782045126
4.13863678710009,11.6965935805919,25.2136938424205,-0.817189496687087,-73.0238383524491,-21.593433522002,-4.89868487680754,-0.758079758014865,-0.0760059449024137,0.376554081963775,-0.25732782045126
4.06660433848428,11.4705604546298,24.9250689766137,0.932440397719534,-73.1167357995239,-22.3346257912172,-5.0780201638142,-0.775466908458265,-0.0809736537213302,0.370592803625459,-0.250373014488339
3.97022988991803,11.2465144328155,24.5967023041383,2.63388342292615,-73.1351165778319,-23.1210248300616,-5.22307806917919,-0.792357283183718,-0.0839542790127533,0.336315453176054,-0.234476315149666
3.87584254340591,11.0249522914469,24.2688324038528,4.27124288789077,-73.0889162431646,-23.9004689843818,-5.39794239374691,-0.832099341364356,-0.102831572531589,0.313463886214321,-0.229011824751002
3.81324882942605,10.8287257311336,23.9394721854418,5.88326698320224,-72.9503152392438,-24.6823970294462,-5.55591641432358,-0.887241447092144,-0.0958767801844229,0.320418710932785,-0.225534421768064
3.77400356425686,10.6613121844506,23.5971958792587,7.42673657662627,-72.7511073449419,-25.5005898473505,-5.75909683712907,-0.935428692633034,-0.0814704245909923,0.327373535665423,-0.233482771435041
3.75661642147345,10.4938986377223,23.2539260270719,8.93890954090957,-72.4480728925818,-26.3446151071071,-5.94787082437468,-0.981132059577627,-0.063089901970704,0.332341267606263,-0.24143112110738
3.63540319734231,10.2693558388043,22.8788627291114,10.3343411551012,-72.0739992169261,-27.2239115849142,-6.11578031838051,-0.996035331400406,-0.0993541763821887,0.271238164636086,-0.201689372766058
3.55492556499253,10.0408388310177,22.5042962032245,11.6974825993412,-71.6075248732224,-28.1017177320785,-6.30107689042945,-1.00795794886825,-0.130153971054178,0.214606020447559,-0.182315270437249
3.46053821831302,9.84014128483145,22.1411554457183,12.9985275784555,-71.0844178628521,-29.0252274292618,-6.48587668911794,-1.03180318379338,-0.157973140478366,0.176851257628224,-0.144560609511465
3.4247703816752,9.68614069233895,21.7879501390114,14.2633082174342,-70.4535100747475,-29.9477435743152,-6.68756679210371,-1.07154524204846,-0.162444078415885,0.165922247343046,-0.147044468783987
3.34230564715061,9.48842380237978,21.4267964704573,15.4371796376467,-69.7490791768958,-30.907518049412,-6.88478593249376,-1.11079052453604,-0.213611479321719,0.134128762840039,-0.111773667135108
3.32392495331097,9.33392643356205,21.0830298413771,16.6105542772396,-68.9502605030761,-31.8692796393309,-7.12572115458562,-1.16444230317482,-0.235469398138907,0.164431927733302,-0.129657453891598
3.2916345452143,9.1650225575944,20.7228697163871,17.7109034793816,-68.0779187205308,-32.8782351133749,-7.34877252558708,-1.19126819249351,-0.2463983575526,0.186289948305973,-0.130650997600386
3.23649246372514,8.98817026387888,20.3468128679929,18.7392207861504,-67.1017503873015,-33.8842099244497,-7.59318516390878,-1.23051347504542,-0.259314400484954,0.153006144272836,-0.105315633020318
3.17538907606425,8.82025993991289,19.9851624238173,19.7014674608354,-66.0595106141487,-34.9040945159137,-7.81524298801466,-1.27472651487549,-0.264778880191599,0.147044865930732,-0.104818861166081
3.15800193326912,8.69457558506889,19.6394087017577,20.6036047605421,-64.9402702920953,-35.903114448389,-8.0790297998013,-1.34377834122756,-0.275211068703768,0.158967422583383,-0.143070293988217
3.08944691281127,8.52020717117619,19.2827259816138,21.44265206104,-63.7256486453266,-36.9344249363489,-8.32990049640666,-1.38252684802123,-0.301539925509008,0.152509371038324,-0.116741385735704
3.07007266794879,8.41787129306628,18.9200819898315,22.2205964450123,-62.4673105614256,-37.9945485339401,-8.61802921810208,-1.44512058984953,-0.302533467273401,0.174864164817368,-0.129160682099152
3.0844791577275,8.29765147498723,18.5614121779759,22.9433991753451,-61.1106104882243,-39.02536225266,-8.90963535588819,-1.5226176035619,-0.295081904031028,0.213115700831187,-0.159960537062015
3.04871132104002,8.17991553747523,18.2121810447431,23.5951635588832,-59.7419877575412,-40.0904536369036,-9.19180279437545,-1.57328872795712,-0.316443051968367,0.224044711116366,-0.15598636222606
3.03281450471577,8.06267637582028,17.8465564151408,24.2285473907054,-58.2740094864528,-41.1336868075104,-9.47347345956281,-1.62843083386712,-0.314455968435628,0.249380144084059,-0.183805586058981
2.86987213713123,7.86744336491697,17.4754672860833,24.6825966616286,-56.7578437840992,-42.2002685352074,-9.72285383714474,-1.63737279698824,-0.355687951723261,0.191257680229306,-0.109786579817689
2.83162042287203,7.74672677047714,17.129713558932,25.1391297895315,-55.158716208835,-43.2206499411082,-10.0234019026391,-1.70692139910114,-0.360158889666928,0.189270587451024,-0.103328545711048
2.74766536163934,7.6230295193174,16.7933985104709,25.5236310301043,-53.5526337584447,-44.2743154572368,-10.3368660838527,-1.76752803813729,-0.381023266728921,0.195728638984457,-0.100347914585128
2.69600070854466,7.49237740251338,16.4377093298635,25.8768356577435,-51.8779959920774,-45.3086066480087,-10.6697044382848,-1.84005729470952,-0.399403789389379,0.194238319398635,-0.103328545710646
2.59217462703804,7.33340904761091,16.0785427404626,26.1704276889007,-50.1631192432981,-46.3424010646159,-10.9672718633517,-1.87582514730666,-0.427719729663809,0.158470649417963,-0.0655738847430893
2.60658111685955,7.26485394436326,15.7387502814526,26.4501101147707,-48.43681662198,-47.3131047166706,-11.3135231077447,-1.95580603978333,-0.404868269038428,0.19970282462898,-0.114257526432319
2.48884532084335,7.09942749969253,15.4113771370296,26.6314317581377,-46.6558684636976,-48.3021891484457,-11.6155614967924,-2.00498683707815,-0.436164834641793,0.163438381373978,-0.0665674284195152
2.36862564727059,6.93797526371407,15.0909588084103,26.7690374984164,-44.8600169898833,-49.2564991434785,-11.9310127754994,-2.05416763440497,-0.451564732012391,0.124193298969151,-0.0307998549166678
2.29361254516745,6.80334893782879,14.7765017505892,26.8683918233582,-43.0065393151186,-50.1651055921625,-12.2862059481628,-2.1212323580761,-0.474912963504588,0.117238474242956,-0.0153999274313937
2.28665768802251,6.72684541677656,14.470489826293,26.9463849683575,-41.1788940996309,-51.0473828251016,-12.6831281099037,-2.22853591597925,-0.436164834655189,0.161948061749563,-0.0491804135424813
2.34279332087388,6.67269682059351,14.1853423508054,27.0189136255843,-39.3323713474586,-51.8904146218833,-13.0959470293561,-2.34577498839929,-0.401390872840791,0.207651195735946,-0.114754298258793
2.32292230045707,6.58029646394201,13.8947303764247,27.0194103972087,-37.4992616101052,-52.7016526466127,-13.488895003515,-2.43817527445565,-0.405861810785446,0.210135061708765,-0.119722016802262
2.33534168823064,6.49733485336631,13.5931894041258,27.0104685079747,-35.6587002229508,-53.4945098988075,-13.8788623363851,-2.52064004591235,-0.429706813168362,0.182315762779682,-0.131147769452935
2.33732879027466,6.41387646659136,13.3184741519967,26.9508559130183,-33.7982677459285,-54.2371926032055,-14.2887006170551,-2.61055645341547,-0.422255249925623,0.210135061695509,-0.162444396285448
2.30652870859889,6.31849545314025,13.0631330312627,26.8331210380831,-31.9611838369627,-54.9739139772949,-14.6950614825751,-2.69947930946835,-0.445603481409792,0.187283494727727,-0.153005731049609
2.33484491270732,6.25192745414553,12.7968629124339,26.7312828550361,-30.1345322757133,-55.6515188029801,-15.1247707118898,-2.82317646681608,-0.424739104339601,0.20864474209058,-0.193741023124744
2.32292230042249,6.16002387327589,12.5236379767483,26.5693353051463,-28.3277518372436,-56.3018008561647,-15.5251702946305,-2.92849292205562,-0.458022753526477,0.211128608069186,-0.203179688351543
2.3179545453041,6.09295909800886,12.2747548987179,26.3954652360488,-26.5348811900956,-56.9093600253714,-15.9494150151556,-3.04523521924815,-0.473422650908801,0.21311570085115,-0.220566703244422
2.3169609942814,6.01297814389341,12.0119621871606,26.2061952466209,-24.7574106671777,-57.4915835315585,-16.3801177947389,-3.13763550558123,-0.455538899125128,0.224541484328538,-0.228515052913437
2.25436727989235,5.89871963796765,11.7854338760107,25.9518481739403,-23.0137210404132,-58.0365487089043,-16.7800206073225,-3.20420345384302,-0.50521598740701,0.165922247353707,-0.180824954883262
2.23101883084515,5.81426769872044,11.5266153444592,25.7089268483866,-21.3033155321336,-58.5114682263673,-17.1943298572778,-3.30753280640379,-0.551912450428681,0.143567453569929,-0.169895974089104
2.19773487161263,5.72782865507634,11.278229037624,25.451102373708,-19.6227166971492,-58.9550907469588,-17.6076455612038,-3.40192019584824,-0.565822035151707,0.118232020631747,-0.183805586014384
2.21462523897506,5.66473808875621,11.0581587694488,25.189303726079,-17.953046984774,-59.3281708294846,-18.05573542416,-3.5370431956324,-0.540983491003446,0.169896432895794,-0.209637722455063
2.2101542593758,5.5867442389458,10.8435529997708,24.9046535827785,-16.3484551594984,-59.6456118055457,-18.4849478880833,-3.63739189400936,-0.579234849011969,0.139096494807967,-0.166418571121923
2.21313491244281,5.52862143368644,10.6120569609182,24.618513124429,-14.7642312302392,-59.9123814526455,-18.9484377373203,-3.76158582773805,-0.592150891972237,0.162941608165022,-0.195728110546385
2.18382515731246,5.45112435999514,10.4237801392967,24.2966051083575,-13.2078268615883,-60.1746801002894,-19.3925534139894,-3.86988293804259,-0.63238933348402,0.149031958722204,-0.192747479417408
2.2161155655711,5.4203242409215,10.2374904078949,24.0099678773563,-11.6876872717583,-60.355507198612,-19.8923077443816,-4.00103173217287,-0.611028185492116,0.17734803085507,-0.236960174459355
2.24741242280096,5.3731305100646,10.0258652728021,23.6994856074505,-10.2172254571128,-60.5055340769204,-20.3677201655511,-4.11777403008015,-0.614505581676845,0.180825443223001,-0.28216641321926
2.19078001444364,5.27625916776318,9.823182044469,23.3527390081216,-8.79942208269467,-60.6237671798362,-20.8163068085221,-4.24594216992864,-0.662692357352287,0.153006144309383,-0.278689010238855
2.15749605514302,5.19131045213196,9.6160278625424,23.0079794944204,-7.41390926358183,-60.6957999526646,-21.2817837580798,-4.38652970321544,-0.715350071064316,0.142077134005687,-0.27223097613535
2.13712825914838,5.13219409448036,9.45507353382491,22.6681876967998,-6.06466122071743,-60.7191485066045,-21.7656413354437,-4.52811078816244,-0.706408195158202,0.157477103059588,-0.288127675473379
2.1232185448295,5.05569057283197,9.28815793358524,22.3353507015788,-4.74472306641944,-60.7121936181966,-22.227640871498,-4.66869832172773,-0.747640178500528,0.160954515425678,-0.296572797002006
2.02833442214971,4.9379546336607,9.08795856750124,21.9359463067327,-3.48986278932952,-60.680399842615,-22.6568533449248,-4.75215664560234,-0.798807579479252,0.10134173203146,-0.262792310890918
1.99455368737464,4.86840597756291,8.90862365140162,21.5812513582458,-2.27524150693527,-60.5974379595523,-23.1109045042484,-4.8947312823237,-0.818181643952732,0.100844958836081,-0.292598622149724
1.80975319656717,4.69602466540194,8.72134037301763,21.1530342065233,-1.11377543670217,-60.4896371893024,-23.4750396246187,-4.97620250328927,-0.898658527198713,0.00745159801452033,-0.178837867564866
1.77398535975272,4.62349535261575,8.5405151386707,20.7928747689735,0.00546452927718589,-60.2909260923231,-23.932568202322,-5.11281583138614,-0.924490613149708,0.00149031967872842,-0.162444396359804
1.75113368622003,4.55444347261201,8.37508985546699,20.4337088742118,1.0695621750499,-60.0559502203336,-24.384632270607,-5.23999042049563,-0.945851761141611,-0.004967731856585,-0.19473456692961
1.6786044614705,4.43869463758705,8.21711616134851,20.0511947112211,2.09193049620052,-59.8105420159362,-24.8093737860488,-5.34928108301445,-0.994535307790603,-0.0158967421579655,-0.159960537109373
1.65475923686171,4.36815242909846,8.08795527928138,19.7014674761558,3.06114360854771,-59.5149592598061,-25.2365991707171,-5.48192020539329,-1.03378020765235,-0.0516644122503646,-0.153999274858014
1.66171409403255,4.33685553378932,7.9294848122582,19.362172444759,3.99359517353237,-59.1528082870132,-25.6727664833815,-5.62250773971741,-1.02434156084483,-0.038251535969444,-0.197218426187656
1.64879793071052,4.26482299695616,7.78591752393086,18.9970452875237,4.86643342212924,-58.7742636495126,-26.0985015493978,-5.74421779603917,-1.06805739864564,-0.0466966802877603,-0.202186144732197
1.59216552233462,4.20620341526664,7.62893737458331,18.6304278148845,5.67667768942424,-58.3534929048147,-26.5490753019232,-5.88530210638449,-1.0953797972923,-0.0536515050205834,-0.185792673531339
1.62644303266244,4.1932872362503,7.50424744562603,18.3179584507976,6.45016041119186,-57.8676442772664,-27.0095845296153,-6.05768328840219,-1.10283136055242,-0.0104322370408987,-0.227024737465222
1.61601074691412,4.14857738579418,7.35720274845767,17.9821408188337,7.1843976997293,-57.3698729852785,-27.462642152993,-6.2057224593677,-1.13661178070444,-0.0004967731358137,-0.245405296086847
1.66469474730943,4.13019666943804,7.22108704880772,17.6771230278017,7.86846044871485,-56.8328562526535,-27.948983614506,-6.37860041720501,-1.15002459460991,0.00943869080347465,-0.296572797013855
1.616010747121,4.06561577430503,7.08596489440671,17.3467698829561,8.51178743230662,-56.2719941908401,-28.371738043581,-6.52167183095344,-1.19672105775893,-0.0153999689493749,-0.287134131777888
1.5355331140834,3.98265416281197,6.94041051475345,17.0124425644596,9.13275942246962,-55.6813254663135,-28.7711441089969,-6.66722712343747,-1.26030773098469,-0.0442128142878532,-0.234973087025358
1.52460405280205,3.98017028222586,6.81919799373691,16.707424772218,9.69163421220173,-55.0335273039189,-29.1983695030987,-6.83563410009214,-1.30253325623437,-0.059116010163632,-0.245902067822465
1.54248797126072,3.97271864047186,6.69450806434337,16.3984328067123,10.2172249019906,-54.3216448163311,-29.6643432482167,-7.00106042255612,-1.32786857137546,-0.0193741545096198,-0.280179325780959
1.50721690987485,3.89075058113335,6.57677295151756,16.071557061033,10.7005894953144,-53.6281431068087,-30.0851105860957,-7.14015763068293,-1.38996493203218,-0.0432192679045523,-0.252360101930775
1.46300388922341,3.83709876045352,6.44065725142328,15.7685263541538,11.1650765391736,-52.9073186242719,-30.5028972826496,-7.29515166271706,-1.43467431169898,-0.0725288864505499,-0.243418208551082
1.51566209350683,3.83411810375358,6.36316072146085,15.4987793477251,11.5878342650653,-52.1278743728444,-30.945025893167,-7.46157153717995,-1.45504191798687,-0.0586192369874814,-0.294585709596112
1.45356515447358,3.74320807432443,6.25635460628357,15.1917744670652,11.9624045643873,-51.3553850120242,-31.3682771031708,-7.59818486697718,-1.52409307099472,-0.0993546389886259,-0.287630903628123
1.53304923625893,3.77202108907247,6.19872898136853,14.9553111607704,12.3012068768454,-50.4999337752483,-31.8282895702159,-7.76857894773556,-1.50074483941304,-0.0362644433140784,-0.371088575322874
1.54894605269458,3.77003398460068,6.11974213325846,14.6925189560454,12.6474608522927,-49.6454760955021,-32.277869788982,-7.93946980415257,-1.51614473687105,-0.00447095874372172,-0.412320639228386
1.52857825667004,3.72184670119466,6.02883274200534,14.4024043101455,12.9033013074005,-48.7900248640308,-32.6986371331234,-8.09098640669094,-1.55588640772115,-0.0303031649215653,-0.436165688250229
1.5092040116419,3.67514974609497,5.95382007486825,14.1043413172666,13.1492062103656,-47.9181799706885,-33.1238754414239,-8.26436114219492,-1.61003443429766,-0.0447095876073976,-0.424243163745742
1.50026205240825,3.62149792537134,5.86390422879799,13.8509877730106,13.3851755615094,-47.0145413072015,-33.5888556493897,-8.44220685957239,-1.61798276847217,-0.043219268019287,-0.440636634947485
1.44909417456284,3.55095571665098,5.76852388377984,13.5663376141483,13.6117061382582,-46.1178575356323,-34.0051520332272,-8.59074280799543,-1.67213079505667,-0.0740192061438067,-0.426230251163941
1.48784266453343,3.56635577630587,5.69301444389825,13.3522290301705,13.7870686241119,-45.1675217746005,-34.4865257766627,-8.79392408883723,-1.68455006721091,-0.0303031649429124,-0.489320276711547
1.48188135837236,3.54499440322366,5.61452436816255,13.101359343197,13.9390825634816,-44.201289130499,-34.9505124404015,-8.95984718863239,-1.71634340392303,-0.0273225257666516,-0.501739573072817
1.38153270483359,3.46700055277543,5.50175698097925,12.8137285534022,14.0796706184809,-43.2559211545175,-35.3757507547686,-9.11384767077598,-1.79433643306892,-0.0884256288419782,-0.459513965409168
1.33831323517797,3.4322262244864,5.41631208835088,12.5623620942712,14.2182715630694,-42.2812432973854,-35.8119180919988,-9.2956675948647,-1.84202643816172,-0.0958772267785852,-0.426230251151982
1.25634527583288,3.34280652343008,5.3030479284618,12.2777119341029,14.3295497407358,-41.3075590018824,-36.2490789787875,-9.45662293785818,-1.95032249125752,-0.147541638968788,-0.36314022550813
1.23100972463392,3.28716759815249,5.23300298737571,12.032306734189,14.3946276034828,-40.2956228260322,-36.6857430916041,-9.61410085050919,-2.00198666346044,-0.170393205998285,-0.354695103981555
1.20219674486434,3.24742550867183,5.15997741044067,11.7953466521928,14.4572215784276,-39.269280101645,-37.1760587696003,-9.79790787816032,-2.06855396230947,-0.164928700842314,-0.336811317213724
1.22951939810493,3.23053512063441,5.09539696826748,11.5837219245988,14.5083896689819,-38.220085607442,-37.6599163897287,-9.96730840922009,-2.13114709412921,-0.164928700842314,-0.364133769208888
1.26826788809497,3.24295452359048,5.03727457027653,11.3706068819879,14.5237897739108,-37.1559877878199,-38.1527159396002,-10.1595606251283,-2.19821116385115,-0.149528731772103,-0.396920711634277
1.26578401052707,3.20519953855539,4.97418444593184,11.1500402640051,14.5431640994392,-36.099341637846,-38.6186897077307,-10.3483354107524,-2.24441085637284,-0.182812535931254,-0.396920711634277
1.18828703052753,3.14707673270878,4.88824278039227,10.9160608111877,14.566015868025,-35.0496503804836,-39.0712505867292,-10.5152520636316,-2.32389419834077,-0.236464041055648,-0.352708016554147
1.19275801014845,3.12273470289398,4.82316556542314,10.7074167127337,14.5615448698241,-33.9711460222754,-39.5322566200431,-10.6985623162872,-2.38797764280319,-0.248883370959859,-0.36363699735553
1.207164500037,3.08398616563329,4.75212707883703,10.5067209606224,14.5590609819349,-32.8891642247834,-40.0017078083134,-10.8858467752858,-2.43914504425355,-0.237457587442841,-0.377049837431674
1.21710001030909,3.07057321042247,4.70244981548206,10.3010574917489,14.5307446599972,-31.7778725493231,-40.4900364001306,-11.0716409071629,-2.50968651032642,-0.254347876110108,-0.410333551688861
1.18282249996009,3.02039882245996,4.63836614573433,10.0998649677599,14.4939831192269,-30.6919165419327,-40.9584940441283,-11.2579318151081,-2.55538943199056,-0.286141360605539,-0.426727022908748
1.18530637752972,3.00450198664239,4.56633411381764,9.91307882170975,14.4378472529,-29.5786377666937,-41.4671903619739,-11.4501840320069,-2.62841475254123,-0.300051010115385,-0.430204425890044
1.17984184688012,2.97568897172727,4.50672139771793,9.73771842382005,14.4055567102933,-28.4603912203179,-41.9386286507081,-11.632500734164,-2.69299496805219,-0.327870309107816,-0.425236707344967
1.16046760185797,2.93246944934147,4.43170872996022,9.56186125414229,14.3499176215292,-27.338667235422,-42.433415306652,-11.8093529030995,-2.74565268227303,-0.346747690574965,-0.411327095417623
1.09091903003933,2.87633374792828,4.35520574426511,9.35172683930871,14.2997430860738,-26.2353240299585,-42.8884600644141,-11.9792502118013,-2.81619414844306,-0.401889515368647,-0.368107944044825
1.06558347883302,2.85944335986681,4.29310916495525,9.17537289753137,14.2068456788888,-25.1165807213734,-43.389704781704,-12.1769669629671,-2.88921946909613,-0.42424430924004,-0.350720929141157
1.08197707077548,2.83361100166704,4.24541899198134,8.99256092402734,14.1154386043946,-23.9754824234228,-43.8690914553267,-12.3741869386473,-2.94883197577736,-0.454050701042116,-0.367611172199208
1.06260282574584,2.79337213600003,4.20369009064762,8.81223280863599,14.0319799711348,-22.8358744645244,-44.3688458540732,-12.5818392053114,-3.0253346926887,-0.489321598014913,-0.356682191397825
1.08595127485841,2.78691404645043,4.16047087138938,8.67611737166895,13.9231856812939,-21.6749050715584,-44.8929421688453,-12.7969431087754,-3.05911511313475,-0.495779649567155,-0.385494958985329
1.09141580550642,2.75064938973134,4.09241302035548,8.50274405933305,13.8203527223541,-20.5263551261044,-45.3767998101805,-12.9991308425906,-3.11127605651612,-0.535521505314835,-0.37257889076255
1.0367704990585,2.70842341958163,4.03677448518319,8.32986751860856,13.7175197633675,-19.3966827370533,-45.8407865026197,-13.2023121282745,-3.19970127481217,-0.60506975283644,-0.316940443015628
1.0814802952708,2.69202980763361,3.99355526588547,8.19623593966121,13.6146868043047,-18.2694942414318,-46.340540907182,-13.456661317449,-3.2608040942514,-0.599108474473814,-0.352708016556599
1.10284164234898,2.69153303151407,3.95381345503524,8.03528191873432,13.5103635124633,-17.1413121962944,-46.7931018051847,-13.6975975614067,-3.3114747250277,-0.611527804394471,-0.381024012272522
1.12370621391069,2.70544276286523,3.90264587352561,7.89270844954328,13.3782206760518,-16.0166075998932,-47.2521207633839,-13.9499596480234,-3.36264212671349,-0.638353557038367,-0.40784969242282
1.13364172418201,2.66520389716871,3.8629040626379,7.76801876027955,13.2594908342442,-14.8844513441427,-47.7012042475424,-14.1854313590912,-3.42871265511038,-0.665179309699317,-0.419772216934385
1.14009980586442,2.62695213592618,3.80726552738199,7.64581292930329,13.1392706596238,-13.7537854263378,-48.1428361261377,-14.4223933977515,-3.50422183048524,-0.678095412837157,-0.436662459983548
1.10830617299681,2.59714556873764,3.75758826372403,7.52559418495947,13.0240182607756,-12.6410035093426,-48.5884421960276,-14.6578651094364,-3.57476329695212,-0.701940526312926,-0.440636634821862
1.1415901323977,2.60360365829374,3.71834322547068,7.42574307905288,12.8898883137631,-11.546105592762,-49.0295773032358,-14.9191691611491,-3.64480799256028,-0.69796634073521,-0.462494596427873
1.13860947932068,2.58870037471102,3.68505945883997,7.30651787803906,12.7622164751869,-10.4447495726534,-49.4155705231626,-15.1670602677063,-3.74614925423762,-0.73770819649026,-0.453552703036234
1.11675135672166,2.55790025526221,3.64780151107728,7.19424748014796,12.616660643547,-9.36475499572864,-49.7956024581059,-15.4233965623262,-3.8435163489102,-0.760062990385342,-0.455539790454828
1.1674224590682,2.58025518064496,3.62842737825097,7.12221558774428,12.4765693652682,-8.2564440991276,-50.1930214762717,-15.7075523004811,-3.91306427368488,-0.751121072832403,-0.496771854402065
1.23746780631123,2.62546180750448,3.61849192552318,7.0536610970874,12.3488975264965,-7.13770087752238,-50.5894469483599,-16.0051209851182,-3.93045125485994,-0.729263052185652,-0.554894161480294
1.21213225512352,2.58721004626917,3.57229207029201,6.94536487241095,12.1973803636034,-6.04230620956155,-50.9545756725133,-16.2768573299177,-4.01390876465121,-0.762546856413568,-0.564332826723775
1.19474511215661,2.57081643431874,3.54844698371019,6.83160415934038,12.0602697504984,-4.94492443607378,-51.3127495648206,-16.5639937238964,-4.10034689983261,-0.78986938229402,-0.559861880030702
1.17487409161013,2.57876485223951,3.50473099162547,6.72877242299567,11.9127268080595,-3.88331065594863,-51.6550266970055,-16.8640462882323,-4.18777857684076,-0.788379062700738,-0.559365108175976
1.18431282637381,2.60459721048798,3.46647949853047,6.61153430803288,11.7542547586329,-2.78543211499116,-52.0122070433152,-17.1968860540408,-4.2707393159008,-0.79434034107505,-0.594635909862449
1.20666772448795,2.62198437468585,3.4322021865211,6.51466383169959,11.6042279281395,-1.70643112817542,-52.3510067605894,-17.5297258202773,-4.33631307368275,-0.794837114272784,-0.612519696640176
1.17884829573793,2.60062300153205,3.38153137750186,6.40934823687668,11.442278435407,-0.620972037293607,-52.6788774554991,-17.8665397933942,-4.41430610383048,-0.81719190815839,-0.63090025527346
1.08992547878125,2.52213237450848,3.31993157042981,6.26925862478868,11.3091420425925,0.465480602987136,-52.9704836645508,-18.1959021303744,-4.5052151772389,-0.875314372351824,-0.59960362841983
1.11526102997385,2.54846150887849,3.29211230271329,6.19225901525574,11.1695475409826,1.56584301174591,-53.3063027406506,-18.5868646639313,-4.56433091351939,-0.866869227988327,-0.634874430117728
1.0303124171598,2.49828712076779,3.22902217771425,6.06856286839235,11.030946594521,2.62845031705278,-53.564625107244,-18.9519948582089,-4.66418186307948,-0.940888434527229,-0.624442221162858
0.932944416685155,2.43271267298735,3.17735782343535,5.92549262627397,10.8774423204058,3.68608984120765,-53.7936378213578,-19.3131508473532,-4.82563240327776,-1.02832051726709,-0.567313457794597
0.906615314444028,2.41880294161375,3.12022897001733,5.83110600796422,10.735860708178,4.76459401994765,-54.0479859982819,-19.7359070332205,-4.92299949847073,-1.07601074432351,-0.542971636908441
0.91207984509204,2.39744156844921,3.07750652314051,5.75261608328959,10.6022275372873,5.83713686269359,-54.2725277486139,-20.1864826637015,-5.0044699250728,-1.08693975468684,-0.571784404495556
0.908105640980902,2.37359631467889,3.04670661955817,5.67462293025469,10.4636265904042,6.9365056916686,-54.4727275837167,-20.6668648420138,-5.09686931141387,-1.12966224974123,-0.585197244575501
0.922512130876682,2.35322849375456,3.02087444235398,5.61749418754795,10.354335521129,7.98967419868529,-54.6202693978583,-21.1512212280999,-5.18827515604291,-1.17536538400726,-0.594635909821276
0.883763640799817,2.29709279215557,2.99504226514141,5.52807528590573,10.2226894603654,9.0537718085568,-54.7131660956641,-21.6658809378792,-5.31197110880305,-1.2270297966435,-0.587184331996168
0.887241069395215,2.28566694139098,2.94437145596978,5.46399173973117,10.1079338374491,10.126811409922,-54.7727789499373,-22.2341924341551,-5.41828008031832,-1.27074583809682,-0.594139137967913
0.888731395938922,2.30255732950661,2.93294568527842,5.40239205183943,9.95492634017416,11.159612021586,-54.8234498760211,-22.8492008555336,-5.51664071758258,-1.2791909824818,-0.61152615288331
0.857434538579729,2.26380879212173,2.89916514584661,5.3353278755559,9.81880928076008,12.178999633964,-54.7767531402053,-23.4711641403375,-5.64530437949821,-1.35966824068856,-0.585694016425199
0.866873273350705,2.24989906074551,2.87879746764686,5.24590897373802,9.68517610928029,13.2043485733044,-54.7161467384733,-24.1487663155066,-5.77893575057895,-1.38798431306598,-0.594139137959867
0.852963558967094,2.23847320997733,2.82117184153349,5.16344487539082,9.55353004804982,14.1944263001077,-54.5795339477013,-24.8631299017361,-5.89766399481141,-1.41977779779974,-0.606558434336725
0.863892620278005,2.23847320997733,2.80428157179019,5.11674833774844,9.4313227609285,15.185497577165,-54.3783405652617,-25.6207129847149,-6.0342759914109,-1.42921648858571,-0.641829236034147
0.827628007774024,2.21363440394785,2.75659139840436,5.05614219317108,9.30067025472679,16.140800864926,-54.1180311027507,-26.417044582882,-6.18231371864055,-1.47839703529955,-0.636364745627961
0.815208619922756,2.18680849342757,2.71188186084591,4.9781490398355,9.19038562966319,17.0762330457031,-53.7692959075848,-27.26603441916,-6.33035144602719,-1.5166485716518,-0.64282277974227
0.763047190951459,2.16793100084793,2.6835658204035,4.90214297320163,9.04930079392858,17.9853360117772,-53.353993026479,-28.1478114616878,-6.46547313015144,-1.55688720082611,-0.633880886351476
0.758079435809176,2.16991810533158,2.65972073371058,4.84749808867013,8.92212573066106,18.8790388694628,-52.8810643881851,-29.114040394957,-6.60903991964855,-1.60706129400338,-0.63884860490138
0.749634252076678,2.15600837395856,2.65823041579146,4.77745328215408,8.79693777766404,19.7225671887053,-52.2988455200521,-30.0708305926435,-6.76055504357209,-1.67263535637454,-0.62245513368437
0.815705395427554,2.1927698068745,2.63935305550181,4.73771154793081,8.70006614731182,20.5432437369976,-51.6590008954534,-31.1150533379735,-6.92051527287597,-1.68505468635937,-0.651267901276542
0.758079435745885,2.15104061269685,2.58669515566415,4.65276359098576,8.58382019075393,21.3202038566401,-50.905395080234,-32.1771600172282,-7.11823009085796,-1.73721587241872,-0.660706566518749
0.759569762288354,2.14458252312655,2.55937266047947,4.59166067451613,8.46856778938029,22.0743122053242,-50.0732990118656,-33.2889442842227,-7.29259667676148,-1.77000290364602,-0.656235619823684
0.741685843784083,2.13067279174916,2.55291461616137,4.54098996331672,8.34983794476065,22.794142900049,-49.1393643250073,-34.4568642253394,-7.48087284792106,-1.81719635764716,-0.660706566520379
0.704427680205079,2.09788556776481,2.52310825774951,4.46697098321583,8.2415404295547,23.4409472901955,-48.1184942345163,-35.6501197399645,-7.68504568820323,-1.89369943050886,-0.648784041999159
0.716350292540798,2.10980819466221,2.50969539646041,4.41729381539401,8.11883636404452,24.0867581234516,-47.0042306815386,-36.8995109305474,-7.87729602686781,-1.93095742052951,-0.673622634761091
0.741685843751021,2.12421470216762,2.5047276700577,4.37705530941533,7.98420963625653,24.6684846496453,-45.7925994798744,-38.1921216268989,-8.08941720190008,-1.96622831775468,-0.712370839470753
0.780931109367854,2.15253094103144,2.4967793078197,4.35519735555923,7.86349268097414,25.2258690739983,-44.4935361047669,-39.5498099655615,-8.3010416060646,-1.99206052418373,-0.759067393868862
0.79682792581978,2.1654471201711,2.47641162957609,4.30353310095726,7.73284017375709,25.7117175284405,-43.0951179886111,-40.904020883377,-8.53750455570433,-2.02137014303262,-0.792351108170526
0.771492374605641,2.1664406724123,2.44312786268137,4.26081073658011,7.60914255279046,26.1558366668732,-41.5988354560679,-42.317844909824,-8.78539323632137,-2.05018298869253,-0.823647735045701
0.74218261930553,2.12222759768213,2.4143150495669,4.20616585189554,7.46408349521042,26.5661749304406,-39.9997207691539,-43.7281915170425,-9.04818504436726,-2.12966670079034,-0.846499240393468
0.802292456556781,2.16495034410121,2.41481182220765,4.17238537768953,7.34137942924671,26.9273322153007,-38.3509287245576,-45.1951705796504,-9.29259632958404,-2.14606021643899,-0.885247445097374
0.803286007585045,2.15799547840814,2.39444414395023,4.13065655657973,7.21172047693441,27.2114889781959,-36.5978142100388,-46.6715883947744,-9.56283970217695,-2.17984079412714,-0.908098950433415
0.8191828240339,2.15948580677039,2.36910873929379,4.10234057085414,7.09497774202096,27.4623616444854,-34.7756481642367,-48.1385674799901,-9.8435152640387,-2.24491808352373,-0.934427858769419
0.852963559014483,2.18035040385659,2.35718619591427,4.07303104174599,6.9782350071047,27.6705114406648,-32.8879080050823,-49.6338627995769,-10.1440616628743,-2.27571802203678,-0.952311645552698
0.837563518079803,2.14756317987431,2.33483142707536,4.01689584196041,6.85652449606214,27.8165640420755,-30.9072711794188,-51.1053128895848,-10.4863368181744,-2.34924045589495,-0.963240626373262
0.796827925925676,2.12769213503697,2.31496052144987,3.96324450053088,6.73729787293561,27.9372809880956,-28.8983182736531,-52.5603693879049,-10.8345732251319,-2.4396531786628,-0.967214801217586
0.789376293218226,2.09391135884466,2.27770257340921,3.89916095386198,6.62999391209339,28.0058362907289,-26.8327331858418,-54.0064839328284,-11.1942353631439,-2.51864011777264,-0.974666379052556
0.785402089106166,2.0775177468585,2.25733489514097,3.85445150265751,6.50480595763613,28.0416042747152,-24.7179675250351,-55.4322306768985,-11.5817166731932,-2.59166577849396,-1.0014920592579
0.79682792593132,2.05963380651052,2.23150271780419,3.81172913819005,6.38110833592992,28.0316687236099,-22.5763761101254,-56.844067707228,-11.971681838272,-2.6651882124477,-1.02682742389064
0.761060088909646,2.0487047318454,2.19325122445536,3.75161976486636,6.23952672053012,27.9591392005371,-20.3642428567131,-58.2241110918402,-12.4187756594864,-2.76007189420618,-1.03179514244638
0.790369844212588,2.07205320950701,2.18281899899659,3.72280700741073,6.12526787302685,27.8756805712323,-18.1719805750345,-59.5902447626178,-12.8420244775107,-2.83409110140454,-1.07998201245562
0.799808578979188,2.08546616477038,2.16741904712706,3.70094905346168,6.01548002388173,27.7713572845472,-15.9419635215303,-60.9007395434587,-13.294086009653,-2.92052963870758,-1.10680769265083
0.762550415411703,2.05764670199286,2.14258041507394,3.66319440576584,5.88532429311622,27.6208336850889,-13.6925723220044,-62.1680148303453,-13.8057600528861,-2.98063919629009,-1.12022053275377
0.726285802857267,2.03926598551313,2.12718046319623,3.61898172618326,5.75367822954777,27.4246065503147,-11.4178456936226,-63.3826318813755,-14.3214082650181,-3.0914196207156,-1.14207849438959
0.687537312722746,2.04324019448309,2.1038321490439,3.57228518818971,5.63643871619263,27.1906243210945,-9.14460941500539,-64.5326680729238,-14.877294923015,-3.19325812755016,-1.13164628542443
0.711382537406166,2.04125308999844,2.08743865188521,3.52956282361615,5.51919920278114,26.9382613221366,-6.8619344638931,-65.6663106681162,-15.4252332474962,-3.27820634549365,-1.15598810635529
0.660711434938229,2.02883368697446,2.06756774622981,3.48187274224226,5.3850692509452,26.6605626675035,-4.5718079355822,-66.7020884174828,-16.0591129429122,-3.40190287344855,-1.16095582491278
0.670150169703369,2.03280789594184,2.07104515471638,3.45405352810955,5.26782973735333,26.385347900455,-2.30403624901179,-67.6941498927652,-16.7034248301936,-3.49529623587464,-1.18132347100769
0.653756577735261,2.03032401533689,2.05763229339126,3.41282147859598,5.15903544295172,26.0857910326958,-0.0382516857014197,-68.6107014357149,-17.3835042254269,-3.60856052658475,-1.19871048596182
0.699459925031902,2.05565959750741,2.05514843018379,3.41232470691488,5.05471214677334,25.7782857235286,2.16146195721499,-69.4572075801107,-18.0640803946722,-3.69450229110579,-1.24391672484991
0.682072782059611,2.03827243329351,2.04322588679442,3.38599580782466,4.93200807940334,25.4419673155834,4.39545295567559,-70.1979004598841,-18.8315914783684,-3.81273431394935,-1.27173594880152
0.677601802433759,2.03181434372321,2.02832270755243,3.35618950694693,4.78943290792352,25.0827971393754,6.58076011188012,-70.8367542798957,-19.6477861166822,-3.93792116178575,-1.29359391045653
0.655246904267346,2.02287237353778,2.02832270755243,3.29707367686039,4.68560638928231,24.7216398523254,8.77451239142805,-71.3737690396506,-20.5156449364708,-4.11526919643972,-1.29607776973539
0.697969598504192,2.04373697062179,2.02981302547669,3.27869312464589,4.55147643685938,24.3654503402812,10.8828195866627,-71.8238480163051,-21.4187744961541,-4.23648185889451,-1.35817425172619
0.689027639234083,2.03231111983135,2.03428397925305,3.25683517065437,4.42777881399646,24.009757605278,12.9777138691259,-72.1715911553103,-22.3775424055707,-4.38501704790583,-1.40338049059656
0.707408333245791,2.06062735872188,2.03478075189446,3.25385454056447,4.29315208379222,23.6600262007455,14.9876598460928,-72.3767596079081,-23.4252323172115,-4.51864904065622,-1.45305767621975
0.792853721663349,2.09440813493189,2.02782593490953,3.2727318644551,4.15306079983369,23.2839655845902,16.9682961583287,-72.4815793258382,-24.4823608822882,-4.62247464105708,-1.53204440137397
0.767021394929466,2.10931141855364,1.99652925850458,3.23597076000667,4.03482773036792,22.8885306429963,18.9062099218591,-72.4423340286048,-25.6433145822021,-4.80280331557177,-1.55489590676218
0.753608456038692,2.10831786631159,2.00149698492254,3.21311926264965,3.90318166559969,22.4891214801443,20.7850076081212,-72.2629979236562,-26.8842484107115,-4.98809972246717,-1.5976182863987
0.69796959844942,2.07205320947091,2.00000666699788,3.1579776059709,3.80034870170805,22.0926929820351,22.642444012635,-71.9162483363268,-28.2116203931769,-5.21313798635061,-1.59662474268628
0.634879108136934,2.02287237348253,1.99752280379069,3.11873264311235,3.68608985289418,21.6808643785612,24.4124482504906,-71.4542467377991,-29.596121044315,-5.45059558070721,-1.59116025226555
0.611530658967075,2.01591750778946,1.98808412359728,3.07899090854026,3.56636645029875,21.2779777706064,26.0994912872961,-70.8605995248509,-31.0283117171059,-5.69302090747279,-1.64431484088991
0.612524209997106,2.00747231372235,1.96721967264433,3.06061035629321,3.45558504466566,20.8750911619635,27.693140876712,-70.1238808528836,-32.4684507353166,-5.9046462955648,-1.69697265764124
0.59314996494501,1.99405935845617,1.95778099245509,3.03527500051068,3.34231975082985,20.4895917677658,29.2366163255086,-69.2301809972042,-33.999995621662,-6.16247159249979,-1.74814015888051
0.551917597159252,1.96524634339492,1.9448649037646,2.97963657206185,3.21464790637469,20.0663372773074,30.7006079909586,-68.1879451516683,-35.6303979451217,-6.45308392224252,-1.76900457683943
0.484852902728706,1.94090431347352,1.93443267829197,2.93790775075706,3.10585361084487,19.6336440126174,32.093064257098,-66.9807797128059,-37.2985548747383,-6.76307040724786,-1.78589481996661
0.349729962775008,1.86688467142109,1.92151658959805,2.85792750994156,3.00252386887601,19.220325072303,33.4050431969708,-65.6265686161778,-39.0541435094068,-7.13068258555613,-1.76602394569799
0.310484697110392,1.80578120851235,1.92002627167255,2.83905018600961,2.88826501958902,18.8030319107472,34.6072351755581,-64.12928607275,-40.7853903815762,-7.460540000194,-1.79483671338164
0.249878084257392,1.76156813369877,1.91356822732893,2.76999892209972,2.76903839416854,18.3897129690103,35.7378917554996,-62.474028809698,-42.59661739858,-7.82566831407102,-1.79682380080781
0.230503839175714,1.7476584022931,1.91555531789511,2.73125073082997,2.65378598958431,17.995768352203,36.7388904357623,-60.6965646950292,-44.4157927681706,-8.17639020535682,-1.85693319545778
0.214607022694599,1.739709984346,1.91257468204601,2.69647671304346,2.53455936406045,17.6122560636778,37.642521498298,-58.7531774523618,-46.2747098341995,-8.55791203692773,-1.89121045356489
0.197219879681991,1.72480670071112,1.90810372826833,2.68256710592475,2.43619739792271,17.2416599916517,38.4701462062678,-56.6771510727451,-48.156975153717,-8.94986610674421,-1.93691346440619
0.238949022908621,1.76802622325815,1.93989717732917,2.67561230236745,2.29262866955803,16.8874575791639,39.160661415935,-54.5117050585709,-50.0933885290487,-9.34827822887027,-2.0159001896747
0.180329512149238,1.74418096943285,1.92549077071434,2.64232859962443,2.20271192269291,16.4999710683977,39.7945444403623,-52.2036843969908,-52.0327825493927,-9.78543866342029,-2.04322264182195
0.23596836986864,1.7968392383114,1.94486490374636,2.66468332535891,2.13912438897297,16.1616655371622,40.2972792509572,-49.8027666786245,-53.9150479231895,-10.1957733452691,-2.1604608000972
0.242923227076976,1.80280055176385,1.95231649337032,2.6547478917022,2.06212385982651,15.8283277813884,40.7493431607518,-47.2975260619874,-55.8067519628279,-10.6592627627568,-2.25633776858401
0.258820043578991,1.8092586413481,1.96274871885465,2.64828985982128,1.98114910974868,15.4855512509219,41.128878134007,-44.6929303092407,-57.6994495637324,-11.1525585755887,-2.34973087774
0.272729757998623,1.83807165639787,1.98460671508204,2.62593513408956,1.90017435965328,15.1487360508988,41.4304196635273,-42.0242505079762,-59.5648247726473,-11.679634968636,-2.44610461808752
0.237458696354424,1.8201877160004,1.97765189809382,2.62643190577321,1.84304493472835,14.7970175227054,41.65595484303,-39.2929769910068,-61.3904583183095,-12.2474467689372,-2.53453000866061
0.242923227019965,1.83409744740607,1.9771551254523,2.61202552694882,1.76803151588132,14.4636797649243,41.8039933529514,-36.5269292038671,-63.1485310172366,-12.8455617375994,-2.63239406462356
0.236961920837012,1.84900073105469,1.96423903676676,2.59910946318429,1.68655998804347,14.1407743358497,41.9207351307771,-33.7121974270408,-64.8469912067371,-13.4819282475181,-2.73522583913687
0.214110247145409,1.83956198474776,1.97318094432093,2.55986450019055,1.60012068408045,13.8099204650563,41.9634576537175,-30.8865366240029,-66.502232329662,-14.1754236815342,-2.82961249214142
0.157974613979565,1.79534890995735,1.9617551735716,2.4947874096454,1.53255892920992,13.4711181525183,41.9614705596258,-28.0032498684042,-68.047687062909,-14.9290286790395,-2.92300560148324
0.165426246710633,1.79187147710582,1.98560026037567,2.45504567495499,1.42823563125057,13.1561611634694,41.8824835695161,-25.1234405874083,-69.522600319231,-15.7218787661372,-3.02385028867555
0.163439144651301,1.76305846207357,1.97467126225778,2.41927811376795,1.32639622136856,12.8377267309871,41.7602772828155,-22.248599106119,-70.8921981209194,-16.5569545813032,-3.13164978199648
0.170890777372431,1.75063905904594,1.98112930659588,2.39841370307294,1.22654392185347,12.5297246276028,41.5908775113117,-19.3817060805946,-72.1609514064372,-17.4476690034717,-3.25435243115089
0.22603285953757,1.79286502936112,2.00199375754513,2.40536850663691,1.1500401699539,12.2406000719697,41.3211294879225,-16.525742165764,-73.2637831647336,-18.3761381973617,-3.41381619786575
0.228019961596903,1.77200043225962,1.98609703301894,2.35668488162438,1.07005897476207,11.9584304021939,41.0469105024645,-13.6623266572143,-74.2846477027685,-19.4163813771147,-3.56036389630219
0.268755553914039,1.80081344733778,1.99950989435078,2.36115582677667,0.972690563220668,11.7145126062748,40.723510938054,-10.8307048406496,-75.1395907095718,-20.4918954647859,-3.73969853738865
0.24093612505918,1.7844198353231,1.99056798680084,2.34525913288954,0.877806039652138,11.4229041615731,40.401601693499,-8.01597343923006,-75.8797796021537,-21.6930931928183,-3.89667844496103
0.18976824693194,1.75361971577228,1.98510348773859,2.28713684584687,0.815708838339878,11.1382506027582,40.0369699254352,-5.24098413836438,-76.4898144771094,-22.9881810757455,-4.04223259971675
0.163439144609895,1.7248067007068,1.9806325339621,2.26329180500327,0.745663195207277,10.8839004767276,39.6484930271803,-2.51219501880196,-76.8852442501894,-24.3523204510159,-4.18977384200543
0.160458491518016,1.72182604397639,1.95629067451376,2.27024660858299,0.69747576696572,10.6290535727569,39.228719395541,0.144561582482382,-77.1212105093392,-25.8073693434078,-4.3785471488487
0.151516532240474,1.730768014165,1.94287781319063,2.25037574120844,0.64432056256422,10.3910971066466,38.7940425571733,2.71736305264835,-77.1629392794329,-27.346372930589,-4.58371392709663
0.104322858286159,1.72629702907065,1.94238104054874,2.19920825773344,0.566326477582454,10.1501599747019,38.3340302675128,5.24197724503936,-77.018875668578,-29.0065892085692,-4.79583551165465
0.0725292253276159,1.69350980504643,1.92996172451173,2.15499557785607,0.498267944799756,9.9330681671695,37.8551405825364,7.68362986229394,-76.6626908106007,-30.7537408244394,-4.99504102795921
0.025335551409795,1.65774192431374,1.93244558771825,2.09935714927717,0.432693300088266,9.70753114022246,37.381715404951,10.0457983359312,-76.1217071158662,-32.5922987405328,-5.20567229720806
-0.00596130604254308,1.64631607351227,1.93443267828485,2.09836360590834,0.360660546388818,9.47553600427969,36.8715289846456,12.2639018304752,-75.3611506106112,-34.4855017370274,-5.46697429655428
0.0317936331205423,1.65376771533713,1.92996172450876,2.07352502171644,0.310982785220981,9.25745064083176,36.3394845277239,14.3910953470616,-74.3770471296144,-36.4527239727943,-5.7600696952359
0.0591162864604003,1.67960007365816,1.93343913300097,2.07799596687346,0.270247021041734,9.08606237097544,35.7855820336817,16.4075078629871,-73.1544935444953,-38.4795590274523,-6.08346817783338
0.115748695255402,1.70692276035847,1.93393590564306,2.0924023457287,0.196227156832898,8.90424177140715,35.2247247088866,18.3051909700238,-71.7123671570874,-40.5824004227591,-6.44412455013363
0.123697103506409,1.70940664096894,1.92747786129715,2.08197014035077,0.126678291075425,8.68864029524876,34.6678415707428,20.0876221021935,-70.1058095616812,-42.7756545845119,-6.82415502543756
0.100845429790507,1.6840710587453,1.93393590564402,2.05911864286552,0.0496777611770285,8.4968841434733,34.1283455047805,21.7736787373221,-68.2950790785895,-45.0285215689646,-7.18183076739425
0.0884260418998689,1.66767744673027,1.93194881507672,2.06458313139548,-0.017387216534671,8.30512799158907,33.5823913813681,23.3544189175185,-66.2911046738995,-47.3300723665352,-7.60607393963026
0.0601098374856676,1.64134831226864,1.92598754337288,2.06905407655866,-0.0581229807827242,8.12529450181681,33.0438888593279,24.8288490914968,-64.1172345937455,-49.686268259887,-8.01988490321772
0.0774969805147447,1.64929673021807,1.91356822732672,2.05166706759158,-0.121710515264751,7.92360279783926,32.507870203493,26.1612014165703,-61.7779397831617,-52.0315351655871,-8.50324392859845
0.0735227763913928,1.62644502861058,1.87730382447511,2.02583493998495,-0.183807716888621,7.75171774942691,31.969864451859,27.3718436955935,-59.2990523397231,-54.3897182072033,-9.00150611046201
0.0571291843773349,1.6279353569763,1.86339419050402,1.98162226002267,-0.228517702070216,7.60765224630428,31.4507360935151,28.5010147607099,-56.677591642438,-56.7647915718049,-9.51069727426667
0.062593715041081,1.63339989431304,1.87332964333817,1.95628690411543,-0.285647127561418,7.43129619922072,30.9037884145968,29.4965531685979,-53.9279640591461,-59.0966456808499,-10.0904300443689
0.0447097964946402,1.59763201355335,1.86488450842727,1.90660973564846,-0.353705660577318,7.24053360174584,30.3806858646624,30.3962138709544,-51.1023305497498,-61.4121062998121,-10.6776143933889
0.0357678372195185,1.57776096868353,1.85643937350964,1.87183571770446,-0.399409201027089,7.08951321197031,29.8411897859934,31.1925452345006,-48.1644268317078,-63.6778896132673,-11.3353403487728
0.0496775516528646,1.57527708807305,1.85792969143584,1.84997776356177,-0.442628853437629,6.95935748117167,29.3180872333053,31.8900182415413,-45.1236915605999,-65.8552472933874,-12.0362854580874
0.0794840825826155,1.5901803717373,1.83805878574526,1.82563595099468,-0.480383952073694,6.82423397432299,28.78653952863,32.4881361169121,-42.0307953825699,-67.9640502722333,-12.7869077557836
0.0978647766586276,1.60061267029363,1.82911687818951,1.80129413844077,-0.523106826878055,6.68960724499799,28.2674111615864,33.0047827851888,-38.8628868339735,-69.9730018247504,-13.5986329961106
0.161948818182998,1.6274385808769,1.83706524046082,1.80477154023367,-0.577255586796017,6.56789673318774,27.7318892652692,33.3868032533567,-35.6443076963213,-71.8314310622058,-14.4699708628524
0.0874324908326803,1.58173517763125,1.82216206119332,1.75559114335993,-0.613023575028498,6.41836667567929,27.2554834218846,33.7573978808329,-32.4426188195646,-73.689860319668,-15.3393216441565
0.0770002050059561,1.56881899845205,1.83011042346885,1.73075255909159,-0.666675557382402,6.2916883877542,26.7567227664994,34.0206889696821,-29.1967173783758,-75.4007478949152,-16.3278976783319
0.112271266599002,1.56534156559855,1.82166528855222,1.74366862291081,-0.717843651653865,6.15457777017326,26.2455427706896,34.20598628294,-25.9458482786078,-76.9496873562623,-17.4108603725216
0.0914066949675379,1.53007046094832,1.80278792816232,1.71137846337508,-0.78689574006797,6.03982214446246,25.7860272241184,34.337135051434,-22.6964695464993,-78.3699625158542,-18.5355519085125
0.079980858111907,1.52808335646009,1.78490411304291,1.68554633572391,-0.830115392537987,5.93947306913073,25.3170729787291,34.3858190639574,-19.4535488868464,-79.6138831271534,-19.7496623863936
0.10134220526398,1.52659302809418,1.78291702247344,1.69498499774321,-0.887244818242956,5.82620777616536,24.8510993732369,34.3858190639574,-16.2265249477138,-80.6615782495292,-21.0521982640073
0.106309960416921,1.53404466992482,1.76354288942254,1.66964964177545,-0.924999916974732,5.72238125757116,24.4005257476,34.3237221092168,-13.0620941941679,-81.5517962051723,-22.4486240327879
0.0998518787184098,1.52808335646024,1.75609129978252,1.67113995683143,-0.982129342674183,5.60613529885464,23.95790049773,34.2094637125191,-9.92846328661799,-82.245788665482,-23.9528493066418
0.102335756295241,1.48983159506457,1.72976234972968,1.64630137256247,-1.04223943411891,5.50727655616778,23.512294605474,34.0370825660714,-6.85643201940519,-82.7564717373615,-25.5072485482716
0.0760066539828687,1.46896699794688,1.71287207989866,1.60655963775073,-1.09340752848428,5.39947581661187,23.0984822204018,33.8651981951061,-3.8728260165581,-83.0808647784709,-27.1773956474811
0.15549073648219,1.50473487875532,1.69945921854663,1.63189499373096,-1.13016907201024,5.31502362424504,22.6493989115158,33.5934619206899,-0.912568286126195,-83.1116647303843,-28.9811743932059
0.201194083882185,1.53354789383772,1.68604635720449,1.61997247327129,-1.1480530661593,5.22013910225586,22.2201865438921,33.3266934023415,1.92051605833093,-82.9576649709039,-30.8336367943618
0.212619920725888,1.53851565505684,1.68107863078097,1.60208869259632,-1.18481460969503,5.14611923953512,21.8207805897819,33.0172021784057,4.67163317008742,-82.586575228718,-32.7531634121999
0.232490941327666,1.5559028193276,1.68654312984338,1.59016617213929,-1.22256970849428,5.07110582156112,21.414916578581,32.6590269411488,7.29060919414492,-82.0416147919858,-34.7298188084537
0.255342615033848,1.55739314769379,1.68455603927338,1.6035790076546,-1.26131836251011,4.97671807704779,21.022465453035,32.2958839468407,9.8107277834582,-81.2805579219677,-36.7859577199804
0.255342615033848,1.562857685035,1.69647858268668,1.55688246920021,-1.29162179707889,4.90468532465984,20.6558465525838,31.9113795994597,12.182311857752,-80.3068820356925,-38.899722184865
0.257329717094756,1.54348341627046,1.71535594309552,1.55141798065397,-1.32341556448571,4.81576213373035,20.292208293207,31.5378043155577,14.4560320476275,-79.1409548450633,-41.0343510815595
0.295581431746894,1.55739314768547,1.72181398745039,1.51714073433875,-1.36365455137795,4.75664559894971,19.9305571271672,31.1190224471406,16.5956240832317,-77.7484989912018,-43.2400183760665
0.279187839735372,1.55739314768547,1.74069134786982,1.49379246509803,-1.39594509644146,4.69007740012319,19.5872865829701,30.7076922125572,18.5827074492989,-76.1732305357393,-45.4725113669347
0.280678166282076,1.54199308789633,1.72777525916408,1.45206364346143,-1.42525497579547,4.62152209084063,19.2817708305194,30.2819554837117,20.4555335042304,-74.4275688195031,-47.7119591787132
0.219574777882581,1.52559947586584,1.72429785066366,1.4078509633968,-1.47393918218773,4.54054734140498,18.9827131342327,29.8765865554043,22.1793282922726,-72.5259202759938,-49.9628327592031
0.195729553162291,1.50473487874071,1.71933012423793,1.40089615979207,-1.51417816907997,4.46056614718049,18.6727264180559,29.4294884717517,23.8107236925608,-70.4061882387063,-52.2762996182962
0.131148736152822,1.45406371425676,1.69399471945514,1.34227710080182,-1.56037848740049,4.36866229045904,18.3960235318281,28.9853710406723,25.2911007497927,-68.1558048278467,-54.5515150530435
0.126180981003818,1.44313463957377,1.67163995055224,1.33979324237238,-1.59266903248116,4.30259086913203,18.0845464939027,28.533801973474,26.6800719647403,-65.6947895360438,-56.9096914170513
0.12916163409443,1.43916043059706,1.67064640526716,1.32339977674134,-1.62048857899909,4.22757745085468,17.8043661915539,28.0777619244961,27.9378956744114,-63.1051099736817,-59.24203565524
0.153503634315845,1.45008950527569,1.66468513356157,1.32538686348629,-1.66470178689266,4.16647380555313,17.5018310771397,27.6132766885044,29.1341197954337,-60.3738500422195,-61.578354085195
0.14356812400977,1.45952825159886,1.64928518165068,1.34128355743487,-1.70394721860324,4.13169937325488,17.2052572455196,27.1060687450024,30.2011834987828,-57.530319369667,-63.9022532300695
0.11276804208654,1.46151535608605,1.65027872693582,1.33532229720018,-1.72133443518598,4.07506672635126,16.9414704701977,26.6405899553911,31.160944701698,-54.6197243413397,-66.1729977932961
0.134626164766244,1.48685093831606,1.64829163636636,1.3243933200995,-1.73524420845973,4.00452430649421,16.6826514304636,26.1562336897248,32.0342677803482,-51.6127553287927,-68.3871103670516
0.155490736411019,1.51417362503184,1.65325936279281,1.33730938394863,-1.77101219688054,3.97620798303674,16.3945227487013,25.6589612559928,32.8042625280414,-48.5357413236372,-70.558997338103
0.195729553178243,1.53404466991583,1.65822708922177,1.35469639297437,-1.7933671896503,3.93348510898929,16.1093747081736,25.1601984943469,33.4868256117505,-45.4020952085583,-72.6533878966198
0.234974818851963,1.56534156559664,1.66766576942939,1.34625127430826,-1.83062551091703,3.91311722718693,15.86545887494,24.6629260580908,34.093382760251,-42.2783846143199,-74.6186177593898
0.288129799017729,1.61601273008058,1.67362704114642,1.37009631527401,-1.84950306036819,3.88182023805948,15.5822979278058,24.1880085254593,34.620456579492,-39.1333128176403,-76.5152931009775
0.284652370412854,1.6428386406571,1.66418836093406,1.35121899120031,-1.86490316650144,3.82965858951263,15.3542788488457,23.7245168316866,35.0367505091273,-36.0413958176229,-78.2251821958242
0.270742655987038,1.65078705860986,1.67064640528607,1.32041914664535,-1.90812281920218,3.81227137332156,15.1352016945626,23.2684767719785,35.3780320474829,-32.9678594774379,-79.8163427984468
0.261800696724708,1.66469679001174,1.66120772508123,1.32985780868115,-1.92501325819786,3.75911616955645,14.914634218842,22.8069721788807,35.6527462980654,-29.9072392979956,-81.284303961687
0.284155594907975,1.68705171549897,1.65872386186848,1.29011607378621,-1.95680702571452,3.69354152565448,14.7119505924658,22.3852096378839,35.8564223245739,-26.8878513463744,-82.6017432233829
0.310484697199478,1.70990341708969,1.64928518165723,1.3015418225678,-1.99307179177726,3.66472842454604,14.4844282860353,21.9271824721913,36.0153889791473,-23.8928053357938,-83.7582283718053
0.281671717299604,1.69500013342826,1.62991104859262,1.29110961714799,-2.01691711741131,3.60859255507234,14.2926736784272,21.5088973591691,36.0913949108715,-20.9643269876168,-84.7641916155913
0.288129798995744,1.7113937454426,1.63487877501761,1.28266449847834,-2.0472205520943,3.54997279763123,14.104396485659,21.0916057965302,36.1202076170039,-18.0760873196291,-85.6206264984371
0.289123350026236,1.71437440217376,1.62742718537363,1.27322583643765,-2.07056910012423,3.51321125478424,13.9096612359226,20.6713335790299,36.120704387799,-15.2529249903556,-86.3444232661513
0.238452247499537,1.69798079015564,1.60109823530757,1.23894859005066,-2.12670497096028,3.45012049884569,13.7367840242533,20.2689452845927,36.0392339774023,-12.5211689765026,-86.8754725083256
0.218581226889692,1.68307750649514,1.60507241645108,1.23149701475189,-2.1460792980466,3.40392018148636,13.5912293602535,19.8695376435208,35.943357213919,-9.84803224317823,-87.2401031390342
0.190761798033757,1.65625159591863,1.58967246451429,1.20417457198234,-2.18035695367495,3.36318441777903,13.4317650353745,19.5014268691697,35.7898550379736,-7.25239216762041,-87.4398054736901
0.172877879475215,1.65277416306462,1.57924023902134,1.20020039848795,-2.20469905696019,3.3140034347691,13.2663394273448,19.1149353940247,35.604559530946,-4.73325519994212,-87.4780569159035
0.152510083366069,1.64283864063554,1.55787901538032,1.15747803344853,-2.22457016167876,3.28717744403839,13.1217783100615,18.7527859262791,35.3755481939134,-2.32887287893801,-87.3166060233642
0.0809744091111477,1.60309655086588,1.52956297472902,1.14058779609446,-2.24195737831023,3.24495134748979,12.975726872019,18.3956042147504,35.1107693590624,-0.00397429788367237,-86.9783043075013
0.0874324908011708,1.59663846128813,1.53999520022536,1.11823307021138,-2.27722858919975,3.19577036448194,12.8048367535415,18.0473644643711,34.8261196923548,2.23200184986085,-86.5168031416256
0.111774491063527,1.59961911802117,1.54049197286832,1.0998525177919,-2.31100946722866,3.17589926021141,12.6220240687726,17.6971376109908,34.5037154441065,4.34279113162032,-85.8665286264712
0.124690654450938,1.59961911802117,1.52658233887464,1.09091062743195,-2.33783545862466,3.13566027408693,12.4804435927257,17.3419429999744,34.171872550364,6.33783223708066,-85.0379129738105
0.128168083057359,1.6135288494283,1.52360170301613,1.08097519370014,-2.3582033409703,3.12969894280904,12.3249534556086,17.0081097426755,33.807739554367,8.20967357428276,-84.0125756218827
0.136116491303448,1.61849661064711,1.52757588416082,1.09091062744149,-2.36019045144518,3.09343417750807,12.1957923193889,16.6931539606842,33.4277098918858,9.97172802365712,-82.8426776300593
0.115748695162408,1.61154174493567,1.52260815773128,1.0695494449031,-2.38850677568112,3.07753729409467,12.0527215222486,16.3841594864236,33.0084353354864,11.6190278537467,-81.4919546462083
0.137110042322328,1.62048371513121,1.53005974737987,1.07898810695495,-2.38602288759018,3.04673708246432,11.9151152345551,16.0518165545609,32.6135025474902,13.1590246666797,-80.0066064645016
0.148039103665139,1.63538699878765,1.52310493038099,1.05514306597216,-2.39595843995979,2.99954320978252,11.7750250788395,15.7537511442771,32.1986989265577,14.5937055575039,-78.358813857418
0.152510083300236,1.6388644316383,1.54347260873698,1.06607204308389,-2.42526831945475,2.96625911012974,11.632947828439,15.443266341414,31.7645212437621,15.9265479391014,-76.584344407126
0.205168287979454,1.68506461098923,1.56682092296167,1.07650424851013,-2.46053953038093,2.96129133406023,11.4923608988832,15.1437106032796,31.3442531424731,17.1545711764431,-74.6881658372585
0.180329512239715,1.67165165570673,1.55142097103624,1.05365275091514,-2.45457819895873,2.93247823285642,11.399464234972,14.8709807515869,30.883249834518,18.2285947284618,-72.5808591955477
0.157477838524696,1.67910329753769,1.55340806160794,1.07352361839492,-2.44762331230118,2.89869735555807,11.3140191751608,14.5758959935877,30.4490721486683,19.2395280854042,-70.3811529845984
0.126180981074778,1.67264520795763,1.54098874553244,1.05663338103752,-2.43818453754675,2.87783269605906,11.1918128686402,14.2996887111267,29.9985010254477,20.1555777655671,-68.0741440454957
0.141084246525535,1.68754849159907,1.5544016068916,1.05017534910922,-2.45507497658039,2.83411626664179,11.0934516949577,14.0344104936143,29.5325300062203,21.0080404788697,-65.6772193990914
0.128168083124391,1.67314198406164,1.55638869746359,1.02831739487176,-2.44563620182641,2.81225805191287,10.9727357091287,13.7606870889959,29.0645719024391,21.7576711493042,-63.1556050127525
0.14605200168812,1.69748401404275,1.54645324460012,1.04918180572348,-2.45408142134292,2.77152228811707,10.8604648744788,13.4978927492704,28.6030718180943,22.4223536096348,-60.5907714858615
0.149529430293868,1.71387762605916,1.55440160688832,1.04222700210675,-2.47643641417211,2.75463184946397,10.7491875869234,13.2504984554617,28.1246815251748,23.0070555926949,-57.943473835353
0.138600368951057,1.70841308871955,1.55390483424543,1.01987227615977,-2.48289452321494,2.73227685710801,10.6731812253951,12.9996267315645,27.6368525854758,23.4953835858992,-55.2246410479315
0.0566324088506488,1.65376771529315,1.51267270486504,0.973672509237977,-2.47494608131387,2.67365709939624,10.6349296577912,12.7850196328998,27.1217012497778,23.875415034293,-52.4029764919563
0.0481872250886071,1.64979350632027,1.5022404793644,0.950821011630598,-2.46898474988547,2.64881821903294,10.550478144818,12.5401092166674,26.6323819957802,24.2132207653073,-49.5778345539234
0.0322904086025749,1.65277416305037,1.50174370672141,0.950821011630598,-2.47544285892626,2.62348256104876,10.4714911414425,12.317056930717,26.1390885740408,24.4983685436969,-46.7551764983727
0.0481872251021309,1.65128383468436,1.50820175107781,0.917537308590894,-2.49779785176248,2.60261790151675,10.391013817302,12.1128821207668,25.6507628592522,24.7204261338415,-43.932021693073
0.0854453887286648,1.64879995407618,1.51068561429364,0.926479198958338,-2.51121084746745,2.59665657022792,10.2996074736799,11.9116879646803,25.1743596432974,24.8808838552875,-41.0686283852088
-0.000993551006063464,1.57925129700262,1.48634375478208,0.84649895721326,-2.53257228508871,2.56585635854431,10.2648333212415,11.7308616120704,24.6482793434837,24.9052257387329,-38.1555579104038
0.0258323268198208,1.60210299860963,1.48882761799674,0.847492500588204,-2.55244338983898,2.5544304735643,10.1868398649532,11.532151334046,24.1798244582581,24.9712965651334,-35.3478031014663
0.0387484902192168,1.61452240165158,1.51167915957396,0.812718482490019,-2.56287571983476,2.5544304735643,10.1093431822267,11.3364217100655,23.7068986345212,24.976264296439,-32.5410418576556
0.00198710207749864,1.60359332697523,1.5022404793563,0.780925094497301,-2.59119204411998,2.53406259164299,10.0556916326278,11.1640405436233,23.2399340595925,24.9385095385149,-29.715403304675
0.0327871840316912,1.61899338674725,1.49677598028357,0.799802418631934,-2.62149547888648,2.53257225881851,9.96378851532549,11.0001045638634,22.7918467748656,24.8997612343217,-26.9821643451824
0.0963744500717245,1.66569034222855,1.52062106716647,0.821163601200334,-2.64136658364491,2.5345593692518,9.8733757188529,10.8023878365854,22.3671077179025,24.8267355840403,-24.3115186655029
0.117735797229167,1.68754849157116,1.53552424645113,0.832092578320137,-2.64981180316898,2.50823015603812,9.81127901788865,10.6439163891258,21.9294526189441,24.7080068057316,-21.6716728613273
0.0963744500605733,1.6810904019888,1.53552424645113,0.80427336382171,-2.6806120155453,2.48935260693414,9.77004680844391,10.4854449416335,21.4952749147021,24.5261878395146,-19.0477237773518
0.0556388577607679,1.66270968546706,1.51068561429757,0.784899267997174,-2.69104434554386,2.4630233936888,9.71937590047016,10.3314444752731,21.0625875219261,24.3145624852062,-16.4660003214775
-0.00695485716266786,1.64681284956853,1.51217593222689,0.757576825195308,-2.70843156221148,2.42129407462478,9.68410497427649,10.1809214386017,20.6348678368898,24.0984661727279,-13.9702184182587
0.0760066539676569,1.70046467075757,1.53800810966659,0.807253994018414,-2.71886389222063,2.40837785680998,9.58773089431583,10.008540271206,20.2737154419751,23.9186342983792,-11.6035972192644
0.091406694929123,1.71040019318852,1.52956297473526,0.814705569328932,-2.71389611603126,2.3989390822571,9.54103417510511,9.86298499124946,19.8857374218468,23.6722348243254,-9.25684690816008
0.0705421232807175,1.69996789463372,1.5086985237312,0.811228167515814,-2.72134778031721,2.35820331839085,9.49980196557189,9.71941681401675,19.476895025539,23.3761580362618,-6.97716081403954
0.0680582457016775,1.68059362587691,1.51416302280522,0.795828245188813,-2.72780588937018,2.34180965731944,9.46006007687867,9.58131316946896,19.0764977326274,23.0641845074048,-4.81968061302551
0.0397420413258046,1.67860652139076,1.52707911151973,0.778938007806026,-2.72780588937018,2.32293210820113,9.40839562154381,9.44320952482832,18.6890164807469,22.7328368260325,-2.69896154154994
0.01490326554765,1.67115487956481,1.53453070116371,0.76105422705263,-2.74767699414783,2.3462806557798,9.34629892041089,9.32398335664213,18.3050126240235,22.3766504869871,-0.68008071242695
-0.00695485712529265,1.64184508839625,1.52856942945143,0.724789893859582,-2.7725158751211,2.34379676773926,9.2966215594877,9.19184102014347,17.8961702246258,22.0125157773654,1.25434889091313
-0.018380693990203,1.6284321331042,1.5305565200233,0.736215642676083,-2.75959965702218,2.32640955144589,9.25091838746442,9.07460195469973,17.5330307418269,21.6632842608989,3.0630952051374
0.00298065319945751,1.6502902824798,1.54148551817539,0.735718870988029,-2.77599331845919,2.33336443796639,9.1967700640824,8.95289190783176,17.156478445394,21.2872269940549,4.78341612099347
0.025335551403903,1.65426449145543,1.54844033517715,0.729260839047631,-2.76456743321881,2.3164739992766,9.16000881699125,8.83763994496255,16.8087388574906,20.8912988014014,6.39593753863155
-0.0586195107595469,1.60558043149271,1.54247906346382,0.692002962441782,-2.7819546499125,2.29809322775872,9.14560238231432,8.74275578587995,16.4217543722476,20.4610932608659,7.97418169151999
-0.110284164344147,1.59117392396646,1.54595647196547,0.668157921438429,-2.80579997563242,2.26878334885987,9.11281532407383,8.6424070939364,16.0650729080844,20.0482747800731,9.43270382452192
-0.134129389105931,1.587199714992,1.54844033518159,0.649777368987698,-2.8137484175404,2.26331879516513,9.0676089255631,8.54106485053763,15.7337267558825,19.6652626866878,10.7883941805027
-0.102832531627574,1.61452240169574,1.55936933332432,0.670145008191867,-2.81523875039907,2.25437679821228,9.01793156457511,8.42183868178383,15.4262256037807,19.2911925092166,12.0536720568802
-0.106309960237289,1.6070707598712,1.57278219467121,0.66815792144002,-2.82517430279126,2.25884779668904,8.97669935492427,8.30608994288461,15.1122664302145,18.8932772200838,13.2225761920943
-0.0809744089438162,1.63091601370599,1.58122732959706,0.675112725068227,-2.82318719231263,2.24394446845,8.94192520219772,8.18338634401985,14.8256296527793,18.5276521845219,14.2911324131891
-0.106806735763087,1.62396114799966,1.58768537395193,0.685048158826235,-2.82517430279179,2.21264747911667,8.91410588002178,8.09893447435257,14.5375025620293,18.1342078519854,15.2951082924058
-0.0779937558526282,1.63737410329171,1.59215632773779,0.681073985325579,-2.84951640613882,2.21413781194231,8.87386721760238,7.98865026806976,14.2275175538315,17.7477183426618,16.2275490248297
-0.104819633721567,1.63687732716976,1.58669182866264,0.677596583508861,-2.86938751092848,2.19078926432965,8.84008661210852,7.89525643566414,13.9503194208945,17.3716610683957,17.0725579122694
-0.160955267027418,1.60160622248773,1.58222087487612,0.646299967153005,-2.90714261000785,2.1892989315035,8.82766727185832,7.81974652858151,13.6472892037593,16.9643070849318,17.8808056822868
-0.137606817759152,1.61501917779357,1.58271764751898,0.653254770791326,-2.89571672475034,2.19923448367711,8.77699636359412,7.71939783626654,13.3924457582591,16.6021594572471,18.5499573379642
-0.151019756687525,1.60160622250264,1.58917569187728,0.636364533396883,-2.8962135023698,2.19774415085077,8.74271898446165,7.63146853645895,13.1371055419318,16.2067280280229,19.1823478773025
-0.161948818044074,1.59316102842969,1.61103368816338,0.640338706901164,-2.9155878295334,2.19625381802471,8.73427383307913,7.54850699367042,12.8951781380567,15.8222256074557,19.7451903595503
-0.146052001561729,1.60558043146643,1.60010469002065,0.633880674960607,-2.92403304906788,2.21860881040048,8.67764164138815,7.47746806776911,12.6448056295361,15.4650457100198,20.1997365827068
-0.170394001842914,1.57627064026715,1.5931498730273,0.608545318857389,-2.93396860146488,2.19526026279028,8.67466099972305,7.42530661868074,12.3969169748476,15.0840207000156,20.6448441401589
-0.163935920144652,1.56583834171738,1.60258855323353,0.603577601980343,-2.93396860146488,2.18780859866723,8.64584813027093,7.35774512261456,12.1530024868966,14.7323053059126,20.9975521376746
-0.143071348480916,1.57726419251956,1.61004014287069,0.595132483286348,-2.94142026576343,2.19029248671108,8.60859010943326,7.27428680398996,11.9244878947912,14.3865511887803,21.2956152337288
-0.166419797716219,1.56732867008173,1.61649818722595,0.574268072395044,-2.94489770910108,2.18830537627686,8.57580305110011,7.19579624237552,11.7098828863598,14.0278809687263,21.5519494960364
-0.163935920134585,1.55987702825125,1.64332390994149,0.579732560963902,-2.92602015955044,2.19178281953979,8.54947404971603,7.11829923216189,11.496768190199,13.6880881279812,21.7526453136726
-0.156981062904193,1.55987702825125,1.63239491179167,0.582216419406619,-2.92651693717037,2.17588593605497,8.5226482747468,7.05719582029196,11.2687503681104,13.3418372351672,21.9041607203878
-0.164432695647078,1.588690043327,1.63785941086215,0.573274529014052,-2.92353627145206,2.17042138236,8.49780959417383,6.97771170719469,11.0526550463337,13.0000573003717,22.0184182402185
-0.177348859066205,1.57527708802848,1.64928518164384,0.57824224589624,-2.91509105192289,2.16694393909817,8.48886766917219,6.91213731385547,10.833579099429,12.665728962453,22.0949211012914
-0.167910124258003,1.58570938658874,1.64630454578832,0.557874606678516,-2.92303949384144,2.15949227496647,8.45558383721482,6.83861450916813,10.6274191944793,12.3448134995297,22.1103210278726
-0.185297267286071,1.56981255070055,1.6676657694243,0.55141657473589,-2.93496215671957,2.13266628411301,8.4545902899906,6.76161427450244,10.4465946030817,12.0154528927373,22.1162822897793
-0.208148941040421,1.57577386416775,1.63686586556207,0.548932716292683,-2.92751049242137,2.12372428714978,8.42528064692446,6.68461403987464,10.2781892828476,11.7094406236196,22.058159986257
-0.227523186140076,1.55938025215169,1.61600141457279,0.539990825910916,-2.93744604481644,2.10584029324483,8.42130645803095,6.63394291766882,10.0914034408154,11.3780929229257,22.0055021727519
-0.248387757803813,1.56087058051678,1.59464019093745,0.535519880718545,-2.92452982670066,2.09640151867681,8.42180323164262,6.57582015984072,9.9205142659153,11.0676096945527,21.9046574921826
-0.228019961661197,1.57925129702349,1.60854982492496,0.540487597599386,-2.92999438051815,2.08100141280593,8.39895164549686,6.5167038505646,9.73968967372435,10.7919005872656,21.74569050801
-0.228516737177505,1.58322550600004,1.60705950699744,0.532042478901436,-2.934962156714,2.08199496802382,8.37659683297117,6.4620585226616,9.59115518720395,10.5032753771096,21.5688397380693
-0.285645921625824,1.57328998354492,1.61649818721816,0.498758775743596,-2.92403304907837,2.07007230540316,8.36467426630554,6.40741319480814,9.41033059445297,10.2022308367494,21.4123566130909
-0.277200737850718,1.56534156559649,1.6254400947842,0.515152241460272,-2.93595571195418,2.07106586062052,8.34480332182286,6.34134202554528,9.28315725458932,9.95334747918705,21.1853318885681
-0.314458901596132,1.55639959539325,1.61252400607389,0.490313657037086,-2.97470436629309,2.05665930995891,8.33685494403995,6.29166445468447,9.13213891340177,9.67068354549369,20.9548297612309
-0.308000819887255,1.54497374458891,1.61798850514194,0.482365310019708,-2.98165925297435,2.05516897713228,8.32095818845683,6.24745141659485,8.98459796809704,9.40888408486889,20.7124051098085
-0.369600983852816,1.53156078929995,1.59563373621991,0.465475072621518,-2.97768503201421,2.03132365190355,8.33238398153204,6.21565777122334,8.81619264664341,9.13764593379544,20.4794191229206
-0.31743955466069,1.55838669988377,1.63338845707548,0.497765232359322,-2.98911091727255,2.05516897713128,8.30555820648116,6.14412206909849,8.65374857536405,8.89720771887378,20.1748979927532
-0.316942779145131,1.55838669988377,1.65325936278014,0.502236177550701,-2.99159480537207,2.04523342495599,8.28220984671433,6.09146384391917,8.50720117150681,8.67117592571561,19.8798155270403
-0.338304126342228,1.53901243113021,1.66667222413574,0.496274917292663,-3.00749168920803,2.05318186669773,8.26979050641856,6.04576047866564,8.37158272645223,8.42527320522732,19.5961588132607
-0.3780461676111,1.53007046093954,1.65773031657366,0.481868538334851,-3.02090468494803,2.058646420395,8.25737116610997,6.00800552474685,8.23745459384482,8.19377690663485,19.3090246964081
-0.369600983835176,1.53752210276877,1.65077549957682,0.484849168463943,-3.03084023734334,2.04324631451307,8.2399840896822,5.96528281373237,8.08395239760669,7.97917089553872,19.016922861102
-0.315452452485366,1.5568963715524,1.65822708922102,0.519126414998784,-3.05269845262043,2.05318186669737,8.21415186187999,5.91858589707965,7.99453364235609,7.79735191339424,18.6542794261272
-0.343271881402091,1.52410914748694,1.64928518165498,0.496771689018192,-3.04226612260371,2.02287843254901,8.20868735214347,5.90368262578587,7.85196040492378,7.57678462371305,18.3537324692485
-0.309491146270629,1.54447696850051,1.65872386186734,0.514655469805972,-3.04077578974317,2.04225275929878,8.18533899238616,5.84854052197961,7.72478706410739,7.4163268879421,18.0030115572873
-0.328368615885755,1.54447696850051,1.65027872694323,0.527074762019249,-3.03580801354203,2.03480109516425,8.17540352013969,5.81823720367951,7.60208466096869,7.21662407113614,17.6706712027094
-0.37357518792222,1.5082123115701,1.66269804301469,0.490313657044839,-3.03878867926207,2.01343965795967,8.17540352013969,5.79439196961627,7.47689840340998,6.98910195605931,17.378569366374
-0.427723719180903,1.48635416220779,1.651769044881,0.471436332896712,-3.02736279400373,2.0010202177399,8.18186157709999,5.78644355825259,7.36512495911609,6.78741204613995,17.0571579914145
-0.443620535683533,1.49082514730421,1.65276259016562,0.451565465371879,-3.01544013112877,1.97916200293952,8.16099708536822,5.75216603423737,7.27222880764989,6.60708338284481,16.7417078782123
-0.478394821856346,1.48834126669363,1.64531100052494,0.455539638877433,-3.01891757446953,1.95581345531552,8.15751967008389,5.73328855725303,7.17237786400996,6.42029666776747,16.408373978911
-0.477898046340106,1.50076066973532,1.63338845710144,0.465475072642544,-3.00997557730856,1.94687145835569,8.17391319928945,5.70646266889711,7.07550754546576,6.2633163435015,16.0715626764278
-0.467465760503093,1.50622520707527,1.62842073067337,0.461500899136989,-3.01345302064805,1.95780056575681,8.16497127426301,5.67566257485086,7.01192087484017,6.10534247266302,15.7228288496823
-0.470446413601948,1.51268329666629,1.6388529561697,0.458023497317272,-3.00351746824649,1.96475545228332,8.15702289647037,5.63045598521698,6.90461836802053,5.9538266528707,15.3850240030079
-0.46696898498571,1.54149631175654,1.64779486373574,0.467958931089485,-3.01742724160329,1.9597876761897,8.15702289647037,5.59667523690818,6.81470284146052,5.80827211119578,15.0432449813645
-0.45902057672594,1.55788992377913,1.64779486373574,0.479881451605854,-3.00600135634274,1.94687145835829,8.1500680658986,5.55792673143589,6.7516129416198,5.64533050814919,14.7148787987929
-0.468459311538706,1.55639959541294,1.66766576943278,0.470939561213067,-3.01196268778426,1.93792946139374,8.1570228964717,5.55295897433295,6.66169741496312,5.50076951257476,14.3721062327027
-0.446104413268969,1.57676741643548,1.6756141317137,0.505713579433818,-3.01593690874498,1.97618133730451,8.13665517837612,5.51321691749495,6.5861882433646,5.38154394899283,14.0169143708407
-0.430207596740821,1.5941545807026,1.68703990248967,0.503229720991959,-3.02686601638326,1.9702200059967,8.11777778110116,5.47993294487372,6.50968553002705,5.24691841678688,13.7128900074556
-0.47392384217378,1.59365780458081,1.682072176066,0.498758775796171,-3.04872423165929,1.98512333427189,8.12522938529381,5.47248130921012,6.41231844033422,5.10881547238092,13.3944592605791
-0.442626984616129,1.59415458070295,1.69747212798643,0.477894364883267,-3.04673712117878,1.98810399992731,8.11131972414989,5.44168121514311,6.31743520487869,4.98859636222975,13.0785123726712
-0.450575392877128,1.56385123726979,1.70243985441391,0.459513812413961,-3.04574356593892,1.98412977905518,8.11628746026988,5.42031985957358,6.24391311664985,4.84403536625895,12.7789589550946
-0.479885148334743,1.55192861034464,1.71088498934076,0.465971844360089,-3.05021456451913,1.99009111036274,8.10585521440017,5.40690691537668,6.15201050640985,4.72083561701312,12.4640056102085
-0.486840005566749,1.55639959544509,1.69995599120159,0.476404049817441,-3.0442532330805,1.9811491133997,8.09691328937932,5.3984617282904,6.09289477324407,4.60260359941085,12.1848198375753
-0.49528518934986,1.55391571483524,1.70343339969821,0.479881451636559,-3.04475001070056,2.00499443863951,8.0899584588032,5.38802943835947,6.02185653927175,4.47542966446731,11.9026534336407
-0.518136863103326,1.54894795361747,1.70790435348116,0.476900821508127,-3.04325967784096,2.01045899233828,8.0750552504262,5.40839724252775,5.9319410123887,4.36713311044339,11.6378740437854
-0.524594944819323,1.55441249095971,1.69846567327799,0.478887908262423,-3.04673712118264,2.00747832668267,8.05220366424752,5.36964873708057,5.86239309094492,4.24542368031947,11.3845204059656
-0.48833033211203,1.59763201355929,1.69101408363974,0.490313657093286,-3.04027901212186,2.00449766102952,8.02488111554708,5.3323905587201,5.82712235937843,4.17686898091812,11.0919217927571
-0.511182005874337,1.57825774480369,1.68604635721636,0.495778145664972,-3.03382090306217,1.99754277450183,8.0219004738703,5.32444214733931,5.75807120878101,4.06112082884247,10.8162134218681
-0.503233597608264,1.57527708807278,1.68604635721636,0.50919098124936,-3.02438212828104,2.00052344015574,8.01246177522576,5.31102920313754,5.70690380941871,3.94189526451203,10.5499437156931
-0.530059475512487,1.57825774480538,1.67412381379532,0.518629643331682,-3.00649813396515,2.00996221472873,8.00401662381179,5.29612593179702,5.6592138060905,3.8480051324965,10.294106218028
-0.532543353094554,1.59812878968396,1.6830657213611,0.533036022295532,-3.01047235492491,2.01145254755586,7.97818439597307,5.27426780049192,5.60605932321882,3.75560532005751,10.0427396667687
-0.497272291446261,1.61849661067745,1.69101408364132,0.541481140991192,-3.00103358014559,2.00996221472911,7.94539733748663,5.24197737923864,5.55588546556103,3.69003125964635,9.79783114911735
-0.491807760763812,1.63339989433951,1.70790435348978,0.538003739172675,-3.01096913254427,2.02089132212792,7.91857156239782,5.21316438797507,5.49726650309234,3.61104432310336,9.50970348122502
-0.497769066965328,1.65078705860298,1.69449149214171,0.532042478910964,-2.99656258156741,2.01542676842926,7.90366835401151,5.19677078950071,5.45206035407153,3.53305093288874,9.27224654105236
-0.514162659018384,1.64085153616432,1.68157540343215,0.506210351112761,-2.99755613680713,2.01691710125598,7.88975869284868,5.15355130258127,5.41430576807936,3.44512207893393,9.03429282886883
-0.52558849590451,1.63041923760077,1.67064640529556,0.500249090849286,-3.00153035776977,2.02089132213004,7.88131354142759,5.13815125552281,5.37307378596812,3.3830254306083,8.8162099902321
-0.556885353443393,1.58421905826728,1.67114317793821,0.48782979864152,-3.01494335351366,2.01741387886755,7.8798232205882,5.15206097545253,5.28514534221883,3.2772127419117,8.61452062223753
-0.577253149639979,1.57080610296566,1.66071095244434,0.470442789544648,-3.01096913255487,2.01691710125835,7.87088129555496,5.13119639556228,5.22255221269746,3.20965158843975,8.4023990454108
-0.571291843442039,1.5792512970356,1.65375613544874,0.472926647985221,-3.00947879969508,2.0213880997385,7.87187484278093,5.09940275000946,5.15946231233543,3.15450976468145,8.18580652182229
-0.564833761721795,1.59415458069297,1.66915608736598,0.456533182260463,-3.01196268779358,2.02635587582803,7.84355874683499,5.08648658150496,5.11028199628593,3.08645183800691,7.95431084281128
-0.598117721344667,1.57527708805872,1.66220127037079,0.405365698307702,-3.01345302065369,2.03231720713559,7.8286555384499,5.08648658150496,5.02285032322241,2.98908429322531,7.73573123164337
-0.659221109864691,1.54646407298961,1.66915608736291,0.373075538569898,-2.99755613682465,2.03281398474452,7.86193937054932,5.07158331013894,4.9572765684729,2.8847619239184,7.56037077075437
-0.686543763288566,1.52758658034942,1.65872386187027,0.35568852946831,-2.98960769490532,2.03778176083321,7.87088129558329,5.06164779590008,4.92995417065426,2.8186910899516,7.39593929032095
-0.720821273974137,1.50622520710966,1.64680131844078,0.336314433605568,-2.99954324730208,2.03132365191498,7.87634580532635,5.03283480460812,4.88524479240284,2.73175578200639,7.21163693613143
-0.705918008470926,1.50026389364446,1.64580777315502,0.338301520360452,-3.00947879970195,2.02685265343455,7.87783612616573,5.03184125318354,4.84202572677301,2.67313654580817,7.04521836825228
-0.721318049499402,1.50572843098784,1.65574322600677,0.340785378803781,-2.97867858726159,2.02834298626214,7.87485548448677,5.02289929036972,4.77843905540119,2.60060766030426,6.86687727602616
-0.742182621213181,1.52212204301972,1.65027872693678,0.332340260098128,-2.96228492579802,2.0179106564716,7.87882967339152,5.00104115904706,4.75459405364084,2.53155618707797,6.69052327109616
-0.767518172602219,1.52311559526454,1.64878840900855,0.322901598010686,-2.94638804197052,2.02834298626258,7.87187484280708,4.9970669533511,4.72528457229069,2.49529174430542,6.52609179033545
-0.799808581190948,1.5022509981451,1.63636909293782,0.279185689411868,-2.94489770911084,2.02883976387144,7.86492001222415,4.99408629907782,4.67113654741419,2.41183384857989,6.38898276099012
-0.799808581190948,1.49529613243949,1.6264336400896,0.289121123186041,-2.93893637767495,2.03132365191581,7.87286839003796,4.97322171916755,4.63685935736985,2.35172429269899,6.26031885293408
-0.803286009810753,1.4967864608059,1.61550464194849,0.32389514142051,-2.91310394144839,2.02486554299922,7.86541678584085,4.95186036354984,4.63487227388676,2.31695016944051,6.12718399822955
-0.801298907742774,1.50523165488151,1.61451109666408,0.33681120532184,-2.91956205050245,2.0218848773455,7.833623274583,4.93944097073596,4.62891102344448,2.287640551293,5.96175897345991
-0.810737642568687,1.50672198324839,1.61947882308995,0.343766008964275,-2.90515549953151,2.00648477146714,7.81375233005711,4.92652480221774,4.58916935382445,2.23299550046836,5.82266285651325
-0.797821479116577,1.48237995325401,1.61401432401528,0.3601594746955,-2.89472316951505,2.01989776691071,7.81226200921826,4.9290086807791,4.56135018508499,2.2021955626999,5.69250863278844
-0.833589316338815,1.48536060998679,1.61451109665817,0.353701442741412,-2.89223928141463,2.02486554300004,7.80580395224673,4.92304737223053,4.51614403587948,2.13165376974446,5.55937377794854
-0.859421643246035,1.47691541591012,1.60109823530692,0.347740182476908,-2.89720705761156,2.03331076235464,7.7819588187975,4.88876984807223,4.50471830584625,2.08545386307895,5.42772923856949
-0.851970010489168,1.45803792326637,1.61004014287508,0.364630419884674,-2.87733595282478,2.05169153388726,7.7745072146004,4.87585367955166,4.46845403228203,2.06458938910456,5.28962666511013
-0.862899071880394,1.45307016204183,1.6060659617325,0.345753095696525,-2.89174250379293,2.04225275931466,7.79090074383091,4.86194395960932,4.41231892381528,2.00447983312199,5.19275615495564
-0.857931316710254,1.44015398286344,1.61401432401883,0.377049712089414,-2.86640684519499,2.05516897714117,7.78990719660456,4.85449232392408,4.40238350639106,1.96622829745728,5.06458901837058
-0.95082833853479,1.3909731467441,1.60705950702158,0.357178844536169,-2.87981984092818,2.04274953691669,7.79636525357575,4.86939559529088,4.34475808531649,1.91009292691557,4.99553773162381
-0.9637445019839,1.40041189306251,1.61600141459211,0.355688529470209,-2.8857811723622,2.04871086822438,7.77450721458003,4.85946008104197,4.31892600001859,1.86836397892046,4.86886091047269
-0.971196134739614,1.39693446020821,1.60904659759958,0.3338305751708,-2.88180695140561,2.05814964279319,7.79586847996249,4.85796975390376,4.26626828770246,1.79931250547701,4.77596457491831
-0.980138094051575,1.40985063938389,1.61004014288458,0.328862858283591,-2.88876183807997,2.06113030844786,7.78742332853245,4.84256970681296,4.22652661800462,1.7550996915117,4.67810052089689
-1.00050589026747,1.44462496793963,1.62295623160367,0.325385456462931,-2.89223928141821,2.05218831148632,7.76059755341228,4.82617610830204,4.18330755220874,1.73175135155681,4.53552700049098
-0.96523482856187,1.4485991769161,1.63934972881074,0.355688529460338,-2.86839395566946,2.06013675322706,7.75264917559803,4.80481475265442,4.1828107813378,1.7352287638918,4.39096639264226
-0.964738053044178,1.46201213221293,1.64034327409638,0.359165931281513,-2.85498095994049,2.06758841736096,7.7630814214859,4.80282764980278,4.1654238008401,1.70840301158229,4.28515398895352
-1.03577695208097,1.45108305751757,1.62295623159839,0.3040242738097,-2.8569680704183,2.0457302025638,7.79239106464366,4.81027928548879,4.09736619137341,1.62842252779917,4.23199940119
-1.01093817619855,1.47890252036158,1.61997559574084,0.318430652796992,-2.84752929564492,2.06560130692276,7.77500398818658,4.79189858412092,4.09935327486161,1.59414517760732,4.09985808949418
-1.01292527826649,1.49032837117359,1.62146591366911,0.316940337731766,-2.8505099613607,2.03480109517092,7.76904270482736,4.79487923839536,4.07799212738307,1.58570003335917,3.98261993316001
-0.947350909884856,1.52261881914225,1.64084004672572,0.310979077461971,-2.82517430276093,2.0502012010483,7.75016530752057,4.77848563989124,4.07699858563897,1.56880974484476,3.83309160674229
-0.950828338506882,1.52063171465447,1.62991104858332,0.304024273819364,-2.82318719228273,2.04523342495866,7.7705330256765,4.76556947135996,4.04570202071477,1.53850658017118,3.74665330500234
-0.990570379907218,1.51119296833309,1.61401432401818,0.321411282923095,-2.80629675322581,2.03778176082571,7.76804915761006,4.76159526565751,4.0352698324095,1.51714533293944,3.65276342551547
-1.01044140061162,1.48635416221977,1.59762082680821,0.321411282923095,-2.78890953654431,2.04026564887097,7.78642978130575,4.77351788276115,3.99751524612446,1.48137766313856,3.54496393423831
-1.07154478935629,1.43121201262909,1.56930478614187,0.294088840025595,-2.75562543604537,2.02734943103165,7.82120393423174,4.7764985370369,3.94535430452409,1.4148100554483,3.5082028173896
-1.13463528004698,1.3994183407987,1.55986610593368,0.254843876626802,-2.73575433127588,2.01741387885532,7.83759746346983,4.7904082569962,3.86338711065089,1.35420372608912,3.46150626353094
-1.1197320145207,1.39246347509018,1.55887256064804,0.261798680267352,-2.71787033698421,2.01542676841984,7.85150712464438,4.78295662130072,3.83705825444029,1.32042314905227,3.37506796170166
-1.07204156479599,1.3989215646835,1.57924023900103,0.310482305790808,-2.70247023078619,2.04076242647831,7.80779104669693,4.76805334992581,3.86338711068441,1.33532634481407,3.24541050898643
-1.04819633997148,1.40090866917111,1.595633736211,0.344759552305367,-2.6791216826812,2.05020120104294,7.78941042299574,4.76556947136123,3.84699367190094,1.33731343758052,3.13711424566595
-1.06359638100323,1.40836031100206,1.60904659755947,0.331843488402126,-2.67713457220396,2.07205941583872,7.78245559240751,4.73178872289041,3.83507117097291,1.291113530744,3.06855973034931
-1.08694483033203,1.42326359466505,1.61103368812812,0.360656246356462,-2.68657334697277,2.09193052018174,7.79288783828999,4.72234998435137,3.81371002346299,1.26379100517384,2.97019890400428
-1.20120319960351,1.3403019821517,1.59762082676184,0.304521045438955,-2.68210234839753,2.07156263820328,7.83113940647269,4.77898241553932,3.72975574588814,1.16244927377913,2.97218599140287
-1.24491944521495,1.30900508642757,1.60010468997613,0.271237342284398,-2.68557979173164,2.06609808450428,7.84852648293072,4.79189858406927,3.66666584507059,1.10730744941746,2.91257336938279
-1.25435818005493,1.32589547458747,1.60656273433348,0.261301908506306,-2.68160557077794,2.08199496798776,7.82865553839402,4.78891792979406,3.65424657325095,1.06855914038963,2.85892200955175
-1.17139666854261,1.39097314661326,1.64133681935565,0.302533958682847,-2.67862490506425,2.134653394519,7.79090074378559,4.76109848986897,3.67858834601447,1.09041716085126,2.72678069733443
-1.15947405611674,1.40239899743222,1.63438200235676,0.316940337660903,-2.67564423935048,2.14508572430404,7.78096527152183,4.75165975132626,3.68603990910754,1.07452041869188,2.64034239535538
-1.19623544443055,1.41481840048172,1.63487877499959,0.311972620775042,-2.67961846030284,2.1614793853917,7.76705561034728,4.76109848987338,3.63785313444495,1.04073984159428,2.57278142366999
-1.21511291410265,1.42177326619564,1.62196268629079,0.299553328560847,-2.68011523792195,2.16992460473847,7.78493946042933,4.77302110697423,3.60208563161443,1.01838504794715,2.50571722381134
-1.3129776911277,1.39047637049646,1.61997559572074,0.272230885691638,-2.69104434554226,2.16197616300009,7.80630072581006,4.78593727550653,3.5777438588509,0.945856161835414,2.47442059719633
-1.33831324252262,1.37358598234294,1.60010469001549,0.271734114002886,-2.66024413316967,2.15998905256495,7.80282331051496,4.79835666833361,3.54545375213563,0.934430378406703,2.39692418842442
-1.39742952921604,1.31894060886611,1.56483383238711,0.22702466198714,-2.61950836840897,2.1406147258307,7.8122620091654,4.81276316399658,3.50720239491051,0.891211110605455,2.37208559587166
-1.31198413997375,1.38054084812537,1.59613050889182,0.28663726472625,-2.59665659792848,2.17737626890098,7.75314594921292,4.74569844283469,3.55538916965572,0.934430378473032,2.22553789993935
-1.17139666855675,1.47840574414109,1.61997559573037,0.36910136497871,-2.57728227078877,2.22854436257833,7.673662170984,4.6965176472318,3.60655656954641,1.00199153262356,2.05464838294874
-1.19573866894956,1.45754114700064,1.60109823529423,0.383507743955345,-2.54648205842362,2.24195735800917,7.691546021068,4.69204666581811,3.59065990160616,1.01093345009862,1.98559709564416
-1.18530638308974,1.4674766694316,1.60507241643504,0.412320501859962,-2.5310819522431,2.23251858345091,7.68012022794744,4.68111760012219,3.57973094240982,1.00050121306329,1.90462328378873
-1.19921609758712,1.48933481880903,1.61053691550584,0.420268848877929,-2.521146399867,2.24046702518879,7.64981703750961,4.67465951585345,3.56234396185508,1.00050121306329,1.81868175345965
-1.21163548554288,1.45903147535681,1.61103368814865,0.429210739271598,-2.51816573415266,2.23400891627683,7.67018475565447,4.68658213295895,3.5563827113734,0.987088336845917,1.75608850017029
-1.22306132245642,1.46747666943525,1.61848527778955,0.444113889927714,-2.48835907702726,2.2350024714939,7.65577832086751,4.66074979589771,3.55986010748469,0.974669007030458,1.69846296537968
-1.17636442372787,1.48685093820629,1.61997559571712,0.471933104485111,-2.47246219321782,2.25586713105144,7.64534607498702,4.63690456167745,3.55141500264153,1.00050121307497,1.6224568720614
-1.19275801582026,1.48585738596159,1.63587232028319,0.501242634100496,-2.46401697370437,2.25288646539841,7.63491382909774,4.63789811310326,3.54793760653067,0.982120604935938,1.56433456537574
-1.14506756604016,1.51914138618521,1.65971740713864,0.550919803000757,-2.48140419036064,2.27226079213266,7.62497835683399,4.59865283178902,3.54793760653067,1.00497217183175,1.46348987943992
-1.15748695399375,1.51814783394037,1.65971740713864,0.558371378330744,-2.48140419036064,2.28368667712929,7.63044286658551,4.61057544890163,3.516641041503,1.00248830586504,1.41182560683705
-1.27273887396777,1.44760562467022,1.65623999864345,0.511674839675007,-2.48537841131089,2.28070601148124,7.67415894465422,4.63442068314911,3.46944780859874,0.953307759853064,1.4351738839144
-1.32440352793923,1.41630872892509,1.66667222415026,0.485345940158194,-2.50226885034412,2.26381557278931,7.69253956833342,4.64634330024997,3.41082884546139,0.89667561577245,1.39394182021054
-1.39941663112084,1.36663111672865,1.66021417979596,0.441133259908355,-2.50226885034412,2.26133168474703,7.70545568229527,4.68260792730787,3.36512592512199,0.847991842864294,1.37953543648759
-1.40537793733631,1.34924395245278,1.67263349585935,0.45007515029982,-2.49183652035439,2.26282201757258,7.72880404214525,4.69602087155589,3.35171311154101,0.84203056455106,1.32936147938215
-1.42028120289115,1.35023750469773,1.68405926664004,0.458023497313084,-2.46948152751061,2.28617056516899,7.71787502265571,4.68956278729134,3.33979061057239,0.826133822355098,1.26825854154492
-1.41779732530082,1.33533422102786,1.687536675138,0.467958931077705,-2.47395252607667,2.30504811428531,7.73873951441243,4.68807246015213,3.3229004008834,0.792850018409161,1.21262009407552
-1.43568124395278,1.33533422102786,1.7044269449745,0.462494442506961,-2.44017164802244,2.3040545590687,7.7342685518904,4.70844026438379,3.32091331739038,0.789869379251992,1.15400101546169
-1.44164255017079,1.33483744490549,1.7014463091195,0.461004127442801,-2.44166198087751,2.31448688885264,7.75215240198267,4.71291124579933,3.29210060673457,0.791856472024647,1.11127863613009
-1.4620103464202,1.32937290755856,1.70641403554347,0.468455702767276,-2.41930698803643,2.30455133668322,7.74519757139482,4.73278227432292,3.2687523756656,0.776953276226185,1.06060790713219
-1.37805528397091,1.39594090787108,1.72181398745299,0.526577990246616,-2.4123521013735,2.34429354532401,7.71141696563192,4.70247895581384,3.30998435815227,0.823649956345284,0.917537613392732
-1.37110042671643,1.39594090787108,1.72082044216852,0.540984369205139,-2.40539721471107,2.32442244099398,7.73079113656073,4.70744671294499,3.29160383583353,0.777450049368216,0.858421762891605
-1.37805528398977,1.38848926602091,1.72529139595517,0.527571533589005,-2.37559055760297,2.33882899164373,7.73675241991218,4.69254344156777,3.28464904358565,0.762546853529131,0.823647733226038
-1.33582936495328,1.40686998254573,1.73920102994597,0.561352008395378,-2.36515822761626,2.35174520946071,7.72184921149385,4.66224012307204,3.28514581445946,0.782914554455043,0.749628727112455
-1.35917781431055,1.38898604213439,1.72678171388257,0.571784213847072,-2.36714533809009,2.36714531531924,7.72333953233432,4.66174334735932,3.28911998144734,0.752611389666841,0.714854697395369
-1.33334548735433,1.39792801233706,1.72529139595509,0.582216419297224,-2.35870011857766,2.36863564814376,7.70744277670151,4.65776914165698,3.29657154455355,0.775959729762527,0.63884860384681
-1.3611649163798,1.40587643029549,1.73671716672904,0.579235789168352,-2.33237090481378,2.36317109445375,7.68856537939883,4.68906601155606,3.26428143775603,0.777946822537075,0.583210156293474
-1.38451336574972,1.38153440029856,1.71982689689254,0.581222875921521,-2.34131290194038,2.37260986900982,7.69303634192087,4.68459503014121,3.2260300804775,0.758075894810524,0.537010373930469
-1.38451336574972,1.37408275846183,1.72628494124436,0.579732560857251,-2.33137734957533,2.39347452856383,7.69552020998785,4.69154989011887,3.21460435037852,0.737211420687156,0.485842873037945
-1.39146822300932,1.36066980315036,1.72131721482039,0.570293898779116,-2.31846113150046,2.40738430159984,7.70098471973567,4.68260792728581,3.21460435037852,0.727275956814943,0.456533333683842
-1.47343618338563,1.28764371324532,1.72628494123981,0.507203894413425,-2.30504813580003,2.38204864359909,7.73973306163491,4.72930484431261,3.14157903194127,0.664185761307341,0.494784766439407
-1.45058450956274,1.31248251935031,1.7277752591665,0.528068305300615,-2.26431237111023,2.41682307616565,7.70942987119873,4.70993059149382,3.14604996980411,0.695482472497776,0.424243163196345
-1.3566939365318,1.35172783306823,1.76056225356564,0.613016264052002,-2.2672930368191,2.43917806853575,7.66422347240171,4.68459503012591,3.18281101451589,0.766521039224528,0.318430758440856
-1.39494565142072,1.33434066878835,1.77894284132157,0.606061460420024,-2.26878336967401,2.45209428634564,7.69104924754594,4.68658213297956,3.16790788829635,0.746650111492193,0.280676097547151
-1.39693275349466,1.33483744491107,1.79185893002731,0.607055003796094,-2.25934459492505,2.45010717591285,7.70694600317011,4.67316918873119,3.12965653100564,0.748637204266689,0.2146054409943
-1.40637148834103,1.33185678817722,1.79931051966337,0.618480752616255,-2.25487359636105,2.46451372654498,7.71141696569324,4.65131105735354,3.12319850964709,0.762546853671594,0.159960537038986
-1.41879087630856,1.30801153429392,1.78589765831925,0.613016264045512,-2.26679625919335,2.47097183545122,7.73774596718898,4.62547872029766,3.10332767466921,0.751121070215071,0.134625172500263
-1.42524895805293,1.30205022082147,1.79980729230348,0.628416186375929,-2.25835103968479,2.47097183545122,7.75612659087917,4.62200129030761,3.09041163193549,0.745159791893005,0.0978640553098261
-1.44362965223385,1.31049541490293,1.80427824608406,0.644312880389135,-2.25636392921236,2.47742994435705,7.74172015608595,4.59815605608796,3.08097298532713,0.754101709377288,0.0521610447438112
-1.47741038752157,1.31148896714848,1.81669756214123,0.654745085843658,-2.25586715159425,2.48786227412866,7.75662336448078,4.60063993465312,3.05017319110991,0.728766276479341,0.0158966994090106
-1.52410728627725,1.2886372654993,1.79881374702445,0.672628866628792,-2.23102827069065,2.49481716064139,7.78146204514219,4.60362058892756,3.03874746099049,0.686540554958176,-0.0114257525551967
-1.60706879786184,1.23895965326326,1.81421369892579,0.639345163536592,-2.25735748444434,2.47742994436453,7.82021038700245,4.64137554312042,2.96770922594197,0.622456812940845,0.0144063838593452
-1.65773990072475,1.23448866815944,1.79732342909179,0.621461382776584,-2.2469251544652,2.46550728176978,7.83809423708937,4.65627881451736,2.96572214244574,0.590663328564903,-0.0104322088502952
-1.69450128911328,1.2210757128491,1.78639443096906,0.622454926152728,-2.23152504830291,2.47693316674955,7.85349421909882,4.67217563733912,2.94783839096784,0.583708503853617,-0.0332837141468632
-1.69400451359478,1.23150801142381,1.80030406494878,0.640835478601193,-2.21115716596466,2.49531393824649,7.82567489674744,4.67913049732093,2.97118662204997,0.587185916208478,-0.0700448313779597
-1.75063692274593,1.19424980221905,1.80129761023334,0.610035633940738,-2.19526028218942,2.50028171432449,7.85150712463742,4.70247895583706,2.92001922198257,0.506211885599571,-0.0506707290572534
-1.77398537214117,1.16444323483116,1.79980729230555,0.607551775499001,-2.17240851176694,2.49779782628384,7.85200389825019,4.73526615286357,2.92299984723049,0.501244153659783,-0.0700448313633257
-1.80031447465427,1.15202383175873,1.79782020173708,0.614009807440513,-2.16296973702619,2.51270115452256,7.84455229405369,4.7372532557151,2.91107734623822,0.487334504234267,-0.100347914480328
-1.76901761700274,1.17686263786321,1.81371692628063,0.621461382754887,-2.14607929801827,2.5430045885955,7.84008133152934,4.73278227429561,2.91207088798667,0.495779648521067,-0.1679088867253
-1.75610145350512,1.16295290642165,1.80527179136276,0.647790282211339,-2.12372430521609,2.57132091223802,7.8316361801071,4.74172423712752,2.92051599285734,0.509192524765416,-0.217089300318586
-1.76206275973537,1.16742389152866,1.79831697436777,0.68306107204662,-2.12571141568728,2.56684991376579,7.83412004817139,4.71837577863198,2.91753536760774,0.53601827727222,-0.269250345033812
-1.78938541330998,1.1346366673958,1.78937506681387,0.677596583473991,-2.11229841999722,2.58572746286578,7.85051357739522,4.7193693300571,2.90909026272527,0.53601827727222,-0.307005005953484
-1.81273386270205,1.11724950309513,1.79235570266816,0.684551387104768,-2.09739509146478,2.60559856718701,7.86988774830296,4.7288080686025,2.88574203162999,0.517140895898529,-0.333830686098714
-1.82813390379939,1.10930108512987,1.78242024982316,0.724789893797432,-2.08398209578445,2.59864368067825,7.86889420107694,4.73576292858287,2.88425171900612,0.49478610216623,-0.389469133836624
-1.8773146801775,1.07899774163824,1.78192347718122,0.702435167844392,-2.06758843440491,2.5901984613436,7.90565544846083,4.75662750851316,2.84947775781017,0.454050700254579,-0.403378745771476
-1.88874051712666,1.07204287591352,1.76950416112003,0.719822176932692,-2.04473666399954,2.59665657024343,7.90565544846083,4.7680533499043,2.85692932093481,0.472928081654751,-0.453552703084549
-1.8802953333004,1.09092036859687,1.7878847488868,0.755589738464169,-2.04523344161715,2.62149545063816,7.89522320258998,4.73427260145187,2.85593577918555,0.470444215684364,-0.527074937569564
-1.88973406817016,1.07850096551794,1.80229115550291,0.761550998716035,-2.0377817773512,2.61851478499117,7.90267480678648,4.72533063861834,2.85742609180997,0.452063607499123,-0.565326370392216
-2.00498598859929,0.981132845439312,1.77248479697143,0.739693044452726,-2.02983333546992,2.60559856719436,7.95384248894413,4.75811783567036,2.82016827620957,0.397915329359016,-0.53850069022128
-1.98163753921626,1.00249421872119,1.78788474887731,0.772479975803251,-2.02585911452986,2.61255345369784,7.94490056390456,4.74321456428153,2.83705848594035,0.42325076223886,-0.593145594290893
-2.01045051934864,0.98659738278132,1.78043315923664,0.763041313740703,-1.99108468131187,2.63987622212599,7.94440379029173,4.76209204136523,2.83656171506537,0.41530239112973,-0.611029381067412
-1.99107627408365,1.00348777097665,1.78092993187864,0.801789505405532,-1.97270390945452,2.6433536653796,7.93744895971372,4.75513718138829,2.8718324471982,0.448586195150533,-0.669648459940469
-2.03528929533113,0.969706994584574,1.79036861208042,0.799802418654127,-1.96574902280975,2.64484399820301,7.9637779611708,4.7794791912997,2.84451004907383,0.434676545705138,-0.688525790424757
-2.11328305199837,0.914564844877068,1.77844606865868,0.750622021574406,-1.94438758526284,2.64633433102649,8.00351985016965,4.82518255682217,2.80725223344147,0.406360473606003,-0.647790498322684
-2.13067019518491,0.905126098535689,1.75758161768418,0.769002574026496,-1.93693592100374,2.65179888471397,8.02388756828294,4.82170512683537,2.80079421206994,0.408844339578757,-0.674119406642334
-2.13514117486205,0.918042277737107,1.76304611675224,0.797815331911229,-1.95034891667337,2.64484399820638,8.01792628492696,4.82816321109691,2.79781358682041,0.428218494153928,-0.717338558046055
-2.16097350186879,0.922513262844117,1.76155579882595,0.801292733723404,-1.92352292533961,2.66074088164526,8.01891983215301,4.85051811816768,2.82265213053728,0.445605555939734,-0.750125500498889
-2.16693480810412,0.924500367337185,1.75062680070451,0.811724939159929,-1.90812281919854,2.67465065466131,8.02140370021783,4.87535690380606,2.80824577516332,0.453057153854839,-0.77397054955131
-2.13116697067415,0.969210218443404,1.7665235252612,0.824144231357899,-1.89570337876519,2.6910443157099,8.01444886964171,4.87883433379314,2.81867796353833,0.457528112606269,-0.835073487746905
-2.17885742050042,0.940397203314475,1.74714939221603,0.798312103631638,-1.88328393833245,2.68259909638398,8.03183594610352,4.91062797940861,2.79036202368757,0.425734628202564,-0.828615453625358
-2.14159925654226,0.961758576606214,1.78092993189401,0.805763678944543,-1.89868404446459,2.68110876356144,8.0348165877803,4.90864087655857,2.79781358681094,0.441134597223447,-0.891208707411634
-2.17488321636551,0.932945561442222,1.77794929604174,0.797318560254711,-1.87831616215538,2.66123765924818,8.0661133253605,4.92354414793465,2.77297504306182,0.406857246813056,-0.910582809771566
-2.12123146025485,0.983119949889551,1.78639443095463,0.827621633192366,-1.86043216793676,2.67266354422457,8.04077787112891,4.90715054942628,2.81470379654603,0.452063607472903,-0.975163150975267
-2.01939247866661,1.03875887571997,1.806762109295,0.878292345333235,-1.86987094266405,2.68955398288408,8.01693273773997,4.86244073532937,2.84401327818257,0.496276421784407,-1.06805948790804
-1.96772782466114,1.06657833861007,1.82663301498558,0.902137386327187,-1.87781938454053,2.71936063933889,7.98662954736806,4.86293751104181,2.85891640442145,0.521611854687718,-1.12320116388384
-1.92252125240591,1.08495905515379,1.86140709992256,0.912569591758056,-1.85695472461377,2.73028974670703,7.99259083072404,4.84406003396349,2.87978078115896,0.556385978234025,-1.17983315545525
-1.95779231432251,1.04571374140788,1.86687159898497,0.922008253816649,-1.86142572316696,2.70892830958356,8.02587466276555,4.86293751102516,2.82911015194427,0.514160256726272,-1.18927182071224
-1.88178565992587,1.09936556265768,1.87432318861399,0.960756445390764,-1.84503206180366,2.71737352891074,8.00948113353147,4.83710517396058,2.86885182191657,0.558373070961719,-1.27123917694786
-1.90513410935367,1.06657833852138,1.88028446031888,0.971685422518648,-1.82913517805993,2.70048309025443,8.00302307656555,4.8495245667664,2.85643255004095,0.572282720403801,-1.29607776973932
-1.90265023175637,1.05614603993157,1.90860050091584,0.976653139391653,-1.83360617661485,2.70545086632887,8.01395209604737,4.83859550109203,2.8420261946631,0.577747225539519,-1.34178078047004
-1.94437937539315,1.02236526355438,1.89220700372764,0.982117627952699,-1.81025762861257,2.71538641847734,8.034319814159,4.84008582822958,2.83705848591449,0.567811761656525,-1.34029046490246
-1.92848255875575,1.03925565175821,1.89965859335732,1.00099495207803,-1.80181240912443,2.73823818843615,8.017926284957,4.8371051739553,2.84699390341779,0.597618153321285,-1.36910323253354
-1.96524394718985,1.00299099477228,1.89518763958044,1.00745298400967,-1.79237363440421,2.7422124092962,8.01891983218243,4.86641494097552,2.82066504706275,0.570792400854949,-1.38499993192415
-2.01790215225326,0.982126397601195,1.89916182071715,0.993543376768,-1.76852830878572,2.73674785561357,8.02835853081927,4.87933110950312,2.81867796356331,0.565327895720966,-1.40139340317194
-2.11179272547512,0.913571292563024,1.87183932538654,0.962246760457653,-1.75511531312095,2.72631552585867,8.07157783510493,4.92006671787929,2.767013792555,0.51614734946565,-1.38350961635992
-2.15501219565152,0.888235710296343,1.86389096312157,0.954298413463195,-1.73971520699811,2.7253219706436,8.0929391004479,4.94291840065594,2.7461494158175,0.482366772307274,-1.37109031995521
-2.11775403165656,0.909597083609146,1.8539555102795,0.972678965880407,-1.7178569918584,2.7536382942682,8.08350040181543,4.92056349360719,2.74465910319162,0.514160256745476,-1.40685789358264
-2.18581227773974,0.850977501126364,1.84203296687148,0.95131778335517,-1.7009665528917,2.76208351359235,8.11281004498115,4.9404345221215,2.71584639246946,0.484850638331364,-1.42126427742476
-2.18034774702069,0.859919471349859,1.82613624232042,0.95181455504266,-1.69301811102444,2.78294817310719,8.14311323533989,4.9429184006817,2.71882701772031,0.469947442500168,-1.42921262712157
-2.20021876780588,0.842035530899491,1.81222660834892,0.958769358662811,-1.66619211970948,2.77748361942525,8.14609387701561,4.94490550353205,2.73124628959837,0.465973256947076,-1.4505738169391
-2.18630905325274,0.833590336797662,1.82067174326605,0.962743532160824,-1.66519856447593,2.79586439088886,8.1441067825667,4.95086681208109,2.73273660222308,0.477895813606037,-1.48634139057765
-2.21810268653738,0.797325679756944,1.82067174326605,0.953801641787872,-1.65327590167504,2.80430961021585,8.17142933122852,4.96875073771985,2.70442066232583,0.462992617779574,-1.48882524985724
-2.32143199485061,0.727777022368218,1.7903686120803,0.895182582640178,-1.65377267929178,2.78592883873248,8.23998408965276,4.98216368193449,2.65673065827492,0.393444370466067,-1.44312223912776
-2.32192877037059,0.728273798491553,1.78142670452139,0.940388806140528,-1.63539190747974,2.78841272677019,8.22657120211474,4.97918302765967,2.66269190877266,0.417786256959754,-1.47839304092809
-2.33087072974298,0.724796365622007,1.80080083757857,0.966220933892252,-1.61005624902571,2.79685794609594,8.23402280629159,4.96278942917723,2.68107243116571,0.424741081690552,-1.50174131815663
-2.32938040318396,0.707409201305659,1.7893750668161,0.976653139321835,-1.60856591617573,2.80729027585215,8.22557765487991,4.93596354069752,2.67461440979022,0.423250762108635,-1.54048952295319
-2.29907709650797,0.710389858045448,1.79583311116411,0.984104714621336,-1.61204335949186,2.81921293842075,8.21762927708036,4.92652480215799,2.69746587004166,0.438153957920505,-1.59712151460114
-2.33583848497837,0.707905977428566,1.79334924795304,0.993046604983492,-1.61204335949186,2.81126449670399,8.23451957990027,4.92751835358317,2.7078980584113,0.425734628070214,-1.58321190261555
-2.33981268913757,0.699957559452293,1.80427824608351,0.991556289920985,-1.60757236094288,2.82517426970363,8.24048086324362,4.93149255927882,2.71038191278667,0.425734628070214,-1.58867639303311
-2.35372240369636,0.702441440071207,1.80129761023097,0.989569203172615,-1.61104980425951,2.84305826356708,8.25190665632939,4.93745386782863,2.69796264090861,0.430205586817384,-1.60904403914977
-2.34925142402017,0.718835052148475,1.81918142533561,1.01788518932328,-1.58173992489134,2.84305826356709,8.24594537298134,4.93546676497915,2.68405305640706,0.430702360011343,-1.63437940383146
-2.34428366881685,0.749138395706864,1.81520724420019,1.03427865500399,-1.5693204844811,2.86789714392305,8.22259701321832,4.9434151763688,2.7123689963043,0.443618463061628,-1.69200493916527
-2.21909623764457,0.844519411502218,1.85494905558019,1.10183960451517,-1.55491393360035,2.92154912551003,8.15255193395592,4.89721503514551,2.78340723146423,0.546947287548708,-1.81172695652284
-2.25585762614987,0.808254754471392,1.85544582822248,1.05166566414046,-1.55292682313517,2.93098790005096,8.19626801182137,4.91062797937858,2.76105254208865,0.502237700087067,-1.79235285412129
-2.1689219101616,0.86290012807662,1.87034900748206,1.08792999727453,-1.53404927371912,2.95135578194178,8.15652612284306,4.88678274519727,2.77496212659123,0.566321442128142,-1.869352491895
-2.18829615543561,0.864887232570563,1.88674250466058,1.10283314787886,-1.53007505278636,2.97023333101271,8.16646159509168,4.90218279229207,2.78489754409112,0.565327895740132,-1.89568140030573
-2.26479958547342,0.831603232288283,1.88078123295481,1.06557527135381,-1.50126195104191,2.96874299819196,8.18831963403214,4.92404092363967,2.76999441784311,0.540489236047109,-1.8614041421926
-2.26976734067616,0.798319231996924,1.87382641596188,1.05613660930475,-1.46599074030324,2.98513665922984,8.19974542710735,4.93198933503922,2.72677535170534,0.525089267021335,-1.8648815451885
-2.30007064741027,0.771990097431457,1.87481996124611,1.07799456354382,-1.44512608042084,2.97818177273105,8.19428091737602,4.93596354073404,2.72031733032874,0.537508596881487,-1.88822982243629
-2.3189481171807,0.780435291533817,1.87034900746633,1.10879440812155,-1.41233875774454,2.98960765769226,8.19279059653915,4.93000223218423,2.7377043109559,0.548934380341638,-1.91952644941804
-2.37756762855266,0.744667410623323,1.85047810179333,1.08693645390348,-1.41631297867337,2.98364632640834,8.21216476741319,4.95335069065252,2.7337301439537,0.531050545350829,-1.90164266258209
-2.38849669000124,0.738209321015772,1.85942000934671,1.09637511595603,-1.41283553535984,2.96576233255468,8.24892601468615,4.95384746636426,2.71982055944772,0.516147349522789,-1.89617817215862
-2.4292322826172,0.678596186188715,1.84551037537438,1.0834590520964,-1.39644187402506,2.95930422366642,8.29015822449723,4.98812499050834,2.68355628558599,0.471437762074163,-1.86438477332024
-2.45953558939769,0.649783170973931,1.84551037537438,1.09041385572015,-1.37458365892072,2.96774944298932,8.2971130550571,5.01942186034899,2.66169836706158,0.460011978594657,-1.86537831703289
-2.56733587726701,0.578247409137928,1.82514269704965,1.03278834002452,-1.38054499031339,2.96576233256172,8.3472871898779,5.0641316744146,2.62145992615299,0.38797986543246,-1.79881088823842
-2.58969077567828,0.548440841711266,1.80179438288147,1.02036904785502,-1.34875122287892,2.95085900434909,8.37460973853378,5.0859898057537,2.60307940377436,0.393444370565865,-1.77844324210771
-2.58323269391302,0.540492423726486,1.80328470080811,1.05216243582737,-1.33831889294692,2.95234933716984,8.39448068300241,5.09046078716264,2.60655679989988,0.40238628805914,-1.83209460264677
-2.59018755119848,0.561853797053186,1.81023951780105,1.06259464124975,-1.32291878686872,2.96178811170162,8.39199681494319,5.11529957276495,2.62891148929299,0.430702360129045,-1.85892028291194
-2.60459404129775,0.546950513323903,1.79782020174388,1.05116889244592,-1.31397678978275,2.97619466230397,8.40938389135537,5.11182214278202,2.62990503104337,0.406360473595415,-1.87581052603661
-2.5588906934564,0.565331229889214,1.81222660836339,1.05613660930889,-1.30255090461996,2.99507221135818,8.41335808025342,5.11678989990699,2.64480815728335,0.408347566370384,-1.90959101233255
-2.55193583616797,0.569802215005981,1.79483956588028,1.05613660930889,-1.29509924037903,3.02140142451746,8.42230000526528,5.11182214278846,2.66070482528747,0.413812071508272,-1.93840378001698
-2.55392293825003,0.570298991129702,1.78192347719055,1.06954944484965,-1.27473135812592,3.04226608401207,8.39497745662351,5.09244789002093,2.69100784866325,0.434179772470296,-1.981126159713
-2.55839391793133,0.584208722602775,1.78242024983262,1.11475566832215,-1.2583376968042,3.0482274152936,8.38901617328308,5.08449947863066,2.71882701765887,0.482366772271575,-2.02384853940844
-2.49629697784587,0.638854096256168,1.77844606869391,1.14555551291278,-1.26976358196948,3.09045351186268,8.35722266213067,5.04773807595544,2.77595566829795,0.524592493791622,-2.0809773029311
-2.43966456849397,0.668163887590116,1.77397511491201,1.19026496475991,-1.2488989221027,3.10684717288534,8.34530009545306,5.00402181331465,2.81221994220678,0.564831122557687,-2.15748016886942
-2.49530342684666,0.644318633621763,1.75360743656864,1.20864551716806,-1.22455681894391,3.12274405631181,8.33834526488998,5.03333158029839,2.82165858883573,0.546947287569718,-2.17685427128617
-2.5216325294383,0.639847648504151,1.75410420921083,1.18430370450623,-1.21263415617096,3.13118927562759,8.34679041628261,5.03134447745011,2.80675546257931,0.511676390765953,-2.16195111557302
-2.51517444767317,0.620970155797825,1.77248479696404,1.20417457196251,-1.21809870993932,3.13963449494229,8.35573234129422,5.02190573892502,2.82563275582541,0.506211885632981,-2.19622837371814
-2.49629697788957,0.609047528807642,1.77099447903656,1.23547118823584,-1.19624049485663,3.15205393510967,8.34679041628431,5.02687349604329,2.83556817332652,0.541482782436747,-2.22156373841971
-2.55839391791126,0.578744185273418,1.76155579883897,1.22156158101644,-1.20965349048317,3.14211838297776,8.37957747466023,5.06313812301655,2.81470379658748,0.525586040231109,-2.19920900483803
-2.54746485646183,0.576260304653096,1.77049770640395,1.22255512439051,-1.19723405008763,3.14162160537125,8.38901617327911,5.06363489872847,2.7953297324558,0.523598947453879,-2.21709279168801
-2.6100585721256,0.524595587730337,1.74615584692329,1.19622622498726,-1.1877952753918,3.14311193819159,8.42130645803318,5.09542854428541,2.76452993820462,0.486837731067342,-2.17834458684534
-2.64731673616676,0.520621378738864,1.72330430537304,1.15598771838482,-1.20120827101769,3.15702171117597,8.44068062888246,5.12573186269312,2.74465910321165,0.4401410508494,-2.15698339699141
-2.66470387937553,0.485350273940655,1.72876880443852,1.16194897862273,-1.18084038877097,3.15006682468745,8.46353221502884,5.14162868548025,2.72677535172456,0.427721721000423,-2.18678970842982
-2.6309231440322,0.514163289114924,1.7436719837069,1.17685212921641,-1.17140161407629,3.16497015287997,8.45011932750723,5.14162868548025,2.76254285469437,0.457031339430047,-2.22156373845446
-2.6194973070392,0.528569796723677,1.75758161770016,1.15847157680826,-1.18531138730636,3.19278969885049,8.45906125251641,5.12771896556135,2.75757514594284,0.453057153874851,-2.23646689416661
-2.553426162851,0.553905379045645,1.75460098184684,1.21063260390477,-1.18431783207559,3.22358991044707,8.43720321360983,5.12672541413712,2.79334264893983,0.5101860711998,-2.28912471104683
-2.5976391841987,0.52459558770862,1.71585271574905,1.17337472740818,-1.16891772600484,3.20719624942164,8.45657738445331,5.1406351340672,2.77694921006923,0.480379679537408,-2.25782808404349
-2.63539412377981,0.525092363833331,1.70790435346695,1.17387149909466,-1.17289194692724,3.21464791351893,8.48290638585887,5.16795779819468,2.75409774980939,0.450573287876593,-2.25832485590056
-2.64632318523919,0.509195527865439,1.67909154019945,1.1778456725869,-1.13613040337908,3.21762857915894,8.48042251780215,5.17540943386561,2.74515587405752,0.44560555593457,-2.26527966190229
-2.66420710397705,0.497769677008601,1.68207217605339,1.19721976837133,-1.10980118976533,3.23451901777428,8.48837089558269,5.18186751811928,2.76502670906412,0.465973256891204,-2.29657628891071
-2.61303922528812,0.517143945867852,1.69200762890689,1.22305189608804,-1.09837530461303,3.24197068187455,8.48439670669296,5.17739653671603,2.79185233631777,0.509689297991419,-2.35320828061763
-2.57528428572677,0.516647169743871,1.71436239781507,1.24143244849665,-1.0725428686006,3.24495134751299,8.48787412197142,5.15404807827498,2.80774900431371,0.547444060729811,-2.4033822382012
-2.63390379720323,0.497769677013377,1.69697535532785,1.22503898283815,-1.04770398783922,3.2469384579385,8.5132095761438,5.16994490104892,2.79334264893763,0.529063452538245,-2.3730791549057
-2.63092314408684,0.488330930667047,1.69300117419091,1.26080654421805,-1.02634255038829,3.27426122626698,8.49979668861234,5.16646747106184,2.81221994214626,0.551915019417734,-2.41629830655369
-2.62148440918342,0.484356721672405,1.68604635719571,1.27322583638756,-1.00796177862198,3.27873222472346,8.52165472750526,5.16994490104251,2.8196715052731,0.557876297750212,-2.41977570955406
-2.66718775702477,0.473924423072526,1.68604635719571,1.26925166289924,-0.994548783011323,3.27277089344985,8.52612569001101,5.1967707894784,2.81420702565264,0.54148278236171,-2.41480799097722
-2.66172322629227,0.48435672168817,1.69548503740724,1.300548279161,-1.00001333677705,3.3030743274576,8.51817731223155,5.18633849953179,2.82563275577598,0.567811761665929,-2.45007879284004
-2.75163959578178,0.455543706437698,1.67760122225879,1.25981300082845,-0.992064894933019,3.28668066644047,8.56089984273345,5.19229980806351,2.79383941971944,0.524592493673658,-2.40785318501323
-2.80380102553849,0.413814511971181,1.67263349582837,1.25236142552987,-0.968219569423396,3.29760977378396,8.58077078717778,5.20372564941999,2.80129098284628,0.512173163812849,-2.4128209035867
-2.83013012814748,0.399904780485845,1.65375613541117,1.24341953517014,-0.954806573821804,3.28817099926511,8.58176433440011,5.22210635074544,2.80576192072008,0.488824823689976,-2.40685964129733
-2.8251623729404,0.404375765604959,1.64680131841433,1.2578259140747,-0.938412912527406,3.30903565873332,8.57679659828673,5.20322887369797,2.82215535957984,0.487334504108691,-2.42673051560116
-3.00698221397063,0.290614032938665,1.60556918907168,1.18082630252129,-0.9379161349121,3.29065488729026,8.64684167732642,5.28022910887448,2.73223983106366,0.360657339357386,-2.31098267296218
-3.03678874528127,0.262297793814688,1.61451109663878,1.17784567240013,-0.947354909597893,3.27674511430822,8.66571907453006,5.31649373577816,2.72826566406156,0.351218648657425,-2.30700849810561
-3.09391793007245,0.23398155475312,1.60258855322232,1.12320078693305,-0.94437424390883,3.26382889655689,8.71440288848616,5.35424868988976,2.68405305625583,0.290115545852199,-2.2454087877262
-3.1276986655323,0.206162091771938,1.58321442014912,1.13512330740858,-0.923509584085894,3.25289978921732,8.71688675654052,5.36517775553919,2.68107243100542,0.303031648899407,-2.26329257459045
-3.18532462597013,0.16145224057752,1.56483383237529,1.08991708392382,-0.919535363165896,3.24197068187844,8.76557057042119,5.38008102687623,2.65176294937966,0.264780112937225,-2.23895075357369
-3.24990544379232,0.129658568591684,1.56384028709012,1.03924637185662,-0.908606255635902,3.22358991043576,8.82021566758518,5.41038434527687,2.61102773760614,0.225535030564602,-2.19275097085885
-3.14210515554694,0.164432897337873,1.58569828338009,1.0765042483835,-0.888238373424601,3.25339656682206,8.78395119402602,5.39945527963396,2.67312409704515,0.29607682424776,-2.26577643383701
-3.12273091019634,0.176852300460599,1.59911114473885,1.06855590139531,-0.887741595810111,3.25240301160923,8.78891893013372,5.39051331683382,2.67163378442,0.304025195359625,-2.25584099669074
-3.16197617639957,0.156981255467366,1.60109823531008,1.04123345860489,-0.885257707736702,3.26531922937091,8.83213823425258,5.42230696232812,2.62742117651351,0.28216717479274,-2.22752500082943
-3.26927968908668,0.0884261502148007,1.57427251258107,1.00844652728991,-0.865386603154946,3.23551257298209,8.87883495366503,5.47099098204427,2.57277638026276,0.225535030616204,-2.18082844623248
-3.09193082773845,0.189768479778181,1.59662728151432,1.08196873703757,-0.838063834331609,3.28419677839458,8.80878987462534,5.40193915825514,2.66716284665055,0.355689607721173,-2.30899558531363
-3.06957592925222,0.227523465269287,1.58321442016189,1.09935574607146,-0.81074106551619,3.293635552919,8.79140279825427,5.36666808277439,2.68405305640409,0.398908875624208,-2.35668568362088
-3.14458903295396,0.174865196047167,1.56731769559347,1.06855590147021,-0.792857071390882,3.28370000079777,8.83064791349183,5.38852621406815,2.66020805440142,0.373076669500391,-2.32439551289878
-3.14409225743217,0.178342628921604,1.57625960316849,1.03924637195523,-0.815708841674249,3.30605499307784,8.84604789542133,5.40144238255489,2.63835013588505,0.328367081991417,-2.31595039132291
-3.13465352252399,0.171387763172658,1.59414341830004,1.07203330328394,-0.799315180387373,3.33039709578024,8.84207370653797,5.39796495257729,2.67411763888028,0.355689607686644,-2.32290519732605
-3.13365997147934,0.166916778046224,1.58122732958744,1.11624598342808,-0.805773289381667,3.35722308652961,8.81475115797639,5.39945527971051,2.70491743315562,0.371586349923418,-2.36413726146662
-3.17986009495754,0.140587643428808,1.57973701165948,1.1003492894517,-0.803289401308498,3.34629397919234,8.84008661211434,5.41038434535342,2.69398847390814,0.34823800979004,-2.37009852375696
-3.20817629970567,0.125684359680755,1.56831124087306,1.09587834426947,-0.808753955068547,3.36417797301696,8.84952531071526,5.43621668232022,2.69150461953265,0.328367082004067,-2.37506624232976
-3.20867307522762,0.108793971423385,1.56682092294466,1.10978795151285,-0.800805513235653,3.35722308653078,8.85200917876496,5.43671345803065,2.72677535169055,0.326379989223997,-2.39195648547248
-3.05020168396363,0.206658867991444,1.61153046080258,1.16741346712187,-0.801302290849963,3.40739762476361,8.7760028162561,5.40094560682267,2.8072522333904,0.434179772290312,-2.50472369720705
-3.19128593210718,0.118232717710282,1.59911114473222,1.11227180983627,-0.792360293788388,3.3721264147299,8.83462210227926,5.46453289780303,2.75111712448642,0.354199287993042,-2.42573697190648
-3.19078915658548,0.0879293740971925,1.60805305230169,1.10978795140377,-0.775469854902459,3.38901685334311,8.86293819807512,5.48390715053993,2.74863327011178,0.334825133428125,-2.41232413175131
-3.15353099246777,0.104322986226075,1.60209178058466,1.15151677311029,-0.755101972723124,3.3929910741921,8.8465446689355,5.48390715053993,2.77744598086147,0.36761216427151,-2.47193675464506
-3.19675046289962,0.0611034633217815,1.58619505600357,1.15946512010161,-0.717346874007759,3.37610063558246,8.85051885781842,5.48937168335862,2.78738139837184,0.37307666941721,-2.45753037078482
-3.32293144564376,-0.0144065077983801,1.53651779170232,1.1063105495873,-0.68853377238369,3.34082942553611,8.8922478410506,5.54103635724668,2.74565264487126,0.304025195310681,-2.41331767550157
-3.27126679137499,0.0064580894510852,1.54545969927364,1.11574921162799,-0.667669112563274,3.35722308653458,8.89870589798702,5.54004280582454,2.75211066624564,0.333334813774434,-2.45852391455227
-3.21612470852353,0.0367614330648114,1.54595647191631,1.14158133933325,-0.653262561744805,3.41286217838062,8.87138334940539,5.5147072445519,2.79284587795627,0.383012133172314,-2.51068495963408
-3.18383429960273,0.0462001794396685,1.55390483420334,1.16443283692092,-0.646804452755812,3.41882350965248,8.87585431189887,5.5147072445519,2.81023285857832,0.409341112484199,-2.53701386808114
-3.16396327873244,0.053651821319406,1.55539515213174,1.17436827066032,-0.627430125800996,3.43869461389326,8.86194465081618,5.49135878614778,2.81967150520171,0.445605555687361,-2.57774916039848
-3.24642801512998,-0.00447098522296857,1.52757588414521,1.17089086886099,-0.604081577941389,3.42478484092852,8.91261555919054,5.53457827301567,2.81122640034698,0.406857246638013,-2.53999449916241
-3.16396327844472,0.0442130750850757,1.521117839785,1.22801961289282,-0.579242697235183,3.46850127025824,8.87237689677114,5.51669434744877,2.86090348788053,0.470444215548083,-2.61798768074744
-3.16346650292303,0.0427227467096601,1.50273725199815,1.23547118818938,-0.576262031550871,3.47893359998388,8.87982850092066,5.5087459360719,2.86587119662951,0.466470029993833,-2.6358714676221
-3.21960213688106,0.0183807165748065,1.49975661613884,1.20119394179394,-0.590668582358557,3.46353349419029,8.89026074673848,5.5311008430511,2.85047129950976,0.445605555827398,-2.60109743758898
-3.19178270762921,0.0317936719673471,1.50273725199894,1.21460677733469,-0.577752364392889,3.47992715519395,8.88628655785555,5.53805570299991,2.88723234425577,0.482863545414757,-2.63487792389087
-3.09739535827384,0.0899164787062007,1.52658233888185,1.24590339363578,-0.58023625246234,3.52115969651052,8.85797046210125,5.52364920741051,2.92250307638687,0.538005370081413,-2.67561321617239
-3.10981474630971,0.0924003593299116,1.51267270487996,1.24888402375298,-0.551423150840359,3.51619192045158,8.83909306489606,5.53457827305116,2.93293526475652,0.555392431860318,-2.68554865333386
-3.1490600124711,0.0760067472158289,1.51565334073566,1.2389485900241,-0.544965041856044,3.49284337299647,8.84555112183722,5.56587514285368,2.92697401426739,0.537011823698424,-2.67362612873719
-3.15502131873033,0.0601099112139001,1.5062146605194,1.23547118821895,-0.522113271603576,3.50625636835263,8.8296543662999,5.57730098419327,2.93194172301381,0.547940833967982,-2.68753574075458
-3.20072466675505,0.0382517616933481,1.49578243501783,1.23646473159262,-0.520126161147703,3.51668869807234,8.83710597045266,5.6036300968597,2.93790297351053,0.530553772166991,-2.64680044843723
-3.22407311626519,0.0347743288187659,1.49180825387314,1.24242599181967,-0.520126161147703,3.54351468878269,8.84555112183473,5.60263654543854,2.92548370165894,0.541482782419775,-2.64779399215348
-3.25835062726478,0.0109290748028549,1.47640830192725,1.23497441652035,-0.525093937286546,3.52612747258172,8.85449304682447,5.61257205964444,2.93690943177444,0.520121535075578,-2.64630367658023
-3.25040221891913,0.0188774928039863,1.48087925571509,1.25087111047715,-0.515158385008621,3.54997279765155,8.83164146075634,5.64784313510416,2.96522537162034,0.539495689644596,-2.67760030363186
-3.25835062727711,0.00894197029276678,1.47789861985526,1.25285819722631,-0.498764723745493,3.59269567176383,8.84257048017815,5.66224963069915,2.96373505899523,0.534031184501935,-2.68356156592091
-3.22357634075478,0.0332840004301758,1.47640830192528,1.28514835682486,-0.496777613289956,3.62250232810489,8.83561564963095,5.6672173878039,2.97963172697286,0.553405339058135,-2.73721292658194
-3.25089899447977,-0.0149032837790941,1.45802771412269,1.26329040258795,-0.496280835676042,3.61654099683467,8.84853176348922,5.67665612629473,2.96075443372722,0.535521504048865,-2.73522583915252
-3.24146025957196,-0.0283162391502303,1.468956712268,1.25136788211653,-0.508203498411279,3.65677998288196,8.85797046209425,5.65926897640895,2.98758006093881,0.536018277242312,-2.7322452080038
-3.29560879146293,-0.0804777323160615,1.43318908196476,1.24739370862361,-0.503732499884863,3.66373486936037,8.8887704259361,5.67367547201515,2.96472860071425,0.518631215450984,-2.70989047439549
-3.28766038311759,-0.0710389859386281,1.43219553667853,1.27322583630468,-0.503235722270961,3.68161886315672,8.89622203009593,5.64784313506376,2.99155422792387,0.535024730843391,-2.75062576676247
-3.25338287209141,-0.0541485976709736,1.41381494887432,1.28564512847144,-0.50075183420139,3.70596096581807,8.88380268983966,5.64436570509102,3.01092829202611,0.558373070972443,-2.80527067110097
-3.32988630255033,-0.098858448961135,1.39990531486052,1.22801961286952,-0.502738944656495,3.68608986159111,8.93795101331436,5.68361098618752,2.96174797541911,0.48087645267893,-2.73373552360039
-3.32690564941811,-0.102832657966124,1.40835044980034,1.22901315624292,-0.50174538942863,3.69751574652462,8.96179614659895,5.67367547198162,2.97168339290562,0.49975383405412,-2.74218064518289
-3.31995079211769,-0.0834583890995517,1.40884722244336,1.23050347130072,-0.49826794613249,3.71341262989111,8.96080259937795,5.66473350919516,2.98608974825064,0.535521503975162,-2.75807734464791
-3.31398948584897,-0.0953810161185235,1.40387949600912,1.24192922010455,-0.499758278974053,3.70894163144113,8.96974452435458,5.65976575209466,3.01490245898338,0.561850483284259,-2.78639334053413
-3.3601896093818,-0.130652121019651,1.38698922612675,1.21112937556553,-0.493300169994883,3.69751574651484,8.99011224237819,5.67814645337104,3.01341214636101,0.543966648310015,-2.74913545117788
-3.38949936522829,-0.132142449398823,1.38003440911513,1.21162614725299,-0.485351728173886,3.70099318975599,9.00700254510217,5.70149491172312,3.01639277161149,0.544463421504947,-2.73323875174643
-3.44613177472729,-0.160955464666234,1.35569254959998,1.198710083401,-0.443125631017677,3.68261241836019,9.03829928254714,5.75216603420338,2.98161881040446,0.511179617514975,-2.71833559600645
-3.41185426370045,-0.149529613772452,1.37606022797642,1.19821331171433,-0.427725524989681,3.68907052723116,9.02240252702234,5.76657252979875,2.99801224926382,0.523598947367566,-2.72926457687992
-3.46451246903429,-0.161949016901436,1.36860863832782,1.17933598764296,-0.400899533856768,3.69850930172932,9.04873152836279,5.79935972669265,2.97118662205421,0.508695751556879,-2.68952282822867
-3.46749312216518,-0.170394211033756,1.37456991005031,1.16989732559692,-0.387486538286264,3.68758019441509,9.07754439774443,5.81724365226001,2.96373505894015,0.509192524750799,-2.69945826538987
-3.42675752929498,-0.158471584014785,1.37655700062441,1.18380693282626,-0.370099321810598,3.72831595806232,9.04972507561232,5.80631458664628,3.00596058330694,0.537508596856679,-2.76701923802565
-3.43420916212618,-0.158968360140455,1.35618932223294,1.19423913824402,-0.343770108289668,3.74421284143886,9.04227347146422,5.838108232087,2.98509620657966,0.532044091723708,-2.77049664103077
-3.48587381640296,-0.222058928046296,1.34327323350966,1.16940055393284,-0.339795887380512,3.71738685075169,9.06214441587399,5.851024400555,2.97565755997546,0.485844184729526,-2.73373552352837
-3.46252536686384,-0.202187883018014,1.33731196178664,1.19225205152108,-0.318931227608454,3.73874828778284,9.04078315064481,5.87139220465887,2.97814141434705,0.484353865146978,-2.74416773254459
-3.4158284678096,-0.17287809161761,1.34029259764947,1.23795504662662,-0.312473118631311,3.77799371859345,9.02836381038921,5.8475469705672,2.9960251658083,0.533037638092488,-2.79434169021984
-3.34975732332172,-0.136613434417766,1.34476355144298,1.27521292315167,-0.293098791705492,3.81078104055618,9.02140897985769,5.8261856150547,3.0447087115041,0.574766586419838,-2.86488329399941
-3.31597658781602,-0.127671464158607,1.33582164385714,1.30253536590573,-0.311976341011677,3.82816825674176,9.01743479097876,5.80979201661986,3.0715343387262,0.594140740988343,-2.87928967788129
-3.33684115973994,-0.138103762800536,1.3089959211123,1.31445788638244,-0.306015009649095,3.84009091926814,9.02737026318338,5.81575332513892,3.0779923600914,0.588676235854215,-2.8837606246032
-3.32293144511294,-0.174865196100541,1.30204110410396,1.3010450508473,-0.302537566356648,3.84853613855276,9.03283477289079,5.81028879232716,3.0779923600914,0.585695596690658,-2.89071543061406
-3.34578311912795,-0.202684659145977,1.30800237582433,1.27819355324387,-0.270743799113334,3.87387179640983,9.04177669786207,5.80830168948717,3.07501173484501,0.59414074098528,-2.87730259044708
-3.33783471077059,-0.203678211397329,1.30353142203227,1.2921031604636,-0.258821136395653,3.87188468598964,9.0536992644953,5.79290164247542,3.08594069407856,0.623947132629529,-2.8748187311568
-3.36068638479978,-0.225039584811031,1.30949269375916,1.28564512853896,-0.266272800596272,3.86691690993563,9.07257666166458,5.80780491375761,3.09488256982145,0.616495534718368,-2.86985101257815
-3.37459609943056,-0.242923525350382,1.29011856065565,1.2811741833597,-0.260311469233978,3.88182023809893,9.0964217949278,5.8450630919819,3.08196652709279,0.601592338889539,-2.86289620656832
-3.41384136568934,-0.278691406413308,1.28415728893052,1.27819355324096,-0.248885584129671,3.88182023809893,9.11728628654729,5.8604631389729,3.08296006884135,0.614508441934354,-2.87134132815505
-3.50326095969755,-0.325885138347053,1.29210565122881,1.22305189608986,-0.20516915418383,3.87238146360615,9.15206043924171,5.90169552290438,3.05663121251792,0.555392431912668,-2.81172870518222
-3.56933210418544,-0.373078870330357,1.29111210594146,1.19274882318804,-0.203678821344138,3.85400069220841,9.16994428917455,5.92106977557951,3.02583141831579,0.532044091788559,-2.76652246612478
-3.60808059491632,-0.401395109495956,1.29657660502226,1.18529724789515,-0.187781937716726,3.87238146359065,9.18484749746608,5.95733440240141,3.02285079307064,0.536515050532297,-2.76552892240861
-3.67613884154818,-0.449085617631948,1.28962178800736,1.13959425269616,-0.171388276478529,3.85996202345888,9.23452485840818,5.97670865507554,3.00794766684016,0.515650576369175,-2.72230977078636
-3.69600986244622,-0.456040483397836,1.29409274179876,1.15201354485863,-0.170394721252223,3.85946524585399,9.2424732361615,5.99310225350612,3.03129589793201,0.51664412275708,-2.71485819291763
-3.72979059798401,-0.478395409083059,1.27521538134367,1.16989732559396,-0.171885054090657,3.84555547291622,9.2529054819558,6.01794103899124,3.03775391929863,0.510186071238005,-2.69846472160909
-3.76406810904276,-0.509195528895655,1.27968633513573,1.1564844900608,-0.176356052608978,3.84257480728564,9.25936353887889,6.04576047874539,3.04272162803921,0.492799009451278,-2.67760030357736
-3.75413259859278,-0.522111708178415,1.2930991965135,1.13909748102263,-0.154001060015213,3.85996202347012,9.25787321805044,6.0308572074632,3.04619902416038,0.495779648616097,-2.67461967243049
-3.75065516993437,-0.518137499168502,1.3040281946772,1.14307165451536,-0.137607398777808,3.87685246204381,9.24744097225161,6.0239023475335,3.05365058727407,0.528566679423903,-2.70343244019406
-3.75611970068403,-0.531053678454519,1.30750560318378,1.10978795149288,-0.140091286843422,3.89026545737905,9.25340225556709,6.01545716047545,3.05116673290259,0.531050545393042,-2.6681616382859
-3.72531961826819,-0.52856979782408,1.30750560318378,1.11922661353845,-0.153007504772302,3.8803299052773,9.24942806669108,6.01943136615091,3.0531538163999,0.557379524669388,-2.69598086232784
-3.68657112749523,-0.501743887000966,1.30055078617072,1.14605228463417,-0.147542951027688,3.91361400482484,9.22111197095601,6.03036043175388,3.06805694263257,0.5936439678284,-2.744664504392
-3.6984937400396,-0.508201976639973,1.28763469743142,1.13263944910002,-0.127175068898009,3.91212367201059,9.22856357509722,6.04178627306712,3.06706340088409,0.600598792538766,-2.74565804810817
-3.64831941221319,-0.481376065801643,1.29160887858315,1.14853614309403,-0.126678291284934,3.94540777154901,9.19329264884223,6.03036043174885,3.07799236012085,0.643321287228857,-2.76999986913053
-3.68160337225193,-0.495285797339554,1.2702476549024,1.14108456779747,-0.116742739024516,3.94888521478305,9.2201184237342,6.05420566580467,3.06259246302074,0.647295472779951,-2.7769546751413
-3.66471300447746,-0.472434095528232,1.26428638317533,1.14605228466558,-0.126678291283495,3.96180143251125,9.19826038492027,6.04625725445294,3.07650204749571,0.662695441783308,-2.80179326803588
-3.68210014778567,-0.483859946436653,1.23795743304942,1.14654905635215,-0.105813631539638,3.98415642473148,9.200744252967,6.05569599293178,3.06706340088758,0.679585730376352,-2.82613508907406
-3.6965066379394,-0.489324483827637,1.20864784706193,1.15946512021051,-0.104820076313812,3.99707264246022,9.19577651687131,6.07059926421397,3.07600527662499,0.691011513837108,-2.84501241967497
-3.72432606721985,-0.48634382707064,1.19026725923709,1.15151677322427,-0.0968716345064369,3.98514997993887,9.21713778207206,6.05967019860505,3.08196652711397,0.679585730380283,-2.82017382677399
-3.73475835319971,-0.473924423910879,1.17288021669701,1.16840701058583,-0.0864393046328719,3.99508553203413,9.22856357508796,6.06016697431445,3.09537934071632,0.676605091217278,-2.8420317885159
-3.73128092454218,-0.465479229769336,1.15748026474066,1.1669166955263,-0.107303964381261,4.01197597060462,9.22906034869751,6.06612828282609,3.12021788441615,0.68157282315207,-2.85345754125352
-3.77549394606989,-0.502737439254102,1.14804158450406,1.16542638046636,-0.100349077799304,4.02538896593139,9.23253776396558,6.07258636704309,3.12220496791301,0.657727709849923,-2.84103824480245
-3.81076500821282,-0.519627827549072,1.13313840517716,1.17188441239132,-0.113762073345851,4.01843407946368,9.24147968893103,6.08301865693184,3.13363069801759,0.635372916128864,-2.82613508906267
-3.84553929481473,-0.544466633879815,1.11575136263143,1.17238118407843,-0.0844521941956544,4.02985996436901,9.26780869022641,6.10438001243437,3.14654674074435,0.616992307960161,-2.82365122977393
-3.82765537598256,-0.528073021710995,1.12668036079706,1.17834244431591,-0.0616004240148914,4.03234385239301,9.24942806669356,6.10736066668926,3.17734653493289,0.62742454502778,-2.82812217649584
-3.86093933601937,-0.557879589295363,1.12419649757683,1.16691669551743,-0.0601100911757388,4.03184707478821,9.27526029437994,6.13915431207643,3.16294017958364,0.604076204920972,-2.81768996747806
-3.84702962137186,-0.555892484789154,1.11773845320003,1.1857940195981,-0.0491809836993012,4.03284062999751,9.28420221934539,6.14014786349499,3.17635299318335,0.615998761565736,-2.80725775845972
-3.86590709124073,-0.548440842892671,1.12469327021863,1.1823166177909,-0.0516648717639561,4.03780840604514,9.29016350266006,6.15803178901832,3.19672059901497,0.621463266696683,-2.80427712731157
-3.87385549961213,-0.564337678934328,1.12121586170897,1.19672299670114,-0.0452067627977235,4.05022784617142,9.29562801235857,6.18932865869997,3.19473351551884,0.62742454502285,-2.8072577584588
-3.91409431700284,-0.586692604626595,1.11773845319879,1.18281338946323,-0.0312969896411946,4.05817628784461,9.30506671093154,6.21714809840581,3.19274643202275,0.606560070868563,-2.79980618059077
-3.95333958330805,-0.629415351491242,1.10680945502767,1.19274882319137,0.00397422087350126,4.08301516807335,9.32295056086632,6.23354169680326,3.17237882619114,0.594140741029118,-2.78887719971124
-3.97420415529145,-0.633886336633358,1.09588045685236,1.16641992378099,0.0134129955166843,4.07606028160857,9.35027310937816,6.24049655672684,3.17734653493244,0.589669782281593,-2.77844499069558
-3.9538363588368,-0.637860545645693,1.12171263434392,1.17486504244897,0.0283163239011972,4.10089916184097,9.33586667470946,6.23205136967448,3.18976580677794,0.614508441970015,-2.79682554944218
-3.93942986866742,-0.618486276705475,1.12171263434392,1.16641992376642,0.0213614373269609,4.10487338267631,9.32195701365247,6.23652235105572,3.19870768250704,0.632889050138718,-2.83358666693264
-3.96675252244382,-0.635376665000799,1.09538368420557,1.15002645810914,0.00596133133836434,4.13169937331882,9.3304021650077,6.24844496807065,3.18330778541861,0.633882596525808,-2.83110280764262
-3.93942986867908,-0.612524963182757,1.10283527386517,1.1584715767869,0.0168904388221867,4.16548025042136,9.31748605116907,6.2474514166531,3.19224966115384,0.655740617052198,-2.83706406993813
-3.96973317559943,-0.621963709588737,1.09737077477517,1.13711039427324,0.0208646597212708,4.18982235303604,9.32742152334777,6.2777547348943,3.19274643202773,0.628914864590831,-2.84103824480191
-3.98364289024855,-0.641834754651244,1.09737077477517,1.12667818884803,0.0382518761675612,4.19578368429181,9.33040216500438,6.2852063705241,3.20466893299284,0.626430998622417,-2.83855438551196
-3.94986215468717,-0.64133797852478,1.08991918510919,1.1246911021024,0.0586197582785624,4.23800978067221,9.30854412620054,6.27874828630826,3.2314945601742,0.659714802575398,-2.87730259044798
-3.91210721491133,-0.649286396553791,1.08693854924276,1.13512330753172,0.0576262030534078,4.23950011348564,9.29463446514394,6.27924506201692,3.24937831163194,0.6860437818615,-2.89121220246951
-3.93098468480108,-0.667170337124701,1.07104182461754,1.11773629850427,0.0541487597659119,4.23055811660631,9.2991054276249,6.29613543610872,3.27570716794699,0.684553462280214,-2.869851012578
-3.92701048061246,-0.677602635792928,1.06607409817187,1.12965881899625,0.0630907567923037,4.24546144474261,9.28767963461582,6.30209674461264,3.29160383591099,0.703430843651408,-2.88227030902554
-3.97271382877722,-0.699957561499755,1.03924837539138,1.11425889671668,0.0794844180028061,4.24695177755572,9.31152476785442,6.31799356729634,3.28862321066876,0.672134132438612,-2.87829613416063
-4.01195909511973,-0.732744785869424,1.03577096688007,1.11723952684034,0.0834586389026576,4.24248077911591,9.31003444702626,6.33985169847849,3.29607477377332,0.673127678825597,-2.87432195929503
-4.00947521750249,-0.763048129605983,1.03875160274686,1.12866527563319,0.108297519523732,4.23701622546899,9.30953767341724,6.33836137135203,3.32091331745855,0.675611544793092,-2.88276708088176
-4.07604313763486,-0.823158040957324,1.00944201673341,1.10034928946438,0.122704070288996,4.21714512129688,9.32295056086486,6.35624529686007,3.31346175434614,0.636863235660695,-2.8365672981169
-4.10584966906691,-0.857435593726519,1.0024871997072,1.10183960452421,0.114258850877525,4.20820312442094,9.32642797612613,6.35078076406602,3.32091331745307,0.648785792314924,-2.82315445795337
-4.09243672994084,-0.847996847319746,0.977648567484709,1.13462653584242,0.118233071777472,4.22757745099181,9.32146024003152,6.34481945556241,3.32836488055271,0.684056689035619,-2.84848982271871
-4.16993371158899,-0.88575183296072,0.960758297562938,1.12618141717132,0.100845855342511,4.19528690670772,9.33735699552781,6.36816791387093,3.32389394269162,0.658721256181249,-2.80775453035118
-4.19427571222756,-0.880784071692276,0.956287343762295,1.1232007870492,0.109291074754797,4.21962900931367,9.32245378724113,6.3751227737909,3.33680998540129,0.654747070630997,-2.80874807406721
-4.19179183460969,-0.881280847819439,0.971190523098872,1.12618141716926,0.130652512082993,4.22459678535816,9.3294086177649,6.38456151224749,3.33830029802187,0.676605091144662,-2.82514154537819
-4.18632730385134,-0.879790519437982,0.955790571107964,1.13711039428072,0.136117065819432,4.232545227027,9.34083441077398,6.38654861508171,3.3452550902522,0.685050235436155,-2.82365122980426
-4.16248207871171,-0.877306638802846,0.952809935240824,1.13711039428072,0.14307195238964,4.22857100619183,9.33686022190304,6.39400025071016,3.36413238344558,0.71286953429455,-2.81768996750771
-4.13019166969134,-0.871842101404744,0.949829299373421,1.15300708826611,0.16244627926543,4.22956456140075,9.34778924130674,6.39747768066866,3.36015821645682,0.691011513768739,-2.80874807406166
-4.13814007806736,-0.865384011752713,0.946351890862117,1.1604586635623,0.151517171795849,4.24397111192173,9.34033763716977,6.40244543775641,3.36711300868323,0.698463111669251,-2.81719319565034
-4.05865599434726,-0.830112906726374,0.960261524908768,1.1907617364783,0.15698172553176,4.2698035473422,9.32245378723742,6.37313567094284,3.4167900960476,0.771985544313913,-2.89270251804886
-4.03580432024625,-0.82067416030671,0.950326072009207,1.18927142141848,0.160459168819256,4.28619720827883,9.29910542761335,6.38456151223772,3.41629332517389,0.787385513314418,-2.92350237324648
-4.04226240204682,-0.836074220235491,0.950822844654017,1.18480047624186,0.163439834493713,4.28967465150781,9.29314414429803,6.41238095190536,3.41331269993436,0.779437142228214,-2.91207662050701
-4.04623660624022,-0.857932369844666,0.959267979617022,1.18380693286856,0.198214267348953,4.30159731401786,9.29960220121445,6.42380679319491,3.41828040866885,0.787385513323461,-2.90561858635533
-4.06610762718683,-0.879790519433631,0.939397073822008,1.16741346718905,0.211627262878993,4.28619720829048,9.33487312747327,6.44367782152379,3.39741603197991,0.790862925679978,-2.88972188690215
-4.09343028099662,-0.891216370361258,0.910087487780854,1.15151677321032,0.211627262878993,4.31550708693167,9.34033763716866,6.44814880289633,3.39791280285341,0.784404874167225,-2.91406370795319
-4.11230775089406,-0.92301004251939,0.919526168035019,1.1361168509152,0.22205959273544,4.30706186765844,9.35325375099641,6.46156174702198,3.3974160319799,0.77894036903787,-2.91456047981116
-4.11926260822416,-0.908106758714056,0.905616533981384,1.14952968644967,0.22205959273544,4.31302319891095,9.36815695925799,6.47696179397826,3.3879773853854,0.785398420552673,-2.93840552900319
-4.15105624172083,-0.919035833511524,0.908100397204257,1.12866527559128,0.199704600184833,4.32792652703972,9.38057629948154,6.47497469114491,3.38748061451175,0.813217719399288,-2.94436679130032
-4.1560239969571,-0.929964908308303,0.911577805715561,1.12369755872745,0.201194933021936,4.31997808537406,9.40293111188331,6.49683282231574,3.39095801062407,0.825140276033958,-2.94734742244973
-4.22358546810345,-0.972687655248348,0.887732718771403,1.10829763643157,0.217588594220967,4.30358442443742,9.42876333955777,6.54253618749703,3.38052582228764,0.796327430842655,-2.90859921751528
-4.2538887750679,-0.980636073285709,0.890216581996843,1.10432346293816,0.232491922589297,4.28967465152223,9.46502781300362,6.54750394457963,3.39195155237991,0.78092746184215,-2.88475416832776
-4.26680493867392,-0.983616730047276,0.883261764968178,1.08445259547454,0.242924252446498,4.30606831245195,9.50029873925766,6.53558132758416,3.39741603198537,0.784404874192778,-2.88624448390228
-4.24643714218922,-0.960765028183618,0.86786181297363,1.0874332255943,0.227524146474994,4.29364887233719,9.50775034338915,6.52266515916938,3.4148030125465,0.779933915452116,-2.91903142653023
-4.25537910162023,-0.977655416516205,0.85742958742185,1.11773629850657,0.217091816619052,4.29464242754571,9.50129228647361,6.51819417779718,3.42473843002011,0.795333884451806,-2.93890230084778
-4.24395326456895,-0.967223117842935,0.8738230847054,1.12916204730505,0.222059592738712,4.27576487859454,9.50327938090789,6.5027941308429,3.4306996805012,0.79980484319164,-2.91754111094499
-4.23650163171303,-0.943377863720327,0.868358585611529,1.14207811116627,0.234479033037112,4.27427454578131,9.49533100316881,6.50478123367553,3.43566738923581,0.817191904961344,-2.92548946067341
-4.27674044915996,-0.999016789974844,0.868358585611529,1.1222072437046,0.240440364381136,4.277255211407,9.49036326708296,6.52614258911053,3.44411249408372,0.818682224541367,-2.92151528580699
-4.27475334706526,-1.01242974541501,0.851965088333789,1.14505874131029,0.246898473342693,4.28122943223974,9.48638907821235,6.53607810327523,3.46398332902022,0.825140276053436,-2.91605079536793
-4.30853408269743,-1.02733302923694,0.816694230542951,1.13661362263898,0.268259910662643,4.26235188327306,9.48787939903815,6.552471701637,3.46050593290791,0.809243533872195,-2.89270251803738
-4.31499216450752,-1.01392007379396,0.802784596476581,1.15847157686189,0.262298579319051,4.28967465149445,9.48837617264692,6.54949104738937,3.4610027037812,0.799308070002873,-2.90065086776418
-4.3090308582166,-1.0298169098767,0.795829779444423,1.15400063168087,0.263292134543222,4.29166176191141,9.48489875738811,6.56290399150597,3.47838968434403,0.807256441101485,-2.90859921749163
-4.35721808403502,-1.07999129875283,0.777945964214649,1.14654905637696,0.273227686783261,4.24496466711189,9.50029873925234,6.57631693562536,3.47491228823164,0.767017812433392,-2.87928967787066
-4.35076000222618,-1.09092037355444,0.760558921623213,1.12022015697047,0.28564712708376,4.26980354733486,9.50626002255535,6.59668473966009,3.47044135037448,0.782417781424525,-2.8653800658431
-4.3572180840394,-1.10184944836431,0.754597649876433,1.11127826660765,0.309492452461005,4.27030032493911,9.52116323081855,6.60413637527985,3.48137030958983,0.772979090748794,-2.85892203168872
-4.37212134975947,-1.12172049346022,0.730255790267835,1.12022015696716,0.310982785296669,4.2792423218126,9.51718904194977,6.60811058094665,3.50173791538702,0.782914554611281,-2.87432195929181
-4.39050204414132,-1.15103028498931,0.712371975039117,1.10233637623404,0.302040788282575,4.29017142910749,9.53457611824951,6.62400740360028,3.49229926879021,0.778443595872039,-2.861405890984
-4.40441175882905,-1.16245613593279,0.700449431555418,1.08942031237345,0.306015009177632,4.27725521139344,9.55593738340906,6.61307833803186,3.50620885323793,0.767017812422167,-2.84451564780653
-4.41782469797126,-1.17090133010272,0.683559161616187,1.07451716176399,0.317937671870569,4.26632610410178,9.54749223205613,6.63394291776096,3.52309906291865,0.773972637124988,-2.85246399753635
-4.41385049377692,-1.17189488235785,0.683062388970717,1.05365275091382,0.330357112162678,4.28321654265162,9.55196319453284,6.62202030077198,3.55836979488731,0.775462956705051,-2.87084455628469
-4.38255363578937,-1.15798515079539,0.680578525743369,1.05116889248059,0.347247550965039,4.25291310880417,9.55146642092408,6.6245041793117,3.57923417155428,0.81172739980265,-2.90611535821817
-4.39646335047034,-1.16295291207344,0.675114026644656,1.04471086055069,0.356686325592279,4.24695177755279,9.5569309306162,6.61804609510858,3.58668573464808,0.82315318325101,-2.9304571792692
-4.40987628963182,-1.16394646432949,0.672630163416795,1.03527219849512,0.369602543497163,4.27576487861023,9.56289221391501,6.62450417931087,3.57873740067465,0.83656605948329,-2.94933450986985
-4.46849580149482,-1.19772724102093,0.678094662518897,1.03427865512062,0.379538095732168,4.26682288173297,9.58226638463637,6.64089777766457,3.5842018802777,0.816198358556839,-2.95628931588297
-4.45408931129833,-1.19971434553236,0.673126936061633,1.05414952258816,0.389473647964537,4.27079710256656,9.5817696110278,6.62947193637975,3.6159952161434,0.85743053357907,-2.98957303038312
-4.46650869940502,-1.22206927128522,0.669649527543243,1.04073668704741,0.394441424082638,4.26731965933838,9.60462119701151,6.6523236189479,3.61698875788908,0.840043471816267,-2.97864404950285
-4.41583759600593,-1.17338521079922,0.667662436961101,1.07849133524318,0.405867309155513,4.2653325489215,9.57531155409667,6.6428848804989,3.67362063740401,0.898662708535158,-3.04223084736982
-4.3979536771231,-1.158481926961,0.653256030240355,1.09935574609078,0.418286749447622,4.27228743538379,9.57531155409667,6.65629782460473,3.67213032478507,0.912572357951473,-3.05266305639028
-4.42279245333094,-1.16792067338979,0.66815920959938,1.10531700633588,0.411828640489804,4.26632610413166,9.60710506505211,6.65282039465146,3.66219490732753,0.895682069383011,-3.05961786240528
-4.39944400370169,-1.16990777790018,0.669152754890305,1.13661362260304,0.396925312138375,4.26334543850609,9.62151149969186,6.67368497437732,3.64530469766005,0.912075584755897,-3.07998550859663
-4.4262698819744,-1.19424980813985,0.675114026635324,1.12916204730152,0.404376976311483,4.27775198902859,9.64734372732982,6.67567207720887,3.65325303162277,0.915056223911489,-3.06408880912946
-4.4292505351213,-1.19971434554691,0.659714074620307,1.1311491340494,0.413318973322772,4.26831321454416,9.66870499247428,6.69951731117882,3.65374980249559,0.918036863070788,-3.03229541020889
-4.38950849318183,-1.19574013652297,0.65872052932906,1.14456196960073,0.405867309147867,4.26433899371074,9.66324048278379,6.71442058240656,3.6840528257526,0.941385203155972,-3.05266305639417
-4.36715359457416,-1.20070789780519,0.653256030226957,1.15996189190003,0.410835085263572,4.27675843381713,9.67218240772519,6.71044637674634,3.68802699273572,0.959269038116966,-3.04670179409713
-4.38603106448846,-1.19574013652694,0.663191483140018,1.14356842624072,0.410338307652067,4.26682288173192,9.68062755906917,6.7198851151995,3.67610449179192,0.929959419736974,-3.02633414790688
-4.41236016729457,-1.204682106834,0.659714074620909,1.1356200792494,0.403383421086389,4.26533254891968,9.6920533520503,6.73776904066862,3.67958188790142,0.946849708306777,-3.01192776402422
-4.45557963783456,-1.2573403763437,0.670146300174538,1.10034928948973,0.402886643474657,4.28570043068472,9.72633073104774,6.75167876048658,3.67858834615691,0.911082038466165,-2.98361176808547
-4.44912155601883,-1.26330168987786,0.673623708694469,1.09438802924976,0.379538095719296,4.2871907634978,9.71838235331687,6.75316908760887,3.70143980630198,0.924991687872174,-2.99603106454226
-4.45657318888588,-1.29211470531537,0.64729475848458,1.07998165032107,0.392454313632905,4.2876875411022,9.72782105187113,6.77850464868258,3.7098849111412,0.937907790896483,-2.98311499622973
-4.49234102662447,-1.3229148252477,0.63934639615554,1.07302684671034,0.406860864372794,4.2951392051654,9.72931137269529,6.76658203169915,3.70938814026842,0.932443285773778,-2.97168924348685
-4.52264433359597,-1.34725685551244,0.616991627100824,1.05514306597545,0.38698975990518,4.25738410722568,9.72285331578922,6.7854595085886,3.70591074416011,0.925488461076661,-2.97069569977038
-4.52711531331698,-1.36414724386952,0.613514218579352,1.06954944489173,0.390467203186299,4.25490021920283,9.71987267414265,6.79787890126954,3.72230418295642,0.925985234269831,-2.98510208365285
-4.5703347839291,-1.36812145289347,0.618481945035002,1.06756235814395,0.391460758409776,4.24297755669856,9.74371780732555,6.82023380808943,3.71634293248321,0.905617533346074,-2.96572798118366
-4.58573482519006,-1.36315369161124,0.60208844771804,1.07054298826503,0.377550985282782,4.24546144471906,9.72633073104659,6.83314997648213,3.72280095382911,0.918036863170076,-2.9855988555109
-4.60212841749535,-1.39246348316806,0.582217541886049,1.04471086053241,0.382021983785892,4.2429775566971,9.74272426011496,6.86096941610652,3.72329772470191,0.924494914681461,-2.98609562736906
-4.56983800839727,-1.39544413993783,0.577249815428932,1.05663338101822,0.399409200195683,4.22956456138277,9.72285331579534,6.87935011726574,3.74664595570741,0.933933605346204,-2.9995084675355
-4.61405103005966,-1.40985064765432,0.548437001979354,1.0486850340216,0.403383421089206,4.21118379003461,9.73129846713267,6.9071695568714,3.72876220429785,0.931946512575284,-2.97665696205701
-4.63392205103634,-1.41829584183029,0.534527367895317,1.03725928522341,0.426235191233026,4.2131709004519,9.75365327949194,6.92455670662291,3.7536007479046,0.946352935163503,-2.96324412188385
-4.6468382146777,-1.41581196118774,0.52757255085186,1.03080125328651,0.449583738979374,4.21068701242979,9.77203390297835,6.93995675353371,3.75509106052292,0.954798079443824,-2.96423766560004
-4.64981886782484,-1.41779906570088,0.522108051748466,1.01391101593619,0.449583738979374,4.20820312440898,9.77104035576226,6.97324072592724,3.76751033233892,0.963243223723698,-2.95827640330082
-4.55096053865672,-1.36464402005312,0.551914410481485,1.05315597919473,0.465977400166539,4.2623518832774,9.73725975037028,6.94293740775357,3.82016804477236,1.01043667697501,-3.02335351678644
-4.56139282467545,-1.38401828906582,0.548933774605365,1.04471086052092,0.459022513603713,4.28172620984867,9.73129846707568,6.92704058512053,3.81072939819428,1.00944313058865,-3.01739225448956
-4.5057539659699,-1.39544414001338,0.531546732004171,1.07302684665833,0.470945176281693,4.31053931089033,9.70149205059219,6.88282754716265,3.85593554757241,1.07153977967745,-3.06557912475236
-4.47296678136092,-1.3835215129403,0.535520913173387,1.07749779183913,0.48733883746609,4.3045779796407,9.70546623945742,6.88431787428432,3.88921919601483,1.0899203878019,-3.09786929555709
-4.466011924018,-1.36712790070912,0.529559641419211,1.07302684665128,0.48733883746609,4.29811987078239,9.69900818255344,6.89673726696076,3.90759971829981,1.09687521250399,-3.10730796086349
-4.48637972052128,-1.3651407961959,0.508198417636884,1.06656881472234,0.479390395680578,4.29563598276038,9.73030491984707,6.87785979009429,3.89468367561924,1.10780422274145,-3.11674662616873
-4.46551514849131,-1.35967625878516,0.516146779972733,1.08395582377336,0.490319503133811,4.30706186765416,9.72185976850974,6.8689178273683,3.92896086580705,1.12221064532585,-3.12519174775695
-4.48091518975885,-1.3800440800455,0.51366291674223,1.07402039003053,0.498267944917021,4.28719076347369,9.72782105180093,6.85947908893372,3.91852867749592,1.10233971761507,-3.11774016988509
-4.4625344953481,-1.38352151294514,0.524095142306336,1.07600747678057,0.481874283736184,4.29364887233064,9.71291784357012,6.85202745333327,3.92001899011413,1.11475904743218,-3.15698514669601
-4.477437761089,-1.40786354324469,0.506708099692815,1.07600747678057,0.48882917029666,4.29166176191381,9.71242106996205,6.85451133186778,3.92598024058311,1.12618483086361,-3.15847546227072
-4.61156715251503,-1.49877357465879,0.454050199228703,1.0158981026446,0.494293724022815,4.26682288171437,9.75812424194808,6.91362764104742,3.87829023687565,1.07054623333376,-3.07104361517165
-4.62299298958805,-1.48983160434327,0.443121201011745,1.0203690478253,0.494790501634524,4.24645499993389,9.75265973225967,6.92455670660905,3.89667075915523,1.0894236146655,-3.0874370864904
-4.58325094772954,-1.44859918573242,0.453056653928914,1.03080125323432,0.477900062838682,4.25191955357575,9.73328556151936,6.93995675354977,3.89766430089867,1.09687521254236,-3.10730796084402
-4.62796074493402,-1.46797345472924,0.445605064235864,1.02384644961931,0.465480622548671,4.2534098863883,9.73030491987053,6.95734390329407,3.88425148735381,1.0789913776107,-3.05961786243475
-4.61454780577801,-1.48635417147405,0.449082472759391,1.05563983760027,0.449086961365856,4.28073265462293,9.72335008935602,6.96876974454929,3.89468367567031,1.08594620231021,-3.06657266845154
-4.61454780577801,-1.50225100758453,0.447095382173609,1.05862046772158,0.455048292705277,4.28371332024931,9.70745333391198,6.99658918413549,3.91008357271159,1.08246878996261,-3.07005007145935
-4.63392205123385,-1.52063172433476,0.423250295154791,1.05265920747721,0.43666752107606,4.26433899368702,9.70099527700433,7.00702147398207,3.90163846788808,1.08346233634734,-3.08097905234111
-4.64236723515869,-1.52162527659181,0.41977288663147,1.0591172394106,0.417789971835926,4.29265531713913,9.69503399371314,7.02887960508665,3.89219982131625,1.07899137760951,-3.08942417392933
-4.63541237781753,-1.52907691852133,0.389469755213065,1.060607554473,0.430209412125638,4.30358442443148,9.6692017660843,7.02192474519028,3.91952221929739,1.07054623333478,-3.06011463428176
-4.49979265989509,-1.43667655874184,0.425734158358056,1.10978795142427,0.423254525565161,4.33835885670189,9.61555021633389,6.97274395014701,3.99850878784603,1.13363642867884,-3.15350774375138
-4.49085070044482,-1.43419267809746,0.427224476297987,1.12916204723973,0.426235191233361,4.35822996086353,9.6031308761316,6.97026007161372,4.00645712180505,1.14953317084704,-3.17486893364838
-4.52214755854051,-1.46598635034582,0.417289023367315,1.08991708395314,0.436667521076468,4.36617840253606,9.61853085797658,6.9921182027183,4.00297972569938,1.1395977069906,-3.14704970959665
-4.59865098917306,-1.5032445599308,0.395431026941794,1.04918180565873,0.454551515095163,4.34680407598193,9.6354211606744,7.02937638074953,3.99503139175048,1.11525582058192,-3.10035315488273
-4.61355425492524,-1.52858014248906,0.384005256072703,1.02235613454979,0.466970955385174,4.35077829681493,9.65330501056011,7.03086670786974,3.98211534906927,1.0953848928601,-3.09588220816004
-4.6294510717035,-1.53454145603099,0.387979437241566,1.00347881044214,0.463990289714169,4.34382341035821,9.6552921049931,7.03285381069604,3.99254753738041,1.08644297538883,-3.09637898001844
-4.66521890950457,-1.54944473989428,0.396424572229519,0.998014321886075,0.457035403151343,4.33537819108248,9.6552921049931,7.02490539938981,4.01241837225511,1.07402364557074,-3.09588220816016
-4.67267054237611,-1.55838671021037,0.401392298694561,0.995033691763226,0.470945176277666,4.32792652701582,9.66274370911711,7.02490539938981,4.01291514312718,1.05812690340884,-3.09786929559355
-4.67267054237611,-1.5966384721386,0.384502028713916,1.00149172369455,0.486842059849456,4.31898453013988,9.6508211425289,7.03782156775808,4.0312956653946,1.07899137750958,-3.10830150461698
-4.68807058363408,-1.59415459149517,0.378043984306213,1.01838196106069,0.468461288218022,4.31401675409853,9.65827274665635,7.04179577341346,4.03477306149865,1.09538489286295,-3.11972725735816
-4.86293556804908,-1.70443889191888,0.324889311176585,0.937904947805247,0.466970955383328,4.25440344160357,9.73974361843762,7.11978955943359,3.94684461724589,1.00199153275073,-3.01242453586023
-4.85001940440421,-1.69947113063091,0.329857037642067,0.946350066488211,0.454551515096313,4.24347433431674,9.74769199616806,7.10438951251999,3.97466378607797,0.996030254439233,-3.03626958506228
-4.81872254630852,-1.69052916030673,0.324392538527695,0.962246760486921,0.443125630029778,4.24099044629437,9.74520812812943,7.10339596110669,3.99503139183127,0.990068976122844,-3.05961786238999
-4.85697426171053,-1.72530348930571,0.327869947051838,0.953801641805829,0.433190077799088,4.24496466712728,9.77203390297039,7.10438951251987,4.00198618403673,0.986094790583737,-3.0546501438069
-4.84455487358311,-1.72878092220798,0.340786035859803,0.973672509297361,0.434680410633386,4.23651944785636,9.75663392112541,7.09544754979689,4.04023754118411,1.02484309962181,-3.07948873671763
-4.83660646519275,-1.75113584800361,0.322902220592519,0.969698335798761,0.453061182264376,4.22757745098042,9.77650486544341,7.09793142832947,4.05762452169075,1.05166885202285,-3.08296613972657
-4.83610968966739,-1.76951656478128,0.296573270321961,0.953801641809061,0.447596628534793,4.24744855515378,9.78793065842021,7.10985404528758,4.06010837604872,1.06607527461107,-3.095882208044
-4.83909034281661,-1.78342629639082,0.300050678846617,0.939892034563276,0.436170743467432,4.24744855515378,9.79140807367704,7.1232669893677,4.05563743819967,1.07501719207879,-3.0938951206106
-4.87038720091534,-1.77299399767697,0.29955390619987,0.934924317693208,0.435177188244554,4.23900333587894,9.80730482912626,7.12724119501773,4.04818587512029,1.06607527460988,-3.08892740202765
-4.8952259771574,-1.79336181896086,0.281173318256675,0.923001797200934,0.454054737487421,4.23751300306633,9.82667899984342,7.15456385887616,4.04868264599225,1.05266239841273,-3.07948873671946
-4.88479369112186,-1.79187149057333,0.272728183257994,0.936414632765816,0.468461288218274,4.25042922078636,9.8182338485171,7.13568638203414,4.07898566919583,1.06011399631108,-3.08197259600985
-4.91310989604414,-1.83062002864721,0.261302412385189,0.917040536958469,0.481377506116614,4.24297755672426,9.8266789998519,7.15108642894773,4.07153410611955,1.0437204809447,-3.0392502162005
-4.91956797787027,-1.84651686478141,0.253354050033841,0.917040536958469,0.485351727010041,4.25390666402076,9.82369835820509,7.16251227019762,4.07203087699132,1.06210108908082,-3.05415337194936
-4.90516148764722,-1.84254265575037,0.243915369752353,0.897666441147303,0.482371061339899,4.24546144475002,9.81028547078953,7.15058965323612,4.07004379350429,1.08197201676794,-3.0635920372578
-4.8982066302985,-1.85645238736458,0.230005735651056,0.894685811024821,0.475912952390495,4.25191955360452,9.81326611243796,7.17294456003574,4.0660696265313,1.0760107384596,-3.05862431867431
-4.93198736597459,-1.87135567124009,0.212121920364751,0.878292345334814,0.466474177771225,4.26135832808458,9.79637580976904,7.18933815834274,4.06507608478846,1.07452041888277,-3.05912109053275
-4.94887773384215,-1.87036211898147,0.217089646834049,0.863885966395821,0.491809835959792,4.25986799527216,9.78495001679224,7.18685427981041,4.06209545955886,1.05862367671583,-3.04719856593189
-4.95334871356663,-1.87532988027258,0.202186467437602,0.851963445891794,0.49479050163015,4.27129388017341,9.78842743204841,7.20026722388116,4.083456607051,1.05713335713817,-3.03974698805761
-4.93496801912306,-1.87334277575618,0.189767151264171,0.840040925398637,0.502738943411826,4.28073265465685,9.7745177710311,7.19778334534999,4.10382421279482,1.06160431587315,-3.0427276192073
-4.92453573309845,-1.88874283576298,0.205167103326051,0.822653916334763,0.498267944908501,4.27526810100981,9.75315650588025,7.18933815834335,4.12419181853466,1.06160431587315,-3.04074053177431
-4.91410344706716,-1.8738395518928,0.201689694795949,0.82315068802218,0.487835615069925,4.27874554424091,9.73775652403986,7.20275110241723,4.13959171555521,1.08892684147511,-3.06955329955505
-4.90963246734051,-1.87781376092961,0.196225195680124,0.825137774772509,0.469454843442925,4.26880999215444,9.73427910878483,7.22858343914774,4.13015306898799,1.10581713003419,-3.0943918924614
-4.94291642754721,-1.88228474609428,0.201689694797079,0.816692656087255,0.473429064335584,4.25688732964892,9.73179524074545,7.22659633632216,4.1634367173693,1.10979131557477,-3.09041771759445
-4.96179389749631,-1.87930408932144,0.18579297010049,0.818182971150313,0.465977400158342,4.2385065582845,9.72831782548796,7.2519318973565,4.1569786960351,1.10184294450244,-3.10234024219806
-4.93447124364462,-1.86837501448101,0.173870426575933,0.823647459707859,0.45902251359518,4.20720956920387,9.7312984671359,7.23901572898655,4.18678494831359,1.11923000622983,-3.15599160293538
-4.9518583870247,-1.86688468609303,0.197218740973705,0.836066751898482,0.45852573598352,4.18088035617112,9.73378233517642,7.23603507474996,4.18926880267058,1.12370096495996,-3.1599657778032
-4.93447124363179,-1.85744593963825,0.177844607735138,0.839544153712286,0.454551515093257,4.1610092519965,9.72136299497615,7.23851895328229,4.19324296964329,1.12916547008137,-3.19424303604113
-4.95682614226593,-1.88576217901749,0.165922064208468,0.837060295273059,0.459519291209561,4.14113814781686,9.71043397559739,7.24696414028498,4.19175265702829,1.13512674839129,-3.18877854560096
-4.92503250866497,-1.89271704482562,0.16294142832548,0.839047382022408,0.449086961370481,4.14411881344243,9.69453722013608,7.23553829903746,4.20417192881327,1.16195250077884,-3.23050738172207
-4.92801316181442,-1.88725250740271,0.14853502155834,0.837557066959092,0.440144964360918,4.13716392698073,9.7074533339512,7.23603507474384,4.19274619876661,1.15698476885154,-3.24690085304748
-4.98861977596039,-1.94140110550934,0.131644751544755,0.834079665146917,0.431202967352218,4.12325415405322,9.72235654218404,7.25044157022014,4.17585598913056,1.13413320198717,-3.23299124101258
-4.97769071440964,-1.91904617968597,0.133135069485611,0.834079665146918,0.448590183756556,4.12474448686646,9.70546623950731,7.23951250468455,4.19721713661851,1.14108802668355,-3.24441699375515
-4.96427777521666,-1.93295591131482,0.108793209769143,0.835073208521837,0.455545070316865,4.10238949465235,9.72235654216844,7.24050605609737,4.1748624474132,1.14655253180047,-3.24491376561349
-4.96775520389301,-1.96922056874331,0.098857756826141,0.846995729022338,0.47541617478352,4.09940882902434,9.72980814629083,7.22460923349151,4.19175265705215,1.15499767606471,-3.23646864401887
-5.02488438925254,-1.97269800164654,0.097367438884977,0.827621633220721,0.471938731501058,4.10387982746697,9.72335008938634,7.22908021485131,4.17684953091838,1.14406866583795,-3.20318492947814
-5.02091018505033,-1.98213674810529,0.0635868988947417,0.809737852463798,0.478396840451709,4.10984115872224,9.73229201432944,7.21169306512863,4.18330755224514,1.14655253179867,-3.20417847319516
-5.00451659271927,-1.97120767326762,0.0615998083049084,0.827621633211024,0.464487067329748,4.1128218243495,9.73825329762662,7.2032478781174,4.20764932493597,1.19175889228748,-3.20616556063022
-4.98365202066014,-1.95431728486188,0.0531546733017348,0.843518327216786,0.464487067329748,4.10735727069717,9.74272426010054,7.18188652275045,4.22304922195236,1.19970726336444,-3.24938471231567
-5.03233602212767,-1.96971734487289,0.0402385844693442,0.826628089841075,0.443622407635734,4.1008991618413,9.75017586422475,7.19380913970423,4.22255245108111,1.16791377904906,-3.22007517265421
-5.05916190048837,-1.98213674810862,0.0387482665272111,0.824641003089816,0.434680410622287,4.08748616651651,9.75017586422475,7.20920918659549,4.22901047241262,1.19523630463295,-3.21163005106142
-4.94738740729815,-1.91954295581305,0.0685546253632629,0.880776203698759,0.437661076292286,4.1148089347592,9.68907271039295,7.16797680296206,4.31296474958253,1.27720388130008,-3.27819748013342
-4.97769071433671,-1.9458720906739,0.0447095382937169,0.877298801885556,0.433190077789715,4.09891205141314,9.69105980482632,7.17791231708558,4.32737110485241,1.29409416983771,-3.27720393641653
-4.9434132030977,-1.90960743323015,0.0680578527163257,0.892201952503471,0.425738413617866,4.13517681654977,9.66473080361247,7.17294456002099,4.36562246192206,1.31942960263176,-3.32241017555417
-4.94241965204727,-1.91109776161881,0.0496772647562919,0.879285888627609,0.419280304668306,4.15455114312513,9.6483372745392,7.18635750409555,4.38549329677342,1.30750704602232,-3.33135206900736
-4.95781969333992,-1.93593656808531,0.0372579485747874,0.873821400064812,0.429712634513929,4.15306081031101,9.64684695371476,7.21218984082072,4.39592548506821,1.31048768517571,-3.31545536953588
-4.96676165279575,-1.95580761327397,0.0367611759273658,0.866866596432834,0.433190077794209,4.15057692228816,9.63095019825734,7.24646736454464,4.38599006764156,1.30551995325393,-3.31495859767737
-4.98166491855082,-1.99505292748731,0.0382514938697628,0.849479587373245,0.431699744959156,4.1575318087503,9.62151149970257,7.25988030861956,4.38449975502867,1.28018452046591,-3.28912646102991
-5.04376185925305,-2.03280791335212,0.0317934494527087,0.823647459607516,0.424744858395995,4.16398991761202,9.62747278299943,7.28620942104518,4.37903527544355,1.26826196384922,-3.26776527111005
-5.06810386002156,-2.04870474950304,0.0198709059063082,0.818679742729614,0.4331900777985,4.13964781498555,9.62747278299943,7.29813203799155,4.37108694150184,1.27720388131836,-3.2548492027921
-5.06462643134358,-2.05069185402136,0.0208644512010783,0.818679742729614,0.463493512106128,4.14908658947416,9.61952440526813,7.27528035550331,4.39195131809729,1.27621033493418,-3.25882337765905
-5.17491059795472,-2.10980821340727,0.00149031796365606,0.729757610719242,0.459022513600969,4.12722837488254,9.66175016200295,7.31402886060712,4.33333235537619,1.19821694381068,-3.17983665213177
-5.14063308671705,-2.07900809338428,0.013412861502657,0.739196272782255,0.446106295699201,4.13815748218411,9.64336953848608,7.31055143066447,4.34823548150668,1.20169435615478,-3.2116300510855
-5.16994284270118,-2.09192427274143,-0.00347740850194311,0.714357688412943,0.42722874645178,4.12722837488853,9.64088567044508,7.33986119732696,4.34277100192971,1.17586215016835,-3.1897720892977
-5.21018166027465,-2.10782110889302,0.00546449915679997,0.689519104013024,0.421267415111928,4.10139593945119,9.65529210508601,7.35178381427425,4.31544860400408,1.1475460781906,-3.16940444310194
-5.1843493329503,-2.10285334759763,-0.000993545261208484,0.705912569696971,0.412822195713498,4.11629926758812,9.64138244405207,7.35079026286239,4.34773871059683,1.15847508841563,-3.21709454153706
-5.22905913027631,-2.12123406441203,-0.0208644511701138,0.69051264736048,0.409344752433217,4.09394427537071,9.65032436899857,7.35426769280198,4.35071933582533,1.12469451131266,-3.19076563304544
-5.27178182548898,-2.14557609477966,-0.0312966767696684,0.687035245546763,0.41282219571484,4.07854416963036,9.6627437092012,7.36022900127671,4.34674516885711,1.11376550107983,-3.1783463365868
-5.2419752939331,-2.11974373602353,-0.045703083555115,0.698460994370303,0.411828640491339,4.07307961597825,9.64187921765369,7.36569353403976,4.371583712414,1.13115256280997,-3.20119784208293
-5.24445917156384,-2.13762767670612,-0.0417289023720421,0.709886743187649,0.434183633010663,4.07655705921214,9.63492438713785,7.37413872103895,4.371583712414,1.12469451130491,-3.21808808526886
-5.24992370234373,-2.14955030381956,-0.0531546732654417,0.699454537740326,0.417293194221749,4.08500227848822,9.62349859414305,7.40394526340951,4.38648683854048,1.11624936703732,-3.24888794050237
-5.23899464076645,-2.14905352768965,-0.0844513500807549,0.727770523953791,0.416796416610004,4.06811183992628,9.61455666919558,7.40791946905676,4.40635767338016,1.13661706793521,-3.27173944598333
-5.26780762122402,-2.16296325930796,-0.101341620096835,0.702435167879923,0.407854419596342,4.07705383680561,9.63045342467071,7.41288722611749,4.39095777637846,1.12221064536262,-3.25137179977543
-5.30953676539496,-2.20816988711359,-0.108793209810142,0.696473907626734,0.418286749445741,4.06413761908612,9.64485985930381,7.40841624476509,4.38002881722012,1.12717837728585,-3.23497832844313
-5.27873668280217,-2.19376337935075,-0.119722208060363,0.711377058270359,0.414312528551547,4.06811183992448,9.63095019827138,7.4173582074707,4.41331246559735,1.16046218118511,-3.26528141181167
-5.29115607093562,-2.20071824516459,-0.128167343072272,0.683061072080621,0.414809306163315,4.04923429094944,9.62796955661988,7.4029517119929,4.37804173377807,1.15698476884148,-3.24242990630377
-5.26631729463375,-2.18829884191005,-0.138599568683851,0.692002962470984,0.412325418105612,4.04973106855451,9.60263410259344,7.37860970240257,4.39890611036535,1.18430729444416,-3.27372653338082
-5.22061394626937,-2.14607287088015,-0.145057613105868,0.702435167910337,0.404376976318183,4.05718273262368,9.56239544030631,7.37264839392784,4.41629309084561,1.20517176851951,-3.32886820968933
-5.23651076309485,-2.16991812511557,-0.135122160149066,0.683061072075296,0.400402755423702,4.07407317118064,9.55891802504609,7.36469998263562,4.41728663258725,1.19921049021384,-3.32837143783056
-5.24197529388333,-2.15799549799234,-0.138599568684204,0.666667606378824,0.400402755423702,4.05817628782152,9.54252449596259,7.35575801993047,4.44858319746472,1.23646847963558,-3.32638435039652
-5.2697947233263,-2.17687299093428,-0.148038248993305,0.663190204561849,0.388480092740833,4.05469884459056,9.54004062791929,7.34780960863618,4.44063486353196,1.2255394694013,-3.31098442277654
-5.24098174282676,-2.16296325930105,-0.140089886621991,0.665674062999729,0.410338307646243,4.0740731711753,9.53656321266077,7.33389988886722,4.44709288485067,1.2548490877278,-3.34973262775507
-5.29016251988967,-2.2101569916385,-0.175360744651476,0.655738629236578,0.427725524058132,4.03830518363763,9.51222130583385,7.34035797304424,4.46895080317218,1.25733295368938,-3.34128750615999
-5.28569154015381,-2.20121502129646,-0.186786515551629,0.651267684045529,0.43169974495175,4.02687929872603,9.49384068233445,7.33886764592654,4.48335715842513,1.26379100518761,-3.35022939961306
-5.32742068432069,-2.22853770844035,-0.182315561721134,0.641829021972513,0.433190077787163,4.01445985860394,9.46949877550226,7.35426769279866,4.48335715842513,1.24143621153043,-3.32936498155335
-5.31202064303611,-2.23400224586694,-0.185792970256683,0.646299967163011,0.410835085245727,4.01893085704677,9.44217622700748,7.35178381426691,4.51614403589294,1.2533587681345,-3.35619066193364
-5.27774313177914,-2.21164732002524,-0.175857517293127,0.667661149746152,0.403383421070821,4.04178262686828,9.41485367850826,7.34482895437828,4.54098257942126,1.26677164432491,-3.38699051717841
-5.28569154018447,-2.22356994713191,-0.185792970254921,0.658719259369894,0.412325418081463,4.03631807321778,9.41982141459788,7.35277736567751,4.55340185118375,1.27223614943605,-3.37804862371734
-5.27625280519315,-2.20469245419355,-0.203180012933178,0.662196661187812,0.434183632991619,4.00700819453768,9.41982141459788,7.36271287979228,4.54595028812024,1.28316515966166,-3.37258413327139
-5.26681407019559,-2.21760863357732,-0.216096101784274,0.665177291315435,0.415802861366393,4.0358212956182,9.40541497993661,7.36072577696835,4.56681466467842,1.25932004644026,-3.3909646920404
-5.21316231343981,-2.18531818513318,-0.216096101784274,0.697964222708783,0.411331862858537,4.03333740759577,9.37262792173353,7.34780960860811,4.61599498083741,1.30651349967909,-3.44560959652766
-5.23800108973059,-2.21661508131948,-0.215102556488124,0.679086898573219,0.387983315117822,4.03681485082724,9.35176343016845,7.35873867414172,4.60854341777718,1.29310062350145,-3.41878391615355
-5.22409137499614,-2.2225763948846,-0.184799424937186,0.685544930519825,0.376060652436966,4.04376973729715,9.35573761904037,7.36619030972789,4.60655633429438,1.27968774730501,-3.42573872217289
-5.19726549659741,-2.21760863358493,-0.188773606121668,0.686538473895699,0.375067097213634,4.05618917741819,9.32742152334299,7.36867418825732,4.61003373038839,1.27322969580678,-3.44163542165039
-5.13318145379769,-2.17587943868699,-0.199205831728006,0.71088028660132,0.36612510019954,4.07655705921498,9.31549895671948,7.32644825325588,4.65126571263077,1.32886829330425,-3.50571899144299
-5.11480075937339,-2.14060833350123,-0.195231650544581,0.728764067353395,0.400899533031287,4.0859958337026,9.31450540950071,7.31750629053892,4.67262686004344,1.37308110731165,-3.52708018138949
-5.13864598459077,-2.15153740835453,-0.209141284695203,0.723796350475614,0.390467203181889,4.07506672639942,9.32046669281312,7.33737731878544,4.67362040178394,1.38748752987586,-3.51764151606979
-5.19180096586491,-2.16743424450613,-0.209638057343447,0.697964222699698,0.37705420766447,4.07158928316663,9.31301508867818,7.34532573008138,4.64282060779902,1.37606174645984,-3.48038362667215
-5.21067843585103,-2.17886009549333,-0.215102556474614,0.69548036425839,0.367615433047022,4.0854990561041,9.2976151068035,7.33638376737831,4.63884644083069,1.36364241665752,-3.48038362667215
-5.22061394637487,-2.18482140905745,-0.223050918849453,0.678093355174375,0.374073541998295,4.06364084149452,9.29910542763105,7.33290633743594,4.62891102342472,1.36413918984994,-3.45703534931852
-5.29363994865345,-2.22655060397822,-0.236960552998842,0.623448469489162,0.364634767367411,4.03979551646589,9.32146024004862,7.36768063684754,4.55936310154881,1.30651349956337,-3.39891304182118
-5.27625280524737,-2.21760863363504,-0.261799185420213,0.612519492349965,0.360660546472738,4.0065114169436,9.31549895673994,7.37264839390622,4.57376945679612,1.29856512849062,-3.41083556642948
-5.2360139876653,-2.18730528969461,-0.269250775140788,0.623945241173505,0.351221771845498,4.01893085706334,9.28718286100871,7.36022900126098,4.58271133246719,1.33781021066803,-3.433190300072
-5.27376892764195,-2.22009251429176,-0.275708819567576,0.604074373646713,0.349731439010409,4.00502108412733,9.2866860873996,7.35724834702563,4.58122101985555,1.33681666428349,-3.42524195033238
-5.29513027522402,-2.25039585819841,-0.286141045180389,0.591158309765759,0.348737883786381,3.9935951992191,9.27774416242686,7.37115806680107,4.57277591506574,1.33830698385705,-3.4078549352613
-5.36765950194802,-2.31149932214519,-0.29707004343707,0.559861693439216,0.317937671852663,3.95584010124597,9.28469899295706,7.41487432893324,4.53949226676181,1.28018452047749,-3.36215192422815
-5.34133039910511,-2.30504123245853,-0.287631363119321,0.561352008502678,0.312473118119916,3.97372409501216,9.26582159579444,7.40146138486909,4.55091799677408,1.2931006234567,-3.39493886692807
-5.33586586831482,-2.32689938218445,-0.298063588735834,0.568306812137913,0.320421559909071,3.94938199236825,9.2534022555628,7.41338400180682,4.56780820638449,1.2806812936488,-3.42673226587835
-5.32642713332002,-2.34279621834975,-0.310979677598383,0.563835866942786,0.313466673346077,3.92752377774854,9.24595065142523,7.41636465604164,4.59165320818277,1.28465547918643,-3.44163542164195
-5.32245292911002,-2.34577687513238,-0.320915130572217,0.584203506153983,0.300550455441505,3.92653022253853,9.23502163202035,7.42331951592576,4.59662091688637,1.31098445836596,-3.47243527687754
-5.26631729468686,-2.32143484475297,-0.31644417673723,0.613016264079197,0.327873224097988,3.92553666732849,9.20173780018869,7.40444203911014,4.64729154570523,1.36165532397215,-3.50571899141601
-5.29662060177368,-2.33931878544271,-0.314953858790912,0.603577601999666,0.310486007674773,3.92603344493364,9.19577651687807,7.41487432892916,4.64878185831644,1.36413918993275,-3.51118348186278
-5.31500129621689,-2.35372529321282,-0.32637962970221,0.594138939928511,0.325389336031595,3.89225256779266,9.19776361131678,7.41884853457651,4.66765915138687,1.35470049928997,-3.4947900105236
-5.27029149888221,-2.3333574718668,-0.327869947647206,0.602584058629791,0.316447339018796,3.89871067665683,9.17938298776995,7.41835175887057,4.66765915138687,1.38450689080332,-3.51913183160662
-5.28817541780184,-2.33087359121726,-0.338302173266494,0.594635711622013,0.309492452449259,3.88778156934813,9.18832491274269,7.42679694587218,4.66368498442575,1.35619081888549,-3.50720930699121
-5.31996905149912,-2.36068015905354,-0.378540757818258,0.555887519912291,0.32340222558632,3.89125901258502,9.18633781830576,7.42331951593349,4.66418175529635,1.33582311800053,-3.48733843264675
-5.36368529774372,-2.41681586177351,-0.405366480840475,0.505713579381783,0.333834555438487,3.84754258335481,9.1848474974763,7.44666797411318,4.64828508745146,1.29061675753443,-3.45206763065258
-5.35623366484976,-2.43022881729716,-0.402385844949382,0.505713579381783,0.316944116632866,3.84108447448588,9.18286040303845,7.4307711515279,4.67262686010057,1.31197800479894,-3.45008054321738
-5.32046582700632,-2.40539001079357,-0.407353571437621,0.506707122758564,0.29607945692979,3.84853613856306,9.15603462811806,7.40791946904913,4.70094279969965,1.33631989119861,-3.46448692712795
-5.30208513254311,-2.39446093592578,-0.412321297926741,0.519623186637927,0.294589124094126,3.84952969377307,9.1247378906952,7.39152587074681,4.72081363450188,1.3621520971502,-3.48634488892375
-5.29562705071472,-2.39744159270558,-0.422753523543563,0.531545707146656,0.276208352456484,3.85400069221796,9.11927338098571,7.37513227244449,4.71832978015096,1.36811337544782,-3.49926095726025
-5.28072378492983,-2.39247383140152,-0.419276115002669,0.554397204805283,0.268756688270611,3.84605225053421,9.10337662548122,7.36072577697863,4.71982009276206,1.37357788055998,-3.49677709796617
-5.27376892757138,-2.40439645852826,-0.428218022677799,0.539494054157618,0.251369471853269,3.86244591150573,9.08449922830476,7.38208713231903,4.70988467535875,1.37258433417625,-3.5280737250746
-5.29463349965118,-2.43122236957302,-0.444611520081476,0.529558620391038,0.236962921102258,3.84555547293418,9.07903471859808,7.38755166508364,4.71286530058194,1.35072631373776,-3.5240995502028
-5.3338787662131,-2.46748702708238,-0.440637338892412,0.501242634150351,0.235969365877847,3.83263925519918,9.08151858664529,7.40245493625386,4.69945248708239,1.33333925201267,-3.5106867100151
-5.29165284646751,-2.45506762381268,-0.4217599782265,0.518629643260083,0.225040258413803,3.83363281040962,9.0507186228453,7.40642914189802,4.70292988317631,1.35072631374511,-3.54893814313779
-5.28519476463122,-2.42377072758952,-0.424740614120501,0.560358465096179,0.219078927070355,3.82667792393371,9.05220894367475,7.38953876789854,4.70640727926844,1.383016571232,-3.55937035217478
-5.2534011309747,-2.39992547333052,-0.444611520071108,0.557377834967087,0.210633707662349,3.83015536717104,9.0253831687427,7.37165484247435,4.70839436274871,1.40884877719383,-3.58073154210883
-5.28718186671442,-2.42526105596445,-0.45504374570119,0.555887519901898,0.215601483784046,3.82568436872502,9.0273702631826,7.39450652495312,4.69796217447997,1.39046816909904,-3.5782476828135
-5.27575602962232,-2.40886744367225,-0.438153475644173,0.507700666155957,0.202685265870437,3.80978748535987,9.03929282982619,7.40593236619561,4.68554290273085,1.3621520971887,-3.56731870191397
-5.32394325561193,-2.44165466827492,-0.454050200406068,0.483358853443136,0.200698155422142,3.7789872738334,9.04277024509606,7.42828727296803,4.67709779793546,1.34079084994679,-3.53502853108125
-5.32344648008591,-2.44215144440528,-0.459017926893279,0.468952474487454,0.228517701702306,3.78246471707037,9.02836381040817,7.43424858143797,4.67610425619474,1.35420372612442,-3.54546074011753
-5.35772399137085,-2.44562887731838,-0.449579246569671,0.468455702799009,0.224046703192617,3.77501305299382,9.00948641321222,7.41785498315561,4.67411717271349,1.35271340654874,-3.54198333710416
-5.35374978716386,-2.43867401148903,-0.446101838028161,0.466965387733599,0.233982255435772,3.77302594257284,8.99458320491299,7.42133241309591,4.68752998621239,1.34526180866616,-3.53701561851502
-5.31698839823066,-2.42575783209575,-0.465475971333725,0.473423419686732,0.236466143496711,3.76607105609722,8.95136390084347,7.39102909503761,4.69150415317614,1.37953915890878,-3.56334452703624
-5.3179819492827,-2.42426750370383,-0.461005017494904,0.478391136572472,0.231498367374774,3.75861939201784,8.9444090703008,7.36817741257246,4.69349123665812,1.39046816913236,-3.57377673607663
-5.36914982849189,-2.44960308635748,-0.457030836303021,0.445107433448274,0.234479033046714,3.74818706230012,8.93646069254229,7.38556456227758,4.71236852971931,1.37854561252828,-3.55986712402796
-5.39398860478267,-2.46351281800563,-0.462992108092785,0.428713967730386,0.234975810659045,3.74321928624662,8.9215574842297,7.39947428205339,4.69945248709407,1.35768113848494,-3.55887358030982
-5.38802729847242,-2.45556439992147,-0.447095383325721,0.439642944872547,0.220072482290356,3.72334818203181,8.90715104953555,7.38705488940527,4.71485238406034,1.37357788062203,-3.56533161447803
-5.36914982850536,-2.46251926574102,-0.445605065380328,0.461997670851485,0.214111150942881,3.7144061851342,8.88429946346183,7.38755166511131,4.72876196841884,1.39444235466537,-3.5856992607025
-5.38007889008264,-2.46699025091764,-0.452063109819144,0.45653318227926,0.206162709147781,3.70894163147208,8.87635108570116,7.38059680522935,4.73571676060353,1.39941008658426,-3.59662824159654
-5.37610468587488,-2.47841610191878,-0.449579246575355,0.456036410590949,0.169401165841009,3.69354152570446,8.84604789545855,7.37711937528877,4.73671030234425,1.38251979806271,-3.59712501345549
-5.39597570693066,-2.48288708709352,-0.478392060211401,0.452062237082945,0.158472058368791,3.67963175275527,8.85101563156464,7.37463549675992,4.74664571974853,1.38053270529495,-3.59712501345549
-5.42031770770815,-2.47543544513578,-0.478392060211401,0.443120346688174,0.146549395676429,3.6547928724789,8.85101563156464,7.35625479563974,4.74316832365707,1.38053270529495,-3.59960887274998
-5.47446624007411,-2.4997774755367,-0.499753284138301,0.429707511090891,0.150523616573308,3.63839921149252,8.85697691489065,7.34929993575075,4.74465863626828,1.34327471589784,-3.57477027980492
-5.46602105613303,-2.47195801223805,-0.513662918307426,0.427223652648175,0.158472058367832,3.62846365938302,8.83859629130087,7.34035797303958,4.75012311584271,1.33482957163472,-3.58321540141122
-5.45260811691295,-2.46450637027827,-0.521611280692134,0.414804360423569,0.144065507616126,3.62597977135431,8.83760274408082,7.32098372051001,4.73025228104096,1.33284247886664,-3.57675736724756
-5.46701460717266,-2.47444189288911,-0.53800477812489,0.410333415225467,0.136613843429893,3.6145538864273,8.83114468714159,7.33389988886423,4.73521998974395,1.3253908809884,-3.5643380707731
-5.51619538427377,-2.50722911750351,-0.553901502891955,0.374069081958229,0.152510727022778,3.61306355361052,8.8549898204223,7.34880316004102,4.70740082102218,1.29757158223967,-3.54148656525994
-5.550969671066,-2.51915174462749,-0.570791772947474,0.357675616242766,0.151517171798031,3.60461833431522,8.8455511218183,7.34780960862892,4.70094279971406,1.27869420096336,-3.54248010897849
-5.58574395793388,-2.51865496849671,-0.582714316533347,0.329359629981137,0.142575174774876,3.59617311501671,8.83015113989717,7.33886764591984,4.70143957058431,1.26428777839496,-3.53602207481344
-5.57928587609759,-2.51468075945221,-0.593146542159728,0.334824118551881,0.147542950901248,3.58226334205667,8.82468663017594,7.33340311315481,4.71435561320924,1.27819742776675,-3.55937035219144
-5.58922138663127,-2.5370356853386,-0.58817881566723,0.313462935932932,0.133136400133551,3.55543735134575,8.81276406351906,7.3334031131548,4.70342665406426,1.27621033499877,-3.55390586174253
-5.59170526426293,-2.5256098343413,-0.607056176329793,0.326875771523601,0.127671846397244,3.54947602007553,8.79835762881826,7.32098372049606,4.70392342493451,1.2851522524575,-3.56980256123124
-5.5787891005689,-2.52461628207955,-0.589172360947281,0.330849945034838,0.112271740417566,3.54599857683453,8.7735189482804,7.31849984196367,4.69895571623006,1.30452640695322,-3.58619603257308
-5.61406016292954,-2.56783580543262,-0.585694952403921,0.331843488411962,0.0953813016005338,3.53308235908592,8.77500926911269,7.32148049620119,4.69796217448936,1.30750704610534,-3.57327996423483
-5.59369236634955,-2.57280356673888,-0.582217543860148,0.342275693881145,0.0924006359265084,3.52761780542183,8.73129319137675,7.30111269223875,4.70839436276271,1.32787474696822,-3.6105378536562
-5.55494387532464,-2.56386159638893,-0.558869229339539,0.359662702979303,0.0943877463764341,3.5345726918998,8.72185449276915,7.26584161709705,4.73720707321608,1.35668759208102,-3.64729897123281
-5.50327922059467,-2.53753246146771,-0.564333728481691,0.368107821691202,0.0809747508457468,3.52861136063171,8.66919649006608,7.23206086907971,4.7595617623705,1.38351334444658,-3.67710528277455
-5.49831146533574,-2.54746798407562,-0.569798227620935,0.358172387917764,0.0849489717444475,3.52563069499736,8.65777069701261,7.20970596229398,4.75856822063061,1.39046816912953,-3.68604717624277
-5.46651783162611,-2.55144219312213,-0.564830501125793,0.364630419875673,0.0973684120533364,3.52910813823829,8.63392556368979,7.19927367246144,4.76254238759213,1.38550043720683,-3.699956788292
-5.48738240371847,-2.56733902930416,-0.578740135304377,0.34525632402726,0.111774962813038,3.53357913669062,8.62846105396693,7.19182203687025,4.75211019931878,1.36761660229835,-3.67909237020882
-5.46800815818137,-2.55988738733968,-0.593643314786278,0.340288607135887,0.13164606731757,3.55345024092386,8.61057720396703,7.16748002727047,4.76452947107398,1.38649398358565,-3.68704071995296
-5.45459521897328,-2.57131323833698,-0.594140087435579,0.329359629988608,0.130652512092631,3.5450050216218,8.57580305119418,7.17195100862854,4.76999395064586,1.39941008657408,-3.69051812296704
-5.51669215986971,-2.62049407534397,-0.600598131877068,0.273224429069717,0.12965895686774,3.54003724556234,8.60610624144584,7.20424142952454,4.74366509449199,1.34873922092767,-3.64978283055537
-5.51669215986971,-2.61006177659633,-0.614010993405425,0.255340648274001,0.131149289705094,3.53059847104926,8.58871916506154,7.18635750409248,4.74763926145448,1.34327471581509,-3.64034416523414
-5.52165991513163,-2.62595861278338,-0.629410945533308,0.253850333207305,0.124691180743225,3.52115969653559,8.581764334503,7.19331236398453,4.73720707318113,1.3333392519823,-3.63388613106505
-5.55444709984119,-2.64582965801008,-0.656236668602315,0.243418127750211,0.126181513580544,3.50079181470145,8.56735789977675,7.19132526115771,4.70988467533843,1.29657803579611,-3.62097006272312
-5.58971816219362,-2.68110076328859,-0.648288306214318,0.225037575255075,0.116245961329956,3.4809207104636,8.55394501227154,7.17642198995468,4.69001384053571,1.29161030387946,-3.61351848483541
-5.60263432586884,-2.70842345048192,-0.66666889424118,0.241431040978621,0.109291074756727,3.465023827074,8.5325837469785,7.17542843854138,4.6780913396532,1.28763611834666,-3.60358304764864
-5.58326008034641,-2.70146858465096,-0.65822375920281,0.26477931034764,0.0874328598080714,3.47247549115997,8.52066118030542,7.16449937299645,4.68405259009401,1.32340378816078,-3.62345392201384
-5.58475040692509,-2.71041055500806,-0.651765714761321,0.256830963327518,0.0745166418860477,3.46204316143653,8.51171925530086,7.15704773740236,4.69994925793697,1.3397973034942,-3.6318990436175
-5.54699546694624,-2.70097180852309,-0.636365762630251,0.262792223597019,0.0526584269300078,3.44465594523336,8.5122160289122,7.13469283059983,4.70342665402706,1.34079084987722,-3.65226668984473
-5.58574395801104,-2.73475258541701,-0.63984317117577,0.243914899419574,0.0427228746779818,3.4391913915657,8.53059665252895,7.13817026054428,4.69597509097413,1.31545541708384,-3.64332479638063
-5.50625987369062,-2.69202983811217,-0.646301215619741,0.307004903981244,0.0327873224264352,3.4282622842312,8.49532572616567,7.10389273682213,4.7372070732377,1.37506820018307,-3.70293741943745
-5.53656318082806,-2.70941700269413,-0.642327034425038,0.315946794381086,0.0238453254006905,3.41683639928926,8.47992574421147,7.10786694247515,4.72627811408899,1.36811337549202,-3.71982766264558
-5.55643420188539,-2.7337590331263,-0.655739895967275,0.291604981609456,0.0168904388241044,3.41137184562172,8.47595155531969,7.11134437242022,4.70541373752622,1.35569404569364,-3.69399552598063
-5.55742775293785,-2.72481706277221,-0.640836716479206,0.269747027300886,0.000993555220479059,3.40640406956195,8.45558383723907,7.11333147524704,4.72627811406397,1.37953915890369,-3.71138254105737
-5.552459997674,-2.72183640598607,-0.65723021390857,0.285146949662814,0.00794844179639385,3.39994596068104,8.4406806288884,7.14065413911042,4.71187175881983,1.38301657124549,-3.71883411894507
-5.56189873267155,-2.73425580926622,-0.653752805361405,0.2737212008266,0.000496777608183577,3.39001040855709,8.4406806288884,7.13717670916345,4.69845894531864,1.37059724145007,-3.69548584156675
-5.56537616135398,-2.73127515248216,-0.663191485698686,0.251366474835537,0.00198711044632915,3.39398462940198,8.41633872190672,7.13767348487017,4.67560748528601,1.37308110740685,-3.68902780739688
-5.54997612004518,-2.71736542081702,-0.67362371133617,0.25434710496845,-0.00546455374313984,3.37610063557962,8.39000972047898,7.12277021367331,4.6959750909416,1.39642944740249,-3.72578892498845
-5.62995697980324,-2.75263652612226,-0.690017208766503,0.241927812738333,0.0104323298635545,3.36020375218264,8.36666136073119,7.13369927922447,4.67610425613305,1.38102947845983,-3.70939545363394
-5.56438261034337,-2.71239765953353,-0.688526890818335,0.268256712244111,0.0129162179270105,3.37858452360517,8.30555820647437,7.10140885828749,4.70740082093699,1.45057772526177,-3.76105972701217
-5.55295677324262,-2.69451371882423,-0.681572073724931,0.260308365223597,0.0154001059903468,3.38752652051559,8.25439052444608,7.08551203567092,4.71832978007715,1.46399060143303,-3.7570855521387
-5.52315024163173,-2.68706207685896,-0.686539800218458,0.24590198624412,-0.00248388807279488,3.38852007572816,8.25041633555257,7.08004750289782,4.72081363442965,1.4719389725083,-3.74565979937941
-5.48539530163602,-2.64632643410907,-0.67312693867622,0.283159862923449,0.00794844179120308,3.3924942965774,8.23203571191683,7.04278932488203,4.74863280317524,1.49280344656488,-3.79682730086807
-5.54947934460129,-2.7049460176031,-0.700449434414446,0.250869703106034,0.00844521940400215,3.36417797301668,8.23700344803615,7.05371839042583,4.69150415308037,1.45107449842743,-3.73572436220626
-5.54798901802233,-2.7049460176031,-0.689520436126426,0.232985922297531,-0.000496777622605513,3.35871341934684,8.2096808993617,7.02589895085548,4.70292988310242,1.45455191076858,-3.74516302753286
-5.55742775302337,-2.69997825629026,-0.687036572878893,0.219573086698925,0.00149033282784759,3.34828108961218,8.18384867153211,7.02192474520102,4.723794259656,1.46448737460558,-3.75410492099514
-5.55941485512783,-2.71239765955969,-0.669152757507485,0.210134424606364,-0.010929107493329,3.31400343480298,8.16695836870944,7.02291829661443,4.72578134313812,1.45604223035117,-3.75807909586877
-5.56388583486169,-2.74617843647494,-0.674120484003802,0.204173164340096,-0.00993555226791071,3.303571105067,8.14659065059781,7.00801502540599,4.69051061138012,1.42871970482147,-3.71187931295559
-5.51967281297693,-2.71984930152379,-0.673623711354163,0.195728045619243,-0.025832435874605,3.29363555293844,8.14162291447741,7.00255049263119,4.71832978010665,1.44312612738111,-3.7247953812949
-5.57928587611532,-2.78293987015641,-0.703926842992897,0.153502452055584,-0.0382518761948825,3.25637723247245,8.15155838672821,7.01695698813287,4.6636849843858,1.37010046823231,-3.66170535516016
-5.53159542566296,-2.77002369076368,-0.694488162656453,0.163437885830736,-0.0382518761948825,3.26084823092639,8.11926810187934,6.98416979144458,4.66467852612552,1.40686168435628,-3.71187931296936
-5.56090518174671,-2.79486249732372,-0.704920388297639,0.161947570763306,-0.0273227687100052,3.2583643428949,8.10386811990882,6.97721493154929,4.67759456875361,1.41431328223629,-3.71684703155992
-5.57630522305402,-2.80579157220093,-0.715352613940676,0.152012136988888,-0.0551423150257485,3.2439577923132,8.07108106148567,6.99311175417821,4.66914946395987,1.4018939524435,-3.71485994412213
-5.51569860877266,-2.77151401912319,-0.711378432739627,0.183308753428078,-0.0471938732225931,3.25588045486923,8.0437585128127,6.95535680045506,4.69945248707369,1.43666807589781,-3.74615657122887
-5.53705995641281,-2.78343664627,-0.735223519922654,0.200198990858747,-0.0551423150272829,3.25538367726282,8.03928755029845,6.94343418348398,4.69398800749873,1.41630037503332,-3.71684703153841
-5.50576309826485,-2.74170745128339,-0.738204155819738,0.211624739702567,-0.0789876404453809,3.25886112050822,8.02438434191862,6.91064698680334,4.71932332185639,1.4500809520398,-3.74218239636005
-5.48042754644457,-2.72928804801395,-0.754597653242801,0.21708922828301,-0.0556390926477667,3.26283534135821,7.99954566126868,6.89027918281821,4.73770384405678,1.46995187969119,-3.77198870792604
-5.51768571092379,-2.71984930151806,-0.763539560939873,0.212618283082152,-0.0536519821970738,3.2633321189648,8.00749403907104,6.88630497716067,4.73869738579728,1.46498414777243,-3.78937572299405
-5.52762122145304,-2.73624291384268,-0.770991150686001,0.234973009100222,-0.0516648717455657,3.25886112050558,7.97967471677185,6.86096941609353,4.72230394708804,1.45753254989813,-3.77248547978203
-5.51818248644686,-2.71339121179879,-0.746152518191196,0.252360018225387,-0.0427228747142106,3.27028700545474,7.95781667781298,6.82867899512643,4.74565217800495,1.4709454260896,-3.7953369852986
-5.58027942715753,-2.73872679446044,-0.745158972892932,0.235469780804713,-0.0566326478727537,3.24594490275081,7.97669407511617,6.83861450928032,4.70541373750729,1.41828746783569,-3.74118885261636
-5.52513734370578,-2.71537831629326,-0.746649290842202,0.233979465737172,-0.059116535936989,3.22855768652308,7.93993282777925,6.8271886680183,4.71982009273662,1.42375197294582,-3.7536081490957
-5.55494387529466,-2.738726794457,-0.758571834442176,0.224540803646937,-0.0616004240027231,3.23054479694867,7.93546186526245,6.81973703241263,4.69845894530148,1.4187842410264,-3.72578892497801
-5.55693097739997,-2.7392235705882,-0.748139608793895,0.222056945201159,-0.0784908628380967,3.22706735370378,7.92055865687816,6.82222091094933,4.67759456873615,1.4242487461348,-3.73969853703403
-5.54302126265552,-2.75263652613556,-0.759068607097426,0.214108598176725,-0.0909103031640691,3.21862213439317,7.89025546647494,6.83662740645512,4.66815592219412,1.43021002443889,-3.74267916818792
-5.5286147724098,-2.75064942161423,-0.775462104540847,0.222553716883211,-0.0804779732902523,3.21117047029526,7.84554584126251,6.82222091092619,4.66120113002066,1.42871970486635,-3.74814365864194
-5.5435180381834,-2.73972034674253,-0.785894330182033,0.208147337895209,-0.104323298700869,3.19179614364519,7.81872006612265,6.79092404134591,4.65921404654034,1.41431328232119,-3.73622113401264
-5.60462142804687,-2.78343664633421,-0.810732962698873,0.163437885832057,-0.109291074827961,3.15751848876661,7.81921683973518,6.81774992951832,4.62096268949596,1.37010046818634,-3.67313110794802
-5.64287314362049,-2.81026255743542,-0.826132914851344,0.137108986297066,-0.11922662708742,3.14261516056309,7.81772651889652,6.83414352785971,4.581717790714,1.3338360251559,-3.66418921448598
-5.62200857151395,-2.80032703481454,-0.837558685794393,0.132141269405693,-0.135620288314539,3.13168605322052,7.80133298966021,6.84209193917973,4.58867258289683,1.35619081878706,-3.65425377730311
-5.62151179598767,-2.81125610969659,-0.863390863568366,0.139592844740089,-0.145555840576396,3.13118927561406,7.78493946042435,6.8346403035648,4.60208539640491,1.35072631367679,-3.65276346172584
-5.64635057230257,-2.80777867678005,-0.865377954167598,0.148534735143679,-0.145059062963525,3.13466671886063,7.76804915756907,6.81874348092805,4.57724685289969,1.35619081878533,-3.64382156826028
-5.614556938609,-2.79138506444991,-0.867861817418658,0.142573474873884,-0.136117065928285,3.11926661305795,7.7402298352177,6.78993048989223,4.60009831294574,1.38251979794326,-3.65475054916114
-5.61654404071446,-2.80082381094481,-0.880281133667346,0.142076703184692,-0.139097731606554,3.11181494896004,7.72284275875399,6.78347240569614,4.63238841952585,1.35619081877001,-3.64282802454138
-5.60015044834679,-2.77946243729891,-0.870842453313878,0.143070246562917,-0.140588064446174,3.11280850417321,7.71588792816256,6.75614974179666,4.65027217086492,1.38053270515873,-3.66866016121859
-5.66820869544102,-2.8246690652006,-0.871339225963928,0.111773630162313,-0.166917277947403,3.10187939682535,7.71737824900473,6.78297563001424,4.60854341777411,1.34426826219063,-3.65822795217071
-5.70347975780647,-2.87633378282046,-0.880281133661529,0.107799456646568,-0.172381831691227,3.08349862537337,7.72035889068889,6.77900142434959,4.5802274781584,1.32886829325082,-3.63537644664205
-5.63343440846303,-2.84454011038212,-0.867365044748189,0.128167095932088,-0.190762603371891,3.0904535118745,7.67366217105177,6.72982062933818,4.59562737515896,1.37258433419372,-3.69200843853759
-5.60660853000281,-2.82864327417032,-0.861900545595697,0.130650954380255,-0.19125938098499,3.07505340605429,7.64683639593525,6.72236899373019,4.60754987606277,1.3909649423138,-3.70095033199963
-5.68907326747563,-2.89024351448719,-0.884255314854573,0.0874318173736179,-0.193246491437649,3.05716941221007,7.67167507659059,6.71541413382535,4.55836955986165,1.35271340652872,-3.67710528277173
-5.66771191985456,-2.88577252930756,-0.891210131954353,0.0804770137282676,-0.18728516007996,3.05319519135797,7.65379122649832,6.71640768524085,4.5633372685661,1.36761660228027,-3.68555040437711
-5.67267967512044,-2.90415324615792,-0.90313267555468,0.073522210081374,-0.177846385437688,3.05468552417778,7.65081058481636,6.7124334795796,4.5558857055086,1.35519727248584,-3.69399552598341
-5.68410551222452,-2.91855975396259,-0.883758542206154,0.0804770137292965,-0.184801272020316,3.03481441990139,7.64633962229165,6.70299474112742,4.56035664334069,1.34079084993229,-3.69101489482831
-5.72235722778476,-2.93246948564616,-0.892700449910894,0.0581222877029582,-0.19672393473771,2.99805287698387,7.63789447086046,6.70696894678681,4.52707299501885,1.32638442735017,-3.6840600888019
-5.75315731042361,-2.94538566505765,-0.905616538816977,0.0452062237822031,-0.182814161572117,2.96824622057054,7.62696545135428,6.70001408687891,4.52657622414853,1.30005544819363,-3.66220212699692
-5.74371857541432,-2.95879862060558,-0.926480990132357,0.0496771689852658,-0.166917277944705,2.96625911014311,7.63242996110789,6.66971076870445,4.53452455807721,1.30055222138544,-3.63289258730686
-5.72136367672636,-2.9245210675567,-0.92797130808242,0.0695480365561484,-0.170394721236984,2.97023333099881,7.61305579015221,6.66722689016364,4.54893091332522,1.30204254096082,-3.66021503957105
-5.72583465646595,-2.91557909719113,-0.919526173029067,0.0779931552782507,-0.163936612266232,2.96824622057012,7.61404933737977,6.66275590879271,4.53551809980926,1.28465547923435,-3.64282802450609
-5.72285400330544,-2.91508232105968,-0.931448716636797,0.0794834703470041,-0.160955946587819,2.96973655339187,7.58623001499511,6.63940745053561,4.53899549590488,1.29508771626747,-3.63189904360835
-5.64734412319958,-2.87683055890851,-0.933435807239026,0.124689694110338,-0.166917277946947,2.95334289235607,7.5405268425632,6.61059445947441,4.57476299860842,1.33582311800992,-3.67958914207965
-5.68807971635285,-2.89322417123796,-0.951319622651679,0.10432205484943,-0.177846385437364,2.92303945833682,7.53357201196703,6.60165249673313,4.56035664336217,1.31396509757027,-3.67313110791066
-5.68857649187949,-2.90912100744442,-0.952313167952088,0.0894189041694303,-0.200698155631362,2.89174246910117,7.50873333126509,6.58625244978802,4.55042122594793,1.3204231490644,-3.66170535514966
-5.71589914584472,-2.9165726494158,-0.973177619251426,0.0675609498393034,-0.19473682427468,2.88677469302946,7.50078495344069,6.59320730970061,4.52309882806978,1.30701027288393,-3.64332479636521
-5.65479575608098,-2.8897467383191,-0.971687301300306,0.0948833927570149,-0.18877549291512,2.90664579731632,7.47246885743701,6.54303296319034,4.53998903767276,1.33582311803712,-3.6607118114337
-5.63492473501941,-2.8962048280275,-0.977151800455868,0.0973672512039571,-0.20814981982691,2.91062001817361,7.45508178093644,6.51471674782498,4.53353101635753,1.33631989122909,-3.65872472399753
-5.65827318478558,-2.90663712679227,-0.968209892746104,0.0799802420753618,-0.214607928799065,2.88826502585348,7.42825600576667,6.50627156078423,4.51912466110952,1.3149586439691,-3.65077637425512
-5.61455693851891,-2.91706942554101,-0.978145345749902,0.075509296873622,-0.220072482545263,2.87435525285561,7.39795281525632,6.48143277535833,4.53551809982758,1.33284247886434,-3.64978283053606
-5.57978265167602,-2.89322417124939,-0.968209892751393,0.0874318174164456,-0.218582149706146,2.89223924670775,7.356720605267,6.44119394297306,4.56383403946199,1.3864939835685,-3.67462142348852
-5.55643420193072,-2.88676608154154,-0.958771212394575,0.088425360795553,-0.235969366169641,2.91260712859556,7.33933352875507,6.4044325405532,4.55340185117333,1.38152625164869,-3.7059180506135
-5.54302126272471,-2.86987569307894,-0.949829304686397,0.0824641005248762,-0.231001590036914,2.90316835405462,7.30803679104552,6.39002604500636,4.54843414246828,1.36463596313206,-3.69151166669375
-5.54649869141153,-2.86490793176578,-0.946351896132446,0.0824641005248762,-0.218085372094318,2.89422635712346,7.29462390345972,6.37164534380286,4.54893091333901,1.36264887036355,-3.68406008880786
-5.54302126272525,-2.85596596139833,-0.963738938899119,0.0750125251807421,-0.231995145268304,2.8917424690871,7.2722690907991,6.35972272680461,4.55836955988266,1.34675212822016,-3.67263433605043
-5.50526632270826,-2.83609491614654,-0.969203438053228,0.0923995343089087,-0.256834025932538,2.89869735558721,7.23451429608595,6.33190328713913,4.55836955988266,1.35966823120893,-3.70144710387879
-5.56140195720121,-2.85695951366356,-0.982616299618073,0.0695480365984495,-0.266769578199431,2.87087780958091,7.22805623909651,6.32991618430434,4.53055039111732,1.34575858183015,-3.67760205464411
-5.67764743063052,-2.92948882897156,-0.996029161189265,0.0258321278875259,-0.281176128991815,2.84504537399655,7.25438524064808,6.36320015674702,4.46100246913077,1.28564902550583,-3.61500880045989
-5.60909240797342,-2.8947144997736,-0.989571116735173,0.0377546484344653,-0.287137460352527,2.85398737092715,7.23103688074603,6.34432267981893,4.48435070004482,1.33085538595758,-3.6552473210486
-5.67516355292806,-2.92551461991582,-1.00844847745858,0.0084451187540425,-0.292105236486693,2.83958082031355,7.23749493774426,6.35624529682738,4.43268652949453,1.28465547911006,-3.61898297532154
-5.72782175873713,-2.9568115161785,-1.03428065526692,-0.018380552477233,-0.310486008176673,2.8102709414932,7.23848848497401,6.36121305391655,4.38797715110635,1.22206205694031,-3.59066697935709
-5.73924759584388,-2.96475993428073,-1.04570642622585,-0.0258321278217347,-0.325886114199464,2.78344495071046,7.22904978628917,6.35624529682738,4.3929448598159,1.21957819097991,-3.57278319242525
-5.71440881955503,-2.94836632196094,-1.02980970142307,-0.016393465727311,-0.34526044112388,2.80281927739567,7.19228853875232,6.33339361421364,4.40735121505722,1.23497815992216,-3.57924122659548
-5.7064604111287,-2.94687599356719,-1.01987424841574,-0.0293095296595323,-0.355195993386697,2.80828383107623,7.14956600785785,6.32296132433355,4.38847392196091,1.22702978884605,-3.5842089451859
-5.66175061377578,-2.92104363474693,-0.998016251797692,-0.0114257488382412,-0.353705660546177,2.82368393689741,7.12870151601658,6.28570314616621,4.38847392196091,1.25832649992802,-3.61401525673451
-5.68460228798992,-2.93346303802734,-0.993048525293883,-0.0268256712081434,-0.356686326227899,2.82269038168324,7.11975959094151,6.28023861337004,4.38897069283175,1.25435231439396,-3.60855076628256
-5.56338905968149,-2.87732733522587,-0.95976475772673,-0.0149031506603222,-0.36910576656826,2.8544841485449,7.05120483198974,6.24943851940441,4.41480277811511,1.28316515952429,-3.6900213512318
-5.45260811704257,-2.78641730306016,-0.935422897846189,0.0228514977774257,-0.369602544181971,2.87882625130786,6.98662426207864,6.19876739715527,4.46000892743348,1.34228116946465,-3.75360814913408
-5.47148558703127,-2.79039151210876,-0.935919670496416,0.0183805525731503,-0.356189548622798,2.86342614548083,6.97619201615531,6.2012512756995,4.42573173735894,1.29260385028099,-3.74069208079215
-5.44962746386948,-2.76306882488381,-0.919029400374475,0.0362643334001747,-0.371092877032491,2.8882650258436,6.95532752430666,6.15803178900859,4.43566715478267,1.32638442734196,-3.74267916822832
-5.40491766647747,-2.75412685451881,-0.916545537121947,0.0317933881914891,-0.384009094986622,2.88876180345103,6.92005659761734,6.15505113475524,4.45106705179417,1.34973276738205,-3.7655306737418
-5.40889187068971,-2.75313330225588,-0.906610084113742,0.0511674840814604,-0.380034874076411,2.88031658412422,6.91161144615835,6.1307091249997,4.4431187178583,1.34228116949889,-3.7704983923331
-5.44465970855329,-2.75661073517125,-0.92399712686756,0.0357675617145961,-0.376557430780942,2.86690358872846,6.91707595593203,6.11381875087638,4.42573173739336,1.33979730354132,-3.76652421745898
-5.43671130012944,-2.75859783969626,-0.922506808916968,0.0486836256468174,-0.397422090548468,2.86839392155021,6.91806950316327,6.09196061968063,4.43964132178182,1.34724890142527,-3.76801453303624
-5.51818248647555,-2.80579157217772,-0.941880942281535,0.0183805525791771,-0.407357642820637,2.81970971601659,6.92502433377967,6.11232842375441,4.39592548512169,1.30154576776422,-3.71187931297319
-5.51470505778947,-2.80281091538982,-0.93492612517867,0.0223547260951177,-0.393944647256285,2.78394172827836,6.91359854062182,6.10636711524772,4.39542871425085,1.2806812936966,-3.69449229790423
-5.59220203975651,-2.84056590133009,-0.97317761925404,0.0233482694737843,-0.379041318848751,2.76754806724567,6.92254046571708,6.10636711524772,4.36611923286913,1.27869420093041,-3.63189904359784
-5.5882278355452,-2.84851431942897,-0.977151800456617,0.0168902375091865,-0.384009094986514,2.77649006417269,6.90217274746698,6.07109603987759,4.37605465028824,1.29210707710946,-3.6463054275129
-5.63641506163214,-2.88030799184188,-0.994042070573063,-0.0198708675413675,-0.403880199521738,2.75363829421725,6.8932308223851,6.05519921718895,4.33531943882004,1.28018452048583,-3.60755722251441
-5.62995697979246,-2.89521127577884,-1.00348075093323,-0.0283159862632618,-0.408847975660701,2.73078652428447,6.87385665136144,6.05569599289859,4.32935818836638,1.26577809792315,-3.62146683457062
-5.66026028690518,-2.89620482804145,-1.01639683985039,-0.0228514976750029,-0.411331863729733,2.72730908103225,6.85249538586859,6.03185075885512,4.3229001670404,1.27024905665092,-3.61649911597952
-5.68907326746237,-2.89471449964714,-1.02434520225648,-0.0660706346859037,-0.415802862253774,2.72432841538677,6.81225672298097,6.03284431027432,4.29855839434243,1.25286199491203,-3.57576382355074
-5.65827318485462,-2.90564357452735,-1.02384842960613,-0.0536513424536428,-0.424744859300452,2.72879941385287,6.78940513664382,6.02191524465719,4.28762943518542,1.25037812895413,-3.59662824164466
-5.66622159327848,-2.9165726494179,-1.02931292875894,-0.0437159086652616,-0.424744859300452,2.71240575280843,6.76705032392787,6.01347005759761,4.25782318291277,1.26528132471317,-3.58867989189998
-5.62300212244059,-2.89322417123107,-1.01540329454622,-0.0312966164189127,-0.426235192141691,2.73525752276531,6.7273084346556,5.98515384217209,4.27670047602757,1.27521678856199,-3.630905499904
-5.62598277560006,-2.89620482801897,-1.04769351683387,-0.0476900821772206,-0.418783527943051,2.73476074515745,6.70992135809733,5.94243113115319,4.25484255769857,1.28217161325377,-3.64282802452183
-5.63492473507291,-2.89570805188778,-1.04073869972278,-0.078489926938672,-0.436170744419556,2.71190897521407,6.69650847045279,5.93150206554059,4.23795234806954,1.27124260303597,-3.6214668345846
-5.72335077892061,-2.94091467987606,-1.05613865189165,-0.111276858483185,-0.429712635440698,2.6562698831686,6.70396007469327,5.95733440243774,4.18976557354145,1.21212659313783,-3.54496396834182
-5.68807971651816,-2.92154041074434,-1.05365478863816,-0.0859415022925096,-0.420770638397472,2.67216676661821,6.66819237432195,5.93050851412077,4.2151008880008,1.23646847956969,-3.55887358038784
-5.71142816625394,-2.91806297782488,-1.06209992370176,-0.0933930776382975,-0.414809307030861,2.65527632795799,6.66670205347313,5.92305687847475,4.21410734625835,1.23497815999361,-3.54844137134519
-5.70695718651374,-2.92303073913856,-1.04024192707853,-0.119721977213545,-0.413318974189406,2.63987622212057,6.67912139387899,5.91063748573203,4.20715255405885,1.23050720126584,-3.54397042461378
-5.67566032832383,-2.91359199264346,-1.0303064740715,-0.0824641004744974,-0.410835086120375,2.62646322671124,6.67514720494701,5.88232127026468,4.21708797149012,1.26726841749481,-3.57824768287401
-5.74421535095296,-2.95234053089588,-1.0476935168428,-0.140586388187414,-0.403383421914539,2.59814690307827,6.68011494110969,5.88480514881458,4.17635276003488,1.22454592296748,-3.50720930703141
-5.75166698385256,-2.95234053089588,-1.05166769804597,-0.156483082251176,-0.416299639876465,2.56635313617168,6.67415365771414,5.85748248477281,4.16741088434454,1.19970726336252,-3.48485457338375
-5.74123469779919,-2.94687599345123,-1.0645837869574,-0.167412059427559,-0.422757748856415,2.5330690364445,6.66272786453236,5.83612112924868,4.14952713297307,1.20169435613165,-3.48584811710207
-5.77898963784918,-2.97221157616353,-1.04322256297554,-0.176353949846805,-0.46150640271881,2.52164315146088,6.67514720493281,5.84705019486723,4.13710786118475,1.18828147993805,-3.42822258148517
-5.78693804627211,-2.97370190455712,-1.0392483817705,-0.180328123367842,-0.465977401243714,2.52064959624545,6.66570850621409,5.8351275778282,4.13561754856975,1.18331374801877,-3.4495837714224
-5.5792858763722,-2.86242405120327,-1.00199043299909,-0.119225205532377,-0.484358172958097,2.54499169903151,6.59516665261571,5.75514668847593,4.19125588615898,1.27223614939162,-3.58520248896216
-5.57431812110816,-2.86987569317512,-0.999506569745978,-0.133631584538852,-0.520622938768585,2.52710770514995,6.5872182747459,5.73577243577921,4.18082369785602,1.28167484004038,-3.60557013518194
-5.62101502064368,-2.89372094749032,-1.00646138686036,-0.146050876787958,-0.530061713433183,2.51021726647761,6.57231506625097,5.72434659444969,4.1614496338686,1.27322969577369,-3.56831224576814
-5.64833767462378,-2.92352751539436,-1.03477742794589,-0.143070246645636,-0.528571380591836,2.47444927868733,6.5703279717866,5.7094433231478,4.12369504760112,1.25832650000677,-3.5255898659177
-5.65876996068282,-2.92054685860722,-1.05961606047448,-0.158966940712534,-0.532545601502431,2.46202983848669,6.57330861348566,5.71540463167072,4.11524994278485,1.23795879913204,-3.51615120059647
-5.61306661224299,-2.89521127589652,-1.045706426256,-0.130650954369906,-0.552913483671439,2.45904917283914,6.54002478116988,5.69106262186786,4.12170796411858,1.27819742770114,-3.55638972116173
-5.61306661224299,-2.86739181254869,-1.05166769806251,-0.137605758026747,-0.551919928443311,2.46004272805562,6.52114738373783,5.66721738776321,4.13313369416663,1.27024905662061,-3.56086066789018
-5.61952469408505,-2.87285634999334,-1.05464833396656,-0.124689694091659,-0.555397371741047,2.4635201713129,6.50127643905682,5.6662238363429,4.12766921457776,1.27173937619732,-3.55092523070812
-5.58226652956167,-2.85695951377852,-1.05862251517043,-0.12121229226148,-0.546455374689403,2.45557172958189,6.45756036080976,5.62896565807225,4.12121119324483,1.3040296336842,-3.57973799850525
-5.56835681482316,-2.84652721502539,-1.03875160915931,-0.102831739733257,-0.538506932868022,2.42576507309942,6.44563779400018,5.60064944257482,4.11226931755253,1.29061675749557,-3.5777509110687
-5.75514441255166,-2.95482441158614,-1.08644178360151,-0.174863634762088,-0.532545601499396,2.38651964206458,6.50773449612579,5.6567850978694,4.04967618775391,1.19921049015654,-3.46498369901331
-5.77153800492666,-2.9414114560385,-1.0894224195053,-0.189766785469285,-0.518139050690319,2.39099064053624,6.49879257101812,5.64535925652626,4.03924399944559,1.19722339738877,-3.45008054324163
-5.75961539227119,-2.94339856056585,-1.09439014601733,-0.208644109702593,-0.519132605918423,2.38751319727867,6.49630870293445,5.6393979480038,3.99701847530635,1.17486860372331,-3.44064187792948
-5.77700253572827,-2.93197270953152,-1.07998373914329,-0.212618283225787,-0.525590714898373,2.38950030771288,6.46352164424112,5.64386892939558,4.00496680926323,1.14555898534719,-3.44213219350482
-5.76756380072228,-2.94538566507662,-1.05961606046714,-0.212618283225787,-0.542977931391248,2.3855260868473,6.42030233955699,5.61903014387119,4.00695389274973,1.14704930492414,-3.44610636837662
-5.77849286229829,-2.95234053091607,-1.0601128331176,-0.207153794637932,-0.529068158200474,2.39347452857327,6.39695397953807,5.59915911543777,3.99751524618436,1.13462997512806,-3.44014510606787
-5.80780261839116,-3.00996656217296,-1.08793210157595,-0.221063401958818,-0.523603604446626,2.38006153314725,6.380063676556,5.60959140536221,3.96919930648826,1.12717837723702,-3.4163000568558
-5.83611882341022,-3.02337951772427,-1.08197082976838,-0.243914899695763,-0.52012616114889,2.3507516542484,6.36863788335462,5.58922360123458,3.95280586771282,1.10383003718828,-3.38947437647769
-5.86642213055179,-3.03927635393909,-1.10184173580184,-0.26130190885266,-0.513668052169564,2.3249192186041,6.34876693866226,5.60263654542036,3.95330263858465,1.06756559416071,-3.37457122071773
-5.90815127479,-3.08796041482648,-1.14655127435992,-0.303527502523574,-0.548939262775357,2.32044822012847,6.34280565525456,5.61406238676647,3.93194149108153,1.02683019234391,-3.34277782174763
-5.87983506972747,-3.08945074322298,-1.14406741110438,-0.280179233072219,-0.552913483687583,2.32541599621245,6.30057989783212,5.58624294699501,3.94287045026663,1.05961722307103,-3.34476490918173
-5.9170932342552,-3.12670895309637,-1.15201577351705,-0.279185689691396,-0.55092637323195,2.3070352247124,6.30505086038651,5.57829453562185,3.92548346974084,1.03527533664883,-3.3129715102224
-5.91609968320082,-3.12074763951481,-1.13264164012842,-0.276205059548119,-0.546455374705858,2.28716412037357,6.27375412250328,5.5609073857541,3.93939305417289,1.03030760471956,-3.32290694739315
-5.86095759970622,-3.09590883293752,-1.15400286411849,-0.26428253898089,-0.548442485161635,2.31249977839516,6.22059934540565,5.53308794596606,3.94982524248657,1.07203655290226,-3.35321003077154
-5.90069964186024,-3.11528310207168,-1.18977049498082,-0.272230886019043,-0.537016600036091,2.3020674486198,6.20668968410624,5.52464275888044,3.91256742708237,1.0630946354388,-3.32539080667798
-5.89126090686251,-3.10286369878839,-1.22305426259522,-0.278192146296776,-0.545958597086223,2.28964800842178,6.19377357004039,5.5057652818496,3.91852867754522,1.07352687246805,-3.31098442276917
-5.91013837690621,-3.11975408728691,-1.20218981124713,-0.306508132658263,-0.561855480737811,2.27921567864071,6.19178647557088,5.5057652818496,3.8748128407438,1.0452108004551,-3.28564905799833
-5.91411258112192,-3.12521862473592,-1.23100262500331,-0.307004904348484,-0.573281365861149,2.29660289494104,6.16744456829194,5.47645551489625,3.86587096504253,1.0616043158115,-3.27869425197758
-5.95435139885722,-3.15552196880009,-1.23100262500331,-0.3194241966126,-0.578745919612754,2.31100944559231,6.17290907808449,5.45708126218045,3.80476814771529,1.03726242935646,-3.24193313446223
-5.93299005120296,-3.12919283381791,-1.2165962181216,-0.286637265048678,-0.555894149354217,2.30455133668158,6.12472203713405,5.41733920529506,3.8147035651614,1.08296556309609,-3.26180400881531
-5.8867899272209,-3.08199910130765,-1.18977049498517,-0.276205059557885,-0.569803922553051,2.31349333363009,6.07852209066586,5.3840552326583,3.79334241765776,1.09041716098064,-3.30601670425182
-5.8410865787411,-3.06163127990291,-1.19175758558892,-0.252360018432839,-0.587191139046346,2.3184611097126,6.03480601230936,5.34729383001453,3.81420679428692,1.10581712994529,-3.34774554039159
-5.82071878213499,-3.05219253340185,-1.19225435823963,-0.231992379132249,-0.609546131686519,2.32640955145015,5.9945673492378,5.33090023155335,3.81768419039344,1.12817192361666,-3.36413901172921
-5.83810592556639,-3.05169575727057,-1.17685440605802,-0.22553434716128,-0.638856010931518,2.30256422625411,5.99605767009311,5.30705499741717,3.79185210503546,1.10830099592218,-3.35420357455321
-5.84804143611455,-3.04722477208435,-1.16741572568417,-0.264282539017199,-0.670649778253116,2.27524145777294,5.99108993391218,5.31152597881591,3.77049095750619,1.08644297543801,-3.33781010322225
-5.87784796769822,-3.06709581734075,-1.15648672735575,-0.280179233099779,-0.678598220078718,2.23997024757485,5.99903831179994,5.31997116591095,3.73223960033914,1.05166885198462,-3.34426813738757
-5.8261833128749,-3.01543109961865,-1.16294477181786,-0.234973009278467,-0.681578885764758,2.24791868931324,5.96724480025842,5.27128714621499,3.7655232488215,1.10333326404631,-3.40437753226451
-5.81674457786359,-3.02486984612448,-1.14357063842465,-0.235966552658947,-0.6969789918106,2.24195735801172,5.96476093216691,5.2737710247721,3.7570781439889,1.08693974868991,-3.40686139155749
-5.83065429265102,-3.01890853253501,-1.1609576812232,-0.228018205609031,-0.70144999033572,2.21910558800904,5.93793515680594,5.2623451834177,3.78390377113083,1.08793329507644,-3.41381619757108
-5.79041547502518,-2.9766825613985,-1.14655127435385,-0.20566347957332,-0.726288871052721,2.23400891626191,5.90663841880091,5.24346770636827,3.76999418670492,1.11873323296868,-3.43269352821648
-5.86493180406978,-3.02387629390876,-1.19771885741042,-0.237456867752597,-0.724798538209538,2.20370548214486,5.94538676100796,5.2479386877706,3.7446588721947,1.07700428477715,-3.37357767702688
-5.92901584706992,-3.05219253342744,-1.21609944550632,-0.291108210323654,-0.737217978570887,2.15204061083556,5.96724480019929,5.28370653899248,3.68305928398961,1.02583664591038,-3.30005544195535
-5.92007388758944,-3.05070220503288,-1.22504135322164,-0.28166954821573,-0.730263091969119,2.14359539148932,5.95830287506023,5.24644836061945,3.67461417915845,1.04073984167651,-3.31197796656913
-5.89473833573618,-3.04076668240949,-1.23597035154262,-0.265772854142167,-0.740695421879958,2.13167272888225,5.92998677878847,5.22657733214997,3.67411740828586,1.04819143956441,-3.33184884092383
-5.83363494592614,-3.00748268160538,-1.23000907973029,-0.219076315248096,-0.720327539683903,2.14607927953991,5.90365777700696,5.18236429382772,3.70094303541203,1.08395910943435,-3.37357767705343
-5.85499629358248,-3.00648912934217,-1.23050585238143,-0.219573086938379,-0.720824317298105,2.1366405049709,5.87186426543516,5.16398359249845,3.69547855581085,1.08693974859002,-3.34675199668186
-5.8758608657101,-3.01493432357747,-1.22454458057016,-0.248385844966609,-0.739205089038227,2.13266628410204,5.84454171640992,5.1699449010393,3.66368521994827,1.05365594468195,-3.32340371932126
-5.81177682283073,-2.96774059108608,-1.21609944550832,-0.208147338096375,-0.737714756194577,2.1490599451776,5.79536112812836,5.13368027407356,3.68653668007543,1.10333326389977,-3.3502293996961
-5.68162163475856,-2.88626930551427,-1.18778340438845,-0.180824895136213,-0.75460519507602,2.16744071670324,5.73922570918988,5.09244788999885,3.70392366061145,1.14953317081572,-3.42921612522873
-5.76011216796397,-2.96227605361439,-1.22951230707845,-0.222553717089607,-0.748643863701206,2.12223395430712,5.7725095416696,5.11231891847142,3.66964647037831,1.07452041876407,-3.35569389013827
-5.74570567766508,-2.94637921738987,-1.20318335655414,-0.224540803852478,-0.741192199486915,2.09590474102622,5.70494832956297,5.08748013288972,3.6631884490275,1.07551396515066,-3.3646357835894
-5.79289935284543,-2.97916644213816,-1.20815108307,-0.208644109742449,-0.734734090498078,2.08100141274285,5.68408383760817,5.07903494580169,3.63884667621747,1.0427269343472,-3.34079073440866
-5.79240257731883,-2.96774059111633,-1.21361558223171,-0.227521433962719,-0.725792093442117,2.07553685904662,5.65874838302371,5.0820156000742,3.62344677916337,1.0218624602713,-3.32042308819579
-5.78892514863505,-2.97668256147719,-1.21411235488283,-0.227521433962719,-0.710888764999682,2.07205941578509,5.62794841860804,5.0621445715841,3.61698875781858,1.03775920242226,-3.31247473845262
-5.79488645495155,-2.98413420344418,-1.21758976343976,-0.236960096070876,-0.700456435102194,2.05417542186391,5.60261296402772,5.03482190740137,3.60556302775066,1.03279147049995,-3.3104876510168
-5.7849509444115,-2.99406972607824,-1.23149939767758,-0.254347105238494,-0.702443545559122,2.06113030838881,5.58174847202862,5.02240251460134,3.61450490346091,1.00993990362772,-3.31148119473391
-5.79637678153622,-3.01294721908572,-1.24540903190717,-0.256830963691133,-0.69697899179683,2.04274953686162,5.5787678303143,5.00253148612465,3.62394355005032,1.00993990362772,-3.29955867012998
-5.83611882361305,-3.02735372688887,-1.25435093961984,-0.292598525349593,-0.688036994737199,2.02138809970031,5.59019362356325,5.00153793469996,3.57575677540424,0.96672063591565,-3.27819748020027
-5.89523511124308,-3.08150232519488,-1.25832512082677,-0.323895141834322,-0.704430656017742,2.00052344012956,5.60658715300562,4.99855728042606,3.53303448034622,0.923501368158994,-3.23348801289676
-5.84953176276506,-3.05566996633601,-1.25385416696216,-0.29905655732784,-0.724798538222157,1.98810399989565,5.56734203709028,4.95533779347188,3.54446021043037,0.954301306123741,-3.25683629024059
-5.8321446193117,-3.04176023464834,-1.25286062166017,-0.298559785637104,-0.745166420414277,2.00002666251706,5.56088398003758,4.95980877487896,3.54495698130359,0.951817440157166,-3.2469008530728
-5.70248620665692,-2.95532118768293,-1.23050585235038,-0.262295452245564,-0.75063097417393,2.03629142799014,5.51319371262276,4.90019568944578,3.59562761038546,1.0074560378504,-3.32390049110806
-5.71589914587856,-2.97817288973212,-1.2518670763632,-0.242921356335525,-0.755101972701425,2.01045899231805,5.52809692120612,4.89125372662686,3.57227937934565,0.99205606887475,-3.29707481074739
-5.74520890194238,-2.99158584527976,-1.24938321310773,-0.257327735339159,-0.74814708609865,1.98065233576955,5.53803239360395,4.88876984806415,3.53651187647572,0.956288399016161,-3.26925558665987
-5.71738947247726,-2.98562453170598,-1.24391871394716,-0.226527890581505,-0.777953742962649,1.98462655664209,5.50375501382163,4.87187947382261,3.54147958520169,0.972681914354788,-3.28167488313551
-5.69056359403841,-2.97072124775647,-1.23398326091897,-0.190760328881584,-0.79086996093736,1.9811491133799,5.48338729541856,4.83611162251354,3.52359583377724,0.992056068878693,-3.28862968915607
-5.67367322611671,-2.96873414322865,-1.22404780789666,-0.173373319719541,-0.78540540717652,1.97121356119707,5.4625228034047,4.82269867828012,3.52011843766586,0.988081883333488,-3.29707481075012
-5.6806280834865,-2.9836374271722,-1.2473961225022,-0.177347493241068,-0.806766844603197,1.94190368226977,5.44016799051962,4.80630507976538,3.51067979107229,0.975662553512772,-3.29161032030498
-5.65479575610194,-2.96575348643354,-1.25236384901217,-0.148037963515829,-0.797328069924926,1.95780056575392,5.41930349849951,4.78742760268658,3.52359583377374,1.0009979863477,-3.30154575747883
-5.65777640926106,-2.94985665022675,-1.24193162333273,-0.178837808308425,-0.782921519095325,1.95929089858233,5.41980027211922,4.78096951842068,3.51366041630963,0.988578656529287,-3.31644891323799
-5.61157628528528,-2.93495336628477,-1.24987998575034,-0.156483082237979,-0.775469854876357,1.94736823596092,5.39098740216395,4.72682096575358,3.52558291726306,1.02981083153188,-3.3601648367964
-5.63840216371163,-2.96774059095851,-1.26130575672718,-0.169399146178164,-0.777953742949407,1.92799390920828,5.38055515615034,4.72533063861538,3.49577666487729,1.03924952219563,-3.3293649815629
-5.6533054295217,-2.96823736709026,-1.24242839597028,-0.203179621110313,-0.800805513216219,1.9304777972549,5.36267130584885,4.71042736724124,3.48186708041527,1.0347785634584,-3.30651347608595
-5.63492473503707,-2.97866966585481,-1.23895098741324,-0.215102141672836,-0.789379628088193,1.94091012705117,5.36118098498952,4.69254344158021,3.49130572701207,1.03428179026543,-3.30253930121803
-5.68062808346004,-3.0174182041113,-1.24093807801688,-0.267759940803202,-0.786398962399849,1.92501324355696,5.37906483531876,4.6935369930066,3.46348655813095,0.998017347224438,-3.25733306206692
-5.70497008426449,-3.02188918929517,-1.22951230704173,-0.268753484182898,-0.797824847538084,1.88576781241945,5.36912936291877,4.70049185298859,3.44659634843782,0.977152873120944,-3.24888794047069
-5.71192494164266,-3.03281826420022,-1.23696389680791,-0.294088840395445,-0.799315180381805,1.86440637521216,5.35273583346258,4.6811176001904,3.41033207466938,0.971191594801559,-3.23050738170966
-5.71838302348773,-3.03778602551683,-1.22653167112909,-0.288624351803547,-0.78341829671333,1.84155460517573,5.35720679604178,4.67565306734904,3.40983530379592,0.961256130939072,-3.21312036666237
-5.70000232901845,-3.04772154814774,-1.22206071727004,-0.299553328984243,-0.7799408534119,1.80777372775909,5.34081326658067,4.65578203882493,3.38350644751118,0.955791625820704,-3.2026881576299
-5.67019579744289,-3.04424411522894,-1.22404780787515,-0.277198602920414,-0.769508523507108,1.80528983971168,5.31945200092098,4.62150451460797,3.38648707275092,0.956785172206479,-3.18977208930495
-5.70993783956758,-3.05467641398734,-1.2151059001556,-0.275211516159798,-0.773979522038165,1.79585106513211,5.31200039661479,4.63193680458326,3.3532034242384,0.927475553840444,-3.16543026822622
-5.71043461509425,-3.06113450370117,-1.20666076508501,-0.279185689681521,-0.76503752497659,1.77200573987621,5.29063913094928,4.60511091607571,3.32439071355719,0.923501368298393,-3.15797869035104
-5.69106036954285,-3.05616674238414,-1.2121252642493,-0.279682461372122,-0.753611639840011,1.74368941612914,5.28070365855199,4.57927857899974,3.32886165142102,0.924494914684537,-3.1838108269782
-5.68907326743719,-3.04672799588269,-1.22007362666644,-0.267759940809599,-0.77845052056121,1.72034086848347,5.27027141253327,4.55443979333173,3.31495206696104,0.922507821912565,-3.1838108269782
-5.69006681849077,-3.03728924937845,-1.25286062166043,-0.270740570953171,-0.773482744414931,1.69897943127122,5.2563617511676,4.55294946619213,3.29706831551731,0.896178842674537,-3.15996577777808
-5.67615710374254,-3.03728924937845,-1.26329284733309,-0.292101753628482,-0.752618084602072,1.70792142824502,5.25288433582633,4.52413647482172,3.28961675241293,0.901146574606043,-3.15996577777808
-5.63542151055445,-2.99854071110156,-1.25733157551988,-0.287134036721549,-0.767521413045226,1.7208376460936,5.24294886342146,4.49979446486801,3.30153925338506,0.911082038470633,-3.15847546220327
-5.6314473063419,-2.99059229299549,-1.26130575673009,-0.276205059542201,-0.770998856346656,1.72133442370332,5.20817470999876,4.46352983779036,3.30004894076458,0.93095296619035,-3.16393995264581
-5.66771191976694,-2.98363742715341,-1.28316375338564,-0.282663091515399,-0.782424741482131,1.70046976409824,5.20320697379552,4.45508465066137,3.28911998154201,0.92896587341964,-3.16493349636306
-5.72086690110096,-3.00003103948942,-1.28564761664236,-0.300050100674011,-0.781431186253379,1.68854710146701,5.21811018239794,4.46849759492749,3.25285570776202,0.901643347791655,-3.13661750043582
-5.68708616529104,-3.017418204097,-1.29856370557213,-0.317933881526618,-0.783418296711938,1.66271466575621,5.23251661738715,4.43869105212587,3.24242351941103,0.906611079721322,-3.12817237884085
-5.6557893071291,-2.98214709875836,-1.30899593124817,-0.304521045893945,-0.80825717744813,1.67811477165342,5.23201984376673,4.4272652107131,3.24689445727804,0.91108203845607,-3.14208199087576
-5.64287314343632,-2.97171479999601,-1.29707338761929,-0.281669548138963,-0.81024428790621,1.67165666272388,5.23599403272629,4.41087161216605,3.22851393494265,0.90313366736545,-3.14655293760153
-5.64883444975375,-2.96227605349833,-1.30204111413191,-0.278192146309556,-0.802792623686702,1.66817921945552,5.20817470998055,4.38702637789445,3.22652685144758,0.912572358030442,-3.15350774362068
-5.62647955105753,-2.94240500823859,-1.27024766443983,-0.255340648553447,-0.824650838739302,1.67563088360153,5.17836829273269,4.36814890078284,3.21212049610645,0.933436832146633,-3.18629468627484
-5.6190279181598,-2.94637921729162,-1.28912502519729,-0.242424584607528,-0.833096058184815,1.67463732838239,5.15005219635763,4.35473595650941,3.20268184950363,0.922507821895584,-3.16543026822191
-5.65280865396972,-2.95681151605222,-1.30849915859796,-0.240437497845098,-0.813721731210819,1.65476622399701,5.14210381842984,4.34629076937539,3.17535945143215,0.899159481805458,-3.15648837477429
-5.66473126660921,-2.96426315802658,-1.29558306966819,-0.260805137138654,-0.824154061118634,1.64731455985006,5.13961995032568,4.34877464794454,3.15499184560802,0.886740151983099,-3.12717883513745
-5.64237636791646,-2.96078572510631,-1.28962179785022,-0.251863246714777,-0.816702396899126,1.64781133745992,5.12123932636192,4.31350357224793,3.1480370533724,0.869849863423574,-3.11873371354168
-5.614060162893,-2.97022447160796,-1.28266698073234,-0.246895529810785,-0.829121837261975,1.64334033897165,5.06063294463614,4.29065188941854,3.14406288637887,0.879288554099554,-3.13661750044055
-5.64486024554142,-2.95333408313185,-1.29160888845877,-0.252856790098516,-0.829121837261975,1.63688223003952,5.01691686601308,4.2787292722849,3.13412746889675,0.866869224272924,-3.12817237884753
-5.67764743028346,-2.97618578517622,-1.29111211580738,-0.291108210259728,-0.814218508816661,1.61601757043444,5.01244590342864,4.27326473943291,3.13561778151887,0.841037018235242,-3.09985638292489
-5.67019579738675,-2.980159994228,-1.30402820473906,-0.314456479705324,-0.803786178913884,1.6294305659015,4.95780080515875,4.24594207515663,3.13661132326715,0.847991842939719,-3.10482410150973
-5.68062808344559,-2.9965536065685,-1.30353143208773,-0.335320890690769,-0.804779734142995,1.63886934048585,4.94885887998147,4.23849043944067,3.13760486501471,0.839546698660738,-3.09041771761438
-5.68758294081566,-3.0079794575908,-1.32538942874457,-0.334824119000707,-0.789379628080792,1.6269466778511,4.93643953944715,4.19626450372892,3.13164361452573,0.846501523360983,-3.06160494982584
-5.69851200239973,-3.01394077117161,-1.31843461162093,-0.352707899851108,-0.790373183309904,1.60508846301935,4.92252987805383,4.18235478373174,3.11972111354747,0.847495069747705,-3.05564368752718
-5.67715065475004,-3.0109601143824,-1.29707338761633,-0.343766009422599,-0.815708841664184,1.61701112565258,4.87434283679248,4.15801277373636,3.11972111354747,0.877798234539917,-3.06309526540005
-5.64982800079277,-2.99655360656742,-1.31595074836319,-0.337804749139426,-0.795837737082428,1.60558524062268,4.83708481518953,4.12522557659759,3.11922434267346,0.882765966469846,-3.08942417388631
-5.65628608263533,-3.00549557693487,-1.31446043040903,-0.354198214919567,-0.798321625155298,1.60657879584236,4.81820741758585,4.12274169802496,3.11177277956123,0.891707883944428,-3.06855975583452
-5.66125383790034,-2.99357294977551,-1.33532488177131,-0.367114278872495,-0.799811957999343,1.61204334955013,4.81771064396432,4.12373524945289,3.10829538344125,0.891211110751074,-3.05216628451022
-5.65032477631117,-3.00400524853874,-1.33880229033287,-0.361153018584764,-0.789876405708465,1.62148212414264,4.81075581326462,4.10932875373985,3.11028246693806,0.887236925204817,-3.04570825035216
-5.63740861261989,-3.01245044277813,-1.3437700168474,-0.328366087013563,-0.79385062662616,1.61899823609319,4.7700203763337,4.09144482803151,3.08743100672022,0.885249832431216,-3.05812754680677
-5.63939571472547,-3.00797945759493,-1.3397958356366,-0.318430653203618,-0.801799068456367,1.60806912867616,4.75760103579498,4.08001898659532,3.06606985912136,0.880778873692919,-3.03925021618796
-5.60511820340525,-2.97817288971159,-1.33631842707771,-0.317933881513237,-0.82167017304868,1.60459168540868,4.72829139212761,4.06759959372894,3.05017319115464,0.892701430320964,-3.04918565335656
-5.60164077471998,-2.96823736708318,-1.33085392791083,-0.332340260530017,-0.82167017304868,1.59664324364883,4.70643335276667,4.07256735087633,3.02881204355473,0.882765966462683,-3.05266305636432
-5.57034391655986,-2.94240500824389,-1.32986038260769,-0.327869315315928,-0.836076723876193,1.59863035408892,4.6930204649845,4.04375435942146,3.02732173093196,0.905617533342776,-3.07352747441386
-5.56338905918939,-2.94240500824389,-1.34128615358351,-0.327869315315928,-0.819683062584566,1.58173991535672,4.67762048269887,4.02438010654588,3.01639277169305,0.909094945692852,-3.08246936786329
-5.58773105998627,-2.94339856050671,-1.34029260828052,-0.338301520812639,-0.84501872092967,1.58273347057693,4.69500755945639,4.00450907794961,2.98559297748036,0.879288554093562,-3.05912109052547
-5.60511820341666,-2.94836632182342,-1.33582165441883,-0.355688529987977,-0.858928494143281,1.54696548264174,4.66172372679179,3.99258646079648,2.95230932887896,0.85743053359262,-3.05117274079457
-5.60561497894322,-2.95283730700747,-1.31545397570773,-0.345256324486892,-0.865386603135392,1.52312015736218,4.65327857522362,3.96178636650663,2.94187714051545,0.859417626365959,-3.03577281319357
-5.62002146922083,-2.97121802388724,-1.30005402351199,-0.335817662368259,-0.878799598729211,1.51616527082069,4.64731729176463,3.95433473078873,2.91008380454306,0.852959574851497,-3.01391485143627
-5.61406016290398,-2.95631473993742,-1.29558306964884,-0.365623963794418,-0.879793153958755,1.49281672314299,4.64533019727787,3.92701206647985,2.92449015990078,0.863391811910559,-3.00745681727935
-5.59617624395934,-2.95234053088639,-1.28167343541843,-0.357178845059818,-0.887741595792033,1.4962941664126,4.61502700632792,3.91061846788558,2.93939328613492,0.880282100471871,-3.0228567448887
-5.61753759158829,-2.96525671029788,-1.2935959790519,-0.360656246892741,-0.873831822575399,1.47841017245746,4.62297538427627,3.90912814074108,2.92150953465746,0.846501523339415,-2.97317955907262
-5.63343440843908,-2.98463097942715,-1.30601529534283,-0.365623963797469,-0.864889825512313,1.47443595157652,4.61552377994269,3.89571519644016,2.9026322414109,0.820172544089543,-2.9736763309309
-5.66572481765253,-3.01493432345303,-1.30651206799439,-0.374069082536026,-0.847999386612111,1.46698428742532,4.60956249648078,3.90167650502059,2.87630338505715,0.79185647208183,-2.9359216697071
-5.68460228766249,-3.03033438353468,-1.31793783897799,-0.376056169297574,-0.840050944778448,1.4386679636412,4.62843989411942,3.89521842072437,2.89319359478752,0.768508132004676,-2.9135669360876
-5.62647955110425,-3.01841175638361,-1.30204111413807,-0.364133648730346,-0.846509053773367,1.44611962779146,4.5822399472701,3.88180547641023,2.91058057539721,0.803282255532582,-2.93095395112499
-5.60809885662105,-3.00549557696233,-1.30303465944056,-0.347740182936051,-0.843528388083945,1.46400362176585,4.57627866380137,3.86590865352786,2.92001922202107,0.818185451331439,-2.94138616014714
-5.5956794684601,-3.01195366667412,-1.30800238595318,-0.348236954626456,-0.832102502945435,1.46499717698631,4.54647224647071,3.83212790489492,2.91455474239994,0.821166090491052,-2.95628931588995
-5.60611175452827,-3.00648912922188,-1.31992492958736,-0.353701443220915,-0.832102502945435,1.4505906262867,4.54051096300977,3.82417949345929,2.90263224139744,0.792850018439881,-2.94983128173687
-5.61604726505713,-3.02288274156721,-1.34327324421914,-0.340288607573685,-0.836573501478975,1.45655195761086,4.51616905552936,3.81275365200947,2.86934859279686,0.777946822639448,-2.92598623255194
-5.63293763294896,-3.03828280164367,-1.36662155882675,-0.346746639546883,-0.84899294184962,1.43121629949197,4.51865292364191,3.81374720343983,2.84202619469257,0.730256596074272,-2.90363149892759
-5.59220203981151,-3.00897300991239,-1.36513124087211,-0.330849945458422,-0.859425271761214,1.41233875030236,4.47593039212881,3.78245033337837,2.83606494419658,0.750127523806607,-2.95728285961186
-5.58326008033172,-2.99506327822823,-1.36960219473909,-0.337804749127099,-0.883767374886502,1.387996647392,4.47940780748486,3.77450192193636,2.84649713257185,0.752611389775153,-2.93741198528597
-5.57878910059204,-2.97717933748693,-1.36761510413292,-0.33383057560263,-0.909103033242007,1.37359009669299,4.47245297677683,3.74916636045672,2.84500681994703,0.751617843388142,-2.9413861601498
-5.58624073349455,-2.9751922329597,-1.36016351436013,-0.347740182938955,-0.92897413783192,1.38501598173279,4.45009816378158,3.7446953790196,2.80228452471947,0.735721101191338,-2.93045717927411
-5.62449244899238,-2.98860518850509,-1.37506669389712,-0.372081995771218,-0.927483804986758,1.36514487732687,4.45655622087508,3.73426308899099,2.77496212661184,0.711379214728566,-2.92648300440769
-5.65032477637794,-2.99506327821484,-1.37456992124586,-0.386488374801857,-0.93294835875103,1.35222865945784,4.45754976812,3.72134692038934,2.76502670911292,0.68803087463844,-2.88723802762548
-5.66870547085828,-2.98910196463466,-1.37158928533811,-0.390462548325541,-0.963251793262722,1.32391233565818,4.46251750434516,3.72830178040688,2.7391946236113,0.673624452029257,-2.88376062461828
-5.63591828608694,-2.98115354652458,-1.35867319640147,-0.397914123684011,-0.975671233635166,1.30950578494974,4.4426465594613,3.69799846177831,2.74913004111387,0.687037328269347,-2.8917089743453
-5.62995697976917,-2.97221157615299,-1.34128615358748,-0.40536569904248,-0.968219569413139,1.29957023274195,4.44662074843991,3.68806294746857,2.73720754010932,0.663192214964044,-2.89369606177679
-5.6135633874034,-2.95730829220787,-1.33085392790773,-0.408346329184654,-0.972690567948407,1.29708634468961,4.43072399251377,3.66521126455737,2.72081410122907,0.675114771616696,-2.89419283363496
-5.67864098134908,-3.01344399504714,-1.32290556548518,-0.461500900092119,-0.984116453095746,1.29509923424772,4.46500137245663,3.66521126455737,2.68405305646506,0.623947132663283,-2.83458021065728
-5.66820869529327,-3.02139241315137,-1.30303465941881,-0.434675228811885,-0.977658344100515,1.31497033866623,4.43767882321267,3.63490794590441,2.6701434719635,0.630405184179966,-2.84550919153519
-5.65876996028985,-3.01046333826059,-1.30204111411582,-0.424243023313888,-0.953316240974051,1.31745422671841,4.39346597079249,3.62199177729405,2.65921451271148,0.618482627531732,-2.85792848798744
-5.63790538816831,-2.99854071110073,-1.3000540235103,-0.401888297242339,-0.95430979620405,1.31795100432871,4.35769826994308,3.5941723372174,2.67163378458923,0.634379369728536,-2.86836069700508
-5.70049910456091,-3.04573444363583,-1.32489265610134,-0.420765621499862,-0.953813018589021,1.30404123123458,4.35819504356557,3.59268201007,2.63536951068041,0.601095565738563,-2.7953352339113
-5.6925506961318,-3.04076668232047,-1.33085392791737,-0.414804361210072,-0.967722791813717,1.29907345512922,4.30603381313389,3.57281098143506,2.61897607179655,0.59761815338223,-2.81073516150438
-5.67218289954626,-3.04523766750547,-1.34128615359681,-0.416294676281656,-0.955800129049692,1.32142844760547,4.27771771663235,3.5464818684982,2.63189211455147,0.604572978091491,-2.80030295248477
-5.6860926142926,-3.03728924939806,-1.35370546988187,-0.441133260829803,-0.955800129049692,1.33980921919744,4.24592420477314,3.54052055990988,2.604072945532,0.614011668773217,-2.79781909319489
-5.69553134929639,-3.03778602552972,-1.34873774336689,-0.441133260829803,-0.982129342646268,1.33831888636591,4.20220812596077,3.52611406415161,2.60109232027977,0.625437452235787,-2.80477389920594
-5.67417000168404,-3.03033438356069,-1.36711833147366,-0.441630032520208,-0.982129342646268,1.35173188184543,4.17885976566913,3.5087269140922,2.62593086403254,0.653753524255488,-2.8157028800874
-5.65628608272064,-3.00450202471542,-1.3805311930639,-0.40685601415366,-0.98759389641463,1.37060943103663,4.13911787587435,3.488359109739,2.64828555342401,0.674121225214816,-2.83855438555073
-5.65976351140543,-2.99357294982279,-1.3805311930639,-0.427223653455758,-0.992064894949574,1.36365454449206,4.1187501573204,3.47544294111825,2.63984044854341,0.677598637569033,-2.8206705986613
-5.65280865403672,-3.01692142800471,-1.39593114526692,-0.442126804168836,-1.00746500100583,1.34428021767809,4.10285340136784,3.46401709964797,2.62742117665896,0.663192214942314,-2.79682554947669
-5.64486024561394,-3.01344399508421,-1.42027300520075,-0.447094521071481,-1.00647144577583,1.33583499830156,4.10136308049759,3.44066864098101,2.59860846589091,0.659714802587913,-2.79086428718054
-5.61704081608721,-2.99108906913477,-1.4088472342043,-0.437159087249526,-1.00498111293081,1.34378344007064,4.09291792891355,3.44961060386371,2.59711815326313,0.66766317369536,-2.81520610819565
-5.60660853002775,-2.98015999424467,-1.41828591458401,-0.430701055270911,-0.99405200539633,1.3552093251114,4.10583404312958,3.44017186525489,2.59463429888563,0.664682534532276,-2.8117287051902
-5.60213755029164,-2.97370190453329,-1.41828591458401,-0.433184913723795,-1.00349078008395,1.34328666246005,4.10881468486866,3.42675892091464,2.56482804636185,0.664682534532276,-2.80129649617355
-5.5897181621249,-2.97270835227005,-1.40984077950918,-0.40735278579436,-0.997032671089339,1.31894455953787,4.09788566515425,3.4103653222872,2.56433127548615,0.666172854113168,-2.79185783087355
-5.5628922837022,-2.95085020248663,-1.42027300519232,-0.405862470722445,-0.970206679878057,1.30602834166066,4.09937598602458,3.38006200358785,2.54992492009418,0.662198668561758,-2.79930940874399
-5.60958918315698,-2.96774059095315,-1.40288596238811,-0.395927036916667,-0.968219569417818,1.27423457458568,4.10484049588275,3.37757812500665,2.52160898021359,0.629908410992015,-2.77149018468849
-5.57382134526769,-2.94836632183775,-1.39295050935728,-0.400397982131859,-0.967226014187099,1.26479579999197,4.07155666311298,3.3542296663312,2.50968647920787,0.638850328479374,-2.77546435955313
-5.55593742632235,-2.95979217286198,-1.40040209912941,-0.398907667060275,-0.9617614604223,1.25187958211803,4.04373734017326,3.34181027341841,2.50422199957738,0.647792245958688,-2.78440625299676
-5.55245999763871,-2.9518437547549,-1.39096341874523,-0.402385068894914,-0.962755015652131,1.26678291043789,4.05069217090421,3.31498438472225,2.48931887330599,0.664185761360638,-2.7868901122861
-5.54202771158756,-2.93445659016013,-1.36165383229864,-0.411326959322761,-0.974180900800022,1.26380224477486,4.02982767870795,3.30653919753782,2.49329304031091,0.678592183967534,-2.79036751529207
-5.54401481369561,-2.94836632185952,-1.37456992125171,-0.393443178455596,-0.972193790340167,1.2429375851253,3.99256965696698,3.2861713931878,2.49378981118685,0.674121225220009,-2.81222547703368
-5.55593742633533,-2.96177927740716,-1.37655701185864,-0.394933493527401,-0.970206679879976,1.22853103442081,3.98859546797841,3.29710045894496,2.47342220527987,0.661701895368732,-2.79036751529266
-5.55643420186153,-2.95184375477771,-1.38053119307157,-0.398410895361953,-0.969213124649497,1.23200847769475,3.97369225927816,3.29163592606291,2.48534470629465,0.647295472753831,-2.7888771997191
-5.59468591743441,-2.96823736712649,-1.40487305300467,-0.420765621452803,-0.987593896408704,1.22803425680711,3.99405997783156,3.29809401037236,2.45255782847187,0.611527802779785,-2.75062576668603
-5.57382134534732,-2.93942435153382,-1.39692469057882,-0.406856014120253,-1.01491666523534,1.23896336424213,3.97915676912279,3.2901455989023,2.46646741298843,0.643818060360636,-2.75708380084164
-5.59816334616075,-2.94836632190334,-1.41083432482076,-0.455042868124044,-1.03478776984637,1.24045369707473,3.98313095810952,3.28021008457425,2.43219022255373,0.631895503705461,-2.71684528037011
-5.62598277562587,-2.98413420335958,-1.42027300519991,-0.463984758557407,-1.02435543992671,1.20220182105093,3.9836277317334,3.28120363600783,2.40933876227318,0.63040518412453,-2.70442598391954
-5.65827318484183,-2.98860518854448,-1.42822136762716,-0.461997671795467,-1.03727165791858,1.19475015688967,3.99604707233673,3.26481003735061,2.38847438548863,0.599108472928298,-2.68008416288367
-5.66870547089419,-2.992082621466,-1.41977623255108,-0.454049324745746,-1.04720721021953,1.17487905246109,3.98511805261547,3.26580358878447,2.38251313497701,0.592650421408027,-2.68256802217318
-5.72484110541003,-3.0427537868922,-1.45703418143268,-0.481868539435553,-1.02832966084817,1.14954339431011,4.00846641292874,3.26182938304933,2.36115198731637,0.552908565913912,-2.62742634597445
-5.67118934854691,-2.98711486014385,-1.42722782232519,-0.475410507459646,-1.03975554599496,1.16991127634919,3.9920728833386,3.21761634426372,2.37108740483258,0.586689143091061,-2.63785855499208
-5.62946020433221,-2.96923091941535,-1.41580205133855,-0.444113890974917,-1.0521749863743,1.18531138227434,3.96425356039434,3.17141620261134,2.37208094658462,0.608547163623813,-2.67312935689881
-5.65231187854769,-2.99754715892032,-1.42126655050786,-0.448584836191654,-1.04372976691716,1.17289194200793,3.96176969227644,3.16048713684255,2.34277146491073,0.596624606968638,-2.6567358855936
-5.62598277561476,-2.98661808401987,-1.41133109746967,-0.417288219671412,-1.04223943407121,1.17885327333914,3.90563427279374,3.1331644724415,2.35519073681953,0.61450844196418,-2.66667132274121
-5.60859563222185,-3.0049988008594,-1.39344728202528,-0.402385068968626,-1.02783288323083,1.18431782705475,3.88377623333217,3.11677087377406,2.34773917368685,0.616992307929637,-2.67561321618932
-5.5703439166683,-2.99257939756932,-1.39791823589121,-0.367611050603793,-1.00051011439561,1.19574371210154,3.84850530604465,3.09193208793139,2.35966167471419,0.630901957359939,-2.69250345934483
-5.54004060957383,-2.97519223296576,-1.38500214695265,-0.349230498050634,-1.0079617786234,1.21611159414793,3.82565371933234,3.07255783496732,2.34773917368802,0.624443905841206,-2.69995503721467
-5.49334371010545,-2.95184375478729,-1.37407314861615,-0.34326923776599,-1.01342633239163,1.22654392397304,3.80677632161193,3.05616423629604,2.34873271544015,0.639843874849046,-2.73522583912904
-5.46502750511609,-2.91756620172614,-1.38897632816505,-0.342772466075487,-1.00994888908575,1.24194402990665,3.78293118765191,3.02884157184606,2.35370042419996,0.647792245950603,-2.74218064514056
-5.46105330089852,-2.89968226097505,-1.38599569225147,-0.33333380394428,-1.01988444138431,1.24889891646061,3.75958282733864,3.0233770389589,2.33482313089973,0.624940679003387,-2.75012899485779
-5.51172440459962,-2.94737276960847,-1.40189241710222,-0.359165931860333,-1.00696822339275,1.22207292547864,3.7764731305525,3.03877708618795,2.30302979483072,0.600598792514209,-2.69250345936887
-5.55146644670732,-2.9741986807063,-1.43020845825726,-0.394933493561137,-0.987593896404253,1.20667281955348,3.78044731954714,3.04672549766297,2.27421708400194,0.575760132815927,-2.66716809461554
-5.55593742644752,-2.9786696658944,-1.43467941212438,-0.396423808633602,-0.987097118789236,1.21263415088218,3.76256346908833,3.03828031047372,2.25981072858737,0.56135371018082,-2.65474879817707
-5.52563411933186,-2.94488888896137,-1.4456084104667,-0.394436721872055,-0.982626120252024,1.21859548221189,3.7605763745902,2.9975447016579,2.28365573063094,0.595631060541319,-2.68554865335176
-5.59021493770796,-2.98463097947416,-1.47640831485499,-0.418281763001806,-0.987097118787616,1.1858081598992,3.77696990418883,3.00400278598311,2.25533979070177,0.555392431860449,-2.61550382139993
-5.55444709983951,-2.94637921738177,-1.46895672507912,-0.411326959336046,-1.01392311000732,1.19027915839426,3.74666671308449,2.97966077582602,2.25484301982577,0.565327895732926,-2.65673588560634
-5.58773106009275,-2.9563147400108,-1.47640831485015,-0.443120347546693,-1.02385866231523,1.19077593600493,3.7436860713373,3.00300923452389,2.23646249739668,0.552411792688794,-2.63835532686348
-5.63045375534774,-2.97270835234646,-1.47392445159284,-0.467958932077682,-1.00895533385984,1.16693061068359,3.74964735483007,3.00946731885061,2.22354645461517,0.535521504098879,-2.58967168479338
-5.63244085745123,-2.96774059103738,-1.44709872841436,-0.459513813341,-1.0183941085486,1.15848539130189,3.73474414608921,3.00648666454462,2.23298510125545,0.540986009229248,-2.57874270391873
-5.63790538825054,-2.97370190461957,-1.43368586680984,-0.456036411504302,-1.02981999369787,1.14705950624786,3.7267957681034,3.01195119743178,2.22801739248931,0.55638597826195,-2.57725238834662
-5.58971816217951,-2.94637921736989,-1.4282213676407,-0.439146174016979,-1.04571687738093,1.14258850774789,3.68804742541309,2.98313820583184,2.23348187212972,0.564334349363928,-2.62245862738631
-5.63691183726264,-2.97022447170467,-1.42076977785842,-0.48236531115688,-1.07204609098514,1.10582696453097,3.69748612427188,2.98313820583184,2.21758520406871,0.546947287555574,-2.56234923264934
-5.55792452863418,-2.90663712688688,-1.3914601914179,-0.451068694658256,-1.0894333075179,1.10383985408824,3.66370551780182,2.94786712988352,2.25881718677967,0.616495534657395,-2.62345217116713
-5.59120848891069,-2.9384307992931,-1.38003442042382,-0.465971845374644,-1.08893652990271,1.07602030787002,3.63687974205586,2.95581554136658,2.22106260019772,0.587682689431024,-2.58718782556092
-5.56537616154069,-2.92650817213223,-1.37258283064728,-0.479384681022536,-1.09787852697681,1.09390430186443,3.61800234433493,2.92998320405265,2.22304968370281,0.595134287341396,-2.6209683118756
-5.64585379681504,-2.97171480006627,-1.38599569224624,-0.511178069228477,-1.08396875374741,1.05217498254415,3.63886683657611,2.94935745703735,2.18976603498313,0.563837576125288,-2.5598653733694
-5.66175061366769,-2.99059229307295,-1.39940855384243,-0.500249092025405,-1.07552353428538,1.01441988410356,3.64979585631344,2.91507993255622,2.19125634761314,0.548437607099515,-2.52509134334051
-5.64486024576766,-2.97519223299974,-1.42573750438855,-0.499752320334485,-1.07552353428538,1.02137477065811,3.63042168495482,2.90514441820652,2.18430155534276,0.538998916410296,-2.54148481464262
-5.67417000181212,-3.00301169634405,-1.45604063613035,-0.519623187955845,-1.06707831482681,0.998026222939993,3.62893136408007,2.90663474535957,2.15548884453234,0.520618308238188,-2.50770432832336
-5.6458537967738,-2.99108906918118,-1.46100836264929,-0.529061850085422,-1.06409764913509,0.983122894600312,3.60906041910039,2.89222824956278,2.14903082313453,0.525089266987251,-2.507207556466
-5.67913775703997,-2.98363742720948,-1.45703418143649,-0.532042480229214,-1.06608475959633,0.972690564763747,3.60359590922718,2.90017666104296,2.13462446771573,0.512173163944828,-2.47342707014537
-5.63045375537669,-2.96575348645614,-1.460014817349,-0.498262005215397,-1.04969109829164,0.978651896100123,3.56087337751155,2.86838301512308,2.14455988525532,0.524592493809582,-2.51217527500586
-5.66671836874186,-2.99953426336925,-1.4898211764415,-0.537506968769036,-1.03975554598541,0.956296903607829,3.55441532038515,2.87682820232789,2.09786342290167,0.453553927124187,-2.45007879277317
-5.65280865399417,-2.99406972592139,-1.48684054053128,-0.540984370604447,-1.04472332213781,0.977161563274572,3.57080885001237,2.87881530519814,2.09686988114857,0.446102329213618,-2.44511107419977
-5.72037012563239,-3.03182471195146,-1.49876308417533,-0.555887521334806,-1.03975554598505,0.93344513348648,3.56534434014214,2.8822927352232,2.06706362855172,0.408844339632175,-2.40040160702522
-5.69751845139293,-3.03679247326817,-1.49776953887134,-0.537506968772124,-1.05167820875253,0.96176145731902,3.53901533802433,2.86192493080287,2.07203133731932,0.402386288104896,-2.38549845130743
-5.63989249034908,-2.9861213078633,-1.48584699522975,-0.519623187907165,-1.05763954013713,0.989581003544281,3.48039605026558,2.82864095769722,2.0819667548499,0.440637824048856,-2.43219500592523
-5.66423449114974,-2.9811535465515,-1.46647286180502,-0.500249091970843,-1.08049131043981,0.99206489159898,3.48138959751524,2.80827315326419,2.0869344636147,0.452560380708133,-2.42474342805973
-5.63740861273486,-2.98015999428864,-1.45753095407224,-0.490810429848252,-1.08794297466778,0.9945487796552,3.4808928238903,2.7983376389083,2.09388925588304,0.473921628041589,-2.44610461793447
-5.61604726509512,-2.95482441158753,-1.44511163777764,-0.463487986853716,-1.09887208220622,1.01094244082833,3.46052510526364,2.75313104857899,2.10829561130608,0.493295782608556,-2.45902068622794
-5.67019579756103,-3.01046333836635,-1.46051158998249,-0.504720037221443,-1.10980118974651,0.997032667705714,3.48536378649231,2.7486600671218,2.06756039937678,0.438153957981313,-2.41381444722985
-5.64486024571171,-2.98959874083791,-1.44411809247022,-0.497765233549163,-1.11327863305247,1.00696821992965,3.47989927661448,2.73773100132464,2.07699904603488,0.461005524910989,-2.42225956880743
-5.68509906334146,-3.01344399515863,-1.42971168556891,-0.497765233549163,-1.1112915225918,1.01044566320762,3.47046057773331,2.72431805693878,2.07302487902109,0.455044246575513,-2.40487255380111
-5.66820869544371,-3.01493432355338,-1.42226009579567,-0.499752320312525,-1.11029796736123,0.994548779653689,3.45655091623237,2.69997604676399,2.05712821096476,0.464482937261734,-2.41828539395084
-5.62846665328197,-2.96376638197454,-1.4297116855775,-0.482862082818951,-1.12619485105427,1.00051011099321,3.44661544373685,2.69699539245684,2.06159914885708,0.486837731019475,-2.43616918081413
-5.66175061359405,-2.97668256140289,-1.41977623254079,-0.513661927663213,-1.11625929874756,0.964245345376991,3.45108640636331,2.69550506530328,2.03377997974282,0.478889359905927,-2.4277240592434
-5.71142816621034,-3.01940530869784,-1.42772459496757,-0.540487598966608,-1.09986563744405,0.943380685711129,3.47393799313914,2.71885352405509,2.01738654081476,0.44212814354566,-2.38847908248615
-5.7004991046235,-3.04474089139894,-1.42673104966434,-0.551416576159165,-1.09589141652003,0.919038582763769,3.44313802837447,2.72332450551785,1.99006414259328,0.429708813692082,-2.36115663032559
-5.72533788093261,-3.03430859264142,-1.42623427701266,-0.554893977993289,-1.1008591926735,0.920528915597375,3.43270578224748,2.7133889911568,1.95876757736697,0.411328205522893,-2.3313503188759
-5.73278951382817,-3.03232148811699,-1.41282141542481,-0.570790672094691,-1.09539463890356,0.909599808149891,3.41233806359807,2.72580838411505,1.94585153457437,0.385495999429159,-2.32141488172667
-5.66820869530403,-2.98761163623081,-1.40636337095009,-0.534526338634265,-1.07204609098363,0.926987024551877,3.37955100436909,2.68904698098296,1.97516101633665,0.427224947810633,-2.34824056200454
-5.66820869530403,-2.98214709878593,-1.41033755216371,-0.516642557773717,-1.08148486567421,0.919535360384317,3.38004777799442,2.68159534520859,1.96323851529411,0.423250762259645,-2.33780835299722
-5.68907326743327,-2.99257939755883,-1.42474395906502,-0.518132872846881,-1.09688497174943,0.887741593252279,3.396938081252,2.6920276352873,1.92697424125727,0.393941143749342,-2.32141488171308
-5.77054445386644,-3.00797945764339,-1.43318909414161,-0.524590904829161,-1.09191719559727,0.863399490289499,3.4128348372522,2.7109051125684,1.89716798861803,0.337805772756194,-2.26975060857065
-5.72682820755986,-2.98860518853085,-1.39195696405694,-0.51515224270657,-1.09837530460108,0.877806041020443,3.39246711861945,2.68606632665738,1.9090904896594,0.340289638727632,-2.28167313315101
-5.69851200251549,-2.97419868070738,-1.4038795077017,-0.500249091969592,-1.11377541067853,0.881283484301134,3.37905423073678,2.66569852221378,1.92101299071305,0.338799319143468,-2.28813116729316
-5.70397653330917,-2.95432763544429,-1.39543437262337,-0.502732950425418,-1.1485498437621,0.881283484301134,3.36663489010129,2.64433716633557,1.89319382159265,0.323896123301226,-2.2682602930017
-5.64386669466506,-2.91855975399181,-1.39940855383664,-0.478391137595557,-1.13662718099462,0.895193257416995,3.34328652968049,2.6026080059758,1.91952267806126,0.374070215859227,-2.3258858284914
-5.655789307302,-2.92402429143565,-1.3815247383859,-0.488326571410649,-1.13662718099462,0.888238370859358,3.34974458680742,2.59863380022993,1.90958726051899,0.349728329337195,-2.31197621648982
-5.68211841021702,-2.94439211281896,-1.41828591461521,-0.491803973247003,-1.13613040337925,0.874328597737036,3.3730929472085,2.59416281876589,1.90660663525799,0.349728329337195,-2.27918927391644
-5.69702167601581,-2.95532118771664,-1.41033755218819,-0.511674840888462,-1.17289194692474,0.86588337834339,3.3552090966951,2.59267249161039,1.88971642543406,0.343270277808036,-2.26875706491717
-5.69851200259448,-2.95432763545408,-1.41282141544719,-0.53750696880324,-1.18332427685095,0.849986494778043,3.32589945277779,2.58820151014438,1.89170350894164,0.326379989206946,-2.25633776848374
-5.66572481782761,-2.92253396301774,-1.40686014362445,-0.535023110348027,-1.17040805885159,0.87631570818732,3.29311239349877,2.55144010698461,1.9259806994713,0.368605710775054,-2.27620864276848
-5.61803436720107,-2.92750172433749,-1.41182787014207,-0.541977914023567,-1.17537583500375,0.867870488786184,3.2638027496126,2.53703361116651,1.93740642965485,0.385992772605041,-2.28813116733336
-5.66572481772104,-2.97221157615967,-1.43219554884594,-0.556881064745469,-1.15798861845965,0.862902712673062,3.24939631446837,2.52560776963661,1.92449038685972,0.384005679827916,-2.25782808403252
-5.63194408191966,-2.97072124776464,-1.40785368891356,-0.547939174308578,-1.15649828561295,0.873831820123316,3.2434350309618,2.50076898370043,1.9145549693155,0.391954050942095,-2.26776352117651
-5.59021493770657,-2.97668256134181,-1.42076977785861,-0.525584448217176,-1.12470451821994,0.860915602225652,3.21263506614927,2.48834959073702,1.94187736755909,0.432689452882855,-2.28515053618095
-5.65926673583048,-3.00301169629462,-1.42822136763603,-0.565326183464799,-1.13762073621836,0.846509051498359,3.22604795405424,2.51914968529708,1.91306465670488,0.387483092267271,-2.22404759769046
-5.65181510293173,-3.00946978600261,-1.45107290960425,-0.576255160667062,-1.14209173475751,0.837567054492662,3.19127380026683,2.51318837667673,1.92200653249314,0.386986319072615,-2.23348626297667
-5.63442795949425,-3.01245044279188,-1.43169877617607,-0.584700279414995,-1.15798861845555,0.846509051500813,3.17140285524653,2.51418192811327,1.89766475951189,0.359663793357861,-2.255344224689
-5.64635057213953,-3.01443754731928,-1.43070523087296,-0.581719649267526,-1.15600150799195,0.849986494780917,3.17239640249774,2.5280916482267,1.88127132055167,0.342276731537541,-2.23994429712405
-5.67466677715089,-3.03679247323719,-1.42971168556931,-0.578242247430914,-1.15997572891761,0.842534830605962,3.17637059150624,2.50673029231909,1.8594134019576,0.354199288198711,-2.22255728212432
-5.63393118401424,-3.02089563703509,-1.41083432481129,-0.558868151490768,-1.17935005591968,0.830115390322239,3.1728931761247,2.4987818808158,1.83755548336568,0.363637978889179,-2.23447980670032
-5.60263432583892,-2.98761163621276,-1.4028859623838,-0.546945630905598,-1.19375660676772,0.850483272402168,3.15351900471645,2.47046566486584,1.85692954757525,0.397915329306828,-2.25782808398442
-5.6100859587407,-3.00201814404017,-1.40586659829376,-0.560358466564741,-1.20319538146126,0.831605723162737,3.16792543986068,2.48934314217243,1.82513621142907,0.371089576795053,-2.24888619055617
-5.65032477639155,-3.01195366667548,-1.41878268723308,-0.557377836419993,-1.20567926953917,0.801302288856374,3.15649964646762,2.51020772236098,1.80675568895942,0.36016056651219,-2.23646689412661
-5.68432630130879,-3.01797017760618,-1.41039274911499,-0.571508231183111,-1.22715110202723,0.801578276417062,3.1770329563469,2.51600343907426,1.78329706420339,0.333390011038302,-2.2193558634892
-5.6752877465974,-3.0273537267626,-1.39928436065248,-0.56681649854809,-1.23598270408247,0.79322965266647,3.17972381348528,2.50461899552194,1.77073980035661,0.31483001251649,-2.21224926609011
-5.68069905145281,-3.04012797015151,-1.39067954865072,-0.557235901652232,-1.24520857408708,0.788173166261196,3.18744154660007,2.49707864978861,1.74678834734231,0.317225168979176,-2.20311221229128
-5.67880657327302,-3.04722477203976,-1.38500214691902,-0.543633819639167,-1.2409504802387,0.777291370958365,3.18365660468614,2.47543342204934,1.74548728075313,0.352708968599153,-2.18927356770204
