0,0,0,0,0,0,0,0,0,0,0
-0.0271570635914447,0.00579572161210284,0.017387043232489,0.0119225217088554,-0.00447099924980804,0.0177183991379011,-0.026660185083939,-0.0125849834804736,0.00314621552257047,-0.00529891430709303,-0.0114257531688604
-0.111845467776028,-0.0290968880076692,-0.00354837618131887,0.00553545653140597,-0.00482584045922621,-0.00652907631182509,0.00752257217910035,-0.00525162842724905,-0.020864376575061,-0.0289547818297119,0.0364772492592589
-0.0729018126045189,-0.0341533593915416,-0.00683062413781244,0.0305514618629391,0.00422261040485866,0.00385002598853901,-0.0177596574674865,0.00707905324297434,-0.00347739609313857,-0.00695482502706685,0.0177595946054049
-0.136447685725924,-0.059061162928285,-0.0176630280614896,0.00143511837635968,0.0123642448421624,-0.0245076922604568,0.00507813047671712,0.0249491778285329,-0.0236242147509745,-0.0323454561773028,0.0418392314273662
-0.158968177529988,-0.0591163602693008,-0.00596127197946306,-0.00794834776200581,0.00596133233489649,-0.0372583159354292,-0.00347741545468105,0.0288129885551918,-0.0347739609644051,-0.0452063628191788,0.0447094689446013
-0.121213235297451,-0.0770003012073324,-0.00794836263543242,0.0114257499990778,0.00794844311271589,-0.0521616423128308,0.000496773622125746,0.0293097642190102,-0.0397416696774865,-0.0531547343110667,0.029806312633048
-0.0988583353104688,-0.0541485988985891,-0.0153999525932182,0.0193740977934229,0.00695488772348629,-0.0521616423128308,0.00844515178246774,0.0129161673029135,-0.0337804192255829,-0.0377547645436867,0.000496771883960245
-0.147045564137188,-0.0859422716679222,-1.33382194178466e-11,0.00596126088828286,0.0198711077815521,-0.0710391890540278,0.0337806071633708,0.0437162584956057,-0.0491803162174764,-0.0625934254353129,0.00943866567582752
-0.150026217472625,-0.0765035250630334,-0.00198709066913128,0.0243418151670773,0.00943877619863903,-0.0531551973930124,0.0218580399283907,0.0367613992027761,-0.0521609414445226,-0.0357676716451859,-0.00447094688737981
-0.276207208320493,-0.129161795550586,-0.00496772665264333,-0.0303030758821201,0.0149033308385232,-0.108297504989971,0.0601096098412306,0.0725292470311892,-0.0914058402514484,-0.0690514772333121,0.0357675751718588
-0.302039537211867,-0.142077975110948,-0.0114257712808081,-0.0471933149455269,0.0253356624224673,-0.143071933205347,0.0909095752176048,0.0943873762518101,-0.117734696423368,-0.0730256629786204,0.030303084521311
-0.299058883874554,-0.147542512622731,0.00298063597774889,-0.0685544996570002,0.0337808832281002,-0.158968814686077,0.105316010612574,0.107800319177655,-0.129657197337973,-0.0829611273508958,0.0134128407080744
-0.349729990498265,-0.145555408074732,-0.0034774086555891,-0.0854447387089923,0.0253356624220504,-0.188278689896482,0.141580485976565,0.106309992185741,-0.134128135173891,-0.106806241812577,0.0278192251482408
-0.332342846033851,-0.143568303525139,0.001987090650029,-0.0978640321555335,0.0293098839764152,-0.187781912350173,0.147541769590474,0.116245505458408,-0.144560323474809,-0.0968707774421553,0.0188773313635293
-0.280678188289712,-0.126181138736562,-0.0129160892653211,-0.0794834778817999,0.0382518824783746,-0.188278689896287,0.144064354142998,0.110284197489148,-0.119225009058249,-0.0690514772294459,0.0109289813291656
-0.248884552769238,-0.103826212566145,-0.0144064072574532,-0.0596126084028996,0.0452067701992006,-0.184304469528077,0.121212766939501,0.0819679846311646,-0.0859413607038235,-0.0457031359816717,3.01061398033653e-11
-0.260310390537891,-0.112768183032142,-0.013909634593497,-0.0705415866209451,0.0620972118094232,-0.198214240817677,0.131645013269681,0.0804776576381036,-0.115747612980852,-0.0382515377117013,0.000993543784703066
-0.25882006387177,-0.099355227327345,-0.0243418605331582,-0.0740189887830166,0.0630907671981615,-0.191756132720336,0.130651466000507,0.0725292470124232,-0.112766987755703,-0.0437160431123013,0.0124192969599679
-0.26676847276799,-0.113761735304748,-0.0109289986111343,-0.0904124561119315,0.0640843225872433,-0.218085342670347,0.145057901408457,0.0725292470124232,-0.119225009082471,-0.0541482806927625,0.0432191533427028
-0.211129610584183,-0.0889229284563271,-0.0149031799233081,-0.0645803257790158,0.0735230987799081,-0.201691683641818,0.131148239631276,0.0591163040845137,-0.0844510481104791,-0.0293096198004743,0.0213611907482023
-0.161452055047296,-0.0650776738888844,-0.0283160418513011,-0.0561352062455158,0.0596133233334468,-0.193743242902439,0.122206314204797,0.0293097642320927,-0.0556383375844815,-0.0293096198004743,0.0223547345029089
-0.149032666145609,-0.0511679420432045,-0.020864451894842,-0.0561352062455158,0.0620972118050163,-0.188775467438581,0.118728898765677,0.0317936425506734,-0.0437158366698762,-0.0213612483022301,0.0198708751179413
-0.156981075036982,-0.0640841216081982,-0.00248386332957806,-0.0740189887868217,0.0755102095541449,-0.196723908179767,0.123696635111278,0.026329110246009,-0.0655737549929879,-0.0298063930147246,0.0288127689054902
-0.150026217254568,-0.0506711659028356,-0.000993545337446111,-0.051664260588644,0.0531552133006269,-0.203678793829025,0.123696635111278,0.0019871027189178,-0.0541480249494049,-0.0223547947403846,0.0153999282242594
-0.195729568330528,-0.06458089773267,0.0114257712595998,-0.0760060757115689,0.0486842140501437,-0.205665904013582,0.13363210781659,0.0243420075941781,-0.079980110237194,-0.0352708984054071,0.0352708033068789
-0.235471612737373,-0.0765035250209183,0.00546449928974613,-0.0993543473513221,0.0432196594125542,-0.220072452851473,0.151515958673942,0.05812275275332,-0.0983606324560242,-0.0486837752888513,0.0392449783251025
-0.276207208302455,-0.0928971375507327,0.0124193165835758,-0.1112768690506,0.0253356624130535,-0.238949999614524,0.153503053212345,0.0844518629471699,-0.0943864654832243,-0.0829611273553844,0.0705416065808759
-0.242923246115322,-0.0928971375507327,0.0243418605140868,-0.0904124560873097,0.0158968862180565,-0.249879105626425,0.139096617803214,0.0874325169321823,-0.0864381315516327,-0.0869353131022816,0.0452062408395246
-0.225536101658091,-0.0973681227868919,0.0178838158863057,-0.0904124560873096,0.0139097754398437,-0.222556340584526,0.151515958662981,0.0675614903674713,-0.0680576093193059,-0.0769998487398054,0.0312966282828425
-0.292600801626954,-0.118729496674957,0.0342773137929471,-0.114754271207797,0.0019871107746878,-0.22056923040001,0.181322376743919,0.0904131709057464,-0.0899155276376028,-0.131644902746537,0.0700448346912785
-0.34029125494049,-0.157478035359312,0.04769017572094,-0.126180021165744,-0.000993555393662887,-0.241433887346489,0.198212680323578,0.115251954119284,-0.105315424637789,-0.134128768837785,0.0919027972878902
-0.312471823822873,-0.154497378536307,0.0531546750202359,-0.108793010352338,-0.0124194423654252,-0.233485446606453,0.164432073166105,0.105316440843049,-0.101838028539015,-0.120715891942185,0.0710383784473975
-0.289123372711582,-0.165426453558374,0.0536514476838821,-0.0993543473424187,-0.0203678854749395,-0.225537005865266,0.156980468647194,0.109290646155685,-0.074515630638803,-0.108296561483958,0.0561352221335824
-0.282665290486769,-0.183807170638033,0.062593355633888,-0.0909092278074386,-0.0223549962542328,-0.20218846119358,0.152012732302406,0.140090737307275,-0.0730253180248968,-0.11376106688485,0.0630900284133629
-0.27819431048656,-0.212123410459869,0.0556385383406768,-0.0983608038714457,-0.0293098839791812,-0.22007245286199,0.180825603117125,0.1316455510241,-0.0765027141238408,-0.128664263432537,0.0620964846594924
-0.280678188264063,-0.205665320677985,0.0576256289975308,-0.101341434295519,-0.0466971032904787,-0.208149791754153,0.188277207635833,0.111774524467038,-0.0581221919050106,-0.134625542050499,0.0725286940802424
-0.22106512160573,-0.19473624565684,0.039741813093275,-0.0804770213264836,-0.0312969947621804,-0.185298024621824,0.16691594133662,0.0958777032222047,-0.0188772930904003,-0.0904127256286397,0.0506707314917735
-0.279187861573029,-0.195233021793919,0.0258321785068527,-0.0983608038651036,-0.0412325486564363,-0.187781912352495,0.18678688672554,0.110780973140384,-0.0447093783794539,-0.0765030755182068,0.0919027972970273
-0.312471823830204,-0.205665320681589,0.0173870432206107,-0.115747814683297,-0.0352712163223863,-0.221066007953119,0.172380451327424,0.141084288643402,-0.0581221918986994,-0.0988578703412269,0.105812409853709
-0.301542761600912,-0.227026694589033,0.0268257238262448,-0.110780097309344,-0.021858218574583,-0.24838877300462,0.183309471278199,0.126677794394154,-0.068057609323889,-0.0630901986096158,0.0809738160069453
-0.28862659715294,-0.220071828666633,0.0203676791955898,-0.0953801734545234,-0.0312969947772752,-0.234975779251233,0.1649288467937,0.107800319154772,-0.0630899006128751,-0.0710385701038342,0.0760060972361534
-0.25534263496319,-0.215104067295796,0.00645804461205679,-0.0789867061301222,-0.0303034393881678,-0.226033783421834,0.177844961302493,0.0710389199883572,-0.0501738579655031,-0.0615998789608655,0.0625932565465942
-0.255839410518524,-0.208645977509416,-0.00447095399156039,-0.0829608800284884,-0.0233485516671718,-0.225537005875597,0.175857866763601,0.066567939011584,-0.0700446927983731,-0.0466966824219178,0.0760060972293054
-0.258820063852849,-0.192252364978218,-0.0139096346055954,-0.0750125322341432,0.00894199847201252,-0.245904885268783,0.166419167704766,0.0466969124677799,-0.0586189627620619,-0.0412321770210264,0.0859415347695186
-0.235471612753497,-0.166420005841145,-0.0134128619416982,-0.0715351300705916,0.0119226646401419,-0.235472556793927,0.153006279572556,0.0303033155546281,-0.043219065756976,-0.0303031662182241,0.0700448347038616
-0.240936143864865,-0.185297499054707,0.00447095395937369,-0.0710383583332148,0.0362647716717499,-0.261801766748292,0.14803854322709,0.0377549505159165,-0.0710382345270795,-0.02334834116412,0.0625932565464911
-0.258323288292346,-0.170394214943139,0.00844513527308099,-0.0804770213402994,0.0144065531119453,-0.27322765031174,0.159961110466953,0.0357678478593945,-0.0819671936830181,-0.046696682407538,0.0700448347031417
-0.248387777177348,-0.1753619763145,0.0208644518686527,-0.069051271383211,0.0387486601441542,-0.301047192912796,0.151019185044625,0.02632911024588,-0.0884252150104189,-0.0516644145886438,0.0680577471955377
-0.216594141587466,-0.154000602406606,0.0362644044462479,-0.0625932387918179,0.0630907671565207,-0.274717982956254,0.146548222332545,0.00993551334030054,-0.0784897975879045,-0.0417289502195466,0.0625932565489102
-0.1733746682725,-0.136116661459519,0.0163934979018807,-0.0561352062075384,0.0457035478520947,-0.271240540129791,0.122206314251391,0.00894196201237121,-0.0476900035856481,-0.0223547947269182,0.0546449065143272
-0.167910137161884,-0.12469081030575,0.0208644518772159,-0.0695480431126785,0.0700456548921216,-0.302040748019083,0.13561920239056,0.0233484562756683,-0.0486835453277536,0.00447095905248304,0.0327869439146998
-0.178342423813655,-0.126181138716891,0.0153999525733808,-0.0928963147606137,0.0660714333354004,-0.328369957970727,0.149528864159005,0.0511678934891106,-0.0536512540373086,-0.00546450530866907,0.0457030127269571
-0.170890790484661,-0.11078107846421,0.0213612245398747,-0.0794834778568166,0.0665682110296662,-0.33631839871175,0.144064354175933,0.0556388744658838,-0.0571286501350609,-0.0243418875933488,0.0238450501303457
-0.245903899514311,-0.155987706986994,0.0367611771179268,-0.112767184266884,0.0640843225592616,-0.378544490191647,0.188773981253392,0.0591163041125219,-0.0874316732889366,-0.0630901986524551,0.0377546626820391
-0.265774921725158,-0.16443290131715,0.0337805411343259,-0.110780097316556,0.0859425411120468,-0.393944594132313,0.196225585772507,0.0506711178185104,-0.091902611127919,-0.0601095593437121,0.0372578908048743
-0.270742677281973,-0.162942572905003,0.0293095871608486,-0.109289782104501,0.0765037649196144,-0.415306028644789,0.217090078414351,0.0387485018790721,-0.0774962558672124,-0.0710385701441839,0.0417288376994815
-0.267762023950698,-0.172878095645,0.0387482677771236,-0.092399543042363,0.0928974288416956,-0.404873700173599,0.228515872011888,0.0382517262149099,-0.0834575063183866,-0.0799804880749412,0.0238450501209294
-0.26527814617256,-0.17585875246832,0.0342773138037797,-0.102334977787284,0.0799812087874579,-0.37556382493411,0.233980381992722,0.0293097642610196,-0.0685543801813316,-0.0998514168126061,0.0114257531959201
-0.182813404047809,-0.135619885392127,0.0173870432340526,-0.040735282405773,0.0432196594104927,-0.37556382493411,0.21510298386294,0.0149032699992013,-0.0357675027215397,-0.0725288898248992,-0.033283715762183
-0.213613488471593,-0.140090870627626,0.0278192691727857,-0.0640835540665662,0.0462003255780336,-0.37556382493411,0.222554588381038,0.0332839695576438,-0.0630899006244265,-0.103328829335441,-0.0139096125559608
-0.21758769291556,-0.155490930879658,0.0278192691727857,-0.0506707171614261,0.043219659411451,-0.353705612879577,0.232986834704666,0.0392452775255275,-0.0586189627853346,-0.111277200821609,0.00248385939500395
-0.29160725071138,-0.189768484361937,0.0452063124060709,-0.0988575757557242,0.0516648802185437,-0.38152515550134,0.254844874605024,0.0645808363815549,-0.0839542772229793,-0.159464203048343,0.0486836439547659
-0.322407335152123,-0.204174992339948,0.0457030850698499,-0.120715532196192,0.0427228817198983,-0.389970373791557,0.268257762742362,0.0680582660294423,-0.0740188598024104,-0.157477110175372,0.0650771159034687
-0.243420021676786,-0.173374871798518,0.0298063598277538,-0.114257499604799,0.0183807746937026,-0.351718502683074,0.250870685558626,0.0521614447825694,-0.0546447958135682,-0.139593274291926,0.0372578907947092
-0.295084679498149,-0.205168544598036,0.0442127670769079,-0.122702619145064,0.0114258869749389,-0.355195945509752,0.28763193447493,0.0685550417028732,-0.0765027141516607,-0.158967429807275,0.0342772595315758
-0.27620720838745,-0.208645977559859,0.0466966303956537,-0.113760727875083,0.00993555389151843,-0.327376402892591,0.274219046350777,0.0774970036581401,-0.0839542772162667,-0.150522285097257,0.0347740314087203
-0.302039537270186,-0.231497679877762,0.056135311006609,-0.140089629948795,0.020864663165481,-0.352712057759052,0.269251310004904,0.0834583116272471,-0.088921985926916,-0.146548099349724,0.0457030127077798
-0.318929906166346,-0.250375173100883,0.059115946988971,-0.149031521223477,0.0173872193033073,-0.382021932998542,0.287631934473845,0.10034868420335,-0.1132637586231,-0.141580367163322,0.0625932565247441
-0.467465797296167,-0.320420608425995,0.0630901283010279,-0.230502086123683,0.0342776609172846,-0.424248024452248,0.344264128804432,0.130651999707147,-0.173373034006511,-0.178838358520126,0.103328550466598
-0.413317261801954,-0.290117264068682,0.0501740390425907,-0.183308771092984,0.0362647716954003,-0.388976818669429,0.317935126160159,0.0938906005728083,-0.144063552621212,-0.150025511879696,0.0755093253467082
-0.436168937366898,-0.293594697030212,0.056135311007846,-0.221560194883434,0.0298066616662865,-0.394938149227784,0.326380277941571,0.106309992166669,-0.161947303983489,-0.181818997858265,0.110780128609843
-0.359665501796457,-0.248388068535089,0.0362644044540459,-0.157476640696068,0.0273227731939807,-0.355195945492269,0.285644839924318,0.0675614903734382,-0.112270216880643,-0.14009004746912,0.0620964846634686
-0.298562108507113,-0.204671768491088,0.0476901757168868,-0.12319939083424,0.0129162200489099,-0.3080020786144,0.271735178152074,0.0367613991846987,-0.0973670907589084,-0.120715891968746,0.0342772595339828
-0.344265459670266,-0.214110515104341,0.0675610822671486,-0.126676792998575,0.0208646631627444,-0.318434407092491,0.268754536347479,0.0521614447678046,-0.098360632501476,-0.119225572312567,0.0521610471063665
-0.351220317461984,-0.195729798011885,0.0695481729212322,-0.129160651687572,0.0183807746911748,-0.318434407092491,0.230999740162138,0.0770002279539333,-0.114754071270496,-0.119722345531174,0.0735222378200351
-0.336813826360678,-0.170890991152983,0.0571288563238177,-0.122702619106202,0.0203678854690448,-0.296079417512756,0.206657832059715,0.0710389199842144,-0.0948832364376262,-0.105812695428897,0.0685545190482834
-0.277200759748065,-0.134129557000257,0.0566320836602157,-0.107799466984717,-0.0124194423706627,-0.244911330260933,0.196225585728965,0.0392452774610942,-0.0611028172291877,-0.0769998487846278,0.04967718771146
-0.190761813163171,-0.085445495560918,0.0571288563238916,-0.072031901910162,-0.0273227732153617,-0.206162681646846,0.161451431312598,-0.00447098100146501,-0.0208643766655409,-0.0476902289118068,0.0213611907197039
-0.101838988602595,-0.0645808977827129,0.0615998102988278,-0.0303030759438857,-0.0248388847439142,-0.172878586024202,0.132141786900354,-0.0407356044788053,-0.00645802139213908,-0.0407354038528826,0.00596126252759288
-0.16741336187647,-0.104819764888616,0.0715352635754325,-0.0710383583848083,-0.021858218577111,-0.200201351062713,0.157974015910182,-0.0173871482637721,-0.0352707319061475,-0.0769998487696388,0.0163934719500703
-0.239942593154364,-0.135619885427446,0.0755094448844238,-0.0779931627182672,-0.00993555390959858,-0.21609823255889,0.172877224926643,0.00596130791111862,-0.0591157337470331,-0.0933933649985347,0.00496771878410496
-0.325387988741672,-0.189768484404415,0.0844513528365516,-0.110283325655024,-0.0218582185809391,-0.234479001778394,0.203677190265171,0.0397420530685262,-0.10879282084988,-0.0988578704013198,0.0407352939347944
-0.337310602054817,-0.214607291237642,0.0755094448923825,-0.125683249498666,-0.0168904416331974,-0.262298544347819,0.216096531133754,0.074516349568372,-0.120218550875564,-0.114754613374503,0.0501739596061367
-0.301045986451191,-0.209639529861774,0.0511675843650619,-0.114754271269951,-0.0134129977718834,-0.259317879067902,0.200199774834338,0.0616001823059503,-0.121708863489507,-0.110780427625274,0.0432191533290427
-0.153006871012364,-0.155490930943065,0.0268257238362959,-0.0561352062925194,-0.0203678854939112,-0.197717463355538,0.181819150347329,-0.00645808370002038,-0.0566318793632718,-0.0640837451340809,-0.00496771876392954
-0.123697113279893,-0.135619885474807,0.0347740864597021,-0.0496771737132511,-0.0208646631883609,-0.204175571454214,0.184303018522537,-0.0273226616084953,-0.0655737550356559,-0.0630901986986013,-0.021361190715573
-0.20218765101583,-0.166916782114712,0.0129160892466318,-0.0690512714733649,0.0119226646513467,-0.261801766813525,0.190264302140841,0.0109290645457528,-0.108792820797678,-0.107799788338088,0.00993543754797321
-0.290613699824545,-0.201691111703969,0.0134128619102918,-0.100347890910075,0.0506713248245901,-0.310982743911313,0.203180416646108,0.0571292013270839,-0.153005428334903,-0.136612634992342,0.0476901001987002
-0.264284595405788,-0.183807170765938,0.00447095395922603,-0.0765028475401692,0.0342776609073689,-0.312473076550146,0.182812697619964,0.0491807906928357,-0.122205634336416,-0.110780427653346,0.0432191533029825
-0.276207208746599,-0.172381319605418,0.00248386330437689,-0.0760060758025811,0.0611036563887278,-0.30651174599364,0.172877224928217,0.0422259313976858,-0.114257300397431,-0.0998514168490867,0.0387482064080052
-0.194239241906765,-0.149032841128739,-0.015896725257615,-0.027819217256539,0.0774973202950146,-0.283659978846192,0.142077259614077,-0.000496775667108679,-0.054148024977238,-0.0511676414236369,0.0352708032698181
-0.0924002530130763,-0.0784906296420137,-0.0243418605456103,0.0392449672456643,0.06954887717686,-0.255840436249163,0.106309557925742,-0.0362646234826702,-0.00745156309713338,-0.0298063930400425,0.00447094689218264
-0.0904131507938284,-0.0670647784954753,-0.0347740864865103,0.0516642606688891,0.0854457634013871,-0.255343658702997,0.0799805552742809,-0.0506711177393126,-0.00943864658051768,-0.0129161036314859,0.023348278227443
-0.0889228241263005,-0.0596131364336384,-0.029309587181378,0.0526578041439284,0.0844522080125017,-0.255343658702997,0.0854450652537719,-0.0486840150829946,-0.0114257300659448,-0.00248386604379483,0.0362643470266913
-0.140587481764801,-0.0665680023428347,-0.0218579972198343,0.0193740977796821,0.0799812087613558,-0.291608419546805,0.0884257070637369,-0.0163935968751459,-0.0139095844180778,-0.0238451144029075,0.0571287658789884
-0.180329526156018,-0.0879293762218878,-0.0168902705821212,0.0134128369373547,0.0799812087613558,-0.301543970471235,0.100348274300019,-0.00347742959581909,-0.0168902096430812,-0.0471934556506818,0.0665674315490283
-0.133135848374164,-0.0705422114168054,0.0119225439200328,0.0367611085946411,0.0402389931912015,-0.26180176676037,0.0884257070614578,-0.0129161672112713,0.00894187565103072,-0.020367701854119,0.0382514345498493
-0.0720324550631919,-0.0571292557120081,0.0183805885462818,0.0476900868162433,0.0173872192519109,-0.217091787576404,0.089419254330714,-0.0432194827220665,0.0303030231248622,-0.00844514461247356,0.00298063128525472
-0.111277723923827,-0.0814712864365561,0.044212767058557,0.0243418151835028,0.0124194423046598,-0.225537005864876,0.112270841529219,-0.0168903725086214,-0.0144063552753598,-0.0417289502289876,0.019870875110608
-0.0799808639162005,-0.0784906296129849,0.034277313780773,0.0238450434459148,-0.0238453293730943,-0.224543450772269,0.131645013273099,-0.0203678021571333,-0.0278191687992017,-0.0382515377017038,0.0183805594788257
-0.0362646150437411,-0.0521614943372721,0.0382514950931838,0.0208644130237813,-0.0486842140848051,-0.213614344752911,0.0933934433748829,-0.0228516804777537,-0.0422255240489776,-0.0367612180478289,-0.0223547344506615
-0.00298065290895644,-0.0437163000185172,0.0417289037416979,0.0253353586492051,-0.0377551047981527,-0.196723908191855,0.0879289333885278,-0.0288129884534397,-0.034277190122638,-0.0283160733447886,-0.0452062408123859
-0.010432286231943,-0.0635873454943199,0.0407353584136547,0.0223547282283398,-0.05464554641213,-0.200698128561463,0.106309557885073,-0.0352710720892084,-0.0223546892252505,-0.0516644145900735,-0.0789867284719497
0.0258323293174729,-0.0556389272976271,0.0531546750095948,0.0312966195014551,-0.0526584356344077,-0.176356028789313,0.0993547270017996,-0.0457033610371539,-0.00745156308929001,-0.0541482806818513,-0.137109038105054
-0.0193742462028692,-0.0919035852859947,0.0471934030406251,0.0208644130175903,-0.0228517739788812,-0.231498336478612,0.11525148331337,-0.0213613535006931,-0.0357675027250903,-0.0760063022839601,-0.134128406841427
4.45658177028463e-10,-0.100845555752747,0.0466966303769198,0.0377546520662009,0.0362647715743957,-0.280182536067703,0.105812784251958,-0.0178839238500391,-0.0238450018277028,-0.0635869718293751,-0.147541247531171
-0.00794840843774192,-0.0968713466562449,0.0223547698524877,0.0422255976995691,0.110781425704012,-0.361157276198073,0.122206314202965,-0.0223549048273855,-0.0327868775027132,-0.0665676111381974,-0.125683284933354
0.000993551546589755,-0.0904132568751785,-0.00447095399593733,0.0655738693346473,0.177846414365172,-0.417293138964623,0.103825689712945,-0.0183806995117916,-0.00298062525121945,-0.0561353735580145,-0.132638091214957
0.118232582392367,-0.0248388068174753,-0.0541482204010721,0.126180021175524,0.228020961476013,-0.418783471604072,0.0566321943801096,-0.0571292013477839,0.0750124014496675,0.0119225572660003,-0.173373385160183
0.0953809068350644,-0.0357678818390811,-0.0392450404866074,0.117734901634624,0.298066616301622,-0.487835550638079,0.0466967216935181,-0.051167893379289,0.0809736519058029,0.0024838661190062,-0.142573528782548
0.11326482680654,-0.0198710454604512,-0.0337805411835832,0.136115455897316,0.351718607240487,-0.523603533992647,0.0566321944020858,-0.0611034066649593,0.0938896945440071,0.00844514473331415,-0.141579985027622
0.134626175616221,-0.0218581500057679,-0.030799905199717,0.146547662352722,0.398415710489277,-0.557881184673071,0.0457031744244529,-0.0730260226218396,0.104321882817605,0.0327870323853755,-0.150025106947583
0.133632624506323,-0.0337807772992985,-0.0124193166404523,0.122702618969686,0.456538700689558,-0.610539604632428,0.0536515525793688,-0.0710389199644505,0.0809736518869826,0.0362644449131227,-0.13909612564249
0.187284384401766,-0.0124194034089805,-0.0144064072951833,0.147044434081643,0.479887252313087,-0.654256028730647,0.043716079884367,-0.076503452272761,0.0958767780119999,0.0630901986868037,-0.11972202242103
0.209142508839285,-0.00397420907793433,-0.00546449934252413,0.149528292768775,0.493300250043662,-0.640346257409699,0.0357677017303177,-0.0983615814877726,0.0879284440720426,0.0745159827092857,-0.112767216140194
0.172381117749942,-0.0183807170592886,-0.0149031799557193,0.108793010332951,0.394938266590133,-0.565332847879849,0.0596128361918118,-0.0889228438677185,0.0536512539731766,0.0546450539779771,-0.0904124816600629
0.164929484419482,-0.0362646579988298,0.00447095393394781,0.0879285973686157,0.298066616167784,-0.463493450827586,0.0586192889224739,-0.0774970035943294,0.0183805221055506,0.0521611878869277,-0.10034791920288
0.173871444400649,-0.0357678818618983,0.000993545283782815,0.0923995429977315,0.207653075846179,-0.380034823045118,0.0556386471115307,-0.0874325168848441,0.024341772550597,0.0680579308550263,-0.115747847402642
0.0645808224429616,-0.0958777944078186,0.0332837684638858,0.0089418912343836,0.15648497334574,-0.363144386470096,0.0943869906569579,-0.0407356044254147,-0.0303030231956646,0.0079483715269249,-0.0919027972827687
0.124193889070814,-0.0745164205066846,0.033780541127473,0.0481868584822265,0.130652533296602,-0.312473076655974,0.0655741198351578,-0.0685550416274332,-0.0253353144835562,0.0312967127765661,-0.148038019410147
0.110780949093394,-0.0829616148314959,0.031793450472035,0.018380554263876,0.105813648620475,-0.309989188921297,0.0839547443317028,-0.0755099009304366,-0.0601092754512924,0.0332838056475784,-0.123199425545906
0.065574373684141,-0.116742392127535,0.027322496496037,-0.011425749908972,0.0978652055219541,-0.325389292866103,0.0998515006606358,-0.0452065853877547,-0.0864381315806818,0.00794837156006384,-0.0859415347374601
0.0625937203542141,-0.0804777341284568,0.0139096345764009,0.0124192934740643,0.0685553215957994,-0.289621309484911,0.0899160279664477,-0.0466969123807775,-0.089418756807801,0.0357676717586852,-0.0879286222472301
-0.0124193884202,-0.119226272827526,0.00496772662719103,-0.0149031520618172,0.0342776606923675,-0.260311434228454,0.0993547270268287,-0.0308000911245215,-0.125683030397761,0.00596127867443388,-0.0914060253887758
-0.0635872706558989,-0.137110213767444,0.0084451352741568,-0.0228514998617335,-0.0516648804770376,-0.190265800198914,0.103328916104288,-0.0278194371392028,-0.124192717783781,-0.0213612483475031,-0.103825322319782
0.0168903692268259,-0.103329436445752,0.00298063596934894,0.0074515761045878,-0.0620972120836636,-0.133633160046721,0.0695483089412807,-0.0308000911239854,-0.0923993820379602,0.00546450543475827,-0.132141319330293
0.0293097581097036,-0.0869358239173201,-0.029806359857067,-0.0149031520958285,-0.0690520998242501,-0.121710498956628,0.0625934780543997,-0.0332839694437135,-0.0576254210412836,0.00248386612506196,-0.126180056804273
-0.00248387739326783,-0.0874326000542516,-0.010432225958203,-0.0536513475816245,-0.0834586529899655,-0.125187941775111,0.0889224807008289,-0.00844518622698834,-0.082960735444822,-0.0357676716648649,-0.103825322322909
-0.0163935929490666,-0.0824648386810048,-0.0129160892775382,-0.0471933149921716,-0.105813649268888,-0.103329729754469,0.0963740852193331,-0.00546453224404103,-0.0973670907115234,-0.0293096198269315,-0.0938898847776235
-0.0531549840196159,-0.0909100330116948,-0.0258321785355922,-0.0755093040112991,-0.169897971841728,-0.072032744334428,0.121212766964977,0.0218581292940067,-0.0928961528716655,-0.0461999092386393,-0.0620964846239358
-0.0804776395512021,-0.106310093258853,-0.0347740864879862,-0.0814705648603411,-0.216098297420918,-0.0322905406145255,0.11624503061639,0.050671117818753,-0.0864381315445809,-0.0670643843948345,-0.0650771158867398
-0.0938905795233487,-0.0983616750671902,-0.0327869958318403,-0.0983608039114875,-0.276705176150433,0.011922661006956,0.121212766966332,0.0452065855112839,-0.0824639645794658,-0.0824643541511314,-0.0988576035514316
-0.117735806175427,-0.132142452379618,-0.0253354058751603,-0.123199390769439,-0.31843450249188,0.0357679832315028,0.134128881467718,0.0640840607477592,-0.0665672967065554,-0.1182320258427,-0.0769996409499946
-0.0958776817413458,-0.112271406884951,-0.0218579972276782,-0.123696162506803,-0.339299165679097,0.0596133054476689,0.133632107833083,0.0670647147318542,-0.0551415666643708,-0.11525138653213,-0.0615997127542713
-0.0685550261656958,-0.103826212550519,-0.0153999525995132,-0.114257499494756,-0.312473170130138,0.021361434407198,0.140090165082101,0.076503452349002,-0.0461996909827945,-0.0993546435326746,-0.0491804158232647
-0.138103603827082,-0.109290750055154,0.00397418129130389,-0.133631597238381,-0.281672953021415,-0.0705424115212532,0.171386904073494,0.0720324713709665,-0.0720317762724803,-0.114754613291845,-0.0173870156726481
-0.165923034933209,-0.121213377347427,0.0327869958088469,-0.121709075528359,-0.241433959698473,-0.129162161937825,0.181322376768225,0.058619528438926,-0.083954277178914,-0.116244932946872,-0.0193741031812116
-0.142574583856812,-0.0938906898317419,0.038251495109602,-0.104322064724094,-0.218085408021298,-0.151517151497228,0.157974015932739,0.0442130341771076,-0.0844510480498877,-0.0844514469860996,-0.038748206397592
-0.203677977281962,-0.136613437675927,0.0412321310927599,-0.128167108141751,-0.158472084666065,-0.226033783467427,0.181819150371446,0.059613079748358,-0.0879284441502788,-0.107303015038069,-0.0144063844232303
-0.152013319576427,-0.100348779689089,0.043715994412391,-0.0794834779233188,-0.142078420732643,-0.228020893651614,0.171386904042406,0.0491807908020185,-0.0625931297430201,-0.0854449934493602,-0.0372578907808551
-0.118232581832602,-0.0859422717156375,0.0670643096113741,-0.0670641844898355,-0.118233091388195,-0.260311434169027,0.192251396697353,0.0322904182237482,-0.0471932327405727,-0.0869353131042679,-0.050173959589191
-0.131148746256953,-0.099355227415624,0.0725288089145608,-0.0625932388572509,-0.0511681026408933,-0.331847400878166,0.208148153008054,0.0462001368215445,-0.0625931297347278,-0.097864323906779,-0.0104322093987264
-0.130651970701472,-0.0998520035529329,0.076999762886977,-0.0645803258072298,-0.0049677770537141,-0.381525155539343,0.211625568449169,0.0352710722131975,-0.0715350054117078,-0.110780427590048,-0.00844512189016278
-0.12021968404642,-0.118232720634918,0.0938900334501898,-0.0640835540698658,0.00745166532223812,-0.374073492351642,0.213115889353033,0.0407356045161789,-0.0680576093131893,-0.12071589196047,-0.0079483500129911
-0.080974415180384,-0.116742392223274,0.089419079477111,-0.0700448149190569,0.000993555285944719,-0.364137941426186,0.224541682941834,0.0298065399064293,-0.0680576093131893,-0.12270298483466,-0.0283159969820905
-0.0407355952243875,-0.130652124058977,0.0755094448911018,-0.0650770975470941,0.00993555379254352,-0.350724947674185,0.218580399328577,0.0337807452202893,-0.062593129729937,-0.11624493299862,-0.0481868720729349
-0.00645808190157648,-0.113761735396705,0.0625933556307487,-0.050670717157041,-0.00397422166800729,-0.317937629626956,0.223051362039435,0.0432194828401015,-0.0601092753738524,-0.103825602543704,-0.0645803440227686
-0.0134129396667575,-0.149529617241833,0.0506708116995298,-0.0536513475795474,-0.0134129978746643,-0.321911849995249,0.233980382008712,0.0531549961252615,-0.0670640675687613,-0.121212665171782,-0.0387482064032446
0.184303731206857,-0.0541485989056523,0.0362644044426828,0.0367611085607757,-0.0814715420528495,-0.207156236857213,0.188773981275459,-0.0198710265309782,0.0158966678067039,-0.0551418271850834,-0.117734934910614
0.148535891268124,-0.0809745102878003,0.0322902231310969,0.0079483478336777,-0.085942541306093,-0.212620789864576,0.205167511218408,-0.024342007509702,-0.00844510485849798,-0.0884256327962744,-0.104818866098
0.0834582935154409,-0.104322988731966,0.0293095871500608,-0.0208644129439045,-0.123200868419221,-0.204672349117802,0.214606210268738,-0.00745163493143172,-0.0491803163097537,-0.102335282914494,-0.0765028691011653
-0.011425837650529,-0.14058764677389,0.0322902231328657,-0.0670641845291849,-0.1614527508625,-0.176852806483385,0.243419081046483,0.0228516805505909,-0.0914058403859331,-0.12916103672965,-0.0506707315008873
0.0611033933449063,-0.12320048197431,0.0203676792037697,-0.0362643368268672,-0.214111186486451,-0.10978783771506,0.233483608355821,0.00347742963881068,-0.064580213366811,-0.0879288596182285,-0.0576255377813393
0.0824647421965753,-0.0958777944251952,0.0149031799057717,-0.024838586870923,-0.216595074961028,-0.120716943724477,0.2414319865077,-0.014903269931896,-0.0660705259803888,-0.0640837451381157,-0.0615997127989049
0.0357678399946573,-0.117239168334441,-0.00198709066996927,-0.040238510739622,-0.197220744858372,-0.136117047660686,0.228515872015482,-0.00248387833038585,-0.0774962560186578,-0.0710385701994501,-0.0417288377069635
0.0178839200221266,-0.0958777944472774,-0.00496772665418832,-0.0248385868944377,-0.214111186485285,-0.124691164100072,0.235470702897426,-0.00447098098721385,-0.0650769842440105,-0.0874320864029982,-0.0372578908105673
0.0611033932759064,-0.0834583910268654,-0.00248386333411621,-0.00198708698683869,-0.216595074961395,-0.119723388642273,0.223548135666028,-0.0144064942713542,-0.0407352115704679,-0.0919030453658146,-0.0387482064427406
0.0919034776500336,-0.0774970773822382,0.000496772649484889,0.0054644890685881,-0.216595074961395,-0.105316839810338,0.234477155628739,-0.0114258402868005,-0.0283159397955167,-0.0774966220442558,-0.0606061690426697
-0.0447097997984311,-0.167413558199141,0.0193741338800748,-0.0730254453593239,-0.174865748576648,-0.168904365637311,0.281173877263375,0.0566324257348903,-0.113263758657187,-0.155986790505735,0.0188773313415562
-0.0352710642541256,-0.167910334336136,0.02881281449355,-0.0680577279895987,-0.199704633334997,-0.171885030914579,0.293593218119411,0.0606066310493623,-0.120715321723799,-0.144561006483253,0.0188773313415562
0.0263291046152496,-0.147542512713341,0.0153999525723219,-0.0571287497586948,-0.195233634077777,-0.147542931143939,0.277696461821297,0.052161444762069,-0.0933929237901477,-0.14009004751555,0.00645803441586146
0.156981075709405,-0.099355227382163,0.0114257712617969,-0.0198708694395908,-0.215104741869236,-0.0983619540654702,0.24490940196718,0.003477429702264,-0.0442126075216127,-0.0899159524482631,-0.0476901001906288
0.203677977747004,-0.062097017140574,-0.000993545340039148,0.00248385870151335,-0.218582185736049,-0.0675617462493963,0.222057814758068,-0.006954859258266,-0.0273223979351675,-0.0804772613151051,-0.0844512191239113
0.195729568874074,-0.0606066887297162,-0.0144064072608692,0.00347740217563242,-0.220569296515931,-0.0670649687034059,0.228019098369697,-0.0139097185598414,-0.0273223979351675,-0.091406272114703,-0.0933931129150382
0.218581244430479,-0.0412324193693502,-0.00347740865109114,0.0149031521438759,-0.229014517327614,-0.0417293138458488,0.24391585466651,-0.0178839238714577,-0.031296564906508,-0.083954673834801,-0.113760759884419
0.285645944262212,-0.0223549261828667,-0.00844513529263624,0.021361184720558,-0.225040295767064,-0.0322905404737863,0.222057814742876,-0.0263291101652527,-0.0144063553051826,-0.0546450539658863,-0.126180056820224
0.242426471008432,-0.0422259716586696,-0.00496772664515421,-0.0124192934130204,-0.223053184986152,-0.0596133055043888,0.243419081026923,-0.00099355130077311,-0.0437158366911984,-0.0645805183315405,-0.129657459962202
0.198710222208175,-0.0382517625630898,-0.00745158996478512,-0.0263289020520803,-0.233485516588138,-0.0735230767902513,0.24938036464018,-0.00447098094946363,-0.0407352114663408,-0.0799804880894793,-0.118231706783311
0.200200548875235,-0.00198710451274764,-0.0129160892661884,-0.0243418151007083,-0.256337290550011,-0.0735230767902511,0.238451344693881,-0.0149032698861651,-0.0352707318797444,-0.0710385701468028,-0.138102581862915
0.226032877715305,0.0183807170954391,-0.0307999051699133,-0.0153999238383364,-0.250872735900541,-0.0616004156834007,0.211625568434222,-0.0278194371611825,-0.0094386465938521,-0.0561353736062662,-0.130651003703899
0.229013531043884,0.0387485387006185,-0.0337805411538674,0.00496771739410551,-0.247892069729613,-0.0586197504070576,0.217090078413265,-0.0432194827533779,0.000993541698383643,-0.0402386306186769,-0.126676828687211
0.189271486676108,0.0312968966455424,-0.0303031325071064,0.00794834781661213,-0.247892069729613,-0.0889231807162313,0.245406175563481,-0.013909718570053,-0.024838543599522,-0.0541482807228069,-0.0874318503863122
0.126180991349531,0.00347743300406345,-0.0312966778356514,-0.0173870107452081,-0.233982294265969,-0.147542931109781,0.282664198172283,0.0178839239587793,-0.0387481279638086,-0.0755095290836275,-0.0501739595758099
0.122206786912128,-0.00149032836583052,-0.0372579498039141,-0.0228514998534786,-0.240937181997104,-0.145059043379983,0.283160971806497,0.0198710266166273,-0.0263288561873374,-0.077993395175339,-0.0382514345214676
0.112768051358727,0.00298065686891325,-0.0258321785376829,-0.0283159889679048,-0.231995183490726,-0.167414032958794,0.286141613610603,0.0322904182127189,-0.0208643766019448,-0.0869353131115789,-0.016890243797778
0.00695485820974739,-0.0437162999883894,-0.00645804464399302,-0.0720319018357107,-0.238950071222205,-0.197717463271727,0.326380277995149,0.0630905093840688,-0.0655737549890348,-0.114257840106568,0.0069548063151843
-0.00397420400406978,-0.0312968965640479,-0.000496772678560076,-0.0606061518723301,-0.228020961930692,-0.191259355170781,0.3368125243108,0.0462001368114336,-0.058122191920781,-0.111773974014658,0.0218579626355802
0.00695485820308472,-0.0288130158796513,-0.00943868063227904,-0.0606061518723301,-0.222059629586036,-0.191756132716854,0.339296392482415,0.0576259770833568,-0.081470422860547,-0.103328829307116,0.00397417504962438
0.0163935937590838,-0.0193742692729708,-0.00645804464947419,-0.0327869345740156,-0.222556407281147,-0.179833471611482,0.329857693432601,0.0625937337205824,-0.0720317763053461,-0.0923998184941168,0.00198708754106069
-0.00397420397799952,-0.0342775533747929,0.00794836260780007,-0.0486836301543503,-0.204672410256904,-0.175859251243846,0.344264128836224,0.0735227983384658,-0.0958767781065409,-0.103825602507462,-0.00596126249527706
-0.0432194728324602,-0.0660712261320534,0.0228515425222648,-0.0665674126987899,-0.205169187952029,-0.177349583881972,0.350722186082068,0.0894196195947218,-0.106805737269969,-0.105315922161973,-0.00248385935603468
-0.0228516750861667,-0.0516647181610329,0.014406407236023,-0.0700448148584244,-0.210633742598122,-0.166917255410566,0.321909315297243,0.0715356956915305,-0.086438131551571,-0.106309468598379,-0.0322901719857213
-0.0660711483535421,-0.0839551670718143,0.0322902231408098,-0.0993543473526408,-0.211627297988063,-0.176852806338898,0.329857693443912,0.0864389656089442,-0.127670113830282,-0.117735252615379,-0.0183805594263524
-0.0596130661430805,-0.0755099727436183,0.032786995804913,-0.0899156843483914,-0.20765307642712,-0.178343138976746,0.323399636198068,0.0849486386155772,-0.113760529449656,-0.102335282852104,-0.0402385220289961
-0.0899163750488905,-0.0789874057039008,0.0178838158908898,-0.116741358204674,-0.232491961176876,-0.177349583883913,0.326380278001686,0.0909099465788715,-0.125186259493518,-0.107799788259697,-0.0327869438725511
-0.0844518439364477,-0.0770003011548949,-0.0124193166193882,-0.100347890867962,-0.232491961176876,-0.17138825332753,0.328864146170655,0.0914067222425238,-0.120715321650377,-0.122206211600456,-0.028315996978129
-0.0760066594980826,-0.0715357636502597,-0.0248386332164343,-0.104818836505023,-0.251866291288628,-0.168407588050756,0.3298576934385,0.0943873762270007,-0.126676572104761,-0.122702984818812,-0.0466965564408383
-0.0794840883816641,-0.0814712863894186,-0.0168902705906702,-0.101341434344345,-0.267266399849268,-0.171388253327407,0.328864146169896,0.0924002735714988,-0.111773445969895,-0.149031965390252,-0.0422256095435163
-0.0616001683904961,-0.0680583306916953,-0.0293095871891902,-0.114754271251163,-0.274718065277417,-0.177349583879354,0.35072218606727,0.0849486386151821,-0.110283133356318,-0.140090047457111,-0.0536513627198848
-0.0506711061880685,-0.0670647784179473,-0.0298063598530272,-0.114754271251163,-0.295582728473914,-0.173872141058212,0.35966411148447,0.0998519085387154,-0.0859413606845623,-0.132638449186744,-0.0596126252482896
-0.0372581661929776,-0.062593793183864,-0.0382514951362622,-0.115747814726327,-0.288131063048343,-0.175362473696429,0.35668346967898,0.0899163952550851,-0.0879284441694543,-0.157973883331656,-0.0779931847023752
-0.044709799512888,-0.0531550465869393,-0.0461998577624985,-0.119721988623798,-0.27670517606275,-0.174865696150285,0.368109263271525,0.0809744332972934,-0.0904122985242621,-0.148535192187933,-0.076502869070305
-0.0591162906184428,-0.0332840010981413,-0.0481869484176431,-0.111276869087127,-0.307008615479542,-0.166917255407291,0.373573773245346,0.0760066766594304,-0.0740188597769125,-0.160457749430532,-0.103328550439614
-0.0924002527977221,-0.0342775533718894,-0.0317934505105153,-0.120218760354199,-0.307008615479542,-0.185794802161365,0.394935039511313,0.0933938249082377,-0.10829604987494,-0.18628995678261,-0.0750125534341832
-0.0462001261197962,-0.020864597670771,-0.0412321311295913,-0.0660706409408328,-0.298066616966095,-0.171885030866014,0.380031830488342,0.0665679390589579,-0.077496255858359,-0.156980336887913,-0.089418937871368
-0.0476904527867084,-0.00596131355857454,-0.0283160418562092,-0.0700448148393981,-0.294092395404955,-0.181820581794141,0.380528604122095,0.063587285076852,-0.0794833393440779,-0.146548099295216,-0.0824641315922593
-0.0303033083636717,-0.0124194033369159,-0.0283160418562094,-0.0486836301380844,-0.270247066039297,-0.179336694063778,0.36860603690437,0.0650776120689186,-0.0690511510500548,-0.149528738605627,-0.0501739595694137
-0.0248387772611149,-0.00794841810377556,-0.0437159944470555,-0.0322901628173764,-0.253356624392769,-0.163439812592578,0.375064094149332,0.0481872394889143,-0.0809736519570721,-0.122206211598257,-0.0283159969682782
-0.03924526836412,-0.0233484783499591,-0.0283160418662614,-0.0357675649798833,-0.244911403574409,-0.169897920692188,0.373573773248072,0.0417291558577864,-0.0760059432459365,-0.14009004746883,2.73845390807992e-11
-0.0566324127792945,-0.0357678817748244,-0.0258321785472204,-0.0327869345576007,-0.231001628107672,-0.19374324290441,0.374567320516379,0.0298065399198778,-0.089915527626222,-0.163935161944493,0.0183805594867962
-0.0347742883581093,-0.0317936726785742,-0.0293095871944959,0.00248385878024882,-0.247395292047573,-0.217091787581888,0.394935039510826,0.0303033155841806,-0.0730253180108414,-0.12816749022051,0.00745157818532338
-0.0377549416866887,-0.0466969567807108,-0.00596127199066498,0.0268256738897692,-0.257330845947721,-0.206162681569308,0.407851153998106,0.0283162129263326,-0.074515630623872,-0.144064233202167,0.0188773313624803
0.0163935938053947,-0.045206628369727,-0.020864451911762,0.03626433689709,-0.245408181253697,-0.184801247085538,0.404870512194406,0.00496775671129934,-0.0755091723657587,-0.118728799070761,0.0193741032398712
0.0129161649184628,-0.0496776136021128,-0.0213612245753783,0.0268256738885879,-0.261305067502182,-0.164433367693616,0.411825343066286,0.00745163503128241,-0.07848979759441,-0.104322375735378,0.0228515063793536
0.0417291471049273,-0.035767881771985,0.00943868058301178,0.0367611086272921,-0.273227732187663,-0.1530074841356,0.408844701260227,-0.000496775597865678,-0.0923993819832067,-0.103328829299078,0.00248385940660023
0.0774969870865608,-0.0561357033943506,0.0183805885356707,0.0337804782028458,-0.282169730701331,-0.14505904339277,0.40536728582367,-0.0173871481718013,-0.0784897975872601,-0.10134173642494,0.00496771879167079
-0.0168903684966473,-0.102335884167991,0.0303031324690117,-0.0124192933893739,-0.291608506905189,-0.181820581828359,0.453057554647702,0.00943873766577574,-0.113760529460066,-0.133135222432327,0.0253353657450337
0.0104322869984101,-0.0928971375674825,0.0357676317770628,-0.00844511949548377,-0.298066616944833,-0.185298024649287,0.453057554647702,0.0293097642289566,-0.107799279005682,-0.141083593921249,0.0114257531822103
0.000993551443710272,-0.0819680625530246,0.0437159943938656,-0.0168902390355375,-0.308995726239856,-0.191756132750633,0.454547875548962,0.0402388288342189,-0.122205634271326,-0.139096501045893,-0.00794835002294247
-0.0357678396449101,-0.0943874659844405,0.0486837210308417,-0.0293095324646684,-0.321911946315792,-0.194240020482434,0.47739946270504,0.0645808363663072,-0.143070010859628,-0.139096501045893,0.0193741032101938
-0.0804776396175568,-0.0943874659844405,0.0581224016431969,-0.0561352062652124,-0.321415168620448,-0.185794802192217,0.481870425408086,0.10382611380593,-0.179334284462902,-0.169399667363158,0.0581223096277177
-0.095380906265728,-0.106806869410092,0.0501740390242706,-0.0650770975264652,-0.331847500220887,-0.198214240843261,0.491309124450685,0.119722935063002,-0.191256785371087,-0.180328678170913,0.0655738877847792
-0.0829615174077563,-0.0983616750829649,0.0611030376343724,-0.0471933149985886,-0.355196051919986,-0.195233575567965,0.483857519939301,0.129161672685237,-0.178340742730354,-0.192251235404931,0.0784899565945412
-0.0938905796269465,-0.120716601257627,0.0511675843589465,-0.0466965432611872,-0.361654161962023,-0.206162681580997,0.462496253681498,0.125684243037171,-0.171882721402162,-0.213115710583929,0.0948834285332921
-0.110780948490889,-0.121710153530935,0.0526579023490448,-0.0571287497369571,-0.372086493567618,-0.205169126489252,0.481373651778292,0.138600410307879,-0.156979595271674,-0.220070535639145,0.118231706769384
-0.134626175139684,-0.11276818306041,0.0561353109960108,-0.0531545758377947,-0.366621938919904,-0.198711018387638,0.499257502587792,0.139097185972029,-0.162444074854658,-0.238947917952005,0.120715566154283
-0.0789873128584841,-0.0770003011632159,0.0382514950928159,-0.0238450433098274,-0.381525269777123,-0.17039469823633,0.484354293593708,0.116245505446068,-0.13710876040461,-0.219573762409797,0.0978640598155757
-0.137110052765212,-0.0993552273284459,0.0536514476786347,-0.0546448910082903,-0.383512380558969,-0.202188461193847,0.51267039071764,0.105813216502941,-0.151515115672369,-0.256334980590157,0.133631634966265
-0.135122950542877,-0.115748839852035,0.0362644044494771,-0.0288127606617953,-0.377054270520283,-0.180827026711402,0.523102637023039,0.105813216502941,-0.152508657415204,-0.249380155528081,0.143070300631616
-0.110284172774434,-0.0829616148072768,0.0129160892428741,-0.0124192933369839,-0.389970490604518,-0.167910810508842,0.515651032518775,0.0973680302197659,-0.130153968214273,-0.2369608250682,0.113760759889807
-0.100348661662563,-0.0700454352490949,0.00546449928619408,-0.0188773259240118,-0.394938267558521,-0.141084823018428,0.514160711617882,0.0710389200475362,-0.130650739086,-0.220070535639383,0.109289812997605
-0.124690663873483,-0.07799385344495,-0.00149031800846089,-0.0422255975696094,-0.377054270532511,-0.142078378110789,0.527076826089294,0.0774970036794926,-0.126676572115827,-0.213612483797663,0.112270444259998
-0.140090706058276,-0.0789874057185724,0.000993545311021471,-0.0685544996301407,-0.346750831098497,-0.155988149398664,0.545954224178873,0.0675614903928026,-0.14207646911149,-0.207154431961623,0.0968705160632123
-0.106806743860016,-0.0466969568064284,0.00844513526814361,-0.0695480431049561,-0.336815277188528,-0.154994594306366,0.564831622268452,0.0457033611620845,-0.147044177825301,-0.17933513172815,0.0611029409144969
-0.107303519415009,-0.0556389272680875,-0.0263289512020382,-0.0625932387871669,-0.333337833319395,-0.166917255410012,0.57625741584384,0.0357678478776895,-0.141082927376169,-0.172877079891077,0.0546449065102842
-0.0675614750128521,-0.0422259715686669,-0.0526579024041802,-0.0591158366260527,-0.358176718093702,-0.17089147578003,0.568309037708454,0.0238452319345794,-0.150521573932064,-0.148038418957078,0.0417288377069379
-0.0452065750236712,-0.0298065681448495,-0.049180493754841,-0.0566319779392318,-0.373576826657768,-0.159962369765643,0.568309037708454,0.0154000456464195,-0.12965719734989,-0.125683624125715,0.0412320658298484
-0.0218581239339617,-0.016393612443165,-0.0407353584718562,-0.0278192171876146,-0.367118716617486,-0.123697608895598,0.561354206839992,0.0139097186540855,-0.119225009051526,-0.0919030452545742,0.0352708033072009
0.0466969026408899,0.0322904489571489,-0.0288128145413451,-0.0129160650799316,-0.385002713652776,-0.128665384354938,0.540489714223212,-0.0233484561619193,-0.106308966398463,-0.0640837450322251,0.0218579626241197
0.0635872715094811,0.0288130160000205,-0.0243418605630921,-0.0163934672386085,-0.384505935957075,-0.128665384354938,0.544463903292532,-0.0367613990898289,-0.110283133365718,-0.0799804880223569,0.0203676469925428
0.129161644749833,0.0402388671417383,-0.0307999051948971,0.0268256738807047,-0.39394471217306,-0.125187941534298,0.53999294058912,-0.0750131252529122,-0.0789865684706243,-0.0794837148040941,-0.00248385935404616
0.161452055840872,0.0437163001027554,-0.0233483152364484,0.0303030760424284,-0.422261040804923,-0.132639604728313,0.52359941068153,-0.0720324712696589,-0.0705414636615904,-0.0760063022748637,-0.028315996969649
0.12916164477777,0.0293097921305191,-0.0183805885985882,0.0317933912543342,-0.432693372408198,-0.149033263756502,0.542973582384682,-0.0526582203653372,-0.0968703198425323,-0.0973675506641522,0.00248385941733542
0.17089079135245,0.0392453148638096,-0.0268257238835772,0.0630900106871277,-0.458525812584329,-0.132639604739496,0.537012298779562,-0.0362646234399845,-0.0799801102205367,-0.111277200775697,0.00695480631286804
0.154497198032209,0.0263291353020858,0.00447095394283581,0.0526578042095301,-0.457035479497741,-0.134626714924012,0.546947771447981,-0.0298065398045475,-0.0948832363466482,-0.133631995605868,0.0213611907514443
0.143071360272992,0.0168903886995864,0.031296677808772,0.0541481194212495,-0.436667593980545,-0.125684719092395,0.563838074981526,-0.0258323344893615,-0.0809736519500206,-0.129161036641264,0.0233482782599529
0.144064911383163,-0.00198710450720496,0.0476901757173589,0.0680577280617022,-0.433190150110208,-0.124194386454454,0.555392923212794,-0.0392452774251884,-0.0948832363357532,-0.138102954570591,0.0163934719799805
0.139097155833968,-0.00347743291812608,0.0362644044511278,0.057625521587499,-0.445112814801581,-0.139594490378884,0.565328395881213,-0.0412323800818123,-0.0923993819797901,-0.132141675952629,-0.013412840648061
0.0919034781393473,-0.0551421511421369,0.0258321785123947,0.0551416629036624,-0.432196594718942,-0.149033263754458,0.592650945731671,-0.0213613535043521,-0.0943864654643416,-0.144561006403904,-0.0158967000343654
0.0774969870462571,-0.0884261523292028,0.0332837684734959,0.0526578042185201,-0.424248151589397,-0.154497816762385,0.600599323867707,-0.0183806995195695,-0.105812195499534,-0.1341287688151,-0.016890243788784
0.0263291049111761,-0.120219825085123,0.0317934504811868,0.0198708695848997,-0.426732040068024,-0.182317359341587,0.623947684640084,0.0298065399202601,-0.126179801219428,-0.148535192150099,-0.0208644188070626
0.0293097582405761,-0.11376173530174,0.0263289511786489,0.0342772499626915,-0.439648260158962,-0.163439812587903,0.634379930946623,0.00844518636347011,-0.136611989513451,-0.134625542039666,-0.0119225250149486
0.000496776026348789,-0.132639228520081,0.0273224965060437,0.0312966195387676,-0.439648260158962,-0.15052359638294,0.644315403606905,0.0168903726490296,-0.114754071172148,-0.12071589192293,-0.0233482781876913
-0.0392452683289266,-0.155987706949963,0.0248386331861188,0.00645803269138545,-0.397918933737095,-0.162943035031161,0.651270234479355,0.0144064943278988,-0.112270216817158,-0.117238479394071,-0.0168902437840135
-0.0258323283388477,-0.147542512620342,0.00695481729247494,0.0347740216892509,-0.385002713657967,-0.154001039202132,0.627425100066037,0.00596130803497083,-0.0958767780790372,-0.0894191791650474,-0.0397417501375387
-0.0422259216545759,-0.146548960346217,0.00695481729247494,0.0317933912656999,-0.384009158267412,-0.17138825332222,0.609044475631721,0.0188774753036902,-0.0824639645627464,-0.095877231003153,-0.0526578189448054
-0.0735227816437369,-0.146548960346217,0.0158967252358488,0.00993543482632597,-0.365131605838939,-0.198711018365814,0.615999306500373,0.0442130341746719,-0.106805737260718,-0.102335282843669,-0.0685545190183584
-0.0665679238751373,-0.149032841031295,0.0104322259318517,0.00943866308932229,-0.34327338724349,-0.19821424081971,0.601592871129396,0.0486840151517889,-0.101341257678669,-0.109290107898144,-0.0829609034640916
-0.0506711061155252,-0.136613437601713,0.0139096345788179,-0.00844511944347837,-0.346254053415671,-0.212124012116787,0.589173530293365,0.0531549961289059,-0.0849478189369372,-0.130651356293696,-0.0834576753413729
-0.0387484927965198,-0.109787526193534,0.0213612245366039,-0.00496771728436607,-0.351718608066895,-0.233982224160926,0.564334848606722,0.0387485018648695,-0.0581221919079666,-0.1286642634203,-0.108793041088318
-0.00347742840104859,-0.0998520034526981,0.0347740864626069,0.00794834788079846,-0.315950614004267,-0.230008003790497,0.531051015156162,0.017883923977813,-0.034277190091597,-0.119225572268525,-0.115747847371361
-0.00695485728538259,-0.109787526197098,0.0322902231426818,-0.00894189118387667,-0.260808289827788,-0.261304989206008,0.518631674314367,0.0288129885912086,-0.020864376571695,-0.121212665140809,-0.0963737441627337
0.0770002114885929,-0.0630905693161536,0.0124193165835766,0.0238450434546675,-0.244414625882215,-0.275711538050452,0.472928500032155,-0.0079484105610545,0.0079483339331459,-0.112270747214104,-0.126180056804348
0.0705421292749566,-0.0685551068243622,0.0203676792060399,0.0317933912492118,-0.230008072732874,-0.321415072331175,0.483360746335845,0.0149032699813261,-3.89283050239442e-12,-0.112767520432472,-0.139592897490205
0.205665079889046,-0.000496776160886614,0.00993545325925971,0.0829608800376588,-0.213614408798237,-0.320918294785215,0.446599497387424,-0.0213613535537198,0.0531544830862317,-0.0630901986982034,-0.19175394465587
0.237458715400768,-0.0049677613947815,0.00596127194849982,0.11723812988147,-0.161949528557035,-0.345260394574476,0.428218872934541,-0.0377549504731823,0.0611028170176289,-0.0596127861697146,-0.209637732242813
0.269749126500061,-0.0019871045716503,-0.00695481730457215,0.133134825476129,-0.10134264982752,-0.39791881456432,0.406360833052683,-0.0511678934007481,0.0779930266478936,-0.0581224665140124,-0.222553801057744
0.275710433157337,-0.0168903886876199,0.00298063597409581,0.140586401529877,-0.061600434260311,-0.447596569225497,0.37059313139267,-0.0546453230495275,0.0655737548683824,-0.0680579308820502,-0.206657100980023
0.252361982069464,-0.0168903886876199,0.00397418130166871,0.14356703195313,0.024342106860263,-0.501745321851524,0.353206054207985,-0.0521614447293525,0.0635866713852414,-0.0581224665089801,-0.215102222894855
0.257826513172128,-0.0273226875649472,-0.00149031800038313,0.155489553636889,0.119723424195656,-0.520622868632919,0.336812524276227,-0.0526582203938211,0.0422255239391219,-0.0551418271992838,-0.221560257303792
0.237458715428638,-0.0362646580315104,-0.0049677266468342,0.168902390530279,0.203182076761044,-0.583216839543535,0.327373825226928,-0.0625937336812762,0.0516641704836956,-0.0601095593838323,-0.221560257303792
0.274716882021597,-0.0218581500534991,0.00943868060360176,0.196224836068896,0.276705175427809,-0.646307588044767,0.297567407172034,-0.0839550872495785,0.0452061491604048,-0.0750127559327111,-0.264779410629659
0.219078019906709,-0.0412324193864808,0.0198709065500717,0.188276488282707,0.389970489595729,-0.722314552780885,0.276702914526772,-0.0675614903217012,0.0104321882011798,-0.0909094989164866,-0.257824604344409
0.214110264356635,-0.0382517625636644,0.0183805885586465,0.187282944808563,0.500255137500558,-0.786895633977971,0.228515872026401,-0.0849486385580146,-0.00496770881069161,-0.0958772311009028,-0.254347201203151
0.112271275909392,-0.0953810182168318,0.0203676792156777,0.129160651708594,0.616004340052743,-0.92499979215025,0.207154605711439,-0.0501743420162208,-0.066567296703649,-0.147044872489245,-0.223547344772378
0.119226133672249,-0.0770003011495817,0.0322902231451279,0.124192934343594,0.723805099359478,-1.03131018743737,0.16393529949231,-0.0496775663517907,-0.0760059432475297,-0.145554552834377,-0.206160329062731
0.13214229810041,-0.0695486590934047,0.0183805885537536,0.149528292921265,0.832599413997807,-1.10234937685189,0.117735351473795,-0.0645808362822084,-0.0779930267327136,-0.140090047431155,-0.193741032125211
0.14158103363822,-0.0481872851967773,0.0193741338812967,0.169399162384251,0.982626277056388,-1.20170488648246,0.0690515352124457,-0.0854454141880062,-0.0591157336308601,-0.130154583063118,-0.198708750898745
0.162942382506689,-0.0407356431421724,0.00447095396152464,0.207153814373374,1.11327880996413,-1.29807973090786,-0.00347741550860703,-0.0953809274706169,-0.0735220888894509,-0.136612634905011,-0.191753944615798
0.124193889207729,-0.0412324192793032,0.0119225439184258,0.219076336049972,1.25138300822127,-1.43121611389271,-0.054645099936075,-0.0765034522297815,-0.078986568472302,-0.140586820651378,-0.177347560166684
0.12320033809787,-0.0228517022128286,0.0124193165822488,0.229011770779972,1.40935831391518,-1.54994594805232,-0.131645013415917,-0.0680582659351195,-0.0953800072104228,-0.13760618134049,-0.186786225838678
0.121710011435207,-0.0144065078849891,-0.020367679247085,0.272230911827899,1.56733361960129,-1.65874023129025,-0.213115889681806,-0.0546453229941295,-0.0879284441452697,-0.123696531227833,-0.190760400859754
0.133632624755854,-0.0149032840219419,-0.0119225439618453,0.296075955176918,1.73524447890526,-1.76256673906364,-0.306012559607141,-0.0695485929279893,-0.075012401496317,-0.123199758009385,-0.178837875802451
0.202684426814324,0.0218581500951109,-0.0273224965476642,0.365127226511551,1.90166500500503,-1.84900603263002,-0.424741458683704,-0.110284197428511,-0.0293094813661729,-0.094386911358203,-0.224540888542932
0.187284384623174,0.0342775535097595,-0.00397418134521832,0.371088487350149,2.08895019399074,-1.94538087729274,-0.500747825077595,-0.115251954073514,-0.0541480249242833,-0.125186850902405,-0.206657100950065
0.158968178005289,0.017883940991012,-0.0208644519144443,0.387978726386078,2.26928049513496,-2.02983306080027,-0.596128363303897,-0.126181018693921,-0.0784897976103377,-0.143070686768687,-0.21112804784603
0.0904131513495527,-0.00447098518459277,-0.0094386806421114,0.381023922073859,2.4605399052885,-2.17588566067658,-0.67610891875314,-0.111277748763504,-0.105315424679364,-0.19026414257663,-0.189766857123519
0.073026006935062,0.010929075054444,-0.00844513531462843,0.400398019781119,2.63838631766481,-2.25785395643135,-0.774470098944113,-0.143568166995388,-0.100844486842023,-0.196225421196817,-0.200695838427707
0.0710389047155011,0.0129161796019402,-0.0044709540013923,0.429210780461352,2.84305872492649,-2.34975780327992,-0.897173187466422,-0.18480054717272,-0.105812195554253,-0.178341585332442,-0.219076397892699
0.0904131513724099,0.0293097921217252,-0.0188773612543931,0.464978345448185,3.06660868412689,-2.46451341756466,-1.01689563411648,-0.20864577905894,-0.101838028584761,-0.178341585332442,-0.220566713525098
0.114258377998232,0.0402388671274231,-0.0198709065820533,0.528565127602456,3.25439064966076,-2.56138504001282,-1.14108904364194,-0.234974889283873,-0.0864381315879673,-0.161948069131079,-0.226031204178437
0.162445606713178,0.0730260921362176,-0.0034774086593603,0.570790725087161,3.46005661181078,-2.64931466655179,-1.2781985679379,-0.298562174419881,-0.0412319823846752,-0.156980336950503,-0.230502151077672
0.156981075608581,0.0859422716935823,-0.0104322259527772,0.633880735476652,3.65976124146863,-2.76556061358708,-1.39394682578168,-0.32985904131834,-0.0412319823846752,-0.164928708447264,-0.236960185483221
0.0735227824493708,0.0541485989470518,0.0029806359776039,0.644809713651487,3.87486597913722,-2.92502620770768,-1.47641124986432,-0.328368714322907,-0.0973670908198235,-0.210135071316415,-0.184799138338438
0.0481872291467325,0.0387485387119132,0.000496772659741795,0.715351300105646,4.09245460500372,-3.05369159371133,-1.60209498061148,-0.360162356881117,-0.0824639646813094,-0.195231874756412,-0.198211979032255
0.0496775558116229,0.0536518228203371,0.00496772663560674,0.783409027840128,4.32146911735432,-3.19378286347944,-1.71734646496921,-0.389968896786324,-0.0755091724823146,-0.192251235444173,-0.20019906654175
0.157974626820291,0.110781078560259,0.00198709065227187,0.903131016017645,4.54700618569709,-3.27724149237946,-1.88873337068814,-0.470446554546915,-0.0139095844506589,-0.137109408143495,-0.232489238569052
0.146052013500582,0.108793974013852,-0.00745158996120332,0.986091895729842,4.78396914053159,-3.44515230516375,-2.02683644276364,-0.479885292194103,-0.0471932328189343,-0.141083593891346,-0.219573169755369
0.165426260134634,0.132639228570733,-0.00745158996120332,1.07948498178532,5.00503520914789,-3.59120490574487,-2.15699113675742,-0.517143467128695,-0.013909584470211,-0.128664263440071,-0.231992466696488
0.188774711214243,0.149529617215545,-0.0144064072601913,1.16294263317074,5.21715927925331,-3.71639284922721,-2.30701677641143,-0.579240425303598,-0.0069547922754723,-0.135619088498253,-0.251863341801045
0.164432709033477,0.157478035398322,-0.0263289511967162,1.24093579537886,5.4685287859352,-3.87834233173244,-2.45008758523675,-0.629414767529527,-0.0198708349171539,-0.149031965389205,-0.238450501107968
0.0988583359142944,0.151019945627472,-0.0139096345993022,1.32389667488152,5.72734995754512,-4.04973058777746,-2.56732616480303,-0.641834159182043,-0.0620963588951508,-0.157477110096972,-0.215102222862531
0.169400464628271,0.182316842217865,-0.00894190796085215,1.43169614098885,5.99859057078047,-4.20075096425472,-2.74119693977377,-0.688034296124658,-0.0571286501862038,-0.148038418944946,-0.243418219885157
0.21808446900464,0.218581500190934,0.00198709064114277,1.53850206374459,6.25890207473101,-4.34233256740026,-2.92748705579602,-0.751124805698385,-0.0029806252328349,-0.123199758014257,-0.262295551224064
0.262794268933331,0.238452545653743,-0.00844513529789936,1.64580475815224,6.52020713374448,-4.51868859953119,-3.09837718911577,-0.81222821263661,0.00745156305761349,-0.122702984795796,-0.26080523559117
0.27471688224929,0.256336486571403,-0.00695481730621039,1.76105580020736,6.79442841192624,-4.68510908063896,-3.27274473796059,-0.870350965583817,0.0213611474484528,-0.127670716983126,-0.264282638733052
0.233484511231907,0.266272009294635,-1.25870425193852e-11,1.86686817919934,7.07560457730086,-4.86991033138051,-3.45108647635292,-0.90413171091639,0.014406355260693,-0.13114812951078,-0.271237445019647
0.239942593447447,0.276207532024992,0.0173870432186352,1.96771284089799,7.36621951811276,-5.06663424371319,-3.62793789392533,-0.942383437217925,0.035270731856145,-0.143070686759418,-0.265772954369099
0.203181202385572,0.263291352476346,0.033780541125763,2.05564143747458,7.66726678968568,-5.27826148286945,-3.7953506123804,-0.977654509555446,-0.0163934387384031,-0.168406120888797,-0.239940816736384
0.195232793509829,0.280181741109047,0.0670643096018961,2.16344090332863,7.98023672511789,-5.47448861781874,-3.97369235119728,-1.01789333855919,-0.0213611474486875,-0.166419028014766,-0.230998922937976
0.239942593415667,0.303530219505442,0.0899158521394439,2.28018226020199,8.29867121427032,-5.65630920377639,-4.17687277261205,-1.08843548329492,-0.0114257300312798,-0.142077140330916,-0.260308463718209
0.195729569019572,0.294091472914092,0.0894190794757239,2.39245267143265,8.6036927059238,-5.87091710872707,-4.36713707919722,-1.1391066013198,-0.0357675027173342,-0.147541645732099,-0.258818148086036
0.122206786975316,0.270742994509325,0.0943868061127,2.48038126777855,8.91417875140475,-6.08999601182258,-4.5345497983854,-1.18630028970843,-0.0511673997190276,-0.147541645732099,-0.253353657430812
0.119722909203283,0.285149502455734,0.103328714054482,2.63239341731568,9.22863901792817,-6.28175214934728,-4.75362697727353,-1.24889402381954,-0.0705414636765712,-0.154993244007829,-0.271734216901893
0.12717454251704,0.319923831975315,0.117735121301926,2.78390879500688,9.55750583644992,-6.45463073985187,-4.96326545697362,-1.30304257159276,-0.0586189627797672,-0.140586820678206,-0.273721304412431
0.0968712336612904,0.321414160384507,0.124689938594725,2.89717274947907,9.88438554362793,-6.65582565139253,-5.16396201099379,-1.34278462499051,-0.102334799468795,-0.129161036649328,-0.263785866865089
0.0864389470076732,0.313962518342475,0.137606027846648,3.00646253000641,10.2291492463682,-6.89775632320264,-5.35521986609189,-1.38401700540286,-0.15151511572168,-0.137606181362048,-0.268256813764324
0.079484089237023,0.332840011518607,0.144064072470789,3.13761026662285,10.5749065038457,-7.09199634933983,-5.55094868417849,-1.46101723390155,-0.154495740948288,-0.137606181362048,-0.276701935679157
0.147542340214835,0.388975714890076,0.155489843729902,3.30452556752934,10.9117217627728,-7.28375248784404,-5.7903935838819,-1.54695942451437,-0.126179801279219,-0.138102954580615,-0.304521160822848
0.24491034877044,0.448092075009172,0.142573754478363,3.50174394363958,11.24505957757,-7.45911496676777,-6.03530299408336,-1.66320493099543,-0.114257300376579,-0.114754613326618,-0.320914632788294
0.202684426639225,0.44213076137825,0.154993071061776,3.63140136472568,11.5580295074264,-7.69657464121941,-6.23997373873841,-1.71536637621195,-0.153998970075393,-0.15002551181764,-0.306011476456379
0.255342635461729,0.494789031786954,0.174863977599069,3.77645870927138,11.9092513170434,-7.89379533334622,-6.47594122356801,-1.80230211823057,-0.157973137047317,-0.155490017220425,-0.327372667190092
0.195729568782292,0.498763240878761,0.212121927329415,3.90412904338691,12.2540150163692,-8.13026145322503,-6.6811087420691,-1.8504893580725,-0.214605016444379,-0.203677019467715,-0.302037301435804
0.231994184229749,0.521118166985057,0.200696156069624,4.05663796348762,12.5923206057095,-8.33543058652771,-6.9126052650402,-1.92649603547978,-0.223050121252173,-0.195231874755445,-0.301540529558083
0.174368219879479,0.511182644270415,0.229012197864687,4.17834703653517,12.9440391912131,-8.57587092712361,-7.12125019984964,-2.00945757227046,-0.261301478320896,-0.219076989238101,-0.283656741967191
0.18927148653439,0.530060137445352,0.259812102983786,4.34029461944139,13.2912867771066,-8.81333060267595,-7.36864347989184,-2.09689009003299,-0.247888664781293,-0.228515680391888,-0.289618004495267
0.224542550917378,0.555395720378642,0.274715282877471,4.50472606083142,13.6166761453525,-9.00409318751361,-7.60163032428299,-2.19078069154093,-0.247391893909456,-0.22950922682893,-0.263785866862909
0.249878104215533,0.578247422624248,0.288128144781191,4.68604774071508,13.9370977364585,-9.22515920383596,-7.83809458448576,-2.2941100309113,-0.271236895738083,-0.219573762454536,-0.283159970086776
0.195729568780937,0.573279661269336,0.29905714336957,4.82762768235135,14.274906545104,-9.45963821466804,-8.03779759454159,-2.36812960579152,-0.310978565460245,-0.233980185798752,-0.277198707554175
0.109787397983425,0.548937630650022,0.338798956419399,4.96871085197237,14.6077475767691,-9.71597543829968,-8.23551351026284,-2.39992324871148,-0.350720235162951,-0.26478012533146,-0.269747129387137
0.141084257922741,0.580731303330845,0.32985704848027,5.17387757403523,14.9415821632954,-9.91170579935017,-8.47197777152921,-2.49182674776871,-0.344758984703167,-0.236464051889722,-0.285643829474733
0.127174542395387,0.567318347671876,0.339792501740075,5.34178641674486,15.2515714216138,-10.1471783658862,-8.69006140760956,-2.56236889300824,-0.367113673934744,-0.244412423387542,-0.282663198208802
0.208645733488703,0.620473394210346,0.337805411089882,5.55788211659299,15.5655349006325,-10.347379725513,-8.95682886250084,-2.69749187547363,-0.336810650728936,-0.210631844479476,-0.310979195229474
0.14952944252708,0.626931483970439,0.367114998218913,5.71734583961914,15.9038404843365,-10.6166331670496,-9.14659640070552,-2.77896308557537,-0.37257815348326,-0.240438237598687,-0.281669654456118
0.206161855768975,0.679589754310308,0.38648913205111,5.92797704999376,16.2317137365243,-10.8163377493024,-9.39548000465766,-2.87931177127104,-0.394436071840616,-0.233483412538094,-0.30750179209026
0.231994184616663,0.718835069020321,0.409340674522227,6.14258243390308,16.5744903176372,-11.0443586533634,-9.61455718920327,-2.98611854066528,-0.405365031020364,-0.242922103696662,-0.314953370251743
0.121710011311747,0.690518829269558,0.429211581026512,6.28913009200437,16.9272024513779,-11.3056636548608,-9.81922793770896,-3.06361554542807,-0.462990452234604,-0.297567157815568,-0.29706958267097
0.130651971293266,0.711383426952712,0.456534077463827,6.46101310757652,17.2704758092686,-11.5262328956592,-10.0467502750211,-3.14657708272621,-0.478887120135922,-0.297567157815568,-0.287630916996501
0.0998518868658473,0.718338292849296,0.495282345128795,6.64332832918488,17.6241814970119,-11.7771055686985,-10.2668210075595,-3.22457086327585,-0.504719205497069,-0.295083291720943,-0.274218076301758
0.0407355958007831,0.705918889462408,0.522604841545851,6.79484370389855,17.9908034031977,-12.0602687840513,-10.4834143247481,-3.31150660590213,-0.546447958768681,-0.327373550963121,-0.240934360507827
3.16604964467615e-10,0.719828621246778,0.572282107813933,6.95132679557828,18.3663673064907,-12.3265415620692,-10.688581848056,-3.38999716219974,-0.593641191623252,-0.372579913846733,-0.216095766624045
-0.00496775523073434,0.732744800770367,0.607056194176836,7.15053225506589,18.7473957633698,-12.5952982284039,-10.9086525814345,-3.48984907245083,-0.60705400517402,-0.38400569788079,-0.190263628996322
-0.0029806530122285,0.743673875744723,0.64282382584424,7.34924094251507,19.1299145524641,-12.8541193434648,-11.1262394469955,-3.56883640455017,-0.639840882742966,-0.380031512130926,-0.167412122627028
0.0327871869138476,0.772983667710592,0.690514001402193,7.57278821563953,19.4647426870396,-13.0677336996143,-11.3666779014018,-3.67862382846236,-0.661698801123869,-0.354696077976558,-0.192747488378869
-0.0139097152237975,0.760067488204157,0.732242904964666,7.74467123000503,19.8224225924957,-13.3499033609726,-11.5788002571738,-3.75810793631398,-0.691505053467303,-0.381025058576775,-0.16641857886733
-0.0347742885218016,0.773977219984422,0.768507309257015,7.90910266842936,20.1547668373705,-13.6087244769404,-11.808806465119,-3.82964363335469,-0.741678911595337,-0.401889533786367,-0.16045731633802
-0.0625937197018087,0.796828922242074,0.833584527893547,8.10731458394535,20.5223822942066,-13.8630745952186,-12.0318578417348,-3.91061806815044,-0.769994851389906,-0.410831451748358,-0.15449605381307
-0.0909099263208071,0.789377280214497,0.883261794029038,8.30701681405172,20.8954623046902,-14.1437539248626,-12.265838239642,-4.0015280166168,-0.812717146436418,-0.426728194749932,-0.114754303631928
-0.0774969863236048,0.798319250649946,0.901642382505437,8.50870613083922,21.2322775465827,-14.3906523799187,-12.5102508847879,-4.1033670299104,-0.848484649298465,-0.444612030638623,-0.0914060253974469
-0.02881298190703,0.846506535754502,0.926977788234162,8.73771789174867,21.5735637866591,-14.582408524157,-12.7541667565633,-4.23004482700911,-0.849478191044074,-0.425237875086601,-0.0983608316802022
-0.0586195152297468,0.867867909550229,0.966222828481781,8.94735555550582,21.9098822497423,-14.8357650880948,-13.0065277811625,-4.34430323231621,-0.875310276442543,-0.435670112690701,-0.0779931847082921
-0.083955068536371,0.875816327715072,1.00497109605827,9.15450936039672,22.258123375553,-15.0558375546539,-13.2459726905007,-4.44614224579057,-0.917535800641755,-0.441631391319947,-0.0705416065498937
-0.0963744574045966,0.885751850414634,1.03428068306213,9.35272127415809,22.5815256189189,-15.2838584625764,-13.478959542602,-4.55443934315629,-0.947838823896539,-0.464979732612535,-0.0650771158985164
-0.104322866272683,0.902145462854225,1.07352572326321,9.5469590138866,22.9451668508388,-15.5446666907068,-13.7124431687444,-4.65429125413425,-0.972180596666625,-0.493792579300584,-0.0640835721432063
-0.121213235152235,0.917545523034164,1.10929335480547,9.76156439390909,23.2894337539202,-15.7885844816542,-13.9484106634546,-4.75414316508651,-1.00745132866293,-0.503728043687693,-0.0750125534475446
-0.141581032912144,0.93841012068917,1.14605453167925,10.0034922177718,23.6456233197751,-16.0285280523312,-14.1997781424416,-4.89373713021379,-1.02235445486348,-0.503728043687693,-0.0705416065512101
-0.071535679463909,0.981132868328807,1.1579770755242,10.2687683121529,23.9695223384224,-16.2515811856377,-14.4516423950713,-5.03333109529079,-1.02334799661138,-0.476902289814599,-0.0879286222517405
-0.0407355950728281,1.03031370566728,1.18629311715553,10.5191412545425,24.2824922487516,-16.4820859827248,-14.6960550432562,-5.16547342551888,-1.04123174805291,-0.479882929128904,-0.119225250515718
-0.00794840844298395,1.08744296114701,1.24689938171865,10.7635529361987,24.6108622653687,-16.6927196767908,-14.9474225232187,-5.27973183131697,-1.04768976940973,-0.471437784401549,-0.136612266220807
-0.0243420017564551,1.09290749862688,1.29409278444453,10.988093749121,24.9456903905597,-16.9743925650435,-15.2037577402852,-5.37461598576672,-1.10134102374485,-0.492302259612254,-0.118231706762156
-0.033780737315982,1.08992684181933,1.34873777704129,11.2026991277527,25.2725700731572,-17.2292394644343,-15.4372413685483,-5.47198401864906,-1.14356654802473,-0.514657054497855,-0.121709109902886
-0.00894195956414578,1.13215281327511,1.40934404153254,11.4471108084627,25.5984561997845,-17.4741508122329,-15.7084797966563,-5.5773004624169,-1.17486311307617,-0.516644147374694,-0.132141319325075
-0.0218581239935762,1.17537233696947,1.45604067156839,11.6989740644698,25.9298068800789,-17.7453913722185,-15.9568666358976,-5.68808143879126,-1.1997016567614,-0.524592518885229,-0.128167144306413
-0.0084451840301305,1.19822403913897,1.49727280231356,11.9478566898579,26.2556930059233,-17.9863284997966,-16.2281050649543,-5.81326891000096,-1.23944332665289,-0.512669961629599,-0.125186513040647
0.0471936781186673,1.22952093560269,1.52459529857914,12.1892877396326,26.5915146835786,-18.2362076242805,-16.5127563837326,-5.93994670822115,-1.29557843544958,-0.506708682996697,-0.133631634959909
0.0854453958493493,1.24641132416702,1.55340811282925,12.4257510718354,26.920878251509,-18.4845964163544,-16.7830012662343,-6.0507276848237,-1.34326843936493,-0.507702229435832,-0.141579984998221
0.144064911351753,1.29807604213941,1.61898210382487,12.6661885775634,27.256699928008,-18.7180818810799,-17.0681493592546,-6.15554735321428,-1.37903594232161,-0.506211909777349,-0.16194763197238
0.129658420270275,1.30453413188331,1.67760127757631,12.8827810410736,27.6178572630296,-18.9649803407865,-17.3388910160903,-6.2300637052457,-1.43268719674084,-0.538502169046218,-0.165921806991975
0.136613278034772,1.32092774429975,1.72479468015812,13.1257024046426,27.9819952631972,-19.2431757886432,-17.6121165417629,-6.35028341990283,-1.47391917929822,-0.563837603239765,-0.192250716504241
0.178342424629961,1.35917950662333,1.78440739920088,13.3567012471685,28.3352041549074,-19.4890806938185,-17.8878259362802,-6.48739350778544,-1.50273189001826,-0.57228274797455,-0.226031204165203
0.271239453404484,1.41581198590223,1.83358789238565,13.6458223786352,28.686425935716,-19.7230629371893,-18.1809224100826,-6.62847780120113,-1.50422220264151,-0.549927953088949,-0.281172882584537
0.28663949559836,1.45654762888201,1.87730388630889,13.8748341336687,29.0604994862649,-19.9982777204903,-18.4650769581925,-6.77055564606308,-1.54744126874433,-0.581721439147199,-0.316443685891474
0.336317051060033,1.4843670923675,1.92996178810815,14.0983813996631,29.4469924769025,-20.2536214006729,-18.764134717181,-6.89922054767314,-1.60506669021124,-0.595631089298796,-0.3397919641324
0.364136482072636,1.52907694437421,1.98212291721879,14.3378253596956,29.8334854669977,-20.5134360791332,-19.0756118193214,-7.01894348716954,-1.63139554655725,-0.63686326650695,-0.357178979852847
0.350226766546923,1.55242542266135,2.03925177290293,14.6070756216536,30.2130235694449,-20.766792649389,-19.3433728370763,-7.13667932390841,-1.65871794470037,-0.672630938332974,-0.353204804831771
0.396426893079508,1.58372231908681,2.10283867314173,14.8425454076734,30.610445665489,-21.0022652266774,-19.6583273559905,-7.25987969325414,-1.69349190595937,-0.684553495606725,-0.376553083079464
0.362646155348967,1.59564494629513,2.15301271153337,15.0800022803365,31.0252549772471,-21.2894026736839,-19.94595932199,-7.39152524914889,-1.7446593061321,-0.71336634235854,-0.382514345610667
0.411826935213969,1.66072261976951,2.20070288663759,15.3512396281321,31.4236706269419,-21.5611400156091,-20.2688622207861,-7.56092575717173,-1.77595587127555,-0.724792126420931,-0.418281920806769
0.433685059604214,1.69500017296707,2.25038015236968,15.5981351623251,31.8166217221969,-21.8080384783168,-20.5967328570661,-7.69753907019194,-1.82314910442607,-0.727772765740084,-0.446101145972737
0.45802706175292,1.73076805456414,2.30254128135824,15.8629144774771,32.2398762510978,-22.0663628258958,-20.9330486467257,-7.83067495356172,-1.87630358810325,-0.732243724718874,-0.484849352446415
0.487833594977195,1.78839408597149,2.35967013689684,16.1048422939067,32.6611436690968,-22.3157451770004,-21.2693644369519,-7.98070121036886,-1.9314451552405,-0.724792126429634,-0.47541068676504
0.510188494919347,1.834594266339,2.41133449320465,16.3880021609443,33.0719787559437,-22.5551919766249,-21.6111447385245,-8.11731452372359,-1.95330307376437,-0.721811487109368,-0.48633966807843
0.481375512763471,1.85645241619744,2.47144398467905,16.6557621051603,33.4972203927728,-22.8085485491769,-21.9330540926246,-8.24846330462697,-2.01291557890253,-0.734727590830866,-0.487333211833699
0.451072203980397,1.89470417840257,2.53453411205322,16.9180575601778,33.9443202437161,-23.0887311119343,-22.2509892582662,-8.37961208567575,-2.0675603752015,-0.738205003370666,-0.488823527467271
0.443123795105123,1.92848495545794,2.60557260189336,17.1748885262476,34.3899297608178,-23.3768621166967,-22.6041953564293,-8.52218670749956,-2.11077944143037,-0.7536049732058,-0.501739596287373
0.382517177485962,1.984123882334,2.68306913623344,17.4242679168718,34.8469651617775,-23.6754254511833,-22.9280918075011,-8.65780646982711,-2.14157923573816,-0.782417819982205,-0.515152436989707
0.433188284064839,2.06062740677729,2.7337399471301,17.7352469969118,35.2841294573359,-23.9347433561448,-23.3041494971035,-8.82124567066092,-2.14455986099492,-0.797817789816107,-0.53303622458924
0.400897873053153,2.09341463151316,2.80030748298635,18.0179100898966,35.7625262933525,-24.2248614723575,-23.6603362398875,-8.95537510622222,-2.1882756981016,-0.819675811520211,-0.516642752619946
0.389968810860393,2.14309224475455,2.88177819846849,18.3119989314986,36.268245896691,-24.5437926895686,-24.0354003841784,-9.11633042898714,-2.24490757802728,-0.858920895933545,-0.491804158720732
0.385001055321745,2.18333111148643,2.93443609994956,18.6041006860086,36.7650235016782,-24.8592464639959,-24.3970516391663,-9.27281477069129,-2.28017831026385,-0.887733742711487,-0.462494617922695
0.35221386877311,2.18730532054382,2.98659722874967,18.911602362241,37.3020400916161,-25.2084811154807,-24.7914899595061,-9.42085392590461,-2.33681019018259,-0.953804580980032,-0.449578549099563
0.37456876869549,2.23350550082086,3.04670672002293,19.2265556131779,37.8435276784589,-25.5562254346062,-25.1933798863896,-9.59869962255996,-2.38748081957859,-0.987585159970977,-0.453055952245429
0.41133015971617,2.30702836837787,3.12072584559221,19.5474701241871,38.4153186973349,-25.903969754295,-25.6300439731635,-9.74624200214364,-2.41430644694798,-1.01143027455727,-0.472430055478657
0.397420444197019,2.33087362270813,3.17586761026825,19.8569588858449,39.0059872633346,-26.2859917290805,-26.0373984123691,-9.9071973255605,-2.47093832690421,-1.04173344100301,-0.461997846044948
0.38102685088387,2.38700932564904,3.22852551163396,20.1798604826385,39.6254689283136,-26.6729814806611,-26.481514106841,-10.0691462004108,-2.52359603990535,-1.05564309118763,-0.467959108578866
0.418285017470237,2.44066114786954,3.28813823011354,20.5623746813802,40.2414731483809,-27.0510292357327,-26.9484813932146,-10.2479854488964,-2.57774406549545,-1.07153983425576,-0.459513986654591
0.408349506384348,2.47642902934234,3.3616605829072,20.9031600575089,40.8833098019114,-27.457890092359,-27.4368099503907,-10.4278182489853,-2.64580167564415,-1.06955274137325,-0.463488161677917
0.394439790858908,2.51915177665708,3.43021520911002,21.2484163783593,41.5291206740829,-27.8602799512261,-27.9320933408831,-10.5987090867579,-2.71137543148102,-1.06756564849,-0.464481705433419
0.399407546401657,2.55839709104383,3.49032470015731,21.6090726208176,42.192815537488,-28.2591923676037,-28.425886411685,-10.7695999247466,-2.7699943950796,-1.08097852546036,-0.451068864734973
0.392452688645909,2.62297798812439,3.56980832472147,21.9935739034656,42.8639620628714,-28.663072560545,-28.9539568699125,-10.9623488934197,-2.80774898176707,-1.09240430953981,-0.461501074168826
0.368110686483806,2.67861691485752,3.649291949248,22.3567140029625,43.5609410205122,-29.0818560825836,-29.483020877447,-11.1506268810576,-2.87282596678145,-1.11426233127424,-0.468952652335452
0.33979447991212,2.70742993046838,3.72778202843775,22.7307830785235,44.254939310639,-29.4926911633559,-30.0130784338549,-11.3140660841817,-2.94833514023417,-1.12171392958931,-0.448088233465298
0.308994395547074,2.72481709505985,3.79335601860228,23.1063424688266,44.9544021515261,-29.8886229164435,-30.5505875973731,-11.5237054268152,-3.0149024379339,-1.14953322997858,-0.43467539276426
0.316446028861857,2.7749914843011,3.86638159857011,23.5196565058873,45.6434326609742,-30.2443156839667,-31.1382709083053,-11.7283770128578,-3.07848911035413,-1.16344288016691,-0.433681849008826
0.381523626496821,2.83559817228208,3.93742008788664,23.9448930624015,46.3001726255951,-30.5751695716135,-31.7418509805284,-11.9459647671034,-3.12170817678755,-1.17933962324776,-0.432688305253104
0.377549422063559,2.86143053108549,4.0094521224337,24.3646651293059,46.9688352502072,-30.9313591177482,-32.3191020471132,-12.1660364001605,-3.19373995417305,-1.1987137788804,-0.444610830323245
0.413814037508165,2.9036565021989,4.08247770225461,24.809772550695,47.6325300970536,-31.2562516749707,-32.9291401820193,-12.4000177530694,-3.24937829256668,-1.23646854368433,-0.428714130232577
0.428717304142272,2.94290181652452,4.16146455383689,25.2663057198566,48.2982120519453,-31.5791571222422,-33.5312299389744,-12.6131345267214,-3.305016631019,-1.27372653528058,-0.428217358354823
0.44163346854885,2.98314068310648,4.23896108743154,25.7208518013931,48.9455132343613,-31.8926237953943,-34.1397777562486,-12.8585417211407,-3.36264205302706,-1.26726848340476,-0.445604374075991
0.50522073938732,3.04374737097524,4.30453507741371,26.2126557569154,49.563007760761,-32.1782709225054,-34.7925384383003,-13.1198457384582,-3.41430622439765,-1.2801845871552,-0.47839131803065
0.504723963832747,3.08497978980893,4.38749611011197,26.6885630183423,50.1660957351746,-32.4445437233107,-35.418970114415,-13.3543238681209,-3.48037675138192,-1.31297161980495,-0.484352580565062
0.491311023866665,3.14459292544389,4.48486354960967,27.1758960267296,50.7557707136578,-32.7128036348191,-36.0717308006089,-13.6191053156451,-3.53353123549448,-1.33830705409851,-0.508197630703369
0.457530286132803,3.18383823976043,4.57577294464148,27.6691902946748,51.3136519257093,-32.984540989915,-36.7354205109604,-13.8823964364095,-3.6060597839836,-1.37407472608865,-0.513662121358744
0.464485143891285,3.23351585276552,4.66022429522872,28.1833489708303,51.8442103702075,-33.2224974672795,-37.4020908668062,-14.1521456417321,-3.66964645660352,-1.39543597461238,-0.526081418303635
0.475910981626695,3.29114188381627,4.76404977907391,28.7198623705192,52.3414847169218,-33.4380989521242,-38.053858012976,-14.4407723241108,-3.76850386178085,-1.41232626415066,-0.523597558914451
0.471440001638529,3.33585173552461,4.85197853806783,29.2623370287177,52.8258428454078,-33.636809998337,-38.7145670880031,-14.7358570911276,-3.84500657735366,-1.43468105913644,-0.501739596288877
0.409839832907224,3.37956803495069,4.95779111234711,29.7804698741198,53.271949100338,-33.8280693804523,-39.3350374925392,-15.0155418118261,-3.94833492049036,-1.47790032946651,-0.511178261966864
0.44759477500763,3.44414893180025,5.05267468828512,30.356228230587,53.6688743752588,-33.9552444501334,-39.9838240025675,-15.3548396171815,-4.02682471963848,-1.48684224746071,-0.531545908960423
0.436665712817878,3.48637490283104,5.16196467095209,30.9394381607256,54.0265542218453,-34.0933486275871,-40.6355911572436,-15.6633373295948,-4.11674024913395,-1.54844212698285,-0.545455521543406
0.425239875100877,3.53456218733702,5.28715137838914,31.5514608442935,54.354924191829,-34.1807814880575,-41.2600357590211,-15.9758092485088,-4.21361057080915,-1.56433887007261,-0.566319940439206
0.453059306141913,3.60311729319031,5.40985422240749,32.1788834485242,54.626661518917,-34.249336799201,-41.8844803621237,-16.3200748127154,-4.31197120536575,-1.58122915964199,-0.582713412413932
0.547943436860183,3.68111114541884,5.52212484071983,32.846544554189,54.8452436465545,-34.2453625782674,-42.5148862530021,-16.6837146302772,-4.39443517164842,-1.58520334541665,-0.595629481245447
0.591659685683645,3.73575651967501,5.64383413930939,33.5226507771072,55.0136512401376,-34.2403948020949,-43.1095244351548,-17.0602706168175,-4.47987976335267,-1.58868075797492,-0.610532637582506
0.634879158854173,3.79785353578443,5.76802730116668,34.2012408553983,55.1522521798772,-34.202639703229,-43.6763432893817,-17.4388137069247,-4.58916935738496,-1.62693229609028,-0.614010040727844
0.618982341133935,3.83113753641349,5.9066268695107,34.8867857344125,55.2709820171509,-34.1723362686037,-44.2128589459078,-17.8208342278003,-4.66865269858131,-1.67362897901116,-0.629409968943549
0.654750181017124,3.91906691119302,6.03330389437118,35.5922014771147,55.3087371118223,-34.0804324095214,-44.7558326627733,-18.2098096094407,-4.75061989415886,-1.68406121668038,-0.668158175425253
0.705918063119009,3.96874452407899,6.16395510019147,36.3179848558421,55.3047628913305,-33.9582251158344,-45.2749612404437,-18.6057398515778,-4.84152896572029,-1.69846764014604,-0.672132350448304
0.707408389779711,4.02984798785873,6.30156112298253,37.0447617743837,55.2406785858778,-33.8380049327587,-45.7697479056552,-19.0190572448371,-4.93988960052568,-1.7337385389428,-0.688525822427105
0.699956756465807,4.09889986973466,6.43419941917409,37.7919063283079,55.1159874178327,-33.6695973207924,-46.2322442776214,-19.4567166489045,-5.03626315192037,-1.74615786951631,-0.67560975359987
0.640343690032484,4.11976446711914,6.57031512382174,38.5256380440669,54.9689412594465,-33.4972154882447,-46.6405923106971,-19.8904018484636,-5.17039129039019,-1.8008029239909,-0.61500358445984
0.632395281166741,4.14907425869136,6.70941146413632,39.3001050325064,54.7682431242421,-33.2885688897345,-47.0603661413472,-20.3320354600882,-5.27173255073668,-1.83309318350444,-0.589171446806084
0.564833805927416,4.16795175154874,6.85148844021831,40.0571850098427,54.5173704548279,-33.0809158468898,-47.4230109902092,-20.7845981388535,-5.39989943875897,-1.90512530081735,-0.601093971885446
0.614014585763419,4.26233921587533,7.00350086905647,40.8853033288094,54.2103619203744,-32.7952687187347,-47.7990687313892,-21.2778964279381,-5.4908085105616,-1.92499622973417,-0.612022953203213
0.629414627909776,4.32791366470975,7.16793261394465,41.7238538483236,53.845230410478,-32.5250216970447,-48.1324039293107,-21.7995109344419,-5.5668144558504,-1.93095750840858,-0.634377687716981
0.660214712233658,4.39398488970017,7.31994504242833,42.5609140498822,53.4537696892121,-32.2204970201104,-48.4404036653842,-22.3270867508388,-5.69647165684749,-1.95033166412291,-0.663190456654394
0.637363036758571,4.41484948705745,7.48735742283948,43.3865485009546,53.029024870223,-31.9323660047762,-48.7131324644783,-22.8636045315919,-5.83705781730869,-1.99355093452911,-0.652261475334816
0.611033932388986,4.48489492104924,7.64831175865303,44.2375183023886,52.5600668468766,-31.6367833255176,-48.9550612900737,-23.4165159123009,-5.97714720707253,-2.03627343176871,-0.654248562846506
0.631401730076431,4.54748871305006,7.83360795363004,45.1058751063338,52.0459020634481,-31.3253037631357,-49.174138522753,-23.9664466404965,-6.1033270120185,-2.05366049458045,-0.654248562846506
0.690518020972988,4.62349546049321,8.0054912872146,45.9826770248559,51.5019306244173,-30.9586818863892,-49.3549641752221,-24.53426129657,-6.21311337782691,-2.06955723772663,-0.668654947307951
0.732743943044445,4.70397319308937,8.2056906610284,46.8564983095341,50.8943716549629,-30.6218666667866,-49.5159188769741,-25.133869601284,-6.34426089185794,-2.10532490983325,-0.706409610038927
0.770498885134463,4.78147026893573,8.38800621962884,47.7551581716292,50.2460769228541,-30.2716384520197,-49.6137833099269,-25.7627876754978,-6.47143423889405,-2.11675069398223,-0.736215922717984
0.759073047392316,4.8435672848076,8.58621850243941,48.6314633074165,49.5600270926658,-29.9432684526018,-49.6550155329384,-26.3827637885079,-6.63089769373096,-2.15152481968136,-0.705416066271049
0.722808431966953,4.86641898664053,8.7928759198354,49.5266457598717,48.8421834952682,-29.6491761086287,-49.6222284640372,-26.9833656501213,-6.81470292212226,-2.21113760655914,-0.680080700494026
0.647298547804721,4.87784483755519,9.00996556243999,50.3835767945652,48.0776428028,-29.3461417681451,-49.5809962410038,-27.5919159257196,-7.03824982168758,-2.27969231145212,-0.647790528423041
0.668659896587958,4.94143218173251,9.23897774785949,51.3120429367868,47.2688889035842,-29.007836218128,-49.5119446868058,-28.2421953654294,-7.18926817179069,-2.30949870489817,-0.632887372073221
0.714363247517477,5.01197439170886,9.47941570375871,52.2569025387537,46.4189024620191,-28.6660532252005,-49.3991770407699,-28.8984361159163,-7.3462477726137,-2.35222120217998,-0.6438163533928
0.783911825038055,5.08400692999463,9.71935688670005,53.229084574816,45.5122833720889,-28.311354014988,-49.2580932899186,-29.6018705641339,-7.50223383186275,-2.36762117213924,-0.673622666081323
0.782421498378554,5.13169743807452,9.94985938913582,54.182886056487,44.5833092867087,-27.9492031414165,-49.0598805554731,-30.3152405296695,-7.69895510413842,-2.42375654647088,-0.683061331769477
0.784408600591163,5.17342663264531,10.1927812073104,55.1550680835235,43.6359544269453,-27.6272912543434,-48.8204355984786,-31.0380492370674,-7.88772804221789,-2.46598227051889,-0.712867644466646
0.791363458337344,5.24843982759636,10.4118579387092,56.1158243595585,42.65630901932,-27.2959405931491,-48.5243584321867,-31.750425656754,-8.0779912932544,-2.51665313945431,-0.731744975846996
0.797324764977982,5.3160013806911,10.6786248424268,57.0696258288421,41.6374181772279,-26.9819771483073,-48.197978066524,-32.4811827817037,-8.28961569283228,-2.5693111012751,-0.741183641533846
0.837563584829567,5.3969758891431,10.9483723814557,58.0740979966647,40.5936884500026,-26.6451619342921,-47.853217072247,-33.2303206118558,-8.47193061003026,-2.5981239483322,-0.781918935549935
0.887737915746744,5.49384723362445,11.2116618759118,59.028893000422,39.5310811692137,-26.2909595046129,-47.4796432005636,-33.997839147456,-8.66318740351159,-2.63985289926031,-0.822654229553084
0.964241351014871,5.58972502586477,11.5002867739949,60.040816733157,38.4312155621571,-25.9223505252077,-47.0350306811739,-34.7718157709895,-8.83507013241671,-2.68207862341433,-0.856434717258814
0.911086366799905,5.64337684738142,11.7571182233592,60.9712699201286,37.2980658504965,-25.5939805319604,-46.5481923930197,-35.5289020221614,-9.06358474327438,-2.74715591593753,-0.83606707025738
0.933441266680995,5.72633846025344,12.0343173500816,61.9061940475581,36.1336191433225,-25.2387845489171,-46.0176380151247,-36.3311948705263,-9.28663487439235,-2.79882033138614,-0.840041245283505
0.953312288794591,5.78644837134472,12.3259228825212,62.8470794290129,34.9507916572088,-24.8970015614868,-45.4622449504937,-37.1185844497331,-9.50670438041585,-2.84651056101827,-0.835073526500369
0.922015428924785,5.83612598382572,12.6274638669466,63.7477263087691,33.7679641650772,-24.5924768943203,-44.8437616204058,-37.8925610860927,-9.74565118088674,-2.92003299845227,-0.808247845077363
0.923008980031031,5.92107470111741,12.931985486837,64.640424839311,32.5369492378156,-24.2487067975386,-44.1949750934165,-38.688892635444,-10.0009914209949,-2.99405220907361,-0.78042861989257
0.90810571342973,5.98068783600826,13.2742618256683,65.521697620216,31.3019600826335,-23.9203368065487,-43.522840202363,-39.4638628294818,-10.2672606212821,-3.04521985137399,-0.751615850947595
0.924002531131225,6.07308819507553,13.5842479431308,66.4039639404205,30.0386545951588,-23.5447729444665,-42.8204021145762,-40.2676460218564,-10.5151492987299,-3.10185199915897,-0.72727402891813
0.92300898002455,6.12276580748562,13.9061566028538,67.2410240432984,28.7768394331104,-23.1960350730678,-42.0802092244,-41.0490743072511,-10.7759540196588,-3.15749060049902,-0.682067788000646
0.925989633343229,6.19082413644816,14.2434652133409,68.0910002039441,27.5001209353273,-22.8612069747183,-41.3191518399004,-41.8483865239566,-11.0352684282645,-3.20021309797482,-0.665177544140083
0.917047673388773,6.28322449544174,14.564877099209,68.8878218028575,26.2412864240127,-22.5358176513139,-40.5258041653371,-42.650182623006,-11.3089891932178,-3.25138074031348,-0.656235650332538
0.98609947529118,6.3815861679064,14.9185792049051,69.6692434809862,24.9715227974112,-22.1885701142482,-39.7115919968828,-43.4440303125725,-11.578735791544,-3.32043221888869,-0.659713053478308
0.993054333027933,6.46653488497703,15.2683071289094,70.4263233494955,23.7067269391433,-21.8815615625735,-38.8705540501262,-44.1961488403011,-11.8807724986423,-3.391967563593,-0.638848634596053
1.00149951742148,6.56589010958665,15.6036286463677,71.1193196831118,22.4508730699411,-21.5690884577474,-37.9743742221152,-44.9482673711547,-12.1867833733169,-3.46847064055005,-0.610035865667395
1.07849972814269,6.67220019994572,15.9652791115379,71.7964193250516,21.1915417507023,-21.2590992410363,-37.0707427929438,-45.7157859538829,-12.4793814343043,-3.5141737774799,-0.60059719998628
1.11675144570347,6.77751673791926,16.3408392094332,72.4516610157976,19.9376749771643,-20.9406648061316,-36.1636339518143,-46.4544915446161,-12.7888697063251,-3.5936574939115,-0.594635937449481
1.16394512324412,6.87488485791823,16.7168960788034,73.082560898191,18.6773500867154,-20.6376304765826,-35.2287057863347,-47.2026358774604,-13.1097837098597,-3.67363798361463,-0.565823168527586
1.22256463843202,6.96380778377691,17.0899723120038,73.6647771657413,17.4627287324181,-20.3574479166876,-34.2689389388794,-47.9214704424957,-13.4411299027199,-3.76206361822043,-0.53402976835064
1.43866200321517,7.08303405313591,17.4302615521239,74.1888711597402,16.2679784776496,-20.0653426950245,-33.3255656287711,-48.6333501483017,-13.8569271505072,-3.87334082140019,-0.429707674142401
1.73175957783729,7.22213136719557,17.7337896185562,74.6195721000069,15.0985638769585,-19.722069382491,-32.3762310386738,-49.3169136370375,-14.3070015917717,-4.02137924364591,-0.188276542178061
2.14458005910814,7.42481602437082,17.9995629662507,74.9921507674287,13.9450461547546,-19.3008019902776,-31.4651480295063,-49.9711673564798,-14.7615469719307,-4.17339185181317,0.106805952225483
2.48536808588166,7.63693942774052,18.2663298584979,75.2812718132523,12.8193479752121,-18.8636377162267,-30.5545617984764,-50.6144920105114,-15.2454018369301,-4.33484315164165,0.445604371422521
2.86093040082905,7.90023077111267,18.5276322515507,75.5068060995164,11.7075595636153,-18.3623891347382,-29.6390078353182,-51.2518553570258,-15.7386953502249,-4.51566860753906,0.830105802947005
3.20917006072155,8.18339315896517,18.8028442772182,75.6891212601918,10.6151454743366,-17.8263661234882,-28.7477957892999,-51.8534508481513,-16.2617951191874,-4.71338435334182,1.22255558433667
3.55939682265919,8.51623315840808,19.0412951291537,75.8103335195439,9.55353159553237,-17.2386782445931,-27.8665192223383,-52.4287172238545,-16.7829078054232,-4.93444844116604,1.62096662820106
3.90266872701393,8.84211829181567,19.302100747798,75.8520623300903,8.52122759316299,-16.6872551302939,-26.9847458858316,-52.9746738290296,-17.3174333073372,-5.1664415404462,2.04123563456026
4.2901536550735,9.23208754392706,19.5579386396318,75.8739202784327,7.50680758115598,-16.0533669386993,-26.1064499704226,-53.5017529552053,-17.827617035591,-5.37806693722276,2.42524029402694
4.58225767788461,9.62801810920622,19.8242087557802,75.8128173773898,6.52318778083178,-15.434382075192,-25.23014115465,-53.9657415556428,-18.3551877467553,-5.62645355353671,2.83259323131304
4.78295499892833,10.0547487933758,20.1163110469657,75.7407855022107,5.53460019870589,-14.7831066704403,-24.3424065475058,-54.4540721719155,-18.7938364655289,-5.82118866070592,3.13612084655482
4.81971638940427,10.4626019845423,20.4819356827931,75.6478892217219,4.57184505198005,-14.1849864676902,-23.4482138869858,-54.8753380552483,-19.2503689388954,-6.01989795416663,3.33681668341896
4.74520005754239,10.836177622644,20.8882956717838,75.5420768808443,3.63343200726931,-13.6673442341818,-22.534150282018,-55.2797135621672,-19.6969659945726,-6.22705239279081,3.46995154542391
4.6751547054749,11.1898822160845,21.3224749250653,75.4387483975693,2.71588362130033,-13.2167669737731,-21.6180995867137,-55.6468308842534,-20.1326340914282,-6.39595529257615,3.5454608700902
4.56536730974999,11.5271931970065,21.7735444458192,75.3160458236239,1.84105811235663,-12.7820865969937,-20.7154617859758,-55.9841416586113,-20.5449539557644,-6.54846467570543,3.57526718244045
4.41981207445716,11.835691163087,22.2464719596589,75.1347242060627,1.02485236726093,-12.4070195295776,-19.8078562528163,-56.2871749025563,-20.9483319445765,-6.73376109265411,3.56781560435253
4.26630843045926,12.101963159283,22.7566574170436,74.9370091269243,0.208149841320371,-12.0553010088319,-18.9141603871943,-56.5618919258366,-21.3740646258546,-6.90018012679891,3.52509322330073
4.07803049796669,12.3771771251729,23.2862170037355,74.7323392458334,-0.559371696116814,-11.7363698080162,-18.0179806574197,-56.8033249701272,-21.7794297000172,-7.03579922044137,3.42375176122215
3.84852019513946,12.6146361061262,23.831176539144,74.5023340155495,-1.23896358383181,-11.5202715647411,-17.1451492953104,-57.0338289470147,-22.14256924577,-7.18433441821241,3.26726862105316
3.58771303207643,12.8108626699113,24.4183617432373,74.2504708362092,-1.84354204047427,-11.4283677139881,-16.2738082589234,-57.2235973072418,-22.5290570260516,-7.28418583890799,3.04223096236481
3.28766060101676,12.9812568757686,25.037837163907,73.986188367925,-2.33882940513446,-11.4233999382766,-15.4476736302918,-57.3597138800634,-22.9170351194145,-7.4242758917585,2.81570298789247
3.02884053990993,13.1188638582983,25.6429061771438,73.6960737780917,-2.72979345360428,-11.5018907945913,-14.6632679941117,-57.4933465738031,-23.2965681084717,-7.54350146885708,2.5717879978943
2.79485925643958,13.2211997368607,26.290200858408,73.380127066955,-3.02289229601387,-11.6598660623573,-13.9349977855427,-57.5688564974361,-23.7118686052399,-7.64335288974004,2.32986009530451
2.56485217701201,13.3140968693779,26.9444503530375,73.0457998074985,-3.22110659820621,-11.8744739736383,-13.1938114653015,-57.6249921643691,-24.1187239973113,-7.76059137402528,2.10382889270757
2.39495493925132,13.40053591232,27.577835397819,72.6603050766025,-3.32443635986636,-12.1556500793116,-12.5211799139636,-57.657779368091,-24.5221019933063,-7.8902491893338,1.82762373065327
2.25536100973779,13.4785297614042,28.2251300724898,72.2688490859637,-3.36616568673815,-12.4949491612358,-11.8619612548679,-57.6672181085547,-24.9448540568275,-7.96426840198394,1.5633410934743
2.16494785976341,13.5922914902139,28.8749086076063,71.898257500462,-2.91658187121633,-13.3210902711668,-11.2966328202172,-57.6458567485533,-25.3293547592726,-8.04722953299645,1.26925214346713
2.06261209639678,13.6216012806176,29.5038226920258,71.4228471136373,-2.45408183447084,-14.0856309606534,-10.7447172770784,-57.552959671473,-25.7749582877967,-8.17589380224163,1.02533715269017
1.9821344572507,13.6524013993125,30.1163432794228,70.9012369708407,-2.0253626804088,-14.745848358335,-10.2747693898623,-57.4228044083134,-26.2682518263335,-8.29313228694194,0.811725245967206
1.95431502636542,13.7184726216913,30.7288638642052,70.3383947859799,-1.69848295385259,-15.2346774929018,-9.85449887081047,-57.2683071306011,-26.7575711990001,-8.43073847455365,0.657229192501246
1.96623763958793,13.7835502918282,31.3200232262529,69.7099787531182,-1.44313921568259,-15.6191833360328,-9.43124771070921,-57.0944355961499,-27.2935870407881,-8.56188661009724,0.552907098516003
2.03628299227908,13.868499006278,31.9231051278169,69.0249307588202,-1.29311234993162,-15.8735334544756,-9.002532041743,-56.8619445162042,-27.824635175041,-8.71042180930633,0.513165348461991
2.13414777564959,13.9822607348435,32.5097935322563,68.2931862350486,-1.22107958318022,-16.0205796166082,-8.57828733622731,-56.6224985752032,-28.3209093446112,-8.84902154366305,0.457526898355707
2.20717378165534,14.1074483139193,33.0766110316696,67.4928872312609,-1.16196303670755,-16.1417933451309,-8.18384905218597,-56.3090330389921,-28.8405317499882,-9.0119631671228,0.354695120002369
2.30156113610752,14.2192229379485,33.6866477428308,66.6881172805197,-1.19425358733543,-16.1959421008449,-7.80332043082557,-55.9776835737117,-29.3765475972092,-9.16596287230875,0.212618363157677
2.37061293763568,14.3354685469376,34.2827748198797,65.7874704113459,-1.27423479741556,-16.1417933451332,-7.46104338218585,-55.5936758734129,-29.9110731333851,-9.37113022167146,0.0606061687147601
2.45109057663965,14.4487334990996,34.8774115769724,64.8128045747471,-1.80032237923263,-15.5883831215995,-7.07654057292861,-55.1604873688614,-30.4803726366942,-9.56189114708677,-0.0417288381005639
2.62496201900727,14.6385019716882,35.5008611402448,63.8545321948195,-2.33982296018733,-15.0319922340306,-6.6955151807787,-54.7213375561591,-31.0168852595319,-9.74917466028959,-0.142076757392443
2.83112387186376,14.8317478767851,36.1352396979558,62.8217440737186,-2.90813664958793,-14.4994466717943,-6.29710271089657,-54.2419489038306,-31.5697913248197,-9.94490331860542,-0.176354016961289
3.01741470310169,15.0274776623063,36.7626634373031,61.7526916208549,-3.39249490892386,-13.9947206549711,-5.90465152578874,-53.73176015334,-32.1515101073859,-10.1406319771158,-0.225534432833868
3.16744091900504,15.2251945521666,37.413932257123,60.6632715285918,-3.88033061385803,-13.5202980716415,-5.51965194625782,-53.1694099443655,-32.7203128468731,-10.3641799375716,-0.303527617582123
3.19774422755604,15.4005565172958,38.0468204901808,59.5117549799111,-4.30110132958245,-13.1064823529822,-5.15054912467128,-52.5817241717757,-33.3005413203602,-10.5892182182446,-0.464978477627356
3.21016361628159,15.56995716887,38.6792119485583,58.362722284892,-4.71143971467615,-12.6946537457846,-4.79436241822567,-51.9587673188199,-33.8941826105616,-10.8346242020546,-0.622951934647591
3.27722831548906,15.780590236943,39.3155775851279,57.1928251756595,-5.14065565269081,-12.1998632840554,-4.47990469918759,-51.3507137420902,-34.463482125758,-11.0611528029086,-0.772977041757464
3.3105122772383,16.0041394834301,39.9251175020974,55.965799326731,-5.55000048362071,-11.7244471486409,-4.1331566934668,-50.6775825375035,-35.0307945581417,-11.3005975083582,-0.826131632749135
3.41433836695139,16.2425920129171,40.5634702241914,54.7785151980557,-5.92655798629831,-11.2813215560642,-3.81273769152378,-49.9830899765431,-35.6030747020578,-11.5201712842906,-0.821163913966343
3.47097077943055,16.4661412590274,41.1998358537526,53.550992563131,-6.27231527137879,-10.8372024093188,-3.48635740634172,-49.2662425075543,-36.1733677636435,-11.7496805252899,-0.821163913966343
3.45805461518142,16.6906840571045,41.7974532226872,52.3130377176328,-6.5937304494348,-10.4288512483201,-3.21611254374874,-48.533498216191,-36.7347189493802,-11.9642865692777,-0.823151001479899
3.42328032686543,16.9167171831888,42.3806641862108,51.0835279826828,-6.86397752417174,-10.0299388620169,-2.94686122865831,-47.7749215861073,-37.3243860818319,-12.1918087178444,-0.862395979866944
3.45755783966395,17.1780214121193,42.9564235595348,49.8892890250306,-7.14664404195164,-9.64145880516664,-2.71288084258872,-47.0223062686073,-37.8569245553184,-12.4163502271156,-0.923002149014509
3.5017708633865,17.4517450433693,43.5351635656488,48.6617663627337,-7.35827134737853,-9.27980473751394,-2.49032625066265,-46.2249811336039,-38.37704375586,-12.6264853124106,-0.968705161811786
3.55939682708834,17.7274557791408,44.1302970634536,47.4257985722658,-7.58827942830503,-8.92113133531368,-2.24293297740695,-45.4117591775889,-38.9329304685927,-12.8445687702487,-0.965227758664719
3.62447442391072,17.9957148730173,44.7219531515953,46.1381665269218,-7.78202273653758,-8.57438059556234,-2.00597195063006,-44.5573048354108,-39.4778882209707,-13.0825231584744,-0.932440814697833
3.68706814301081,18.2565223250152,45.2897641564512,44.8609666772784,-7.96036593570956,-8.24849451392395,-1.78143026517081,-43.6616181073625,-40.0213556617631,-13.3328968784417,-0.904124817612638
3.68657136746264,18.5029232698311,45.8719815631583,43.5733346148907,-8.08356680879294,-7.97029907857572,-1.56583050563945,-42.7584797466181,-40.6070486366199,-13.5783028660881,-0.910086080158661
3.67762940759979,18.753795199327,46.4194248904725,42.2653349078174,-8.22216779111332,-7.68514875765792,-1.36463718172706,-41.8349735838987,-41.1604514998848,-13.850534610012,-0.982614774455579
3.67911973424227,19.0309962616002,46.9623972631298,40.9757157435563,-8.37020755005713,-7.40943721098197,-1.19821801269688,-40.9144480797843,-41.7128608226245,-14.1202824878227,-1.07849174712446
3.66123581450184,19.2769004296411,47.5421308007843,39.6547999575357,-8.48496320220555,-7.17048720395223,-1.01540531381042,-39.9770322040732,-42.2692443144998,-14.3969851917418,-1.19722022625883
3.68160361194985,19.5327401192248,48.1273288347047,38.2981166051004,-8.56295730349772,-6.9553825202045,-0.839050672325191,-39.0306743683722,-42.8057569692732,-14.6841201343319,-1.30551649595421
3.68110683640238,19.754799033962,48.6951398286303,36.9195752927109,-8.61859640764364,-6.75716827368248,-0.632889612786048,-38.0455680277705,-43.3517082737114,-15.0010614728678,-1.39394189046756
3.72035210458588,20.0101419466786,49.2187380664153,35.5450081450527,-8.66678384604674,-6.54752814356524,-0.449083367044877,-37.0674165529199,-43.9026272890519,-15.3219769978218,-1.50074784451385
3.80182329442345,20.2967817532921,49.7428330746734,34.21962138019,-8.70652606332148,-6.3140426907316,-0.328367373485746,-36.0818134472071,-44.3984047279311,-15.6170603139017,-1.65226326766231
3.85398472687035,20.5705053811665,50.2336443230522,32.8902604336318,-8.72391328338285,-6.10440256111485,-0.189270755432802,-35.1111136192182,-44.8872273736957,-15.9136339502919,-1.81669475967616
3.84255888926838,20.8223708606843,50.7502877408758,31.5335770365445,-8.75868772351811,-5.9379820790645,-0.0496773638792951,-34.1021620644674,-45.4192690967096,-16.2350462505553,-1.96473277977171
3.95135273408622,21.1283849337807,51.2465634842261,30.2350159161616,-8.78253305387999,-5.72734839445348,0.0457031740838965,-33.1091073379486,-45.8956724707836,-16.5390714867483,-2.16294475999039
4.04921751685796,21.4408570957551,51.7155167381642,28.9384418739268,-8.76067483438215,-5.52466315098991,0.155490147428141,-32.1081042053768,-46.3775403266914,-16.8535289623849,-2.31545372724315
4.2633277769173,21.7801551658213,52.167082952801,27.6860805042632,-8.75471350178605,-5.33042312632034,0.232490060941628,-31.1279656578136,-46.7923440999113,-17.132218762947,-2.5091947608789
4.3631796619732,22.0956079837541,52.5893395875753,26.3696355777853,-8.72242295024912,-5.16151875688654,0.343767355016287,-30.1006334211182,-47.2761990422448,-17.4735019959515,-2.65276183449889
4.46650897560373,22.417518890263,52.9639060607318,25.1401256874314,-8.70751961876851,-4.97721428343509,0.425238231068595,-29.0862173577406,-47.7039188636187,-17.796901391672,-2.82365136165529
4.55692212508357,22.7568169595916,53.3364854429831,23.892732008557,-8.67920328896061,-4.78347103654125,0.494289766150866,-28.0762722819471,-48.1321354569621,-18.1019201771735,-3.00050215133547
4.5723221670124,23.060347149965,53.6896906969388,22.6508028107221,-8.63896429399744,-4.62797966159744,0.561850980334847,-27.065830435433,-48.5429650663693,-18.4322743998853,-3.16940459094106
4.5852383312309,23.3753031900236,54.0324637269661,21.391486595244,-8.58630585612543,-4.50726271559988,0.633883157179903,-26.0360143417302,-48.9637300969567,-18.8023704848269,-3.32390064602307
4.77898079366593,23.762291762035,54.3285401413506,20.2484149493155,-8.53166030741205,-4.32593890828811,0.636367025349754,-25.0613403575084,-49.2990505164808,-19.0929828467335,-3.55042862417041
4.9215553755478,24.1189769928055,54.5789134844652,19.0968981755454,-8.43727254147133,-4.15504742941606,0.667663764234341,-24.1139890448162,-49.6140033266259,-19.3925371285457,-3.73721485173964
4.94440705065569,24.4438685531547,54.8118997895212,17.8996784000606,-8.35679455161397,-4.01594971417909,0.719824995721469,-23.1323602114451,-49.953794687044,-19.7551816162031,-3.83954985949936
4.96080064367188,24.7846569477469,55.0319700092033,16.7248133436136,-8.2942005595478,-3.90914254000474,0.763541075420744,-22.1561959169025,-50.2558314522427,-20.087522935167,-3.9851040210328
4.92453602898614,25.1115356110091,55.223724195812,15.5673352930999,-8.21074190338906,-3.79289659249024,0.802786192505461,-21.2063607379314,-50.5504166522007,-20.449670650235,-4.10482604490572
4.96328452158848,25.4761692568125,55.3722591743146,14.4694698358965,-8.14417368961597,-3.65826987535326,0.831599063181743,-20.2664610804636,-50.7843957918403,-20.7765474645038,-4.2180900341882
4.95384578622624,25.8293770520484,55.5272521953321,13.3338497251,-8.02941803758728,-3.54550137073299,0.86786353838039,-19.3052000711232,-51.025329725525,-21.130250035931,-4.33781205805946
4.9762006857732,26.1890429358292,55.6390260084527,12.2389648871442,-7.94496582611768,-3.44664263766509,0.881276426459506,-18.3782165906084,-51.2240381246846,-21.5122686848575,-4.48634685119003
5.0189233826881,26.5745411753628,55.7428514614878,11.1584864226756,-7.85653939302631,-3.33933868621553,0.906115108081737,-17.4631557314537,-51.4187723560931,-21.8803776828856,-4.64581062578373
5.15851731093746,26.9759362488293,55.7736513566092,10.155504339002,-7.7502289622733,-3.19875063876253,0.894689314532236,-16.6310564198407,-51.5081911358941,-22.1958287142002,-4.83657102911946
5.02240081184281,27.315731087415,55.817864109332,9.04124538816863,-7.64242819843111,-3.15900843460346,0.946850546020788,-15.7239439796496,-51.7103769323647,-22.6319956523359,-4.91853838998637
5.12076236960776,27.7742554083421,55.8228318343573,8.0491922734043,-7.56542765286206,-3.05120770582533,0.918534448937052,-14.8992963098677,-51.7913506051917,-22.9966272391231,-5.10731170607314
5.15354955559616,28.1667085105622,55.8064383417794,7.05564883698379,-7.45862044460082,-2.99755573016391,0.924495732526062,-14.0662034578602,-51.8708339652043,-23.3672201065254,-5.27671091859029
5.14311726913254,28.528361495467,55.7716642666195,6.07502146015953,-7.35231001408013,-2.92900042792135,0.959269886757325,-13.2619236006382,-51.9567753482584,-23.779045157372,-5.42971665899743
5.0984074701336,28.9069048659226,55.7070838413134,5.08545218967413,-7.21967036483008,-2.89820021969998,1.00596660824153,-12.4223726709662,-52.0134072421812,-24.1784508761176,-5.57427727756902
5.17689800624924,29.3356226195308,55.5809036255427,4.19275340018978,-7.10342438011574,-2.8211996991681,0.98112792662676,-11.6876414168939,-51.9930396311886,-24.552521158572,-5.80875360739903
5.1962722525153,29.7479467621338,55.4522395472953,3.29210625857,-7.00208172692347,-2.77748327461214,0.987089210214143,-10.9504262878373,-51.9647236841894,-24.9305656280029,-5.99206243310733
5.21912392758739,30.1721935297529,55.2843304410925,2.41828478629943,-6.86546785618332,-2.72482485414936,0.988579531111212,-10.2166885914293,-51.9080917902235,-25.298674632756,-6.16742290873477
5.29165315706888,30.6009112811741,55.0712150368258,1.57476638579167,-6.74177020605391,-2.67614065411298,0.963740849488982,-9.51325421468411,-51.798802170317,-25.6533707593189,-6.37209292576676
5.21713682535876,30.9993256915513,54.8451835471684,0.695480416552828,-6.61558866748198,-2.67763098676717,0.997024682852324,-8.7775294205224,-51.725776833449,-26.0781119203126,-6.53354378876052
5.2543949912419,31.4240692330576,54.5580490387192,-0.125683263859913,-6.4864264627215,-2.66123732757074,1.00050209827958,-8.10092093605301,-51.5832035566053,-26.4586402598021,-6.74218798090665
5.19825935478639,31.8095674636337,54.2391210892146,-0.957775924516707,-6.32845115080401,-2.65626955206269,1.02484400630159,-7.40791885536257,-51.4525527840502,-26.8645040372979,-6.8842647405142
5.25985952228639,32.2675950001869,53.884922291262,-1.71535282812106,-6.21419227748113,-2.59268202550826,1.00795370279432,-6.76459434614891,-51.2632830335506,-27.2738452293296,-7.08496058277667
5.44118259592453,32.801132498255,53.4646527488381,-2.41282035352698,-6.08900429460128,-2.51915894795863,0.919527996190213,-6.17045063133051,-51.0084395114893,-27.6086704282948,-7.32291431672561
5.54947966447521,33.2964182377881,53.0101059024066,-3.13959741438402,-5.96828731121632,-2.44613264797891,0.8648828965691,-5.59518439414941,-50.7834022497635,-28.0150309819507,-7.49678447729523
5.60958950526038,33.7658716209131,52.540655879006,-3.88674211934294,-5.82322822012636,-2.41731955003697,0.83954744128711,-4.99110516906526,-50.5474360263928,-28.4253657229117,-7.60756460823801
5.75415118847104,34.2899703703443,52.0140770160337,-4.5861967395948,-5.69307246040639,-2.34528680520376,0.79583136160096,-4.43173575707857,-50.2786829174392,-28.8411649709978,-7.73622852711597
5.89275156509788,34.8259917440922,51.461169208119,-5.27372884034518,-5.55447147977167,-2.29660260525608,0.746650771933233,-3.8907470468775,-50.0193684576865,-29.2544803536048,-7.85495700827087
5.84754499058239,35.3128322869069,50.880938910076,-6.00249299972374,-5.40643172278992,-2.26927983997282,0.756089470953674,-3.31498404150604,-49.7724732731423,-29.7298923996044,-7.92102766935957
5.96776467229981,35.8801505507237,50.2664313068584,-6.62395446253771,-5.28174051813175,-2.18929865432877,0.696476635035912,-2.80727930457352,-49.4530495239184,-30.1446981043915,-8.04323355383467
6.13368770370202,36.4891980019292,49.6216205768251,-7.19176457725753,-5.16996553391522,-2.08894958918866,0.64580572445879,-2.34329082746988,-49.0928905539332,-30.5321812780901,-8.19474897984881
6.3115333479756,37.1007293319345,48.9554486260302,-7.75709083472288,-5.06365510458409,-2.01492973424048,0.579238057545855,-1.89470239710835,-48.7198155389972,-30.9310902383386,-8.35272244049701
6.57085018049057,37.7604479377157,48.2425800556578,-8.27969472218426,-4.95386723126613,-1.91358711414261,0.495780087044553,-1.48088826467371,-48.2881215479755,-31.2713799498787,-8.51218621696192
6.68709565715558,38.3580695347529,47.5307050273729,-8.84452421057522,-4.83662769245316,-1.85695447348093,0.490315577071776,-1.05266763874005,-47.9016337177202,-31.6891662972775,-8.59216649115128
6.78048945902106,38.9462523858289,46.7686559706888,-9.38600542845296,-4.71442037668089,-1.82416715519497,0.468954310811641,-0.604575987450243,-47.5126620330119,-32.1054623261959,-8.67463062474666
6.91511563084197,39.5890806015498,45.9763037859702,-9.87880301527616,-4.61407128003461,-1.75312796558937,0.44113498732412,-0.195729614741915,-47.0804712733564,-32.5177841696496,-8.78342366847422
6.97870290017232,40.2030958045151,45.1615968343902,-10.3656393422944,-4.47944452182443,-1.74070852684687,0.409838248393397,0.197219935863385,-46.6487772853497,-32.9281189208017,-8.92500365696586
7.09991613215796,40.8181045579839,44.3175802993446,-10.8062758963388,-4.35972109487932,-1.69401143719393,0.37705118854107,0.550427432702688,-46.1534966121643,-33.3439181793653,-9.11775115022777
7.462065501567,41.5349524007394,43.4402800001541,-11.1281839998526,-4.26086233159775,-1.60806892114211,0.270244857234549,0.826634700981504,-45.5976098800599,-33.6747692030366,-9.34030495690249
7.70747261867845,42.2026194123189,42.5038637641407,-11.4863564425544,-4.14312601556083,-1.56683638454774,0.226528777437414,1.13264850858667,-45.0556327373545,-34.0602652916588,-9.53802016925899
7.83315683036661,42.7927893586602,41.591789377696,-11.9145737052459,-4.0179380339783,-1.5593847213115,0.206161058440188,1.49628829228665,-44.5747584263462,-34.5083548182101,-9.67661952673533
7.87985373117063,43.3541462930792,40.6479215436656,-12.3502425456616,-3.88281449844586,-1.55888794376228,0.219077172934874,1.8400570491582,-44.088916406863,-34.9589282122356,-9.83061881294825
7.88680858871123,43.9060644804342,39.6722602610115,-12.7769694944713,-3.71838107844718,-1.59713981502346,0.243915854671701,2.17041286281841,-43.5995969923712,-35.4452692854878,-9.97865683659946
8.00901537129879,44.4872924535304,38.6712635735576,-13.1391161142863,-3.58822532005953,-1.5867074864951,0.221064267495035,2.47394279031334,-43.0298006806463,-35.8839201219344,-10.1694172428458
8.15457060437307,45.0690172019217,37.6732475155838,-13.4704628852343,-3.45061789628062,-1.57379127021293,0.207154605730768,2.74915650448019,-42.4431141567063,-36.3493967192749,-10.3701130868529
8.35278404424368,45.6477612920116,36.651386368449,-13.7734936655183,-3.30307491846017,-1.55839116620028,0.155490147712524,2.99704755736302,-41.8440083607485,-36.7736411318361,-10.5916733504508
8.63296544783668,46.238924781899,35.600215635011,-14.0457245964919,-3.19030637999071,-1.50473919090653,0.100348274227404,3.23798375069486,-41.2026770335644,-37.1949049053859,-10.7958465980055
8.87688223668006,46.8131978850563,34.5420900794519,-14.3273941914548,-3.08151206317902,-1.48536486650272,0.05216123160993,3.48388770038866,-40.5697908153505,-37.6022590269628,-10.9582910067985
9.02392779535242,47.3387869345108,33.4934031965634,-14.6264507985168,-2.95284663833121,-1.46996476250281,0.0298064180013051,3.75463043256083,-39.9369045996864,-38.0488582411635,-11.1142773810578
9.23704450039711,47.8340726448676,32.4427292159011,-14.9011655890899,-2.84057487769072,-1.42823544843121,-0.0198709455320401,3.99109564421925,-39.301037760155,-38.4904897239028,-11.271754071084
9.4993419836596,48.3566810366472,31.3716875543587,-15.1162677674901,-2.72184500699103,-1.37309314055488,-0.0819676499326107,4.16148969352387,-38.5846940252221,-38.8913857952984,-11.4570499871215
9.8118137964087,48.8494828658085,30.2986587958426,-15.2911314324955,-2.60708935804389,-1.33831871213526,-0.153006279766866,4.36715481394034,-37.8604019570518,-39.3051979741065,-11.6140299053681
10.1322340167554,49.319432995734,29.2320880736125,-15.4664918693276,-2.49084337613881,-1.2792021838482,-0.216096531444738,4.5658650750851,-37.1177293663659,-39.7125521006721,-11.7337519316585
10.5058092184273,49.7913702287051,28.1590593016025,-15.6259556093889,-2.36615217328444,-1.20319521899261,-0.288625482239077,4.72682038659174,-36.3815148013797,-40.1089772145543,-11.90414469123
10.893790910714,50.248404180182,27.0830498877949,-15.7725032834812,-2.26232563394583,-1.13463991730355,-0.370096358500516,4.8887692490599,-35.6299003385202,-40.47410561039,-12.062614925295
11.2236498648738,50.6378765902023,26.0214468716379,-15.919050957592,-2.14906031837517,-1.08943316042024,-0.43467693122968,5.05618264370366,-34.8748084822648,-40.8894081128859,-12.2136335810964
11.5505281651712,50.9975424375844,24.9737534818773,-16.0516890220441,-2.0526854445906,-1.04124573826786,-0.476902690317787,5.20819599300858,-34.1082908969827,-41.3186202696146,-12.3721038154102
11.8466063823002,51.3060403533687,23.9200988143261,-16.1803529124466,-1.92700068663353,-1.00994875272549,-0.512670392137015,5.36865452819917,-33.342766856338,-41.7513098405134,-12.5236192432428
12.1953428052205,51.5822478266443,22.8733989575376,-16.3194490103078,-1.79982559570242,-0.982129210041016,-0.546450999419958,5.50328072939601,-32.5881717795064,-42.1904574656824,-12.6572508828834
12.5982277602409,51.8683908202524,21.8296797288229,-16.4173130505552,-1.66619239469652,-0.94586444906149,-0.579734833063204,5.64933277045155,-31.8017833648068,-42.6087406122701,-12.8003211886243
13.0050869192815,52.1361531003267,20.7983798093843,-16.4958029915289,-1.55292707936963,-0.914070686019167,-0.633883159473539,5.79389448457787,-31.0248336011529,-43.0280173061248,-12.951339844771
13.4576494266653,52.4098766926982,19.7536670226822,-16.5509446589421,-1.4575457612633,-0.8355798334857,-0.696476637739261,5.89275283878523,-30.2165872710205,-43.4080489072621,-13.1286874114752
13.9266055248498,52.6229936091222,18.7491928115033,-16.6100605006073,-1.37309355260896,-0.762056756491377,-0.769005588757465,5.98813376341222,-29.4292053239927,-43.7885772825784,-13.2995769434787
14.3707228452579,52.7660651053285,17.7298154154619,-16.6806020931977,-1.27572512382674,-0.730759771032511,-0.832095840711062,6.09494052802723,-28.6462943186055,-44.2212668591748,-13.3939636036526
14.8396789417657,52.8828074720069,16.7263347373899,-16.7407114784812,-1.16395014188509,-0.667669022549545,-0.86587644804845,6.18634724735154,-27.8643768573882,-44.6241500364906,-13.5102082272106
15.3950739784544,53.0184273276203,15.7377572317646,-16.7958531459727,-1.04969127156179,-0.59166205787158,-0.88872803537678,6.27377976148785,-27.0794787740905,-45.014117107948,-13.6095626063787
15.9579206468294,53.1113244448054,14.7551409924279,-16.8440400085614,-0.927980735741992,-0.522113201327237,-0.958773118315637,6.36220582687592,-26.3065031963325,-45.410542234005,-13.7099105294145
16.647941847605,53.2191248428071,13.7899117888588,-16.8211885067294,-0.847999526542377,-0.384505820934244,-1.03577303219301,6.39996077613984,-25.4888182380482,-45.7553029328341,-13.8495034323525
17.2828209643035,53.2777444140748,12.8152439002269,-16.8107562993556,-0.763050540470433,-0.288130976883583,-1.09290200053491,6.45609642433368,-24.6840493265695,-46.1164571529567,-13.9707157750652
17.9142226504719,53.3060606476364,11.8852855423594,-16.8425496932467,-0.684062886762225,-0.191259355357368,-1.15003096887056,6.51024496988812,-23.8981577138733,-46.4661855870139,-14.0968958368586
18.5754308670583,53.2658217894067,10.9801658118257,-16.8619237926494,-0.579739570578638,-0.0889231808505403,-1.19275350174848,6.56737416933214,-23.1087887075591,-46.8208817550779,-14.2389725994802
19.306187654083,53.219124842829,10.1123040232136,-16.8738463153537,-0.471938810555569,-0.018380769298753,-1.23249539282268,6.61804528536399,-22.3293551233948,-47.1745843766774,-14.3567075392122
19.9758410505944,53.1033760283101,9.23947450444813,-16.8822914356061,-0.388976935340698,0.0303034302088119,-1.23795990284263,6.67467770913967,-21.5638311277511,-47.5253063589632,-14.4997778457109
20.6623848126424,52.9776916931455,8.4237738343094,-16.8480141828368,-0.292105284724483,0.107800727360094,-1.26379213205215,6.72485204952351,-20.7774427567103,-47.8213832738585,-14.7049446394847
21.3767480024942,52.7988523226892,7.60956347796449,-16.8172143325032,-0.192252968048952,0.157478481954516,-1.30005660764597,6.76111667174497,-19.9796286569678,-48.1288859763035,-14.932466168752
22.1104854341447,52.5549352924598,6.82615302160181,-16.781446764383,-0.112768536902747,0.208646569151339,-1.34426946147145,6.80433615301929,-19.1912532081667,-48.4006209979741,-15.1957552748987
22.8968810675335,52.2648180911048,6.07105860265469,-16.7327631300156,-0.0342776611322948,0.260808211427504,-1.34874042422139,6.83563301876246,-18.3929423440313,-48.6375818857689,-15.4386767333295
23.6291281674553,51.9081329014436,5.36166726394336,-16.7049439104299,0.0740198762830149,0.269253429693108,-1.35519848152916,6.88531058347162,-17.6303989896307,-48.9257104287676,-15.6825917358736
24.4463238775268,51.5062410922376,4.67165005489454,-16.6716602012267,0.154001085063621,0.299060082414029,-1.35668880244483,6.91114291709925,-16.8703394918674,-49.178071291153,-15.9404163514702
25.3161777880084,51.0437426066509,3.99752956787372,-16.5792606503735,0.243421070019163,0.321415071941552,-1.38599844713889,6.92107843002863,-16.0784866592243,-49.3842322320324,-16.2046990020429
26.2699867557154,50.5529278861568,3.32390585100276,-16.4938159044341,0.337312054121603,0.336815175834472,-1.40537261905847,6.90468483368362,-15.33034966876,-49.5824447995893,-16.4262592693709
27.1915053121075,49.9900806401141,2.67959171797313,-16.4019131254424,0.427725594340484,0.363144385726797,-1.41381777092293,6.91462034661555,-14.5613483037858,-49.7886057409539,-16.6935225517404
28.1636949673235,49.4023945906096,2.0745226226069,-16.2990813673221,0.539997353068281,0.400402701609853,-1.43865645285245,6.89723319898268,-13.8097339225019,-49.9604893211759,-16.9816502540898
29.1825815153773,48.7521147592761,1.47789866037427,-16.2136366215494,0.632398003990465,0.417789915679989,-1.4490886992744,6.90021385286279,-13.0874290277009,-50.0951148998655,-17.2359974673991
30.2571069160002,48.0635831708648,0.929461643991487,-16.1157725812946,0.714366323278992,0.429215799222182,-1.46647577663956,6.90816226320365,-12.3681047607425,-50.2441469061769,-17.5072349256065
31.323187128233,47.3109674716915,0.403876168322197,-16.0020118442349,0.797328197952834,0.447099790838104,-1.46200481388827,6.89872352592207,-11.6453031004912,-50.3961595526355,-17.7725111213369
32.3753576224139,46.5394742808602,-0.116741582416841,-15.9026574887583,0.902148291067389,0.449086901017815,-1.47293383394831,6.87090408970841,-10.9458496749899,-50.5213464380167,-18.0670968594734
33.5094960680271,45.7332067647924,-0.613514246426116,-15.7923741543609,0.987594054121191,0.451074011197526,-1.50621766780164,6.84407820478123,-10.2463962522318,-50.6167269222357,-18.3318762837003
34.6699636095646,44.8901778185236,-1.09091277844443,-15.6572522310119,1.08645281484537,0.461506339641116,-1.55788212628705,6.82619428150423,-9.54396220599772,-50.678823591674,-18.6309329692819
35.829934369953,43.9984648168495,-1.54993072321776,-15.5305754281307,1.18332446476535,0.460512784551446,-1.57874661914891,6.7899296592874,-8.87282472921522,-50.7404234877218,-18.9200542171069
36.9392340262976,43.0545903267226,-1.95778108412818,-15.409859886537,1.27771222611984,0.442132015387789,-1.58570145009944,6.78893610799332,-8.18579058518533,-50.7955653302136,-19.2330205163831
38.1131144903839,42.051599482858,-2.33781217652327,-15.305537813609,1.36911932131275,0.450080456104334,-1.61600464211598,6.76260699871261,-7.53303363564039,-50.8258685049272,-19.5315804308748
39.3098466220415,41.0138343110926,-2.71287554300051,-15.202706056028,1.46698452641845,0.426731911491041,-1.63289494584744,6.7556521396551,-6.87381866602505,-50.8690877869185,-19.8400757837672
40.4941593610278,39.9576884213608,-3.0516745052068,-15.0700679921068,1.57329495222341,0.397422036336972,-1.65674008054866,6.71342620964422,-6.22801651240475,-50.9098232020718,-20.1684420130478
41.6894011553682,38.8603101137145,-3.3869960594029,-14.9384234717221,1.669669824172,0.416299583046957,-1.69350132988975,6.65083247812188,-5.56184675491492,-50.9038619217955,-20.4893566641085
42.8578170694533,37.7475317437089,-3.72480147781227,-14.8062821797214,1.75859303077801,0.399409146521158,-1.74317869385469,6.61506463153951,-4.94088314995407,-50.8745522937833,-20.7933810706696
44.0361684884513,36.5815983304518,-4.03180699109202,-14.651786157955,1.8504969034388,0.403383366880087,-1.80130120973895,6.59420005435313,-4.30153902441405,-50.8452426657783,-21.0954183899102
45.2150166760059,35.36946473793,-4.34477377699575,-14.5171610073462,1.94488466453008,0.399409146520501,-1.82812698632182,6.55644510513362,-3.68753021588488,-50.7901008232774,-21.40987500702
46.3317679258622,34.1280213514277,-4.5996181602314,-14.4053873582205,2.02784653873297,0.384009042625991,-1.83061085452193,6.52912244453974,-3.11226953709443,-50.7478750880359,-21.7268154838917
47.444048191245,32.8806166463409,-4.82167554713047,-14.2995749705583,2.11180196828654,0.368608938730844,-1.85346244196954,6.49087071966234,-2.55439584093741,-50.6832945518622,-22.0730655037553
48.5737155941235,31.5989343852822,-5.03429425323373,-14.1868077780533,2.19675095312724,0.362647608188262,-1.88426240763959,6.46553516164609,-1.97118683171807,-50.5968559880316,-22.4088833137062
49.6800345445064,30.3122843565174,-5.2444290962701,-14.0626148348145,2.29511293553433,0.338305508485544,-1.88773982312013,6.43225119325904,-1.41380990973933,-50.4950174502628,-22.74768175553
50.7505856579208,28.9938406515756,-5.45704780312669,-13.9299767714842,2.37111992191262,0.323898959670284,-1.93095912979857,6.39201236580604,-0.848981426106342,-50.3499596306578,-23.0646222336354
51.7853689343518,27.6282032122828,-5.67165360092526,-13.8117450897931,2.44464301980457,0.319427961762284,-1.97666230473002,6.36021872432551,-0.27769492277054,-50.1934760241718,-23.399446500855
52.6845325093653,26.2297785426232,-5.85396917469991,-13.7272938885019,2.51468867386953,0.275711537779731,-1.97964294657175,6.33488316627104,0.238450012223714,-50.0280504972968,-23.7268191897231
53.544450821111,24.8035344051226,-5.99207198007732,-13.6284363059702,2.6070893238933,0.260311433878219,-2.00497840224616,6.2896765823019,0.764530363454076,-49.854179823633,-24.0735659834398
54.2632849028018,23.3236384407789,-6.13464573978317,-13.5569011709017,2.68607697627746,0.204175571247437,-1.99305583487013,6.25490228694146,1.25136581459792,-49.6678898162469,-24.4163386021877
54.7883765563618,21.8233746476781,-6.25983245578845,-13.4938111559894,2.761587184832,0.178839916439629,-1.99752679763779,6.24397322268002,1.71435626310185,-49.4547740481748,-24.7789820977877
55.2409389933259,20.3032398016057,-6.42972871344196,-13.3790568768825,2.85696850085856,0.139097712795307,-2.03130740519305,6.18883112572806,2.22304963040815,-49.2048970522512,-25.1585158387671
55.5996108688006,18.7369047697552,-6.60260560730287,-13.2980830782585,2.95682081602586,0.103826507062794,-2.04919125625905,6.16995365108548,2.72180757907991,-48.9719103506027,-25.4918497922682
55.8629018572377,17.1680858471435,-6.78690827296415,-13.2116447901688,3.02090513768618,0.0819682950606762,-2.08346863746935,6.12822449663375,3.17386906532816,-48.6971946878601,-25.8217063424667
56.0044828601122,15.5828733037993,-6.95034648604545,-13.1252065021382,3.07902812706463,0.0521616423298992,-2.13811373796522,6.08649534215748,3.61450482080555,-48.3966468114731,-26.1759047169836
56.0809862790837,13.9936865412778,-7.10086860959497,-13.060626172002,3.14509955943501,0.0253356548577834,-2.1634491936521,6.03632100163635,4.04371484535987,-48.0990795756106,-26.5087418992868
56.1107928058886,12.4179127241375,-7.24990041524732,-13.0084651361881,3.22955176614198,-0.00596133052149894,-2.18828787572828,6.02489516171657,4.45255726353951,-47.8099574872156,-26.859462871071
56.1078121532043,10.8585325076686,-7.40837090197394,-12.9379235447996,3.30406841913526,-0.00844521825016709,-2.24442329717209,5.98515310979985,4.87034155647402,-47.4676806511639,-27.2250870006676
56.0437281205383,9.27779090857354,-7.57180911557182,-12.8966914879108,3.36914629604823,-0.0293098751647287,-2.28416518849723,5.97124339163433,5.26924855593557,-47.1189457622043,-27.5817692362034
56.0263409798849,7.76808828445513,-7.7307763752188,-12.8172080048069,3.4287596183973,0.00397422039323825,-2.3249006270643,5.9315013397176,5.67113617978439,-46.7240109529361,-27.957328804969
56.0462119977903,6.25888242647775,-7.87831786314686,-12.7655437407776,3.49433427296511,0.00149033266554532,-2.36911348115929,5.87586246701853,6.06159807344525,-46.3464632115094,-28.2876821295943
56.0412442433102,4.78246378374301,-7.98909817243309,-12.7412019240835,3.55643148367729,0.0134129937657415,-2.39097152137557,5.86791405663416,6.42076340227428,-45.9505348572903,-28.6051193847209
56.0546571803874,3.33634847564307,-8.10136879986689,-12.6910279754104,3.59965114232764,0.0442132015913632,-2.43121018633842,5.83810751768747,6.77744487600246,-45.4944969297556,-28.9558403586228
56.0114377164275,1.91954295049005,-8.2171168362169,-12.6602281257232,3.66770968526315,0.0536519749583522,-2.45505532113155,5.81028808133651,7.11723614037856,-45.0568396167701,-29.3204709463721
55.9995151056883,0.536021418254308,-8.32988423645118,-12.6393637114279,3.72781978521328,0.0546455300499742,-2.4789004559449,5.77899121542047,7.41976959042401,-44.6092468382712,-29.6711919210532
55.9592762944386,-0.818190330301287,-8.42029686577191,-12.5881962192399,3.79091055125954,0.0680585237897748,-2.53851329299456,5.76309439463426,7.73323199847748,-44.1184347805254,-30.0641385090449
55.8579341031651,-2.15700202595136,-8.50425145021006,-12.5484544777603,3.81127843635356,0.082465072620221,-2.580739052602,5.72384911833688,8.02632680111716,-43.6132162970073,-30.4352271331934
55.8057726811356,-3.42030375489613,-8.61056080578733,-12.4669839077395,3.86791109244422,0.11624594570812,-2.62743577499715,5.69901033584762,8.33482149944229,-43.0752107754107,-30.8073093016465
55.7188369776586,-4.65677957978493,-8.71537984331609,-12.3944552295667,3.91361463946363,0.145555820892475,-2.66220992997798,5.65479730304107,8.62443890512121,-42.5148504551602,-31.1510754708458
55.5921592382684,-5.89673284381882,-8.78492801988895,-12.3542167163679,3.97024729553196,0.146549375983049,-2.71834535156761,5.62399721274966,8.88126943438559,-41.9688965632744,-31.4908674651427
55.4972751276359,-7.05273094457723,-8.88080514910884,-12.2762235488117,4.01098306568638,0.173375363428551,-2.76951303677817,5.59965520589369,9.18330611036139,-41.3568718202935,-31.8723883011133
55.375565142583,-8.1913418857291,-8.95979200685286,-12.1997206965407,4.04873816970589,0.22255634040435,-2.8390613467322,5.53358404444776,9.46795580631278,-40.7433567591025,-32.2906702598898
55.1897711246868,-9.29120429227527,-9.03977241004417,-12.1257017031874,4.08947393984325,0.246898440109583,-2.88675161643323,5.49135811419496,9.72677341774855,-40.1358029803147,-32.692558745688
54.9726802529237,-10.3776537483124,-9.11031413216302,-12.0511859380148,4.1351774867951,0.264285654196966,-2.94984186905768,5.45161606219588,9.96969436205935,-39.4959589368528,-33.1083568456747
54.6780924108702,-11.4253546684687,-9.20072676197769,-11.9602767045582,4.17889392300992,0.303531080283161,-3.00200310157099,5.40491915105276,10.2404344736523,-38.825811723204,-33.5167033674234
54.3874787722502,-12.407481139598,-9.27971361986322,-11.8619158947068,4.21416513858754,0.377054156946147,-3.06111916517178,5.34729317559366,10.5121681261865,-38.12734843326,-33.9588303807491
54.0029745724164,-13.3722204497331,-9.36962947703896,-11.7898839884797,4.27328168301221,0.422757691109725,-3.08446752640863,5.32444149568776,10.7466439652705,-37.4422980243961,-34.3691639912125
53.5782315606325,-14.3200693733299,-9.40589388353611,-11.7262972023565,4.3080561208838,0.453061121339361,-3.11824813417358,5.29513173230957,10.9488296990054,-36.7646992185085,-34.7790008302678
53.133120754351,-15.2246987747921,-9.45706147081609,-11.6622136444675,4.35425644548293,0.493796880010811,-3.1555061574412,5.27078972544052,11.1594605369213,-36.0712036689136,-35.2265923360516
52.6378356262795,-16.0851151008617,-9.53455801076832,-11.5926655971576,4.38257277345746,0.529564863244132,-3.20120933266886,5.23452510293801,11.3725752289674,-35.3558500957526,-35.6980288950911
52.0322663467298,-16.9380797869092,-9.60559650583169,-11.5419948770002,4.44069576243777,0.545461744679192,-3.22853188308305,5.20968632040045,11.5429676280838,-34.6593739117938,-36.1530719810184
51.4117938019669,-17.7517991584984,-9.66818986506501,-11.4739371450353,4.48788964236278,0.573778064710528,-3.2702608691833,5.18931851870637,11.7118697145587,-33.9082526668032,-36.6046376643095
50.6919661641371,-18.5401829479823,-9.702963953529,-11.430718001394,4.55793529569928,0.574771619800014,-3.29758341958927,5.17342169788152,11.846991383719,-33.17402171685,-37.0343453829939
50.0088999083816,-19.2386502519339,-9.74817026856528,-11.337324909443,4.59370328889371,0.631901037427163,-3.32391242271783,5.14709258838734,12.0302998244484,-32.4094875982666,-37.489885242632
49.2711883501891,-19.9356272296937,-9.77350567590919,-11.2747316669795,4.6443746125696,0.673133573625922,-3.35421561500865,5.14113128057375,12.2121179524243,-31.6474373498288,-37.9359864361692
48.4698895317317,-20.616707371363,-9.81523458211335,-11.2344931540002,4.71044604440115,0.682572346965021,-3.35818980416519,5.12622801103062,12.332336495904,-30.9002903041455,-38.3597328936071
47.7038617680565,-21.2292324021427,-9.85298930681825,-11.1261969092724,4.76608514487786,0.734237211567056,-3.40637684766381,5.08499563200193,12.4893160815858,-30.0667047073403,-38.8266985095432
46.8727564164182,-21.8184089538147,-9.90564721228366,-11.0487005139626,4.81427258011513,0.767024529477417,-3.42177683063633,5.0730730163778,12.6264248335471,-29.2266610615236,-39.3125414596369
46.0078703304649,-22.3623788744741,-9.94290516428561,-10.963752542199,4.86593745911141,0.791863406682237,-3.45953162762549,5.04276970166144,12.7575723353055,-28.3732045403891,-39.8137843404169
45.2393586840057,-22.8089806636954,-9.97370507128999,-10.8117403825058,4.89922156387276,0.88327047470346,-3.52411220151287,4.98514372603863,12.944358170799,-27.4377804312668,-40.3334077839216
44.2626981102482,-23.3127117160928,-9.9781760255349,-10.7580890318932,4.96479621790593,0.905128686659506,-3.5320605798229,4.96626625128884,13.0258285885342,-26.5788594108684,-40.7740444896998
43.2929923904589,-23.7642812698017,-10.0025178875226,-10.6840700390015,5.00553198785769,0.921025568065992,-3.54348637365279,4.96974368084788,13.1311440064545,-25.6985771446626,-41.2261069508857
42.3923384583412,-24.1304053197918,-10.0343113398962,-10.578257653246,5.02888053891582,0.991567979314566,-3.57975084970966,4.9210596669908,13.2776914039844,-24.7686175536322,-41.7348014132742
41.3769293878393,-24.5238520607443,-10.0656080196087,-10.5211289004094,5.07210019727448,0.994051867034407,-3.60806694745657,4.90913705135905,13.3700907799902,-23.8396515137674,-42.2280959464212
40.3525783547813,-24.8730857217888,-10.078524109642,-10.4287293523746,5.10737141269924,1.01740041159753,-3.63389917699031,4.88578859573819,13.4585159891875,-22.9091951584107,-42.7189066204247
39.2800400963266,-25.1795966308941,-10.0874660181279,-10.3398072066998,5.13916518433056,1.04422639896211,-3.64731206540005,4.89324023051119,13.5414767191939,-21.9712872081776,-43.2295881728342
38.1950824471776,-25.4572945212421,-10.0894531089042,-10.2891364868942,5.18536550871696,1.07800727191112,-3.66519591662795,4.88529182008595,13.6239406782789,-21.0328824906578,-43.7457342174559
37.071376305142,-25.7285343215814,-10.1123046528374,-10.2051820589862,5.22808838934654,1.09936870628322,-3.71785392301978,4.85051752447375,13.7059078665132,-20.068645568085,-44.2390287536181
35.9123990985793,-25.9719546555233,-10.1108143347557,-10.1341436969156,5.26832738155009,1.11228492241959,-3.73375067967028,4.84455621665513,13.7511140127581,-19.1208021675322,-44.6881105876516
34.652576467002,-26.2133878844382,-10.112304652838,-10.1048341629921,5.32545681496768,1.10533003682149,-3.7312668114396,4.84803364622342,13.7779396379285,-18.2027651701029,-45.1242763522767
33.5457606759581,-26.3559626517578,-10.1207497886372,-9.97617027647053,5.3453279222084,1.17587244799866,-3.7948538380451,4.80978192101623,13.8733196387679,-17.1838832021803,-45.6523449260119
32.3450543120872,-26.4935696572299,-10.1212465613312,-9.88128686988215,5.37761847150198,1.20369199043473,-3.83409895603731,4.77451084974566,13.9279644308718,-16.2141817930765,-46.1441491488467
31.0787735793587,-26.6530348151477,-10.1237304248004,-9.81471945378275,5.42332201817587,1.20865976586697,-3.87930535779867,4.7849431384396,13.9756544311978,-15.244480389391,-46.6121083192069
29.8264025528151,-26.7558674871846,-10.1132981982231,-9.72480376487123,5.45958678891115,1.25784074266699,-3.93395045883862,4.7640785610664,14.0526539108845,-14.2623596593286,-47.0845384377226
28.5496895210784,-26.8254161543114,-10.1108143347543,-9.65177831592468,5.49833544803913,1.31944115800135,-3.9741891241471,4.73029781671418,14.0909052653067,-13.2683163760693,-47.5549814689529
27.1969698294971,-26.910364883488,-10.1033627443491,-9.58421735635082,5.52317433209125,1.33484126184527,-4.0124406948515,4.71738164977251,14.1291566197474,-12.2762601905326,-47.9787279380176
25.8646179290742,-26.962526383837,-10.0949176085513,-9.48138560185181,5.55149065988871,1.35173169830199,-4.06708579593482,4.70247838021641,14.1803240158804,-11.2931459295499,-48.37515195067
24.5357434497974,-26.9814038792175,-10.0626273834376,-9.38252802151948,5.58974254130591,1.39296423436193,-4.09788576200838,4.68360090542942,14.2414268287145,-10.3328832433434,-48.8048596843931
23.2202819026133,-26.9814038792175,-10.0685886557652,-9.29360587635159,5.60563942709261,1.4277386623869,-4.13415023816945,4.65876212283211,14.3179295375172,-9.35225285824374,-49.2216513476296
21.887433207905,-26.9749457886992,-10.0616338380489,-9.20219987253106,5.64935586298991,1.44711298654804,-4.17289858260685,4.65081371238938,14.3437616209815,-8.37957085130189,-49.6185721337586
20.49894564717,-26.9684876981744,-10.0497112933924,-9.12420670620703,5.68164641221435,1.44959687426178,-4.1992275858759,4.66273632804646,14.3556841210552,-7.4371920163806,-49.9782350240637
19.1293355478802,-26.9506037551785,-10.0318274764179,-9.03329747414525,5.72138862665862,1.47890674929354,-4.22953077830768,4.6582653471766,14.3656195377857,-6.4818970816941,-50.3398850025863
17.7244543797445,-26.9138423168067,-10.0134468867542,-8.94437532910962,5.76311795179224,1.51169406712061,-4.23847270394415,4.63988464804542,14.3700904753106,-5.54150534895449,-50.6543416461775
16.3106312436884,-26.869132459343,-10.0129501140602,-8.87184665216508,5.793918167982,1.54795882772693,-4.236485609358,4.62150394891236,14.3626389127729,-4.61999100373656,-50.9404822889925
14.9141952442307,-26.785674058816,-10.0129501140602,-8.77994387666456,5.84409271366542,1.54150071967508,-4.26728557545685,4.63640721848676,14.3894645379095,-3.69847666339986,-51.2216552125791
13.5788626253837,-26.6888027010081,-10.0005307967255,-8.68357015532039,5.89526081471646,1.59614624936429,-4.29013716318885,4.60908455762028,14.4187740172379,-2.77994296663794,-51.4869314339012
12.2127299189475,-26.5844797004281,-9.99059534285134,-8.61749951140849,5.9191061433572,1.64284333832998,-4.30603391989853,4.59070385848534,14.4048644338357,-1.88227375013564,-51.751214111588
10.8113261411638,-26.4667437426497,-9.98364052514275,-8.56682879203336,5.96530646756966,1.66966932560814,-4.3244145448383,4.58076834543218,14.3750581836955,-0.985101311204577,-51.9558841554696
9.42184496982972,-26.344040022974,-9.96923411702156,-8.4858549953859,6.00951968109811,1.71586963704929,-4.36167256836691,4.55096180627345,14.3576712044472,-0.0928966086824876,-52.1535993920348
7.93648611161826,-26.2561106368666,-9.94091807349246,-8.43270041727211,6.05224256154266,1.72878585314804,-4.36316288930847,4.55891021671618,14.3238907876028,0.759566231924946,-52.2718311164653
6.55048235324218,-26.1170133029248,-9.9190600749778,-8.3581846535565,6.09893966340667,1.76157317094532,-4.39147898720649,4.53854241496423,14.3278649542925,1.61550648180319,-52.404469227532
5.16447858711431,-25.9476126213464,-9.90813107572503,-8.29459786853841,6.14414643224193,1.81174770269649,-4.40489187567605,4.5186713888635,14.3283617251289,2.45803385097761,-52.4874301434818
3.76853930167211,-25.7891410160637,-9.92452457461324,-8.23399171405124,6.18686931264654,1.85099312852165,-4.4466208620378,4.51519395929618,14.3134586000421,3.25833549418576,-52.5703910594206
2.34229669803964,-25.6341468441943,-9.91061493918733,-8.17835327712396,6.24399874577735,1.85894156919519,-4.48238856462184,4.50972942711813,14.2707363081072,4.04721135025357,-52.615597307032
1.00646724086734,-25.4577912964554,-9.90813107571898,-8.09737948068659,6.27628929491361,1.91855487422331,-4.53554334494767,4.47495513142671,14.2215559953299,4.82764205783627,-52.6473907119668
-0.357181655477485,-25.2849131819946,-9.92104716574728,-8.03528301099789,6.31454117619718,1.94090986360586,-4.58174329414591,4.44365826529603,14.1614467241198,5.59913084444232,-52.6578229229604
-1.72530153768908,-25.1001124392686,-9.90316334878875,-7.99007678108045,6.3686899432143,1.95034863689642,-4.59614972992608,4.43173564963162,14.1063051612541,6.32143908137574,-52.5843006740724
-3.07504073328278,-24.9272343251391,-9.90614398494922,-7.94834795345752,6.40495471375864,1.98810373005206,-4.61850454406711,4.43272920093716,14.0332798482273,7.03033443868251,-52.4620947739353
-4.37311527501848,-24.7101431303892,-9.90664075764285,-7.87979345103428,6.45115503790404,2.04125892697677,-4.64433677375852,4.42030980960751,13.9821124520683,7.7417136587208,-52.3294566628451
-5.6398929654492,-24.4682131262756,-9.91955684766768,-7.85197423263931,6.47698747719876,2.09242701376142,-4.69053672300735,4.40838719394219,13.93293213921,8.3979510520809,-52.2007927274554
-6.88083833042674,-24.2352250938022,-9.93694389193837,-7.8037873722531,6.51126513700895,2.15452420643688,-4.70444638514887,4.37361289821873,13.8584165136499,9.04276265961098,-52.0353676676661
-8.1053901082345,-24.0002499568979,-9.93694389193837,-7.75907791415999,6.54007824236763,2.18780830169925,-4.77250437494352,4.3492708912176,13.8017846382229,9.66372915152996,-51.862987800622
-9.29963858314492,-23.7429198917043,-9.92204071113025,-7.69400081405734,6.57286556912849,2.22606017237865,-4.79783983099569,4.32542565988207,13.7332302626844,10.2986052910878,-51.6329823874732
-10.4153965244088,-23.4826091694969,-9.92204071113025,-7.62494953987479,6.59273667626654,2.29709936078178,-4.83460108094719,4.30257397984809,13.6761016163531,10.9011911713632,-51.3667126221962
-11.5639416554404,-23.2287565383565,-9.92998907423029,-7.58769165819011,6.61062067268903,2.36863532662064,-4.86788491543611,4.28369650501809,13.6020827615467,11.4729771115503,-51.0338754157714
-12.6583382548749,-22.9411231266482,-9.9309826196175,-7.53602739555807,6.63098855749877,2.45159717592549,-4.90464616541982,4.26581258149217,13.5543927611224,12.0050211950954,-50.6766963840676
-13.7427993473273,-22.6753478675251,-9.94886643657603,-7.49479533978964,6.647382220879,2.53306869259548,-4.93445258431165,4.2365028179527,13.4898125521722,12.5445168752455,-50.3085883700869
-14.7472795760637,-22.369333737641,-9.94886643657603,-7.44611170767445,6.67321466013115,2.61503698674272,-4.96922673969689,4.19576721438363,13.4386451558147,13.0348320086146,-49.935512637042
-15.7810695672293,-22.1000810458429,-9.9563180269822,-7.43617627256041,6.71643431810701,2.66719862847062,-5.0005234795646,4.16894132908445,13.346245779903,13.505772985833,-49.532630587453
-16.7622013518773,-21.8362928922941,-9.97221475318039,-7.40040870611024,6.75617653234207,2.76257991616722,-5.02486538835593,4.1287025011599,13.2538464039106,13.9667784990321,-49.0751036242685
-17.7110427252782,-21.5332594207367,-9.98016311628162,-7.36960885726524,6.75567975466407,2.84504498779265,-5.07951048972945,4.11280568023699,13.1798275489194,14.4153646813661,-48.5728671864517
-18.624613035881,-21.2312195019666,-10.0040082055696,-7.34178963894732,6.79591874656174,2.94589082838131,-5.0959040201561,4.08250236535618,13.0909055687665,14.8425896159031,-48.0229406424256
-19.424918514188,-20.9147730743715,-10.0338145671992,-7.2960866374768,6.8088349661802,3.06809810313166,-5.15651040536561,4.02984414605308,13.0183770262804,15.2797500125369,-47.4784785907586
-20.2639724930764,-20.6013073039998,-10.0551757930367,-7.2796931695409,6.83516418310801,3.15553095010932,-5.18880069254662,4.01792153037249,12.9329324419051,15.6682266374099,-46.8952683286167
-21.0717296108348,-20.2947964008366,-10.0651112469171,-7.26826741917169,6.86844828751883,3.24246701941913,-5.18432972970128,4.00649569033488,12.8529523367466,16.0492516635005,-46.3075871198968
-21.8447124399292,-19.9967306929951,-10.0685886557728,-7.26528678863936,6.8987517258563,3.32195142567064,-5.21711679056041,3.9965601772578,12.7605529606086,16.4089154425584,-45.6841383322847
-22.5526176677497,-19.6802842669547,-10.0775305642592,-7.23945465735845,6.93104227489966,3.43720381463552,-5.26381351358941,3.97668915110416,12.6666632718486,16.7665921280673,-45.0368444928428
-23.2570454685602,-19.3697991555419,-10.0978982447034,-7.22107410240742,6.95687471411879,3.52314632880548,-5.30206508459015,3.96774718933365,12.5871799374477,17.1272494520718,-44.3706733206171
-23.917260242722,-19.0399397735481,-10.099885335479,-7.2076612650114,6.95836504715079,3.63293416483511,-5.3278973143629,3.9662568623715,12.4858386859685,17.4417068701867,-43.6245218678045
-24.5019651272281,-18.6936867780648,-10.110814334749,-7.17984204670609,6.96780382302013,3.73328322752487,-5.37360049014098,3.94092130400582,12.4237423309008,17.7735513490077,-42.9111573642246
-25.1115087930239,-18.3747564729371,-10.1321755606024,-7.19424842761148,7.00605570418987,3.82021929670382,-5.38850369963505,3.93098579092238,12.3363106629155,18.0716152516388,-42.1560640196661
-25.6549813047805,-18.050858406526,-10.1361497421537,-7.1793452749573,7.02393970056311,3.92354902455382,-5.4133423821279,3.90266957861392,12.26129826595,18.3686856073969,-41.3905384659706
-26.27644758786,-17.7453410590229,-10.1460851960421,-7.21560961307198,7.04679147371399,3.993097879826,-5.4083746456277,3.91359864300934,12.1390926389884,18.6031625432399,-40.5862647030414
-26.765771561419,-17.4149849030768,-10.1445948779596,-7.20766126498675,7.0736174682844,4.09891149534616,-5.44165848016674,3.85845654539133,12.0447061790896,18.8758910129614,-39.8008682755194
-27.218334140128,-17.0856223001418,-10.1753947850265,-7.20020968866257,7.08703046556879,4.17541523607933,-5.48189714581452,3.82765645482164,11.9781388863593,19.1222905042301,-38.9742397793126
-27.6569870030968,-16.7448338455369,-10.1907947385391,-7.182325905478,7.08901757627785,4.28023529642264,-5.50772937562406,3.79437248597636,11.8912039890746,19.3587545320356,-38.132211355174
-28.0573881444228,-16.409509929404,-10.210665646304,-7.17437755739837,7.11236612709244,4.34580993127732,-5.55392932512213,3.76804337629144,11.8320882588938,19.5778314985676,-37.27180237194
-28.4423892429007,-16.0995215983141,-10.2285494633,-7.16940983984698,7.11087579406147,4.42827500238925,-5.56883253462477,3.73674651006219,11.754095236713,19.7914439599542,-36.3642000575302
-28.7851644147625,-15.802449448061,-10.2369945990987,-7.16295180702992,7.13521790023526,4.5062690756449,-5.60062604824174,3.7094238490691,11.6964698189815,19.9871725872308,-35.4963395000702
-29.1502944898388,-15.497428879561,-10.2255688271347,-7.16891306809204,7.15558578499092,4.57482437565809,-5.59714863268936,3.697998009011,11.6199671092791,20.1535915976211,-34.5837694708551
-29.4389211208572,-15.1819760119756,-10.231033326776,-7.13215195821635,7.17247622600386,4.64934100613331,-5.63689052473343,3.66173338621328,11.5563804414189,20.3284557516456,-33.6776574793474
-29.7250638740797,-14.8759618920309,-10.2364978264106,-7.12470038189348,7.19036022236127,4.72087697130846,-5.6647098491658,3.64981077049209,11.4684520022418,20.5028231322011,-32.7621068233532
-29.930232202781,-14.5769026386914,-10.2235817363569,-7.08992635904248,7.20725066336923,4.80185170969396,-5.70395496755448,3.60112675631967,11.4306974181549,20.6593066788699,-31.8172466268535
-30.1289424486186,-14.2778433857796,-10.2186140094159,-7.0457136728768,7.24252187839836,4.86096823647247,-5.71389044056305,3.59119124321868,11.3820138755107,20.8048612157468,-30.8435736612872
-30.2819493376977,-14.0006422846637,-10.1843366934901,-7.02733311795584,7.28077375949382,4.9051814371751,-5.74021944405991,3.55989437694454,11.3124659575015,20.9365061039208,-29.8664232950441
-30.4498594956876,-13.7348670356326,-10.1654593311219,-7.01392028057805,7.32101275131036,4.92604609368194,-5.72829687645094,3.54052012639636,11.2513631437604,21.0626864872976,-28.8649311076394
-30.6013760583051,-13.4969112521543,-10.1411174691131,-6.98610106232455,7.34386452442193,4.96330440886082,-5.71140657231972,3.50276517659712,11.1798281423048,21.1784346341246,-27.8544970288595
-30.694769874067,-13.2212004803773,-10.1003821082059,-6.94288191968018,7.39304551438608,4.9960917262125,-5.74170976501287,3.46351989982558,11.1281639745819,21.2698408959354,-26.8882756530335
-30.7961120997035,-12.9772833832564,-10.0899498816317,-6.90065632054381,7.41589728750214,5.02887904355675,-5.74618072786972,3.43917789272659,11.058616056414,21.3567761992802,-25.8833060707775
-30.8318799440833,-12.7179662255586,-10.0775305642884,-6.84203725351113,7.45563950160043,5.04775658990297,-5.78045810977228,3.40191971857736,10.9980100134597,21.4755049849039,-24.8614462462557
-30.8562219492634,-12.471565248497,-10.0288468402745,-6.78540527356632,7.48196871844539,5.08352457244928,-5.79039358279691,3.37111962792878,10.9483329290564,21.5634338344711,-23.8152446013115
-30.8929833448834,-12.2425514373385,-9.9965566151868,-6.7496377072557,7.49885915943509,5.0701115789951,-5.78194843073257,3.36168089047764,10.9041203239037,21.6071498726494,-22.7526494860885
-30.897454325431,-12.0264538065018,-9.95631802700667,-6.70194761887393,7.51922704416121,5.0701115789951,-5.7794645624776,3.33237112678429,10.8415271975009,21.6647755593511,-21.7253251796151
-30.8696348909173,-11.7954528911833,-9.92104716576867,-6.65823170456027,7.55251114842803,5.0760729094185,-5.81026452883876,3.27027416978777,10.8156951136018,21.7378012139502,-20.7129040330953
-30.9188156768944,-11.5997230834214,-9.88776339529968,-6.61848996424913,7.58629203037421,5.06911802392009,-5.80976775518752,3.25437734880379,10.7605535498693,21.784497891045,-19.6766378383434
-30.9118608182567,-11.4029997234742,-9.85447962486051,-6.55788381028531,7.61858257930486,5.08054390723761,-5.82864515390535,3.21066109108552,10.7227989656779,21.8262268365439,-18.6582554352018
-30.8438025588674,-11.1898827503546,-9.81424103672005,-6.5067163196714,7.65186668357332,5.06315669349463,-5.84801932629249,3.17936422474885,10.6761025062595,21.8610009577701,-17.6468278418623
-30.7881636898602,-10.9966368239718,-9.79337658361111,-6.45902623134602,7.69260245294798,5.04626625728873,-5.83261934311423,3.15303511497153,10.6140061506506,21.8927944400358,-16.6041036209882
-30.6848343617644,-10.7899779412394,-9.74667995045417,-6.41183291477106,7.72340266884614,5.01248538487275,-5.83460643771763,3.11428661381215,10.5727741704823,21.9216072833421,-15.5817470513353
-30.5949179752974,-10.5927578059935,-9.69799622655804,-6.34377518462092,7.75271255169357,4.99708528127563,-5.82467096469573,3.07156390736626,10.5295551069544,21.9340266123393,-14.5981386922322
-30.4886079936672,-10.3910666855777,-9.67564145537491,-6.29608509637231,7.79742254248382,4.96827218422859,-5.83063224851312,3.02834442524464,10.4818651058137,21.9534007655789,-13.6314205807944
-30.3678915190667,-10.1988143122195,-9.62993836766572,-6.21709838766585,7.85157130909094,4.94591719512172,-5.85845157297521,2.95730550638602,10.4262267711037,21.9807232893892,-12.6840765757534
-30.2268072443998,-10.0040780580995,-9.60907391457362,-6.15996963611013,7.90422974267799,4.91263310023544,-5.86242576218332,2.91607312687801,10.3740658322884,21.9876781136345,-11.7238165040254
-30.1130456285902,-9.84113547834693,-9.57678368956218,-6.09986025408684,7.91714596222946,4.87189734231282,-5.85745802566992,2.90514406242604,10.3184274976256,21.9553878582342,-10.7789563631078
-29.915825709658,-9.65434764302871,-9.53058382917085,-6.0268348064736,7.96483661899858,4.84904557566106,-5.87484510347135,2.84702131059241,10.269247183901,21.951413672954,-9.85446387277032
-29.6624701463375,-9.42682416313688,-9.49680328610667,-5.95033195665367,7.99812072322696,4.82569703148469,-5.91607731652863,2.7968469692261,10.2454021833231,21.9380007976251,-8.9712034512861
-29.4876051303738,-9.2425202089308,-9.46650015189232,-5.87432587860779,8.0463081576678,4.79837426700611,-5.92849665781332,2.75064683311297,10.2170862451132,21.9047169958812,-8.06310443828941
-29.319198197269,-9.09299058575789,-9.4009261565775,-5.80726169209504,8.08406326091738,4.7611159518042,-5.95830307687985,2.71636931278327,10.1743639523448,21.876400925741,-7.18679882810491
-29.1229718302019,-8.91017696024982,-9.35273920547855,-5.72926852705515,8.1322506953736,4.73975451775202,-5.98463208039547,2.6810982411478,10.1385964514085,21.8346719802487,-6.32489960496794
-28.9679778388295,-8.78250548819516,-9.32193929859745,-5.68306875416712,8.17298646468421,4.68163154602266,-5.99109013785908,2.66222076617661,10.0884225959339,21.7681043767288,-5.47094873348927
-28.7836740867152,-8.67470506248007,-9.27027493864473,-5.61749488301325,8.21620612235415,4.60959880325444,-5.9801611175287,2.6304271240946,10.0461970739978,21.7219044728169,-4.62892038960817
-28.6013574368954,-8.53709806753345,-9.23848148639936,-5.55539841412612,8.25048378187453,4.55644360685043,-5.9925804588202,2.60260768726785,10.0139069689628,21.6424207670777,-3.80378229145481
-28.28640169988,-8.34236181503618,-9.19824289836707,-5.40984429134367,8.28724532976912,4.54104350323078,-6.02983848268858,2.53057521683257,10.0387455112724,21.6354659428325,-3.02832138331002
-28.0886850064022,-8.21816777635354,-9.14955917462217,-5.35420585525367,8.34636187299557,4.47646242345631,-6.03083202999115,2.4878525102794,9.98410071815269,21.5659177002451,-2.22007353289802
-27.9028909280439,-8.07410269162242,-9.09888836014698,-5.27969009266122,8.36573620227589,4.41635234150805,-6.02238687791408,2.45407176554389,9.94783644634054,21.4904081797632,-1.44063845351649
-27.7568388986058,-8.00306370162948,-9.0467272276091,-5.22355488486486,8.41442041433218,4.3219646095008,-6.0059933474102,2.43022653395794,9.86090154816495,21.432285719895,-0.647293762838997
-27.5591222059115,-7.89079229088452,-8.99357254969432,-5.15351006810103,8.46111751563953,4.25340930940002,-5.98810949596294,2.39843289183764,9.78290852517341,21.357272972467,0.0784899503457993
-27.3147086059269,-7.74374654942778,-8.97022423324311,-5.05713634862194,8.48347251095146,4.20422833324533,-5.99158691152389,2.33136817797379,9.74167654485878,21.2966666467615,0.777447981194169
-27.1020886453965,-7.64389454262064,-8.918559873457,-4.96920774891422,8.52321472484958,4.12424714976557,-5.98264498579732,2.28566481744928,9.68007695976623,21.2191700334607,1.48634144775389
-26.8537008407389,-7.51771339971834,-8.86441165020752,-4.88873072543169,8.56643438244308,4.05221440682959,-6.00102561089867,2.2280388411077,9.63536758349698,21.1421701932766,2.1833123882994
-26.6475389633186,-7.42183560214956,-8.81622469924238,-4.82514394149023,8.63449292364417,3.9985624327658,-5.99754819534038,2.20469038517052,9.5578713312461,21.029402685406,2.86339308349638
-26.4498222710298,-7.35129338844746,-8.74916038611155,-4.76950550553307,8.67820935889023,3.89274881714529,-5.96277403974562,2.19177421805881,9.48236216234954,20.9250803211175,3.54198346189198
-26.3166864086401,-7.30558998248395,-8.68159930025153,-4.77000227728136,8.71646123973663,3.77501254076027,-5.93594826255267,2.19723875030811,9.36562101323185,20.7720741870763,4.23498022345522
-26.0350146395083,-7.17295074989885,-8.61602530522844,-4.67859627547344,8.7547131205558,3.72086378912369,-5.95432888766006,2.14905151140839,9.33780184576935,20.6816614713311,4.81719685677034
-25.7737106707042,-7.09048590869331,-8.5752899446838,-4.59513862170333,8.81134577526884,3.64137938301149,-5.95134824575145,2.11626431793233,9.29656986541162,20.5813132923304,5.4168005042084
-25.4920389020814,-6.9553627954557,-8.53157394801609,-4.48783592405819,8.86102354255243,3.58325641101259,-5.97817402294733,2.06907063033198,9.28017642742849,20.4904038034611,5.9836172074072
-25.1716186371267,-6.82868487689893,-8.46898058919394,-4.37655905254637,8.88784953687174,3.51023011286464,-6.02934170907953,2.02237371837322,9.26775715622402,20.4347652091506,6.52509854450433
-25.0032117068359,-6.78198791865662,-8.39992918541292,-4.35221723687596,8.94795963525463,3.38305506294874,-6.00450302651593,2.01939306441833,9.20764788356809,20.2902042183654,7.10930226141578
-24.7458819439651,-6.68114235997525,-8.34180678084526,-4.27819824646464,9.00707617828365,3.31897076046595,-6.02536751988479,1.97319292812641,9.18380288283725,20.1938302244594,7.62594500335094
-24.4910360589788,-6.60811626577165,-8.28716178508403,-4.18579870138857,9.03837317165579,3.2255765830973,-6.01294817859805,1.94934769648667,9.1470418400537,20.1044110548206,8.16245861915528
-24.2078739650806,-6.48938676569961,-8.23996837963486,-4.07899277569698,9.05327650181526,3.13615662605881,-6.04970942881938,1.86936681529713,9.15200954854014,20.0229402557651,8.635385435468
-23.8780149643767,-6.37910246019687,-8.19327174694779,-3.95330952361986,9.09103160490629,3.09094986994779,-6.10683839876028,1.78789560716336,9.16591913230521,19.9588565174173,9.06658341455874
-23.6678788845242,-6.29713439537704,-8.14260093273276,-3.86637446785932,9.15114170323311,2.99407824970587,-6.12621257117343,1.75163098402554,9.12617746436828,19.8490696477495,9.51467163614171
-23.4815880336846,-6.27676657321141,-8.08696239170363,-3.80825217345115,9.1998259150802,2.87137419738171,-6.11975451370114,1.73921159253712,9.03030069050192,19.7358053658772,10.001011291119
-23.2640003203203,-6.19728238919173,-8.0318206233203,-3.72082034606961,9.24354235018887,2.7814574626511,-6.13912868611588,1.70145664240505,8.96621725098557,19.6220443108224,10.4436350212033
-23.0662836310314,-6.14909510267425,-7.95034990256411,-3.69002049777898,9.29123300666639,2.66322440806661,-6.11279968257141,1.69102435355157,8.87729526896912,19.4745026804171,10.8703620513526
-22.8884379663795,-6.10289492078285,-7.91160163293501,-3.64630458414198,9.32998166506483,2.55790756953134,-6.09243196283158,1.67214687847247,8.79830870393199,19.3145417208636,11.3100051494026
-22.6286243269083,-6.02092685600821,-7.84950504704559,-3.52459550623915,9.37866587684739,2.48488127103392,-6.11925774000175,1.64035323625845,8.74763807725819,19.2042580776667,11.6781130988697
-22.3802365274433,-5.95783628503421,-7.82615673073793,-3.43666690725127,9.41045964781679,2.38552576297153,-6.11528355078678,1.59315954853468,8.70143838826297,19.0974518467337,12.0283372611135
-22.1432745665615,-5.88182953416611,-7.76952464441101,-3.37258335204868,9.44225341881194,2.31448657462411,-6.15254157467251,1.55788847668043,8.64033557376016,18.9618327719755,12.3572002328262
-21.9256868545002,-5.83910678533343,-7.69798937745892,-3.30104822074501,9.46709230238666,2.21513106641411,-6.14459319623996,1.54298520685707,8.56581994633674,18.8361491605497,12.7133856566129
-21.7165443277128,-5.77700976669773,-7.67215719773085,-3.23050663297238,9.50335707239463,2.12223366622721,-6.1435996489351,1.52361095609191,8.50670421526977,18.6970526734666,13.0730484832041
-21.3911563115954,-5.69901591134749,-7.61949929292569,-3.12916519702495,9.53266695498511,2.06311713881115,-6.17688348364192,1.46548820379793,8.49428494402363,18.6145883275054,13.3383246561417
-21.1681040680308,-5.61853817515895,-7.57329943310527,-3.04819140253572,9.55700906086474,1.98164562194275,-6.18830927763292,1.42276549701697,8.45851744277686,18.487911169345,13.6284394217088
-20.922696923284,-5.56140891806132,-7.50673189313805,-2.97218532563713,9.58035761139547,1.88676111144846,-6.20122539258758,1.38501054681133,8.42473702496638,18.3771307526299,13.8604318796696
-20.6623865106427,-5.49980867564717,-7.48934484912584,-2.83756018286475,9.60619005027387,1.83261235936505,-6.24543824761802,1.32639101886348,8.41132421200292,18.2986405918781,14.0675857446645
-20.4785795401346,-5.45410526999474,-7.43966758050248,-2.74466386670662,9.65537103967276,1.76753450136056,-6.26630274101032,1.28168120939224,8.38151796096612,18.2027633701311,14.2856685902127
-20.2003852064314,-5.38207272845976,-7.38055163095087,-2.64679983318053,9.66878403677595,1.70990830647149,-6.30703818049276,1.23150686766709,8.34922785566722,18.1163248385272,14.4724548087699
-19.9569651653657,-5.30606597782684,-7.30951313685442,-2.55290997367537,9.68915192127698,1.62595290183909,-6.35224458286442,1.17636476923367,8.31693775039346,18.0234282557835,14.6597377991204
-19.7478226399252,-5.26284645293333,-7.26281650441392,-2.46746523372789,9.74330068738815,1.52311995050316,-6.35919941399824,1.11923556820675,8.27818962402865,17.9245703948158,14.8321176335675
-19.573454406293,-5.21664627114376,-7.21413278124724,-2.40685908102004,9.7984430088151,1.43171288258765,-6.35770909304253,1.1112871576296,8.22255128870851,17.7978932362094,14.989594312158
-19.3936216411997,-5.21316883810502,-7.13514592425034,-2.34724647183061,9.84762399817417,1.35322203081333,-6.34777361999694,1.0899258041994,8.14952597362481,17.6836354067685,15.121735626014
-19.2262082666281,-5.18733647842839,-7.08844929182655,-2.26577590605278,9.88339199043048,1.25933107520697,-6.35274135652559,1.06955800207221,8.07898451280339,17.5693775774328,15.2523866243399
-19.0056399030235,-5.12822011683628,-7.0526816585052,-2.17188604659943,9.92611487006682,1.20071132509441,-6.37559294452918,1.02882239784447,8.04967503256834,17.493868055302,15.3283927183644
-18.8402136307051,-5.09245223420254,-7.00946243493756,-2.08892516561164,9.96237963998669,1.13712379952756,-6.39049615410368,0.999512633818305,7.98559159274488,17.3726554012915,15.4391728423124
-18.6116968584957,-5.04178106717672,-6.93345621418294,-2.01589971954591,10.0011282982425,1.0571426150346,-6.40738645830108,0.972189972426069,7.95081763316895,17.2623717571529,15.5479658788559
-18.3936123736284,-5.00700673684868,-6.86440481104253,-1.934925925603,10.0433544001563,0.972690432628919,-6.42030257327026,0.939899554410436,7.91107596505219,17.1466236079709,15.6095655889812
-18.2306699796191,-4.9702453019437,-6.85297903930465,-1.87084237091636,10.0825998360739,0.880289809501423,-6.40390904273583,0.918041425301412,7.8753084637384,17.0303786855354,15.6696749835808
-18.1144244914606,-4.98961957168948,-6.79535340795243,-1.82513937068332,10.1566197088441,0.789876296492683,-6.39496711698304,0.927480162882234,7.79830898172563,16.8858176922293,15.7367391841372
-17.9554563022785,-4.96030977899094,-6.74766323027594,-1.73373337021723,10.1978522554188,0.7238048830835,-6.41831547866608,0.920525303615277,7.74515450056707,16.7844759648713,15.7884034571281
-17.760223495132,-4.91957413490791,-6.70941173360191,-1.6467983154272,10.2291492485944,0.655746359464254,-6.43570255649038,0.887241334288039,7.70243220727188,16.6717084543384,15.8216871714441
-17.5913197942945,-4.85648356415184,-6.653773193049,-1.55837294545985,10.2624333524363,0.578745840069656,-6.45905091815614,0.861905775537961,7.66716147676374,16.5644054486691,15.8629192354448
-17.4701065505002,-4.82816732376976,-6.58521856270649,-1.51117963007101,10.2917432349325,0.488829104462805,-6.4729605804436,0.858428345904349,7.61500053726717,16.4322637843147,15.9026609838929
-17.3076609326092,-4.81376081550519,-6.529580022137,-1.42871552107681,10.3165821184006,0.406364032028646,-6.50276699962201,0.837563768095985,7.57227824396783,16.315522088321,15.9255124892551
-17.1496862952051,-4.81674147238925,-6.48983820746109,-1.35916747740252,10.3667566629772,0.306014967901385,-6.5082315098024,0.814712087638033,7.54147845111287,16.2275932363594,15.936441470075
-17.0642408939612,-4.82419311459206,-6.45556089233223,-1.30650967292343,10.4109698755118,0.219078897498598,-6.49928958404887,0.797821715121735,7.4778917820208,16.0800516033291,15.9443898197641
-16.9430276503506,-4.80879305403469,-6.42873516744838,-1.24391643366049,10.4218989842281,0.118729833313267,-6.50624441518993,0.769505502356025,7.42026636311404,15.9508905776532,15.9260092611085
-16.7875368912078,-4.78345747055263,-6.36415471864237,-1.16791035744025,10.4452475346747,0.0432196464077799,-6.52959277686465,0.719331160444273,7.3651247984658,15.8515359425258,15.9160738239914
-16.6151557623302,-4.75712833474817,-6.33534190304098,-1.08693656380781,10.4656154190808,-0.037755093553514,-6.54847017568127,0.675118126473357,7.33929271411256,15.7492006682449,15.8947126341978
-16.4626456567873,-4.73576696043162,-6.28069690795444,-1.02633041155722,10.498899522881,-0.133633159951476,-6.54847017568127,0.628421214187673,7.28663500366942,15.6404073426816,15.8584482887407
-16.3056645712346,-4.71987012373549,-6.23797445722749,-0.943866302794418,10.5450998460517,-0.202188461310203,-6.59218625714174,0.584208180216758,7.25434489821254,15.549497851321,15.8107581906068
-16.1680577334577,-4.69552809254427,-6.20021973338665,-0.879782748401635,10.5565257324326,-0.310982743972081,-6.58920561522529,0.548937108176164,7.196719479223,15.444181937756,15.7446875338124
-16.0071024434288,-4.6766505989752,-6.15650373737343,-0.788376748389018,10.595771168251,-0.387983263681784,-6.58970238887861,0.484853047673516,7.17386801997297,15.3294273337503,15.6880555422608
-15.8555858894697,-4.65826988154704,-6.10036842430849,-0.723299650569438,10.6250810507041,-0.457035342624416,-6.60112818291,0.443123891989345,7.12915864316856,15.2151695029297,15.6339074099663
-15.6737660250174,-4.61902456593725,-6.06360724581764,-0.651764520187491,10.6335262710662,-0.48336455258858,-6.63639911229577,0.382020485414965,7.08444926636089,15.1138277747369,15.5618754908667
-15.4894622826336,-4.58772766870133,-6.02088479517599,-0.575261672419824,10.6553844884634,-0.542977858189388,-6.6582571530344,0.314458995202433,7.03477218099483,15.0298731076154,15.4823919938975
-15.3131069497443,-4.57133405586104,-5.97418816307375,-0.50670717250136,10.6911524805846,-0.605571829131068,-6.67812809916641,0.275213717792015,6.99055957499912,14.9384668427567,15.4322180364395
-15.1789775416781,-4.57034050356819,-5.9279883036968,-0.450075194330538,10.724933362034,-0.67661101834429,-6.69352808241513,0.24441362665307,6.95131467754608,14.8142735481116,15.3790634478173
-15.0652159327832,-4.53854683018332,-5.87980135357817,-0.378043292297309,10.7378495814029,-0.743179209682493,-6.69899259260256,0.230503908079546,6.89170217506762,14.7198866441565,15.3110057035085
-14.9703317959292,-4.5514630100003,-5.82465958599057,-0.340785411907308,10.7602045764619,-0.815211954119211,-6.70644419740135,0.218084516495245,6.83854769363337,14.5797966075755,15.2538769400445
-14.8386862660849,-4.52463709809999,-5.76852427299254,-0.277198629480912,10.7616949094657,-0.899664137221348,-6.70694097105492,0.191258630665928,6.7819158162471,14.4710032812729,15.1714128118754
-14.6523954219286,-4.50724993297887,-5.72679536779422,-0.202186097082576,10.8054113442548,-0.924006237062458,-6.74717963696838,0.147542372272924,6.75509019011023,14.3726421916575,15.0834841932505
-14.5311821795057,-4.49483052932329,-5.6905309620975,-0.144560575551933,10.8208114519602,-0.987096985653725,-6.7615860729206,0.141581064308406,6.6825616453645,14.2603714528635,15.0094651866174
-14.4288464091556,-4.49880473849573,-5.65178269301248,-0.10134143436987,10.850121334371,-1.08198149733031,-6.76754735676593,0.128168121390822,6.60407185029304,14.1272362404251,14.9548202823861
-14.347375213492,-4.49483052932371,-5.60607960635309,-0.0566319780121273,10.8888699924576,-1.18630478237768,-6.7829473400404,0.136116532013035,6.54197549345313,14.0035397185105,14.8957044314333
-14.2644136910842,-4.50476605225122,-5.54646688471046,-0.000993543457277535,10.9067539884923,-1.26926663291835,-6.79437313407335,0.13810363466971,6.50024674165214,13.884314155092,14.8231757402989
-14.1521424093869,-4.48837243942239,-5.50771861561851,0.0556384345575904,10.9445090912184,-1.33484126931793,-6.78692152927129,0.123200364746177,6.44709226015962,13.7755208284053,14.7332600341878
-14.0125484706462,-4.47595303576523,-5.46499616512578,0.13214128200541,10.9589156435841,-1.38650613433224,-6.80728924907196,0.115748729785845,6.39542809124554,13.6786500580141,14.6348992064411
-13.9002771890137,-4.46850139357189,-5.42326725998091,0.169895934001146,10.9728254182799,-1.4620163217452,-6.81970859041314,0.084948638623189,6.3601573605304,13.5514761235167,14.5484609032685
-13.7184573256832,-4.40640437528611,-5.40488667082556,0.274714770456452,10.9887223036402,-1.49728752772061,-6.85746338810743,0.040238828853736,6.34624777658081,13.4854052902997,14.4158228173182
-13.5808504895689,-4.39597207622205,-5.36911903786342,0.339791867885037,11.0234967403633,-1.53603617653745,-6.89521818581827,0.0144064943162974,6.3035254830099,13.3875409734088,14.3313716015315
-13.4745405151265,-4.38305589642613,-5.32838367812767,0.393443215386767,11.0249870733658,-1.5921720395304,-6.91856654756211,-0.0129161672294636,6.26577089801674,13.2911669760149,14.2290365987988
-13.3314691477777,-4.36566873131936,-5.29410636322655,0.458023541041282,11.0423742917288,-1.63588846384835,-6.95085683508283,-0.058619528351758,6.23695818838862,13.2236058231438,14.1341531739704
-13.1794558197792,-4.33387505795873,-5.26529354781142,0.543965051388057,11.0637357314252,-1.67066289230539,-6.98165680164823,-0.109290646124282,6.22602922955724,13.1540575774661,14.0129408406579
-13.0279392675747,-4.30357171304425,-5.20717114430593,0.606558290119716,11.087084281775,-1.72034064724915,-6.99010195377205,-0.131645551007574,6.20019714505614,13.069606136335,13.9066316630748
-12.8957969629911,-4.2946297424093,-5.18481637374487,0.681074050439975,11.1089424991293,-1.76952162465111,-7.00103097415813,-0.150523026254224,6.15747485145712,12.9687611800211,13.8087676070019
-12.7725966190541,-4.27227481584299,-5.15252614957035,0.757576897677228,11.129807161132,-1.82118648981936,-7.03828899819906,-0.175858585150564,6.14058464235572,12.8833161924111,13.7029552011857
-12.6712544006705,-4.24693923240277,-5.12023592543332,0.81818304934221,11.1695493745016,-1.88725790389388,-7.0680954174608,-0.207652227680212,6.09984943215808,12.8033357098152,13.5891944455336
-12.5470605056468,-4.22110687281749,-5.10036501825817,0.896672983524618,11.2048205888658,-1.93345821604657,-7.09541796844137,-0.236961991896635,6.05563682596418,12.7327939176534,13.4953045642706
-12.3990213829284,-4.20173260314596,-5.04919743233777,0.959762993825733,11.2167432528778,-1.97121330982414,-7.12075342483295,-0.288129885426187,6.01986932433594,12.6508263422876,13.3959501924581
-12.2698597323911,-4.19229385637771,-5.01342979945232,1.03725938437853,11.2351240265502,-2.02685239541413,-7.12969535061809,-0.316446098324141,5.98608890610021,12.561903942235,13.2970925925548
-12.1397045306519,-4.17142925826086,-4.97964925730787,1.1018397098828,11.2589693545755,-2.09491091974977,-7.13863727640029,-0.35171717055843,5.95330202960207,12.4854008717877,13.2081704297543
-12.0408461904967,-4.16894537753237,-4.95083644193822,1.15300719852149,11.280827571925,-2.15651133596929,-7.13814050274569,-0.367613991843656,5.92150869479274,12.3900204202629,13.0909322709885
-11.9588782199007,-4.1585130784703,-4.89569467464457,1.20218760022891,11.3002019009325,-2.22953763589307,-7.13565663447234,-0.373575299825615,5.87580577597983,12.2906657831347,13.0164164921139
-11.8908199656028,-4.1699389298269,-4.86092058717399,1.24888414328117,11.3195762299257,-2.31051237667182,-7.12423084042342,-0.392452775080501,5.81072879372616,12.1818724554721,12.9255072418802
-11.7974261567694,-4.12224841983138,-4.81521750078681,1.30501934920447,11.3324924492603,-2.37111923785125,-7.14608888121537,-0.41927866098899,5.75409691602665,12.099904879745,12.8326109041479
-11.6722387111325,-4.10635158317496,-4.77299182311443,1.35767715297578,11.3240472289285,-2.40291300108699,-7.1644695064371,-0.447594873912383,5.70541337206783,12.0030341084389,12.7446822849978
-11.6975742656899,-4.13864203266237,-4.73722419029713,1.34575463135138,11.3449118909164,-2.50425562152472,-7.11876633025581,-0.44064001460456,5.62294940971115,11.8619505234039,12.7223275513129
-11.5997094768456,-4.12870650975253,-4.6959920579842,1.39642534819046,11.3697507742346,-2.5529398215238,-7.13317276624396,-0.466472349204987,5.5673110736904,11.7546475151015,12.6423472818992
-11.5202253844723,-4.13963558494988,-4.66817278803506,1.4406380324553,11.4084994322253,-2.59864335617613,-7.14410178665911,-0.46945300320117,5.52558232171146,11.6473445068103,12.5564057500639
-11.4188831668251,-4.1197645391344,-4.62843097380782,1.46845724950309,11.4179382078884,-2.63689522759408,-7.15701790168989,-0.492304683815693,5.47838909025897,11.5544479208318,12.4654964996662
-11.3249925827846,-4.10833868779256,-4.60905683937348,1.51714087935983,11.4591707541992,-2.6632244377903,-7.1788759425094,-0.525091877781282,5.44361513027906,11.4600610153058,12.3795549678158
-11.2276245697472,-4.08300310437701,-4.56434729838114,1.57874057424519,11.4720869735311,-2.70843119495524,-7.19626302042852,-0.567814585050033,5.39691866968794,11.3751128002595,12.3169617134058
-11.1074048800255,-4.06660949157455,-4.55788925357488,1.64232735607028,11.4924548578523,-2.73774107049736,-7.20520494621415,-0.598117900653387,5.35568668849704,11.3030806880134,12.1947558357233
-10.9787400056175,-4.01097056328178,-4.53901189183548,1.74019138743017,11.5004033005108,-2.76456705830028,-7.24842425417627,-0.649285794200015,5.34326741705097,11.2315453489335,12.0879498857068
-10.8679590519745,-4.00053826423318,-4.51268293995186,1.79036533241323,11.5103388538395,-2.78692204811823,-7.27028229499458,-0.696479482462613,5.33233845817856,11.1644809685275,11.9880987416783
-10.7939394911583,-3.99457695048979,-4.48883785143113,1.84053927738627,11.5475971788064,-2.84057402367408,-7.29263710947858,-0.726782798093196,5.29160324783793,11.1008940004245,11.8956991755642
-10.6210615899822,-3.96675748631337,-4.45157990066129,1.92002275474712,11.5669715077759,-2.85597412779768,-7.33386932276749,-0.768015178311805,5.28415168495793,11.0412812176973,11.7779642445982
-10.5266742305455,-3.95135742581143,-4.40985099577361,1.97566118877454,11.5659779524438,-2.88925822377229,-7.3368499646975,-0.806266904610393,5.26030668375967,10.9652749197793,11.6850679066126
-10.4278158910083,-3.93347348458204,-4.37607045375486,2.04222860085294,11.5669715077759,-2.93794242382379,-7.34777898511924,-0.828621809596401,5.21808116083685,10.8912557146291,11.612042442987
-10.3637318418253,-3.92602184240557,-4.35272213794048,2.09985412175662,11.5997588337294,-2.99010406676474,-7.36168864747037,-0.857434798235787,5.19672001393294,10.8122687775269,11.5380234356657
-10.3085897529498,-3.91906697637412,-4.30999968772885,2.14754420803127,11.5977717230658,-3.05319481584309,-7.36268219478097,-0.863396106235499,5.13611396925468,10.7238431498148,11.4570496222347
-10.2201637006213,-3.91956375251926,-4.28168364516231,2.20467295714949,11.6340364926842,-3.08747246693703,-7.38553378292863,-0.894196197580794,5.11723667664492,10.6468433054354,11.3716048620735
-10.124286014604,-3.90565402045343,-4.25038696652123,2.25335658684683,11.6464559343334,-3.11678234251496,-7.41583697590164,-0.924499513231606,5.09587552973007,10.5807724712015,11.2911278204499
-10.0289051042726,-3.89571849755788,-4.23697410424569,2.28514997764178,11.6658302633005,-3.12870500377034,-7.44266275330929,-0.971693201574179,5.0516629233206,10.5087403586585,11.199225026
-9.94644035882954,-3.88180876550029,-4.21412256113508,2.31843368364979,11.7020950329092,-3.17093109570553,-7.45806273662893,-1.00398361992544,5.01589542151536,10.4426695243949,11.1356382276705
-9.85900785774438,-3.86690548114846,-4.17338720165763,2.37059471541819,11.7050756989035,-3.21117007745118,-7.46402402049599,-1.03478371127074,4.98410208655876,10.3557342160936,11.0601289046512
-9.77405923432801,-3.84753121147365,-4.14954211320857,2.4227557472635,11.7025918105752,-3.23402184487862,-7.4928368924885,-1.05664184057888,4.95131520985438,10.2727730931501,10.9930647032986
-9.68066542639326,-3.83064082254764,-4.13215506953616,2.47044583344877,11.7179919182179,-3.24693806123941,-7.52910136934296,-1.07104833491874,4.91952187487995,10.1947797021565,10.9200392395827
-9.63843950258921,-3.82070529964831,-4.105826117716,2.5047230828649,11.7358759141878,-3.28966093075377,-7.54301103170743,-1.08297095092184,4.88276083132293,10.119766950331,10.835588022963
-9.53660051003869,-3.796363268555,-4.07105203039343,2.54843899516318,11.7423340238391,-3.31251269817317,-7.55095941019859,-1.12817753663218,4.84301916260489,10.0601541673926,10.7491497189217
-9.45016156015362,-3.76755025216096,-4.04671016927523,2.59265167921145,11.769160017782,-3.3348676880439,-7.59119807632384,-1.15848085232579,4.81072905676006,10.0020317040069,10.6691694490375
-9.38756783790742,-3.73476302660427,-4.02534894421295,2.62494184168392,11.7696567954476,-3.34679034930545,-7.60610128600089,-1.15997117932761,4.75310363710624,9.92552863250457,10.5971375289791
-9.33540640266347,-3.72383395141548,-3.98809099352627,2.66816098223373,11.7875407914091,-3.36765500651835,-7.61802385374187,-1.19871968137649,4.70789748891025,9.85697393207645,10.5410023084823
-9.26436749572534,-3.70992421936877,-3.93145890848166,2.71982524216711,11.808902231018,-3.399448769895,-7.62795932686589,-1.20716486772362,4.7004459260228,9.79934824184322,10.4933122096496
-9.17892209711875,-3.67962087455756,-3.91059445610363,2.77347658904781,11.8133732300064,-3.42528120264495,-7.64435285751086,-1.21759715674093,4.66567196587415,9.73129031457691,10.3889901184006
-9.09297992305378,-3.65676917190312,-3.88674936767515,2.82414730549183,11.8148635630034,-3.43869419657517,-7.66422380374855,-1.23150687542907,4.61798196334619,9.67316785108822,10.310500164044
-8.97921831670744,-3.61653030416807,-3.8624075065852,2.87879219584967,11.8302636706345,-3.45210719051012,-7.68012056072955,-1.28317154480105,4.60158852497421,9.65031628422505,10.20667484467
-8.8917858159774,-3.59367860152282,-3.82018182917044,2.9249919667326,11.8565928868999,-3.48340417633628,-7.69999150698196,-1.31248130918076,4.56780810650948,9.62349053183395,10.110301103216
-8.77405000527577,-3.55642039068778,-3.79583996809062,2.9637401616536,11.8709994391974,-3.49234617229078,-7.71886890592226,-1.36861695962744,4.54098248008816,9.56089710955161,10.0457207609633
-8.72685632594136,-3.54747842008841,-3.77249165235753,3.00646253039772,11.8794446595075,-3.50973338664621,-7.74817855163853,-1.37060406229845,4.51763424968014,9.50525851197173,9.97021143772518
-8.6727077885215,-3.54052355406756,-3.74964010929927,3.05812679028465,11.8908705458058,-3.53357870919796,-7.74370758873131,-1.40190092937611,4.48484737292377,9.41385224440298,9.90960527036707
-8.58577206343868,-3.52909770274796,-3.73175629298908,3.10532010457322,11.9152126514031,-3.57928224408883,-7.77599787640696,-1.4262429370888,4.46398299680201,9.36914265701705,9.83657980643857
-8.54056548631504,-3.50475567166391,-3.69996284180217,3.11674585435805,11.9330966473488,-3.60660500951413,-7.78792044415579,-1.42077840474387,4.42324778625372,9.29214281203489,9.76752851739048
-8.49088792913519,-3.48836205890517,-3.69549188772789,3.14704892983346,11.935083758009,-3.62498577898549,-7.79835269094188,-1.44810106648044,4.37655132543028,9.22110424538333,9.6959933690246
-8.36967468975072,-3.45507805727233,-3.66717584525655,3.2478935907084,11.9360773133396,-3.61157278505415,-7.83859135713334,-1.5062238196799,4.36909976253356,9.18831721464147,9.61700664259475
-8.34334558446026,-3.45160062426165,-3.65525330105508,3.26726768813818,11.9738324158945,-3.65826987509199,-7.83859135713335,-1.53652713542799,4.32935809367493,9.10883350359644,9.55838756264871
-8.33589395087479,-3.458555490285,-3.62842757662969,3.30055139400984,12.0031422981278,-3.69552819161732,-7.83660426250996,-1.54596587311662,4.2846487162297,9.01693046267022,9.5166587260707
-8.31950035702184,-3.47395555076088,-3.61104053301935,3.34873825169816,12.0205295163975,-3.74371561431843,-7.83610748885338,-1.56732722684507,4.25186183943093,8.94042739082582,9.48287823931523
-8.2668421465071,-3.45656838572476,-3.57626644582402,3.41778952194725,12.0394070676685,-3.75166405516967,-7.85299779318506,-1.58670147792201,4.2379522553467,8.89422748376929,9.4098527752455
-8.22560977410864,-3.45905226644646,-3.55192458477534,3.45355708640666,12.0548071752837,-3.78544492881056,-7.85995262437893,-1.61004993432168,4.18579131497675,8.80282121595864,9.37358842916113
-8.16798380780854,-3.44116832525945,-3.51267954350911,3.48236984666994,12.0518265092935,-3.80929025138603,-7.87833324967123,-1.62544998004515,4.13909485405076,8.76307936035513,9.32589833018559
-8.12426755759498,-3.43520701152969,-3.47442804757661,3.50273748753885,12.0582846189369,-3.81078058404698,-7.87982357064226,-1.64333390409848,4.09140485140644,8.69800207185865,9.28218240613124
-7.99957688924757,-3.39695524844861,-3.44859586853181,3.59165962694435,12.0607685072614,-3.81674191468937,-7.91658482125055,-1.69003081691401,4.09786287259636,8.66322794821478,9.20518276711047
-7.93002830936099,-3.38652294942627,-3.41084114528555,3.64680128875664,12.0702072828945,-3.83561946172868,-7.94390737238545,-1.72083090837242,4.07650172558823,8.60709257717408,9.14557014336504
-7.92307345138128,-3.40092945758992,-3.39941537377562,3.63686585421038,12.1015042757838,-3.87536166599149,-7.94341059872822,-1.70642441397337,4.03924391106372,8.52115081450315,9.1088090253456
-7.83266029757524,-3.38205196411234,-3.35569937844304,3.69250428775002,12.1119366067406,-3.87685199865377,-7.96278477133095,-1.72579866505031,4.03924391106373,8.47495090730353,9.06906727617603
-7.79391180296651,-3.38950360628251,-3.32291238198164,3.69449137466597,12.1114398290759,-3.90119409881493,-7.95980412939628,-1.72381156237863,3.98956682489829,8.40291879383048,9.04770608600451
-7.75814396186995,-3.38254874025989,-3.28366734075626,3.69796877676267,12.1183947163797,-3.90814898457361,-7.94142350411255,-1.7228180110419,3.95379932287577,8.31846735052321,9.01392559921774
-7.79639568081779,-3.41334886118982,-3.25137711699684,3.69995586367277,12.1367754899687,-3.97471717680624,-7.92751384172061,-1.70642441397554,3.90014806989043,8.2528932886993,9.00399016191803
-7.74721489937085,-3.38453584483419,-3.21859012053836,3.7357234280679,12.1526723752367,-3.98465272788615,-7.92552674709352,-1.73871483244705,3.88226431887567,8.20420951544449,8.9553065191727
-7.68462117750513,-3.3746003219584,-3.19623535023806,3.7878844594729,12.1685692605129,-3.99508505652038,-7.95533316652608,-1.77050847526979,3.88027723542964,8.16397088656017,8.88774554551719
-7.62649843586181,-3.34429697718885,-3.17835153398798,3.85941958821317,12.1636014838643,-4.00949160558102,-7.95732026115432,-1.80726987476469,3.87928369370669,8.12373225768225,8.81869425627905
-7.65133721436766,-3.37559387425056,-3.15748708171173,3.85147124057299,12.1849629234429,-4.04774347723828,-7.94490091972425,-1.80031501540204,3.82662598240603,8.03928081427881,8.79981692539751
-7.59619512616594,-3.34876796250012,-3.13612585675493,3.88674203318363,12.2053308076887,-4.06662102429245,-7.94937188264116,-1.80726987477041,3.80178743934514,7.99407445340713,8.74765587954026
-7.62798876266035,-3.36714867982519,-3.09042277079337,3.89518715254828,12.2321568015554,-4.11977622259696,-7.933475125617,-1.83657963924875,3.73124597699195,7.92651329866112,8.74566879207869
-7.63196296721641,-3.36267769453009,-3.05316482031613,3.90859998918189,12.2391116888569,-4.15951842695861,-7.95185575092593,-1.84999258231338,3.68256243253437,7.86044246343597,8.69052711503412
-7.53012397526078,-3.32343237912714,-3.04223582150996,3.99305118292634,12.2684215710486,-4.14560865543491,-8.00848794776858,-1.9145734192473,3.68852368288062,7.84504249431274,8.60061140743069
-7.44318825058575,-3.29511613891348,-3.01541009718111,4.05564442056315,12.2763700136785,-4.14759576565205,-8.05965563441553,-1.96276065913751,3.69051076632797,7.82864897880314,8.51119247166748
-7.33936215643435,-3.2434514199572,-3.00646818907415,4.11774088640372,12.2714022370344,-4.13915054722424,-8.09691365870368,-2.00349626399472,3.68305920340215,7.78890712304072,8.43220574503839
-7.32843309390367,-3.23749010623286,-2.98560373681589,4.13363758166982,12.279847457328,-4.17491853114601,-8.11678460498442,-2.01988986108552,3.63536920061931,7.73277175168187,8.39743171446618
-7.27676843470348,-3.21811583663716,-2.97368119266796,4.17288254806539,12.3086605618592,-4.19777029864638,-8.1143007366965,-2.03678023385636,3.61053065752749,7.69203634951352,8.37060603371526
-7.20026499718992,-3.17688341676761,-2.94139096893158,4.22951452480251,12.3220735588075,-4.1858476373542,-8.15851359223118,-2.05963191465869,3.5832082601275,7.65428158653723,8.31248372540614
-7.15058744020279,-3.14856717656713,-2.90711365453431,4.27372720851079,12.3434349983636,-4.1923057455621,-8.1768942175507,-2.0953997628361,3.5777437806451,7.62447519465698,8.26380008256121
-7.11929057938539,-3.15552204257356,-2.88475888425993,4.29906256654466,12.3628093272614,-4.20571873953068,-8.18931355899234,-2.12321920033459,3.55091815410529,7.5653591841219,8.23399377060924
-7.01447093422029,-3.10733475664383,-2.87084924942688,4.38102990136834,12.3543641069739,-4.18286697202083,-8.23700383010667,-2.14805798382559,3.57128575945773,7.53505601904646,8.15500704392411
-6.9185932494807,-3.09839278605618,-2.84799770650861,4.44908762785152,12.384667544474,-4.16498298004994,-8.25290058714566,-2.18581293472415,3.56035680048186,7.5191592767019,8.10980080412257
-6.89673512443187,-3.07703141187708,-2.80676557471333,4.50174543082849,12.37671910185,-4.18187341690119,-8.26035219200655,-2.20916139120719,3.54396336202546,7.48736579202037,8.08645252642128
-6.85748985453428,-3.0541797092734,-2.78341725912882,4.55191937514131,12.3891385434529,-4.19826707619884,-8.28817151684614,-2.24940022048588,3.51366033943236,7.44166265779673,8.06608487991118
-6.80383809313144,-3.04474096255328,-2.7441722180493,4.57725473314865,12.4035450957173,-4.20174451908052,-8.29462957439721,-2.26480026624694,3.4888217963266,7.40788208033245,8.04124628659617
-6.74223792259289,-3.02486991681642,-2.72281099314522,4.64332537271237,12.4100032053512,-4.19677674353263,-8.31797793630494,-2.27870998500154,3.48087346251859,7.38652083278006,7.98858846880932
-6.74770245384942,-3.01890860309788,-2.67710790732362,4.66568010037148,12.4194419809646,-4.20422840685268,-8.33188759872168,-2.29063260108396,3.44758981472803,7.3254177293616,7.95083380697823
-6.77949609019041,-3.03083123052261,-2.65375959173773,4.66518332864641,12.4571970834381,-4.25639005004978,-8.3229456728745,-2.29609713345374,3.41629325038842,7.27176622394872,7.93096293232134
-6.7427346980832,-3.02934090209195,-2.63438545754428,4.70840246880568,12.4606745270847,-4.26930626647079,-8.32691986213523,-2.31795526292806,3.36810647670736,7.24394692481773,7.88973086741195
-6.71888947081991,-3.02586346908847,-2.59514041646826,4.74367326130899,12.4611713047485,-4.30855169331087,-8.33486824066235,-2.32242624395834,3.31892616129252,7.21066312048486,7.86091809916851
-6.6781538742387,-3.02188925994404,-2.55639214806582,4.77000216272623,12.4666358590526,-4.33339057103999,-8.34331339285193,-2.33931661675045,3.28514574264807,7.17886963576289,7.8311117871673
-6.67169579186007,-2.97966328777062,-2.54844378531896,4.78987303172855,12.4750810793314,-4.35922300389113,-8.34977145040301,-2.36067797058098,3.27322324194042,7.1326697282475,7.80130547517952
-6.63046341966065,-2.96525677961428,-2.52608901511104,4.81769224833942,12.5004167401848,-4.38555221430064,-8.36715852842369,-2.38104577306794,3.22503646821936,7.09342464551938,7.75709277906583
-6.60413431457384,-2.9354502110342,-2.49677942750858,4.84451792148452,12.5063780721515,-4.39201032251189,-8.36864884939845,-2.38899418379956,3.19175282040117,7.07504403715889,7.71784780161177
-6.59817300775837,-2.93395988260505,-2.49330201880977,4.86985327945964,12.5376750649665,-4.39797165316737,-8.37212626500383,-2.4292330131041,3.14555313014381,7.02884412964594,7.69052534894568
-6.64139248223331,-2.94737283847559,-2.45455375044879,4.85842752977632,12.5630107258179,-4.43274608202419,-8.3567262816145,-2.42873623743412,3.07302458400223,6.96376684044092,7.68754471774792
-6.57283745382834,-2.91210173233853,-2.44461829702585,4.91456273467638,12.5649978364728,-4.42479764114955,-8.37957786989377,-2.46301375871204,3.06855364623518,6.94836687125524,7.6487965121437
-6.53061153057174,-2.91160495619571,-2.41481193675083,4.94138840781212,12.5684752801182,-4.44615907601542,-8.37908109623572,-2.48636221521848,3.05365052034225,6.90465082969417,7.61849342827104
-6.48838560727172,-2.89074035817642,-2.38599912183801,4.97914305890899,12.5878496089951,-4.47050117621241,-8.40839074206051,-2.52163328783144,3.02632812284352,6.85795414891718,7.60160318480069
-6.48043719818899,-2.89223068660641,-2.36215403363429,5.01540739479799,12.6017593835766,-4.45808173733201,-8.41633912059112,-2.5489559497056,2.99950249620349,6.80927037530891,7.57924845080299
-6.45410809311675,-2.88577259674815,-2.34526376282032,5.02832345963146,12.6226240454515,-4.46652695576578,-8.42279717815052,-2.57826571429164,2.96522530663929,6.77548979773272,7.5623582073248
-6.38654661602435,-2.87037253632731,-2.32092190193158,5.08197480583873,12.5967916069404,-4.45559784955613,-8.46204229716425,-2.59366576009108,2.93243842965723,6.74319953972423,7.52510031730573
-6.3428303660555,-2.84603050532462,-2.30303808578677,5.1152585113757,12.5878496089958,-4.43920419024115,-8.47694550690955,-2.61949809498346,2.93045134620236,6.69998027130829,7.48337148047496
-6.30557219852695,-2.84404340075396,-2.2841607243073,5.14556158655173,12.5967916069426,-4.44814618622882,-8.49582290593374,-2.63738201914156,2.91405790770473,6.65328359052759,7.45604902779208
-6.28470762468395,-2.80777874234054,-2.26130918144745,5.17884529207791,12.5878496090004,-4.46354629042902,-8.50377128446283,-2.66172402703312,2.88524519759862,6.60261272409211,7.42624271576928
-6.14809434355151,-2.7526365904773,-2.25137372803602,5.25932231144701,12.5903334973175,-4.45261718421144,-8.5499712346701,-2.70742738872468,2.91505144946893,6.61403850770935,7.36762363549704
-6.09394580675512,-2.77300441232464,-2.22852218518567,5.29310278865578,12.5858624983437,-4.48341739261534,-8.55543574491507,-2.72729841558029,2.89418707320966,6.58919984770578,7.33086251732153
-6.01197783828301,-2.74121073920616,-2.22901895785649,5.35172185204894,12.5987787175926,-4.46851406596273,-8.59666795857938,-2.77300177733411,2.88127103076029,6.56535473408403,7.31446904570777
-5.95385509691551,-2.70444930464582,-2.22454800382274,5.38401201411451,12.6082174931926,-4.45361073930857,-8.61355826297453,-2.78939537448599,2.85891634187039,6.55541927007391,7.27274020886503
-5.89871300897325,-2.65824912335987,-2.20765773303236,5.4217666651069,12.6062303825387,-4.4575849597496,-8.63790017224623,-2.82764710117469,2.86338727964619,6.54399348645364,7.22206947841937
-5.87735165959529,-2.63539742079872,-2.16741914675017,5.47045029401936,12.5967916069313,-4.4600688475248,-8.64684209810151,-2.8395697172902,2.85941311273645,6.50971613561555,7.18083741342493
-5.86940325053753,-2.61801025581959,-2.15003210327991,5.4962824236232,12.6116949368455,-4.47397861906522,-8.64733887176046,-2.85248588474436,2.83258748607546,6.46649686711709,7.1525214169849
-5.83810638981108,-2.60459729997174,-2.13264505982413,5.52857258565818,12.6295789327308,-4.49931427437492,-8.65926143956553,-2.85397621175843,2.79781352558388,6.43867756785409,7.14854724204614
-5.79687401781051,-2.5887004634125,-2.1311547418135,5.57129495386086,12.6256047114216,-4.51272726836269,-8.66919691274405,-2.86689237921624,2.78042654534468,6.39247766015864,7.1247021924152
-5.77104168831461,-2.58522303041689,-2.10134838160846,5.6090496048382,12.6310692657201,-4.52216604190964,-8.69999687957721,-2.88427952772898,2.77496206583719,6.36416158767912,7.09588942410328
-5.73278996973057,-2.5787649405675,-2.07154202140961,5.64183653856206,12.6410048189853,-4.51819182146812,-8.7009904268948,-2.90663443294356,2.75558800212646,6.33038101000799,7.07254114634141
-5.7447125833271,-2.54746804358985,-2.03527761651556,5.64779779924002,12.6867083640043,-4.52266281946552,-8.71142267373067,-2.90216345189927,2.71833018732453,6.28020691670034,7.05763799031372
-5.792899813245,-2.54846159587415,-1.99752289357571,5.64481716890215,12.7006181385708,-4.55197269522447,-8.69204850103334,-2.9026602275711,2.65623382928034,6.22655541094041,7.04372837802958
-5.78942238427855,-2.52809377404791,-1.96771653338129,5.70741040598796,12.7075730258522,-4.55892758099526,-8.71688718399603,-2.94091195431289,2.64331778679942,6.17240713199264,7.02683813453199
-5.75166744125271,-2.51368726592356,-1.95231658061669,5.73821025279721,12.7204892450992,-4.55445658299915,-8.71639041033709,-2.95879587850501,2.61351153494222,6.15502006994842,7.0154123815786
-5.72533833623041,-2.4992807577986,-1.93641985519856,5.76354561065359,12.73787646332,-4.57184379743279,-8.72831297815099,-2.98264111075811,2.57923434531356,6.10732984259108,7.00150276928077
-5.74371903218029,-2.50077108622488,-1.91555540305813,5.76851332788126,12.77016701143,-4.59668267520362,-8.72384201522097,-2.99605405389272,2.53353142573554,6.08348472889407,6.98808992885411
-5.71490604932372,-2.47543550297761,-1.89568449627366,5.81670018497465,12.7830832306707,-4.58326968121279,-8.72980329912644,-3.01592508075803,2.52806694622431,6.05020092436439,6.95232235438571
-5.74272548102752,-2.46450642784937,-1.87581358947797,5.84253231454115,12.8168641117741,-4.59370200987514,-8.72682265717232,-3.04573162107823,2.49726715262123,6.0303299962883,6.93394179528451
-5.73428029639039,-2.44662248673724,-1.8658781360881,5.87730633511491,12.8302771086824,-4.6105924467579,-8.71490008935971,-3.05914456422732,2.47441569284674,6.00052360415833,6.91059351749775
-5.73676417421876,-2.42675144105793,-1.85544591003106,5.8976739757344,12.8446836609083,-4.617547332531,-8.73675813036027,-3.07404783438474,2.44162881575575,5.96525270681904,6.87730980236447
-5.71291894703135,-2.41284170908124,-1.83905241195408,5.95529949552943,12.8337545523262,-4.63990232253054,-8.74917747183939,-3.11031245844051,2.41430641819095,5.93594308789397,6.85545184017947
-5.65578975693265,-2.40886749994428,-1.80974282446745,6.00348635260361,12.8481611045458,-4.63990232253054,-8.76159681330965,-3.13564801772082,2.43318371105644,5.92700117025237,6.80031016285781
-5.63691228540891,-2.40489329080952,-1.78440741834397,6.0218669063137,12.8580966578008,-4.66076697985501,-8.73973877230069,-3.12670605561856,2.42622891894793,5.89371736568384,6.78143283188063
-5.62051869174428,-2.37558349844586,-1.76105910288921,6.0630989592258,12.8725032100281,-4.68461230251056,-8.75464198207461,-3.14906096088198,2.40933870954279,5.84354327226574,6.74864588860313
-5.62200901844292,-2.36415764718062,-1.75311074018581,6.08942786049341,12.8908839835596,-4.69802529651085,-8.76159681330302,-3.16545455807305,2.39741620878884,5.82516266377267,6.72529761080551
-5.58723472881935,-2.35670600505017,-1.72280760736155,6.14009857614495,12.9072776464265,-4.68411552495601,-8.77997743868909,-3.19277722004272,2.3944355835954,5.81473042652068,6.7228137514667
-5.58276374872387,-2.32789298884136,-1.68654320254076,6.1564920429646,12.9072776464265,-4.70100596183457,-8.79190000650594,-3.22655796576065,2.38400339543353,5.80628528207837,6.69052358004137
-5.55544109258594,-2.31597036143453,-1.63835625365927,6.18679511799034,12.9201938656571,-4.7169028436145,-8.80133870602904,-3.24493866564769,2.35469391438082,5.77051761148825,6.67760751147821
-5.52315068076423,-2.31298970458383,-1.61252407487323,6.21362079096295,12.9296326412539,-4.74124494384884,-8.82667416264019,-3.24593221699244,2.31544901601252,5.7456789513437,6.66866561785377
-5.48489896223458,-2.30255740560892,-1.5762596700589,6.25634315902405,12.9405617498322,-4.76707737673801,-8.83412576753278,-3.29262913022678,2.32091349553135,5.72481447683003,6.65525277741831
-5.4560859794133,-2.28020247923506,-1.56533067134984,6.28018820164914,12.9475166371125,-4.75664504806896,-8.84753865633981,-3.31001627877081,2.30601036957144,5.71040805395173,6.62296260598459
-5.43621495680069,-2.2523830152952,-1.54595653727671,6.32191702623785,12.9609296339974,-4.75217405006951,-8.86691282905045,-3.33336473539188,2.26080422083796,5.68805325982906,6.61004653741066
-5.43025365000666,-2.24443459702768,-1.52658240320818,6.33582663443964,12.9534779690566,-4.76956126452046,-8.88032571784826,-3.37459711623123,2.2165916138068,5.66073073364649,6.59713046884168
-5.42131168983046,-2.23648617876587,-1.51217599581619,6.37010388318119,12.9698716319235,-4.78347103608049,-8.89721602227354,-3.37111968652189,2.18032734062482,5.64384044474282,6.56980801608782
-5.39647291153134,-2.22108611837368,-1.4853502717201,6.40537467539088,12.9748394085508,-4.78198070341342,-8.90168698520749,-3.37310678921266,2.15399848476842,5.62744692904459,6.55838226311756
-5.40193744275472,-2.19326665444088,-1.45156973027581,6.42176814219175,12.9832846288104,-4.80532924852793,-8.90516440082318,-3.39049393775892,2.15399848476842,5.58869861920058,6.52658886356575
-5.36219539749654,-2.19376343058211,-1.43666655023527,6.46399373848335,13.0046460683058,-4.81278091186049,-8.93248695209975,-3.39049393775892,2.12170837851918,5.56385995905406,6.51565988246144
-5.28420163377516,-2.14557614487446,-1.42375046086795,6.51714831259763,12.9996782916796,-4.81079380163742,-8.96328691899883,-3.41433917007087,2.13561796275285,5.5429954845116,6.48237616729676
-5.23402730164215,-2.09391142618906,-1.37755060275393,6.53900626832641,13.0081235119467,-4.7914194769591,-8.98315786538533,-3.45358444822926,2.14853400526217,5.52858906161266,6.44313118969681
-5.23700795503199,-2.07404038053538,-1.36811192206172,6.54695461586256,13.0190526205192,-4.79837436274171,-8.99706752785969,-3.45557155092258,2.12866317064118,5.50623426746507,6.42872480551987
-5.22856277041821,-2.05963387243904,-1.34824101533628,6.57079965845915,13.0488592802645,-4.81178735674561,-8.99408688590171,-3.46202963467149,2.10829556514496,5.46947305041504,6.43269898046711
-5.21316272790423,-2.02634987098283,-1.32687979061499,6.59017375555995,13.0568077228588,-4.83513590186302,-9.00700300105364,-3.4789200075639,2.09339243916684,5.43767956539458,6.43617638354516
-5.16100129351677,-1.99455619793961,-1.30700888390135,6.63339289526787,13.0786659400107,-4.8341423467512,-9.03482232599932,-3.5022684642228,2.09488275176496,5.42973119413398,6.40438298397116
-5.10436887914129,-1.96226574877864,-1.27074447914195,6.65475407923644,13.0866143826081,-4.82172290785793,-9.04823521481886,-3.54499117212383,2.09488275176496,5.4118473588076,6.38947982791494
-5.0869817343465,-1.93047207574281,-1.24938325442954,6.68853455622388,13.1054919337806,-4.82718746097097,-9.06413197192632,-3.58026224491904,2.07153452107132,5.38849901824292,6.35172516590068
-5.02438801313161,-1.8976848504357,-1.23746071040666,6.72231503322561,13.1079758220916,-4.84109723253937,-9.0959254861578,-3.61603009340628,2.04967660297274,5.35720230638728,6.32440271313861
-5.00153633713659,-1.87781380479461,-1.22206075771205,6.76056645567143,13.1059887114418,-4.84556823054002,-9.11182224328314,-3.66372055804979,2.03725733132476,5.32888623378004,6.30900278521332
-5.0551880981419,-1.89222031288243,-1.19573180634032,6.71983117458719,13.1308275945605,-4.87239421856534,-9.09344161786932,-3.6503076148707,1.98360607779957,5.28715728462534,6.32390594126098
-5.07605267188802,-1.91656234378736,-1.180331853664,6.74069558685141,13.1333114828737,-4.89971698414187,-9.08002872905604,-3.66173345536218,1.94932888804528,5.24791220149956,6.32340916939235
-5.09343981666908,-1.91457523922292,-1.15648676562321,6.75857936879618,13.1323179275492,-4.9081622025949,-9.0715835768382,-3.6522947175707,1.89617440533864,5.19376392223139,6.32539625686537
-5.0695945895396,-1.90613004482572,-1.13363522291813,6.77894700932486,13.1298340392387,-4.90716864748324,-9.0889706549333,-3.7009787335935,1.88176805021924,5.1704155816351,6.29857057596307
-5.03432352446246,-1.89967195499639,-1.11128045289017,6.81769520347001,13.1308275945628,-4.8977298739224,-9.10238354375469,-3.70544971465573,1.85792304863151,5.14358982860708,6.25237079218468
-5.02289768646821,-1.88675577533487,-1.08395795619745,6.83607575711052,13.1164210423517,-4.90965253526698,-9.09443516519441,-3.71737233083286,1.84053606831329,5.12371890044082,6.22306125192774
-5.05220744476944,-1.89917517885307,-1.06259673151295,6.858430484495,13.1323179275371,-4.95783995820886,-9.09443516519441,-3.71041747140067,1.82016846279915,5.09738992062366,6.2071645521277
-5.02836221764185,-1.8837751184918,-1.03328714416124,6.87234009264968,13.1392728148068,-4.95982706843209,-9.1088416013351,-3.74717887128394,1.80774919114266,5.0675835283711,6.19921620222495
-5.03034931990024,-1.87433637182096,-1.01540332814286,6.90810765647152,13.1377824818202,-4.95833673576366,-9.11828030088332,-3.76555957122675,1.78092356435319,5.0730480336195,6.17189374944232
-5.01892348191051,-1.8688718342726,-0.990067922127731,6.91208183022792,13.1576535883093,-4.98814338912266,-9.1138093379404,-3.77946929010329,1.76949783443034,5.05218355903938,6.16444217141161
-4.96974270098461,-1.8420459226679,-0.979635696123979,6.98659758824577,13.1586471436334,-4.97174972977028,-9.14311898387939,-3.81722424129785,1.76204627142953,5.04572550737617,6.12022947511904
-4.92354257342717,-1.80826514509231,-0.972680878790931,7.03975216224887,13.1874602480441,-4.96777550932085,-9.16050606197259,-3.85597274388449,1.75459470843182,5.05417065185323,6.09638442541702
-4.93198775803945,-1.81323290650374,-0.964732516118219,7.06359720481695,13.1939183576526,-4.98516272379235,-9.16448025125109,-3.86243082763605,1.74068512414919,5.02833844517467,6.08197804123515
-4.94242004490581,-1.79534896543734,-0.935422928781304,7.08346807360538,13.2053442438781,-5.01248548937794,-9.1649770249112,-3.85497919252257,1.70640793434127,5.01442879544388,6.06906197264549
-4.92950388024204,-1.77299403911874,-0.925487475445134,7.11277760502418,13.2222346843798,-5.02987270383501,-9.18286087668848,-3.90068255455136,1.68902095399924,5.0025062385302,6.08247481310334
-4.94142649380137,-1.77299403911874,-0.911577840782342,7.15450642944249,13.2445896791858,-5.01844682004633,-9.19726731283155,-3.90515353561968,1.66964689019856,4.97568048547227,6.06955874450803
-4.90218122421934,-1.73424550016363,-0.887732752794648,7.18977722148708,13.2455832345095,-5.01149193425492,-9.2022350494339,-3.92750844094634,1.64977605553094,4.96077728933293,6.0437266073181
-4.91161995995464,-1.73722615700696,-0.864881210149271,7.21709966604839,13.2654543409811,-5.04278892029258,-9.21813180656796,-3.92601811392268,1.61996980352442,4.92004188651097,6.03081053872243
-4.89820701971351,-1.7421939184122,-0.837061940825339,7.24938982777694,13.2734027835748,-5.06514391032875,-9.2116737489818,-3.92055358150542,1.61947303265762,4.88924194781729,6.02683636377052
-4.89969734640752,-1.73126484331929,-0.822158760834358,7.29161542388981,13.2858222251206,-5.06862135322305,-9.22111244852925,-3.9309858706694,1.60258282319469,4.85198395743778,6.00746226088351
-4.89423281519947,-1.73076806717876,-0.798313672850203,7.32887330279439,13.2957577783591,-5.09246667592113,-9.20223504944446,-3.93496007606259,1.56780886248811,4.81075178138166,5.99951391098251
-4.88578763060137,-1.72331642507303,-0.783410492860549,7.34576354123303,13.2997319996539,-5.10985389039226,-9.21068020166719,-3.93893428146049,1.53800261046993,4.77548088383457,5.98510752677995
-4.82865844063242,-1.69201952819856,-0.746152542882542,7.38848590909625,13.3106611082175,-5.10339578215852,-9.2365124319987,-3.98662474615429,1.53204136006017,4.79038407999963,5.94586254915207
-4.79537447778817,-1.67165170644505,-0.716346182931546,7.43716953754429,13.3310289923427,-5.11879588641141,-9.25986079403904,-4.02090226770013,1.52309948444859,4.76703573935685,5.91406914952717
-4.78096798644025,-1.64333546647199,-0.679088232973447,7.45853072143257,13.324074105079,-5.12475721708531,-9.27824141949523,-4.01941194067574,1.52210594271432,4.75710027525631,5.86935968131507
-4.7581163104565,-1.61402567418947,-0.664681825656316,7.46995647096047,13.3479194328449,-5.1664865318182,-9.29662204493577,-4.03381843523626,1.50918990017026,4.72828742933643,5.85644361271515
-4.72135491875162,-1.60061271841219,-0.656733463001301,7.5111885235533,13.3633195403557,-5.15555742557863,-9.32046718064603,-4.08349600272147,1.50918990017026,4.72033905805726,5.83607596607167
-4.66770315777703,-1.56881904543614,-0.658720553664878,7.56384632569323,13.351396876475,-5.15555742557864,-9.33785425877741,-4.09442506756428,1.50769958756879,4.72182937767426,5.83855982541735
-4.64584503295494,-1.53752214860068,-0.645307691685935,7.59315585706315,13.3633195403597,-5.15506064802205,-9.34530586368472,-4.11578642156781,1.48633844028465,4.71338423318488,5.82961793177395
-4.63491597053419,-1.52758662579336,-0.60854651443159,7.61501381266297,13.368287316976,-5.17344141761459,-9.35176392127265,-4.12224450533881,1.46746114733888,4.71040359395131,5.80626965392202
-4.60958041676689,-1.49231551984189,-0.595133652455433,7.64183948543121,13.3707712052848,-5.17890597073624,-9.37213164133865,-4.14410263501599,1.46050635519043,4.72232615089254,5.79732776028131
-4.55195445134959,-1.45555408548819,-0.577249836485367,7.70691658045823,13.382197091503,-5.17890597073624,-9.39548000338668,-4.17440595120184,1.47590625207194,4.72481001691916,5.76006987007573
-4.54549636901344,-1.44363145811839,-0.567314383171907,7.75112926338319,13.3990875319989,-5.19231896476212,-9.41485417615951,-4.19079954846753,1.46199666777571,4.69848103701952,5.76652790437184
-4.50972852839407,-1.42077975568424,-0.570791791830122,7.7864000553479,13.3911390894159,-5.19033185453539,-9.43919608555279,-4.19576730521835,1.47143531425448,4.68159074802572,5.76056664193907
-4.50327044606836,-1.43071527847792,-0.562346656517817,7.82316116245097,13.4095198628934,-5.21219006701905,-9.42727351768719,-4.22756094843015,1.44361614567493,4.66072627339741,5.75808278259234
-4.47098003438758,-1.40637324762697,-0.534030614585803,7.85147715038322,13.4030617532929,-5.19380929742537,-9.42926061233053,-4.27674174028668,1.41629374795853,4.65575854133777,5.7461602577268
-4.46799938100846,-1.3904764111601,-0.506708117987981,7.87879959482554,13.3941197553848,-5.19182218720053,-9.42578319670416,-4.3025740754295,1.38847457939123,4.61104895282953,5.76404404502413
-4.55245122703868,-1.421276531855,-0.470443713414842,7.85892872610981,13.4115069735417,-5.24795805114832,-9.3915058141183,-4.28568370249321,1.33035238784848,4.55392003409287,5.77149562306015
-4.54549636914472,-1.39643772487236,-0.452559897459639,7.87730927965883,13.4343587459678,-5.24448060825251,-9.43522189630297,-4.31350314030067,1.30998478227757,4.52162977571595,5.75559892324422
-4.51966403980545,-1.36712793261522,-0.445605080150331,7.90959944129659,13.4353523012909,-5.23206116933709,-9.44664769050264,-4.34430323216131,1.29706873972563,4.49579756900515,5.74119253903021
-4.46501872784514,-1.33483748355109,-0.41927612889506,7.93443802716097,13.4562169630733,-5.20622873640935,-9.48142184676587,-4.38404528618321,1.29110748931077,4.48884274412369,5.69996047388066
-4.4819090970055,-1.35123109616119,-0.39642458629445,7.93841220089621,13.4507524087958,-5.20424162618343,-9.49185409364812,-4.3974582294282,1.25881738293287,4.47095890872467,5.7064185081857
-4.4073927624774,-1.30304381060318,-0.361153727079299,7.97765716655657,13.4507524087958,-5.20026740573054,-9.49880892490497,-4.4491228996899,1.26825602942064,4.47344277475452,5.67313479295498
-4.36963781965654,-1.26578560016031,-0.328366731187698,8.01988276248873,13.4626750726692,-5.17741563813492,-9.50874439813612,-4.47892944022166,1.24987550732636,4.462513764221,5.66220581182569
-4.3954701489693,-1.25485652508749,-0.304521643270073,8.02534725137665,13.4621782950078,-5.17890597080499,-9.50377666152778,-4.46849715103702,1.20914029612329,4.41979126848088,5.67512188042684
-4.39000561776588,-1.26429527174099,-0.285644282008675,8.0660825321912,13.4815526238032,-5.19082863216145,-9.52513792895746,-4.45856163752055,1.19274685747581,4.40737193832602,5.66319935555739
-4.41484439593603,-1.26975980927526,-0.273721738052693,8.06061804330573,13.5083786175155,-5.20473840373879,-9.54550564906429,-4.43918738616021,1.1654244597387,4.38799778327259,5.65922518060319
-4.28717307587056,-1.21114022476158,-0.25931533077832,8.1122823019255,13.5053979515468,-5.14115087644499,-9.5917055995213,-4.48985850501336,1.17237925189787,4.41780417567871,5.6105415374069
-4.26183752213026,-1.21014667248282,-0.242425060171506,8.14308214837511,13.5063915068691,-5.1322088804295,-9.56239595349946,-4.51072308339526,1.14704393762264,4.38253327800329,5.61848988731573
-4.257366542055,-1.20368858266836,-0.228018652897133,8.15053372413026,13.5183141707425,-5.14115087644795,-9.57183465306116,-4.5221489239367,1.12916018638331,4.37309458708083,5.62097374666338
-4.25786331761774,-1.2066692395032,-0.214109018288425,8.17537230996375,13.5322239452522,-5.1649961991495,-9.58127335262985,-4.54152317530203,1.11028289339138,4.3462688339424,5.6254446934891
-4.23352131500787,-1.18034010410466,-0.188773612398127,8.20368829780442,13.5446433867898,-5.17145430738431,-9.60015075176542,-4.56089742667235,1.07848955783069,4.32341726646322,5.61352216861735
-4.24892135745893,-1.15897873012599,-0.188276839733655,8.23299782907008,13.5595467166274,-5.1610219786986,-9.61008622499412,-4.5604006509961,1.04470913880159,4.29808183294325,5.60060610001213
-4.27177303337006,-1.17586911885278,-0.162941433861399,8.23299782907008,13.5684887145278,-5.18188663606764,-9.59816365711739,-4.57679424830818,1.03924465925684,4.28566250278377,5.59067066261901
-4.22010837477105,-1.14159156524823,-0.148038253930131,8.26777184923092,13.5888565986325,-5.16946719715325,-9.63641522903686,-4.61902018075696,1.0466962222879,4.29261732767834,5.57576750654035
-4.17390824737137,-1.11824308669121,-0.148038253930131,8.29658460878128,13.5868694879877,-5.16748008692676,-9.64237651297522,-4.64435574023406,1.05315424357484,4.27026253337881,5.5553998598793
-4.28568274944041,-1.16593359613513,-0.11574803075865,8.27671374009423,13.6246245901895,-5.22361595087456,-9.60909267769059,-4.61256209701817,1.00496746929437,4.21959166622109,5.56781915660973
-4.27972144268275,-1.14357866987602,-0.108296440794011,8.32191996627689,13.6420118083341,-5.24199672046557,-9.61704105627573,-4.64435574028804,1.01241903231941,4.20717233605765,5.5623546660428
-4.25239878671688,-1.11128822083916,-0.100844850825834,8.35570044297348,13.6420118083341,-5.26782915340832,-9.64883457060669,-4.66372999166285,1.009935177977,4.22306907868016,5.5375160725719
-4.21712772170656,-1.09787526507633,-0.0660707643525575,8.37954548537125,13.6569151381659,-5.27031304119181,-9.65976359115796,-4.68956232682494,0.976651529795219,4.20915942889101,5.52211614461373
-4.22457935514886,-1.07055257743784,-0.0670643096813675,8.40835824489941,13.6574119158267,-5.28819703323355,-9.66324100678977,-4.70049139170627,0.982116009347318,4.19425623268637,5.48734211373256
-4.24544392881302,-1.04720409890153,-0.0437159944830772,8.41879045093586,13.6822507988792,-5.28919058834675,-9.65280875989663,-4.70347204576497,0.992548197583655,4.17090789197227,5.4759163607268
-4.26332784909059,-1.06459126376642,-0.0362644045177754,8.43816454785057,13.7041090159546,-5.30806813549565,-9.6478410232816,-4.70347204576497,0.988574030635362,4.150043417283,5.46150997650786
-4.26084397127316,-1.03577824771037,-0.0258321785815183,8.46797085080776,13.7080832372424,-5.32197790708511,-9.67019583805691,-4.72632372688988,0.95827100767871,4.13712731390839,5.45803257341962
-4.2394826220757,-1.02832660562904,-0.000496772728806327,8.51367384864137,13.7085800149032,-5.33390056844281,-9.67168615904242,-4.73824634312744,0.950819444647653,4.12073379808132,5.41878759571653
-4.22457935519066,-0.991068395213696,0.0327869957591767,8.53702211928102,13.7021219053062,-5.34830711758858,-9.67864099030633,-4.75364638910035,0.942374339887383,4.12321766411593,5.42176822693594
-4.07256603249829,-0.908603556027868,0.0357676317410969,8.62346039792568,13.6643668031044,-5.31800368659157,-9.72533771445431,-4.82021432964355,0.970690279426875,4.15203051016363,5.36265237446104
-4.05517888779651,-0.909597108305601,0.0680578548828787,8.65624733113702,13.6822507988947,-5.32346823971594,-9.74024092431085,-4.82220143234966,0.954296840768171,4.13215958188496,5.34129118405515
-4.01096586275089,-0.882274420693638,0.113760939948484,8.68903426434674,13.6921863521149,-5.30459069256273,-9.76607315474589,-4.84952409457794,0.933432464279933,4.1386176335715,5.31496227495743
-4.00450778043041,-0.843525881866183,0.138599573099469,8.73374371876585,13.6802636882504,-5.30707458034649,-9.77203443868572,-4.85697572972727,0.925980901246688,4.11626283924582,5.27969147218987
-3.95333989750437,-0.838061344342291,0.177844613542642,8.78491120541173,13.6906960191261,-5.29167447608753,-9.78196991192315,-4.87734353247717,0.915051942141019,4.11477251962471,5.27770438470993
-3.8450428248641,-0.782919192997425,0.164928524288037,8.84452381122978,13.6703281350254,-5.27677114939381,-9.83214405179764,-4.91311138121744,0.908097149984057,4.12669507658874,5.22802719768648
-3.78493298175934,-0.746654534865186,0.200199383412137,8.88724617871891,13.680760465894,-5.27826148206409,-9.85400209291397,-4.94242114613816,0.910084233458301,4.12570153017438,5.20269183232205
-3.78294587950557,-0.761557819027703,0.218083199287743,8.91258153619757,13.6877153531458,-5.29167447610444,-9.85251177192809,-4.93894371640001,0.86537485524297,4.10583060188833,5.19871765736365
-3.77102326600789,-0.753112624671706,0.222554153257772,8.92897500278633,13.7011283499837,-5.30210680479729,-9.86890530277682,-4.95036955696791,0.860903917423023,4.08397258076322,5.19374993866403
-3.89770103481192,-0.820177403461799,0.262295966291098,8.8902268089439,13.7423608958371,-5.34632000740225,-9.83313759916234,-4.92851142720356,0.780427036590142,4.00150822823803,5.22802719766959
-3.8639202965605,-0.788880506738018,0.277199146192742,8.93742012183919,13.7468318947857,-5.32744246024317,-9.837608562119,-4.95931151917435,0.768007764867156,3.99455340333403,5.2180917602694
-3.84603637630833,-0.755596505456834,0.275212055539661,8.96325225099812,13.7314317873006,-5.32545535001598,-9.8500279036755,-4.99060838682249,0.750124013588024,3.98859212484632,5.19275639488795
-3.8927332791678,-0.762054595253163,0.292102326075817,8.96722642471685,13.7418641181766,-5.36519755456636,-9.82270535225495,-4.97570511651136,0.731246720556385,3.93096643279532,5.20070474480626
-3.87286225665363,-0.779441760103745,0.287134599448567,9.00796170532274,13.7537867820412,-5.37712021593197,-9.85400209297132,-4.98911805978741,0.725782240996934,3.92252128826533,5.2046789197677
-3.9051526681968,-0.79881602951236,0.3079990512923,8.98858760845282,13.7527932267199,-5.38953965484971,-9.85251177198536,-4.98415030301716,0.678092237557915,3.88228265845026,5.21362081342653
-3.91558495499051,-0.81669997047492,0.340786047072999,9.01491650929919,13.7652126682472,-5.40891397955336,-9.83860210943195,-4.9970664706341,0.664679424105619,3.85744399809995,5.20120151666003
-3.91061719936843,-0.815209642059722,0.349231182345211,9.02137454158611,13.7473286724691,-5.41884953069095,-9.84406661971516,-5.00551165714494,0.618976504148816,3.84303757508586,5.19474348234862
-3.86888805207551,-0.770996565738451,0.350224727671073,9.0541614747461,13.7667030012294,-5.41884953069095,-9.8544988666189,-5.02886011397022,0.630402234146542,3.81919246111472,5.16742102949789
-3.84852025403003,-0.766028804353986,0.37556013347869,9.07055494132141,13.7736578884752,-5.42828830427412,-9.82916340985894,-5.03879562751302,0.600099211118733,3.80826345054258,5.17487260754706
-3.64285517088251,-0.657731606106338,0.37059240685468,9.19226401147127,13.7681933342103,-5.35973300139341,-9.89424075954354,-5.10983454933764,0.66467942415805,3.87781169968422,5.07998918036541
-3.6473261509426,-0.680086532333363,0.38946976804439,9.20021235889531,13.7637223352617,-5.37861054855249,-9.90616332743336,-5.11728618449925,0.634376401122086,3.8420440287085,5.08446012719583
-3.65577133550454,-0.685054293715627,0.430205126385425,9.2136251951762,13.7806127757287,-5.39997198350342,-9.89920849616067,-5.11629263314456,0.622950671129951,3.83012147172736,5.085950442807
-3.62248737281924,-0.693499488067345,0.42474062709618,9.25386370403388,13.7691868895308,-5.38059765877687,-9.91510525334579,-5.15255725758838,0.626428067216045,3.82515373964569,5.06955697109858
-3.62099704613131,-0.661705815207441,0.441134124960512,9.25833464946117,13.7806127757278,-5.37115888519527,-9.90616332742131,-5.17242828468114,0.596125044177857,3.80975377019883,5.05813121808327
-3.60360990144908,-0.628421813925554,0.442127670285757,9.2955925280405,13.7910451065987,-5.38804932213374,-9.92255685827364,-5.19677029286757,0.593144418959199,3.80428926490862,5.03577648393205
-3.55095169196307,-0.603086230899271,0.456534077502431,9.35570190531451,13.811412990687,-5.3850686567937,-9.9518665043808,-5.24843496342178,0.584202543319415,3.7928634811364,5.03180230896587
-3.51021609589901,-0.590666827442959,0.473424348034079,9.38302434958226,13.8283034311444,-5.39649454060703,-9.97422131919293,-5.27973183111181,0.59115733549339,3.76504418149157,5.02832490587463
-3.50177091133624,-0.603583007033844,0.503727480444576,9.42028222810789,13.8223420992202,-5.40692686931027,-9.96875680890927,-5.2772479527248,0.56284139592203,3.76007644941042,5.02335718717229
-3.51816450488375,-0.591660379715406,0.519624205637632,9.43270152095902,13.8352583183847,-5.41636564289715,-9.97322777186433,-5.30059640957051,0.538996394163434,3.74119906749804,4.99504119057726
-3.56138397873913,-0.616995962747035,0.54595315672809,9.41978545640684,13.8372454290266,-5.4516368494272,-9.97968582947939,-5.2896673446574,0.494783786797154,3.69251529312606,5.03229908086145
-3.5315774450202,-0.596131364934484,0.559862791275313,9.45455947634983,13.8715230876075,-5.44964973919923,-9.98962130272692,-5.31152547448137,0.467958159809543,3.71039912862247,5.02435073094031
-3.51120964696387,-0.594144260381453,0.564333745233539,9.47492711661101,13.8849360844389,-5.4516368494282,-10.0174406278337,-5.33735780971991,0.447590554155443,3.68605724142904,5.0164023810134
-3.51021609583961,-0.57228611030088,0.597120740942271,9.48635286602496,13.9072910791678,-5.47498539461341,-10.0184341751583,-5.33884813675331,0.4153004476188,3.67612177726173,5.00298954051918
-3.43868041492265,-0.533040795423655,0.61351423879056,9.53354617880766,13.9067943015072,-5.46057884546973,-10.0522147842295,-5.36716435039584,0.427719719361231,3.69102497350082,4.97069936893468
-3.40539645227871,-0.526085929490103,0.634875463269045,9.57080405731755,13.9212008536534,-5.4476626289863,-10.0705954097483,-5.39249990996943,0.408842426299571,3.69797979841535,4.96374456275149
-3.51369352473744,-0.566324796662231,0.689023683386436,9.5280816900174,13.9251750749365,-5.49137905401077,-10.0353244796929,-5.35226108000664,0.355191172378171,3.63637992056653,5.01193143418703
-3.51816450479003,-0.54098921363167,0.724791315044293,9.55490736253485,13.9515042909157,-5.47846283752653,-10.0338341587046,-5.34530622051558,0.318926898873411,3.62147672431119,5.00646694361442
-3.4863708688144,-0.527079481764856,0.746152539497439,9.55540413424805,13.9539881792177,-5.46654017615177,-10.0730792780512,-5.37312565846836,0.310978564951545,3.5976316103033,4.98709284066876
-3.45109980392236,-0.516150406728262,0.760062174028987,9.58570720877244,13.9529946238977,-5.47001761905314,-10.1033824714424,-5.38504827474089,0.298062522320611,3.60408966201231,4.98262189383595
-3.45010625279842,-0.515156854451998,0.764533127983634,9.61899091356303,13.9654140654055,-5.47746928241121,-10.0999050558032,-5.40889350728657,0.28564325057119,3.59216710500393,4.97069936894917
-3.45755788622484,-0.503234227138845,0.770494399928908,9.61352642471885,13.9857819494624,-5.47150795172828,-10.1143114920218,-5.39796444237149,0.284152937959728,3.5638510321267,4.9607639315453
-3.42973845475988,-0.473924435001121,0.781423398488438,9.63985532551353,13.9867755047829,-5.457598180129,-10.1321953438988,-5.41435803975234,0.278688458390518,3.55590266079137,4.94784786291035
-3.36664795844973,-0.444117866742139,0.79284916970519,9.6795970625547,13.9907497260654,-5.44021096562721,-10.164982405639,-5.44317102908727,0.265275644890968,3.55441234116581,4.93542856615202
-3.46799017314206,-0.481872853205109,0.814210394150103,9.67015840000707,14.0190660527005,-5.49734038469624,-10.1406404961548,-5.41435803976718,0.206159911329005,3.48983182404392,4.97069936895825
-3.43420943498122,-0.455543717903842,0.83358452795587,9.70294533303834,14.0180724973804,-5.50131460515194,-10.1416340434807,-5.4357193939433,0.202682515236784,3.45754156549027,4.94387368795345
-3.3040542378625,-0.382517625679347,0.818184575463228,9.76752565566607,14.0270144952646,-5.46703695370554,-10.2111823563317,-5.47794532662248,0.221559808299368,3.51069629880732,4.89866744774259
-3.27375092863267,-0.377549864304003,0.816197484817572,9.79782873013324,14.0145950537692,-5.4675337312625,-10.2355242658233,-5.51122929706667,0.215101786983506,3.51417371126796,4.88724169472445
-3.26182831515216,-0.348736848320321,0.830603891991524,9.81322865323651,14.0419178250711,-5.46206917813438,-10.2231049242487,-5.52265513766604,0.196721264777271,3.51914144335544,4.88028688853631
-3.25089925280126,-0.342775534666134,0.838552254575795,9.82117700064514,14.0404274920909,-5.46504984347882,-10.2136662246624,-5.53259065123211,0.192250326941572,3.48287699911438,4.87979011666596
-3.16644740740916,-0.268259114065842,0.854448979738208,9.87135094358296,14.0429113803915,-5.44170129829796,-10.2638403646636,-5.57233270554039,0.21609532869375,3.50125760783246,4.83905482327322
-3.12521503581058,-0.236962217397544,0.883758566771618,9.90960236546085,14.0270144952757,-5.45014651676588,-10.2698016486195,-5.59866181648268,0.197218035605758,3.5017543810412,4.83309356082959
-3.11676985126479,-0.213613738941064,0.916545562407433,9.9369248096451,14.0334726048577,-5.4556110698932,-10.2777500272372,-5.60710700301765,0.182314909500435,3.48287699910624,4.82713229838114
-3.16247320290677,-0.225039590102547,0.922506834343515,9.93394417936976,14.0424146027406,-5.46157240057811,-10.269304874965,-5.5996553678407,0.148037719405764,3.4476061012668,4.84153868262041
-3.09143429746697,-0.203181440037658,0.9185326530535,9.96275693871173,14.0369500484808,-5.41884953065276,-10.3090467680173,-5.64436517887306,0.155489282469276,3.45853511187234,4.83011292960243
-3.07454392840353,-0.176355528628912,0.931448742244896,9.95729244987692,14.0488727123188,-5.41040431218519,-10.3164983729631,-5.63790709504987,0.14555386505965,3.45307060657313,4.83309356082616
-3.13564732238699,-0.209142753681279,0.961751874555651,9.92152488660117,14.0647695974366,-5.43176574713878,-10.2683113276021,-5.61952639493111,0.0899155275616538,3.39544491437206,4.85594506687387
-3.12223438224772,-0.191258812738719,0.984603416966458,9.92301520173771,14.0687438187159,-5.42033986333137,-10.2747693852278,-5.63840387073095,0.0571286500801957,3.37159980034324,4.85296443565116
-3.09938270642583,-0.178342633171273,0.983609871644514,9.95580213475676,14.0503630452987,-5.42083664088843,-10.2921564634346,-5.66274587898693,0.0387481278573167,3.34378050063631,4.85544829500422
-3.08497621515235,-0.156484483118838,0.998016278818894,9.97666654668938,14.0563243772188,-5.41586886531458,-10.3269306198296,-5.67168784120077,0.00695479210838285,3.33682567570532,4.84749994507774
-3.18631842965684,-0.197220126351109,1.01639686726913,9.93543449458138,14.0642728197788,-5.45014651675813,-10.2797371218047,-5.62697803010971,-0.0740188597889983,3.25684518898939,4.89171264156286
-3.20171847205323,-0.194239469527726,1.03229359241835,9.93295063602011,14.0727180399981,-5.46753373126028,-10.2941435580395,-5.6244941517174,-0.0998509450957561,3.2200839715068,4.87730625732004
-3.19128618526529,-0.182813618376609,1.01937750323614,9.95480859134063,14.0821568155374,-5.46902406393159,-10.2941435580395,-5.64436517887307,-0.141579698248869,3.20170336276233,4.86538373242019
-3.14011830245427,-0.163936125156277,1.04222904563814,9.98759552434502,14.0950730346946,-5.45809495767706,-10.3274273934877,-5.66373943033913,-0.131644280824166,3.18680016647214,4.83806127954774
-3.1465763847587,-0.154497378543622,1.07402249593186,10.0034922191366,14.1079892538518,-5.48839838866276,-10.3050725786351,-5.65827489787406,-0.161450533094628,3.14606476327352,4.84749994508459
-3.1465763847587,-0.154994154680543,1.08395794914924,10.0188921422127,14.1005375889539,-5.50528882560087,-10.3348789984489,-5.67516527095465,-0.173373033992599,3.13662607229839,4.83905482328336
-3.11527952440721,-0.142574751246246,1.08892567575233,10.059627422605,14.0816600378752,-5.49833393979994,-10.3771047598407,-5.69255241971519,-0.17784397183388,3.10880677255151,4.82017749220151
-3.06361486615966,-0.100348779630205,1.10184176492726,10.0998659312498,14.0732148176556,-5.50429527048138,-10.3855499121239,-5.69255241971519,-0.168405325280758,3.09738098873526,4.80279047673079
-3.03430510807061,-0.0670647784698194,1.13015780657958,10.1401044398816,14.0985504783074,-5.4988307173544,-10.4118789162974,-5.70497181169436,-0.162940845699245,3.09390357626898,4.7779518831925
-3.01741473900185,-0.0303033443364813,1.14754484970458,10.1699107426047,14.0995440336273,-5.47895961506932,-10.4401950151256,-5.71937830638093,-0.174366575746184,3.06956168899014,4.76900998952313
-2.9289886890684,0.0129161795784051,1.14605453172288,10.2275362611898,14.1020279219266,-5.46157240056283,-10.4898723814709,-5.75415260388724,-0.168902096160123,3.11327773146114,4.73373918671351
-2.90414991101435,0.0233484784572727,1.14555775906219,10.2772134323568,14.1089828091635,-5.45412073720322,-10.5162013856539,-5.77352685535579,-0.155489282631356,3.10036162800414,4.73324241484297
-2.87384660179767,0.0531550466514865,1.16443512017129,10.3005617027864,14.1243829166128,-5.44517874117679,-10.5231562169472,-5.7909140041338,-0.153998970017267,3.10731645293661,4.74417139600131
-2.83509810808758,0.0695486591726545,1.16691898347398,10.3492453304817,14.1184215846951,-5.4392174104946,-10.5430271635126,-5.80879792858127,-0.158469907857782,3.10731645293661,4.7486423428364
-2.77300116292123,0.100348779671844,1.18033184529855,10.3869999805611,14.1238861389514,-5.45213362699196,-10.5802851882824,-5.83959802067733,-0.163437616573782,3.11327773145902,4.71188122441586
-2.77598181628454,0.113761735365041,1.1962285704341,10.4173030549666,14.1536927985268,-5.44170129829349,-10.5499819948055,-5.8505270856197,-0.21361147459617,3.09191648344506,4.71883603060525
-2.73226556696973,0.14704573653666,1.20218984235587,10.4635028240916,14.1745574602444,-5.4451787411937,-10.564885204732,-5.87536586959051,-0.217088870695624,3.09936808159561,4.69648129641665
-2.79585283867406,0.129658571762752,1.21709302216072,10.4669802260695,14.1998931208925,-5.46803050881965,-10.5658787520597,-5.8798368507037,-0.247391893855434,3.06856814257786,4.71088768066441
-2.80231092096194,0.137110213807141,1.24044133717138,10.4724447148898,14.2043641198277,-5.48591450087623,-10.5599174680925,-5.89573367244871,-0.274714291777716,3.0566455855457,4.7143650837608
-2.80976255437323,0.1410844228992,1.26080901623772,10.4982768438806,14.2272158921705,-5.49187583156002,-10.5435239371866,-5.93249507273214,-0.279682000495783,3.04621334813077,4.69697806828626
-2.81224643217611,0.136116661533707,1.27322833274784,10.5151670820551,14.2485773315326,-5.4988307173611,-10.5499819948215,-5.95932095942269,-0.303527002336669,3.0174005019682,4.70244255886465
-2.7332591181269,0.183807170635398,1.29409278448392,10.5554055906099,14.2619903283397,-5.47647572729618,-10.5658787520826,-6.00403077057822,-0.310481794535663,3.0422391624545,4.67362979036142
-2.72531070915807,0.17933618540867,1.31992496280928,10.5777603175915,14.2684484379118,-5.47995317019495,-10.5743239043709,-6.00800497601539,-0.31346241976395,3.02882628579671,4.66369435294488
-2.76753663179377,0.185794275186604,1.35469904900825,10.5524249603363,14.3126616495931,-5.50727593583383,-10.5385562005689,-6.01197918145041,-0.368603986544624,2.98163283079932,4.6805845965391
-2.77300116296227,0.199207230875273,1.36215063890615,10.5643474813992,14.3156423155505,-5.49386294177901,-10.5320981429366,-6.02688245183712,-0.382016800083899,2.97120059338384,4.67611364970163
-2.75511724278768,0.202187887694946,1.3859957265812,10.5837215781262,14.3250810910736,-5.49783716223504,-10.570846488703,-6.03632118974688,-0.373074924387656,2.96424576844379,4.66319758106314
-2.79088508313052,0.208149201332657,1.41232467754364,10.5857086649679,14.3280617570315,-5.50230816025034,-10.5698529413742,-6.03930184382553,-0.4063585727983,2.9359296954559,4.67611364970712
-2.75958822281851,0.212620186561459,1.43368590190749,10.6199859130028,14.3315392006474,-5.49783716223485,-10.5857496986248,-6.06513417916648,-0.424242324192537,2.93543292224552,4.64282993436741
-2.70941389124079,0.232491232001638,1.42573753935433,10.6761211162522,14.3245843134143,-5.47647572727993,-10.6105883818343,-6.09792137405692,-0.424242324192537,2.93195550977638,4.61153330648793
-2.67563315312724,0.250375172907606,1.43616976520799,10.70245001692,14.341971531484,-5.49783716224238,-10.6299625547247,-6.08003744958597,-0.454048576526483,2.90165234391902,4.62693323448008
-2.66520086635677,0.25583971040959,1.45604067160504,10.7272886024449,14.3444554197805,-5.50230816025843,-10.6349302913685,-6.09345039294523,-0.455042118270461,2.87681368339838,4.60706235964564
-2.71189776897231,0.232491232007285,1.47988575927161,10.7238112004742,14.3519070846695,-5.52267604009451,-10.6264851390719,-6.07656001982985,-0.486338683195435,2.83955569265654,4.60855267525843
-2.63837498612937,0.241929978596048,1.48982121246307,10.7526239596581,14.3509135293508,-5.53112125856506,-10.6513238222957,-6.0989149254292,-0.497764413241256,2.83508473376847,4.60308818467817
-2.57131028550569,0.275710755867149,1.48833089448459,10.7988237287464,14.3414747538315,-5.52863737077842,-10.686097978769,-6.12176660669647,-0.494287017133543,2.85545243541355,4.55837871632336
-2.47741970468434,0.311975413801977,1.52062111733722,10.8410493241204,14.3459457527667,-5.51174693383119,-10.7178914932885,-6.15505057726836,-0.491306391901826,2.85396211578229,4.53304335090058
-2.49431007373779,0.322904488804217,1.54247911434288,10.8475073563586,14.3330295336288,-5.54403747506087,-10.710936661991,-6.16846352062175,-0.540486708279934,2.82912345526098,4.5395013852204
-2.47692292912035,0.319427055849069,1.55092424954849,10.8579395622742,14.361345860207,-5.55496658132402,-10.7005044150417,-6.17541838014038,-0.577744523729754,2.81869121783357,4.54347556018686
-2.47493582687963,0.334827116075113,1.57228547388512,10.8594298774049,14.3732685240284,-5.56887635293051,-10.6930528100787,-6.17442482878048,-0.600595983867554,2.79583965014182,4.55092713825064
-2.46798096904505,0.340291653568224,1.59314992557914,10.8534686168903,14.3931396304023,-5.58825067765626,-10.6995108677188,-6.1823732396714,-0.63387963229531,2.77845258778638,4.5573851725772
-2.45258092668477,0.344762638792594,1.61600146790257,10.8773136589746,14.3817137442439,-5.58825067765625,-10.7059689253536,-6.20125071550234,-0.65573755070137,2.77348485567393,4.53155303529631
-2.45705190672873,0.359169146746295,1.63686591959412,10.8922168102748,14.3822105219031,-5.60365078194014,-10.7029882833671,-6.20820557502563,-0.684550261297906,2.75162683438843,4.53204980716731
-2.45705190672873,0.374569206971689,1.64829169075566,10.9046361030244,14.3717781910578,-5.63296065783223,-10.6975237730596,-6.22360562110082,-0.715350055398188,2.7248010810083,4.54248201645517
-2.4997746048411,0.378543416060563,1.64580782745835,10.9051328747342,14.3747588570136,-5.64736720699474,-10.6920592627474,-6.23254758334781,-0.75062078731935,2.69300759555117,4.52559177283825
-2.46897452017,0.395433804677948,1.66766582446272,10.9369262641524,14.3747588570136,-5.63842521096497,-10.7094463410091,-6.26881220802318,-0.754098183427064,2.6701560278503,4.50721121360971
-2.51418109607738,0.386988610369345,1.67362709636717,10.9453713832165,14.3837008548811,-5.65134142745296,-10.7084527936795,-6.26533477825925,-0.798807561948784,2.65028509942215,4.52360468535588
-2.49331652254241,0.394440252413419,1.68008514093157,10.9856098917303,14.4045655165614,-5.67121252976979,-10.7223624562772,-6.27129608641931,-0.795330165837324,2.61749806748345,4.49876609181181
-2.45456802886667,0.432195238756129,1.68902704879169,11.0059775318357,14.3926428527438,-5.66227053373594,-10.7506785551536,-6.29464454339306,-0.780923810521946,2.60805937647268,4.45753402651365
-2.38501945054009,0.468956672803408,1.69300123006062,11.0482031271573,14.4110236261214,-5.66624475419642,-10.7705495017283,-6.31451557060092,-0.7680077678322,2.61352388179281,4.43120511734808
-2.38005169494514,0.481376076192129,1.71436245438713,11.0685707672415,14.4085397378258,-5.67369641755665,-10.771046275393,-6.30905103811306,-0.769498080449646,2.59713036584286,4.42524385489284
-2.38402589942431,0.491808375045693,1.71933018097505,11.084964233658,14.4378496196975,-5.67618030534422,-10.7804849750172,-6.32693496260152,-0.786388290143188,2.58222716949757,4.41779227682763
-2.33583867010344,0.508698763669845,1.72827208883491,11.1132802210977,14.4532497271284,-5.66773508686473,-10.7884333536488,-6.33239949508586,-0.796323707599758,2.57626589096073,4.40586975192189
-2.27920625630426,0.539498884090433,1.75410426708448,11.1376220348647,14.4746111664727,-5.64736720700371,-10.798865600601,-6.34879309253425,-0.800297874583846,2.5772594373829,4.36761831785169
-2.24890294717058,0.550924735217211,1.79334930713899,11.1684218808422,14.495475828151,-5.66475442152174,-10.812775263217,-6.36717379272165,-0.791852769752069,2.57080138564281,4.35420547732675
-2.27975822913449,0.54645374999331,1.80328476031232,11.1672075499951,14.5011611724678,-5.68666783155416,-10.8063724026501,-6.35033861687642,-0.80355448364763,2.57129815884993,4.3516112242203
-2.25747232556442,0.556389272705881,1.80514765778074,11.1799718230818,14.5169614618982,-5.69915626737747,-10.8020946294277,-6.35040761350108,-0.79582693674144,2.56136269462337,4.33160235718843
-2.20823831920252,0.589744241829462,1.81180086302865,11.196383031336,14.5138566015274,-5.66269634304575,-10.816465581868,-6.37462542791873,-0.785181846614887,2.58407232713909,4.31297341201914
-2.19227053337238,0.594475443118907,1.82398362108409,11.2240603122869,14.53786752171,-5.6770082679166,-10.80582043191,-6.37379746845311,-0.788375373664154,2.5886852212365,4.32373680256263
