0,0,0,0,0,0,0,0,0,0,0
-0.0231826864805078,-0.0337805806596512,0.0395760817229568,-0.0301377262019911,-9.25109988614281e-12,-0.0112602913544367,-0.0269915823891126,0.010763387346479,0.00347740889713832,0.0172215713798633,0.0284817979899311
-0.0787738223964058,0.0315096173251392,0.0848768566953801,-0.0694066629919659,-0.00425806003769252,0.0154710725713808,0.0133420267366951,0.0787738020494949,0.0137677005447101,0.0763615830754787,0.0743743961152387
-0.0409836778553356,-0.0033532193357475,0.0567560753828511,-0.0535275823765182,0.0260806176350415,0.0106807175284324,0.0218582139940034,0.0372578793827548,-0.00832094272891543,0.0468211472450027,0.019374246340081
-0.034222060972751,-0.00452615617985863,0.0415079685814873,-0.0533205925064579,0.036430069076148,0.00529896062994659,0.00861081158860017,0.0259425234264882,-0.0105978176084325,0.0470281372727297,0.00695485766319779
-0.040238520087164,0.000993546531717016,0.0486835482446046,-0.0695485989203737,0.0223548151116416,0.00745166338564621,0.0119226621868161,0.0417288248809289,0.0158967264234861,0.078987399587107,0.0303033083476291
-0.0576255349430128,0.00447095924912055,0.0511674027460638,-0.0695485989203739,0.0332838358304415,0.0144065492264262,0.0317937657947298,0.0447094552274863,0.0278192712289916,0.0814712800786074,-2.53038909270309e-12
-0.0919027927952216,0.0337805807275426,0.0680576133528591,-0.104322898367102,0.0173870784164705,0.0471938681771673,0.0288131002544716,0.0511674876476842,0.0357676344338512,0.144561844575825,0.0784905363837003
-0.0471933259932173,-0.0377547664530065,0.0461996937683419,-0.0501743462866309,0.0680579927264441,0.0183807697346202,0.0422260951935111,0.00546448907224775,0.019870908014617,0.0953810109533916,-0.006458081947999
-0.0774964090415797,-0.00993546475076013,0.0591157371636558,-0.0770002344618208,0.0486838196087243,0.0402389823484769,0.0183807708731606,0.0447094552583831,0.0362644071229231,0.142574740233094,0.0407355949584112
-0.0794834964525666,-0.00794837176829244,0.0586189662631558,-0.068555047454971,0.0352709305500892,0.0546455315812671,0.00298066558016552,0.0491804007808388,0.0442127703303991,0.160458679785827,0.0630904945833296
-0.0596126223301234,-0.0273225282955742,0.038748130246822,-0.0392452807643999,0.0372580252272182,0.0685553032498289,0.0149033277380543,0.0293095318146883,0.0402385887280882,0.150523157825913,0.0382517172532172
-0.0268256800466435,-0.0809740388106999,0.01291604341411,0.0228516825759502,0.0506709142998657,0.0496777559790801,-0.0139097725065449,-0.0238450427380183,0.0422256795302545,0.105316532879666,-0.00745163304762344
-0.0114257525875354,-0.099851422089384,-0.00447093806863907,0.0491807950574912,0.0581225193500598,0.034774429197524,-0.00993555178334246,-0.0432191399493483,0.0586191786316924,0.0551421470795065,-0.0611033919366908
-0.0596126223107651,-0.0794837190308462,0.0293094831507893,0.0342775238660362,0.0352709305637069,0.0670649705873994,-0.0183807708103288,-0.0129160647574589,0.0720320415425022,0.108793965722105,0.00993551128798838
-0.0789867245721863,-0.10034819531874,0.0293094831507893,0.0387485052219101,0.033283835887944,0.0680585257067061,-0.016890438039503,-0.0303030751143279,0.0397418160058482,0.0814712803121959,-0.0218581236989164
-0.0660706563943394,-0.12618040406099,0.027819170449877,0.0452065894111462,0.0347741568955652,0.0601100847459798,-0.024838879484955,-0.0312966185632299,0.051664360819917,0.0740196388384687,-0.00894195948852344
-0.0685545156577543,-0.15052229308871,0.0357675048579801,0.049677570765051,0.0546451036652142,0.0347744291891883,-0.00943877418900651,-0.0412320530549748,0.0501740427187159,0.0357678792415527,-0.0466969010717257
-0.127173594342656,-0.0983611024635485,0.0755091768474851,-0.00695485984755373,0.00198709467931368,0.0670649705495618,-0.0273227674391299,0.0139096082827951,0.0630901329331841,0.102335876290044,0.0462001260073228
-0.133134856578746,-0.116741712521508,0.0899155329520368,-0.0124193926193821,-0.00149032100628305,0.0665681929899341,-0.0203678811818619,0.00248385862569195,0.0536514516264246,0.0844519367625703,0.0322904106994619
-0.113263982464066,-0.157973891863977,0.0680576133421633,-0.00397420560881279,0.032290288493762,0.050174533518819,-0.00198711034696524,-0.0144063800094323,0.0491804973217511,0.0466969532780403,-0.0248387771917026
-0.152508958845581,-0.120715898524266,0.0660705297416091,-0.0327871965931368,0.0317935148244594,0.0462003130412618,0.0119226621792412,0.00943866275232624,0.0412321341199837,0.0745164147762,-0.0119226129830811
-0.158470221081109,-0.126180404216143,0.079980114955103,-0.0551421034188226,0.024838683452214,0.0680585256719117,0.0223549915735209,0.0188773255130125,0.043219224922388,0.0794841757551252,-0.00645808197318651
-0.209140950115869,-0.0874320911496085,0.112766994335115,-0.0924002814481228,0.00844515234584364,0.0770005217397316,0.0213614363926488,0.0680577261631657,0.0198709080252306,0.152013485955575,0.0462001258243112
-0.19274747897998,-0.100348195530796,0.117237932441937,-0.0854454215602178,0.0064580576701353,0.0581229744603586,0.0452067607129993,0.0665674109887164,0.0278192712367508,0.146548948866101,0.0059613064907821
-0.177844323395175,-0.102832061753977,0.110779910738462,-0.0794841130840998,0.0134128890362619,0.0635875276172835,0.0372583192698339,0.0740189868540882,0.0382514979417242,0.152510262043783,0.0253355528061819
-0.206657090862624,-0.0854449981814343,0.112270223439374,-0.0958777114063769,0.0144064363747443,0.0566326417788142,0.0437164279440314,0.0690512696103212,0.0352708617374042,0.17287808207747,0.04719367686953
-0.192250707132489,-0.0983611025504771,0.108792827135443,-0.0755099074476229,-0.00298064204989357,0.0625939724956452,0.0347744313191841,0.0561352047784593,0.0357676344377897,0.181323275749449,0.0655743721069594
-0.204670003452073,-0.0755095332778737,0.126179808655529,-0.0690518232634048,0.00447096298595911,0.0765037441720058,0.0476906486649472,0.050173944085939,0.0362644071385467,0.195233006499395,0.0700453520284382
-0.204670003452073,-0.0958772362937346,0.121212099652794,-0.0442130379243699,0.0129161153664266,0.0720327461358216,0.0476906486649472,0.0367611075403077,0.0273224985370935,0.201194319673734,0.0625937188309375
-0.190263619712235,-0.0919030503370166,0.13661199755728,-0.0392452808575929,0.00596128399360757,0.0864392953674155,0.0516648693881496,0.0278192165039796,0.034277316344884,0.196723334791355,0.0476904524457172
-0.180328182657572,-0.10779979417114,0.144560331960674,-0.0288129910234398,0.0124193416956078,0.0869360729270739,0.0397422072222582,0.0203676406378647,0.0407353614460302,0.191258797708805,0.0442130236196719
-0.196224881947603,-0.0943869165609197,0.153005437273557,-0.05762598200478,-0.00993547341133583,0.0958780690090057,0.0278195450577958,0.0109289778771785,0.034277316339086,0.231994437774912,0.0770002097037722
-0.211128037532809,-0.116244939326381,0.157973146275188,-0.057129206298199,-0.0392451198977769,0.112768506035116,0.0208646587930253,-0.00695480419146519,0.0531546789342457,0.235968646559373,0.117239028943474
-0.217586071617514,-0.115748166081118,0.162444084383002,-0.0635872904799091,-0.0208644941391363,0.121710502112962,1.12181756939389e-11,-0.014406380062039,0.0461998611239574,0.227523452878097,0.145058459586999
-0.239940804992463,-0.110780433634421,0.160457000782349,-0.0601098605346513,-0.0268257781674087,0.135620273790767,-0.0163936604556825,-0.0104322062660346,0.0556385424341066,0.244910616321489,0.163439154822987
-0.232489227201315,-0.118728805555326,0.186289087615699,-0.063090514773559,-0.0233483624822899,0.142078382069279,-0.0402389847811776,-0.0213611841979623,0.0645804510486725,0.240936407533065,0.143071357399723
-0.217089299759432,-0.133632002893013,0.184798774914198,-0.049180794984421,-0.0114257944214838,0.152013933267299,-0.035271208878961,-0.0188773255771006,0.0660707691499182,0.223052467995934,0.098858333743026
-0.196224881940142,-0.153006159452043,0.171882731497842,-0.0248387853474388,0.00149032098127361,0.146549380107764,-0.0367615416500369,-0.0317933904047763,0.0461998611312277,0.20169109577613,0.0804776385153215
-0.169895973723473,-0.157973891891533,0.154495749997927,-0.0278194395898217,0.0218580414445239,0.143071937191309,-0.0278195450301198,-0.0357675641943408,0.0556385424329028,0.172381306016598,0.0442130236520775
-0.213115124926103,-0.156483572157546,0.163934397106502,-0.050174346380188,0.0178838520898293,0.155988153751149,-0.0437164279183562,-0.0163934669438913,0.0397418160193774,0.188774917256074,0.0794840874445981
-0.21212158122049,-0.138599735343195,0.168405335209791,-0.0362646265924897,0.0243419097941378,0.172381813225668,-0.0317937657524648,-0.019374097289557,0.052657906229207,0.183807156273022,0.0799808629911467
-0.210631265662341,-0.144064241037423,0.174863356922035,-0.0198710282808279,0.0278193254756238,0.175859256147322,-0.0273227674415952,-0.00645803245801713,0.0481869519258715,0.165923216723261,0.10531641590336
-0.230005367914106,-0.0919030503043752,0.221063050695936,-0.0397420565340432,0.00894192606884847,0.188278695144717,-0.0308002105731051,0.0526578027745017,0.0640836783384453,0.223052468072866,0.154000419513311
-0.21212158121523,-0.119722352018576,0.1952309638645,-0.0163935983283521,0.0124193417550189,0.161949484480627,-0.0203678811848274,0.0258321296635106,0.0591159513328806,0.185794260691073,0.110284171372907
-0.186289444869626,-0.137606188820438,0.215101799879852,-0.00794841131581392,0.0298064201763106,0.146052602563796,-0.0079484414383662,0.0144063800021346,0.0377547252175826,0.163439336266177,0.0725292298215188
-0.196224881924157,-0.129657816899532,0.210630861771707,-0.0139097197922418,0.0198709467920326,0.140091271845108,0.00993555180318278,0.0357675641474032,0.0258321803992317,0.160955455773748,0.081967965210753
-0.213115124924592,-0.118728805519736,0.215598570777139,-0.0268258881682049,0.0158967574375564,0.122207279691644,0.00298066554041302,0.0461997703584034,0.0218579987962074,0.159961903577632,0.0953809049636264
-0.216592527895292,-0.1485352001863,0.218579196180178,-0.0407356079645489,0.0109290207430955,0.121213724571863,0.00496777590187131,0.0620964655321163,0.0223547714963848,0.163936112361268,0.0919034761382623
-0.262792310225303,-0.130154590153521,0.250372533791401,-0.0596130848222152,-0.0129161154067078,0.140588049398546,0.0119226621644744,0.0740189869031875,0.0153999536946302,0.193245902120799,0.127671315455084
-0.25236010131896,-0.121709444991983,0.247391908388215,-0.0397420565653981,-0.011922568068116,0.118729836762903,0.00993555180430228,0.0596126068946471,0.0104322266935254,0.175858738685352,0.140090704126102
-0.272727747278688,-0.132638456380587,0.24838545018908,-0.0625937390684319,-0.0303031938358528,0.0988587343709905,0.00894199662354935,0.0779931607000217,0.00149031808565003,0.176355514783611,0.15499397052709
-0.253353645017267,-0.162444851047952,0.193740651150905,-0.0452065893286311,0.00149032099733387,0.0745166339300293,0.00198711036261354,0.0571287482840031,-0.00298063621648152,0.137110203040727,0.0616001677603667
-0.226031193120807,-0.212122175558955,0.13909585207496,-0.0109290655789627,0.0327870621298474,0.0611036398131208,-0.00149033276831281,0.0163934668444862,-0.0114257721250569,0.0894196975568628,0.0134129396969842
-0.230998911649144,-0.209638309336173,0.131644288572054,-0.0173871497663589,0.0327870621298474,0.0620971949319944,0.0064581086738999,0.0218579558086109,-0.00745159052072392,0.0859422648708568,0.0119226130571629
-0.250373013910043,-0.203180257159718,0.109786368956245,-0.026329112485401,0.0303031937829243,0.0665681929700353,0.00496777590393159,0.0139096082219526,-0.00298063621979651,0.0933939063435006,0.0268258794523103
-0.25732781984662,-0.213115722060317,0.0809736567275828,-0.0238452339537809,0.0253354570928339,0.0670649705298692,-0.00943877420852489,0.0163934668449818,-0.0153999537298054,0.0809745038852249,0.0298065327338512
-0.286637359152548,-0.19721897822363,0.070541467817592,-0.0119226169916617,0.0208644940700932,0.0755101890451167,-0.0129162173390344,0.0149031516716473,0.000496772688001565,0.0963745629296485,0.0596130655434192
-0.306011461411881,-0.172877089249532,0.0765027186249938,-0.0188774768860507,0.00794837867088666,0.0804779646444361,-0.0412325399718266,0.0109289778770302,0.0273224985196568,0.122703696137912,0.0819679651433675
-0.300050199179003,-0.159960984891245,0.0606060498131042,-0.014903271233349,0.00298064197697206,0.0591165295800057,-0.0531552021348598,0.0104322061530931,0.0362644071224478,0.137606979080259,0.0854453939685271
-0.309488864380107,-0.171883542765235,0.0635866752162904,-0.014903271233349,0.00496773665431932,0.0611036398187846,-0.0496777590044336,0.0139096082231664,0.0437159976246625,0.176355514753702,0.0849486184215696
-0.303527602149156,-0.16989644978597,0.0675608424202444,-0.00397420569181572,0.00993547334645833,0.0645810827361778,-0.0720327505587815,-0.007948347651588,0.0437159976246625,0.166916768888549,0.0750131074866046
-0.323895248116016,-0.16989644978597,0.0869349075168014,-0.00794841134801816,-0.00397418939994443,0.0670649705351412,-0.0625939763469458,0.0129160647644305,0.0412321341239988,0.188278141095045,0.121710008826963
-0.368107942992894,-0.142573921321435,0.1316442885679,-0.0481872435696358,-0.0168903047945347,0.0760069666122444,-0.0625939763469458,0.0471933137750535,0.0303031347192791,0.216097602615741,0.143071357338603
-0.377546608194886,-0.169896449753678,0.139592622971098,-0.0471936921563318,-0.0168903047945347,0.101839399717439,-0.0606068659859162,0.0536513461891329,0.0163934991082771,0.207155632854046,0.125187437667579
-0.406856147493315,-0.153999705925105,0.171882731502822,-0.0655743932879369,-0.0586192929717933,0.117736281637242,-0.0655746418850365,0.0824641062058547,0.0129160902074517,0.24987837734202,0.14158103071236
-0.406359375640745,-0.172877089221535,0.188276171214072,-0.036264626590534,-0.0427225355586964,0.0993555119302572,-0.0531552021335143,0.0442126834455375,0.00198709080632946,0.24242673587015,0.0968712315260402
-0.422752846767805,-0.166419037033978,0.204172840031455,-0.0680582718063818,-0.0461999512422855,0.114755616289266,-0.0591165332130304,0.0546448896612195,-0.00794836320658408,0.250375153445345,0.11425837568114
-0.4465978956884,-0.140586828291727,0.198708360124601,-0.0819679915875948,-0.044709630235156,0.0983619568154275,-0.0188775484074868,0.0700448131197765,-0.0258321804325045,0.237955750985005,0.115748702321838
-0.447094667541177,-0.163935170778968,0.203179298226676,-0.0750131316933869,-0.0397418935412414,0.108297508005813,-0.00794844142496825,0.0874318234649415,-0.0263289531327859,0.229510557316535,0.106806742486677
-0.42374639046036,-0.19175447245506,0.189766483915817,-0.0571292062446496,-0.0253354571239379,0.11127817336429,-0.00745166383485971,0.0725286717403287,-0.0114257721183221,0.185297484565991,0.0819679651512104
-0.424739934165584,-0.199206071126204,0.186785858512777,-0.0670647203735728,-0.0119225680483403,0.126181500158844,-0.000993555166080642,0.096373714513977,-0.0263289531207443,0.221562139752442,0.0919034760861754
-0.426727021576384,-0.180825461087006,0.203676069124993,-0.0799808887505389,-0.0198709467557628,0.138600939157529,-0.00198711034647635,0.0909092255457653,-0.0134128629132342,0.235968646600152,0.0899163738997276
-0.377546608170702,-0.219077000926053,0.165921480675319,-0.0347742994586688,-0.00496773668426226,0.106310397783746,0.00149033278445,0.0387481944660528,-0.0124193175131024,0.195729782625308,0.0258323284187957
-0.394933623010157,-0.20168993738293,0.178837524087211,-0.041729159350717,-0.022354815108422,0.103826509983957,0.00546455350708075,0.035270792396673,0.00248386349913148,0.218084707035812,0.0536517590236162
-0.384501414109996,-0.234476971514392,0.161450542563691,-0.0168903740335549,0.0139096627068075,0.0735230788334585,0.0124194397661827,0.0233482710053899,0.00794836320075547,0.170890977663973,0.0452065747264963
-0.378043380025987,-0.247393075864005,0.156482833558872,-0.039245280840712,0.00695483133685676,0.0854457402634066,0.000993555194508305,0.0466965420321769,0.0193741353020996,0.167910321075875,0.0690518009493888
-0.36860471483251,-0.277199470556994,0.132637830337507,-0.032787196660508,0.022851588753013,0.0755101890629111,0.0014903327844026,0.0337804771945186,0.00745159049445322,0.154994142517524,0.0253355528106982
-0.360159593341562,-0.32290260907642,0.116244390625853,-0.0173871497592808,0.0357677041532847,0.0928974036567373,-0.0203678811937347,0.00794834752886259,0.00347740889130976,0.163439336189854,0.0064580820350042
-0.368604714837741,-0.321412289344073,0.109786368923175,-0.0263291124799427,0.0278193254436771,0.0889231831800879,-0.0243421019153174,0.00794834752886259,0.00496772699219879,0.17685229084117,0.0154000418701654
-0.415798040836905,-0.282167203038894,0.122205641432923,-0.0794841130703718,-0.00745160507487441,0.0938909587783754,-0.0417293175620304,0.0447094551364045,0.00198709078823568,0.21560082650576,0.0392452681117455
-0.423746390477745,-0.325386475272332,0.0784898022390729,-0.048684019253959,0.000496773641289472,0.0660714154360522,-0.043716427921869,0.00447094547242519,0.0104322266879655,0.163439336186417,-0.00149032669686974
-0.428217337151651,-0.333831620427744,0.0596125080263519,-0.0616001876222279,0.0173870783987417,0.0516648661981762,-0.0536519797232059,-0.00248385866676781,-0.0054644997198509,0.146052172750609,-0.0308000839288881
-0.457030104609399,-0.334825166916017,0.0665673006301799,-0.092400281437047,0.0198709467451867,0.0760069666143689,-0.0551423124936743,0.017387010299878,-0.00447095431965977,0.153503814222324,0.0173871440532961
-0.479384837962374,-0.329360661227661,0.0685543842327448,-0.093890608556443,0.0253354571052627,0.0695488583361255,-0.0760069712789827,0.0447094551470678,-0.0193741353318936,0.176355514752434,0.0223548995216546
-0.480875153519719,-0.323896155543119,0.0521609445243281,-0.113761636812746,0.036761251500481,0.0864392953660945,-0.0660714194762168,0.0337804772113256,-0.00844513592324908,0.195233006489994,0.019871021787743
-0.520120129858951,-0.300547813058386,0.0561351117280848,-0.145058506298996,0.0238451361062458,0.106807175322669,-0.0496777590018495,0.0437159116991072,0.00745159049170338,0.253355810024909,0.0745163319664616
-0.517139498744719,-0.310980051189583,0.0685543842356877,-0.154497244715484,0.00298064200040898,0.101342622164156,-0.0551423124900305,0.04222559652607,0.0153999536958495,0.269252645174639,0.0973680071204635
-0.518629814302085,-0.306509091991579,0.0794833440419733,-0.174865048678985,0.0059612840171675,0.0919038485259391,-0.0367615416463211,0.0675609544670707,0.012916090194368,0.256833242716364,0.108793844693546
-0.538500688403115,-0.306509091991579,0.0884252202462332,-0.180329581450671,0.00397418934031185,0.100845844599329,-0.0377550968265978,0.0645803241211079,0.0223547715031047,0.257826794913057,0.122206784452202
-0.523597532830954,-0.344263858565172,0.0725285514351286,-0.164929534565796,0.0352709305012184,0.0879296280459268,-0.0347744312881972,0.0461997703088589,0.0163934990967838,0.216594378759288,0.120716457811446
-0.526081392093366,-0.316444556909253,0.111773452525249,-0.207155469624109,0.0248386834369705,0.116245948948228,-0.037755096827598,0.0789867041030076,0.0223547714991798,0.24391706415047,0.168406910276853
-0.513662095775622,-0.357179962898857,0.0859413657365342,-0.174368272979981,0.0307999674727822,0.103329732397508,-0.0213614363528377,0.0571287482527747,0.0417289068107353,0.226033124629681,0.161452052633551
-0.530552338757632,-0.379534758870862,0.0774962604321985,-0.175858600098798,0.0248386834418876,0.100349067039093,-0.0218582139429701,0.0611029220484818,0.0526579062167632,0.217587930961913,0.150026215062483
-0.51117823651917,-0.41132824648958,0.0630899043180455,-0.185794114225148,0.0268257781186885,0.101342622158709,-0.00397422069970623,0.0327869337530093,0.0601094967212076,0.200697543611466,0.135619724206925
-0.540984547653462,-0.38400571804266,0.104321889064661,-0.226529722086218,-0.0223548150963078,0.116742726519957,-0.0183807708121627,0.062096465503292,0.0794836320542167,0.250871929617948,0.196226340983853
-0.51266855207112,-0.423250804329921,0.0904123038549449,-0.204174815315535,-0.0178838520762712,0.094884513884314,-0.0372583192360604,0.0457029986011092,0.078986859353519,0.211626617813926,0.133135846515295
-0.509191149104213,-0.446102373549123,0.0705414678464595,-0.178839254292358,-0.00844515236471011,0.0779940768568002,-0.0308002105680554,0.0397417379100751,0.0660707691487143,0.175361962644045,0.100348660431195
-0.474417119416638,-0.484850686562583,0.03974167204395,-0.15052303902016,0.00645805772645819,0.0541487539978937,-0.0531552021325854,0.00645803238637901,0.0620965875471168,0.141581187990158,0.0536517590780297
-0.478888066087896,-0.511179668483045,0.0183805233403646,-0.138600422061747,0.012916115427038,0.0457035354840492,-0.0546455349029109,0.00298063031665238,0.0561353151409744,0.134626322614174,0.0516646568911142
-0.478391294235387,-0.501244203602729,-0.00695479255138132,-0.138103646355577,0.0109290207485434,0.0337808740563288,-0.0452067606951479,0.00198708686782473,0.049180497336306,0.149529605553116,0.02235489964072
-0.49130736239723,-0.50720548253252,-0.00943864705302444,-0.138600422061592,0.00546451038396023,0.0253356555380999,-0.0466970934646875,-0.00596126072358949,0.0551417697408427,0.169897425592304,0.00894195987575752
-0.555887703203845,-0.435670135369263,0.0536512572778136,-0.203181263882869,-0.04520640385775,0.0511680886465132,-0.0457035382839821,0.0611029220747927,0.0556385424414365,0.239446079359375,0.114755151369437
-0.55936510616977,-0.406857287222539,0.0546447990781399,-0.215600656535178,-0.0481870458724599,0.0571294193637156,-0.05365197972448,0.0695480413933023,0.0645804510517206,0.267762316963068,0.129658417767505
-0.565326368398071,-0.403379874516903,0.0471932355748661,-0.198213506810688,-0.0501741405492609,0.0526584213257673,-0.0675617522483523,0.0809737910515449,0.0804771774723822,0.255342914507113,0.132639071047293
-0.539494232083078,-0.440637867843605,-0.00099354177128641,-0.145058506291841,-0.00298064201221282,0.019374324815512,-0.0655746418886089,0.055638433095384,0.0382514979295044,0.186291036763072,0.054645310139797
-0.551416756541449,-0.43318626918787,-0.00149031267145538,-0.123200375201983,0.0109290207238645,0.0268259882117829,-0.0566326452689062,0.0725286717220859,0.032786998222811,0.183807156271314,0.0466969013989887
-0.562842509145772,-0.427224990263843,0.000993541828532063,-0.132639113626294,0.0188773994321611,0.0208646574990365,-0.0521616469591084,0.07848993241312,0.0526579062343654,0.192252349936101,0.0397420437502364
-0.598113310685788,-0.403876647816735,0.0129160434239121,-0.15002626335979,-0.00993547339967349,0.0511680886363205,-0.0645810867067604,0.0869350517198392,0.0745159050549253,0.229510557277655,0.0784905363563643
-0.605068116617778,-0.395431502676518,0.0273223995238412,-0.155987571839923,-0.0173870784385991,0.0700456359066774,-0.0705424177869909,0.100844660002387,0.079980404760474,0.236962198752001,0.0909099250271394
-0.610532606995009,-0.404373421069043,0.0382513593163692,-0.147045609126672,-0.0337806095278413,0.0958780690075809,-0.0556390900817703,0.0869350517240007,0.0914061768696823,0.246400944618134,0.102832538141856
-0.613513238108638,-0.399405688627684,0.020367606913588,-0.125684253756403,-0.0357677042054617,0.0799811870990025,-0.0417293175618993,0.088922138621557,0.083457813664109,0.235968646547115,0.0968712315819278
-0.587681101799555,-0.439147548196982,-0.0203676069289469,-0.0799808887976812,-0.0119225681094154,0.068058525660884,-0.047193871055189,0.0486836289154407,0.101341630895382,0.219078259185089,0.0501743301171236
-0.612519694403774,-0.396921822383618,0.0203676069266607,-0.0894196272080581,-0.0253354571695253,0.0794844095396743,-0.0442132055153596,0.0715351282658277,0.0784900866786749,0.237458974840519,0.095877680459163
-0.612022922551453,-0.400896008332863,0.024838545028294,-0.0953809356868023,-0.0303031938605719,0.0760069666218479,-0.042226095155378,0.0765028455105854,0.0506708154525078,0.258323570970206,0.0988583337393021
-0.622951903302311,-0.409341153476482,0.0332836503280437,-0.0874325243816048,-0.0337806095464555,0.0879296280530341,-0.0427228727453317,0.0933930841444463,0.0601094967527707,0.26279455585407,0.11823258005698
-0.624938990711665,-0.408347606988824,0.0307997958273812,-0.0914067300361598,-0.0317935148689989,0.0839554075747343,-0.0437164279254893,0.0809737910351838,0.0705417234671103,0.234478318266257,0.128664866529802
-0.618977728483765,-0.414805659156433,0.0342771921278791,-0.0854454215581879,-0.0407354409155868,0.0899167382874807,-0.0556390900828066,0.0730254434475348,0.0606062694583597,0.251865481703148,0.144561684015467
-0.615500325516529,-0.419773391594457,0.0307997958284971,-0.0670647204108741,-0.0307999675304892,0.0889231831676167,-0.0501745365947566,0.0601093786269426,0.0506708154454462,0.25733001878479,0.141084255189422
-0.605564888470428,-0.413315339425808,0.0114257307309833,-0.073026028889154,-0.0258322308382136,0.0665681929806609,-0.041729317563924,0.0452062268960134,0.0337805436341086,0.244910616328835,0.116245477853956
-0.63090025293611,-0.416295978889021,0.0312965667326019,-0.0620969633450736,-0.0412322145751655,0.0506713110691118,-0.0566326452691446,0.0606061503476594,0.0312966801314378,0.249381601214093,0.134626173083461
-0.629906709231594,-0.434676588915383,0.0437158392328475,-0.0705421503547676,-0.0531547826362993,0.0640843051787784,-0.0526584245474666,0.0665674110415173,0.0452063157436886,0.22901378118379,0.133632621990276
-0.623448675151498,-0.448586239744463,0.035767504834162,-0.0541485520278207,-0.0471934986073712,0.0625939724994315,-0.0466970934638063,0.0635867806961489,0.0298063620156069,0.199703991377998,0.101838986999633
-0.607055204034589,-0.518631267217481,-0.0099354180225858,-0.0243420096634379,-0.0288128728558052,0.058122974459255,-0.0352712088904885,0.0298063034048425,0.0367611798173615,0.166916768867377,0.0531549833772795
-0.621958359601332,-0.506708709367186,-0.0173869815247562,-0.0158968226513378,-0.0447096302579763,0.0779940768536434,-0.0312969881699538,0.0337804772015405,0.0387482706176844,0.157478022996931,0.0531549833772795
-0.605564888473832,-0.52161190667005,-0.0228514614249988,-0.0163935983580088,-0.0402386672331459,0.0660714154224571,-0.0293098778100675,0.00447094546368079,0.0427224522194007,0.132142441999413,0.0322904104203938
-0.614010009962392,-0.510186122058148,-0.0293094831252856,-0.036761402324675,-0.0422257619106025,0.0799811870993955,-0.0278195450398134,0.0213611840941728,0.0471934065275534,0.162445783980613,0.0471936768175853
-0.618480956633408,-0.509689348814565,-0.00496770900497645,-0.046696916453598,-0.0427225355797276,0.100349067045819,0.0024838879568069,0.0317933903036124,0.057128860536304,0.154000590309687,0.026329103869693
-0.619971272190834,-0.495282924740622,0.0104321888968482,-0.0640840661879938,-0.0466967249344222,0.0993555119259961,0.0178839932490637,0.0476900854686071,0.059115951338411,0.136116650774413,0.0198710217654455
-0.663687195173672,-0.457528158171084,0.0466964646074113,-0.0933938328459252,-0.0824644290883245,0.138104161596663,0.0188775484293879,0.0740189868674646,0.0765029958503424,0.177349066953018,0.0824647406974327
-0.629409937363008,-0.504224843032077,0.0258320868062267,-0.0914067300190602,-0.0541483299489702,0.144065492312256,0.0183807708393984,0.0536513461758908,0.0725288142468421,0.145058620578267,0.0402388192441006
-0.677596807001251,-0.491805511935185,0.0437158392200435,-0.105813225497603,-0.0511676879344244,0.157478486429443,0.0213614363811571,0.0690512696432794,0.0645804510384144,0.173871634284759,0.0814711896440021
-0.680577438115282,-0.50472161626711,0.0730253223307509,-0.121710048117879,-0.0466967249114377,0.145555824998009,0.00248388795544927,0.0720318999886478,0.0715352688493271,0.165923216716497,0.0948841294008173
-0.667164598105122,-0.507702255728163,0.068554384230773,-0.131148786538278,-0.048683819588184,0.133136386001904,0.00447099831666934,0.0685544979177942,0.072032041549564,0.169400649404887,0.122703560030713
-0.671138772921905,-0.520121586822052,0.0829607403374579,-0.141581076376214,-0.035270930531024,0.106310397773379,0.0009935551861598,0.0546448896328193,0.0784900866522565,0.155987694753292,0.142077806360159
-0.69647413738861,-0.507702255737167,0.0983606382419431,-0.147542384855267,-0.0516644616166604,0.102336177297637,0.0149033277106989,0.0769996172255904,0.0914061768644055,0.166916768905793,0.163439154863846
-0.692499962570705,-0.526082865761555,0.0998509509418252,-0.126677805181826,-0.0601096139934129,0.0899167382999837,0.0139097725305176,0.0576255199741748,0.0615998148328012,0.152510262057485,0.170394012518867
-0.707403118136847,-0.515650627643247,0.0779930313222398,-0.110780982573079,-0.0432193092354963,0.085942517821271,0.00645810867478106,0.0576255199741748,0.0650772237372689,0.129658561551106,0.192748912106551
-0.706906346284378,-0.546450568753201,0.0615995916207021,-0.117735842462425,-0.0511676879422633,0.0740198563866188,0.00149033277280268,0.0680577261830943,0.0581224059309354,0.112271398126853,0.19871021866426
-0.690512875171881,-0.587682748029214,0.0501738609103231,-0.077993785966288,-0.0168903047961871,0.0511680886245302,0.0059613310848512,0.0576255199642909,0.041728906819195,0.0809745039124947,0.148535888396964
-0.70640957445035,-0.540986063168223,0.0655737588091069,-0.0904131786308189,-0.0307999675368534,0.0640843051800782,0.0104323293951848,0.0690512696179759,0.0407353614184687,0.084948712694727,0.17734887008691
-0.650771127027382,-0.57377309724597,0.0382513592944046,-0.0561356548882539,-0.00844515241208643,0.0402389823102784,0.00496777590228816,0.0397417378676932,0.0288128166129632,0.0442130726370814,0.130651968675187
-0.664183967037542,-0.568805364811682,0.023348232283626,-0.0705421503764978,-0.00298064204915599,0.0511680886221991,0.00993555180212298,0.0447094551109647,0.0144064082935921,0.0447098487350202,0.137606826329663
-0.650274355170005,-0.591160160754272,0.0223546904837658,-0.062096963368991,0.00745160500620023,0.0367615393947936,-0.00447099831240561,0.0273224447657998,0.0158967263943916,0.0129161784599931,0.0715356786335018
-0.641829233683832,-0.596127893189494,-0.00198708362152122,-0.0660711690200448,0.0149032100422579,0.0462003130273259,0.00794844144209376,0.0173870102824769,0.0134128628930586,0.0158968350485863,0.0725292297277186
-0.627919621821911,-0.592153707240569,-0.00943864712516307,-0.066567944726549,0.0193741730641383,0.0655746378528022,0.00496777590033508,-0.000496771793746353,0.00745159048620238,0.0213613721267093,0.068058249806853
-0.627919621821912,-0.61202463697612,-0.00397416722465049,-0.072529253206991,0.0263290044329417,0.0476906457075083,0.00298066554011538,-0.019374097302648,0.0198709079928665,0.000993552114595536,0.0561356366851285
-0.62593253441344,-0.632889113206851,-0.00347739632446897,-0.0740195803271206,-0.00198709471108338,0.0387486496328191,0.00844521903406019,-0.0188773255782527,0.012419317484185,0.00745164138592444,0.0511678812194954
-0.636861515166211,-0.641334258340946,-0.00347739632446897,-0.0526582249446799,0.0168903047231972,0.0387486496328191,0.025832434696195,-0.0372578793712545,0.0183805898894354,-0.000993552272724574,0.0432194724761954
-0.623448675159662,-0.655740682403669,-0.00298062542415256,-0.063587290489326,0.0139096627079138,0.0352712067144148,0.0154001053029157,-0.0461997704115956,0.0188773625895534,-0.00198710446933509,0.0516646567716604
-0.630900252944087,-0.680082571335276,-0.00993541802506237,-0.0645808419021408,0.0273225517790862,0.0243421003977281,0.00347744314416948,-0.0452062269631394,0.00645804508549098,0.00347743260731284,0.0516646567716604
-0.635371199615103,-0.665676147277968,-0.00794833442524379,-0.069051823263341,0.0029806419779006,0.0228517677191547,0.00695488627584609,-0.0476900855840629,0.0253354076981627,0.00894196968418742,0.0700453519979244
-0.640835689988215,-0.67660515863164,-0.0163934397264526,-0.047193692173483,0.0129161153692811,0.0223549901594136,0.00496777591576929,-0.0586190635176254,0.0203676806943821,-0.00149032837036428,0.0611033921568062
-0.644809864808046,-0.673624519174187,-0.0129160434267271,-0.038748505162258,0.0228515887609346,0.0412325374246745,0.0243421019341818,-0.0675609545463745,0.0168902717927244,-0.00447098495648166,0.0928970271169259
-0.651764670737976,-0.675611612147903,-0.00198708362799505,-0.0288129910330781,0.02533545710697,0.0263292106381675,0.00993555181965322,-0.0457029986765247,0.0213612260953912,-0.00397420885834668,0.0740195563334641
-0.649280811476368,-0.704921233501151,-0.0134128143282206,-0.0233484582608248,0.04570317755398,0.00546455313445811,0.012419439771089,-0.0432191400557869,0.0203676806944569,-0.0233484766751499,0.0526582078335433
-0.644313092953384,-0.688527716470863,-0.0039741672238407,-0.0322904209780139,0.0412322145308704,0.0124194389671505,0.012419439771089,0.00198708685065921,0.0208644533949166,-0.00546453715324677,0.0601098410339641
-0.643816321101249,-0.70243736727828,-0.011922501625273,-0.0402388322834168,0.057625745608845,0.0238453228409579,0.000993555194484335,0.00447094547282134,0.0114257720887221,0.00794841749277664,0.0730260052466348
-0.633384112200946,-0.708398646194143,-0.0144063561243412,-0.0253355610722772,0.0551418772611021,0.022354990162044,-0.0114258845656721,-0.00894189106812907,0.00298063618191585,0.0154000589561358,0.0645808209596086
-0.655738845542488,-0.710882512410721,-0.0268256286285716,-0.01838070118095,0.0551418772611021,0.0238453228412981,-0.0158968828754699,-0.00844511934377096,0.00298063618191585,0.00447098479614469,0.058619514397812
-0.664183967029684,-0.715353471598759,-0.0178837524269605,-0.0248387853629941,0.034774156823612,0.0134129940891185,-0.00149033276612149,-0.029309531750947,0.0198709079897152,-0.00248388057391771,0.0521614322920461
-0.676106491483079,-0.728766349169715,-0.0273223995243512,-0.038748505146728,0.0471934985548133,0.0203678799232551,-0.00149033276612149,-0.0243418145087901,0.0109289993810368,-8.40164882109917e-11,0.0258323283234164
-0.652261442576289,-0.756585650768114,-0.038748130220347,-0.025335561056528,0.031296741131227,-0.00248388781368342,0.0124194397584176,-0.0382514227792007,0.00943868128019254,-0.0233484766658151,-0.0238452262920396
-0.688029015935512,-0.726282482923433,-0.0392449011203446,-0.039245280837741,0.011922568022563,-0.0109291063289309,0.0014903327714451,-0.00596126071202319,0.0288128165987057,0.00248388042620659,-0.0079484087970299
-0.691506418899986,-0.730256668870223,-0.0447093810204525,-0.045703365022294,0.00844515233820903,-1.97334509843827e-11,0.0298066554198499,-0.0084451193348046,0.0337805436030809,0.000496776033728608,-0.0024838777822103
-0.71038374928402,-0.706908326440042,-0.0278191704178258,-0.0665679446897911,-0.00496773673923262,0.0213614350438098,0.0248388795172762,-0.01689023864405,0.0144064082967433,0.0298065658139538,0.0278194305602302
-0.74217714781956,-0.706908326440042,-0.0298062540191159,-0.0770002345212419,-0.0109290207683245,0.0303034311173852,0.0114258845907765,-0.0243418145148096,0.00596127239094819,0.027819461421971,0.0392452681384626
-0.725286904843008,-0.698959954551372,-0.0317933376189833,-0.070045374629194,-0.0129161154452347,0.0218582126014361,0.014406550131892,-0.0283159883101204,-0.000993545410182123,0.0163936111674765,0.0382517170449468
-0.755093215978903,-0.685050303744703,-0.0303030249195791,-0.111277758285049,-0.0327870622148837,0.0308002086763113,0.00844521904966084,0.00298063029947371,-0.000496772709900756,0.035271102885041,0.0581227389012503
-0.747144866347907,-0.698463181308456,-0.0312965667195866,-0.117239066763484,-0.0263290045144815,0.0357679842744958,0.0163936604899682,-0.0119225214258822,0.0104322266964543,0.0208645960454093,0.05663241226102
-0.764531881168402,-0.686043850227905,-0.0347739630206853,-0.106310001223367,-0.0248386835076388,0.0352712067149816,0.023348546753238,0.00397417373950856,0.000993545389977465,0.039245311670678,0.075013107489445
-0.729757851501898,-0.723301843429545,-0.0591157370935309,-0.0720324774523919,-0.00844515240938198,0.0317937637976604,0.0223549915726994,-0.0253353579713158,-0.0039741816127625,-0.00198710442828948,0.043716248090598
-0.750622269296183,-0.691011582641787,-0.0486835481974445,-0.093393832850877,-0.001490321038284,0.05514230909434,0.0104323294082371,-0.0119225214250156,0.0119225448031415,0.0412324160708614,0.0834582917751771
-0.727770764098457,-0.712869605354415,-0.0566318825957376,-0.0620969633289619,-0.00248386837662984,0.0561358642136261,-0.000993555162889449,-0.0258321297065227,0.00745159049686216,0.0407356399726748,0.074019556386313
-0.739196516693705,-0.717837337786702,-0.0486835481950902,-0.0422259350618519,-0.0124193417568108,0.0566326417732538,-0.0198711035994586,-0.0278192166045249,-0.00496772701128867,0.0382517594823094,0.0864389450607385
-0.739693288545786,-0.715353471568991,-0.0447093809924124,-0.0218581311009878,-0.0168903047804119,0.0620971949321078,-0.0317937657607771,-0.0193740972952795,0.014406408295049,0.0298065658131377,0.0665679231927551
-0.718332098907739,-0.726779256167394,-0.0362642756855756,-0.00149032713907005,-0.00149032103456914,0.0650778602907088,-0.0243421019137935,-0.0293095317852905,0.0218579987999393,0.0442130726587532,0.0571291878016715
-0.748635181889576,-0.740192133727546,-0.0303030248853844,-0.0213613553953731,0.00745160501324788,0.0690520807684312,-0.0412325399744466,-0.0273224448877342,0.0322902255027273,0.0452066248545795,0.0625937188164911
-0.741183604107859,-0.741185680214084,-0.0233482322867061,0.00844518699757191,0.0243419097660564,0.0715359685676008,-0.0427228727447364,-0.0248385862658198,0.0322902255027273,0.0471937292467687,0.0665679231896204
-0.721312730022879,-0.74565663939984,-0.0268256285863456,0.0203678039562942,0.0163935310581968,0.0695488583282031,-0.0173872156334098,-0.0248385862658198,0.032786998203187,0.0620970121844734,0.0496775546064679
-0.710383749279525,-0.759566290209499,-0.0223546904848226,0.00943873841617715,0.0129161153757549,0.0849489626779378,-0.0069548862341281,-0.0238450428175619,0.0357676344046524,0.0635873404790332,0.0471936768721182
-0.741183604128657,-0.728766349168184,0.011425730685414,-0.00943873845077903,-0.015399983784619,0.0894199607145862,-0.00794844141461905,0.00794834751480525,0.0397418160067256,0.0844519365684244,0.0809744140026869
-0.75260935672529,-0.747643732404792,0.0293094830912848,-0.0283162152947549,-0.0273225518477195,0.0914070709536537,0.00546455352088344,0.00695480406662154,0.0357676344013223,0.0789873994895071,0.105316415790251
-0.775460861923017,-0.760063063480007,0.0412319846899017,-0.066071168997375,-0.0377547988970529,0.0993555119094284,0.00894199665055946,0.0124192930331984,0.0307999073957575,0.0809745038823153,0.116245477819783
-0.765028653031843,-0.768508208611833,0.049677089994029,-0.0894196272091119,-0.0317935148695999,0.101342622148042,0.000993555208727823,-0.0153999235180254,0.0258321803950989,0.0740196385106642,0.0904131493838123
-0.795331735996144,-0.772979167803473,0.060606049805441,-0.108297104051621,-0.0422257619203673,0.0993555119083141,0.00695488628852963,0.0178837820297358,0.0288128165980809,0.114258502490523,0.145058459558247
-0.823647731560189,-0.755095331037634,0.0541480280998939,-0.138600422133457,-0.059612840342137,0.108297507986346,0.0312969882073487,0.0293095316936758,0.0362644071063166,0.127174681049142,0.148039112839262
-0.800299454510809,-0.766521115618243,0.0615995916026162,-0.117239066757102,-0.0640838033665986,0.0943877363172067,0.044709983136742,0.00347740204089994,0.0397418160087028,0.115252054701949,0.133135846437982
-0.817686469332475,-0.764037249401799,0.0745156350065376,-0.150523039092874,-0.0809741081194072,0.0894199607191253,0.044709983136742,-0.0114257496859421,0.0362644071070451,0.118729487388678,0.157477848236994
-0.831596081193085,-0.762546929673333,0.0760059477063094,-0.171884394471995,-0.0640838033610263,0.0789876319649962,0.0198711036155359,-0.0124192931339027,0.0243418623001124,0.117735935192542,0.167910134713495
-0.836563799713193,-0.760063063458089,0.0745156350056914,-0.155490796159484,-0.0506709142964913,0.0779940768453595,0.0084452190356441,-0.00248385864859824,0.0044709543004505,0.11177462201486,0.165923032526191
-0.841531518234839,-0.770992074801197,0.0650769879083006,-0.168903740237873,-0.0501741406273934,0.0660714154161541,0.0129162173482285,-0.0158966952012513,0.00149031809880636,0.116245606893526,0.166419808072564
-0.836563799714998,-0.768508208586955,0.0571286535037295,-0.15449724475336,-0.0437160829275239,0.0556390866628913,0.00546455349409974,-0.0173870103734339,-0.00993545401142788,0.122703696168744,0.150522990575997
-0.836563799714998,-0.769998528315419,0.0625931334054562,-0.131148786551298,-0.030303193862989,0.0432196476706538,0.0332840985525151,-0.0124192931297909,-0.00844513590991434,0.116245606892721,0.152510092763691
-0.832092853046449,-0.782417859384633,0.0437158392011229,-0.127174580900244,-0.0288128728558185,0.0312969862414483,0.039245429633603,-0.00298063037569307,-0.0178838172070705,0.115748830794823,0.142574581833788
-0.805763944898556,-0.79583073695307,0.029309483087325,-0.110780982590706,-0.0153999837894399,0.0293098760018857,0.061600421198133,-0.0387481945441921,-0.0213612261104976,0.0824648321893596,0.0948841293113753
-0.79831236712065,-0.831101637224676,0.0273223994860349,-0.087432524400737,0.00198709463232982,0.00596133069405509,0.0526584245715707,-0.057625520072389,-0.0283160439182882,0.0745164146139994,0.0839550672826997
-0.821163872318071,-0.816695213187096,0.0134128142831854,-0.0938906085867952,-0.00546451040598117,0.0218582126023032,0.0501745366210281,-0.0551416614533849,-0.0258321804161377,0.0958777868236004,0.101342211418378
-0.834079940466006,-0.823153265349156,0.0129160433828812,-0.085942197287979,-0.0039741893990155,0.0223549901620649,0.0640843091479014,-0.0486836290397886,-0.0208644534135464,0.101839100002025,0.0958776804002383
-0.839047658986381,-0.829114544262298,0.00496770898537258,-0.0730260289220512,-0.00596128407729163,0.0183807696854979,0.0730263057721056,-0.0486836290397886,-0.0278192712136361,0.0948842346302296,0.10233576250689
-0.836067027874396,-0.835075823178322,-0.00099354181599598,-0.084948645877994,0.000496773623998303,0.0233485452840949,0.061600421198514,-0.071535128348583,-0.0168902718167653,0.105316532692148,0.104322864694194
-0.881770038242172,-0.803779108860376,0.0382513593022166,-0.123200375235219,-0.00745160507992793,0.0462003130286253,0.0581229780664205,-0.03576756418811,-0.00745159050972327,0.161949007894242,0.163935930329687
-0.888228072317835,-0.809243614531272,0.0476900064079944,-0.142574627780849,-0.00745160507992793,0.049677755945874,0.049180981445003,-0.027819216601848,-0.0193741353120177,0.148039277149784,0.170890787983209
-0.881770038241651,-0.807256521559958,0.0417287556061845,-0.149529487673797,0.00198709463812052,0.0556390866613432,0.0357679865014615,-0.04421268350117,-0.0253354077172681,0.138103755190076,0.140090704091455
-0.885744213058166,-0.808746841287703,0.0392449011069321,-0.147542384847961,0.0253354570998403,0.0561358642207747,0.0412325399939653,-0.0347740207426015,-0.015399953720113,0.145058620561583,0.149529439474771
-0.871337829346652,-0.823650038574559,0.0447093810109523,-0.162942431745199,0.0228515887534635,0.0417293149888819,0.0387486520411599,-0.0377546510870782,-0.015399953720113,0.132639218108724,0.134129397533572
-0.876305547865424,-0.823153265331764,0.00745156352309018,-0.154497244733318,0.0188773993984411,0.0462003130247875,0.0531552021636321,-0.0417288248802092,-0.0104322267148458,0.0924003541739958,0.134129397533572
-0.894686106383517,-0.813714573714853,0.029309483131884,-0.161948880329914,0.0228515887518246,0.0427228701064558,0.0675617522809236,-0.0312966186770113,-0.0253354077221736,0.0933939063702554,0.119722906677449
-0.894189334531756,-0.835572596400485,0.0248385450296991,-0.162942431742446,0.0382515724976674,0.0208646574866993,0.0735230833667277,-0.0283159883315685,-0.033283770925606,0.0899164736826605,0.0943873537905572
-0.870841057480176,-0.877301548738713,-0.00695479252894982,-0.171884394458245,0.0427225355240959,0.0218582126057792,0.0695488626443828,-0.0586190634705779,-0.0307999074259083,0.0496776097855333,0.0486840035326985
-0.893692562665909,-0.901643437625877,-0.0158966687276917,-0.173871497283515,0.0496773668972973,0.00894199605157246,0.0794844144471487,-0.0452062269229404,-0.0268257258252625,0.0308001180577758,0.0288129816666619
-0.850473411558705,-0.95032721543092,-0.0546447989461517,-0.133632665100454,0.067064445316677,-0.00397422050236583,0.0834586351695889,-0.0834576497032843,-0.0362644071323045,0.00794841752149489,-0.0134129398396258
-0.862892707854882,-0.950823988673648,-0.0556383407469687,-0.128664908039337,0.0645805769703002,-0.0104323287768541,0.102832961187537,-0.0710383565934027,-0.0253354077305283,0.0268259092480762,-0.0168903686666253
-0.882763581931838,-0.94883689570212,-0.0496770899451587,-0.137110095048812,0.0630902559618596,-0.000496777581104113,0.126181507946707,-0.0566319765916865,-0.0258321804308691,0.0352711029135646,-0.00397420445850978
-0.876802319706906,-0.951320761914762,-0.037257817445833,-0.138600422168208,0.0412322145074333,0.00596133069244573,0.143071946023557,-0.055638433143156,-0.0149031810271305,0.0283162375420581,0.00447097983480417
-0.91555052415958,-0.937411111114069,-0.0317933375403301,-0.143568179229196,0.0457031775311573,0.0158968818859261,0.121213732051708,-0.0402385096918939,-0.017883817229488,0.0541485946512478,0.0392452681024129
-0.902137684157364,-0.935920791385603,-0.0218579195503101,-0.149529487708557,0.0615999349564919,0.0183807696840125,0.0909102990470964,-0.0427223683121983,-0.0337805436411103,0.062593788310949,0.0168903685129765
-0.889718387862358,-0.942875616788005,-0.0337804211580497,-0.152013366240112,0.0834579764157258,0.0243421004014624,0.0784908592902152,-0.0447094552084664,-0.0253354077386006,0.0576260273300634,0.00745163312892078
-0.87829263527003,-0.942378843545436,-0.0377545883591582,-0.14257462781898,0.0824644290768883,0.0347744291493095,0.0526584245974502,-0.048683629002291,-0.0263289531387623,0.0586195795264676,0.0163935929684619
-0.935421398242437,-0.879288641759557,0.0243417741068209,-0.162445656061388,0.0506709142463238,0.0531551988597292,0.0556390901391373,0.00894189097369005,-0.0223547715384731,0.128665009316956,0.0725292297097717
-0.906608630832012,-0.863888671242829,0.0496770900135745,-0.148039160573516,0.0412322145261993,0.0645810827342484,0.0630907539943379,0.0273224447758568,-0.0158967264353942,0.143071516160478,0.0829615161874989
-0.905615087127803,-0.857430619092385,0.0447093810166032,-0.143071403508025,0.048683819568198,0.0839554075677711,0.0650778643558439,0.0218579558132304,-0.0243418623371457,0.112768174178648,0.0521614323096249
-0.898660281202459,-0.869353176913869,0.0422255265147761,-0.14605205774485,0.0457031775529965,0.080974742210903,0.0581229780909066,0.0134128364976686,-0.0188773626335595,0.0968713390394844,0.05265820785631
-0.892699018980496,-0.882269281224984,0.0442126101157716,-0.160458553223021,0.026825778123387,0.0824650748906214,0.0372583192835892,0.0168902385686089,-0.0163934991317065,0.1182327112655,0.0546453100427578
-0.908595718244842,-0.867862857187016,0.0357675048153963,-0.179336030058686,0.0362644778391,0.0889231831659141,0.00546455350330524,0.0288127599548384,-0.0233483169349181,0.140090859582759,0.0765034341091042
-0.883757125651654,-0.902636984169145,0.0273223995075162,-0.14952948767346,0.0432193092115365,0.0834586300089892,-0.00149033275562996,-0.00397417383031926,-0.0144064083262398,0.107303637102785,0.0397420436562155
-0.878789407131077,-0.923004687114453,0.0516641736037915,-0.144561730607454,0.019870946747891,0.0784908544130743,0.0218582139817096,0.00149031513475895,-0.00198709081846067,0.0993552195406307,0.0397420436562155
-0.907105402677595,-0.918036954684434,0.072031780521287,-0.173374721549991,-0.0158967574443611,0.0804779646525544,0.0129162173613639,0.0248385861784261,0.0193741353070659,0.156981246982344,0.118232580114739
-0.908595718233316,-0.946849802731363,0.0789865731237418,-0.180826357146007,-0.0178838521218723,0.0894199607257585,0.0352712089205348,0.0303030751451392,0.02831604391066,0.164432888456691,0.124690662223036
-0.914060208599957,-0.947346575974611,0.0864381366325337,-0.188774768437207,-0.0119225680954027,0.0983619568062044,0.00198711039602904,0.0312966185944623,0.0526579062331917,0.198213663180743,0.141581030824392
-0.957279359707161,-0.923501460310517,0.0899155329359508,-0.204174815337636,-0.0283160991765321,0.103329732405524,-0.01043232936115,0.036761107565944,0.0461998611301128,0.210633065639019,0.164432705981081
-1.01093071969618,-0.882766054386543,0.148037728277272,-0.231994254887814,-0.0670644453613687,0.103826509965564,-0.0228517691174358,0.082464106208601,0.0596127240349016,0.266768764750428,0.220071567207076
-0.998014651545633,-0.881772507901713,0.15449574998266,-0.194239301187149,-0.0571289719754517,0.118233059193867,-0.0168904380333468,0.0601093786258614,0.075012677754687,0.256833242793815,0.204671525264367
-0.986092127098817,-0.86438544440388,0.150521582780865,-0.159961777445471,-0.0412322145623549,0.11376206115499,-0.0149033276716503,0.0442126834493741,0.0730255869531748,0.231994437881649,0.19920699425201
-0.994537248580217,-0.872830589530946,0.172876273289583,-0.128168132237857,-0.0352709305288378,0.110781395796946,-0.00149033273904174,0.0149031517210138,0.0914061768679883,0.205665304683775,0.178839196825952
-1.0163952100631,-0.846998380921892,0.189269713008117,-0.154000468974395,-0.0526580089549098,0.132142830872023,0.00645810869993195,0.0352707923993861,0.0894190860656435,0.240936407656487,0.211626382902986
-1.06656916709021,-0.805269428522052,0.227521072361751,-0.187284441292065,-0.0630902560033827,0.156981708861913,-0.00546455346710277,0.0596126068983959,0.0894190860656435,0.303033419931103,0.289620143778384
-1.02782096265265,-0.835075823082161,0.200198672843002,-0.125684253707098,-0.0506709142779859,0.143568714748626,0.017883993271916,0.0293095317193501,0.0586191786375944,0.244413840293336,0.194736014292746
-1.02185970042941,-0.805766201792651,0.209637319950177,-0.113264861045462,-0.0660708980212884,0.149033267906118,0.0163936605005543,0.0203676406836907,0.0615998148398627,0.221065363681476,0.176355319065762
-1.00149205451327,-0.826133904754365,0.203676069142923,-0.0948841599295651,-0.0745160503915401,0.147542935225812,0.0466970934833729,-0.00844511932656586,0.064580451045075,0.178839395283867,0.165426257028305
-0.969698656002546,-0.867366083904155,0.194237422035049,-0.0804776644424401,-0.0655741243491315,0.132639608430948,0.0481874262538414,-0.0293095317550687,0.0849481317633187,0.142077964026076,0.125187437744455
-0.954298728606269,-0.890714426334963,0.172379502399815,-0.068555047497304,-0.0611031613320446,0.125684722591324,0.0412325399935725,-0.0586190635053515,0.0804771774605184,0.122206920077769,0.116245477896328
-0.989072758232052,-0.866869310683033,0.177843982305992,-0.111277758258313,-0.0760063714088715,0.124691167471852,0.0422260951744208,-0.00745157589008524,0.0750126777518624,0.172381306000867,0.174864992437896
-1.0168919819353,-0.875314455812592,0.182811691308359,-0.134129440759571,-0.0849482974554594,0.139097716711224,0.0317937657776401,-0.00894189106223064,0.0685546326485902,0.176852290883154,0.173871441344867
-0.997517879710397,-0.891707972812952,0.165921480699479,-0.134129440759571,-0.101838602211983,0.145555824987456,0.033780876138765,-0.00248385865121012,0.0695481780499707,0.179832947470137,0.167910134784238
-1.00546622933733,-0.892204746055774,0.156979604487714,-0.134626216465702,-0.0983611865281069,0.151020378149261,0.0452067607126305,0.0173870103233621,0.0620965875432962,0.164432888419316,0.156981072753849
-0.964730937498752,-0.928965966031998,0.109289598032031,-0.112271309691546,-0.0740192767389677,0.142575159629804,0.0476906486635304,-0.00745157589980758,0.0457030884349902,0.0993552195595741,0.0988583337347544
-0.979137321204641,-0.922011140638931,0.124192725037659,-0.149032711983795,-0.0784902397610939,0.162943039582572,0.0322905433646284,-0.00645803245204499,0.0814707228729156,0.109787517620192,0.131645519799582
-0.982614724168319,-0.916546634969652,0.1207153287345,-0.163439207470547,-0.0685547663798204,0.164930149821969,0.0308002105933739,-0.0034774021072711,0.0839545863752147,0.11425850250155,0.133632621985641
-0.976156690095002,-0.947346575991123,0.0983606382230231,-0.140090749270903,-0.0466967249428214,0.154994598622299,0.0387486520388259,-0.00794834762237004,0.0670643145527562,0.0874325932053247,0.112768049018126
-0.956285816011895,-0.964733639460484,0.0779930313211125,-0.123200375237735,-0.0332838358709114,0.140091271836721,0.0466970934831346,-0.0387481945007085,0.0516643608366577,0.0824648322288751,0.0725292297981302
-0.941879432312789,-0.977152970528698,0.0501738609106062,-0.131148786535315,-0.00745160508386133,0.134626718678434,0.0457035383032867,-0.0581222917357019,0.0690514053543127,0.0740196385558442,0.0427226969938185
-0.928963364169894,-0.982617476201646,0.0392449010997341,-0.117735842469432,-0.00993547342880419,0.145555824994894,0.0228517691558293,-0.0750125303805126,0.0581224059423975,0.0471937292373317,0.0248387772888012
-0.903627999726718,-0.990069074842173,0.043715839202912,-0.125187478061782,0.0104322470170859,0.12419438991893,0.0362647640955119,-0.0566319765829284,0.0705417234509201,0.0526582663168166,0.0337807371274663
-0.918531155285238,-0.976656197297504,0.0516641736053253,-0.146548833441457,0.0213612677400924,0.123200834799396,0.0312969881930571,-0.0437159117546086,0.0760062231595762,0.0586195794918985,0.0268258794751711
-0.921015014543303,-0.969204598653777,0.0660705297262353,-0.147542384853681,0.00198709465273417,0.111774950917047,0.0432196503638076,-0.0531545745200014,0.0958771311848084,0.0695486536559757,0.024342001741649
-0.948834238242806,-0.960759453530565,0.0809736567314955,-0.163935983157276,-0.0029806420415901,0.101342622161834,0.0521616469895123,-0.046199770380635,0.117238357298828,0.118232711259557,0.0342775126756406
-0.949827781946453,-0.965230412712122,0.0660705297258668,-0.143568179193248,-0.00993547340714312,0.0909102934033724,0.0601100884326778,-0.0501739441713883,0.102831948974282,0.117239159063111,0.019871021823752
-0.971685743424929,-0.98212070295741,0.0551415699198514,-0.125684253759797,-0.00298064203700116,0.089916738283653,0.0635875315657717,-0.0526578027920641,0.098857767370782,0.127174681024676,0.0163935929982517
-1.00000173896878,-0.919527274376131,0.0869349075436306,-0.165426310252847,-0.0327870621718082,0.105316842644901,0.0556390901203196,-0.00993543449566758,0.094386813067714,0.189271693330246,0.0491807790977716
-1.03030482194124,-0.884753147421073,0.0983606382421643,-0.199703834010505,-0.0521612352724823,0.11276850603653,0.0471938710858428,0.00844511928083931,0.0958771311686477,0.207652408948262,0.115251926739566
-1.01291780712449,-0.917043408159421,0.0879284493481379,-0.17486504869463,-0.0377547988559709,0.103329732402429,0.0571294228864652,-0.00347740208517955,0.0909094041617451,0.167413545017712,0.0973680070737981
-1.00049851082898,-0.949333668921172,0.0819671985447096,-0.162942431739305,-0.0352709305110281,0.102832954842482,0.0655746419162857,-0.0352707924365691,0.0988577673696971,0.139097307436367,0.0387484925735818
-1.02931127823359,-0.963243319708796,0.0899155329528125,-0.158471450384242,-0.0541483299494607,0.119226614317682,0.0611036436020936,-0.0511674876138489,0.0854449044608942,0.146548948910404,0.0486840035091309
-1.0576272737782,-0.953307854854625,0.0844510530508162,-0.163439207445873,-0.056632198296179,0.137110606475603,0.0630907539629326,-0.0397417379510486,0.0774965412488984,0.170890977724074,0.0849486184313475
-1.04769183674494,-0.981127156442568,0.0611028207221147,-0.152013366202198,-0.0412322145617673,0.112271728489323,0.0491809814310572,-0.0347740207066623,0.0695481780359508,0.158471575265283,0.0909099249922097
-1.04570474933852,-0.966720732399959,0.0606060498217618,-0.144064954905235,-0.0526580089535301,0.120220169445263,0.0308002105935168,-0.0273224448403618,0.0680578599340808,0.162445784053623,0.0963744560075648
-1.06209822044484,-0.964236866188117,0.0625931334218746,-0.181323132871811,-0.0382515725504856,0.117239504086537,0.0362647640874616,-0.0188773255340637,0.0606062694262913,0.151019933797467,0.118729355608827
-1.04918215230004,-0.96970137185241,0.061102820721514,-0.183807011405232,-0.0407354408972721,0.112271728488559,0.0233485467389117,-0.0258321296703092,0.0620965875274924,0.126677904998964,0.128168090993438
-1.05166601155723,-1.00894645805115,0.0466964646045152,-0.191258646988512,-0.0168903047933597,0.0933941812084021,0.0298066554131092,-0.0486836290030321,0.0670643145309757,0.0869358171048254,0.103826089188224
-1.10780123076837,-0.986591662116957,0.087431678452078,-0.22454261927429,-0.0347741568678525,0.124691167478589,0.035767986495912,-0.00298063035011975,0.0824642682484567,0.150523157730165,0.195232789969059
-1.1157495803999,-0.980133609973795,0.0993541800456927,-0.235471684817238,-0.0526580089693869,0.127671832836324,0.0496777590247861,-0.000993543456278584,0.0645804510359167,0.157478023096039,0.210136056356323
-1.1316462796574,-0.979140063489659,0.0973670964449422,-0.248884628891458,-0.058619292996676,0.132142830876222,0.0536519797458925,0.0208644124048523,0.0551417697268975,0.173871634323259,0.252858753351561
-1.10829800262436,-0.974172331066709,0.0660705297311918,-0.246400750360418,-0.062096708680552,0.119723391878826,0.0471938710715401,0.0233482710254663,0.0695481780367835,0.160955455769737,0.226032873834514
-1.10432382781239,-0.962746546477819,0.0968703255618306,-0.246400750360418,-0.070045087387756,0.115252393838092,0.0471938710715401,0.0307998468960401,0.0645804510312187,0.139097307446123,0.229013527118099
-1.09140775966515,-0.987585208574572,0.0804768858578649,-0.247891077479544,-0.0615999350117,0.123200834790896,0.0466970934812887,0.00943866275396675,0.058619178624006,0.119723039623284,0.21212315853263
-1.07004657003947,-1.03626898632864,0.0675608424529871,-0.241432993298336,-0.0437160829170492,0.115749171394625,0.0606068660054944,-0.00943866276858241,0.0596127240252378,0.079484175671842,0.185297279014006
-1.07104011374265,-1.02782384120588,0.0611028207533381,-0.199703833970908,-0.0526580089616703,0.128168610391763,0.0496777590190459,0.0049677172327745,0.0620965875274626,0.0943874586157369,0.167910134877987
-1.11326572112238,-1.00944323123776,0.0779930313638861,-0.225039394993428,-0.0745160503986693,0.136117051349023,0.0312969881907584,0.0422255965624204,0.0794836320513621,0.149032829422505,0.199703769883582
-1.08395618187681,-1.03676575955482,0.0596125080571718,-0.180826357156933,-0.0695483137063937,0.128665387953061,0.0293098778292524,0.0183805538083898,0.0750126777481602,0.126181128913278,0.174368217009102
-1.03129836562813,-1.09290113596054,0.00745156351107523,-0.126181029493141,-0.0332838358702284,0.105813620196193,0.0188775484354729,-0.0486836289615683,0.0611030421317464,0.0566324751129806,0.0770002096670543
-1.05265955525439,-1.07153988654787,0.0139095852105648,-0.132142337968488,-0.0412322145763397,0.128665387951163,0.0104323293989715,-0.00397417379775988,0.0774965412425053,0.0784906234188907,0.107303518014839
-1.03874994340445,-1.07352697951609,-0.000993541788809837,-0.109787431172911,-0.0014903210239296,0.122704057231485,0.00844521903832307,-0.0208644124198299,0.0849481317491797,0.0660712209729957,0.0476904524599409
-1.04222734636776,-1.09190758947435,0.011922501610967,-0.106806776935237,0.0124193417155894,0.133136385988864,-0.00447099830434372,-0.0347740206912806,0.0794836320439579,0.0611034599927291,0.0377549415349036
-1.04520797747677,-1.12320430376625,-0.0119225016168738,-0.106806776935237,0.0114257943774347,0.120716946991211,-0.0129162173365935,-0.0427223682864603,0.0804771774449521,0.0779938473319499,0.0228516751204819
-1.07948523524223,-1.08147535142466,0.0293094831185452,-0.130155235119764,-0.00298064202640197,0.153007488389133,-0.0198711035988631,-0.0149031517248333,0.0844513590495227,0.131645665956718,0.0928970272689545
-1.08345941005724,-1.08544953735812,0.0124192725246732,-0.112768085390321,0.000993547330368771,0.155988153747363,-0.0317937657630395,-0.0307998468878465,0.0824642682471184,0.132639218152235,0.0740195565136025
-1.06607239524774,-1.11575270513365,0.0129160434245726,-0.132142337946487,0.0283160991472749,0.144065492309987,-0.024342101909268,-0.0556384330905809,0.0740191323410705,0.105813308859909,0.0620969433986525
-1.04222734638042,-1.10830110649272,-0.00546447988622523,-0.131645562240485,0.0283160991472749,0.160955929352934,-0.0233485467297773,-0.0680577262082039,0.0690514053323837,0.0849487127189546,0.0476904525318017
-1.03179513749079,-1.11525593187608,-0.00894187618560727,-0.110284206844766,0.0173870784260713,0.165923704949984,-0.0372583192549834,-0.0650770958655105,0.0630901329299878,0.106806861031674,0.0625937189254892
-1.05265955525868,-1.08843017680078,0.0163934397198962,-0.138600422108163,-0.0129161153872296,0.178343143945574,-0.0506713141821261,-0.0198708689861117,0.0799804047514352,0.142077964005119,0.0973680072189921
-1.05315632711031,-1.10283660082598,0.0203676069206125,-0.145555281993726,-0.00447096301187022,0.166420482505474,-0.0546455349039947,-0.0198708689861117,0.0660707691412656,0.151516709870664,0.11227127363283
-1.08494972561675,-1.08197212464903,0.0635866752492039,-0.173871497263723,-0.039741893543998,0.182317364427918,-0.0625939763446831,0.0134128365475419,0.0665675418418294,0.203678200186757,0.210136056325949
-1.11028509005379,-1.05862378226649,0.0670640715505602,-0.192748974094499,-0.0630902559935212,0.176852811268723,-0.0690520850129977,0.0471933137950512,0.0824642682620152,0.233981542182432,0.264284590914614
-1.09389161895122,-1.04073994553474,0.0640834461490666,-0.192748974094499,-0.0566321982945392,0.190265805386467,-0.0665681970626932,0.0417288248252047,0.0819674955615107,0.210136289471705,0.260807162085843
-1.08345941006945,-1.05315927659862,0.0342771921150011,-0.165426310258712,-0.052658008942904,0.180330254182464,-0.0705424177829422,0.0278192165395361,0.0695481780503868,0.160458679629829,0.193742463216341
-1.08991744414294,-1.0412367187957,0.0606060498116223,-0.180329581456343,-0.0620967086638071,0.192252915619097,-0.0789876368117505,0.0660706392969924,0.0586191786414154,0.187284588924384,0.23348450692817
-1.10581414339766,-1.028320614504,0.0670640715114313,-0.184303787106472,-0.0869353921354289,0.195233580977884,-0.102832961134387,0.0750125303264102,0.0521611335396894,0.203678200155008,0.261303937538441
-1.08892390044066,-1.07104311333794,0.0615995916114581,-0.164929534562348,-0.0715354083984771,0.172878590776537,-0.0854457454855906,0.0491804006665504,0.0407353614253518,0.172878082075436,0.23050385364367
-1.10929154636529,-1.05514636960071,0.0635866752110312,-0.195232852674792,-0.0576257456612525,0.173872145896071,-0.0745166385022862,0.064580324110902,0.0427224522259127,0.173374858173684,0.248387773327659
-1.10034965303764,-1.06855924714322,0.0630899043106162,-0.203678039675081,-0.058619292998533,0.151020378149168,-0.0640843091152587,0.059612606866392,0.0372579525170931,0.154497366434948,0.243420017854238
-1.10283351229567,-1.06408828796418,0.0461996937129924,-0.197716731201895,-0.076999918751615,0.141084826953624,-0.0546455348995764,0.0611029220402467,0.0561353151337194,0.164432888402704,0.222058669330458
-1.08395618193577,-1.07650761902473,0.010928959782694,-0.19125864702119,-0.061599935006619,0.124691167471275,-0.042226095147161,0.027819216506593,0.0591159513374152,0.12270369614073,0.163439154778552
-1.07054334194186,-1.10383014734179,0.00546447988083232,-0.177348927252946,-0.0432193092510104,0.112768506037365,-0.0144065501000831,0.000993543393595558,0.0536514516287592,0.105813308794142,0.128664866497315
-1.04123380267973,-1.15499779127827,-0.00347739632099953,-0.14605205774319,-0.0312967411852876,0.0874328504879394,-0.00149033275370069,-0.0263289014331586,0.0606062694371741,0.106310084892039,0.0770002096689002
-1.02583387527744,-1.18480418579758,-0.0278191704160731,-0.136116543611436,-0.0158967574394448,0.054645531544007,-0.00447099829338726,-0.0427223683288024,0.0481869519353413,0.108297189283733,0.0551420856312488
-1.03775639971784,-1.17983645337743,-0.0362642757187412,-0.130652010840316,-0.0457031775783489,0.054645531544007,0.0109291069970237,-0.0541481179913179,0.048683724635593,0.0824648321847374,0.0471936768838996
-1.042227346382,-1.16543002934913,-0.0322901085178289,-0.13462621648962,-0.048683819592649,0.0536519764243703,0.0233485467449734,-0.0312966186756872,0.0630901329428923,0.0889229214604922,0.0308000838420102
-1.06060790489366,-1.15201715181886,-0.0387481302158842,-0.139593973554081,-0.0491805932617878,0.0730263012643308,0.0273227674667467,-0.0168902386772035,0.0779933139631545,0.118232711244978,0.0576259633611599
-1.06507885155854,-1.16543002934805,-0.0372578175160755,-0.148535936266638,-0.0675612190194178,0.0765037441830236,0.0119226621737516,-0.0238450428148359,0.088425540670001,0.110284293674241,0.0630904943782282
-1.05216278341477,-1.17437194770432,-0.068057613317824,-0.129658459437329,-0.0566321983063265,0.0834586300167269,0.0163936604840852,-0.0372578793688265,0.0854449044659485,0.105316532692839,0.0248387772654946
-1.07650460413465,-1.13810750099,-0.0536512572207396,-0.152510141907813,-0.0625934823303381,0.0973684016916436,0.0084452190390143,-0.0268256731487225,0.079980404758928,0.130155337630287,0.0566324122841739
-1.0675627108029,-1.14704941934844,-0.0501738609204992,-0.143071403485947,-0.080477334420072,0.117239504095936,0.00546455349775578,-0.00298063038399166,0.0899158587751124,0.14952960545715,0.0720324542295979
-1.08594326931185,-1.14208168693015,-0.0630899043190007,-0.148039160547192,-0.0923999024798947,0.127671832850282,-0.00894199662057189,0.00198708685643134,0.0839545863677213,0.166916768902347,0.115748702362292
-1.11723989598074,-1.13115267561579,-0.0809736567107467,-0.166419861694031,-0.0988579601831378,0.146052602559938,-0.000993555172642713,0.00794834754270983,0.0755094504578824,0.164432888412962,0.141084255216918
-1.06954979817807,-1.19871383634854,-0.127670121218901,-0.107303552503673,-0.0611031612668249,0.123200834837708,0.0183807708429831,-0.0427223682312989,0.101838403572798,0.0869358172591849,0.0735227810378211
-1.07352397299068,-1.19970738283268,-0.129657204819014,-0.118729393750603,-0.0407354408438932,0.125187945077724,0.0263292122876729,-0.0422255965069779,0.117735129988702,0.103329428491852,0.0745163321311036
-1.06358853595848,-1.22951377736158,-0.160457000605559,-0.0973680383759084,-0.0233483624202115,0.119226614360769,0.00695488628412211,-0.0650770958226086,0.119225448090171,0.0784906235946454,0.0645808212017841
-1.04520797744682,-1.23199764357163,-0.174863356693754,-0.088426075658951,-0.0129161153654288,0.104820065119303,0.0129162173682111,-0.0735222151333277,0.102335176268218,0.0457034011262475,0.0382517172290275
-1.07600783223461,-1.17685581366724,-0.160457000589914,-0.108793879599771,-0.0178838520534708,0.123200834840792,0.0278195450709309,-0.0417288247700484,0.102335176268218,0.0869358173031398,0.034277512852861
-1.09985288111188,-1.16095906991977,-0.160953771489556,-0.116742290898587,-0.0084451523413907,0.135123496274702,0.032787320972433,-0.0367611075288823,0.121212538902924,0.0963745631686846,0.0322904106667636
-1.07998200705604,-1.21212671389334,-0.180824607482837,-0.08097444006318,0.0114257944129621,0.121710502159464,0.0342776537431515,-0.0710383565172842,0.12419317510653,0.0511679382017796,0.00496775557017637
-1.08594326927744,-1.22404927169787,-0.200695443476118,-0.0685550473957539,0.0178838521099909,0.117736281677285,0.0357679865137272,-0.0914059972139356,0.122702857003723,0.0481872816120102,0.000993551196268268
-1.09438839075146,-1.21312026037295,-0.187779400077617,-0.0471936920232723,0.0109290207453939,0.108297508042205,0.041232540005707,-0.083457649626683,0.108793221394802,0.0422259684293756,-0.00844518420239934
-1.1112786337046,-1.22603636465286,-0.189269712776211,-0.0134129439560611,-0.00198709465416769,0.125684722645419,0.027819545064095,-0.0854447365223072,0.117735130005354,0.0571292513695564,0.00397420446107513
-1.17138802779994,-1.13860427424591,-0.124689495874546,-0.0953809356417579,-0.0377547988926416,0.191259360515585,-0.00298066551635801,-0.0238450428193679,0.120715766209674,0.150026381564559,0.103329313610258
-1.17337511520608,-1.12270753049332,-0.124689495874546,-0.08196799156858,-0.0367612515543503,0.197220691236624,-0.0293098777902165,-0.0288127600620202,0.107302903295251,0.14903282936832,0.126677764313602
-1.21212331961653,-1.09339790920695,-0.070541467766792,-0.100845468412556,-0.0735225030589989,0.243917781892531,-0.0238453243038693,0.00844511927041251,0.10183840359052,0.202187871879806,0.198710218639391
-1.21560072257889,-1.09886241486787,-0.06010927887637,-0.073522804529357,-0.0894192604734069,0.268756659900476,-0.0506713141687651,0.0129160647874061,0.111277084900669,0.222555691892765,0.230007078081772
-1.19523307667372,-1.15549456449712,-0.0769994894798302,-0.040735607931083,-0.078490239757912,0.283659986712053,-0.0819683023320985,-0.0362643359093354,0.110780312200195,0.185297484500911,0.22404577151869
-1.18331055223701,-1.1848041857709,-0.0735220931820789,-0.01788392543811,-0.0695483137103408,0.313466640322825,-0.102832961110405,-0.0466965421143537,0.0889223133619721,0.168407097165199,0.221065118239836
-1.18927181445488,-1.188281598463,-0.0606060497886778,-0.0163935983185199,-0.0670644453645103,0.34029262856082,-0.135123504451978,-0.0611029221063731,0.0839545863562589,0.171884529851927,0.200697320823357
-1.2141104070337,-1.17983645335225,-0.0407352137953968,-0.0208645796797202,-0.0645805770188846,0.342776516362105,-0.163439827074589,-0.0645803241744526,0.0700449507365147,0.177349066933455,0.210632831759295
-1.23596836848689,-1.17139130823312,-0.0228514613837865,-0.0516646734650239,-0.0650773506876819,0.373576725079803,-0.196723925594308,-0.0496771724398077,0.0824642682439221,0.189768469398954,0.225039322632358
-1.23050387812054,-1.15897197719491,-0.0303030248751061,-0.0839550944128769,-0.0541483299655769,0.361654063636237,-0.218582139554629,-0.0630900089800893,0.0561353151266423,0.187781365006393,0.221561893805971
-1.2767036602926,-1.15400424477303,-0.0243417740737377,-0.0948841599445029,-0.0601096139984383,0.35569273291334,-0.226530580987316,-0.0556384331160181,0.0442127703125735,0.214607274327692,0.249878099984771
-1.27471657288645,-1.18530095902292,-0.0347739629711112,-0.109787431136344,-0.0611031613367296,0.359170175834633,-0.227027358577067,-0.0452062269050179,0.0615998148333508,0.229013781177197,0.226529649281427
-1.25583924253772,-1.20268802250348,-0.0879284492800346,-0.0948841599452761,-0.047193498614036,0.326382856853932,-0.238453243137786,-0.0665674110641339,0.0591159513317949,0.205665304545454,0.174864992364934
-1.24093608698241,-1.25186857337916,-0.105812201660305,-0.0953809356525912,-0.000993547339669998,0.297569758367109,-0.237459687958224,-0.102334975171998,0.0615998148353579,0.148039277236584,0.0968712316041485
-1.22851679069325,-1.26975241006818,-0.12568303764623,-0.081471215866695,0.0139096627375667,0.273724435473044,-0.225537025806336,-0.0943866275928693,0.0611030421348982,0.150523157727569,0.0720324542730627
-1.23149742180279,-1.26975241006818,-0.137605539236019,-0.0824647672799992,0.0104322470518743,0.252363000381553,-0.215601474009763,-0.104818833792426,0.0680578599439376,0.132142442111079,0.0670646988090843
-1.24093608697912,-1.26379113116704,-0.138102310135919,-0.0814712158668749,-0.00546451035554119,0.256337220863814,-0.19076259452071,-0.0958769427641231,0.0784900866576527,0.148039277256847,0.0849486184909703
-1.23447805291024,-1.28763624676393,-0.143566790036026,-0.0849486458137541,0.00049677367535339,0.247892002340499,-0.1624462718981,-0.0933930841441284,0.0784900866576527,0.124690800644502,0.061103392251259
-1.22951033439929,-1.31595232155993,-0.172379502246908,-0.0645808418644949,0.00745160503975917,0.224046679458815,-0.136613837230723,-0.113263953121178,0.0645804510499808,0.0943874586400148,0.0188774707499365
-1.24093608698254,-1.3080039496911,-0.156482833462092,-0.0645808418644949,-0.000993547336993361,0.230008010179855,-0.136613837230723,-0.0834576496860696,0.0923997222694875,0.114755278671587,0.0293097572305255
-1.21460717887007,-1.33930066392671,-0.17486335676064,-0.044213037914181,0.00794837871303639,0.214111128259393,-0.128665395798037,-0.0869350517563163,0.0769997685639893,0.0789873995832087,-0.000993551135072894
-1.19871047961706,-1.34774580903269,-0.196224505438392,-0.0109290655697889,0.0392451198954548,0.187285140022511,-0.120220176770645,-0.124689702779767,0.070541723454146,0.0273226854045283,-0.0238452262707173
-1.20218788257676,-1.35619095414593,-0.198211589036004,-0.0228516825235701,0.0536515562981033,0.171388258108651,-0.109787847389369,-0.121709072433358,0.0675610872527697,0.0412324161611198,-0.0308000839245115
-1.23894899960231,-1.33085551886265,-0.205166381624041,-0.0233484582308709,0.0332838358292527,0.165923704951272,-0.102336183541135,-0.104818833834866,0.0789868593739465,0.0799809517500729,0.0183806951260037
-1.2454070336732,-1.30999104272378,-0.190760025536201,-0.0382517294296589,0.0551418772981025,0.136613828926549,-0.0884264110219312,-0.0943866276324484,0.0730255869695881,0.0750131907683618,0.0442130235508391
-1.2334845092336,-1.33632002450642,-0.197714818126984,-0.013412944081618,0.0864386184934286,0.090910293446028,-0.0834586351218582,-0.10432206210314,0.0745159050719043,0.062097012235493,0.0134129396958938
-1.22454261590871,-1.34774580906525,-0.206159923423399,-0.00347742994754907,0.12866438038764,0.030303431163278,-0.0963748524598807,-0.0973672579672415,0.0581224059532958,0.0566324751529437,-0.00695485771858971
-1.23348450923456,-1.31098458917389,-0.190760025519293,-0.00844518701342611,0.153006290200873,0.0208646575231015,-0.104323293901712,-0.0859415083112778,0.0561353151514266,0.093393906425241,0.026825879460954
-1.19374276112289,-1.31992650752152,-0.213611486898595,0.0054645327692282,0.21311590424765,-0.011425883841295,-0.110284624981657,-0.0844511931386865,0.0571288605515883,0.0938906825233656,0.0263291039142983
-1.19374276112289,-1.33830711746301,-0.213114715998867,0.0144064954878058,0.280180349701245,-0.0735230787792752,-0.11674273364734,-0.0904124538292748,0.0665675418687998,0.0884261454400218,0.023348450633692
-1.1798331492823,-1.32539101318171,-0.228017842985368,0.0293097666846642,0.326380301030236,-0.134626718562725,-0.115252400878372,-0.0983608014161313,0.0928964949868675,0.09339390642132,0.0347742882099094
-1.21411040703807,-1.31992650752534,-0.202185756209404,0.0104322898255322,0.369102836700106,-0.172381813067377,-0.133136394108775,-0.0765028455691676,0.108296448714488,0.131645665946734,0.0611033921723487
-1.20864591667268,-1.33383615829168,-0.179831065724963,0.025832336725562,0.429709224450854,-0.21808534851089,-0.139594502773994,-0.100347888327954,0.128664129434561,0.107800413226102,0.0521614323345596
-1.20417497000937,-1.34128775690801,-0.155489291656322,0.00993551409869786,0.490315612254932,-0.261801773724989,-0.169897935740106,-0.0765028455763009,0.121212538919857,0.14009085959817,0.0725292297470477
-1.2036781981578,-1.36413932601126,-0.172876273140359,0.0372581779719903,0.555392963148325,-0.30353108868129,-0.192252927284272,-0.089418910397537,0.123199629721072,0.147045724972855,0.0382517170351861
-1.19125890186246,-1.36066191332514,-0.163934396951768,0.0158968225707381,0.608050972265996,-0.322408635919508,-0.202188479083228,-0.0760060738609329,0.13015444753365,0.154994142530718,0.0556388611422506
-1.19722016407929,-1.35917159360047,-0.162940855152374,-0.0154000469341542,0.651767055272216,-0.357679842587163,-0.222059582664468,-0.0690512697226069,0.133135083735829,0.16443288840136,0.0705421275414861
-1.2041749699979,-1.3765586570717,-0.170392418655832,-2.57478482978968e-11,0.694489590942085,-0.408351153644455,-0.244911351792753,-0.0904124538566922,0.141580219645416,0.160458679612442,0.0606066166016536
-1.22156198480202,-1.38202316272646,-0.165424709662538,0.00397420562829187,0.716347632463229,-0.437164252055896,-0.273227674399074,-0.105812377301428,0.142573765045636,0.155490918631659,0.0596130655083711
-1.21510395073365,-1.38748766838122,-0.166915022361685,0.00248387850824017,0.734728258297683,-0.446603025672359,-0.27869222788385,-0.117238126953404,0.134625401830786,0.154497366434822,0.0486840034824792
-1.24093608700485,-1.41481019665795,-0.1644311678647,0.00695485986955635,0.771986283649068,-0.453557911491479,-0.290614890032594,-0.12518647453709,0.104819039813453,0.159465127417152,0.0342775126263564
-1.24292317441001,-1.4153069698995,-0.166418251464029,-0.0014903271403568,0.781424983403713,-0.460512797314785,-0.285647114136808,-0.11574781177758,0.0988577674010664,0.169400649381812,0.0432194724688762
-1.24242640255857,-1.40884891775929,-0.191256796445208,-0.0183807011590886,0.814708819386114,-0.468958015811096,-0.277698672702406,-0.0998511166082263,0.0864384498858537,0.168903873283718,0.0556388611333239
-1.24341994626158,-1.38450702893485,-0.184798774748588,-0.0213613554001588,0.825141066487658,-0.461506352427977,-0.276208339934617,-0.111773637987619,0.0948835858027701,0.174368410366381,0.043219472465226
-1.26279404846771,-1.36910705845532,-0.181818149352391,-0.064084066166701,0.816695914068406,-0.480383899646209,-0.280182560651056,-0.0889221386828128,0.108296448717193,0.197716886996184,0.0819679650994428
-1.31396154917767,-1.34476516963414,-0.165921480562866,-0.0755099074180701,0.79086368316131,-0.493300116169041,-0.295085888340558,-0.0511674876424201,0.106309357913301,0.243420288005147,0.138103601869349
-1.30899383066371,-1.36016514011657,-0.172876273157597,-0.0546453277538159,0.821663650797406,-0.495784003960578,-0.285647114141844,-0.081967334522294,0.108296448715051,0.218581483090401,0.127174539842386
-1.30849705881242,-1.37010060494993,-0.180824607558244,-0.0546453277538159,0.836070087267004,-0.511184108280258,-0.27471800717059,-0.0769996172838524,0.111277084919461,0.194736230370759,0.115251926719727
-1.3005487091887,-1.37506833736195,-0.180327836658847,-0.046200140736248,0.853953939440341,-0.535029431077287,-0.269750231277543,-0.0715351283209536,0.115251266520939,0.186291036705796,0.113761600079877
-1.28862618475183,-1.37457156412068,-0.18926971285141,-0.0149032711908261,0.859915223498776,-0.528074545254991,-0.263788900203171,-0.0859415083075863,0.137109265370938,0.150523157647134,0.10879384461512
-1.24640057737607,-1.37159092467427,-0.175856898562401,-0.0188774768453808,0.838553955621249,-0.536022986188653,-0.239943575898824,-0.072528671758277,0.152509219073211,0.148536053254078,0.103826089149389
-1.23000710628034,-1.38699089515586,-0.174863356762761,0.0039742056606118,0.843024918664645,-0.538506873982202,-0.239943575898824,-0.0943866276155934,0.146547946662965,0.122703696154545,0.0655743720673861
-1.23795545590257,-1.40437795860516,-0.169895647768977,0.0298065424011649,0.819179782432217,-0.543971427125286,-0.245408129385302,-0.0993543448573787,0.147044719363395,0.115252054684378,0.0556388611353412
-1.24341994626862,-1.43219726011619,-0.177347211264894,0.0412323836611161,0.80924430900204,-0.564836084592174,-0.227524136163472,-0.0844511931320228,0.144560855857973,0.0844519365984089,0.0611033921485546
-1.24441348997123,-1.42524243473414,-0.160457000678109,0.0536517763159983,0.795831419873697,-0.550926312959131,-0.213614363652604,-0.099354344855521,0.137109265348623,0.0601099077720985,0.0531549833982462
-1.21560072258987,-1.44411981790437,-0.183308462059102,0.0998519170699368,0.825637840154394,-0.549435980283776,-0.192252927294322,-0.155489549666006,0.12965767483615,0.0223549243236401,0.011425837468939
-1.21063300407525,-1.43269403335412,-0.178340753063111,0.111277758324265,0.789373362136736,-0.555397310982414,-0.172878601294022,-0.135121908992711,0.122206084330814,0.0158968350500312,0.00546453091076325
-1.21659426629023,-1.42822307417976,-0.178837523963048,0.090909954351269,0.783412078078957,-0.538010096427215,-0.157975273596661,-0.123696159339596,0.127670584040288,0.0168903872462083,-0.00695485775271122
-1.20814914481315,-1.42375211500901,-0.169895647771809,0.0859421972816607,0.755095978812683,-0.509693775603099,-0.134626726883388,-0.110780094512242,0.144064083156443,0.00745164138889612,-0.0144064909506499
-1.21063300407115,-1.42176502204377,-0.1594634588801,0.0784905616709763,0.742676637026498,-0.530061655505545,-0.113762068109583,-0.099851116592302,0.114754493795979,0.00894196968193922,-0.0119226132183931
-1.21411040703333,-1.43666821927103,-0.184798774751837,0.0834583187392977,0.730754068919793,-0.540493984226971,-0.121710509547413,-0.11078009452205,0.132141538315715,-0.0228517005845044,-0.029309757340785
-1.20268465444715,-1.43766176575327,-0.17188273135206,0.0715357017762528,0.713863764094993,-0.542977872020262,-0.0933941869186936,-0.115251040035366,0.140089901529852,-0.0377549835138533,-0.0213613486012223
-1.1584719596518,-1.46101010807378,-0.177347211245155,0.0824647673308061,0.723799237521345,-0.542481094461851,-0.0884264110219549,-0.143070256566478,0.144064083133828,-0.074516414732711,-0.0442130237301512
-1.15350424113724,-1.44163595166873,-0.158966687950236,0.072529253191332,0.710386348399273,-0.537513318876147,-0.0899167437910301,-0.155986321395764,0.153502764456408,-0.0750131908305469,-0.0407355949029474
-1.14158171670422,-1.46448752077137,-0.170392418642848,0.0849486458542548,0.700947648648262,-0.545958537368601,-0.0700456401878799,-0.149031517259518,0.14704471935101,-0.087929369381386,-0.0417291459965607
-1.15350424114061,-1.45455205594734,-0.137605539262026,0.0541485520059299,0.686541212173116,-0.515655106282907,-0.0879296334195691,-0.103328518664715,0.162941445781663,-0.0571292513094898,-0.0273226551477771
-1.14207848855443,-1.46250042780912,-0.140586164659768,0.0427227107516019,0.697470232937896,-0.465480572856354,-0.107303959419869,-0.111276866247014,0.189767171616529,-0.0586195796031518,-0.0228516752292768
-1.14853652261958,-1.45455205594094,-0.127173350357186,0.054148552002083,0.673625096726455,-0.432693253946461,-0.151020387301742,-0.113263953143679,0.197715534833521,-0.0372582073753612,0.0213613484404157
-1.17486543074764,-1.44213272490539,-0.119721786861453,0.0452065892800309,0.675115417739362,-0.418286704742385,-0.19125937204652,-0.140089626237282,0.17883817221633,-0.0392453117658996,0.0114258375132372
-1.19871047961592,-1.4366682192499,-0.0978638672612906,0.0218581310519648,0.66865736001392,-0.369105726411749,-0.228020913681507,-0.119721985552309,0.189270398931919,-0.0178839395554113,0.0347742882083465
-1.21510395071893,-1.42226179526375,-0.0804768857841188,0.0218581310519652,0.670147681026827,-0.325389301262993,-0.257330791457163,-0.125683246238736,0.18181880842123,-0.0114258502859596,0.0452065746803509
-1.23497482477958,-1.42176502202263,-0.112766994268021,0.0382517293780622,0.688031533194755,-0.29210520481148,-0.27918900541958,-0.127670333133221,0.179334944916403,0.00794841752400421,0.0382517170330973
-1.24987798033449,-1.40835214452296,-0.100347721781569,0.020864579635109,0.673128323057275,-0.266272771759918,-0.307505328015043,-0.109289779358089,0.166915627407137,0.0407356399597215,0.0447097991326635
-1.27670366030518,-1.39146185430714,-0.10730251438162,0.00894196267453418,0.669650907360587,-0.243917781611486,-0.323898988467798,-0.109786551082125,0.162941445796976,0.0774970712274377,0.0521614323354204
-1.29806484991162,-1.39891345292147,-0.120715328664671,0.00198710278230618,0.663192849639053,-0.212124017859677,-0.36463475083375,-0.131147735207158,0.164928536598369,0.0591163556094215,0.0298065327394143
-1.30750351508769,-1.40288763885172,-0.128166892165002,0.00298065419599625,0.645308997478996,-0.215601460773099,-0.370596081907551,-0.150521832450362,0.166418854702024,0.038748535589694,0.0104322864274307
-1.29508421879436,-1.43666821922625,-0.149031269936836,0.014903271157189,0.659218660280098,-0.24193067139619,-0.36910574913894,-0.153502462792907,0.149528582875016,0.0233484765606217,-0.0362646149046944
-1.27968429140637,-1.45256496295921,-0.155489291639195,0.0109290655040761,0.662199302304807,-0.261801773771185,-0.340292648954428,-0.158470180033702,0.133135083744141,0.00198710433283103,-0.0596130656162747
-1.28067783510894,-1.4764100785401,-0.163934396934151,0.018877476812361,0.667167039015387,-0.278692210768191,-0.312969881543647,-0.133631593837159,0.151515673660605,-0.00745164151997346,-0.0665679232629832
-1.28067783510894,-1.46150688128965,-0.172379502237027,0.00447098132411705,0.659218660279551,-0.294589092663896,-0.296079443503237,-0.130154191766912,0.14307053774748,0.00844519362579405,-0.0457033502832016
-1.27272948548415,-1.46448752073598,-0.178340753030892,0.00496775703102004,0.670147681044631,-0.298563313135265,-0.273227674393574,-0.1227026159086,0.132141538337854,-0.0099355219826805,-0.0720324542281032
-1.29061327212959,-1.44411981783878,-0.160457000646208,-0.0163935983608261,0.625934824328369,-0.321911858412069,-0.264285677775371,-0.099354344885887,0.129657674833399,0.00347743266417849,-0.0392452681600633
-1.32091635507269,-1.45157141645091,-0.165921480541191,-0.0144064955338579,0.634379976738098,-0.340292628086235,-0.226530580972825,-0.0933930841984196,0.126677038632558,-0.000993552216065091,-0.0163935930253144
-1.30253579657636,-1.47790039825121,-0.170392418639955,-0.00794841134779967,0.621960634969674,-0.333337742258019,-0.198214258364467,-0.106309149019012,0.133135083749553,-0.0352711029944991,-0.0352710638013782
-1.29160681584903,-1.46697138694917,-0.167411793244494,0.00794841126671209,0.629909013704198,-0.35221528949075,-0.177846377191499,-0.0894189104104155,0.133135083749553,-0.0481872815284406,-0.0447097991804411
-1.30005193732032,-1.44660368404759,-0.165921480544648,-0.0139097198225799,0.63636707142662,-0.345757181222563,-0.163439827093546,-0.0784899324806676,0.13114799294471,-0.0233484766240124,-0.0342775127065972
-1.3194260395361,-1.42623598118209,-0.13859908107715,-0.0233484582508021,0.592650988373512,-0.340789405635518,-0.1465493890418,-0.0919027690166031,0.123696402438259,-0.0119226263775853,-0.0139097153276264
-1.32141312694136,-1.42027470228383,-0.140586164677459,-0.0322904209672961,0.579734872936659,-0.349731401698882,-0.135123504474782,-0.0919027690166031,0.128664129445905,-0.00745164149427754,-0.00198710220099587
-1.3050196558454,-1.41679728959687,-0.144063560974352,-0.0476904678741075,0.571786494200387,-0.344763626112765,-0.135123504474782,-0.0958769428101305,0.120715766236288,0.0124194024106957,0.0119226130943288
-1.30849705880408,-1.45008109677302,-0.145057102774458,-0.0407356079845824,0.553405868387162,-0.336318407606986,-0.12916217339841,-0.10630914901905,0.116244811931079,-0.0109290742060132,-0.0263291040221527
-1.35022589431516,-1.41530696986929,-0.133631372084666,-0.0710389260821138,0.51465752206808,-0.318931193039876,-0.122704064732417,-0.0933930841913742,0.129657674843896,0.0611034600160855,0.0596130655594098
-1.33681305433189,-1.43964885869504,-0.135618455683749,-0.0680582718428189,0.531547826868259,-0.314956972568837,-0.141084835554536,-0.104818833844205,0.135618947255213,0.0561356990348904,0.0332839615923279
-1.32737438915556,-1.42871984739623,-0.138102310180978,-0.0660711690156448,0.521115579774462,-0.314956972568837,-0.139097725194602,-0.102831746947986,0.157973718774567,0.0536518185462272,0.0183806951977646
-1.34426463209848,-1.43170048684296,-0.122702412281054,-0.0794841130919488,0.518134937751311,-0.319924748160626,-0.139097725194602,-0.0740189869520957,0.139593128832797,0.0735228624697697,0.0322904105050805
-1.35867101578382,-1.41282310366969,-0.0968703255019021,-0.0973680385323481,0.508199464333703,-0.302537533604705,-0.141581613143597,-0.0596126069510979,0.140586674233583,0.121213367860523,0.0650775965737629
-1.37754834612443,-1.42573920795134,-0.100844492701245,-0.077497010270384,0.502238180282154,-0.311976307226851,-0.133136394116003,-0.0536513462596179,0.125186720504119,0.103826204424715,0.0804776385191869
-1.42374812829027,-1.40785537127047,-0.0914058456038543,-0.113264861114129,0.491805933205571,-0.296079425341376,-0.139097725194662,-0.0134128366247292,0.126180265904785,0.160955455738719,0.147542337321664
-1.42921261865419,-1.40139731912852,-0.0948832419039227,-0.114258412526815,0.472431760067608,-0.278692210770655,-0.137607392424586,0.0049677171723968,0.130154447511973,0.169897425507842,0.149529439509981
-1.42126426902929,-1.40984246422431,-0.108296056186312,-0.0948841599646268,0.467464023359213,-0.273724435183508,-0.121710509550831,-0.00745157592726747,0.129657674811498,0.157974799162877,0.137110050853076
-1.42225781273171,-1.39394572050585,-0.113760536086015,-0.0948841599646268,0.482864007147401,-0.291111649750979,-0.106807181852398,-0.00794834765136559,0.140586674226357,0.142574740130287,0.133135846480647
-1.41083206015598,-1.42822307416855,-0.120715328680574,-0.0784905616555132,0.486838196509636,-0.310485974553527,-0.0914070765638328,-0.0273224448897399,0.139096356124398,0.109787517629883,0.0735227808439862
-1.42126426903228,-1.40884891775882,-0.131644288472023,-0.076006683122414,0.479883365119413,-0.302537533609469,-0.0740198609217044,-0.0258321297180031,0.120218993495907,0.0983616673770492,0.0928970271567289
-1.42176104088373,-1.43915208543514,-0.164927938705326,-0.067064720397582,0.470444665373075,-0.29359553755353,-0.0799811920009346,-0.0645803241585312,0.118728675393681,0.0760067429906849,0.0690518009436461
-1.4252384438416,-1.45008109673571,-0.181818149304617,-0.0447098135985309,0.473425307396226,-0.282169653690873,-0.0740198609205612,-0.0839544214017354,0.13710926533545,0.067064773223048,0.0531549834501937
-1.42424490013935,-1.48733908982235,-0.21261794507596,-0.0442130378920791,0.455044681588057,-0.276705100542118,-0.0814715247657588,-0.109289779327577,0.125683493230003,0.0541485946703311,0.0233484506587307
-1.41033528831036,-1.48386167713202,-0.22652753026748,-0.0745163559833328,0.433186640082543,-0.266769549360808,-0.0730263057347237,-0.114754268294835,0.133135083742476,0.0874325932585105,0.0342775126901905
-1.39990307943925,-1.50870033918411,-0.237456490064054,-0.0541485520388207,0.43716082944434,-0.273227657628056,-0.0551423124936034,-0.124192931055992,0.138102810746702,0.0511679380607595,-0.00894195989172952
-1.40387725424887,-1.5340357744973,-0.249378991659728,-0.0566324305703119,0.445605981835257,-0.281672876135413,-0.0665681970614432,-0.143070256577129,0.134625401840361,0.0591163556361197,-0.0178839197379292
-1.45703184233287,-1.5052229265076,-0.227521072083842,-0.073026028893437,0.428218903366635,-0.270743769840056,-0.0720327505506722,-0.12518647451116,0.156980173376442,0.079980951743707,0.0203677973448234
-1.4282190749519,-1.522113216708,-0.242424199075493,-0.0695485989477278,0.408347956545626,-0.255343665509506,-0.091903854146201,-0.134128365542807,0.144560855860114,0.0794841756460464,0.0069548575924756
-1.41878040977798,-1.53800996041409,-0.252359617063551,-0.0640840661749098,0.412818919579185,-0.241433893857983,-0.0829618575217825,-0.142076713122332,0.143070537758288,0.0655744449018777,0.0168903685221845
-1.41629655052199,-1.54943574496587,-0.240933886372349,-0.071535701773243,0.385993141384839,-0.231995120233486,-0.0839554127017256,-0.116741355185753,0.166915627397845,0.0839551605286732,0.0377549414909262
-1.43269002161596,-1.5216164434944,-0.202185756244738,-0.092897057164536,0.352709305476582,-0.188775472582676,-0.0869360782406976,-0.0829608779854006,0.170393036303249,0.156981246934806,0.0968712315186434
-1.40586434164671,-1.53204868154802,-0.22006950862854,-0.100348692767115,0.327870621965348,-0.195233580853544,-0.0894199661910616,-0.0938898559091548,0.151018900959802,0.130652113749508,0.0894195983220188
-1.41679332237007,-1.49975842087727,-0.180824607556822,-0.0978648142346588,0.324889979944164,-0.192749693058242,-0.076006971267777,-0.0760060738471986,0.17834139948591,0.135123098632352,0.132639070881073
-1.43020616234812,-1.50969388570504,-0.164927938765728,-0.055638879176346,0.317935148561592,-0.181323809194637,-0.0700456401849741,-0.0779931607440118,0.170889808973437,0.111277845907757,0.126677764317874
-1.42374812828357,-1.49081650254849,-0.176850440355223,-0.0442130379297119,0.32041901691316,-0.165923704862168,-0.0695488625947228,-0.0765028455714949,0.178341399482565,0.0968713390636376,0.140587479623555
-1.43219324975259,-1.50621647301603,-0.176353669455545,-0.024838785375553,0.315451280212142,-0.166420482421332,-0.0541487573061576,-0.0874318234966112,0.187283308100343,0.0879293692915431,0.115748702289549
-1.42623198754137,-1.52310676322233,-0.17685044035526,-0.0183807011893282,0.312967411860848,-0.154497821002523,-0.0402389847852863,-0.102334975219366,0.176851081379758,0.0988584434503994,0.118232580024191
-1.48534783783324,-1.51466161812406,-0.168902105961086,-0.031296869555925,0.293593238731409,-0.132142830827636,-0.00496777589011707,-0.0814705628059487,0.201192943720503,0.129658561524854,0.152510092738739
-1.48634138153587,-1.51217775192088,-0.166915022363867,-0.0243420096609952,0.29160614404969,-0.13860093909542,-0.0168904380551511,-0.0829608779767568,0.200696171019924,0.113761726398565,0.139593928530876
-1.50869611483381,-1.49578423495308,-0.147540957263963,-0.0253355610738872,0.283657765333089,-0.135620273739542,-0.0173872156451048,-0.0973672579838605,0.208147761539311,0.105813308828488,0.136613275248576
-1.50819934298258,-1.50273906032487,-0.155986062554542,-0.0178839254749752,0.29558033341258,-0.163439817063958,-0.00745166384686407,-0.103825290394237,0.206160670736134,0.0710389819406204,0.108793844630128
-1.53005730444047,-1.50919711245035,-0.139095851970257,-0.0203678040085242,0.309489996174664,-0.15698170879309,0.0094387742214822,-0.10332851867056,0.212121943147094,0.0789873995029397,0.0933938026973764
-1.51614769261018,-1.55837766329568,-0.168405335056368,-0.00447098139318891,0.304522259473783,-0.138104161540372,0.0258324346950635,-0.135121908991832,0.206160670737561,0.0536518185112093,0.0620969432507029
-1.47640594451294,-1.57874536617594,-0.208147007010564,-0.0298065424393319,0.29309646506537,-0.159962374144245,0.0188775484319603,-0.148037973816287,0.198212307527944,0.0253355809316282,0.0233484506240783
-1.48683815338587,-1.594642109888,-0.199701901718734,-0.032290420971788,0.279186802300992,-0.166420482413906,0.0183807708417089,-0.164431440707844,0.20069617103173,0.0238452526379042,0.0198710217969428
-1.48534783783265,-1.57526795349126,-0.194734192721272,-0.0342775237987558,0.264780365875766,-0.155491376109928,0.0119226621709174,-0.135618680710517,0.18529621730411,0.0168903872619199,0.0422259213964531
-1.47193499785389,-1.58818405775627,-0.203179298014561,-0.0288129910240977,0.252361024124418,-0.165426927292681,0.00745166385961913,-0.125683246229919,0.180328490296612,-0.0283162376355067,0.0124193885968138
-1.45703184232704,-1.60259048174513,-0.219572737699105,-0.0109290655911098,0.251864250454705,-0.183310919434261,-0.0049677758990485,-0.152508919328872,0.169896263574779,-0.0402388639916131,-0.000993551166571686
-1.47243176971441,-1.59662920285615,-0.215101799604644,-0.0233484582588579,0.237457814018784,-0.175859256048202,-0.00745166384923388,-0.132141278651515,0.163934991168993,-0.00447098494260681,0.0278194305369234
-1.44808994901156,-1.63935170159033,-0.261798264172721,-0.000496775749313949,0.241928777046442,-0.169401147775859,-0.0114258845684349,-0.164431440698569,0.141083446920141,-0.00546453713868073,-0.00894195991596529
-1.46498019194948,-1.6363710621456,-0.254843471580737,-0.0283162153038137,0.214606225209252,-0.162446261947788,-0.0203678811870659,-0.136115452422157,0.148038264732303,0.0208645960717703,0.0188774707024825
-1.47491562897152,-1.61153240011217,-0.268753056768824,-0.0248387853567549,0.197219146758321,-0.162943039507147,-0.0417293175653171,-0.119225213809772,0.143567310423883,0.0208645960717703,0.0347742881816078
-1.48683815339781,-1.58868083104877,-0.25832086787866,-0.0442130379174379,0.177348199968458,-0.178839921405163,-0.0571294228590505,-0.0894189103850656,0.149031810132539,0.0521614902419254,0.0452065746595396
-1.53204439185508,-1.57427440706262,-0.23845003191137,-0.0462001407431709,0.183806257676673,-0.147542935170718,-0.0650778642997389,-0.0774963890089422,0.163934991153693,0.0670647731743688,0.0909099249433656
-1.51167674595757,-1.57328086058102,-0.237456490112098,-0.0352710751979588,0.17734819996828,-0.144562269815706,-0.0745166385122534,-0.0720319000465882,0.151018900938065,0.0576260273162726,0.0576259633363391
-1.50621225559527,-1.59464210994037,-0.237953261011899,-0.0312968695438167,0.188277220703606,-0.145059047375086,-0.0700456402019197,-0.0894189103947875,0.15648340064623,0.0606066839057325,0.0447097991208846
-1.51763800817007,-1.60408080151295,-0.227521072119675,-0.041232383678401,0.188773994373496,-0.121710502089072,-0.0606068659880477,-0.0958769428077398,0.149031810137772,0.0869358170773619,0.0581227388763857
-1.5096896585533,-1.60358402827214,-0.21510179963261,-0.054645327754705,0.194238504741084,-0.119723391851779,-0.0620971987585877,-0.0973672579788451,0.153502764446326,0.0869358170773619,0.05762596332973
-1.51664446446807,-1.61451303956714,-0.203676068942254,-0.0730260288882152,0.190264315381472,-0.110781395785445,-0.066568197068171,-0.0854447365970742,0.153005991745941,0.0879293692739311,0.066567923175404
-1.5504249503371,-1.59712597614071,-0.189269712863658,-0.0953809356913191,0.178341747310177,-0.0958780689964618,-0.0561358676786429,-0.0566319766191401,0.165922081969686,0.101342323924411,0.106309966910593
-1.52359927037327,-1.60159693530762,-0.180327836670434,-0.0680582718435032,0.193244957398067,-0.0958780689964618,-0.045703538289865,-0.0774963890372393,0.149031810145206,0.0581228033866663,0.0591162899866143
-1.52757344518133,-1.60755821419869,-0.168405335081233,-0.0824647673343593,0.179832068318782,-0.0854457402477478,-0.0362647640789344,-0.0829608780016365,0.147541492042667,0.08196805608947,0.0824647406771487
-1.53452825109489,-1.59414533669182,-0.15946345888536,-0.098361589933637,0.177844973640997,-0.0700456359092047,-0.0312969881789805,-0.0581222917803247,0.135122174525596,0.110284293707279,0.105813191381408
-1.5310508481386,-1.60557112123348,-0.156482833488575,-0.105813225528303,0.136115985413261,-0.0819682973366777,-0.0288131002290929,-0.0606061504009387,0.125683493210644,0.134626322516904,0.0854453939621355
-1.54843786292986,-1.6115324001223,-0.173373044069524,-0.127671356612499,0.129657927707177,-0.0829618524550564,-0.0342776537185838,-0.0521610310925354,0.123696402409132,0.159465127414627,0.123697111036644
-1.55390235329217,-1.6055711212338,-0.183308462062977,-0.147045609168665,0.129657927707177,-0.0869360729297254,-0.0511680917747833,-0.0571287483320915,0.122702857007514,0.167413544988336,0.1435681329093
-1.53403147924675,-1.59811952262427,-0.188772941959578,-0.156981123298103,0.120716001651247,-0.103329732388246,-0.0740198609167626,-0.0531545745397531,0.126677038611609,0.157478023033374,0.133135846432186
-1.51863155185938,-1.59911306910587,-0.198211589050446,-0.147542384875015,0.117735359632357,-0.107303952862667,-0.0710391953755755,-0.0278192166158061,0.104819039781237,0.135619874729279,0.109290620204155
-1.51167674594461,-1.56682280844292,-0.191256796453141,-0.134626216512767,0.114257943943414,-0.0948845138761032,-0.0496777589988607,-0.0273224448914108,0.105812585182022,0.139594083515969,0.10780029356299
-1.47143822600886,-1.57278408733382,-0.181818149361574,-0.12767135662126,0.125186964675135,-0.11376206114058,-0.0462003158678509,-0.029806303511839,0.0914061768561836,0.109787517636226,0.0849486184076445
-1.46994791045475,-1.59315179019167,-0.197218047247435,-0.130652010861095,0.135619211743972,-0.113265283581355,-0.0496777589980271,-0.0601093786516037,0.0884255406536476,0.10034877178205,0.0924002516003277
-1.46100601713599,-1.58172600564878,-0.187779400150976,-0.126181029503022,0.135619211743972,-0.1087942855448,-0.0407357623731797,-0.050173944169767,0.112767403011878,0.0869358171337976,0.106309966915548
-1.47789626006347,-1.56930667461524,-0.187282629251089,-0.131645562268481,0.141083722108405,-0.109291063104262,-0.053651979710583,-0.062096465559861,0.111773857610914,0.0899164737270963,0.111277722387314
-1.44908349269878,-1.57427440702246,-0.194237421842901,-0.114755188249749,0.16989659492202,-0.100845844593749,-0.0506713141703248,-0.0680577262480713,0.110283539509044,0.0630905644280852,0.0988583337250562
-1.41530300681112,-1.58222277887124,-0.203179298027079,-0.0889228515112042,0.178838520977213,-0.0819682973375032,-0.0486842038106766,-0.091405997268456,0.105315812506304,0.0382517595303631,0.0844518428720385
-1.4043740260857,-1.5777518197036,-0.210134090619578,-0.0606066362302062,0.168903047581188,-0.0784908544222038,-0.0273227674431789,-0.0844511931327307,0.113264175720917,0.00496776095808341,0.0496775546051112
-1.41480623496088,-1.55142283792591,-0.209140548820306,-0.0601098605238559,0.144064364115712,-0.0625939725231976,-0.0163936604653761,-0.0640835524345558,0.112767403020353,0.0437162966057729,0.086438945067364
-1.42573521568806,-1.56284862246052,-0.206159923423668,-0.0611034119370306,0.133135343383992,-0.031793763829164,-0.0124194397431264,-0.0670641827802214,0.114257721121509,0.0591163556361243,0.11972290668352
-1.39443858905538,-1.59662920284502,-0.247888678971454,-0.0452065893254021,0.124690190999345,-0.0452067579343745,-0.0213614363686168,-0.0894189103657475,0.12270285703059,0.0208645960916456,0.063587269930112
-1.40189016682457,-1.602590481734,-0.236462948275741,-0.0188774768561379,0.11078052825103,-0.0327873189462632,-0.0293098778100673,-0.081967334503534,0.118231902725114,0.0397420878111703,0.055142085638784
-1.42672875938534,-1.57377763378218,-0.234972635577624,-0.0183807011495307,0.0904128077888997,-0.010432328770448,-0.0228517691392758,-0.0556384331552161,0.111277084921278,0.0750131907589777,0.0809744140570397
-1.40983851644402,-1.58967437749211,-0.237953260976984,-0.00794841130997281,0.0938902234751658,-0.00298066537433181,-0.0372583192551858,-0.0655738676370528,0.0794836320523587,0.0725293102693862,0.0457033502368764
-1.36512904985445,-1.63190010297217,-0.261301493258429,0.026329112426378,0.101838602190019,-0.00248388781486934,-0.0104323293915761,-0.0978640296994003,0.0904126314662365,0.0158968350602344,-0.00596130662190679
-1.39692244832455,-1.62693237056495,-0.242920969974851,0.0029806542279438,0.0779934660651284,0.00695488581805505,-0.014406550111825,-0.0849479648726906,0.0948835857722483,0.0546453707240195,0.0268258794596237
-1.41480623497481,-1.63637106213094,-0.229011384797747,-0.00894196273263104,0.073522503036979,0.0149033267725092,-0.0149033277017549,-0.0675609545409621,0.0998513127749883,0.0511679380403965,0.00745163315295418
-1.40039985128636,-1.66419036360092,-0.238946802782864,-0.0014903271254203,0.076999918724966,0.0337808740358102,0.0114258845954578,-0.0750125304005749,0.101341630878152,0.0238452526798517,-0.00149032667940419
-1.39145795796496,-1.69548707778529,-0.248882220773374,0.00496775705829622,0.0993547338423576,0.0387486496314157,0.00943877423542858,-0.0988575731670892,0.112767402994883,0.000496776064112692,-0.0382517171416569
-1.38798055500666,-1.68952579889855,-0.243417740878391,-0.00149032712608976,0.104322470537775,0.0268259881967636,0.00745166387420851,-0.109289779373408,0.133631856425124,-0.00844519369665311,-0.0506711058095115
-1.41729009423488,-1.67959033408598,-0.222056592215926,-0.0243420096261637,0.0948837708184286,0.047690645697007,0.00844521905462794,-0.101838203514352,0.138599583432472,0.0298065658478255,-0.00844518436941606
-1.40834820091168,-1.68604838621354,-0.244411282701471,-0.043219486494587,0.113264396595262,0.0273227657598877,0.0243421019405778,-0.119225213855183,0.148038264745446,-0.000496776115753633,-0.0134129398335892
-1.40785142906063,-1.66518391008251,-0.232985552012243,-0.0486840192665559,0.0993547338538307,0.03229054135735,0.0412325400121634,-0.110283322823313,0.154496309848912,0.0029806565720579,0.000993551026485793
-1.40934174461459,-1.69002257210194,-0.255837013392672,-0.0501743463868409,0.120716001655577,0.00745166337932225,0.038251874472191,-0.126676789707514,0.174367217884849,-0.00894196977439202,-0.0263291040117468
-1.43765774012759,-1.65673876496688,-0.238450031909065,-0.0819679915936309,0.0904128078239475,0.030303431125751,0.0104323294291144,-0.096373714542822,0.156980173366153,0.044709848841461,0.0342775126986688
-1.41182560387272,-1.65872585792992,-0.251366075299278,-0.0586195333951967,0.0998515075362871,0.0278195433272517,0.0114258846091052,-0.0983608014397838,0.153502764461373,0.0193742678234208,0.0213613484796709
-1.4048707979542,-1.65425489876769,-0.233979093814383,-0.0521614492091387,0.0789870134195511,0.0154001043370775,0.0233485467707094,-0.0894189104061308,0.162941445770674,0.0342775507567927,0.0417291458793891
-1.41381269127873,-1.6492871663654,-0.232488781116928,-0.0725292531953239,0.0834579764479465,0.0193743248154599,0.0158968829096132,-0.0998511166049078,0.156483400657932,0.0501743858718592,0.0337807371421621
-1.42970939051527,-1.64779684664353,-0.230998468418665,-0.0779937859663018,0.0680579926974464,0.0109291063035441,0.016890438089604,-0.0943866276401019,0.145554401241764,0.0581228034406159,0.0581227389287725
-1.43219324977124,-1.66717100301843,-0.242920970005805,-0.0670647204222219,0.0725289557244896,0.0154001043408424,0.0129162173677354,-0.0973672579837613,0.15201244635644,0.0516647141710302,0.049180779091684
-1.4316964779201,-1.67015164246276,-0.23348232291517,-0.0690518232470279,0.0774966924182676,0.00496777558844612,0.00695488628593299,-0.100347888327718,0.148038264750442,0.044709848794757,0.054148534559848
-1.43368356532545,-1.68952579883195,-0.230004926619049,-0.0685550475402017,0.0586192929720497,0.0377550945201238,0.0134129949618336,-0.097367257984653,0.161947900379345,0.0675615492883232,0.0511678812818112
-1.45603829861617,-1.71188059468573,-0.226030759421276,-0.078490561667067,0.0645805770027805,0.020864657492961,-0.0173872156289561,-0.0819673345314712,0.171883354389583,0.054645370736143,0.0546453101113318
-1.46746405119451,-1.70244190312227,-0.222553363125927,-0.0914067300380117,0.0317935148058159,0.0342776515978929,-0.0109291069584742,-0.060606150406971,0.162444673069546,0.0854454888099581,0.110284171311164
-1.46348987638698,-1.72330637924378,-0.231495239319373,-0.059613084831222,0.0516644615749184,0.0119226614109371,-0.00745166383013192,-0.0566319766114621,0.165922081971828,0.0496776097193507,0.0765034341104368
-1.46348987638698,-1.72777733840986,-0.268753056744712,-0.0526582249368328,0.0695483136749779,0.0158968818886595,0.00794844146581661,-0.0670641828172606,0.165922081971828,0.0293097897046991,0.058122738887054
-1.48137366303194,-1.7312547510917,-0.2940883726177,-0.05315500064353,0.0824644290777354,0.0193743248052583,0.00546455351491674,-0.0799802476423604,0.157476946063253,0.0163936111619071,0.0486840035046628
-1.50621225558871,-1.71684832711752,-0.276204620239636,-0.0541485520569369,0.0635870296320364,0.0233485452843011,-0.00745166383796831,-0.0601093786876032,0.163934991175996,0.0397420877563111,0.102335762529298
-1.52310249852004,-1.72479669896609,-0.272727223943258,-0.0546453277633117,0.0844515237487724,0.0303034311174267,-0.0109291069677276,-0.057128748342532,0.16939949088318,0.0332839984814952,0.0705421275473765
-1.54347014441262,-1.73373861728613,-0.251862846161126,-0.0516646735229369,0.0725289556791159,0.0268259881994556,-0.0183807708191768,-0.0387481945495302,0.152012446349393,0.0546453706875475,0.081967965117549
-1.56632164955778,-1.73572571024875,-0.264778889547196,-0.038251729451497,0.0640838033005059,0.0347744291532495,-0.0228517691294033,-0.0248385862739185,0.143567310439807,0.0407356399410676,0.0710389030888734
-1.63934711163002,-1.66766777624702,-0.235469406456021,-0.0854454215424929,0.0412322145235768,0.037755094512903,-0.0586197556167888,0.0322901620543303,0.12021899349793,0.11177462204963,0.156981072746222
-1.61401174723284,-1.69101611855437,-0.244411282649908,-0.0784905616542282,0.0521612352516913,0.0357679842751971,-0.0387486520150677,0.0178837820493818,0.131644765617055,0.0963745630157604,0.123697111111806
-1.6403406553347,-1.66965486920877,-0.22950815566304,-0.0824647673050758,0.0476902722294421,0.0437164252298166,-0.0362647640643465,0.0163934668771621,0.133135083719862,0.0919035781316169,0.117239029001991
-1.62990844646289,-1.70790640870382,-0.249378991634253,-0.0784905616505209,0.0437160828738734,0.0427228701108812,-0.018380770823655,-0.0372578792953349,0.133135083719862,0.0606066839712107,0.0804776385699897
-1.6477922331028,-1.7183386467538,-0.209637319711439,-0.0904131786107871,0.0253354571046204,0.0447099803499898,-0.0288131002189351,-0.0183805537760801,0.131644765618036,0.083955160574827,0.0844518429414839
-1.66120507308084,-1.71535800731227,-0.211624403307972,-0.08991640290409,0.024341909765619,0.0427228701118714,-0.0407357623791103,-0.0223547275667343,0.13065122021731,0.0894196976497724,0.0859421695805752
-1.69101138412693,-1.69598385091554,-0.193740650914019,-0.118729393870505,0.00993547335980188,0.0561358642335153,-0.0476906486427137,3.10528547320388e-11,0.122206084301152,0.131148889917814,0.133135846594265
-1.69150815597773,-1.68306774665989,-0.198211589009253,-0.13164556223175,-0.0243419098192564,0.0591165295911882,-0.0243421019031352,0.00149031520375564,0.109786766787426,0.14406506846919,0.169400461498716
-1.67859208785203,-1.66518391001549,-0.214605028697033,-0.13561976788548,-0.023348362480419,0.0625939725091593,-0.0129162173298174,-0.00745157583279546,0.122702857010785,0.126677905044215,0.187284381184107
-1.66319216047315,-1.66518391001549,-0.221063050386961,-0.133632665059283,-0.0109290207458032,0.0670649705468292,-0.00447099829857988,-0.0293095316901119,0.131147992920371,0.125187576750429,0.215600587359023
-1.61748915021355,-1.72529347217591,-0.257327326069776,-0.0874325243819252,0.0149032100476385,0.0630907500673737,0.00596133108719722,-0.0874318234660985,0.136612492627228,0.0407356400016927,0.150522990655289
-1.59811504801575,-1.73721602993852,-0.274217536647391,-0.0695485989433788,0.013909662708446,0.0635875276267848,0.0124194397618592,-0.0933930841547547,0.132638311019684,0.00894196976957901,0.10332931378586
-1.62643104350058,-1.72280960594734,-0.250372533445449,-0.080477664478968,0.0069548313427017,0.110284618288511,0.00596133109060328,-0.0735222151826595,0.140586674236913,0.061103460136596,0.197219892313586
-1.6189794657332,-1.7277773383435,-0.245901595353636,-0.087432524373898,0.00347741565729609,0.123200834837889,-0.0124194397398872,-0.0516642593520406,0.154496309853327,0.0765035191627902,0.214110260883834
-1.6169923783292,-1.74019666934772,-0.242920969956262,-0.090909954319246,0.00298064198811637,0.135123496276008,-0.0183807708205463,-0.0730254434909187,0.163438218466288,0.0735228625738255,0.237458711578943
-1.62593427164518,-1.73125475102024,-0.228514613876955,-0.101839019863609,-0.0149032101045676,0.153007488425015,-0.00645810866037105,-0.0735222152146948,0.180825262987585,0.0904132499042765,0.257329733441865
-1.52310249843456,-1.84998355528685,-0.334823586207541,-0.0198710282076358,0.0561354246975214,0.115252393879597,0.000496777603232329,-0.17983136401137,0.187283308099555,-0.0705422055857079,0.0526582085022536
-1.51515414882088,-1.85395774121263,-0.323397855517749,-0.0134129440281008,0.0849482975103441,0.14754293527819,-0.0268259898553567,-0.17784427711426,0.20069617101478,-0.094884234388256,0.0506711063143651
-1.52707667324477,-1.8594222468558,-0.321410771919942,-0.0124193926147458,0.0884257131967057,0.184801252288173,-0.0551423124820399,-0.184799081251025,0.180825262983006,-0.0889229212154024,0.0362646154557015
-1.53452825100954,-1.87829962999007,-0.317933375625623,-0.0139097197344127,0.10481924429947,0.199207801526348,-0.0919038541223135,-0.186786168145956,0.179334944881002,-0.0963745626829393,-0.00149032610382476
-1.54744431913212,-1.84451904962641,-0.285146496243992,-0.0332839722900777,0.124690191088787,0.225040234654611,-0.158968828653551,-0.172379788148909,0.178341399479621,-0.0576260270352498,0.0581227395725578
-1.58420543611416,-1.8325964918638,-0.280178787252046,-0.0680582717386069,0.182812710523458,0.265279217001159,-0.279685782777974,-0.183805537797183,0.179334944881418,0.00347743297952394,0.157477848873554
-1.52061863920559,-1.87780285676404,-0.322404313736206,-0.0119226168760227,0.310483543878307,0.248388779942777,-0.403880179910748,-0.225037590892181,0.169399490860476,-0.0889229213071801,0.0248387777214796
-1.52111541105679,-1.88028672296162,-0.329359106323041,-0.00248387844657905,0.45206404018245,0.266272772099583,-0.589178220075539,-0.235966568810486,0.16691562735669,-0.0755099666633851,0.0784905367839603
-1.52210895475881,-1.87283512436008,-0.343765462406259,0.00596130856464594,0.636863846060094,0.301543978888813,-0.818192687793233,-0.23000530812287,0.160954354947515,-0.0909100257004525,0.0630904948337082
-1.45603829853959,-1.93542855256175,-0.381520050730137,0.0546453278556351,0.885250682265694,0.315453750569507,-1.09986557949539,-0.264779328756425,0.153502764436157,-0.176852290522555,-0.0298065322417009
-1.56383779025555,-1.81868684125984,-0.278191703799647,-0.0233484581523709,1.05763114689821,0.414809262659075,-1.42773878652841,-0.165921755828465,0.147044719324187,-0.0352711028803588,0.162445604001577
-1.57079259616761,-1.81868684125984,-0.274217536601677,-0.026329112389349,1.32986311988141,0.466970906548892,-1.82118663394157,-0.156979864789016,0.145057628521248,-0.000496776011992328,0.192252136836262
-1.55191526582802,-1.82166748070089,-0.265772431308806,-0.00496775698975704,1.64680472382171,0.493796894832019,-2.22655714309682,-0.169895929607998,0.144064083120284,0.000496776183627451,0.203677974413151
-1.5375088821481,-1.82663521310145,-0.259811180517147,0.0193742526459642,1.98709469098263,0.55887475529191,-2.70545073364942,-0.168902386160557,0.144064083120284,-0.0104322979645616,0.209142505424866
-1.44908349260318,-1.90810602446182,-0.338300982584077,0.0879293002385244,2.4073652206998,0.595636294791773,-3.14311178434218,-0.229508536422717,0.119225448105097,-0.139594083212833,0.0417291463395641
-1.3869870111933,-1.95132529631477,-0.362642756632896,0.169400516188546,2.80726803043067,0.67561748212605,-3.6229989283631,-0.252360035699613,0.0879287679770637,-0.206658856391425,-0.038251716678292
-1.41480623485427,-1.91704794271922,-0.336810669853106,0.141084300883344,3.17090636228914,0.772489106593485,-4.12573784036576,-0.233482710196829,0.0859416771735889,-0.161949007587594,0.0407355952724865
-1.40288371042349,-1.9051253849678,-0.346249316931397,0.164432759123506,3.54547371576227,0.871347841257114,-4.60165076168442,-0.222553732278523,0.0730255869598939,-0.180826499306335,-0.0034774284076029
-1.39791599191314,-1.90413183848737,-0.329359106350031,0.189768320179492,3.90414431214078,0.963748467740361,-5.08054434762288,-0.26328901360836,0.0750126777627146,-0.159465127090967,-0.000496775127638906
-1.45802538592194,-1.84253195676675,-0.29309483072449,0.172381170418523,4.23996332012745,1.08049119466509,-5.57533481480579,-0.24341814468233,0.0715352688585592,-0.0645808925008559,0.0953809052285519
-1.39443858900311,-1.88575122869622,-0.313959208512801,0.242426545099095,4.6552661177652,1.16096915976028,-6.08006083249012,-0.293095317069224,0.0760062231665783,-0.0943874583898841,0.033780737384687
-1.37903866162465,-1.89966087942972,-0.344262233377501,0.307007387004004,5.0010206003233,1.25336978635874,-6.55249630609739,-0.361153043212977,0.0680578599571991,-0.126181128671514,-0.00844518412077339
-1.38102574902927,-1.91307375690852,-0.359165360362531,0.33880103229397,5.37211054179569,1.3671318481161,-7.04529965952376,-0.393939976946648,0.06309013295327,-0.134626322332969,-0.0303033081764117
-1.37258062755912,-1.91307375690852,-0.374565258237371,0.393446360160166,5.73326501031773,1.46350669522945,-7.50730280178504,-0.442126834090472,0.0601094967496637,-0.129161785259499,-0.0392452680131497
-1.46249633265635,-1.85296419490291,-0.307004415970252,0.393943135868253,6.03729050600724,1.59614630443538,-8.01898370068128,-0.42374628034191,0.0745159050539452,-0.0303033419974622,0.106309966974532
-1.53105084812686,-1.79682881879847,-0.244908053542585,0.39990444436599,6.3437998705272,1.69798570484457,-8.48992883747066,-0.442126834089098,0.0854449044570297,0.0496776097408219,0.176355319044767
-1.5047219400197,-1.84302873015152,-0.28912066358781,0.519130614354734,6.72979302589664,1.78343144572633,-8.98670640657439,-0.539990863475429,0.0750126777426901,-0.00149032832776697,0.0834582918073835
-1.53701211034415,-1.83855777099276,-0.248882220749578,0.589175989245798,7.08796685526682,1.89619995260061,-9.50434863223679,-0.600100241951957,0.0794836320462932,0.00794841752974104,0.106309966958251
-1.60755371312856,-1.76553210453511,-0.19274710900967,0.637363232915243,7.43570843752028,2.03132345003656,-10.0279521876658,-0.577248742679618,0.0700449507350141,0.102832652484442,0.23199418058242
-1.5658248776287,-1.80129977781719,-0.214108257673716,0.749634543078153,7.84405641128923,2.13614351597395,-10.5485750761946,-0.667164424411955,0.0685546326334562,0.0457034012463724,0.168406910668407
-1.61252143162664,-1.73920312271445,-0.179831065581499,0.819679918014591,8.17093350037612,2.25338302116558,-11.0826109575851,-0.716344824953021,0.0481869519066787,0.106806861358861,0.223548996392583
-1.59662473239052,-1.76056437203483,-0.166915022202123,0.919035059831486,8.58375243867815,2.35422886673191,-11.6131693946832,-0.798808930772087,0.0367611797998639,0.101342324283462,0.205168301171002
-1.59116024202755,-1.72579024521788,-0.126179808416901,1.01540954743883,8.97670043055797,2.48041036817933,-12.1531666042748,-0.865376341520034,0.0481869519111239,0.133632770652177,0.235471609525911
-1.54148305686992,-1.78639658039737,-0.158966687724099,1.14357768068159,9.42081611430312,2.58870787725507,-12.7040929186141,-0.978640293935638,0.0298063620007108,0.08445193703587,0.179832748390386
-1.48783169694874,-1.79583527196488,-0.175856898312135,1.28217810374067,9.84754471904304,2.68607627998728,-13.2679354480204,-1.12071700625413,0.0273224984990805,0.0695486541059024,0.115748702849184
-1.45107057997312,-1.81719652129902,-0.203676068703415,1.40984946117887,10.3030861991374,2.80281900781972,-13.8615846295825,-1.22404552430136,0.017883817195993,0.0327872228389497,0.0755098835511417
-1.45107057997312,-1.79285463253597,-0.161947313157688,1.49380455632422,10.7069632161343,2.94092317105394,-14.4497692561311,-1.29260002175801,0.0139096355922547,0.0760067433363058,0.136613275759876
-1.45703184218378,-1.73423539013235,-0.148037727960331,1.57030801571754,11.1535627720422,3.07256922600806,-15.0245408870734,-1.36959963854999,-0.00198709081508593,0.117239159494356,0.167910135239056
-1.35916778758049,-1.80428041714839,-0.203179297900895,1.72430848598876,11.6379171299612,3.17043440661372,-15.6162029533789,-1.54396651276994,-0.000993545414151628,-0.0183807154824583,0.0144064910155164
-1.37705157422906,-1.76503533118242,-0.154495749749795,1.82267007684895,12.0745812143662,3.31897089894325,-16.2396587808966,-1.62444353143522,0.00149031808851913,0.0233484767127873,0.0839550674921443
-1.3402904572569,-1.82564166656514,-0.176353669351576,1.97468344461294,12.5594323483398,3.439687847687,-16.8551661658937,-1.75708158077472,-0.0203676807124172,-0.0263291331466305,0.0402388193406029
-1.31197446172562,-1.84203518346872,-0.176850440250936,2.11129676545225,13.0393157470251,3.56735968234004,-17.5024673120499,-1.86587458732775,-0.0422256795035425,-0.0541485946020404,0.0218581241323446
-1.30005193729452,-1.86637707224744,-0.191256796355132,2.23400036635472,13.5107539938865,3.70447029096813,-18.1532458994075,-1.99900940815725,-0.0660707691181217,-0.0794841756027157,0.0183806953028923
-1.3368130543176,-1.78739012717924,-0.11525084878868,2.30503929328879,13.945430988055,3.86989722091751,-18.8129664803899,-2.06607359020552,-0.0760062231152769,-0.00347743269854006,0.105316415880798
-1.35519361281789,-1.79037076662062,-0.0879284493009532,2.43171710018747,14.4407143755414,4.03433059582106,-19.4746741695685,-2.14456352175181,-0.0889223133177625,0.0367614312336814,0.151516541719787
-1.37407094316129,-1.76851274404586,-0.0615995916101806,2.55541425275805,14.9161268158425,4.18733808678096,-20.14482707484,-2.25385329987329,-0.0839545863168066,0.0526582663692141,0.1828134011683
-1.36711613724306,-1.76503533136281,-0.0427222974063133,2.69053724690073,15.4004811840078,4.32395191810467,-20.7946120991897,-2.36662047995995,-0.111277084816751,0.0591163556456395,0.168903685855806
-1.33283887951863,-1.82762875968538,-0.0551415699044129,2.87086683096518,15.8937774805974,4.45857863920505,-21.470229553642,-2.53651640757254,-0.142076992187657,0.0193742677812201,0.116245477865404
-1.37059354020848,-1.8037836441352,-0.0228514613989926,3.00698337668721,16.3756479829935,4.6056247996515,-22.1493244488305,-2.64878681580806,-0.173373672288529,0.0755099668541546,0.19026503434903
-1.36661936539843,-1.82067393430797,-0.0263288576994047,3.15303543677509,16.8749055669309,4.75316773776383,-22.8030836871389,-2.78440549467655,-0.209141306691132,0.0844519366197487,0.1703940124791
-1.3457549476412,-1.81719652162744,-0.00198708359591937,3.29511329139697,17.3716792833735,4.91213656008667,-23.4796946900458,-2.9274757491558,-0.211625170189417,0.0844519366197487,0.169897236932356
-1.36065810318669,-1.79136431316673,0.0283159412874769,3.44712666045826,17.8833562133117,5.06116983097396,-24.1235183735973,-3.05464930857586,-0.22851544196285,0.0938906824670658,0.189768258779706
-1.37556125872496,-1.77397724975662,0.0690511551259895,3.63639820833141,18.3865879910361,5.19828044039024,-24.8001293720875,-3.19175830223356,-0.250373440746127,0.104819756620929,0.184800503309887
-1.37953543353607,-1.78540303428418,0.0809736567310805,3.83312139198589,18.8868391276665,5.33141682929088,-25.4648177076199,-3.3517187948024,-0.276702393809834,0.0655744448951595,0.157974623785481
-1.3606581031843,-1.79484172584536,0.0983606382425823,4.00003803294402,19.3870902661449,5.4595854425397,-26.147886809402,-3.50820188525576,-0.316444209754458,0.0258323570604542,0.124193886604613
-1.32687761729983,-1.82464812025909,0.0953800128418983,4.19924509559107,19.9181413768742,5.59470894186607,-26.8339365739672,-3.6756139533094,-0.376553706366208,-0.0154000590504997,0.0700453520276186
-1.30303256842737,-1.8465061428274,0.105315430851046,4.38652954125571,20.4477021677345,5.74821321145098,-27.5329025525705,-3.83458090212994,-0.413811658793671,-0.058619579559523,0.0417291458793348
-1.29309713139985,-1.8147126554519,0.143070019269033,4.54698809820138,20.9568952373909,5.90022714836743,-28.2596880694854,-3.96324477617323,-0.447592202296071,-0.0715357581012422,0.0427226969724809
-1.23894899960898,-1.86637707243847,0.141082935667204,4.76159520875135,21.4968882797267,6.0567120836226,-28.9869703616776,-4.15499865780675,-0.496275926780172,-0.118729487419167,-0.0149032664830668
-1.21361363518489,-1.85842870059438,0.173373044194145,4.96427970214854,22.0383716452269,6.1933259160224,-29.7366076396583,-4.29856568315163,-0.537011288089288,-0.146548948901149,-0.0228516752266782
-1.21858135369959,-1.85246742171196,0.206159923645377,5.15901578432317,22.5957517715081,6.35825607030314,-30.4936965775735,-4.44511333858748,-0.569301513533185,-0.139594083527043,-0.00745163327310666
-1.23298773738784,-1.80974492302477,0.261798264533692,5.34133247364639,23.1272996656956,6.57783175777532,-31.3218246972597,-4.57874492944987,-0.611030420193897,-0.0859422649557605,0.0253355528090664
-1.22851679072699,-1.81222878922721,0.274714307963121,5.51768785458343,23.7139894461694,6.80336877643023,-32.1767787987604,-4.74218282283485,-0.642327100219858,-0.0958777869140239,0.0129161641387783
-1.19125890185601,-1.82564166670709,0.267262744459111,5.73775949930142,24.3548275661964,7.04678978791127,-33.1052559679353,-4.912078748323,-0.664185098958013,-0.0988584434981608,-0.00347742888994189
-1.19125890185601,-1.80428041737754,0.288623893193808,5.94392142392398,25.0135495435071,7.33939177965691,-34.0898689907964,-5.09389719474002,-0.696972097040726,-0.0919035781318534,0.000496775481941754
-1.17883960556718,-1.80229332441812,0.3253849398331,6.14461881582117,25.7090327807077,7.63944543531431,-35.1460179694514,-5.26478666335503,-0.740688094439889,-0.0854454888661564,0.0129161641361706
-1.19523307666865,-1.75311277360314,0.375558800854239,6.33438714194625,26.4780385350085,7.99712529061421,-36.3159289908371,-5.44213416414158,-0.767513820135904,-0.0471937293391536,0.0422259213779509
-1.16443322186636,-1.76354501165425,0.372578175450244,6.56787173185734,27.363289350232,8.35480514601121,-37.5817180613721,-5.66170726001833,-0.802784681660678,-0.0596131317765385,0.0293097571700885
-1.17238157149201,-1.69896449039851,0.423248807358195,6.76310459146399,28.3374626722172,8.74229165678548,-39.0129340295275,-5.82713223932885,-0.848487769822008,-0.0193742678376318,0.0476904523959924
-1.15400101297738,-1.6959838509561,0.443616414301838,7.01844731414582,29.45520361636,9.15809448967912,-40.605105894113,-6.05664076905504,-0.891210221819347,-0.0218581483255212,0.0491807790352297
-1.11475603669308,-1.69101611855262,0.445106727005436,7.27329326141737,30.7180025053358,9.57141343555003,-42.3646917599931,-6.27919449457953,-0.958274536002221,-0.0740196385820348,0.0238452261488346
-1.09935610930198,-1.68157742696889,0.47491298111604,7.52019079714231,32.1184077343617,10.0145390372551,-44.2946722859795,-6.51466428448507,-0.987087352444861,-0.0834583844505203,0.0625937188460768
-1.04520797747761,-1.67263550863854,0.501241838901712,7.80782394306409,33.6852321879252,10.4770389654608,-46.4039894636941,-6.73523092268209,-1.04819039423034,-0.0765035190801692,0.061103392206051
-1.00397591374989,-1.65822908467828,0.544957678164627,8.10390227720343,35.4040694301785,10.9474873355284,-48.6931400647735,-7.00001024227906,-1.13065466193805,-0.126677904857415,0.034277512727368
-0.9811244085743,-1.6458097536614,0.588673517506335,8.39650318127046,37.2416356182021,11.4422778085435,-51.1238722223396,-7.2469057802623,-1.17884161354823,-0.125684352662063,0.0650775966305883
-0.964234165614797,-1.62991300997834,0.640834462177351,8.74921394936793,39.229227505626,11.951474832195,-53.7438765664145,-7.52211730514106,-1.21957697465754,-0.12121336778479,0.0829615163033635
-0.903627999688232,-1.63488074238983,0.682066447070576,9.14166677639436,41.3415096328346,12.429374869487,-56.5019850148325,-7.8271351319527,-1.28415742522953,-0.135619874626816,0.100348660445855
-0.867363654484852,-1.62395173109805,0.745653122451575,9.57137778443817,43.5471852570805,12.9385718951429,-59.3529908153591,-8.12966909947903,-1.34973142110474,-0.14158118779447,0.110780946920926
-0.819176784853094,-1.61699690571861,0.79284635816691,10.0149985135628,45.80154473603,13.4343559271242,-62.2874551909737,-8.4888350408487,-1.39394419105421,-0.166916768800934,0.130155193254548
-0.773473774452718,-1.62593882404441,0.836562197530209,10.5073032667429,48.0991235652345,13.9375916235087,-65.27755860252,-8.86538799085395,-1.46299559579437,-0.201194319507477,0.117239029050734
-0.759564162595104,-1.58868083097577,0.91107783285089,11.017988722982,50.3986895157214,14.4676533110203,-68.3029331748752,-9.25833440645145,-1.51316963808008,-0.176852290735257,0.151019766238221
-0.694983821852813,-1.59662920283606,0.93541960707398,11.6469068062882,52.737003850859,14.9445597974386,-71.3223463780113,-9.71238374036189,-1.58967263321981,-0.230504109285371,0.0864389451090572
-0.659713020346513,-1.57030022106049,0.981122530104526,12.3046378851141,55.0102408450627,15.4249437281208,-74.3288433284855,-10.2106457542091,-1.65922081058837,-0.259317122949377,0.0943873538568735
-0.627422849925163,-1.54744865199709,1.04619951827414,13.0438401890806,57.2208843654514,15.8745274484696,-77.267281734294,-10.7357334377119,-1.71237548895413,-0.239942855186472,0.113264824598174
-0.557378018755333,-1.52857126883548,1.11376036108004,13.8724621285391,59.4027150274286,16.2928141817052,-80.1873393396684,-11.32540144069,-1.78142689359522,-0.280678495162065,0.0750131074981828
-0.516642726880028,-1.46051333478809,1.18330828751849,14.7472842167529,61.445945812021,16.6852684805705,-82.9633314632948,-11.9423918852867,-1.86538147898117,-0.254349361978954,0.113264824618412
-0.488823503142704,-1.4326940332666,1.24441110866031,15.7636873987801,63.3580283232978,17.0593420092106,-85.5848257872502,-12.6324077663127,-1.95181992781554,-0.281175271247883,0.0854453939961489
-0.461997823106314,-1.42325534169124,1.32886216221149,16.8710005497714,65.1180980572382,17.3683376730424,-88.0970290566158,-13.3835265625553,-2.03378742229576,-0.266271988325961,0.100845435943383
-0.420268987498081,-1.40586827823121,1.41430675768317,18.1218818999225,66.6908840617036,17.6440492384047,-90.405553573162,-14.217109455704,-2.13562582454093,-0.271736525402269,0.0914067005482305
-0.391456220042662,-1.35867482035186,1.51713833474197,19.475099067185,68.0490637749149,17.8740572650911,-92.5004637946676,-15.1326596728286,-2.23498036323211,-0.249878377131304,0.12121323333619
-0.345256437763674,-1.35221676821234,1.62394407918318,21.0002006573066,69.1787275214849,18.0419680926639,-94.3613918547922,-16.1257062692157,-2.34178649234587,-0.251368705424193,0.115748702317515
-0.301540514735518,-1.33632002448834,1.71833055093914,22.6261477417302,70.0247334009499,18.1592076053799,-95.9520730101557,-17.2250619992009,-2.47094739243218,-0.243420287868805,0.122206784423028
-0.288127674717232,-1.3164490948216,1.83358140078183,24.4175211732384,70.5985072081567,18.2287564689548,-97.2412102912179,-18.4068818212875,-2.58222447561669,-0.254846138105268,0.116245477861932
-0.286140587305764,-1.29310075248856,1.96373537775293,26.3534563760682,70.8692489618725,18.2545889039747,-98.2615910086099,-19.6562625837688,-2.71684987520342,-0.248388048847481,0.144064908453671
-0.287134131011231,-1.26826209040447,2.09637320951029,28.4488566220837,70.8225522189892,18.2178273618024,-98.955588991017,-21.02288145286,-2.86091395590541,-0.214607274238484,0.175858543441822
-0.249379470208595,-1.27422336930914,2.24590125216785,30.7076961248534,70.4703395527304,18.124433173634,-99.3420817822754,-22.5126996870701,-2.9955393552549,-0.239446079128985,0.17486499234706
-0.202186144177648,-1.29161043276496,2.37953262588149,33.1061296565878,69.829998049304,17.9768902273682,-99.4548502444192,-24.0983948406588,-3.13960343564712,-0.258323570818721,0.162445603686262
-0.162444395939723,-1.26130726504311,2.53055098135178,35.6158409954606,68.8776825658331,17.7856308529771,-99.2084486708002,-25.7874184870439,-3.29111910619861,-0.297072106396411,0.157477848218391
-0.13611548773405,-1.24739761426333,2.69796277702111,38.2393140249086,67.6625737198798,17.5625777124628,-98.6649742312891,-27.5554288126171,-3.48287336434368,-0.315452822007557,0.161452052594869
-0.103328545429811,-1.24193310860637,2.8782906163223,40.9353163580149,66.1623166909023,17.3077308061384,-97.821943037215,-29.3890129810769,-3.67959534920167,-0.341285179052915,0.140090704093274
-0.0561352193861475,-1.22305572541639,3.061102310451,43.7376287548389,64.4052275968367,17.027051464859,-96.6758776433469,-31.3592093362455,-3.89221406000094,-0.370098192697179,0.0983615581713256
-0.0352708015589887,-1.21162994085633,3.30501682635824,46.6303543917895,62.4240935171103,16.6966943648381,-95.2680105678629,-33.3865344104406,-4.10831017905746,-0.382517595126312,0.0755098830361289
0.00149031555316936,-1.19126223792578,3.56383447000986,49.5404672244663,60.1876177099599,16.3355370540715,-93.5650577197854,-35.4844010379099,-4.35123202324554,-0.357182014159834,0.100348660383276
0.0273224519119966,-1.14456555317135,3.84152940842801,52.4764124474537,57.7708130291369,15.9763668543064,-91.6052709547015,-37.6855961433327,-4.61601186501232,-0.33234320930595,0.108297069129379
0.0854447587267995,-1.16195261663371,4.09190194716681,55.5062483525944,55.1945439818052,15.565531785538,-89.3797082712924,-39.9747198020197,-4.90662388608237,-0.403878967245046,0.0178839197363267
0.0799802683450785,-1.10979142615281,4.36562271916939,58.4824325077102,52.4384428547951,15.1899679261997,-86.9320860717717,-42.2886820192239,-5.23200999440644,-0.428220996012717,-0.00695485762006928
0.0809738120516426,-1.04918509060745,4.70044631371947,61.4188746429941,49.5372838150124,14.7756554153419,-84.2385590346205,-44.6557987728477,-5.55491223903382,-0.460511442289588,-0.00447097988839635
0.127670366285951,-1.04819154412392,5.05315366151357,64.3950588948762,46.5402474743275,14.3563751298759,-81.3642049909153,-47.1212762752241,-5.9205369334428,-0.514660036773838,-0.0685550253366871
0.138599347056091,-1.02732706793465,5.45305424732706,67.2912622703109,43.4229919273733,13.9306367361091,-78.292630279026,-49.5887408388043,-6.2603294476365,-0.559866661595239,-0.110780946804912
0.180328182758209,-1.0029851790795,5.87729660843926,70.1581559111054,40.247613896319,13.498937012161,-75.0471834305531,-52.113830879745,-6.67563140804365,-0.609544271219487,-0.12916164201281
0.170889517544643,-0.950823988586,6.34823543685991,72.9063201537824,37.0146101635344,13.0607791798586,-71.6656195212492,-54.6175597128798,-7.11477845634135,-0.64233149360007,-0.123200335456736
0.178341095342918,-0.901146664329815,6.84103218680929,75.5417163049298,33.7577613431138,12.6186471283925,-68.1419772180342,-57.1217852892992,-7.57826736431995,-0.696976864211694,-0.139593928475822
0.183308813874397,-0.857430618939774,7.37357061189925,78.0698088922736,30.5004158113425,12.1690634136037,-64.547295684411,-59.6031593465763,-8.0914335388745,-0.774473935318817,-0.183310176590526
0.1957281102072,-0.81619843975013,7.96621831982013,80.4409203232201,27.2584703189431,11.7264345856963,-60.8577296052094,-62.0552238511992,-8.63589638978906,-0.872835602389127,-0.208645729460043
0.136115487834248,-0.664682600457497,8.68454907333521,82.5735793420247,23.9688346069271,11.3429222909264,-57.0991113978811,-64.3925340971567,-9.19426887418637,-0.801299844450032,-0.0794840873712671
0.187779760566522,-0.636366525563425,9.40437014134262,84.6212897000937,20.8426375066835,10.8744610302749,-53.2997573763996,-66.7596506114085,-9.7913896244119,-0.88277112422704,-0.141581030655794
0.183308813887195,-0.550921527572046,10.1947326842263,86.4345218389878,17.7735694362945,10.4507097526765,-49.4959322927998,-69.048773965264,-10.4585553192994,-0.885255004708072,-0.126180988713991
0.171386289396215,-0.43964432107983,11.0447077408658,87.9988692540154,14.8113077587084,10.0354036952301,-45.6965781439106,-71.2052592870927,-11.1287016473766,-0.901648615858051,-0.0859421694979366
0.178837867195897,-0.36065737529298,11.9726758391349,89.3908354294493,12.056200761293,9.60767819879879,-42.0080053160911,-73.312067434611,-11.8609445565202,-0.955300434216611,-0.0844518428590789
0.168405658265936,-0.283160749336809,12.9552887428983,90.5403749562105,9.48340974627278,9.14418471795912,-38.3969297178339,-75.3274695957402,-12.6200131847665,-1.0372684898713,-0.123200335415872
0.19274747908479,-0.206657669680287,14.0153979183908,91.4345716530465,7.07654118329782,8.66976213087573,-34.8400028063918,-77.2127175971641,-13.4158429872513,-1.10035905402274,-0.148535888269506
0.217586071756585,-0.118232032174217,15.1455518011596,92.0813739330412,4.81274347434413,8.20626865204969,-31.3570956851444,-78.9837081290315,-14.2772467756949,-1.16643027468659,-0.154497194819273
0.227024736968243,-0.0149031972051992,16.3566793544336,92.4778011378779,2.7322552860442,7.74327195134623,-27.9427438034921,-80.6235509639506,-15.178392372325,-1.23150794317891,-0.194736014040057
0.225037649554714,0.0993546492223087,17.6462967244175,92.6059693320655,0.786889562944665,7.24351371111357,-24.5894955025259,-82.0934979237545,-16.1068604595674,-1.27770811999671,-0.212123158151549
0.284650271927666,0.151019066838691,18.9667139032164,92.5031367112105,-0.938902171419255,6.70947781872762,-21.3360994304507,-83.4899226888608,-17.0994122141945,-1.46101849928774,-0.333833167060777
0.270243888177732,0.27223173880514,20.4406333141564,92.0778965015803,-2.60706814325232,6.21717124404243,-18.1527489387808,-84.6598196299397,-18.1277315927812,-1.54497365925577,-0.336317044788996
0.285147043777596,0.389966998312279,21.9900619227396,91.4286103424534,-4.11726007356007,5.71244523039926,-15.0682571309735,-85.6429304734175,-19.2191410900664,-1.65476117626001,-0.377052639582447
0.267760028901831,0.513663536672096,23.6378511921947,90.5309362140307,-5.53952305354252,5.21914510220368,-12.0518238018636,-86.4740292269082,-20.3860600215231,-1.75063896245791,-0.416297907707516
0.257824591835924,0.686043853492045,25.3512142456491,89.3426481661537,-6.90912801608011,4.75614840625156,-9.04135176460312,-87.0875420529395,-21.6135852067065,-1.83757477898744,-0.442130236101986
0.218082843558371,0.874817687308643,27.1708862985907,87.9034882773486,-8.23402334247297,4.34282946846118,-6.08254455434208,-87.5028430414024,-22.896748915934,-1.88625883615262,-0.427723745286502
0.217089299851164,1.05812701582591,29.0700417252738,86.2566760611735,-9.47695100722419,3.92652986580032,-3.2156411552277,-87.7517255713753,-24.2544285108204,-1.99554957680911,-0.444117338295954
0.224540877655967,1.24640407686889,31.0407321885982,84.4106567110982,-10.6056207267413,3.54897891436354,-0.447596458736484,-87.7964350078573,-25.6622821278829,-2.11875004793626,-0.480381953110188
0.155489590110708,1.54645512015079,33.1351186493981,82.3102881094184,-11.6856066212442,3.21166694601781,2.22357664367791,-87.5927586856509,-27.1605483494923,-2.149550165787,-0.386491374829026
0.170889517568364,1.76851276283741,35.2076472031107,80.0887062036572,-12.6120894572379,2.85994842935229,4.76260693705064,-87.2594249973528,-28.7517110361621,-2.3075249632652,-0.436168929367614
0.171386289421876,2.02484776007123,37.3765493522724,77.6887817714606,-13.4282885420481,2.53306879135647,7.16999119467209,-86.6762152346699,-30.4213637810773,-2.40389952525672,-0.446601215818368
0.145554153056786,2.355201972543,39.5901609160361,75.1120051511282,-14.1342038758085,2.22208603599504,9.43032930791959,-85.8625034837366,-32.1918613472104,-2.48735790883874,-0.418285009702258
0.166418570906719,2.63190467400241,41.7575727972617,72.4651831576601,-14.7243709512519,1.87682562926988,11.5923054782094,-84.9126763330244,-34.0423392825861,-2.65278434753775,-0.460510931065432
0.155489590131866,2.96871693927853,43.9518103355087,69.6569090367369,-15.2166736193737,1.55044277060063,13.5933257216943,-83.690618381817,-35.9842233543403,-2.77946225099349,-0.463491584338272
0.205166775488183,3.26976153101444,46.1087900720691,66.8198219551598,-15.5852796525864,1.18878870533176,15.4691580241888,-82.312077391654,-38.0224812863199,-2.97717913541247,-0.519130445406237
0.269747116460972,3.61700603562892,48.259311806865,63.896295913545,-15.8639696583237,0.814715201696182,17.2034087197393,-80.7179375484553,-40.1104164526348,-3.18681864574972,-0.569304775452384
0.271237432021791,4.00051498898611,50.3576726075461,60.9151439168375,-16.0398275224917,0.461009578407034,18.7950842494961,-78.9235987641295,-42.2783319805303,-3.38801296247382,-0.605569390253835
0.307998549214211,4.40836583229317,52.41927237202,57.8718949822576,-16.1366983798367,0.0884264084961625,20.2650492707627,-76.9409835514631,-44.5272214088933,-3.59765247237272,-0.633388820761126
0.383011098999657,4.79088124223321,54.3815179553189,54.8385816187646,-16.1401757952168,-0.286143871833152,21.5810132345499,-74.8172851973366,-46.8093945716346,-3.86988577036535,-0.725292296860043
0.426230250286164,5.23499653562901,56.3184282288219,51.7739714177315,-16.1024209996052,-0.616500948450944,22.8120282303779,-72.4596074252386,-49.1621094057151,-4.09591889073446,-0.751124625181667
0.483359013484824,5.70643435961528,58.1266748226143,48.7178064554102,-16.0418146172074,-0.94238702686681,23.9317650406492,-69.965317449758,-51.5664885554755,-4.3721263961533,-0.809247363900203
0.602584258397869,6.13316259170973,59.7963223109377,45.7356611431529,-15.9111631535582,-1.26727954971376,24.9367462202114,-67.3592538413522,-54.0120997913802,-4.70148894281361,-0.934931576770873
0.651267900093663,6.66222611684291,61.4356667776483,42.6953931024864,-15.7636213864909,-1.52560387954335,25.8403847652353,-64.5375913424991,-56.4537368152318,-5.02588372770356,-1.01491243939557
0.759564164278501,7.22059926635822,62.9528055782231,39.7291447080523,-15.5942215798904,-1.7610764414801,26.6511258927577,-61.6200518904776,-58.9251801550752,-5.38753671898939,-1.12171918144129
0.788376931815854,7.85199808778927,64.3457516249162,36.7703479947613,-15.4302862830215,-1.95034869049236,27.3332016110855,-58.5584486405914,-61.3941395980252,-5.70447986197304,-1.15897734726681
0.848486326207649,8.50674525451439,65.5737696872411,33.8984870904671,-15.2345574737338,-2.1053432878949,27.9338057963422,-55.4114006362828,-63.8884344054463,-6.07358449302592,-1.26777119128359
0.921015016907087,9.21911812433142,66.6671627987541,31.0926974103856,-15.0432996270296,-2.26133144032489,28.476783775428,-52.1794046425218,-66.3444776990438,-6.47100536061648,-1.37507470874874
0.994537251402023,9.98365218993634,67.5941376078374,28.3728499812199,-14.8401192128259,-2.37658383304298,28.9213997794083,-48.8887895529476,-68.7712113794204,-6.91114897023735,-1.47592014408207
1.09687225334229,10.7769991110127,68.358668282724,25.737951250921,-14.6265065525297,-2.47295867875786,29.3088863534531,-45.5440263038378,-71.1572096863481,-7.39749275587233,-1.60110758125952
1.17834283751456,11.6294620532574,68.9552903373715,23.1934657421197,-14.4168680807363,-2.54101720375046,29.5880753983682,-42.1893275731398,-73.481111398554,-7.8778752266133,-1.73672730451677
1.25136830016712,12.5728345108491,69.3919521089123,20.7294579419107,-14.2121973452468,-2.58125618568624,29.8101350126912,-38.7670678471011,-75.730000438224,-8.37018032283141,-1.82465657565851
1.32041958802245,13.57383267282,69.6557375479927,18.3816956980175,-13.9807008332098,-2.6205016124596,29.9830136387953,-35.3721305092776,-77.8676124148711,-8.92408565131743,-1.93692784828949
1.41629655604016,14.6225210762129,69.7272725824426,16.1303079813688,-13.751191415396,-2.65130182083031,30.0634916200131,-31.9786834279831,-79.9202762766105,-9.45166184650467,-2.01243773078467
1.50025099959534,15.7347964665737,69.6055636696711,13.9852303004616,-13.4844239748277,-2.67166970055151,30.07690461688,-28.6448488929295,-81.8412954105929,-10.0492834671803,-2.12768965658117
1.62792136636843,16.9061878861141,69.3139590502729,11.9300690548163,-13.2310694222185,-2.69799891092554,30.0585238433985,-25.331381939401,-83.6311665953597,-10.7050278877023,-2.27175456392542
1.73124991232926,18.1744501050015,68.8792843631066,9.96035325672672,-12.9702632644409,-2.7034634640208,29.9859943047825,-22.0452373767232,-85.2918769221359,-11.3533206647677,-2.35372252828776
1.89468785285404,19.4317833202333,68.2553398993137,8.13321211268028,-12.7079667856936,-2.70942479466677,29.8394448945418,-18.8663954469625,-86.8278973505712,-12.0840782679578,-2.47493576043453
2.02931302585743,20.7189229402513,67.4908092255731,6.38108412145989,-12.4307670971319,-2.69799891093067,29.6645791577372,-15.7456757564638,-88.1845829117077,-12.8232810615392,-2.65079430188068
2.24242815217098,22.0045722506373,66.5365120071094,4.7660662455528,-12.1222706693494,-2.72581845395154,29.4455002091961,-12.7297748433461,-89.382301281645,-13.6782326772945,-2.87782072407675
2.40685963662936,23.4119310297662,65.4709380756951,3.19923562722848,-11.8227161663634,-2.72581845395154,29.1792273833561,-9.77895098076478,-90.378330031735,-14.5242423207421,-3.03182114154975
2.64779398722616,24.7929608345911,64.2449070972339,1.79037969770868,-11.465535921002,-2.77102521135435,28.8801672321949,-6.99702945506684,-91.2004884226831,-15.4869943366396,-3.30157025959474
2.81172869992015,26.2788098206597,62.9577732846274,0.364136630700314,-11.181878173696,-2.73972822545166,28.5478229781443,-4.23696584496541,-91.829402331556,-16.3955977583174,-3.45109969715156
3.03477926378919,27.7497556176741,61.5196210805632,-0.919531798406338,-10.8708978756745,-2.72631523148864,28.1866656204832,-1.66219804867987,-92.254639539235,-17.3995821808568,-3.67812611882856
3.27819747399819,29.2251723861204,59.9940371820155,-2.11229026566606,-10.5768078807928,-2.74668311119253,27.8036500467698,0.807750944118898,-92.4861354952259,-18.4537409803849,-3.90763641778078
3.53949947118936,30.7125117274734,58.375060337849,-3.23400979841184,-10.2712920920698,-2.74171533565248,27.3759244847744,3.12568782061066,-92.5030257581088,-19.5501257408218,-4.13515961461312
3.82911746454257,32.1382511863409,56.6383487712047,-4.23600638254812,-9.95782792415236,-2.75115410917771,26.936773037314,5.27720619183426,-92.2844458855546,-20.7523237949704,-4.433721712875
4.11128388029165,33.5615067880982,54.8623923067127,-5.19826090624131,-9.63989279332479,-2.73177978457289,26.4822214834602,7.34029921554609,-91.8597054505585,-21.9674380205145,-4.73824511731794
4.43567590435462,35.0066204265082,53.0347716699448,-6.06414094026858,-9.32891249252302,-2.73575400500345,26.0092891573664,9.26926389016168,-91.2273141345799,-23.25657187085,-5.03134268369372
4.6984682179932,36.4810437048637,51.2071510483378,-6.92107900742894,-9.05568698850418,-2.69452146801456,25.5000920638688,11.102848410155,-90.3629300847923,-24.4980152152331,-5.24247228676234
5.05167301036454,37.8516413646075,49.2935890586601,-7.67071352242585,-8.75414538598348,-2.68508269448699,25.0013273024611,12.7759756695451,-89.3107660468669,-25.8969365576396,-5.56736348701969
5.41232938143439,39.1884584453679,47.3497240561637,-8.39203182149124,-8.46601667111719,-2.64782437795238,24.4747429938285,14.35123890577,-88.0479704844237,-27.3261612293721,-5.86642235856484
5.88972713985095,40.3936305981957,45.3373046693829,-8.97474970031767,-8.13764929085834,-2.64931471061534,23.9377263556337,15.7258063649368,-86.5894465667303,-28.8870315445316,-6.29613319582496
6.32887346555826,41.5625383029854,43.3527044798881,-9.53660299892857,-7.82269479829751,-2.64683082284359,23.3877935000888,17.0169161766366,-84.9426458748987,-30.4791987405709,-6.69405039830139
6.81421957523497,42.6673622518577,41.3566785766599,-10.0572239143781,-7.5077403052538,-2.6016240654286,22.8408413119872,18.2086716434282,-83.1016071366738,-32.1180628725835,-7.10687086588747
7.3507331874847,43.6569347875841,39.354691441141,-10.4774961405397,-7.18185679161656,-2.59466917967079,22.3132634534691,19.2836857519935,-81.0921625125568,-33.8393918151583,-7.58675602983683
7.92351114678916,44.5908687104463,37.3899621524367,-10.8957812633523,-6.89124420638231,-2.58026263060447,21.7697887114634,20.2797131538988,-78.8954346428969,-35.5915208570876,-8.04726694658879
8.50920517516682,45.4820801289721,35.4669616428364,-11.2951889090382,-6.61752192522469,-2.55393342021897,21.2198558615043,21.2166247210254,-76.5223525152461,-37.3600434981221,-8.47995843343183
9.22555020635776,46.1378209726683,33.4644777982887,-11.5902736621711,-6.31448999759136,-2.53207520784272,20.6624713484103,21.9523437207734,-73.9585097200797,-39.2910118788831,-9.03237282056679
10.0174045617344,46.6793039456212,31.513161378742,-11.8277324357769,-6.00201937067973,-2.5335655405062,20.1279386083325,22.6001341202913,-71.2769318053825,-41.3153741408669,-9.68513586465049
10.8191943562731,47.1467676875379,29.6363606267222,-12.0542621443139,-5.71786484114742,-2.51270088322153,19.590921981448,23.1922860822678,-68.4209867026454,-43.2890652321714,-10.2767955168823
11.6756290589129,47.4557607244846,27.7923467775629,-12.2370755932333,-5.43818127389062,-2.50972021789626,19.0563892443201,23.6835933741189,-65.4403516546408,-45.3298210677131,-10.8967713723207
12.5737926005667,47.6683797277133,25.9995003538774,-12.3930631554218,-5.153033196044,-2.51369443833036,18.5114241781911,24.1247267171351,-62.3310524746498,-47.3844866155713,-11.555495716909
13.5474654683367,47.785121470379,24.2960727166564,-12.5366313254744,-4.91905280449598,-2.48686845037902,17.9912979951126,24.536053754621,-59.132830959019,-49.3994100715884,-12.2147168364646
14.5549188262201,47.7538247478667,22.6065546826529,-12.6349929090673,-4.67960790233818,-2.47693289928737,17.4691847029674,24.8574650996562,-55.8471774230508,-51.4406626386076,-12.9395123223975
15.6180106368902,47.6082701495683,20.9850942834173,-12.734348043938,-4.45953717258966,-2.45209402156443,16.9386261923189,25.1277089513734,-52.485517628481,-53.4337279202614,-13.6667916841411
16.7168700256165,47.3583931430861,19.4451043331085,-12.8093611707047,-4.24145353719128,-2.44116491537042,16.4140290144727,25.345294994036,-49.0692127891223,-55.3552574449313,-14.4045033296323
17.9140902488092,46.9063293745129,17.8763016795366,-12.798432105883,-3.97567963047837,-2.45159724401719,15.9073158324811,25.4039140649424,-45.6181338045973,-57.343354938051,-15.3026734649769
19.0536849393368,46.4627107556534,16.4664657430247,-12.831219300397,-3.76653792009032,-2.447623023583,15.4045768729144,25.511216770793,-42.1471838466149,-59.1516195069272,-16.096023962364
20.2638212399388,45.8790020469672,15.0650749199837,-12.8386709355048,-3.54348654718633,-2.42228736829115,14.8993540264013,25.5603971777668,-38.6350016945317,-60.932064609828,-16.9748198455404
21.5087315758243,45.1934547994548,13.7441609981688,-12.8297289733761,-3.33732547838951,-2.39993237832313,14.4055570664724,25.5608939495545,-35.1223226976094,-62.6325287702619,-17.8883900122375
22.692538973845,44.4935011269523,12.5270722100315,-12.8496000003282,-3.17637081250422,-2.36068695150583,13.9276569917462,25.5862293107428,-31.6096436302484,-64.1740246088601,-18.7721536456682
23.941423493263,43.6465025426685,11.3154479106937,-12.8158192544835,-3.00349357845292,-2.3343577411176,13.471118355894,25.5226425219468,-28.1128612142204,-65.7031010365064,-19.7890531097778
25.2121659797691,42.6852460885243,10.1003462208455,-12.7283867358242,-2.78789380946696,-2.34926106776094,13.0076248342462,25.3517530270618,-24.6275044987005,-67.1959128123063,-20.9197141616854
26.4779407515697,41.6847445437346,8.98310841130142,-12.6593349170917,-2.60359078096067,-2.33882873911028,12.5580410871554,25.1808635322897,-21.1674831202216,-68.5347240312377,-22.052362309928
27.7392445809427,40.6305914815033,7.93343145246799,-12.5515345957334,-2.41581033675775,-2.32839641045897,12.1268381129579,24.9712258381695,-17.7337906223556,-69.7746768287845,-23.2769139211045
28.9627937501437,39.5352062358056,6.91405752504712,-12.4536697879071,-2.24541697059781,-2.29958331228721,11.7025900262924,24.7347624677188,-14.3562333671909,-70.8780162337308,-24.5456785468585
30.1674655919804,38.4090210509789,5.97764434703112,-12.3498436717922,-2.07204296205958,-2.28020898765388,11.2718838314383,24.5097248490101,-11.0447468123399,-71.7975485295457,-25.8800175286953
31.340344036429,37.2500488320283,5.07153419939483,-12.2529724151126,-1.91506248426592,-2.24891200171162,10.8570745213043,24.2633260438589,-7.82565991190191,-72.513899457599,-27.2968212367383
32.5112353976224,36.0279864055999,4.17883687065745,-12.1069203664769,-1.74615943836692,-2.27176376923094,10.4735622016715,23.9473791890911,-4.71884357749834,-73.0931402202057,-28.8507349695146
33.603140029765,34.8302658788043,3.37357122441543,-11.9787522421771,-1.62792730628635,-2.27573798967123,10.0816046634595,23.6577612390012,-1.71386558817609,-73.4259801096994,-30.4334616746336
34.7193864877868,33.5739261050027,2.57575714470724,-11.8287259881826,-1.48237262263256,-2.2662992161233,9.7105117856588,23.2961113804425,1.19324823269469,-73.5943871582491,-32.1771436285578
35.6602724674067,32.4353216194542,1.91306475453588,-11.7388095908667,-1.39245658932643,-2.22357634637518,9.33693502044994,23.0124546923155,3.99405274507054,-73.3797799458981,-33.8279285555061
36.651829185181,31.1928915189619,1.21510163405281,-11.5962349715219,-1.2677663991779,-2.21662146060944,8.95988081279867,22.6433532593283,6.67016735200673,-73.0673078709797,-35.7102108389963
37.5609217690087,29.968345265053,0.587183212630248,-11.449189371096,-1.15599232437121,-2.20817624217463,8.62405914735218,22.279219544341,9.23599845655754,-72.5148930092429,-37.6491255151158
38.4074210952655,28.7472764322465,-0.0466964576247476,-11.2956856866484,-1.03080536048624,-2.21413757283308,8.28575359443111,21.8683892829915,11.6388881439859,-71.7692322997109,-39.7018017581342
39.2131851267321,27.5093173141089,-0.628911952388838,-11.1108851344763,-0.889224865517128,-2.22456990148547,7.96235137030834,21.4585525657613,13.9195717732008,-70.8263515325039,-41.8841363830928
39.942943058371,26.3165645770539,-1.17933410773456,-10.9360200955469,-0.792354000423806,-2.22556345659525,7.64441370053587,21.0621286874388,16.0899718851072,-69.6579344766628,-44.094787189617
40.6091141871676,25.1233150749083,-1.6939887567249,-10.7517163186755,-0.68455411456737,-2.22307956882031,7.35479235482313,20.6249695246362,18.121772426449,-68.3325362110684,-46.4152253549685
41.1014151487202,24.044820213612,-2.11177308003756,-10.6359675854684,-0.615999348428793,-2.18184703175877,7.04132568436668,20.2603390413479,20.0462700774141,-66.6827432323167,-48.6626375088005
41.6061354087122,22.8947900023103,-2.60059564043463,-10.4437153974228,-0.498760762913237,-2.19227936041138,6.75071078442446,19.7963542039853,21.830181058338,-64.9579370710279,-51.1162114558928
41.971262762496,21.7859919826216,-3.04073465218434,-10.2767987690916,-0.399406029370869,-2.19824069107366,6.46456688321517,19.3393241724951,23.4799634118478,-63.0075946053196,-53.5628305266728
42.3572545365126,20.6180779446657,-3.51217022980856,-10.0438109752023,-0.257825534032118,-2.23798289549298,6.2032618626402,18.8311266486893,24.9985977710527,-61.0045938689144,-56.2017016725218
42.5177118637193,19.6126087853545,-3.85494214488823,-9.91514607391368,-0.179832068043791,-2.23053123217031,5.95139561710337,18.4212899378303,26.3955228140549,-58.6906113560611,-58.7278047635865
42.6349500347173,18.5977009385885,-4.20665593567578,-9.7581649587087,-0.0864386183419689,-2.23997000571491,5.69009059718273,17.9836340082967,27.6672611287005,-56.2415057533181,-61.3135208858973
42.6612789460149,17.6031608026728,-4.53651180635246,-9.59124832957357,-0.00894192597868271,-2.24146033837929,5.42232746892356,17.5653521790957,28.8252384843797,-53.6180317559114,-63.8937724526143
42.5817954402365,16.678665705676,-4.82811631831304,-9.44966726017959,0.0541483300314339,-2.22009890351475,5.17642255535823,17.166941220973,29.8739258358384,-50.8698669579688,-66.43428196288
42.4054414117945,15.7670867194905,-5.09488228530819,-9.30709263919735,0.123696643751979,-2.22407312395347,4.94492419263834,16.7546206542668,30.8033877250716,-47.9950242514056,-68.9618752889888
42.1471200180625,14.9096560264651,-5.32588074800772,-9.17196965341805,0.175361105404205,-2.22307956884342,4.7124322748367,16.3716096230346,31.6354821516964,-45.0153617780977,-71.4338297466783
41.8858179932065,13.986154489418,-5.61698848779375,-8.98071101548052,0.270244876358425,-2.25686044258584,4.50527601504074,15.8937151851565,32.351828521623,-42.0858736466028,-73.9499971965237
41.4317684676485,13.1798914515181,-5.78539381835851,-8.87440101920087,0.320915790672578,-2.23897645060715,4.30656497470086,15.5141815576004,32.997633157628,-38.9725783532125,-76.2540415281152
40.9672867325426,12.3885316157963,-5.9557862322938,-8.71046504354069,0.380031857389492,-2.24444100371294,4.09444093938542,15.1331576155556,33.538121962569,-35.8890895845666,-78.5655374722523
40.4322633866868,11.638900739292,-6.11077874855969,-8.58229691691727,0.427225356082251,-2.21811179329251,3.89274923375084,14.7322628039909,33.9802497548637,-32.7797684297733,-80.7051491086993
39.8430919040229,10.8972182377898,-6.29110657980939,-8.40693510026483,0.476405949458163,-2.20320846664021,3.7019866356254,14.3398131131097,34.3260036246985,-29.6664730258453,-82.7185797800121
39.2087141783556,10.1937872816223,-6.43318305288202,-8.24349589984821,0.540489752990285,-2.18731158487874,3.51619181358659,13.9324602703034,34.5917770741084,-26.5983842053298,-84.5899326765606
38.464549862902,9.56338199870783,-6.48981493375154,-8.15059884669755,0.563341341827533,-2.142601604907,3.34480354221841,13.5742878321727,34.8118474260196,-23.5248308081136,-86.2441947178873
37.7452241438181,8.88628003091885,-6.60307869535422,-7.99560483269484,0.610534840561823,-2.14061449468607,3.16298294134329,13.1560060119955,34.9355438542206,-20.5640455425199,-87.8025790998094
36.9379697996121,8.30306821288659,-6.65474286732603,-7.87886254643617,0.671141228450909,-2.09590451471248,2.99954311171467,12.7908787703722,34.9857179074773,-17.6405184439636,-89.1160532114138
36.0785544072526,7.74966279269758,-6.69746516336389,-7.7601331574143,0.696476685661281,-2.07156241450337,2.80977406963596,12.4262483013832,34.9971436819905,-14.7477914257881,-90.2049848462917
35.2360292605278,7.16794129970213,-6.72280047840289,-7.61904886223857,0.720321821895677,-2.04274931631429,2.64683101782617,12.0566501162098,34.9171632604795,-12.0045939808318,-91.1876065432177
34.404433098759,6.62099393557781,-6.76204537824439,-7.45113868000392,0.779934662447237,-2.01890399365528,2.49581062844549,11.6756261807122,34.7899894224341,-9.41191965005618,-91.9769826179105
33.5107404513863,6.11627230049034,-6.79681934009552,-7.33489316914515,0.824644292865824,-1.98909734033584,2.34230635131936,11.3149698877236,34.6096608945195,-6.88183907900551,-92.4911451319624
32.6195316649617,5.62546031840673,-6.81669017542829,-7.2032476118419,0.842031371362658,-1.98065212189297,2.19526018293435,10.9637522590085,34.3831324960633,-4.47893316317298,-92.829449162174
31.7293164248904,5.17041601215034,-6.78191621360449,-7.08004724111439,0.858921676189317,-1.95481968900702,2.050201125121,10.6189926635862,34.1272945025886,-2.19475670603294,-92.9312881139628
30.8987138131228,4.65029441145001,-6.83457392714708,-6.89822733871729,0.920024837908457,-1.95879390944837,1.90514206736337,10.2210784923265,33.8108502278042,-0.122703625381214,-92.9208558311151
30.0080018060147,4.22654682208359,-6.85096736631654,-6.77105276255462,0.962250599966392,-1.94190347254845,1.77399278240596,9.88973173496051,33.4546641292527,1.92103324440359,-92.5969582861758
29.1426251661837,3.80230246171761,-6.8350706980597,-6.62152327991464,1.0173924775911,-1.94389058276937,1.6582436029,9.54944308731394,33.096987712938,3.81126630929866,-92.1130990709614
28.2866871955404,3.37954842119278,-6.82066434242699,-6.50080678742209,1.03527632979395,-1.93842602965576,1.51864909898122,9.22058018975233,32.6846662897869,5.60015706734706,-91.3962522016956
27.4819167314785,2.95679438161334,-6.81867725889235,-6.35227085619245,1.10035368083054,-1.9568067992037,1.42177746822464,8.87085287976898,32.2286288611211,7.18288575311511,-90.5606760149397
26.5882241007348,2.66369816238638,-6.7511164187178,-6.26583188610226,1.10929560692656,-1.92451625808856,1.28864107318624,8.62445409349315,31.8009074832109,8.81678238813946,-89.3088020571756
25.757621502265,2.33582781565745,-6.71634245683677,-6.16548319661211,1.12767623280298,-1.91160004163836,1.15749178856561,8.32042978516983,31.3394055558628,10.2867429160065,-87.9277664930312
24.9553349036135,2.03180258544722,-6.65772349253887,-6.07357969394068,1.14705040601874,-1.90067093541194,1.05068460612364,8.04968918387491,30.8525682177798,11.6588385584683,-86.3211948952311
24.1287064840472,1.76205471017167,-6.58916911055831,-5.97571488283379,1.17437295797616,-1.88874827407575,0.935928982197602,7.77944535499336,30.3473502878723,12.9454887140369,-84.4533194337644
23.3373488702862,1.4848552365381,-6.53402754240084,-5.89374689380812,1.22603741989693,-1.87682561273438,0.831605687823253,7.51913696127795,29.8297130396171,14.1124158314717,-82.3882241272611
22.473959333898,1.31893297158758,-6.38151888110382,-5.88679203411948,1.20119873624633,-1.83062530006291,0.728772726261446,7.34526685150387,29.320520930653,15.3200785947783,-79.9475666064473
21.7372466309727,1.06110765527173,-6.31346126991938,-5.78694012021549,1.22554064618341,-1.83758018584667,0.641836647675588,7.10830673007372,28.7884772749763,16.2689210028687,-77.4328895235099
20.9439019342865,0.906611175172547,-6.20119104999963,-5.76210133561128,1.19573422582482,-1.7918766507237,0.543971462074547,6.92946890299857,28.2340788452471,17.2291892639976,-74.5257598477356
20.2196085311807,0.716843794678532,-6.14654625267879,-5.66572685134943,1.21560517273765,-1.79684442628157,0.46498382504275,6.68356689101975,27.6920997374714,18.017076211042,-71.5058621217635
19.5256182134713,0.521115135684331,-6.09388853893959,-5.60810087103196,1.25733416131201,-1.78442498739937,0.361654086068522,6.46200669499274,27.1466432219437,18.7200144402709,-68.2559573499112
18.8261634074473,0.341779993671848,-6.04421145043192,-5.56239750737909,1.29111477104803,-1.80230897940698,0.27422123009098,6.22405303131715,26.5624384312624,19.3404878347002,-64.8321811342717
18.1361472682406,0.177348049246559,-5.97764415180709,-5.5494813393869,1.31794054938773,-1.81174775296744,0.189272262086696,6.04223457464728,25.9717755960912,19.911780392988,-61.1833656073583
17.4908405991492,0.0054645062767813,-5.91604456202275,-5.49483601326611,1.34923729078018,-1.82963174497171,0.0919038543868985,5.83110658537917,25.4079384931424,20.3653370077405,-57.4366852746413
16.8286436878521,-0.142573920837644,-5.8589159101947,-5.50377797572293,1.38202435318365,-1.84354151653001,-0.00298066534886218,5.65425584641471,24.8644690757195,20.7905773834459,-53.5514045434303
16.1803563901499,-0.290115574462956,-5.79085829883798,-5.49582956464732,1.39643078970714,-1.8723546147615,-0.0869360780590981,5.48386314016596,24.292186839598,21.1328561444588,-49.5866396898505
15.541010987345,-0.418283071518895,-5.75012308617958,-5.47198433141005,1.4118307735665,-1.90464515588535,-0.161949494142115,5.30899948844514,23.7293432879121,21.3474634375369,-45.616410248391
14.9374331603948,-0.54744411494916,-5.69796214314588,-5.45360363078418,1.47541780376105,-1.92998081122342,-0.239943575762985,5.09538764136501,23.1863706488107,21.5193479825649,-41.5900451241983
14.3825389778099,-0.701443820515535,-5.64580120005062,-5.43224227599892,1.51714679227685,-1.97121334834908,-0.310982771112748,4.90661438120195,22.6513463756298,21.6152257779868,-37.5870283824924
13.81423195567,-0.801792015696252,-5.55588566959202,-5.45857138772663,1.50224358209017,-1.97121334834908,-0.388976852666318,4.75609254507063,22.1232769231382,21.7369359329386,-33.475714524458
13.2081702718273,-0.862895124551864,-5.44113159483604,-5.47198433143663,1.46846297228445,-1.9488583583449,-0.460512825500495,4.63438346983061,21.59520747238,21.8516912218227,-29.2938584841007
12.6766243700692,-0.957282040701977,-5.35270637699022,-5.46701657451129,1.45157266740854,-1.94438736034425,-0.524100356888842,4.49578415556035,21.0979379348806,21.8457299081074,-25.2073832716098
12.1689235186875,-1.06061087512157,-5.29955189210996,-5.43075194894842,1.43716623088782,-1.95084546856768,-0.588681443442752,4.33085593947555,20.5996748533651,21.7925748607945,-21.1730694216383
11.6478098274269,-1.16393970943299,-5.21659115395848,-5.42926162187022,1.44362428864222,-1.97568434632925,-0.643823755763748,4.18579859285664,20.0944569547441,21.7066325881052,-17.1318006548927
11.1927667956366,-1.2697524099666,-5.14754000066376,-5.39895830463861,1.45107589374222,-2.00002644653684,-0.700953178431811,4.04223156154146,19.5976841941196,21.559586849842,-13.1511384391693
10.7531236923106,-1.35668772720843,-5.08792749417756,-5.37064209015509,1.4475984780286,-2.01741366097011,-0.752618047622943,3.87680657407523,19.1247565279997,21.3658441543172,-9.22263759773742
10.2702614375331,-1.38152638932585,-4.96522508481991,-5.39697120185288,1.4078565842248,-2.02635565696594,-0.812728135811431,3.78987152052592,18.6592804544365,21.2500953131312,-5.31400771938217
9.8400570007578,-1.46200365439191,-4.91107705809961,-5.38157115536904,1.38947595828617,-2.04225253873301,-0.877805999869234,3.66468504377019,18.1779076540563,21.0399590053633,-1.60657188822949
9.38153656802041,-1.51317129821579,-4.85891611486966,-5.38802923937639,1.39543724236773,-2.05516875516742,-0.956793636370915,3.51615029558759,17.7119348101444,20.8233646079713,1.9841217413732
8.97269332245888,-1.59364856326457,-4.82215506915254,-5.3840550338349,1.43716623092142,-2.09193029426368,-1.02683927624219,3.40238956870729,17.2648393321712,20.5287763564569,5.36517613879175
8.59266284553958,-1.68157742687354,-4.79731652474725,-5.3915066692253,1.466475877661,-2.15204037844978,-1.06956214878933,3.2826675811375,16.827679310562,20.2227622540104,8.55348166544351
8.20170338818159,-1.75708695944708,-4.78340693988233,-5.38504858522045,1.51168228192314,-2.19426647064488,-1.14258845412757,3.15748110456326,16.3900225173208,19.9073094054004,11.5843093752427
7.81819550906018,-1.81669974827293,-4.71882672441904,-5.40939059416746,1.53950160762866,-2.23053123217488,-1.21164053875886,3.05266226914865,15.975714044328,19.5615532127272,14.4213946481572
7.45654559234551,-1.88078349618595,-4.69945265977171,-5.4198228837124,1.54943708110148,-2.23500223016923,-1.26380218541404,2.93144996662173,15.5812764823853,19.2262293193991,17.0652342551896
7.089927957334,-1.94983497648977,-4.65722713425934,-5.4242938649463,1.56284997028923,-2.24692489148637,-1.29658950617854,2.82265695742321,15.1570325567282,18.8660666197658,19.4984410438375
6.71138779804441,-2.00597035254904,-4.61798223405988,-5.43422937880491,1.55887578090306,-2.24990555681652,-1.36365448041736,2.73174773066318,14.7844529974352,18.5302459513021,21.7533054213912
6.42176980262045,-2.14407331331416,-4.67113671917678,-5.39995185602146,1.63041118981288,-2.27176376923673,-1.416809682224,2.55787762470543,14.3974670295751,18.0821538761995,23.7394142264139
6.05962311555196,-2.20418287526495,-4.64182723676303,-5.44416489266775,1.62842409511793,-2.28766065099325,-1.45953255470053,2.49031666932354,14.0328358362091,17.7314299246234,25.6743551589059
5.74268266812346,-2.28217627383129,-4.62742088099006,-5.45857138775326,1.62345635838316,-2.31299630628667,-1.50473931507872,2.4162976815131,13.6662175525358,17.3424542113733,27.4140632972387
5.41232938070569,-2.35470516672378,-4.61400806699553,-5.45459718221094,1.62196603736172,-2.3293899655952,-1.54746218750818,2.31296916159212,13.2971154060052,16.9624204690793,28.9833774164309
5.07154388450529,-2.41084054270777,-4.5921501478936,-5.45857138775131,1.61799184797052,-2.33137707581365,-1.61850138236268,2.21510513079464,12.9568260790566,16.5759286375802,30.4066395191387
4.75857761288798,-2.48336943554774,-4.56184712369045,-5.4824166209892,1.61799184797052,-2.36168050663721,-1.6438370392567,2.12220881733829,12.6294528440618,16.2073207473905,31.6952754409019
4.45355969117498,-2.56086606073453,-4.57426639591097,-5.50030054591024,1.63239828451344,-2.39794526811233,-1.68208891337797,2.02533833012406,12.2836990184811,15.8153643799341,32.8244463983407
4.13314184212901,-2.60905306483318,-4.56184712369136,-5.52563610621013,1.64531440003628,-2.43520358469944,-1.74368933402091,1.95330642938222,11.9473838755348,15.4174466993731,33.8016040242434
3.83855612993801,-2.67909809135323,-4.5484343096866,-5.55792652620185,1.658727289234,-2.45308757666404,-1.79684453575627,1.87431972444659,11.6254751429961,15.0428774975898,34.6520838725827
3.54446718999008,-2.71883995040739,-4.52657639055509,-5.60561699265178,1.68008855719497,-2.48289422994516,-1.81721241677847,1.81470711696066,11.319463137944,14.6683082960979,35.4250667290213
3.26826203696831,-2.76205922208998,-4.49279597012317,-5.64287516958744,1.68356597291309,-2.53356554047896,-1.8634127322568,1.75807513991972,11.0268639975574,14.3141069168123,36.0902492783134
2.99652783105246,-2.80229785436128,-4.47491221812101,-5.68361077629522,1.69101757802027,-2.57082385705449,-1.92700026322174,1.68654001094196,10.740226130516,13.9494732389721,36.6635283409894
2.71436141621259,-2.86439450903602,-4.47391867634318,-5.71689474765841,1.71784335640426,-2.59516595721313,-1.96872958040649,1.61897905586545,10.4694849913119,13.6022267264276,37.1071489680739
2.48634313385204,-2.93046534957453,-4.46100263322892,-5.75315937320163,1.73721752969252,-2.63739204931981,-1.9920781269296,1.55489550291487,10.2206018527647,13.2281543037105,37.4439628375941
2.25484744873514,-2.97567171418138,-4.44908013189062,-5.7943917556345,1.73870785071412,-2.66819225768477,-2.01294278551199,1.49130872174099,9.95731230535345,12.8640174039833,37.7186797555149
2.03378397277304,-3.03478772936835,-4.44311888122235,-5.80532082085866,1.76801749749402,-2.68607624962823,-2.06063343369915,1.43318642958512,9.7049517583885,12.4884546538548,37.8940415496048
1.80924309391385,-3.08744569245138,-4.42871252544584,-5.82717895129513,1.76553362912373,-2.69551502315385,-2.08994331122489,1.39294791965014,9.49382334834895,12.1491565615454,38.0122741473449
1.61848270139133,-3.1376197893694,-4.41182231521492,-5.83562413805434,1.76851427116877,-2.70942479466486,-2.11428541288016,1.3368127144252,9.27723043865353,11.812839126393,38.0902679198659
1.40884497847199,-3.16792295678894,-4.4048675227645,-5.8609596983176,1.77099813953981,-2.73177978460184,-2.14657595592394,1.27620656368087,9.10534707478084,11.4795023483621,38.0942421248335
1.22553616405339,-3.23250347757019,-4.40933846077059,-5.87238553922035,1.79037231282861,-2.75612188475392,-2.17936327655183,1.20715529356621,8.88378643830601,11.1362300482245,37.9779966294497
1.01391135397011,-3.28317434769039,-4.39840950120699,-5.90417918348172,1.80775939142924,-2.76257999295151,-2.21215059715147,1.14853622978126,8.65974193873667,10.8182933308,37.8354220262595
0.882763584374711,-3.4118386157248,-4.44162856851845,-5.87735329614727,1.87631415855961,-2.81275452584838,-2.22307970401645,1.02682715676407,8.44314903037837,10.4029884947605,37.5294082441759
0.694983823585964,-3.46549012519627,-4.43368023429409,-5.9170953514309,1.883268989999,-2.82964496267863,-2.24543469533091,0.976653212333591,8.23897544026745,10.0915098676691,37.2909559464293
0.459513964853977,-3.48138686874933,-4.42523512917645,-5.97025035039128,1.87929480060484,-2.8440515117333,-2.28169945902749,0.930950213456112,8.0343050776499,9.81579912163979,37.0798263079168
0.268753573062478,-3.53603192472031,-4.42672544184412,-6.01048918135504,1.91307541046077,-2.86740005675778,-2.31001578135575,0.884253671160893,7.85397657873482,9.5356173908712,36.7757996285906
0.0849479873183387,-3.57080605121283,-4.42722221273321,-6.06116030185868,1.9294689417313,-2.87832916293888,-2.31150611410984,0.826628150900374,7.67662871634689,9.24798401880557,36.4096759975892
-0.108793035375583,-3.61402532268809,-4.41082877338881,-6.10487656265713,1.94089473623746,-2.89174215688995,-2.32640944164942,0.768505858915645,7.49530667223423,8.987176557301,36.0574620841467
-0.323398475782472,-3.6751284306326,-4.40238366826805,-6.15505090744429,1.94288183093443,-2.89820026508875,-2.34180954676352,0.733731838059239,7.31994590110018,8.72388521553299,35.6565641605056
-0.501739570881337,-3.72877994004083,-4.39840950115245,-6.18982520579054,1.9756688934642,-2.90217448551981,-2.36515809324081,0.683557893730149,7.14309481181648,8.46059387405142,35.2313242326039
-0.664680738487914,-3.80478624497983,-4.41579648227786,-6.24397375606347,1.9925591983996,-2.93049080607378,-2.39844219140099,0.631893634232633,6.98164367724509,8.21071548792933,34.791181037106
-0.82265418747632,-3.85148292908564,-4.41679002405662,-6.2861996897669,1.99404951942329,-2.9404263571436,-2.41086163100855,0.604571189307085,6.85347631522232,7.96530808708073,34.3540184958836
-1.03775639947678,-3.84502487704342,-4.3492291831612,-6.34978697820265,1.96921083565033,-2.90465837330707,-2.42427462578952,0.61202276518472,6.72679927151306,7.80385585015127,33.9516302492532
-1.16989771205123,-3.90165702576158,-4.34475824515862,-6.38058707099102,1.98212695118774,-2.92055525501878,-2.43818439815081,0.57327457056255,6.57776745550773,7.57384850932456,33.4647901485186
-1.31396154893091,-3.97319237158173,-4.32687449313313,-6.40691618257123,1.98808823527931,-2.92552303055287,-2.46749427561271,0.549926299437366,6.45059363923672,7.3617251087029,32.9441693064566
-1.46348987618203,-4.04423094410328,-4.31445522089916,-6.42579365879685,1.98957855630382,-2.9473812428956,-2.50028159615507,0.530055430408782,6.3045424597403,7.12327257448222,32.4016903389333
-1.60258599451494,-4.11825015599168,-4.30104240688945,-6.4675228167585,1.97815276178036,-2.9722201205614,-2.56088846139714,0.502732985515944,6.15004614419791,6.91164595062667,31.8820630510761
-1.70939194248824,-4.17438553143563,-4.29210053087781,-6.49832290953415,2.00398499286443,-2.98016856141775,-2.58324345268646,0.495778181358195,6.00300141947488,6.68263216298042,31.3172291834587
-1.81172694372446,-4.21810157602037,-4.3075004284483,-6.53309720782475,2.01590756105084,-3.01693010036237,-2.60708877671156,0.445604237086672,5.87731792176185,6.47945073330833,30.7514017657603
-1.93194573157804,-4.29907561307413,-4.31743584623584,-6.55495533818167,1.99603661405599,-3.05518197197761,-2.64484387308735,0.425733368080389,5.76405374197913,6.29663712433489,30.1885550032939
-2.05117097571273,-4.35968194750821,-4.30849397023035,-6.57731024421322,2.00150112447965,-3.07554985165364,-2.67316019536072,0.396423836309644,5.65277665322361,6.09196536668463,29.6311727737498
-2.17089299163443,-4.45853982091884,-4.31892615890432,-6.60016192594351,2.0044817665274,-3.09790484154568,-2.69551518663559,0.369101391421576,5.53901570094303,5.88431295256027,29.0544162965401
-2.26925381795171,-4.52510743416932,-4.32935834758675,-6.65629757884112,1.98411404585907,-3.12870504985255,-2.75860593974837,0.346249892072328,5.42922893051366,5.70100256795955,28.5109437861793
-2.3944403241653,-4.60608147107133,-4.30948751200776,-6.66822019539113,1.99106887730613,-3.14907292953027,-2.78791581719343,0.320914534090897,5.33682920526513,5.52564060117785,27.9515744577812
-2.44759491211357,-4.72431350036388,-4.35171303759805,-6.67467827935813,2.01789465574253,-3.19080224397596,-2.79636103611545,0.228018221587278,5.22803598040351,5.27327833779638,27.3246436491536
-2.53900093246088,-4.79634561907654,-4.35618397560316,-6.70051061521582,2.01292691899464,-3.18831835621075,-2.79884492403322,0.188773255314059,5.15202975484951,5.11331643076253,26.7647775477055
-2.6492842830529,-4.8629132322005,-4.35519043382431,-6.713426783138,2.00994627694623,-3.19328613174082,-2.78493515169822,0.16542498425351,5.07602352940508,4.95385129994558,26.2292534517464
-2.75956763365972,-4.96723561089311,-4.36860324784029,-6.72534939968308,2.00646886122122,-3.20272490525431,-2.82716124629014,0.119225213838671,5.00796566739151,4.81475398965255,25.7006842152662
-2.8579284598238,-5.05764833913935,-4.35866783005422,-6.75763981946811,2.01839142941551,-3.20570557057167,-2.84355490654152,0.103328518650293,4.92301753311463,4.67366957495911,25.1646633459768
-2.94585707713873,-5.11726112692859,-4.34724209959813,-6.78049150117835,2.03776560273523,-3.21663467673625,-2.86094212195465,0.0779931606960278,4.82763717179408,4.51172056383456,24.6624232183263
-3.04819207804788,-5.17439004855001,-4.33780345269915,-6.80036252874016,2.03379141333604,-3.20719590322999,-2.8659098977881,0.0695480413802554,4.73722453773153,4.37411358213148,24.1542217846607
-3.1341336079105,-5.22406737167315,-4.30253271954167,-6.83265294853019,2.02783012924103,-3.19378290929727,-2.89074877695417,0.0387481944604531,4.66469572140217,4.27177770406637,23.6653946000054
-3.23398474951065,-5.29063498468488,-4.28663605107105,-6.84805299487172,2.03428818701142,-3.2007377950385,-2.89571655278168,0.0263289013468557,4.596141086843,4.15900952779069,23.1676254556198
-3.32439722595712,-5.34925422590275,-4.28812636374015,-6.88729827429668,2.03528173436122,-3.19179579908456,-2.92601998535088,0.0158966951285726,4.52708967960178,4.02388642678853,22.6812821510287
-3.5206221060399,-5.29908012953025,-4.20665593781617,-7.00255023395897,1.99305597202563,-3.14857615197876,-2.96377508166615,0.093889855864471,4.46698018124081,4.05418976929741,22.3544038117616
-3.61898293203111,-5.36366064951777,-4.19821083269458,-7.05719555969756,2.01044305064923,-3.15851170303808,-2.98265262983146,0.0874318234471715,4.39296104688659,3.94787968260804,21.9112799853084
-3.70691154915969,-5.43420244823939,-4.18976572757236,-7.0959440634121,2.02087529782081,-3.1545374826141,-3.00997539690924,0.0854447365496647,4.3263935033201,3.86193741628629,21.4507690140572
-3.80874977803196,-5.47245398694648,-4.17138520465931,-7.13866677263804,2.02534626089595,-3.15404070506085,-3.01693028306909,0.0789867041346193,4.24641309649408,3.7645692995642,21.0036709844518
-3.90313642915593,-5.52958290841353,-4.15946270330957,-7.16996364099339,2.02137207149698,-3.14162126623606,-3.02388516923242,0.0700448130967306,4.17140041688116,3.6642205262412,20.5580632826286
-3.99156181810957,-5.58373119048956,-4.15151436907543,-7.19678952818384,1.99752693510643,-3.12969860496537,-3.0263690571474,0.0690512696482001,4.09887160082832,3.57480082731874,20.1084813767608
-4.09141295950088,-5.63837624578905,-4.13661124238385,-7.21169279884174,1.99901725613103,-3.14261482134141,-3.06064671036583,0.0665674110265954,4.03578146636299,3.50475539650418,19.6941705382221
-4.18182543578858,-5.70444708533692,-4.14207572217285,-7.23851868601074,2.02335916619805,-3.14112448868176,-3.07704037059916,0.0571287482703799,3.97120101373453,3.40092919056662,19.2455821851354
-4.28068303342618,-5.75710504769954,-4.14853374374055,-7.25342195665211,2.03677205542087,-3.14460193155162,-3.07356292752003,0.0526578027513799,3.89966574319294,3.28667068651403,18.8302777968307
-4.36761810672441,-5.81125332967709,-4.12667582458268,-7.28471882499697,2.03279786602201,-3.13267927027451,-3.07654359301625,0.0422255965385591,3.83756915419326,3.2255672256505,18.4259024721485
-4.39096638352587,-5.93395631759594,-4.14952728554576,-7.2554090594586,2.05863009708617,-3.13565993559465,-3.07704037059889,-0.00794834766414643,3.77845320147266,3.07951505063427,17.9470108095937
-4.46200475769053,-5.99505942476201,-4.13661124241179,-7.26037681633623,2.0621075128129,-3.12423405187608,-3.09591791874704,-0.0322901621413091,3.70592438558089,3.00797929163335,17.5411451593122
-4.53304313182855,-6.0432464279601,-4.12021780304682,-7.26435102184101,2.05962364443817,-3.12224694166384,-3.12026002029515,-0.0561352048959341,3.66121484154472,2.93147577158434,17.1640924933864
-4.60010733117705,-6.10633662799321,-4.0854438407331,-7.25342195669921,2.05266881298844,-3.11876949879081,-3.12920201678295,-0.0720319000625137,3.61402143397152,2.84255284900679,16.7766075408732
-4.64282971002785,-6.17340101383905,-4.07848904827583,-7.24100256450079,2.0705526652907,-3.10237583953223,-3.14162145635455,-0.104818833833777,3.57328607167512,2.75561703087514,16.4060129587917
-4.72678415215387,-6.23202025480764,-4.05414727466431,-7.24795742413666,2.09191393330575,-3.08349829250818,-3.17391199922217,-0.121709072451215,3.53304748208423,2.69302324182882,16.0344248261273
-4.80428056021263,-6.26927824696514,-4.01291529076028,-7.28074461954345,2.0675720232528,-3.06611107815419,-3.16248611482231,-0.133134822106609,3.48436375644067,2.64682306417007,15.6995980863332
-4.85991900704935,-6.33733617918607,-3.99304445515684,-7.26931877871678,2.06707524957764,-3.06313041283461,-3.17440877680206,-0.149528288988359,3.4351832580695,2.58671315567587,15.3558293870912
-4.91108650723069,-6.4058908846798,-3.98658643358914,-7.27975106815887,2.0700558916285,-3.04375608826753,-3.19577021285039,-0.165921755882776,3.40289303188461,2.55541626118301,15.018518770567
-4.98162810941441,-6.45606498068328,-3.97516070311083,-7.26534457321279,2.0799913651273,-3.06064652507502,-3.19726054559835,-0.179831364158041,3.36613185130655,2.47096432366169,14.6995888507984
-5.04322781835204,-6.51120680899824,-3.94932861680284,-7.25044130258296,2.09290748067324,-3.05865941486163,-3.20570576450138,-0.190263570362539,3.32688680718003,2.40191244530885,14.3677427663575
-5.12718226037131,-6.56485831756375,-3.92150944694775,-7.258886489272,2.09241070699796,-3.04375608826401,-3.22060909197464,-0.185792624848555,3.29360303561001,2.34428641738071,14.0597419100725
-5.21262701789567,-6.62546465130559,-3.89617413153933,-7.26584134890339,2.09737844374776,-3.03282698209377,-3.23352530911103,-0.203179635172482,3.25286767337105,2.27374421079957,13.7586959121071
-5.29310405695392,-6.67315488110974,-3.90461923667817,-7.29664144155983,2.0864494229036,-3.03083987188039,-3.23799630735349,-0.214605384815629,3.21262908386223,2.22605370497266,13.4854693466326
-5.40686480970058,-6.71041287314174,-3.86537433633868,-7.3269447585099,2.06856557060134,-3.04176897805402,-3.23799630735349,-0.205663493792452,3.16593244915792,2.21214397410098,13.2410557646686
-5.49379988270792,-6.77449661941281,-3.86189694010606,-7.33936415071056,2.05763654975327,-3.03779475762601,-3.23650597460686,-0.212121526201219,3.1212229052827,2.16743412488267,13.0055841433468
-5.560864081859,-6.87732867737993,-3.89219996442928,-7.32992541264463,2.09191393330666,-3.05369163932158,-3.25786741065366,-0.230502079980933,3.07899722499346,2.06758212831275,12.7164607603594
-5.67263774712725,-6.92303181420596,-3.88027746305783,-7.36221583235469,2.07005589161292,-3.05468519442815,-3.26879651746242,-0.222056960679898,3.02882318135115,2.03429812945958,12.4929117532668
-5.78490818417135,-6.96724463138301,-3.83159391578866,-7.40493854143956,2.04372688684727,-3.0437560882552,-3.28022240185134,-0.203179635163937,2.97070077437698,2.02535615961202,12.2937047491747
-5.83706922795343,-7.05765735849296,-3.84798735516856,-7.41934503638563,2.05465590770226,-3.0497174188903,-3.30853872404208,-0.254347122664409,2.91456545824628,1.97617532554605,12.016503981082
-5.90214633970399,-7.15502491079383,-3.8763032959275,-7.43077087720287,2.05515268137729,-3.04425286580263,-3.33586149105777,-0.269747046099163,2.87233977796084,1.91755574551835,11.7765613808458
-5.98908141260092,-7.22357961595779,-3.87779360859928,-7.43375153132753,2.04819784992469,-3.05220130665585,-3.34082926687982,-0.270740589546802,2.84700436979565,1.87831043347448,11.5530123746203
-6.0635971893513,-7.28915368175102,-3.8981612151066,-7.44468059645749,2.03875915010123,-3.06760141080338,-3.34679059786313,-0.263785785419051,2.78788841745631,1.83260703213878,11.3354246753694
-6.12420335445294,-7.3890051000073,-3.90114184044887,-7.43971283958075,2.04124301847432,-3.0710788536767,-3.36815203389716,-0.268753502653159,2.75957237304574,1.8047875704504,11.1004498314406
-6.18331920399599,-7.49084361118053,-3.92697392675687,-7.43226120426958,2.03677205540152,-3.07803373942096,-3.40242968707624,-0.27968248056983,2.72678537428945,1.73523891621352,10.85206204733
-6.25187371856695,-7.57926924520746,-3.91505142538336,-7.45709998864687,2.03230109232922,-3.07356274143866,-3.41236523871843,-0.287134056423499,2.68853387573644,1.70592912621583,10.629506592921
-6.32589272341546,-7.6324239802622,-3.88127100482342,-7.48392587576951,1.99802370877583,-3.03531086984086,-3.43422345232497,-0.264282557127237,2.67065005823462,1.70940655892518,10.4645771044607
-6.39395046610307,-7.70843028364808,-3.86388402364409,-7.50081624913474,1.99404951937981,-3.03531086984086,-3.44713966945518,-0.254843894374786,2.66419201302437,1.66966447080305,10.2733185110832
-6.4123310243479,-7.8202042591887,-3.90263215311277,-7.46306129692507,2.01739788209459,-3.04027864537464,-3.4635333296544,-0.283159882642021,2.65972105865019,1.58223187691435,10.0090339095887
-6.50373704375143,-7.87584286026869,-3.88971610996608,-7.47498391342402,1.99553984039122,-3.02835598410296,-3.46452688481829,-0.261301926832648,2.65624364969259,1.55987695237238,9.83019470599042
-6.5708012427645,-7.94886852415985,-3.88425163017359,-7.48293232442332,1.99454629304118,-3.05418841687004,-3.4431654487909,-0.26527610062033,2.64134046844108,1.51665743159664,9.61161345725159
-6.62296228640511,-8.04077157054123,-3.90859340379709,-7.49535171660444,2.00150112449378,-3.07157563122727,-3.46403010723052,-0.273224448199658,2.60855346969659,1.48138632842235,9.41290323116465
-6.68555553876005,-8.14658426712925,-3.9200191342678,-7.50230657622936,2.00944950329216,-3.06660785569689,-3.48539154324003,-0.271237361305569,2.59812124283507,1.44859910577886,9.20028328942372
-6.73920689794794,-8.23103571498743,-3.92647715584122,-7.50528723035556,2.02385593986284,-3.08647895782047,-3.50575942408922,-0.27819216543124,2.5683148803499,1.38550854099846,8.99163755246905
-6.7719938396708,-8.32293876117746,-3.92647715584122,-7.49038395972457,2.01590756106949,-3.09293706600976,-3.49532709486679,-0.280179252324536,2.56384392597907,1.35321809445731,8.80385638930993
-6.8057743250651,-8.41235794122679,-3.92498684316904,-7.4804484459775,2.0193849767923,-3.09691128643852,-3.4908560966284,-0.278192165430497,2.56285038056329,1.31297923028176,8.62104298180437
-6.82663874251257,-8.51966095732323,-3.95379955482665,-7.48293232441289,2.0372688290729,-3.11479527836197,-3.49930131551568,-0.303030751620847,2.53354079081038,1.27323714220509,8.41041014269276
-6.83359354832765,-8.64633812894318,-3.99056060073102,-7.46802905379728,2.05415913401202,-3.11876949878784,-3.50327553616951,-0.338798315711772,2.50075379208948,1.2354821585503,8.20375150836592
-6.87234175216539,-8.76407338245332,-4.0014895603113,-7.46604195104735,2.06707524956934,-3.14907292952159,-3.5002948706797,-0.376552966672172,2.45753456653458,1.19723039882461,8.01348646803099
-6.95182524711639,-8.82964744779833,-3.98509612092091,-7.49833237069494,2.03279786604237,-3.13814382335068,-3.50724975682558,-0.350224065324511,2.44461847612705,1.21312723405231,7.88581514846182
-7.01938621785179,-8.90118279174043,-3.95330278391705,-7.51472596837064,2.0213720715208,-3.12771149473655,-3.52662408252576,-0.341282174301111,2.44014752175421,1.22455308436473,7.7730470958774
-7.06310214008476,-8.9667568569892,-3.91554819624357,-7.52068727661473,1.99653338777381,-3.09492417622381,-3.5271208601074,-0.349727293600673,2.42176693157735,1.20418526424555,7.62153054954004
-7.06608277114666,-9.08647920310773,-3.92598038492857,-7.52416470642625,2.0104430506794,-3.08498862515996,-3.53208863592042,-0.400894781060338,2.41779274991754,1.18232711584155,7.45809138993627
-7.11277932445093,-9.14211780384025,-3.92449007225796,-7.55446802334974,2.00348821923005,-3.08349829250127,-3.53258541350185,-0.419275334809358,2.41183147742694,1.17884968314196,7.30955549730036
-7.16345005251127,-9.21514346724618,-3.91256757088915,-7.5907326485317,2.01739788212071,-3.0944273986638,-3.5772953958468,-0.420268878255932,2.39543797807755,1.15798508693857,7.14462601123596
-7.19623699418818,-9.28816913063458,-3.91604496712408,-7.61706175995024,2.02932045031827,-3.12771149472873,-3.62548282125438,-0.446101007862991,2.37556706977437,1.12718496872653,6.97323844290447
-7.2891333288719,-9.33635613303222,-3.86885173249098,-7.65779736624495,2.01839142947802,-3.11529205589441,-3.61505049204018,-0.434178486495486,2.37258643353121,1.14655923665565,6.85252198166051
-7.32589444530145,-9.38951086753373,-3.85345183489054,-7.68810068315125,2.02087529785275,-3.1237372742972,-3.60610849556799,-0.442126834062531,2.35569616148818,1.12370753605147,6.68113441361268
-7.36911359568827,-9.42726563221482,-3.82662620681929,-7.7318169436023,2.00746240862034,-3.10138228441535,-3.62001826785009,-0.45206226851391,2.36861225187209,1.12420431215141,6.55694052382939
-7.34874595012324,-9.54052992635777,-3.83904547908596,-7.73777825183901,2.02832690293335,-3.11578883345778,-3.62250215575876,-0.498758810502885,2.35818002501182,1.04273303172125,6.32792699112528
-7.33533311035464,-9.64236843635689,-3.85245829314057,-7.75268152244117,2.03428818703066,-3.12175016409498,-3.65628303129536,-0.539990863521831,2.32390270819345,0.985603780213759,6.0432745963163
-7.3239073579578,-9.73824566770657,-3.85692923115822,-7.80981072635351,2.02633980823884,-3.18881513373219,-3.67068958115775,-0.572281025516572,2.32191561736474,0.950829453221126,5.70198978871994
-7.31844286767747,-9.72185215147855,-3.73770421729397,-7.79292035297738,2.00795918225874,-3.12721471704441,-3.63293448494904,-0.566816536570833,2.42127015914581,0.968713392822913,5.62598312823171
-7.28913332890823,-9.7620907822619,-3.61500180703642,-7.73728147596651,1.99355274569361,-3.02835598381058,-3.5976632766374,-0.566319764848109,2.47939256602063,0.961758527425254,5.55643455004074
-7.28068820756963,-9.76954238055253,-3.52011856672515,-7.68909423427145,1.9697076093162,-2.94489735480679,-3.56686306658786,-0.619474339167622,2.50522474682097,0.976661810425813,5.48887307413302
-7.26528828042195,-9.78196171103228,-3.43914491138498,-7.64140376827934,1.94387537823142,-2.86392261355335,-3.5365596341281,-0.628416230177651,2.52459888241628,0.987094108525446,5.4108793115388
-7.20319180004407,-9.82518098111793,-3.38847428039287,-7.58477133999259,1.9269850733095,-2.82914818478304,-3.54897907366821,-0.651267729459103,2.51913438263856,0.935926170182574,5.25042080633531
-7.24194000380891,-9.80183263981352,-3.29259749829352,-7.59421007803564,1.88923027405045,-2.76158643747746,-3.57679861823574,-0.606061502629285,2.5181408372248,1.01640389849434,5.23154333514327
-7.22306267376107,-9.80282618625146,-3.20913998851046,-7.55546157445903,1.86091417459252,-2.7213474556376,-3.56934695451434,-0.58370677510672,2.49528929270627,1.03478461419943,5.15354957267187
-7.17139840203395,-9.83710353829058,-3.13611466747277,-7.48144199705574,1.87730770585538,-2.66024381653605,-3.57232762000436,-0.587184177165352,2.47690870253987,1.03677171859686,5.13020112151511
-7.17686289231063,-9.82071002208441,-3.04818621961908,-7.44020961502825,1.87333351645696,-2.60559828563959,-3.54550163061215,-0.570790710312612,2.45554747615269,1.07204282168536,5.17143349264113
-7.20766274658977,-9.79537458794152,-2.96274162622137,-7.39152559779188,1.86389481664622,-2.50475244233628,-3.53407574623934,-0.525087711781601,2.42375402292572,1.13115917760294,5.35027269255289
-7.27124954252936,-9.81524551670091,-2.96919964782373,-7.43722896101074,1.83011420678565,-2.53008809760607,-3.57282439761052,-0.45951384431589,2.28614798271777,1.14953989331872,5.29065962566351
-7.314965464753,-9.880819581495,-3.01887673708674,-7.48442265134282,1.83557871720555,-2.61304994914137,-3.62647637642702,-0.451068725027694,2.17238703270076,1.15599798261648,5.19527871874184
-7.36414587722736,-9.93347754266386,-3.04371528171396,-7.55744867736968,1.85048192743775,-2.66719870251622,-3.67317346906491,-0.385494857622447,2.09886467206712,1.16245607191961,5.15354957194802
-7.42326172656603,-9.99706451459049,-3.08643757843701,-7.62202951670568,1.86240449562613,-2.73327011717913,-3.7158963410446,-0.344262804598363,2.02782617499501,1.14556568452248,5.0869816473767
-7.47790662930402,-10.0527031150129,-3.14257268923439,-7.67766839362041,1.87532061115323,-2.8112641930651,-3.75563854752308,-0.32935965289604,1.96622635944344,1.14506890842261,5.05220735845779
-7.47740985746114,-10.1873286570259,-3.2682557247433,-7.67915872067941,1.93592699947586,-2.90962614863798,-3.7899162005997,-0.401391552741238,1.92400067941371,1.01789422677022,4.90168436498411
-7.54397728442933,-10.2697930111905,-3.34674552562036,-7.74572666267321,1.96772051465975,-3.00103321839888,-3.83512296046844,-0.384004542428578,1.86935568177975,0.980636019274627,4.82915513385745
-7.67661536650767,-10.289167166663,-3.42175793022001,-7.89724324698594,1.96374632526133,-3.09293706576901,-3.88182005308958,-0.326379022521543,1.78937527615785,1.01938455505756,4.79885182494151
-7.77249233214081,-10.3785863457942,-3.53899586060646,-8.00901777637389,1.98312049858691,-3.20322168254119,-3.94043980764254,-0.287134056364755,1.72926577879742,0.999513511057639,4.75960655603688
-7.84005330272844,-10.5241408983418,-3.67461431391211,-8.08005669944288,2.03230109239173,-3.32791284833697,-3.98862723299827,-0.307501697027389,1.67114337227449,0.934435841946399,4.65578046482285
-7.93940767116685,-10.6582696669136,-3.79582641129601,-8.18537314470834,2.08793974396048,-3.44316524059883,-4.02240810849367,-0.310979099095382,1.60159519354265,0.895687306129641,4.5772899269665
-8.07949733067436,-10.7273211439853,-3.90909017435831,-8.33192197184472,2.10135263317997,-3.53357875511877,-4.05370509607265,-0.270243817772651,1.54148569625065,0.923506767739938,4.56437376251523
-8.20369029117937,-10.845553169464,-4.05514081614789,-8.46654818236604,2.11923648547485,-3.64187626150159,-4.08102786299297,-0.237953655713524,1.48386006246844,0.910093813035392,4.50923167578631
-8.33285097008049,-10.9722303394528,-4.18380447666278,-8.60912280382596,2.16245579522375,-3.75017376784853,-4.11828618150821,-0.229011764684997,1.42772474681558,0.915061574033307,4.45458636470218
-8.48436638179874,-11.0984107362242,-4.31445522065736,-8.75666518200948,2.21610735212758,-3.8445615026579,-4.14014439503898,-0.208147352283022,1.37804747637618,0.909100260835561,4.42229595360607
-8.6612171574472,-11.2052169773512,-4.41679002369529,-8.93649797961676,2.2270363729943,-3.95335578638227,-4.17640915837735,-0.146547658638422,1.28813161690645,0.944868139981899,4.40341848254065
-8.83260344275127,-11.3552424882094,-4.56731160300433,-9.10043395518821,2.27224277749284,-4.06215007004581,-4.19578348400527,-0.140586397956304,1.23547371026592,0.937913274589154,4.37112807148961
-8.99256397556653,-11.5067583187745,-4.70789776451644,-9.25294408967056,2.31347499254404,-4.1813766823255,-4.23105469219211,-0.132141278645585,1.19424157584136,0.925493872087784,4.31747631153087
-9.13662780947421,-11.6711902526135,-4.85295486388265,-9.40446067291704,2.36464268117058,-4.29166129859059,-4.24993224023329,-0.158470179999809,1.14953203249143,0.888235664632456,4.24345675388934
-9.31794953140238,-11.7889255041846,-5.00148935931492,-9.58528702136575,2.39196523334228,-4.40989435559905,-4.26781623312039,-0.121709072447253,1.11773857943688,0.902642171519674,4.20421148507269
-9.4784068358719,-11.9290155503299,-5.16095281419104,-9.72637131506492,2.43766841154493,-4.5176950840669,-4.29513900002503,-0.124689702790764,1.08296449018033,0.889725992928047,4.15105650071354
-9.6502898925635,-12.0825184732644,-5.30750022598227,-9.86894593565044,2.47095224779933,-4.61307637374056,-4.30606810678754,-0.119225213826503,1.06806130906726,0.861409755217861,4.10684347629572
-9.81273428428037,-12.1997569515707,-5.42920909333325,-10.0095334533833,2.52460380479029,-4.72336098982986,-4.31898432386465,-0.129160648311807,1.03676462873497,0.861906531317895,4.06412077855248
-9.96375292365959,-12.3477953687424,-5.59016286054525,-10.1262757384625,2.55937796213467,-4.82271649980993,-4.33984898220401,-0.153999234492252,1.0014937667848,0.842035487332429,4.01841742755469
-10.1222231405039,-12.5166982607232,-5.73869735554287,-10.2564309667646,2.60259727197875,-4.92405911992878,-4.33736509430394,-0.173373331723381,0.990564767308096,0.820177338953413,3.94688174773488
-10.2931126532563,-12.6309560993917,-5.83457413655947,-10.4029797923037,2.63389401358826,-5.00304675026893,-4.33786187188348,-0.147044430349467,1.0029840848854,0.824648323850468,3.95930113659212
-10.4620150785838,-12.7506784432843,-5.95131529465725,-10.5356188987916,2.64233916608955,-5.05868583578753,-4.35972008539074,-0.119721985533611,0.987087358385261,0.840545159036858,3.95085595217019
-10.6383690813599,-12.8922588084384,-6.07054030718704,-10.6578257157801,2.67264236034387,-5.13767346609663,-4.37810085583058,-0.119721985533611,0.992055085418934,0.848990352737088,3.91608166336889
-10.8266456082849,-13.0005553683027,-6.18827500693434,-10.7944390275229,2.69797781787286,-5.21864820654522,-4.3944945159577,-0.0889221386629504,0.994042176231927,0.887738888491837,3.91906231669255
-11.0169092224036,-13.1252454440517,-6.29259689270561,-10.9360200958668,2.73921003304666,-5.29912616938594,-4.41088817609069,-0.0869350517662858,0.977151904321485,0.870351725008348,3.90763647894726
-11.199721258855,-13.2608645302763,-6.39691877839228,-11.092007658826,2.76603581161083,-5.38208801999697,-4.43622383264291,-0.0963737145177955,0.98609381298049,0.870848501107897,3.87584284349616
-11.3229206747259,-13.4471544835993,-6.53800170941784,-11.2027886350692,2.82962284223768,-5.47796608683907,-4.45857882373014,-0.122205844153828,0.987087358387611,0.822164443368797,3.76704899722434
-11.498281133494,-13.6240057460926,-6.65325255456024,-11.346356805831,2.85148088402047,-5.54950205376124,-4.46304982194727,-0.13760576759626,0.989074449200604,0.788880444689337,3.70395850185188
-11.6567513498186,-13.7889344510904,-6.75260673121187,-11.4784991361748,2.91308082005218,-5.63395423692103,-4.45410782551868,-0.156483093072696,1.00298408489031,0.741189939191602,3.64384865990452
-11.8157183378284,-13.922566443958,-6.8430190319804,-11.5957381960311,2.94388078805022,-5.67965777134447,-4.4829209251412,-0.159463723414275,1.00546794840711,0.748641580682203,3.613545351153
-11.9687240637006,-14.074082272419,-6.94485706313212,-11.6975772097334,2.97964849281328,-5.7372839669004,-4.4640433771104,-0.191753885471793,0.995532494344521,0.701944627354201,3.52064832264873
-12.1341490854151,-14.2295722863711,-7.00993404884293,-11.8302163153097,3.03379682365079,-5.79093594209979,-4.46354659953094,-0.206160265470277,1.01838403869326,0.695983314158066,3.47146754283592
-12.3040450535016,-14.3448236705466,-7.04818540688058,-11.94248761804,3.06111937589094,-5.81925226233601,-4.44566260667076,-0.217089243401115,1.02136467491418,0.688531672657708,3.43222227410335
-12.4744377934122,-14.4988233646858,-7.0963721825288,-12.0398556505465,3.07055807576378,-5.82571037045819,-4.43970127571694,-0.230998851671178,1.0352743106118,0.682570359460582,3.38403504541397
-12.6110500483846,-14.6294747180643,-7.13909447845121,-12.1377204585842,3.07651935989309,-5.82819425819589,-4.44466905151227,-0.248882633734026,1.0740225814907,0.694989761947498,3.35273818552941
-12.7585912836748,-14.7665841229176,-7.16244270993596,-12.2107464828485,3.07900322828068,-5.82123937252693,-4.41039139852249,-0.258321296481066,1.08048062663631,0.700454299043217,3.33386071449924
-12.9240163051549,-14.8142743506699,-7.14555249993547,-12.3036435341857,3.06857098105309,-5.78696172173098,-4.38952674017515,-0.235469797189361,1.10581603453801,0.75808032658191,3.35025430774311
-13.0611253318356,-14.9230676826647,-7.1410815619896,-12.3418952611636,3.07453226518027,-5.77305195040169,-4.37362985762099,-0.248882633726299,1.14257721462133,0.773480385666645,3.32094455010396
-13.2076730234518,-15.0070223542285,-7.1410815619896,-12.3950502584527,3.05664841276229,-5.75020018322305,-4.36170719571022,-0.243418144774433,1.16592553169812,0.801299847195431,3.29213156806415
-13.339814331722,-15.1123382735852,-7.13412676963714,-12.4283342287059,3.05267422334024,-5.75020018322305,-4.34282964768619,-0.257327753029241,1.19722221204167,0.802293399394354,3.25835083048232
-13.4550653975513,-15.2211316053951,-7.13164291522491,-12.4596310962236,3.03926133404578,-5.72287741810601,-4.34133931494618,-0.260805155093853,1.2459059370052,0.827132204344703,3.24245401280456
-13.5454778715735,-15.320983019424,-7.10481728755269,-12.4690698340389,3.02535167106283,-5.70250953864628,-4.31004232741657,-0.279185708869902,1.28018325358734,0.824648323846752,3.21264747963124
-13.6607289372062,-15.4014602786427,-7.0740174927748,-12.488444085329,2.99604202411592,-5.65730278176204,-4.27924211745465,-0.252856807480891,1.31595088828014,0.840545159050323,3.21115715297171
-13.7347479405998,-15.487898816088,-7.03626290567872,-12.5023538042184,2.99554525043828,-5.61607024525981,-4.26185490216291,-0.272727676421284,1.33830565996146,0.848493576646821,3.19327323306912
-13.8052895411546,-15.5837760444126,-6.9900632135726,-12.465592404303,2.99554525043828,-5.57086348839333,-4.23602246801426,-0.307501697053105,1.38301520339576,0.834583845861909,3.11726657351074
-13.8693731078172,-15.6334533647636,-6.93442487467092,-12.4442310502951,2.98312590850375,-5.5321148396294,-4.23006113705375,-0.310482327393347,1.42822151948546,0.842035487358085,3.07106644710162
-13.9076245391067,-15.7591369852368,-6.89965091286079,-12.4034954449509,2.99554525044204,-5.48889519290389,-4.21416425448934,-0.360656271455961,1.45405370013097,0.805274055981153,3.00648562529332
-13.9503469168832,-15.8416013369211,-6.86040601307136,-12.367230820675,3.00250008192624,-5.43325610750617,-4.20671259078789,-0.400398009290195,1.47541492643303,0.752615789474377,2.9334596191198
-14.0049918186954,-15.9181044100892,-6.77545819206447,-12.3498436720452,2.97716462436446,-5.34482970387093,-4.17094460501454,-0.401888324459035,1.51416319739898,0.765531968052316,2.9165692503531
-14.0179078863961,-15.9911300708047,-6.68951682922599,-12.3130822720607,2.97865494539763,-5.25193230228851,-4.14908639149161,-0.428217225771918,1.55986628626073,0.742680267487549,2.8986853304751
-14.0293336385927,-16.0745879687509,-6.60605932079762,-12.2345917153331,2.9682226981755,-5.1436347966097,-4.12822173312034,-0.474913767723653,1.60258873889749,0.729764088910148,2.8594400618759
-14.0695721571809,-16.0880008452217,-6.49577618443795,-12.1789528397239,2.92848080399761,-5.0273888500942,-4.10189252135258,-0.48137180012743,1.65226600943214,0.765531968105544,2.85298197969298
-13.9667403874309,-16.2131876922074,-6.42722180234453,-11.986203877306,2.95977754565451,-4.8952460217906,-4.07407297683161,-0.612519535003315,1.74615605086783,0.687538120489327,2.72332356065003
-13.9195470631363,-16.2131876922074,-6.21857803027883,-11.764641925233,2.90711953590215,-4.68510911779333,-3.99061434322879,-0.663687022433654,1.906613635154,0.657234778416844,2.67662665874178
-13.8385732540376,-16.1967941765183,-5.94634758432629,-11.5177444131764,2.85595184718968,-4.42628801365476,-3.91560092849976,-0.711377107772943,2.05415512934282,0.676112270198329,2.69550412972189
-13.7118964361106,-16.2251102490594,-5.69448474470368,-11.1809305026704,2.82068091614225,-4.14312480924985,-3.83909718102136,-0.806260506704423,2.21659980466057,0.632892749552842,2.63887171681938
-13.6284387677923,-16.1525813614585,-5.34922897777098,-10.8714392543818,2.71139070737872,-3.86194871485913,-3.75265788186453,-0.837060353492184,2.36513484415348,0.66518319602956,2.67116212770292
-13.4913297412676,-16.0999234019912,-5.03179238046997,-10.5539995951404,2.62743595607008,-3.56189507352621,-3.66820569306141,-0.881273036739683,2.49032156629098,0.698963970756419,2.67861376097627
-13.3661432388167,-16.0174590503813,-4.70143973982623,-10.2201663384089,2.5380166943717,-3.26978987268449,-3.62299893317647,-0.92796957864022,2.59613415285164,0.726286656232744,2.68556861870237
-13.2474147701698,-15.9389688844307,-4.37456449517063,-9.89875247339993,2.44164260114686,-2.99209122088979,-3.56090173554271,-0.970195175012813,2.6627016955496,0.761557759287524,2.66569759663053
-13.0998735350163,-15.8550142132814,-4.05066987586218,-9.60416449498613,2.36613300238558,-2.73525722610993,-3.51023042226811,-1.00298210865825,2.72678537471117,0.772983609567177,2.66520082107903
-12.9255066208225,-15.8291820067365,-3.77545880322154,-9.28126030301593,2.30602338760784,-2.50773310694092,-3.49930131548679,-1.06358825880713,2.75808205522443,0.731254417177751,2.6180071436385
-12.8291328846659,-15.7352918715757,-3.48931877110203,-9.07311129246928,2.18977834744154,-2.33833196132154,-3.48141732256078,-1.04520770510757,2.73075955633908,0.760067430917163,2.67215567871355
-12.7223269399908,-15.7119435310407,-3.32190698100493,-8.92556891490169,2.14357839561556,-2.24543455873112,-3.51122397745741,-1.03576904238758,2.6522694684756,0.78142880319377,2.68358151640654
-12.669172353555,-15.6766726336004,-3.21559801023864,-8.85800742211824,2.09042361234946,-2.19476324818893,-3.54500485299804,-0.981124152926784,2.52906983687393,0.793351429589757,2.67463955646684
-12.6239661164658,-15.6637565303413,-3.14207591839551,-8.84757513276087,2.04024947111909,-2.20966657481991,-3.60114071968178,-0.921014774598525,2.35917357098345,0.792357877391929,2.68358151639039
-12.5827340540734,-15.719395129074,-3.16641769208493,-8.86396873030682,2.06061719179302,-2.26828632621932,-3.67565735690732,-0.90164067743113,2.19970953198176,0.741189939149024,2.62645232793217
-12.5727986173493,-15.7884466041943,-3.23298499146297,-8.9101688688311,2.0710494389758,-2.36764183701019,-3.76557409909176,-0.856434450738741,2.01789072156879,0.711383373211083,2.57826509946994
-12.6170113107229,-15.9027044406652,-3.40188709412138,-9.1049049359598,2.12023003285507,-2.60410795225156,-3.87436838919788,-0.803279876439095,1.74764637037811,0.661208987178538,2.50126488903757
-12.742694585053,-16.0567041330427,-3.70541410719128,-9.47549959282404,2.16394611631595,-2.95980067919581,-4.04923409726022,-0.703925531890634,1.38500229772268,0.629912092916062,2.45158733392625
-12.9756805756533,-16.2131876913909,-4.07650196047475,-9.93054611408096,2.20368801036145,-3.37411315684278,-4.24248057565455,-0.547442439006429,1.01192599848154,0.657234778389548,2.42823888301683
-13.2101568817321,-16.4287872603077,-4.50968617420107,-10.3985088028394,2.28764276163542,-3.79488374234525,-4.4069139543482,-0.418281790926031,0.705914013774886,0.649783136899102,2.39048394112778
-13.45109122166,-16.6731996746653,-4.96770893199973,-10.842626259381,2.40438457547925,-4.23353831930321,-4.57383122105918,-0.320417761483608,0.423747118827946,0.63935083881703,2.30702564858335
-13.717360925029,-16.9111540374776,-5.41281564682431,-11.3110857236547,2.48684900570312,-4.64586368634438,-4.71839349670142,-0.214108612644536,0.204670356567316,0.628421764626613,2.26430295114904
-13.9841274001216,-17.1838825244075,-5.86139975798533,-11.7487450955033,2.59514566710233,-5.053718055417,-4.83612978308297,-0.139592854047473,0.0303031375991245,0.613021705532917,2.22952866252469
-14.2628163993327,-17.4193530208857,-6.28266146978449,-12.2018045138257,2.69847459176855,-5.43375288137852,-4.93548529896572,-0.0804770189858984,-0.0725288119625185,0.609544272840843,2.20270278276352
-14.5827374605643,-17.6210429399062,-6.65225900954521,-12.645425193644,2.75858420657442,-5.74125818510133,-5.02838270633274,0.0178837823082901,-0.138599581566773,0.673131613586409,2.25486421569851
-14.8981875752734,-17.800874837946,-6.9533021666791,-13.0403618571591,2.82316478450681,-6.03435693953675,-5.07905401943657,0.105812377377211,-0.153999535362629,0.732744745499452,2.30801919967753
-15.1147800948689,-18.0095195810083,-7.19274573332159,-13.2480140898404,2.89569374138146,-6.19133864500641,-5.08104112975284,0.117734898734909,-0.0466966317404935,0.718338238638276,2.31298695518223
-15.2871599210335,-18.1381838391534,-7.28017740890819,-13.2927239005092,2.95133239321212,-6.18736442462275,-5.00751804813312,0.0968704863386553,0.182812355786305,0.727776984522644,2.32540634395092
-15.3482628564957,-18.2941706230003,-7.28365480509146,-13.1983365225276,3.00995168708901,-6.12228656589751,-4.90369153425766,0.00447094562991837,0.44858575052469,0.667170300423643,2.31050307742425
-15.4202947722645,-18.3736543344178,-7.20864240177384,-13.0905362013883,3.02733876580404,-6.00852450749874,-4.7864520257149,-0.0670641826410954,0.686539874508125,0.664189643828115,2.30652887301815
-15.4982879500135,-18.4258155199961,-7.1028302037685,-13.0026069071125,3.03379682361319,-5.84260080662499,-4.66573507403128,-0.111276866052757,0.912571453704658,0.668163852620749,2.35869030582617
-15.5439909586112,-18.4839379839401,-6.99453415128739,-12.866987148211,3.04472584451452,-5.69952887283981,-4.55793433936934,-0.184799081198194,1.07054517313901,0.651273465245387,2.35918708137731
-15.6234744517553,-18.4998347262253,-6.83010298877339,-12.7432900055275,2.99753234520102,-5.52019217791391,-4.46851437508982,-0.230502079837433,1.21013830270794,0.683067135643277,2.41283884098919
-15.6840806153033,-18.5187121076715,-6.66616859725387,-12.5947540789817,2.98511300326273,-5.33042315446057,-4.37462341259297,-0.268753502544353,1.34824111434337,0.711880149392865,2.4337034141343
-15.693519280112,-18.5753442520309,-6.5136599358332,-12.4193922661174,2.99753234518973,-5.17344144901365,-4.27179045361132,-0.350720836989886,1.43120215591878,0.673131613605906,2.39495492108661
-15.6617258828438,-18.6349570355309,-6.38996398567248,-12.2281336313362,3.01044846080395,-5.00751774778982,-4.20671259068091,-0.445604236171999,1.53105346949451,0.602092631426502,2.34627091706414
-15.6960031392711,-18.6463828190125,-6.23795209514526,-12.0945009746755,2.97418398233017,-4.83911015865412,-4.14461539320745,-0.48186857194619,1.60507260249024,0.610041049004009,2.3571999791779
-15.7312739393401,-18.6751956643449,-6.10283041453386,-11.9499392531392,2.95679690361466,-4.67815423256299,-4.10835062988035,-0.518629679448354,1.68654332609873,0.586195796250683,2.35670320362704
-15.8127445198021,-18.6309828499468,-5.93442508439965,-11.8615131828221,2.92003565150011,-4.52663707988569,-4.05569220637693,-0.514655505663246,1.72429805167791,0.628918540763509,2.40439365654327
-15.9235246382674,-18.5708732932183,-5.75211016921566,-11.796932344985,2.84154541057657,-4.37313281682506,-4.03582110316856,-0.469946050523958,1.75360764129818,0.699957523058061,2.5390198311474
-15.9647567003242,-18.5713700664136,-5.61251755034266,-11.6940997799851,2.80080996904984,-4.25788042512411,-4.04029210139157,-0.476900854647202,1.78788495797274,0.696976866463524,2.5444843622097
-16.0000275003997,-18.5813055303176,-5.48037649469461,-11.6031898311773,2.76901645371891,-4.13964736808873,-4.03631788074818,-0.485842745659904,1.81272359324081,0.669654181028641,2.52709721792535
-16.0194016018282,-18.6086280560888,-5.3710868995344,-11.5008540418523,2.77597128518893,-4.04575641093112,-4.0328404376851,-0.516642592509837,1.82663322899176,0.647796032625549,2.46947125390231
-16.0253628638112,-18.6463828189242,-5.27421657664796,-11.4010021307228,2.75957775384349,-3.96974944561935,-4.03582110316771,-0.514655505617779,1.82315582005157,0.609047496901394,2.45506476291932
-16.0571562610442,-18.6583053756096,-5.18330750430903,-11.3225115737407,2.71238425456637,-3.87834237615193,-4.05569220639222,-0.497765267032337,1.84700090992249,0.621466899390375,2.46350994729645
-16.1421042443101,-18.6642666539492,-5.04719228116886,-11.2936985844406,2.64035207145124,-3.78544497406766,-4.05271154090961,-0.466965420226923,1.83855577392515,0.681576807374592,2.50176166473479
-16.150549365454,-18.7040085094833,-4.93541883152234,-11.2062660650839,2.62147467172662,-3.72136066992685,-4.05022765300682,-0.463984789891807,1.83060741063461,0.681576807374592,2.48636162266676
-16.159491258424,-18.7104665610172,-4.83954205024641,-11.1387045728607,2.56981020935653,-3.66373447390337,-4.03383399285188,-0.460507387833694,1.81272359322284,0.72777698460576,2.48636162266676
-16.1803556753433,-18.7442471383196,-4.73969110162782,-11.071639856339,2.53652637304716,-3.59368883906357,-4.0517179857548,-0.446597779579579,1.8122268205173,0.757583550590153,2.48834872487355
-16.0690787850456,-18.8853307257083,-4.72478797497328,-10.9265813582556,2.57825536185007,-3.58275973291825,-4.03433077043189,-0.556384330353511,1.80924618428236,0.642331495505565,2.3045417707956
-16.0705691005408,-18.9260661276771,-4.61599515034292,-10.8426262685499,2.55043603598223,-3.53159164504596,-4.02141455334059,-0.576255199263695,1.78987204876195,0.627924988637206,2.27870944214786
-16.0775239061856,-18.9409693235233,-4.51813128526447,-10.7700970194672,2.49728125266345,-3.46601700811965,-4.0263823291447,-0.576255199263695,1.79931073017357,0.685054240036661,2.28963850426806
-16.0392724751505,-18.993130508976,-4.44659627720299,-10.6906129108792,2.4560490375589,-3.40292625892369,-4.00949189140144,-0.579732601324407,1.81073650240629,0.686047792236368,2.25387066459564
-16.0387757033186,-19.0403239624133,-4.34475824494962,-10.6160965589534,2.41928778550508,-3.34480328528747,-4.01247255688362,-0.594138981287342,1.8117300478177,0.704925283991573,2.21909637604979
-16.012446796237,-19.0984464261466,-4.26477813178846,-10.5227027312423,2.4153135960979,-3.30853852393485,-4.0045241155961,-0.630900088778513,1.80576877534676,0.677602598524333,2.14656714560862
-15.9677373313841,-19.1466334259886,-4.20864302124811,-10.4337798846829,2.41282972771975,-3.25339621557562,-3.9995563397908,-0.634377490839571,1.80725909346362,0.671144509229526,2.10483799931512
-15.9702211905437,-19.1019238385069,-4.1142565521759,-10.398012035741,2.34874592353875,-3.18136347040673,-3.99458856398432,-0.6125195350351,1.8181880929891,0.744170595846526,2.13911551231804
-15.9508470891061,-19.1396786012763,-4.0243410211356,-10.343863486656,2.32390723975963,-3.12324049669104,-4.00551767075571,-0.612022763312463,1.8181880929891,0.735228626052881,2.15451555439937
-15.8370863395727,-19.2668525388103,-4.05116664917119,-10.2161921367814,2.36017171812956,-3.11628561095111,-3.98664012269107,-0.683061119651331,1.8181880929891,0.609047496973238,1.9826312140886
-15.8524862663746,-19.2569170749444,-3.96572205613948,-10.1819146148147,2.31546208727298,-3.05965296993645,-4.00204022769209,-0.641829066716635,1.82067195651818,0.641834719483859,2.01243774709163
-15.8122477479839,-19.2777815490893,-3.91803205063722,-10.1272692899579,2.32042982403195,-3.0427625331391,-4.00651122591691,-0.627919458481585,1.83607191039153,0.663196091740049,1.97865700966897
-15.7730027732572,-19.3274588684911,-3.85742600197512,-10.0587142460537,2.33483626061691,-3.01146554727014,-3.99011756575884,-0.647293555662015,1.82365259274578,0.639350838965418,1.93891496561814
-15.7332610266861,-19.3711749095208,-3.80178766219647,-9.98270756691017,2.34675882883023,-2.98662666958839,-4.00601444834111,-0.674616000403646,1.81570422945261,0.60755716859528,1.91506973919794
-15.7183578717265,-19.3518007549661,-3.72627848673053,-9.95091392333419,2.30502984010313,-2.92353592026823,-4.00800155866233,-0.639841979785692,1.81073650239617,0.664686420050528,1.94288917003079
-15.6632161983451,-19.3965103423308,-3.68454973191194,-9.88086855225417,2.30850725583436,-2.90565192834811,-4.01843388785159,-0.631893632225778,1.81173004780785,0.650279913180373,1.91457296368209
-15.6393711504018,-19.4054522598136,-3.63189201745783,-9.81926836780508,2.28317179839674,-2.87584527512815,-4.02091777575438,-0.625932371549306,1.81669777486503,0.640841167291102,1.90861165707434
-15.6055906658169,-19.4551295792312,-3.57327305223287,-9.77008757540165,2.28764276147175,-2.83858695857656,-4.03582110317027,-0.626429143272401,1.81868486568862,0.630408869189301,1.89668904385067
-15.5633650600849,-19.4998391666231,-3.50422189828907,-9.6990486529771,2.29211372454947,-2.81126419310596,-4.03135010494631,-0.597119611614905,1.82265904733401,0.618983018902288,1.84552116213271
-15.6085712968401,-19.4551295793069,-3.37158407043202,-9.68911313933273,2.2474040936929,-2.74717988869301,-4.04029210140012,-0.561352047615787,1.83160095603614,0.728770536685915,1.94686337419788
-15.5653521474125,-19.4899037028146,-3.30700385452847,-9.62155164658235,2.24293313061334,-2.72482489878197,-4.05072443058788,-0.555390786943474,1.82464613815567,0.74069316306456,1.91805039229438
-15.5266039444771,-19.5390842489215,-3.27719760103233,-9.54753206993848,2.24094603590958,-2.69005047004409,-4.05618898397246,-0.573274568958184,1.82812354709679,0.707905940539636,1.88973418596012
-15.4635139217295,-19.5957163928793,-3.2399397841415,-9.47003506349243,2.24889441472,-2.67415358831722,-4.05022765300269,-0.583210003402383,1.84252995556673,0.682073583393957,1.85744377521476
-15.4799073921951,-19.5798196506985,-3.16343706669531,-9.44817693348721,2.21710089950198,-2.6388823819649,-4.04774376510001,-0.540487635244421,1.86736859087052,0.740196387071377,1.87731479723004
-15.4456301357656,-19.6006841248334,-3.1013407050806,-9.40893165462583,2.2180944468515,-2.627456498212,-4.039795323814,-0.540487635244421,1.88674272639906,0.720325343071457,1.86042442850645
-15.4396688737736,-19.6061486299485,-3.0372572600126,-9.36869282431585,2.17835255282022,-2.58920462656029,-4.04078887897461,-0.538003776631298,1.88376209016421,0.73622217823902,1.86191475515559
-15.4212883159737,-19.6344647019494,-2.97814152381073,-9.34286048884316,2.17338481607192,-2.56833996928427,-4.0492340978419,-0.525584483549589,1.88376209016421,0.7665255203178,1.86439863290864
-15.4024109863395,-19.6598001348018,-2.9304515180783,-9.28722161243756,2.15798483215154,-2.55890119574867,-4.02936299461833,-0.497765267037198,1.8832653174583,0.748144804625705,1.84254050867983
-15.4575526596978,-19.5688906403265,-2.84003921543476,-9.31007329380548,2.09191393344911,-2.51319766071003,-4.05022765298861,-0.450571953260825,1.90065236216808,0.8812807996134,1.95928276323614
-15.3959529524574,-19.6240324646678,-2.80824587829078,-9.27827965010909,2.07154621276229,-2.50624277494948,-4.04774376508516,-0.453552583596536,1.89270399887706,0.864887188328627,1.93245688353236
-15.4053916172792,-19.6240324646678,-2.7620461852483,-9.28076352852323,2.04770107635665,-2.48239745235474,-4.03880176863884,-0.422255965037647,1.88078145394589,0.918539007106112,1.95232790553126
-15.3914820059593,-19.6369485676644,-2.71833034670762,-9.27778287442423,2.00646886130317,-2.47047479106156,-4.03929854621918,-0.39692060717874,1.87531695418159,0.961758527716577,1.97915378521556
-15.4043980736171,-19.6170776399794,-2.64828565076655,-9.27529899600735,1.97119793035867,-2.45606824198748,-4.06314387008803,-0.364133673494092,1.86339440924006,1.00249416784361,2.00150868495796
-15.3358435607133,-19.6940774847925,-2.65027273434025,-9.21320203563004,1.98411404590923,-2.48090711970579,-4.07059553379517,-0.390959346534206,1.84501381911167,0.932448737788291,1.92550202583379
-15.3124952845768,-19.7228903299883,-2.62791804411214,-9.16302769165294,1.98113340386083,-2.48686845036016,-4.07158908895609,-0.412320530635279,1.84501381911167,0.941887483686193,1.90662455492076
-15.2687793632731,-19.7601483193667,-2.60208595767056,-9.13123404789183,1.9945462930866,-2.48686845036016,-4.07755041991874,-0.4247398236978,1.84998154617005,0.947352020777483,1.87880512415123
-15.2081731996532,-19.7998901747347,-2.58767960176317,-9.06019512516344,2.01441724008802,-2.49282978101231,-4.07158908895395,-0.45007518157628,1.84898800075849,0.911087365507399,1.80776622051005
-15.1763798023532,-19.8108191849742,-2.55240886828434,-9.03436278963483,2.01640433478668,-2.4754425665949,-4.09791830072108,-0.466965420177719,1.86339440923621,0.936919722700316,1.78193389190033
-15.0338062863876,-19.9563737305616,-2.5782409547953,-8.91463984999343,2.08297200716448,-2.53704298336567,-4.08450530605688,-0.551913384894733,1.84600736452642,0.768512624687156,1.56235909867018
-15.0561610188655,-19.9141480092337,-2.51316396767238,-8.89874302812558,2.05316558668861,-2.50127499942239,-4.09493763524937,-0.506707158088575,1.8604137729942,0.827628980585078,1.61601085810616
-14.9960516270655,-19.9578640501234,-2.48137063046338,-8.83515574062302,2.05465590771304,-2.49382333610667,-4.1004021886337,-0.540487635261144,1.88127822662938,0.782919131595479,1.57328816082781
-14.9816452439073,-19.9374963492401,-2.38797770235442,-8.82522022695638,2.04521720789477,-2.45606824197249,-4.11182807297837,-0.524094168394104,1.90015558945913,0.834087069890489,1.58372044737938
-14.9438905845877,-19.969289833526,-2.37953259715359,-8.78051041539773,2.05068171831828,-2.45954568485323,-4.10387963169179,-0.524590940117001,1.90810395275253,0.831603189392951,1.54050097456187
-14.9369357789238,-19.9360060296778,-2.3214104025419,-8.78150396676534,2.00448176658385,-2.40837759672541,-4.09543441282349,-0.490313691226005,1.91257490710621,0.884758232040266,1.60955277597892
-14.8947101731083,-19.9861801220686,-2.30799758839314,-8.73878125792941,1.99206242472078,-2.39248071497713,-4.10835062991109,-0.479881485039969,1.90263945298618,0.868364620746295,1.57080428309627
-14.8822908772741,-19.9827027097297,-2.25037216467344,-8.71990378192144,1.96473987260474,-2.37012572502254,-4.11580229361201,-0.453055812015231,1.89518786239918,0.894693754021839,1.57974624298315
-14.8857682801074,-19.9817091633465,-2.19523059541558,-8.71294892233956,1.93990118885639,-2.35174495550699,-4.11778940393379,-0.424243052072486,1.89916204404576,0.915558350197907,1.60607534710663
-14.8410588151088,-20.00704459615,-2.19622413720456,-8.67221331624333,1.92897216801644,-2.37211283525184,-4.12226040215509,-0.423746280349118,1.88177499933284,0.903635723797707,1.59613983610991
-14.8355943249391,-19.9976059055147,-2.16145017458595,-8.66525845665625,1.87333351645994,-2.3199511920288,-4.11282162812694,-0.384998085961705,1.87183954522115,0.973184377700594,1.68804331268265
-14.7620720936285,-20.056225142156,-2.15201152758121,-8.62154219645205,1.87631415850531,-2.32988674312951,-4.11977651425236,-0.396423835603713,1.86289763651554,0.938906826783988,1.60210114252982
-14.7168658567569,-20.1073927807955,-2.14952767310964,-8.5728581793161,1.88426253730435,-2.33286740845607,-4.12027329183268,-0.407849585222656,1.85991700028033,0.919532558914464,1.56533975190613
-14.6562596930658,-20.1759474812417,-2.17039205070344,-8.50281280782095,1.90612057899628,-2.3512481779762,-4.10984096264866,-0.434178486548006,1.85445250051161,0.879293694809189,1.49479762387924
-14.5931696701707,-20.219663522047,-2.15101798581759,-8.47350304240955,1.89419801080166,-2.33535129623154,-4.11927973667613,-0.426230138980169,1.84650413721821,0.863893635730213,1.47939758185864
-14.5126926331095,-20.2872246760653,-2.16294048729006,-8.3945157085246,1.93145603638472,-2.36168050664105,-4.13865406231008,-0.452062268584653,1.83259450145517,0.807261160390463,1.37706181867473
-14.4918282161008,-20.28176017096,-2.12766975374517,-8.38954795167707,1.90959799472647,-2.36366761686016,-4.13666695198943,-0.439642975498919,1.83557513769056,0.847996800596228,1.39941671840748
-14.4669896244202,-20.2792763050033,-2.11028277241808,-8.38706407325359,1.9011528422626,-2.35869984131187,-4.12176362458494,-0.418281791397846,1.85296218239878,0.859422650894638,1.41034578049573
-14.4148285818871,-20.3011343254209,-2.095876416461,-8.36023818627138,1.90164961593724,-2.33733840645176,-4.12573784522794,-0.424243052079073,1.85544604592838,0.846009696207933,1.39544251400737
-14.3924738493678,-20.3294503973373,-2.0531541194906,-8.35079944826119,1.89419801082288,-2.29809297961087,-4.13318950892796,-0.415301161056342,1.85942022757544,0.849487128907377,1.38302312526696
-14.3919770775342,-20.3130568820121,-2.01192213516508,-8.3671930458553,1.89121736878005,-2.29411875917017,-4.14610572601803,-0.380527140388117,1.89270399887305,0.873829157821193,1.40835867832674
-14.3393192631288,-20.3557793763982,-2.02434140753881,-8.31552837457702,1.91506250516075,-2.30902208581351,-4.13766050715114,-0.401391552760969,1.88773627181645,0.824151547884368,1.3661327566822
-14.3487579279746,-20.3165342943474,-1.98261265237077,-8.3428510372705,1.88724317937944,-2.2816993203061,-4.16498327405056,-0.339791859085665,1.89866527134816,0.888235664743491,1.43369423138303
-14.343790209635,-20.2827537173472,-1.9369097299943,-8.34185748589995,1.85197224848056,-2.24593133636208,-4.16349294130956,-0.294088860536429,1.88177499934715,0.911087365338175,1.48039113301265
-14.3403128067952,-20.2817601709664,-1.92300014493657,-8.3170187016181,1.85246902215518,-2.24245389347903,-4.17442204807286,-0.287630828135227,1.89270399887656,0.936422946408851,1.48784276624725
-14.3393192631267,-20.2703343875833,-1.88772941139342,-8.33291552355807,1.83756581191273,-2.22705378928075,-4.16100905340513,-0.256334209571659,1.8807814539461,0.983119899749467,1.50771378819236
-14.301067831914,-20.2807666246012,-1.87481336810802,-8.30559286087375,1.85097870110897,-2.22258279128751,-4.16150583098531,-0.253850350953583,1.87929113582834,0.960268199137684,1.49330729725121
-14.2503971048346,-20.3294503972931,-1.89716805838295,-8.26237337625397,1.8852560846633,-2.22208601373263,-4.17789949112966,-0.278192165392521,1.85743313676952,0.935429394148108,1.42226839376192
-14.2712615218566,-20.3115665624078,-1.85345221955358,-8.28721216049804,1.85346256951441,-2.22009890351212,-4.20720936834834,-0.24540523162371,1.86091054571158,0.998023182750461,1.44412651794784
-14.2265520567783,-20.3463406857554,-1.87232951357492,-8.24101202174988,1.88426253734033,-2.26232499568007,-4.21466103204569,-0.268753502619069,1.85246540971272,0.977655362660915,1.38898443201394
-14.1709136113681,-20.3835986751102,-1.88325847328388,-8.1883537991253,1.9175463735132,-2.2732541018904,-4.21466103204569,-0.291108230198465,1.8450138191179,0.963248855749743,1.33185524377775
-14.1724039268711,-20.367205159834,-1.84699419793112,-8.18537314500886,1.90313993694609,-2.26679599367942,-4.23900313347623,-0.26179869852563,1.8614073184103,1.02286198768632,1.36215855224493
-14.1371331266457,-20.4024760563643,-1.84401357255867,-8.15159239840035,1.90264316327182,-2.27673154477663,-4.23055791462024,-0.269747046107335,1.85942022758581,0.997526406581947,1.30999711955564
-14.0959010644012,-20.4491727363192,-1.8554393031625,-8.12774716549162,1.90115284224944,-2.28567354076764,-4.23304180252185,-0.281669567478109,1.8733298633501,0.977655362585331,1.27522283109987
-14.0720560163481,-20.4725210762543,-1.82861367480977,-8.10737936235661,1.90761090002072,-2.2881574285413,-4.23751280074154,-0.293592088832539,1.87829759041131,0.958777870804631,1.25088082920828
-14.0407593907769,-20.4894113647312,-1.83308461286795,-8.0810502510114,1.90313993695039,-2.30703497562169,-4.23552569041966,-0.315946816382959,1.90760718004739,0.937416498520477,1.24144209378241
-13.9915789791606,-20.5375983642151,-1.85146513600238,-8.03584366357588,1.93443667844704,-2.32392541248065,-4.22708047155499,-0.337308000488291,1.90114913487198,0.883267903679773,1.18977743668156
-13.9945596101671,-20.4948758698189,-1.80327835915665,-8.05670824236995,1.90562380531005,-2.31995119204119,-4.22409980607516,-0.312469414325801,1.92549099746204,0.885751784177569,1.23548078715531
-13.9334566745702,-20.5375983642388,-1.82116211141649,-8.01001132796461,1.91853992083254,-2.32144152470659,-4.19975770465917,-0.314953272946538,1.92201358851998,0.83657095026192,1.2041839275313
-13.9274954125558,-20.518720983001,-1.80327835918618,-8.01696618756819,1.87830125319952,-2.30852530828664,-4.18982215306211,-0.279682480581296,1.94784576923592,0.847500024454154,1.24442274698474
-13.8827859474343,-20.5520047867621,-1.82314919500547,-7.99560483306625,1.87929480054891,-2.31498341649949,-4.20174481498428,-0.305017838474298,1.93443290617368,0.796828862283843,1.19176453881162
-13.8639086177246,-20.5649208897081,-1.83358138381226,-7.99113385189073,1.87879802687439,-2.30852530828677,-4.19329959612386,-0.30154043640856,1.94387158759181,0.78639656418421,1.19275808990952
-13.8311216766404,-20.5674047556585,-1.84202648903307,-7.97474025425055,1.88028834789726,-2.31647374916157,-4.18882859790459,-0.323398392241902,1.93343936076719,0.769009400696747,1.15500314822048
-13.8122443469229,-20.5768434462736,-1.84053617634598,-7.96281763778511,1.89419801077758,-2.32144152471069,-4.20422870288795,-0.324391935689145,1.93592322429775,0.771990057295186,1.13811277955918
-13.8023089102297,-20.5420693229553,-1.82662659126013,-7.98914674915069,1.865385137662,-2.30256397762443,-4.20124803740826,-0.283656654365399,1.94238126947954,0.8082547125713,1.15798380150975
-13.7903863861957,-20.5604499309865,-1.80774929722995,-7.99560483306889,1.87035287440688,-2.30057686740614,-4.21515780965744,-0.264282557156484,1.94486513301041,0.809745040869575,1.17089996577761
-13.7824380368375,-20.5544886527065,-1.81072992260152,-8.01050810366374,1.8544561168145,-2.29262842653282,-4.2325450249633,-0.25484389441509,1.96076185960055,0.848493576614662,1.19424841656975
-13.762567163456,-20.594230507962,-1.81470408976842,-7.96927572173939,1.86637868500354,-2.30008008985627,-4.22211269578053,-0.23497302546281,1.96076185960055,0.846009696116866,1.16593221028826
-13.771012284642,-20.5852885905333,-1.80327835915979,-7.95635955390517,1.87084964807117,-2.31846085938859,-4.24148702139966,-0.233979482014552,1.96821345019157,0.871345277212288,1.16444188364046
-13.7466704647398,-20.6170820747125,-1.79383971214296,-7.93599175077331,1.89568833178466,-2.30504786540666,-4.25688712637307,-0.243914916489949,1.9607618595963,0.87233882941183,1.15351282156036
-13.7585929887774,-20.6319852704073,-1.78440106513124,-7.90966263937786,1.90413348425665,-2.32044796959951,-4.25937101427267,-0.236960112365665,1.96572958665513,0.892209873387386,1.16791931246477
-13.7054384024386,-20.6617916617874,-1.78291075244488,-7.90618520957396,1.91208186305066,-2.32839641047645,-4.26831301071301,-0.247889090284516,1.95331026900081,0.863893635711333,1.1376160039964
-13.6855675290403,-20.6935851459229,-1.76800762558226,-7.89525614447275,1.92996571533471,-2.32839641047645,-4.27377756409198,-0.24292137305177,1.9756650407759,0.847003248335621,1.16245478141707
-13.6895417037184,-20.6861335480693,-1.7620463748328,-7.8972432472175,1.91605605245439,-2.33435774113404,-4.27179045377219,-0.236960112367572,1.98311663136983,0.870351725036255,1.18083547672549
-13.6796062670225,-20.7035206097365,-1.76999470916874,-7.88631418212673,1.91208186306274,-2.353732065775,-4.28371311568837,-0.214605384776473,1.99007144926073,0.885255008042391,1.19226131435412
-13.6627160246346,-20.7074947952543,-1.78688491961763,-7.84607535152424,1.91208186306274,-2.34329973712628,-4.28719055874921,-0.219573102011323,1.98957467655452,0.887242112440236,1.16940963911546
-13.6642063401394,-20.6990496510211,-1.76552377111164,-7.85799796799183,1.89668187915847,-2.32243507982128,-4.3006035534038,-0.192747428932431,1.98411017678744,0.929964857052497,1.18878388553379
-13.6517870442706,-20.6781851770225,-1.74962710243936,-7.87389478994902,1.87035287441819,-2.3234286349309,-4.31451332564633,-0.176353962031883,1.98361340408117,0.969210168947854,1.22951948054522
-13.6100582101568,-20.7174302590391,-1.78489783603641,-7.85998507073325,1.8713464217667,-2.33733840645949,-4.31600365838551,-0.197218374434898,1.99056822196915,0.944868140051746,1.2121323363274
-13.6373806610663,-20.6732174450878,-1.76403345840456,-7.89078516326577,1.83955290661956,-2.33386096357407,-4.30706166195072,-0.149528288907813,1.99354885820685,0.996532854484831,1.25435825802659
-13.6279419962035,-20.6791787233624,-1.75856897855365,-7.91910137740659,1.83955290661956,-2.31349308383302,-4.31302299290853,-0.1286638765204,2.01143267563094,1.00497804817944,1.25485503357517
-13.6055872636086,-20.7094818878838,-1.77993012704754,-7.89724324719629,1.85346256951749,-2.3512481779625,-4.31202943774868,-0.148037973725453,2.03031003846918,0.991565093502493,1.21809364302285
-13.5877034775411,-20.7040173828018,-1.78589137779391,-7.8902883875832,1.86091417464107,-2.34180940442338,-4.30805521710958,-0.12121230064723,2.02732940223076,0.996532854494111,1.19623551889138
-13.571806778826,-20.723391537215,-1.78241398152258,-7.89326904169995,1.86488836403436,-2.33882873909478,-4.31153266016909,-0.102334975135505,2.03627131094789,0.984610228090937,1.18928066120554
-13.5320650320162,-20.7616430728262,-1.79085908675108,-7.86296572482491,1.90065606859064,-2.32193830222917,-4.31948110144274,-0.122205844106609,2.03527776553473,0.956293990387225,1.1594741282721
-13.5723035506338,-20.7298495886596,-1.75360126956558,-7.91115296640066,1.87432706385833,-2.30703497558027,-4.34183609253426,-0.0506707158052772,2.04421967424865,1.03031362932463,1.21859041860575
-13.5847228465047,-20.7442560111728,-1.74962710239918,-7.89873357424677,1.88078512162303,-2.32044796956414,-4.34282964769351,-0.0412320530467087,2.06558090062112,1.03428783812965,1.21411943866174
-13.5817422154956,-20.7770430417317,-1.74813678971051,-7.88134642523042,1.88525608468943,-2.32392541244748,-4.35127486655051,-0.0422255964956107,2.07650990016264,1.03379106202931,1.19275809005001
-13.5593874829155,-20.8018817011935,-1.72876272478456,-7.88383030366254,1.89121736878165,-2.305047865371,-4.3567394199266,-0.019374097195931,2.08197439993382,1.02385554003802,1.16841608816511
-13.5261037699867,-20.8460945151448,-1.73224012105803,-7.86048184642466,1.91108831574206,-2.31150597358639,-4.37114596973631,-0.0417288248009639,2.09141308135676,1.01093936141928,1.11377077774425
-13.4818910766506,-20.8913008753324,-1.75409804045278,-7.81477848322938,1.91357218411693,-2.33485451865394,-4.36468786119861,-0.066070639250822,2.09886467195582,0.981629571550764,1.08644812258714
-13.5087167557628,-20.8759009064834,-1.72677564121238,-7.83067530520296,1.90860444736643,-2.29958331229797,-4.37810085585255,-0.0362643358506328,2.10234208090205,1.029320077103,1.12619016642982
-13.492820057029,-20.9012363391227,-1.73571751732863,-7.82173334283959,1.91605605249309,-2.31448663893699,-4.39052029534725,-0.0620964654821584,2.11774203480633,1.04322980788502,1.11625465546721
-13.4630137469201,-20.9295524109215,-1.75310449867929,-7.79391390439872,1.94188828357076,-2.3239254124763,-4.40144940210192,-0.0779931606511158,2.11923235292632,1.04372658398503,1.08048681597022
-13.5042458092344,-20.9037202050628,-1.73174335015329,-7.81378493186315,1.92897216802837,-2.31945441448047,-4.39250740566884,-0.0377546509640624,2.10830335338544,1.08098479149689,1.11774498214251
-13.4585428004309,-20.952403977671,-1.73224012104955,-7.78745582050164,1.95083020969023,-2.35273851065026,-4.39598484872536,-0.0640835523826147,2.11625171669076,1.04273303174894,1.07303518271779
-13.4615234314393,-20.9310427304923,-1.70342740906967,-7.81924946439963,1.9334431310982,-2.34230618199678,-4.38952674018936,-0.0298063033796838,2.12121944375806,1.08197834373404,1.11575787999279
-13.4123430197547,-20.9911522863685,-1.73720782998578,-7.80583652086201,1.96772051464404,-2.36317083928621,-4.37512019037242,-0.0457029985553783,2.1157549439864,1.04124270354098,1.0685642028912
-13.4406590143539,-20.9464426993136,-1.7382013717773,-7.83365595927992,1.96026890952907,-2.37211283527166,-4.38207507648537,-0.0243418144037187,2.11625171669296,1.09688162674538,1.11923530888203
-13.4128397915848,-20.9961200182359,-1.77744627253635,-7.79987521258779,1.97467534608904,-2.38999682724367,-4.3805847437469,-0.0417288247458495,2.12072267105307,1.05962341923043,1.09886751139169
-13.433207436836,-20.9638297609701,-1.74913033149771,-7.83912049185988,1.95927536217036,-2.38751293947161,-4.39846873661562,-0.00198708685317545,2.13512907955409,1.09638485059666,1.11873853332121
-13.3889947434742,-20.9995974305356,-1.77694950163305,-7.80434619377562,1.9672237409718,-2.39248071501785,-4.39697840387672,4.17554879561521e-11,2.13363876143419,1.05415888213413,1.09191265372057
-13.4073753013845,-20.9896619667595,-1.75558835312653,-7.83464951065691,1.95927536217014,-2.39844204567086,-4.39350096081896,0.0322901620863944,2.13810971579618,1.10731392483999,1.12966759539924
-13.4287364902983,-20.9921458327047,-1.73869814267181,-7.85750119223628,1.93543022578944,-2.38800971702192,-4.40592040030593,0.0745157586568351,2.14506453369124,1.14457213237044,1.15748702611476
-13.3691238700702,-21.0676553574228,-1.78092366880601,-7.82322366984733,1.9597721358578,-2.41185503965671,-4.41535917431851,0.0258321296630625,2.16543221465958,1.07701058279177,1.0889320004001
-13.3065306187926,-21.1173326762808,-1.83556846731982,-7.78546871764351,1.99355274575091,-2.4178163703091,-4.41933339495382,-0.00298063034001092,2.17834830503884,1.04124270360232,1.03478346564693
-13.2414535083885,-21.194332520648,-1.89518097481883,-7.7298298407876,2.05763654978727,-2.44811980114711,-4.4411916084522,-0.0471933138255215,2.18679344105668,0.95530043819993,0.91406700725343
-13.245924454908,-21.1650229025175,-1.88276170242978,-7.74224923295238,2.04968817098824,-2.43520358473198,-4.4968306973452,-0.046696542101473,2.2061675766189,0.974674706087973,0.934931580276974
-13.2041956207543,-21.2057583040607,-1.89319389123787,-7.71492657022086,2.07005589164311,-2.43768747250513,-4.51322435745939,-0.0536513462463881,2.2260384848935,0.963745631876885,0.886744352028428
-13.1902860093621,-21.2062550772493,-1.89269712034266,-7.74771376554054,2.08943006496602,-2.42824869896601,-4.50974691440254,-0.0417288248705618,2.24392230234599,0.962255303577496,0.885750800931757
-13.1659441894264,-21.226126004804,-1.8941874330299,-7.73827502749506,2.1018494068349,-2.42675836630265,-4.51620502293469,-0.046199770387444,2.24392230234599,0.976165034379463,0.875318514416815
-13.1897892375382,-21.2122163555366,-1.87481336811827,-7.7526815224233,2.08943006495919,-2.4302358091844,-4.52614057452534,-0.0342772490136981,2.26776739228051,1.01640389844209,0.879292718800304
-13.1619700147514,-21.2221518193127,-1.8862390987176,-7.719894327107,2.08545587555967,-2.42228736831339,-4.54998589833833,-0.0218579559056741,2.26677384686663,0.997526406626468,0.844518430410003
-13.1530281217192,-21.2196679533675,-1.89518097484245,-7.71293946749876,2.09837199109531,-2.423280923423,-4.5579343396061,-0.036761107646636,2.26677384686663,0.978648914803784,0.850976512544759
-13.1619700147595,-21.1774422323454,-1.88772941141343,-7.73976535459095,2.09837199109531,-2.42725514385983,-4.56786989119366,0.00794834754726755,2.27472221017814,1.01988133106806,0.878299167698656
-13.1853182910419,-21.1660164490197,-1.87083920097953,-7.7675847930641,2.0829720071656,-2.42129381320743,-4.56786989119366,0.0238450427162249,2.26428998333257,1.04422335995506,0.89916374070911
-13.1982343587647,-21.1481326142271,-1.84699419800109,-7.78000418523337,2.04372688683726,-2.41433892744472,-4.58028933067114,0.0710383565526036,2.26528352874672,1.08098479136102,0.956789704314895
-13.1733957669832,-21.1670099954011,-1.86388440844831,-7.76410736326101,2.05366236033661,-2.40390659879666,-4.58426355130066,0.0849479648309896,2.26975448311044,1.08545577626049,0.9458606422528
-13.126699214423,-21.2087389432318,-1.89021326589232,-7.73529437342942,2.07701072306681,-2.42278414586413,-4.5748247772971,0.0660706393070285,2.26975448311044,1.03826204677,0.899163740738565
-13.0983832197871,-21.2350679222068,-1.91455503974304,-7.6831329263037,2.09340425435629,-2.43719069494867,-4.5842635513072,0.061102922066234,2.26428998333124,1.02037810718457,0.8395506750096
-13.1172605495345,-21.2062550772455,-1.89667128748893,-7.70846848631006,2.07154621267278,-2.41284859476732,-4.59916687868142,0.110780094532393,2.27571575559958,1.05018467321605,0.863892676884481
-13.1108025156724,-21.1963196134768,-1.88623909868265,-7.70449428081369,2.07750749677205,-2.40639048655795,-4.60065721141961,0.140089626273175,2.27422543747767,1.07104926942334,0.866873330172507
-13.0993767634505,-21.2147002214487,-1.90561316359714,-7.69455876707046,2.1023461805334,-2.41284859476584,-4.59618621320675,0.126180017992709,2.28118025537607,1.0606169713211,0.864389452432169
-13.0646027349717,-21.2241389120388,-1.90859378897121,-7.6751845152914,2.11724939077831,-2.42824869895965,-4.60562498720828,0.136115452485445,2.2846576643247,1.06707506062718,0.832595817323114
-13.0993767634413,-21.1834035104924,-1.85841992847742,-7.70350072940374,2.07403008108769,-2.3999323783329,-4.61009598542114,0.170392701535388,2.31645111760885,1.14258502794618,0.885254025521025
-13.0889445548914,-21.1615454901978,-1.83358138369597,-7.71194591607514,2.06757202331463,-2.3865193843596,-4.61257987331782,0.190760342239148,2.31794143572924,1.16891416126003,0.908602476291189
-13.0506931235457,-21.1665132220863,-1.85444576130364,-7.69604909409704,2.0834687809057,-2.39595815789421,-4.59370232530912,0.160954038750535,2.32290916280087,1.17537225056692,0.863395901382468
-13.0248609880755,-21.1873776959934,-1.87083920084183,-7.68412647760916,2.08744297030697,-2.39794526811324,-4.58128288583936,0.15499277805861,2.33036075340976,1.17288837006711,0.840544226176959
-13.0159190950255,-21.1948292938106,-1.8648779501028,-7.67568129092622,2.09588812279129,-2.36615150462261,-4.60363787689348,0.156483093230904,2.33830911672627,1.22157242785882,0.869853983500306
-13.0039965709619,-21.2027776648147,-1.85245867773365,-7.65481671203638,2.10930101203921,-2.36813861484048,-4.62748320068938,0.15996049529933,2.33880588943339,1.2230627561571,0.867866881311755
-12.9652483677859,-21.2345711489073,-1.88425201506332,-7.63345535752342,2.13165582739766,-2.37956449860216,-4.63592841953003,0.139096082848456,2.33532848048133,1.2255466366614,0.859918472533712
-12.9503452127153,-21.2385453344154,-1.87829076431445,-7.64140376851534,2.13563001679827,-2.39297749257352,-4.64983819174796,0.149528289071682,2.3323478442379,1.23250150206788,0.882770147753559
-12.9314678829496,-21.2450033858607,-1.87729722252441,-7.65084250657153,2.12619131696493,-2.39248071501912,-4.65878018817271,0.170392701496023,2.3368187986027,1.24690800897216,0.881279821109473
-12.9061325193233,-21.2703388184739,-1.87729722252441,-7.65531348775304,2.13314614841677,-2.39148715991014,-4.65629630027798,0.158966951829804,2.34824457086762,1.24988866557556,0.865879779117868
-12.8619198259778,-21.3071000345075,-1.89617451658624,-7.60513914342025,2.15550096376106,-2.42129381320054,-4.67418029311978,0.144063800061712,2.33532848046358,1.22256598000495,0.835576470613244
-12.8629133696494,-21.300641983052,-1.89021326583414,-7.5842745645783,2.15649451111061,-2.41980348053637,-4.67865129133306,0.164431440786295,2.36513484289959,1.26131451587809,0.844518430488366
-12.8708617190231,-21.3075968076937,-1.85196190687023,-7.60315204067583,2.1515267743619,-2.39446782525083,-4.6970320617628,0.199205461527345,2.36364452477795,1.2926114102362,0.874324963386156
-12.8400618651701,-21.3249838692653,-1.86189732476567,-7.59222297555546,2.17388158976034,-2.41483570498639,-4.7049805030243,0.193740972561314,2.3705993426826,1.28317266433928,0.84153777725772
-12.8450295835315,-21.3075968076873,-1.85146513596813,-7.59321652693012,2.16742353197785,-2.42725514385494,-4.69951594965774,0.21112798291298,2.37705738788008,1.31397278258525,0.833092592940737
-12.8624165977897,-21.2693452721995,-1.82513627852023,-7.6538231607857,2.12172035384063,-2.41036470699774,-4.69107073081649,0.256830981582986,2.40388311408697,1.40587636115844,0.913570231701662
-12.8360876904806,-21.2633839939363,-1.82960721657819,-7.62997792781302,2.14258484820016,-2.42874547651595,-4.68411584471267,0.265772872630684,2.43021206759934,1.39544406304211,0.917544436090372
-12.8062813803216,-21.2822613750883,-1.87381982625703,-7.61308755445128,2.16096547418937,-2.4317261418419,-4.68958039808146,0.249379405710925,2.42623788594228,1.39146985423816,0.875815290052284
-12.7983330309438,-21.2743130040784,-1.87381982625703,-7.60961012464164,2.17537191077908,-2.43073258673308,-4.69752883934467,0.259314840206387,2.44461847612135,1.41630865926595,0.893202434238741
-12.7869072787146,-21.2618936743703,-1.87680045163066,-7.6026552650255,2.17437836342865,-2.43818425004943,-4.69852239450259,0.275708307120831,2.45703779380954,1.43369582279316,0.907608925133831
-12.7595848277447,-21.2971645707674,-1.89965191283973,-7.60017138658979,2.19822349982641,-2.4630231277631,-4.69752883934512,0.260805155363889,2.45008297590384,1.42028286806994,0.861905574670837
-12.7471655318484,-21.3388935185949,-1.95926442028143,-7.61656498425323,2.20964929435018,-2.4858748952701,-4.72783227165424,0.255837438112071,2.438160430923,1.41084412214633,0.846008757117245
-12.7625654587553,-21.3254806424977,-1.96174827476181,-7.64736507679369,2.21213316272437,-2.49183622592793,-4.7486969299602,0.289617915461507,2.45405715756078,1.44959265807508,0.87134431010794
-12.7675331771204,-21.3145516323689,-1.93840004269976,-7.67717161801646,2.1942493104034,-2.50127499945805,-4.7407484886987,0.323398392730071,2.43965074904724,1.49330895489217,0.904628271784103
-12.7566041967244,-21.322500003378,-1.94535483523205,-7.69356521569089,2.18282351587083,-2.49829433413019,-4.74969048511596,0.340288631371934,2.44263138529307,1.47741211966348,0.926983171452842
-12.7491526191862,-21.3478354359825,-1.94436129344089,-7.69555231843702,2.20120414184689,-2.513694438324,-4.75515503848423,0.350224065879287,2.42325724969485,1.47939922406897,0.916550884932377
-12.7327591485882,-21.3791321468436,-1.94833546060269,-7.70300395374416,2.19325576304041,-2.51021699544326,-4.76608414521775,0.334824142410747,2.41083793199512,1.46847014985674,0.879789494360599
-12.7357397796051,-21.3532999410518,-1.92548399943248,-7.74075890594409,2.16493966355131,-2.50773310767166,-4.77254225374264,0.363636902460516,2.4202766134322,1.52361229707058,0.913570231624229
-12.7143785906438,-21.3622418584377,-1.9408838971725,-7.74821054124968,2.15599773739083,-2.50425566479048,-4.77601969679434,0.360159500386541,2.40736052303397,1.51864453606296,0.89171210750604
-12.7024560665749,-21.3627386316262,-1.95529025313882,-7.76062993341959,2.16792030559955,-2.49581044636512,-4.78049069500442,0.379036825941098,2.40934761386494,1.53354781909636,0.886247576475904
-12.6726497564032,-21.3721773222001,-1.96423212925705,-7.7631138118553,2.18381706321556,-2.47941678707698,-4.77999391742566,0.376552967316025,2.4262378859267,1.55689629584165,0.892705658601542
-12.6423466743992,-21.3736676417637,-1.95230962778282,-7.75665572792895,2.2161073521262,-2.47593934419689,-4.77452936406171,0.367611076265874,2.44014752173852,1.55639951974051,0.867866881194022
-12.5852179132614,-21.4228481874064,-1.99056098674202,-7.69455876711143,2.24094603588686,-2.48984911572606,-4.76558736764743,0.311972643014977,2.4366701127852,1.49777993977012,0.816202224141806
-12.5926694908079,-21.4163901359637,-1.98857390316102,-7.69306844005139,2.25187505674757,-2.46799090333486,-4.78992946900119,0.318927447165615,2.46697324794892,1.52112841651201,0.838557123799589
-12.5817405104087,-21.4208610946548,-1.97963202704763,-7.68561680474656,2.25038473572211,-2.48140389730733,-4.78992946900118,0.31843067544065,2.4729345204422,1.5360316995386,0.827131286188658
-12.5499471128956,-21.4104288577041,-2.00148994644184,-7.6761780667006,2.25932666187939,-2.4789200095348,-4.80582635151887,0.307004925757621,2.50572151916015,1.51566387939019,0.816202224124206
-12.5613728651314,-21.3865837446718,-1.99006421584955,-7.69306844005276,2.25485569880229,-2.46898445844418,-4.80433601878282,0.346249892039648,2.51366988248691,1.56335438508022,0.870350758903921
-12.5628631806398,-21.3985063011955,-1.96919983823673,-7.68661035612907,2.26280407760176,-2.45308757669986,-4.81576190309118,0.351714381019306,2.53950206328957,1.57577378762343,0.87333141219405
-12.5504438847264,-21.4263255997024,-1.96820629644741,-7.68859745887674,2.28565566668736,-2.46302312778759,-4.82569745466426,0.365127217593696,2.54745042661037,1.5817351008327,0.883266923154526
-12.5360375014714,-21.4417255685388,-1.98161911061369,-7.68015227220208,2.28565566668736,-2.47047479110424,-4.84358144749495,0.360159500340763,2.56384392597499,1.57925122032648,0.877802392125568
-12.556901918594,-21.4362610634702,-1.96373535837325,-7.70250717810907,2.27671374052663,-2.46252635023323,-4.84407822507371,0.381520684526512,2.57030197117963,1.599122264383,0.912576680522688
-12.5519342002304,-21.4208610946412,-1.95379994047267,-7.71989432713662,2.26330085127981,-2.44017136027772,-4.84705889054514,0.422255966009711,2.56583101681027,1.61650942792902,0.941886437866147
-12.5415019916654,-21.4059578990054,-1.96373535837227,-7.73479759775108,2.25932666187581,-2.44066813783218,-4.86842032641731,0.439642976383921,2.57974065262792,1.64730954620062,0.947350968895533
-12.5300762394269,-21.3965192084313,-1.9711869218,-7.73032661657026,2.2568427934978,-2.43818425005919,-4.87338810220029,0.451068726065241,2.58619869783391,1.64929665060523,0.931950926906948
-12.4948054390261,-21.412912723623,-1.99304484118128,-7.72386853263708,2.27721051418967,-2.45110046647003,-4.89971731385102,0.446101008816271,2.61252765137155,1.64780632230216,0.907112149509654
-12.4769216529132,-21.4208610946335,-1.99701900834131,-7.7169136730213,2.28168147726997,-2.46103601755859,-4.9081625326836,0.444113921915544,2.60358574262386,1.6671805902478,0.887737903134258
-12.467482988023,-21.4283126924594,-2.01092859340933,-7.72039110282726,2.29112017710071,-2.46699734821346,-4.93101430129131,0.458023530236593,2.61352119678766,1.67761288838018,0.877802392156834
-12.4207864353985,-21.4591126301106,-2.06358630829539,-7.69505554279804,2.33235239217916,-2.4814038972947,-4.93796918738898,0.438152661226842,2.60805669699913,1.63737402416364,0.841041001603074
-12.4346960468212,-21.4427191149241,-2.06656693366321,-7.68859745886735,2.33334593953136,-2.46550701555235,-4.95485962505232,0.437159117776577,2.63537919594345,1.64631599398033,0.828124837355215
-12.3989284745778,-21.4720287329973,-2.06656693366321,-7.66375867450864,2.36066849170607,-2.471468346204,-4.9394595201157,0.426230139824484,2.63388887781872,1.60756745811685,0.778447282600555
-12.4053865084467,-21.4427191148753,-2.06954755903772,-7.6617715717624,2.34477173409793,-2.45855212978299,-4.95138218200226,0.454049356472829,2.66021783137136,1.63687724813039,0.794344100169423
-12.3452771161943,-21.508789948795,-2.11574725223387,-7.60563591913125,2.3750749283364,-2.49978466679581,-4.94840151653084,0.399901238421929,2.6771081034397,1.56683181792219,0.722311645741981
-12.3422964851753,-21.5107770415471,-2.10183766717305,-7.60662947050514,2.39246200698538,-2.48041034216408,-4.93697563222985,0.409836672928291,2.69697901177088,1.55391563928733,0.727279401224264
-12.3413029415022,-21.5182286393692,-2.08842485300115,-7.59023587283325,2.40786199093458,-2.4784232319455,-4.92157552729874,0.404868955674738,2.69250805739724,1.5554059675909,0.728272952320019
-12.3725995672116,-21.4948802995464,-2.06607016272457,-7.6135843301199,2.3984232910989,-2.45755857466299,-4.90071086901222,0.448584867508185,2.69250805739724,1.59663838401032,0.766027893973527
-12.3512383782322,-21.5097834951821,-2.07252818435796,-7.60315204069153,2.41282972769852,-2.45557146444561,-4.90269797932527,0.460010617190075,2.69648223906228,1.59018029469337,0.760066587399463
-12.3477609753774,-21.5097834951821,-2.07352172614816,-7.59172619989816,2.43170712737481,-2.44961013379074,-4.89872375869965,0.441630063339322,2.70790801135802,1.5966383840157,0.738208463262845
-12.3760769700609,-21.4720287328929,-2.03129620007121,-7.63444890894777,2.40438457520387,-2.43768747248274,-4.92008519455651,0.471933138587129,2.72529505614599,1.64879987467979,0.797821529052582
-12.3671350770041,-21.4591126300086,-1.99254807025512,-7.65133928230037,2.38401685449462,-2.44911335623612,-4.92356263760315,0.497765268310114,2.72032732906185,1.67512900804838,0.830111939684573
-12.3879994941502,-21.4322868778756,-1.98459973593544,-7.67617806665908,2.34924269718853,-2.43768747248582,-4.95237573715269,0.525087713201589,2.74069501011139,1.74070345339263,0.874821738959386
-12.3408061696977,-21.4586158568686,-1.99850932101066,-7.66425545017736,2.38103621241881,-2.45507468689711,-4.95933062325002,0.50720393106605,2.73970146469355,1.71934208100632,0.829118388475778
-12.3696189362439,-21.4332804243404,-1.96423212929462,-7.68611358042487,2.37656524933124,-2.4327196969592,-4.98317594700947,0.542474723541208,2.74963691885944,1.78441975020009,0.868860432272495
-12.338322310529,-21.4720287329647,-1.98161911061914,-7.67071353412385,2.39693297005563,-2.45557146447189,-5.01298260169453,0.522603854533438,2.75758528219859,1.7809423174919,0.854453941376558
-12.3179546652252,-21.4844480626616,-1.99503192479104,-7.69356521572326,2.39991361211183,-2.47395223398743,-5.03384725998554,0.538003778023485,2.7883851901304,1.79733592883733,0.87531851439642
-12.2965934762518,-21.4725255061451,-1.98857390315097,-7.68710713179574,2.39643619638414,-2.47892000953254,-5.06266035951856,0.554894016712106,2.7943464626353,1.79584560053178,0.877305616590268
-12.285167724002,-21.4884222481436,-1.99254807030895,-7.68661035610854,2.4088555382896,-2.47892000953254,-5.07358946623694,0.549926299458305,2.81769477993669,1.7878971829133,0.880286269877125
-12.2508904672726,-21.5132609075417,-1.9935416120991,-7.67766839374378,2.41829423813515,-2.47941678708717,-5.08352501779958,0.545952125654967,2.82117218889783,1.76603903444477,0.859421696855217
-12.2240647880993,-21.538099566951,-2.00794796806471,-7.66574577727435,2.43170712737754,-2.49928788926387,-5.07060880077247,0.554397244994538,2.82365605244045,1.76355515393437,0.838060348264436
-12.1977358807529,-21.5609511335865,-2.05067026503721,-7.65581026353932,2.44412646927068,-2.49680400149186,-5.08600890568628,0.553403701543034,2.84104309724145,1.75958094512216,0.825144184006701
-12.226548647269,-21.5226995980714,-2.01539953145581,-7.70548783216067,2.4331974484169,-2.48885556061887,-5.1083638966886,0.591655124454068,2.84054632453263,1.8112456597626,0.878299167691626
-12.2181035260449,-21.5390931132748,-2.01688984414187,-7.71890077570209,2.42574584327978,-2.48339100751954,-5.11929300340829,0.605067961054217,2.84253341536837,1.82565216671871,0.890718556401838
-12.2151228950239,-21.5082931756455,-2.00695442624226,-7.74870731690872,2.39892006477765,-2.49183622594298,-5.14015766167537,0.624442058355879,2.85296564224896,1.86440070265874,0.92350574258105
-12.2186002978824,-21.4864351554057,-1.99751577923939,-7.74721698984668,2.39941683845414,-2.50375888724529,-5.12624788949432,0.649280644618688,2.85495273308435,1.89371049264363,0.939899335670174
-12.2046906864491,-21.4809706503401,-2.00298025908464,-7.73877180317179,2.40537812256802,-2.50872666278762,-5.147609325342,0.642325840460418,2.8499850059947,1.90364601467664,0.948841295541089
-12.1828327256264,-21.5361124741654,-2.03725745084291,-7.73628792473755,2.427732937972,-2.51766865876621,-5.14363510471913,0.609042134823011,2.8673720508129,1.89718792535364,0.919034762649728
-12.1917746186918,-21.5266737836054,-2.03030265831593,-7.76857834437932,2.40090715946692,-2.50276533213059,-5.15754487689785,0.622454971411116,2.88475909563319,1.95878816196601,0.94089288676406
-12.1912778468549,-21.508293175654,-2.01142536429459,-7.78894614753744,2.38550717551093,-2.5112105505577,-5.16648687330017,0.641332296984033,2.88227523208944,2.00250445892308,0.986596237215403
-12.1470651533607,-21.541576979211,-2.04520578513909,-7.77553320400051,2.40388780152595,-2.50723633012368,-5.19480319523374,0.605564732746855,2.89221068626367,1.96375592299433,0.961260684258988
-12.133652313762,-21.5420737523984,-2.02434140755918,-7.77652675537425,2.40488134887777,-2.49779755658769,-5.1987774158548,0.601093787215703,2.90214614044387,1.97816242994175,0.956292928776997
-12.0740396933595,-21.5992026690481,-2.06805724635514,-7.72337175694461,2.4411458271908,-2.51866221387366,-5.21467429833072,0.575261657449547,2.91506223087811,1.91854929767423,0.919034762631015
-12.0521817325354,-21.6081445864258,-2.10183766720962,-7.70548783222063,2.46399741628772,-2.53455909561371,-5.22759051535567,0.554894016689914,2.94437182073297,1.9011621341076,0.913570231597771
-12.039762436612,-21.6041704009216,-2.09289579109579,-7.7039975051614,2.47840385288575,-2.52810098740782,-5.2191452965358,0.563339136032434,2.96324918367646,1.90513634292552,0.942879988975714
-12.0025045488257,-21.6165897306064,-2.11624402314749,-7.69555231847431,2.48486191068139,-2.52611387719118,-5.25143583908468,0.558371418777394,2.98063622849623,1.89023305987786,0.932944478011343
-11.9851175345267,-21.6533509464719,-2.12568267014943,-7.70946203770156,2.4724425687797,-2.51419121588787,-5.26733272156174,0.570293940193058,2.99305554622314,1.89371049259039,0.92499606923704
-11.9965432867765,-21.6210606892966,-2.09935381271711,-7.72337175692917,2.47591998451169,-2.50425566480034,-5.28571349193615,0.607551819641634,3.0039845458325,1.93146547634961,0.963247786453996
-11.979653044318,-21.6319896994182,-2.08693454034154,-7.70250717808991,2.49181674213952,-2.51270088322833,-5.29912648652826,0.617984025883071,3.00696518208923,1.92500738701989,0.977654277357843
-11.9647498892082,-21.6454025754926,-2.08842485302808,-7.70151362671684,2.51317801021103,-2.50326210969195,-5.30856526050431,0.620467884512419,3.05614568032469,1.91755574548745,0.955299377670255
-11.9920723402501,-21.6076478132444,-2.0382509926357,-7.71939755143067,2.48486191068217,-2.49531366882193,-5.31005559323658,0.66766119845001,3.07353272514393,1.98859472807152,1.00795758580414
-11.9950529712725,-21.6190735965514,-2.06060568289906,-7.73231371928455,2.48486191068217,-2.51121055056461,-5.31701047932163,0.671138600529709,3.08197786120178,1.99405926519178,1.01342211683438
-11.9528273650967,-21.6538477196445,-2.10034735444948,-7.72486208397895,2.52708767319328,-2.53803653847703,-5.3070749277756,0.643319383895936,3.09241008809833,1.95332362489455,0.946854193456612
-11.9508402777484,-21.656331585582,-2.08147006044954,-7.72734596241383,2.5121844629094,-2.51915899140955,-5.3194943672151,0.655738677039575,3.08942945183954,1.97220111676748,0.960267133267587
-11.926995229564,-21.7050153579509,-2.1246891282963,-7.72088787848914,2.53702314672613,-2.52710743227809,-5.34731391154996,0.628913003846303,3.09042299725821,1.94934941607349,0.910589578409687
-11.9359371226361,-21.7025314920146,-2.11127631414225,-7.74026213029518,2.53205540996005,-2.5057459974388,-5.36817856978565,0.650274188051764,3.10482940583699,1.97418822115809,0.92300896711576
-11.9418983846824,-21.6652735029611,-2.10382475072003,-7.74522988715962,2.54298443083309,-2.49630722390281,-5.36966890251725,0.656235448762273,3.10830681480219,1.99554959354617,0.935925131375268
-11.9170597928305,-21.6652735029611,-2.1053150634058,-7.73728147617365,2.54497152553739,-2.4992878892295,-5.37960445406423,0.643319383878873,3.12619063236032,1.98014953437402,0.931454151437838
-11.9225242830386,-21.6458993486503,-2.09985058355812,-7.74821054128275,2.54844894127034,-2.499784666784,-5.39699166926334,0.644809699056667,3.14208735907199,2.00151090677899,0.950828397838687
-11.9026534095497,-21.6747121935187,-2.12717298279179,-7.73678470048879,2.54695862024127,-2.50375888722082,-5.40643044323511,0.644809699056667,3.1271841777731,1.98362696711064,0.93642190693936
-11.8743374148332,-21.7055121311479,-2.1693985088729,-7.71393301890706,2.57030698300746,-2.50475244232972,-5.41785632751236,0.621958199662396,3.14407444990069,1.95183329655738,0.896183087506434
-11.8559568568584,-21.7224024195021,-2.15896632008642,-7.67717161806944,2.60359081932509,-2.50723633010106,-5.43176609967546,0.603080874094186,3.14755185886694,1.95133652045549,0.863892676890269
-11.8793051332203,-21.6891186159714,-2.12369558658934,-7.70896526201989,2.57626826710073,-2.47246190131993,-5.43375320998505,0.621461427937145,3.15897763118975,2.03082069670968,0.94138966233185
-11.8673826091284,-21.688621842784,-2.12816652464355,-7.71144914045445,2.60359081929726,-2.47842323197443,-5.4322628772527,0.624938830018752,3.16096472202889,2.0313174728118,0.929467049166189
-11.8812922205711,-21.6717315544253,-2.10879245975819,-7.71095236476784,2.58471341959342,-2.46501023800724,-5.42580476874971,0.643816155595436,3.17239049434793,2.05416917350579,0.940396111226569
-11.8798019050593,-21.6657702761769,-2.10084412544047,-7.72635241106131,2.57378439871286,-2.47643612176086,-5.42679832390327,0.647293557677563,3.17934531228699,2.09192415728385,0.954802602133241
-11.8485052793058,-21.6891186159923,-2.10829568886269,-7.70052007535223,2.59117147738816,-2.48984911573194,-5.43971454090601,0.631893634179067,3.19673235712397,2.07950475473032,0.92449929368864
-11.8296279494874,-21.7164411412982,-2.14257288060491,-7.67866194512389,2.61849402959446,-2.48835878306864,-5.44915331487124,0.600100243732539,3.19077108460244,2.06907245658708,0.910589578332792
-11.7774669065602,-21.7368088419834,-2.1768500723522,-7.65233283371418,2.62892627679734,-2.50524921991534,-5.45610820094682,0.587184178862026,3.19474526628274,2.03032392061078,0.871344309997745
-11.7933636053522,-21.6985573065451,-2.16939850892851,-7.67915872078492,2.61948757694945,-2.50375888725161,-5.47101152826194,0.613016308625604,3.21560972010495,2.08894350068482,0.91108635387783
-11.796344236376,-21.675208966734,-2.17436621787341,-7.7010168509941,2.62544886106481,-2.49680400148846,-5.48641163314744,0.614506623802692,3.2146161746852,2.11030487308312,0.936918682395325
-11.7943571490268,-21.6394412972601,-2.18082423950378,-7.72734596241196,2.60657146135474,-2.48587489529264,-5.50081818287799,0.637358123177015,3.25088058251957,2.1540211700893,0.978647828430141
-11.7839249404413,-21.6359638849476,-2.19572736634106,-7.71542334593669,2.61302951914949,-2.47345545643001,-5.53807650114757,0.670145057101167,3.26628053653235,2.16743412485828,0.981628481721089
-11.7600798922462,-21.6533509465013,-2.2151014312312,-7.70548783219653,2.6189908032706,-2.46351990533836,-5.56788315577426,0.656235448778383,3.28714499035769,2.17438899028906,0.975170399592031
-11.7397122469176,-21.6463961218786,-2.21559820212593,-7.73281049494074,2.62147467165155,-2.45755857468386,-5.59520592250398,0.66716442675201,3.30602235333685,2.18978904946473,0.998518850373183
-11.7203381452579,-21.6508670805651,-2.22553362002259,-7.71790722433435,2.61849402959436,-2.44662946848486,-5.60116725342433,0.675112774370581,3.32340939819729,2.19177615387576,1.00497693250642
-11.7223252326081,-21.6379509776921,-2.22901101628535,-7.70995881333997,2.622964992685,-2.45110046647356,-5.61607058072522,0.683557893706992,3.34079644305251,2.21462785457926,1.02435117888485
-11.6969898688895,-21.6354671117568,-2.23149487075716,-7.71293946746348,2.62693918210028,-2.4466294684831,-5.62550935468617,0.68951915441185,3.3621576695979,2.23052468984696,1.04422220082412
-11.7426928779344,-21.6066542668786,-2.21311434765354,-7.74721698985773,2.61451984019277,-2.43719069495259,-5.62898679772309,0.70889325172076,3.37060280567171,2.27374421074765,1.0839642447081
-11.7238155481183,-21.6126155451338,-2.23894643417723,-7.71343624316996,2.64283593975124,-2.44464235827032,-5.63643846137665,0.673622459167309,3.38004148717134,2.25089251002371,1.07700938702458
-11.7168607423957,-21.6295058335107,-2.24838508116917,-7.70399750512813,2.6671778499094,-2.46848768087841,-5.65183856625074,0.67163537226455,3.39742853202552,2.25089251002371,1.06856420269866
-11.7163639705584,-21.6295058335107,-2.25384956100863,-7.71890077572606,2.69599072315901,-2.48090711973692,-5.6751871123446,0.67163537226455,3.39345435034117,2.22754403320363,1.06458999831143
-11.7436864216093,-21.6165897306298,-2.24639799759137,-7.75417184944403,2.69499717580583,-2.51170732810443,-5.68065166568519,0.656235448747999,3.40935107707906,2.23499567474521,1.10135138892862
-11.7874023432888,-21.5842994734459,-2.23348195433335,-7.80832039926573,2.68605524962491,-2.54548820179923,-5.70250987905096,0.685048208855975,3.41978330400158,2.27473776295993,1.15748702595163
-11.776473362864,-21.6265251943297,-2.28315904374444,-7.76510091454343,2.73126165421803,-2.59317884699367,-5.71542609603797,0.658222535658688,3.39494466850715,2.23300857037788,1.12072563536976
-11.8003184110592,-21.6439122558783,-2.33879738387526,-7.78695904476219,2.78093902190209,-2.63987593708182,-5.71890353907406,0.619474341048116,3.38103503261734,2.18978904947539,1.07601583601957
-11.8539697694748,-21.6488799877536,-2.35320373981459,-7.85402376242435,2.77547451145813,-2.64881793305671,-5.74423919546108,0.64779032943751,3.37358344196287,2.22058916784949,1.1127772266245
-11.9081178997544,-21.6533509464368,-2.37307457557805,-7.90966263931182,2.78093902190556,-2.66968259033836,-5.76460707609906,0.66766119846659,3.3765640782272,2.23052468989718,1.11973208430693
-11.9344468071137,-21.6632864101929,-2.38897124420919,-7.95337889966817,2.78391966396258,-2.67912136386887,-5.7949105082533,0.684551437161531,3.38451244159472,2.26529901711545,1.14059665737098
-11.9816401316362,-21.669744461634,-2.39741634941167,-8.01100487927636,2.78988094808581,-2.69849568848413,-5.83266560405699,0.69746750203301,3.38997694141275,2.27324743475608,1.134138575238
-12.0044916361484,-21.6707380080086,-2.40635822550523,-8.0234242714357,2.77845515351769,-2.71538612531717,-5.87737558588494,0.708396480000639,3.39146725954396,2.27970552408956,1.1386095551749
-12.0015110051244,-21.7184282339586,-2.45702885667333,-8.02541137418122,2.80279706371271,-2.75314121940753,-5.87638203073255,0.68802883925269,3.39991239562435,2.25983448000535,1.13215147304698
-12.0039948643099,-21.7497249447701,-2.50918980053634,-8.01646941183629,2.81620995298538,-2.77648976443394,-5.88780791498552,0.684551437169956,3.39643498664914,2.25884092779968,1.10433204230474
-11.9880981655232,-21.7785377896445,-2.57078939138484,-8.00206291694446,2.83856476844598,-2.79586408903153,-5.8853240271042,0.659712850867498,3.39544144122766,2.21711173517595,1.0596222428958
-12.0268463688331,-21.7397894810725,-2.56383459887466,-8.04726950441028,2.82465510548218,-2.77897365220269,-5.89724668893125,0.679583719899055,3.44660903038685,2.25536349504005,1.08744167360149
-12.0412527521103,-21.7293572441452,-2.56234428619458,-8.06565020480231,2.80826157413132,-2.75314121939921,-5.92456945562313,0.698461045469148,3.48784116537996,2.30007334425091,1.13115792185416
-12.0084658108655,-21.7492281716333,-2.6085439793099,-8.04081142051021,2.81521640560575,-2.76953487867783,-5.91364034895016,0.668157970176747,3.5067185283778,2.28069907623676,1.11724820648385
-12.042246295771,-21.7184282340162,-2.61251814646024,-8.05869534518992,2.79484868485556,-2.77648976443434,-5.91463390410272,0.693493328217579,3.514666891752,2.31795728395241,1.17189351691221
-12.0159173884117,-21.7437636665705,-2.67262742460841,-8.05074693422342,2.83608090002823,-2.786922093069,-5.92904045379992,0.666170883277037,3.53950552730007,2.29013782217374,1.13364179964125
-11.9602789426526,-21.7889700265957,-2.72180774307026,-8.01001132796652,2.85148088402237,-2.8033157523466,-5.92059523500767,0.651267731502997,3.54000230001089,2.26778289756621,1.10085461345304
-11.9657434328599,-21.8023829026482,-2.74515597507362,-8.01696618757225,2.88675181510379,-2.80679319522252,-5.89674991137805,0.650770959777065,3.56136352657294,2.29162815050497,1.09539008241915
-11.9816401316518,-21.7989054903435,-2.75509139293479,-8.00901777658894,2.87930020993856,-2.78443820530778,-5.90668546289988,0.662196709462374,3.57278929892386,2.32838958207376,1.08694489810051
-11.983130447163,-21.7889700265994,-2.73223993183046,-8.01597263619091,2.87482924684657,-2.77648976445028,-5.92705334350918,0.670145057080945,3.5827247531407,2.34378964126642,1.10035783791885
-11.9915755683943,-21.7964216244046,-2.72528513932473,-8.02739847696807,2.8857582677485,-2.75165088675823,-5.94344700352039,0.67610631779071,3.61551175208088,2.41284151957615,1.1102933488918
-12.0069754953397,-21.8113248200187,-2.71038201250912,-8.04329529890887,2.88277762568622,-2.75711543985122,-5.96182777382371,0.669648285353279,3.61104079768202,2.44215130964335,1.13811277962804
-11.996046514923,-21.841131211224,-2.71584649233552,-8.01646941184435,2.89966793071462,-2.77748331956397,-5.97474399079284,0.660209622565996,3.61700207021964,2.43917065302669,1.11178367555774
-12.0025045488068,-21.8396408916632,-2.70144013642919,-8.01398553341338,2.92102919883141,-2.77052843381078,-5.99511187140603,0.667164426727388,3.62942138799312,2.45009972728915,1.09539008245255
-11.9523305932744,-21.8863375712564,-2.73124639003179,-7.96132731069784,2.93990659855031,-2.77549620934991,-6.0239249708097,0.625435601736135,3.65376325085032,2.41085441516363,1.00646725917929
-11.9513370496001,-21.8848472516954,-2.71038201251306,-7.93350787228925,2.92251951985156,-2.76208321539022,-6.0239249708097,0.630900090721244,3.65823420525293,2.43072545928795,1.0010027281453
-11.9647498892103,-21.8898149835597,-2.70094336554483,-7.93549497503549,2.93146144604774,-2.73476044992132,-6.04727351687402,0.611525993431663,3.6969824767428,2.43768032471916,1.01491244349269
-11.9428919283761,-21.8863375712507,-2.70591107447823,-7.93946918052335,2.92301629352901,-2.70942479467097,-6.05323484778399,0.59264866785545,3.71039533994701,2.43370611589438,1.03428668989088
-11.9269952295842,-21.901240766838,-2.69895628197593,-7.93201754522352,2.92550016191707,-2.72383134372952,-6.06217684414958,0.574764885742214,3.7382146117909,2.42078993722863,1.03826089427577
-11.9180533365161,-21.9305503848678,-2.73621409898054,-7.9146303962139,2.9384162775192,-2.71886356819224,-6.06317039930074,0.550423071170359,3.75510488397322,2.42178348943495,1.0268350566523
-11.8862599389298,-21.9633374151755,-2.7526075384545,-7.84458502438645,2.96126786669917,-2.73972822545529,-6.07459628354335,0.522603854540055,3.76205970193857,2.35124128281858,0.994047870456369
-11.9165630209651,-21.9245891065543,-2.75360108024255,-7.83613983773204,2.9458678827186,-2.71290223753231,-6.08751250050353,0.560855277469219,3.80031120072335,2.39992534097584,1.040247996568
-11.8892405699094,-21.9141568696378,-2.76005910185366,-7.83663661341876,2.92848080401314,-2.70396024156299,-6.1098674913927,0.554397245038393,3.81173697309312,2.42377059391956,1.0511770586316
-11.9006663221627,-21.9086923645803,-2.75459462202443,-7.85203665968562,2.91010017795763,-2.70346346400911,-6.12427404108268,0.561352049202214,3.82664015443359,2.46947399543497,1.07849971381282
-11.8991760066508,-21.9052149522741,-2.74366566237526,-7.85153988399893,2.93642918286172,-2.68458591695494,-6.13420959259194,0.562842364378967,3.8147176093562,2.49133214395262,1.10482881787795
-11.8907308854182,-21.9146536428256,-2.76949774882384,-7.85452053811606,2.94139691963109,-2.68806335983409,-6.14414514410143,0.548435984330549,3.82067888189489,2.47593208475483,1.11675143104455
-11.878311589483,-21.9111762305208,-2.77098806150333,-7.83961726751428,2.93245499343491,-2.70197313134942,-6.14116447864787,0.547442440880309,3.81322729121672,2.50126766598565,1.12917081975403
-11.8718535555978,-21.933034250738,-2.78986535543908,-7.82123656712605,2.94040337227596,-2.71240545998517,-6.17544213134705,0.540487636725162,3.80627247325763,2.49232569613232,1.11476432884115
-11.8703632400857,-21.912666550099,-2.77347191595988,-7.83315918360439,2.93940982492069,-2.69799891092661,-6.20127456527051,0.564829451272124,3.80130474613922,2.54895817187248,1.16245478150847
-11.8708600119228,-21.917634281964,-2.76552358167133,-7.83464951066297,2.93742273021207,-2.69203758028052,-6.2251198888842,0.577248744417312,3.7983241098705,2.55342915680143,1.15400959718139
-11.8798019049967,-21.8987569008847,-2.76055587274124,-7.86693993033138,2.90711953587097,-2.67067614546337,-6.24648132462528,0.597119613434993,3.80577570055091,2.59317124501036,1.18580323227984
-11.7983313237314,-21.9618470956502,-2.80774910761724,-7.83315918367671,2.95282271417428,-2.69203758029336,-6.24747487977573,0.534526375952795,3.78987897377248,2.53256456038074,1.09191265349621
-11.8157183380418,-21.9603567760902,-2.79980077332635,-7.82570754837457,2.97716462436662,-2.69054724763148,-6.24648132462562,0.548435984267947,3.78888542834871,2.53107423207106,1.09986106227269
-11.7893894306703,-21.9782406108181,-2.8241425470997,-7.80037198838063,3.00349362926274,-2.68557947209215,-6.26386853975541,0.534526375942734,3.80478215512666,2.48884826327657,1.07154485599453
-11.7829313967848,-21.9613503224649,-2.81072973297672,-7.81130105348465,2.99405492938704,-2.6806116965491,-6.28224931003504,0.538003778022259,3.8157111547806,2.52262903829775,1.08197714251847
-11.7789572220865,-21.9444600341063,-2.79781368975657,-7.82123656720508,3.01988716060978,-2.68210202921145,-6.30758496636279,0.546945669085568,3.8375691541075,2.56187435046655,1.10880302216383
-11.7640540669588,-21.9389955290545,-2.81569744190182,-7.80136553971811,3.03379682358354,-2.6880633598584,-6.32695929180331,0.549926299436436,3.85594974445306,2.57081632031915,1.12171918642815
-11.7685250134949,-21.9345245703757,-2.81023296208013,-7.79540423148032,3.04075165507233,-2.68905691496633,-6.34683039479148,0.560358505670068,3.85744006258691,2.57777118576034,1.12320951307393
-11.7561057175585,-21.9444600341048,-2.8315941104898,-7.76659124164502,3.05714518644125,-2.69750213338101,-6.36074016689083,0.538997321474196,3.87929806191906,2.53902264971309,1.06757065163745
-11.7491509118375,-21.9235955602633,-2.84103275745709,-7.74572666281437,3.07353871779392,-2.6999860211504,-6.3925339316666,0.511674876565004,3.88873674343851,2.54647429126319,1.0695577538318
-11.7352413003883,-21.932537477619,-2.81867806725652,-7.72287498120848,3.08695160708615,-2.7004827987045,-6.41737281040774,0.476900855797071,3.89519478869758,2.56336467877203,1.05912546731072
-11.7372283877383,-21.92409233345,-2.81470390011333,-7.70697815923284,3.08446773869713,-2.7004827987045,-6.4595989042581,0.480378257874255,3.91109151547601,2.58373249899924,1.08148036698955
-11.7282864946654,-21.9226020138899,-2.82712317244147,-7.69108133724531,3.08744838076375,-2.7059473517976,-6.47599256422902,0.461997704031296,3.91556246988345,2.58174539458647,1.06309967169771
-11.7267961791533,-21.9136600965281,-2.82612963065538,-7.68561680469323,3.12073221719686,-2.70545057424361,-6.50579921870345,0.461500932305575,3.90811087920438,2.60161643871575,1.06856420273138
-11.7163639705666,-21.9409826217979,-2.85494234246412,-7.65531348779865,3.13762252224107,-2.70942479467813,-6.52268965624339,0.471933138547793,3.93294951480835,2.58422927509594,1.06508677388959
-11.7108994803557,-21.9434664877339,-2.87332286550569,-7.63593923603908,3.14656444844217,-2.71836679065024,-6.55348986585522,0.453055812974405,3.92549792412548,2.58075184236952,1.04173832308554
-11.6979834125735,-21.9444600341071,-2.86189713497028,-7.6379263387887,3.14805476947571,-2.71091512734131,-6.58031585489693,0.458520301952155,3.94437528720433,2.59515834936129,1.03229958766097
-11.6577448937296,-21.9931438063295,-2.88921953406392,-7.59669395676014,3.17537732177907,-2.72979267438414,-6.59174173910654,0.426726911542895,3.95133010516405,2.57429375304379,1.00100272811798
-11.6507900880034,-22.0035760432394,-2.89865818102843,-7.59669395676014,3.17239667971088,-2.73525722747441,-6.61658061783227,0.422255966016426,3.95083333245163,2.59565512547232,1.02633828107837
-11.6453255977931,-22.0164921460964,-2.89369047209882,-7.60166171362663,3.19077730579068,-2.73277333970502,-6.61707739540651,0.425733368093696,3.96424619567275,2.61403584130586,1.03627379205248
-11.6517836316809,-22.0050663628078,-2.8996517228214,-7.60563591912526,3.20319664773683,-2.71787001307743,-6.63545816565587,0.441630063294361,3.97120101364687,2.64433918363108,1.05117705851248
-11.62644826796,-22.0105308678587,-2.90461943175027,-7.60861657324669,3.24144822096575,-2.72830234170842,-6.62204517114798,0.439642976393039,3.96772360466278,2.66470700387567,1.05217060960978
-11.6199902340726,-22.0358663003642,-2.91405807871454,-7.60017138656048,3.25088692084664,-2.72631523149289,-6.64589049471899,0.434675259141097,3.97616874076902,2.66719088439165,1.05962224283459
-11.5881968364661,-22.0507694959649,-2.92647735103717,-7.56142288296488,3.2523772418824,-2.7372443376783,-6.65185182560876,0.419772107375235,3.9801429224641,2.6478166163654,1.03677056761071
-11.5727969094994,-22.0612017328756,-2.93243860175108,-7.56589386414905,3.26479658383676,-2.75661866228713,-6.66973581828317,0.381023912788824,3.9801429224641,2.64632628805572,1.0213705256028
-11.5514357204855,-22.086040392218,-2.93790308157102,-7.54105507981339,3.28218366257382,-2.75413477451744,-6.66874226313512,0.372578793459153,3.98809128585928,2.63390688546549,1.00646725914339
-11.5633582445922,-22.1009435878092,-2.94982558299914,-7.54800993943545,3.29609332555945,-2.75413477451744,-6.69556825214227,0.354198239630862,3.98461387686945,2.63092622884579,1.01739632121427
-11.5767710842117,-22.0597114133842,-2.9408837069362,-7.55595835043577,3.30255138338265,-2.74867022142763,-6.70550380362379,0.361153043778552,3.99305901296733,2.65477148178157,1.03776411869023
-11.5678291911333,-22.058717867012,-2.9513158956813,-7.53857120137637,3.32689329362057,-2.73426367236877,-6.72537490658304,0.363636902404244,3.98312355872216,2.65924246671089,1.0506802829543
-11.5469647739595,-22.0696468771149,-2.97218027317742,-7.5072743330961,3.3452739197191,-2.7362507825843,-6.7323297926211,0.360159500326974,3.98560742228282,2.61751327402811,1.02435117888142
-11.5270939004551,-22.0741178357939,-3.00794777747586,-7.48541620284351,3.37259647203074,-2.74121855812786,-6.74226534410048,0.346249892025698,3.98610419499537,2.57479052912171,1.00696403467894
-11.5345454780219,-22.0989564950963,-3.01937350800762,-7.4491515776681,3.35868680902902,-2.74867022143293,-6.78349788274535,0.340288631322921,3.9955428765253,2.53057745592992,0.988583339385299
-11.5052359395961,-22.0949823096075,-3.03477340567668,-7.43971283960266,3.37607388776991,-2.73277333970277,-6.79889798753712,0.333830598897248,4.01292992146348,2.5295839037235,0.993054319321238
-11.5166616918641,-22.0910081241151,-3.03328309299837,-7.43375153135026,3.37706743512715,-2.72532167639507,-6.80088509783333,0.323398392667779,4.02485246655445,2.53753232137339,1.02484795442094
-11.5156681481886,-22.083059753136,-3.0288121549631,-7.39699013047187,3.37955130351905,-2.69551502314423,-6.83367241769654,0.329856425093613,4.02286537570476,2.53405488865116,1.02186730113017
-11.5097068861361,-22.0815694335764,-3.03079923853362,-7.37711910298028,3.38054485087596,-2.69005047004999,-6.86496940483757,0.330353196818789,4.03826532979378,2.53604199306517,1.03428668984574
-11.5196423228888,-22.0557372278774,-3.01440579906815,-7.36619003785878,3.39147387180076,-2.67266325565348,-6.86944040300207,0.343766033394518,4.04571692048716,2.53753232137497,1.03130603655321
-11.5201390947264,-22.0636855988579,-3.02235413334651,-7.34631901035182,3.39594483491049,-2.65626959637656,-6.89328572653838,0.343269261669602,4.06856846524419,2.54299685850944,1.01838987229827
-11.5330551625057,-22.0328856612961,-3.00894131924467,-7.331912515405,3.3949512875532,-2.64931471062091,-6.90322127801089,0.327372566470522,4.0924135554426,2.55044850006017,1.02534472998164
-11.5370293372063,-22.0005954041557,-2.99552850514251,-7.31253826358697,3.38650613501911,-2.63540493910875,-6.93799570816635,0.326379023019985,4.08992969188195,2.582242170669,1.05515126289638
-11.5052359395774,-22.018976012047,-2.99403819246467,-7.26733167594041,3.40091257170919,-2.65179859839519,-6.96035069897764,0.317437131974293,4.0894329191694,2.58323572287526,1.04273187418763
-11.5350422498296,-21.95489227098,-2.96174808442343,-7.2931640116888,3.38998355078679,-2.62596616559438,-6.96432491956561,0.32290162095177,4.08247810119945,2.6344036615204,1.10035783785557
-11.5499454049642,-21.9176342819817,-2.94386433229051,-7.27378975985577,3.39296419285834,-2.61553383695324,-6.97127980559686,0.327372566477013,4.08396841933786,2.65626181007125,1.12966759523294
-11.5444809147495,-21.9022343131909,-2.94535464496883,-7.25689938646396,3.3914738718225,-2.62050161249196,-7.01151878905431,0.33184351200326,4.08992969188657,2.67613285420756,1.13662245291632
-11.5330551624796,-21.8972665813272,-2.95678037550143,-7.23305415342423,3.41134481897001,-2.64136626977144,-7.01449945449386,0.308495240935142,4.08694905561248,2.67961028692978,1.15301604601991
-11.5221261820474,-21.888324663967,-2.94386433228955,-7.19182177131379,3.41978997150595,-2.64981148818928,-7.02592533867649,0.284153426416103,4.07751037407235,2.65030049684001,1.16245478144781
-11.4933134154573,-21.8952794885818,-2.968702876929,-7.14214420250153,3.43419640818967,-2.66372125970749,-7.04430610889823,0.262295470519548,4.06608460167721,2.6438424074982,1.16841608803321
-11.4729457701076,-21.8982601276987,-2.986089858152,-7.12773770754616,3.44065446601679,-2.66322448215347,-7.07808698386126,0.240437514635529,4.05813623827988,2.62099070676237,1.18331935448182
-11.4421459161652,-21.9042214059404,-3.00447038117818,-7.08203434419526,3.45605445006098,-2.66968259035521,-7.11931952242155,0.247392318783566,4.04074919334014,2.61304228910834,1.17487417015225
-11.4133331495758,-21.9196213747373,-3.01837996617285,-7.04825359738899,3.48586087078716,-2.68657302719036,-7.12528085329951,0.231992395306577,4.04671046588635,2.59168091666336,1.16742253692027
-11.4332040230971,-21.8972665813537,-3.02086382063585,-7.05471168134499,3.48784796550393,-2.67614069855483,-7.1461455113684,0.216592471848404,4.05664592014016,2.60410031924507,1.18580323221139
-11.3845203830062,-21.9360148899319,-3.07302476436907,-6.99857602861683,3.5320608229126,-2.68458591697354,-7.18539093963382,0.186289396628558,4.05217496573245,2.5598872460404,1.13165469738177
-11.3636559658161,-21.9529051782869,-3.08892143293245,-6.98267920658543,3.54795758063586,-2.6979989109399,-7.20973304072493,0.176353962129381,4.04124596605392,2.53653876917999,1.09340298013331
-11.3442818641394,-21.9732728789431,-3.11823091558355,-6.96082107629169,3.57875754873485,-2.70743768446063,-7.2291073660656,0.155986321406829,4.03578146621752,2.51517739673413,1.05068028296557
-11.3527269853827,-21.9688019202647,-3.12518570807849,-6.9434339271816,3.58273173816697,-2.69849568848593,-7.25444302228456,0.154496006233198,4.03578146621752,2.52511291880042,1.05266738516066
-11.3611721066261,-21.9837051158627,-3.12816633343581,-6.93747261891736,3.59515108013878,-2.67663747610424,-7.27828834577594,0.148037973814771,4.0323040572304,2.54945494785549,1.02534472998426
-11.362165650302,-21.979234157182,-3.12568247897324,-6.91611126428869,3.58918979599239,-2.67465036588785,-7.29716589355435,0.12717356139043,4.02286537569254,2.57280342471493,1.02186730114261
-11.3278883934689,-21.9891696209014,-3.12965664610782,-6.86196271418764,3.61104783788595,-2.68756658228905,-7.3170369964482,0.0983608013981308,3.99256224027525,2.55889369384296,0.990570441610667
-11.326894849793,-21.9986083114469,-3.13313404235413,-6.85103364902244,3.64035748497413,-2.6865730271812,-7.32498543760707,0.0769996172368843,3.99454933112458,2.53902264971947,0.97765427734736
-11.331862568172,-22.0264276098869,-3.14853394001562,-6.83762070542116,3.66867358470963,-2.69849568846943,-7.35876631254996,0.0466965420427284,3.98560742230608,2.52511291883534,0.931454151358049
-11.3368302865507,-21.9991050846041,-3.14754039823045,-6.8242077618178,3.67115745310591,-2.69700535580685,-7.38360519117616,0.0601093786024039,3.97467842262721,2.55193882843388,0.943376764526984
-11.3328561118466,-21.9842018890066,-3.14605008555423,-6.78098827686249,3.68904130557167,-2.70246990889972,-7.38807618932828,0.0466965420444004,3.97616874076298,2.5574033655671,0.928970273628505
-11.3472624951458,-21.9772470643916,-3.14505654376939,-6.7546591653441,3.70642838434753,-2.6975021333575,-7.42334739698126,0.0253353578879474,3.94636237804,2.56833243983934,0.954802602153599
-11.3134820101471,-22.0030792700702,-3.1718821719212,-6.71640743727034,3.74219608930269,-2.69452146803557,-7.43874750172638,-0.0183805538364949,3.92500115142411,2.52014515788049,0.917544436077744
-11.2946046803064,-22.0045695896298,-3.1783401935215,-6.7005106152131,3.75858962071947,-2.68905691493827,-7.43874750172638,-0.0183805538364949,3.92947210583544,2.51468062074352,0.890718556457109
-11.3105013791122,-21.9827115694154,-3.19274654940901,-6.69156865281328,3.77895734157175,-2.70445701911836,-7.44073461201609,-0.00347740209850578,3.89966574311873,2.51617094905382,0.905125047364629
-11.3239142187342,-21.9573761368718,-3.20069488368816,-6.68163313902443,3.80230570448968,-2.69700535580541,-7.46954771122385,0.0139096082535947,3.89122060701047,2.52113871009069,0.916054109440011
-11.3373270583682,-21.9350213434958,-3.21013353062965,-6.68560734454161,3.79783474137293,-2.70147635378882,-7.47501226451633,0.0432191399702641,3.91208506089839,2.53554521706538,0.917544436083512
-11.3323593399879,-21.9111762305296,-3.2240431156089,-6.67418150368045,3.79386055193445,-2.69203758026223,-7.48196715052785,0.0312966185878988,3.91605924259777,2.5544227089823,0.911086353954328
-11.3114949227915,-21.8873311175836,-3.22950759542144,-6.65530402748504,3.79237023089463,-2.69402469047635,-7.49935436555064,0.0332837054844642,3.90662056107237,2.56137757442335,0.933938029164318
-11.3184497285205,-21.8987569008885,-3.24788811843902,-6.62847814025029,3.80131215712406,-2.68160525161784,-7.50432214127232,0.0213611840976401,3.90214960666037,2.52710002327502,0.92897027367658
-11.3214303595486,-21.8952794885807,-3.24043655505627,-6.63245234576747,3.80031860976439,-2.68359236183313,-7.51674158057876,0.0173870103044101,3.90662056106848,2.53057745599681,0.944370315671808
-11.2921208211065,-21.8883246639632,-3.25533968182379,-6.60960066404308,3.82366697271834,-2.6776310311811,-7.52916101987897,0.00645803237275494,3.92698824225671,2.51716450120885,0.920525089340017
-11.3030498015506,-21.874415014756,-3.22106249029014,-6.59867159886519,3.81869923591477,-2.66074059434981,-7.54307079189703,0.0253353578783626,3.91754956073754,2.5464742912547,0.954305826579807
-11.2906305055976,-21.8689505097037,-3.21212061422764,-6.55843276797412,3.8440346935882,-2.66123737190416,-7.58330977524028,0.00645803235534279,3.90910442462826,2.54001620191262,0.970202644129347
-11.2439339528363,-21.8689505097037,-3.22603019921272,-6.51024552608139,3.8604282250226,-2.66769548010577,-7.62106487070888,-0.0144063800747207,3.90811087920529,2.51815805337087,0.940396111226297
-11.2017083466028,-21.8982601277412,-3.24590103489688,-6.47199379794643,3.88924109845235,-2.67465036586458,-7.65285863530568,-0.0491804007637507,3.90761410649317,2.46500301033003,0.887241127540331
-11.2036954339556,-21.8719311488421,-3.23646238795539,-6.45261954604241,3.89520238260826,-2.66570836989693,-7.65782641102487,-0.0536513462826393,3.89767865225755,2.47891274121039,0.908602476106819
-11.181340701236,-21.8913053031294,-3.23745592973925,-6.39996132285548,3.91358300876856,-2.64683082283258,-7.68067817933209,-0.0640835524863573,3.87433033478736,2.44066098128899,0.904131496172195
-11.1748826673395,-21.9002472204878,-3.22752051189717,-6.36071604333735,3.9190475192485,-2.62546938802207,-7.68912339805221,-0.0839544214430958,3.86439488055591,2.42774480261437,0.885254025345071
-11.1401086386815,-21.879879519809,-3.20665613441647,-6.33090950192156,3.93643459804064,-2.62447583291311,-7.70551705792537,-0.0715351283316659,3.85893038072066,2.44662229454504,0.8941959852237
-11.1420957260334,-21.846595716259,-3.17933373532283,-6.30408361466465,3.93395072964169,-2.5827465183576,-7.74029148794399,-0.0611029221227465,3.83856269953794,2.4719578758191,0.923505742595321
-11.1341473766215,-21.8321892938288,-3.15946289963035,-6.24943828869198,3.92997654020059,-2.55641730796009,-7.77208525251881,-0.0755093021144068,3.84154333581149,2.48537083060706,0.91754443601588
-11.1222248525005,-21.802382902636,-3.14654685642865,-6.1828703461108,3.92798944547954,-2.52661065469935,-7.79940801895583,-0.0769996172865522,3.86340133512724,2.47394498024592,0.900157291842717
-11.103347522644,-21.7740668309756,-3.15449519070662,-6.15356058034707,3.93345395596279,-2.5067395525173,-7.81927912181272,-0.0889221386602981,3.84551751749828,2.47493853245228,0.897176638551419
-11.0993733479383,-21.7487313984226,-3.13611466768859,-6.1252443659827,3.94885394005111,-2.48686845035295,-7.82325334238439,-0.0834576496926313,3.83607883598308,2.50424832254693,0.910092802805102
-11.0879475956551,-21.7184282340101,-3.10730195594017,-6.09692815160006,3.94885394005111,-2.4610360175243,-7.82573723024147,-0.0769996172835425,3.82067888191485,2.50275799423908,0.925492844796103
-11.0725476686683,-21.7189250071972,-3.09686976721022,-6.05072801236563,3.95680231892872,-2.43768747248192,-7.86846010137767,-0.0914059972820262,3.80726601870622,2.49928056151823,0.921518640410277
-11.0795024744047,-21.6945831210381,-3.09239882918245,-6.03483119024315,3.96276360309284,-2.44712624601595,-7.8918086472309,-0.0914059972820262,3.79534347362776,2.51666772511127,0.925989620344902
-11.0660896347699,-21.6593122247668,-3.09985039256446,-6.00999240569665,3.98958938183656,-2.43172614183842,-7.9295637426437,-0.0904124538346598,3.78193061042476,2.52511291885927,0.944370315623763
-11.0293285187249,-21.6622928638919,-3.09985039256446,-5.97571488301143,4.00747323432597,-2.44215847048043,-7.96930594834327,-0.123696159355866,3.75609842940981,2.49282247214482,0.923505742578536
-11.0208833974784,-21.6727251008318,-3.13661143860913,-5.93497927636464,4.03578933409423,-2.4704747910796,-7.98321572033448,-0.138599311081222,3.73424043011964,2.4580481449128,0.869853983347785
-11.0273414313758,-21.659808997954,-3.13164372968295,-5.93845670620388,4.05019577082241,-2.48885556060544,-7.9921577166124,-0.120218757296926,3.70592438554258,2.45705459270602,0.872834636637331
-11.029825290568,-21.6275187407752,-3.14406300199243,-5.95037932280251,4.06509898123559,-2.48388778505838,-7.99712549232438,-0.132141278670078,3.67115029573563,2.48686115887699,0.901150842868302
-11.0243608003446,-21.6220542357131,-3.1321405005743,-5.92106955699414,4.05615705499113,-2.49928788925091,-8.01451270730861,-0.130154191774949,3.65525356897056,2.46798366696321,0.875815289906422
-10.9890899998123,-21.6265251944014,-3.14406300199331,-5.86543067952524,4.07801509694551,-2.48786200549895,-8.03388703258462,-0.174366875197632,3.65177615999263,2.42724802650243,0.840544225998462
-11.0059802423166,-21.5972155763166,-3.12568247895989,-5.83810801648495,4.07950541798624,-2.47991356462299,-8.06120979899298,-0.163437897269791,3.65177615999263,2.47195787577842,0.891215331970413
-10.9925674026777,-21.5798285147597,-3.11177289397824,-5.81227568052058,4.1078215177662,-2.48190067484025,-8.08058412424681,-0.176850733810741,3.64482134203687,2.47742241291141,0.875318514433341
-10.959283689499,-21.5624414531982,-3.10680518505732,-5.76160455991753,4.13216342812349,-2.46799090331512,-8.10144878222118,-0.214605384788079,3.62693752443528,2.46947399526731,0.853460390316009
-10.9453740780208,-21.5450543916317,-3.09339237096771,-5.7183850747302,4.1420989017424,-2.46699734820655,-8.10691333549895,-0.220566645471534,3.61650529750713,2.46003524931386,0.836570021680883
-10.9563030584704,-21.5281641032499,-3.09686976721599,-5.66622362704857,4.15501501744023,-2.44762302358205,-8.10790689064047,-0.222553732366564,3.60955047954845,2.45854492100501,0.80527316214526
-10.9106000493388,-21.534622154686,-3.08643757848039,-5.61604928215778,4.16445371737287,-2.43719069494415,-8.12380377290476,-0.240437514422279,3.60507952515174,2.44811262284528,0.803782835501583
-10.9225225734541,-21.4864351554096,-3.05712809579103,-5.59170727326985,4.14905373328455,-2.4252680336317,-8.13522965703209,-0.217089243374537,3.59812470719285,2.46251912984755,0.831602266220915
-10.9046387872667,-21.4943835264126,-3.05464424132975,-5.55196521791235,4.18283434360003,-2.45457790934446,-8.17993963838656,-0.232489166804301,3.59216343466185,2.44016420521584,0.808253815466773
-10.8738389332654,-21.48196419672,-3.05315392865199,-5.52315222775212,4.22704720118532,-2.43768747248761,-8.19782363092665,-0.244411688172103,3.61600852481519,2.44711907065602,0.813718346495624
-10.8683744430391,-21.4591126300797,-3.06805705541584,-5.52364900344452,4.22655042750424,-2.44017136026024,-8.24452072254351,-0.235966568874225,3.58620216217717,2.44612551845053,0.822163530807144
-10.8504906568579,-21.4417255684824,-3.08892143291196,-5.49483601328727,4.25287943257732,-2.43669391737618,-8.26737249078482,-0.259811611618151,3.56235707203528,2.43271256365894,0.772485975931708
-10.8485035695036,-21.4193707750285,-3.09388914183508,-5.46999722867344,4.25586007466201,-2.4327196969415,-8.26786926835519,-0.253353579210672,3.55192484510713,2.42973190704079,0.769008547096803
-10.827142380433,-21.4298030119673,-3.09836007986396,-5.45062297664289,4.26579554828667,-2.43222291938688,-8.2867468160283,-0.232985938560729,3.546957117999,2.42625447432233,0.761556913879295
-10.820187574692,-21.4293062387794,-3.09488268361705,-5.42429386492945,4.27275037982317,-2.42675836628902,-8.30711469641462,-0.239443970965793,3.52112493706233,2.43122223535,0.744169769707837
-10.8092585942424,-21.4253320532756,-3.10481810146598,-5.40790026705745,4.2797052113566,-2.41980348052256,-8.33394068521771,-0.256334209565548,3.50671852844293,2.41880283277992,0.763544016082473
-10.7784587402309,-21.4332804242709,-3.12369539536453,-5.38157115532974,4.3075245375026,-2.41930670296826,-8.35977311887133,-0.290114686738117,3.48486052918751,2.38849949053227,0.737214912058633
-10.7188461196165,-21.4760029184808,-3.16144998322767,-5.34232587562925,4.36067932134695,-2.44066813781553,-8.39206366093643,-0.34972729361428,3.48287343834265,2.33584122360064,0.699459970375514
-10.703446192615,-21.4422223416949,-3.17635310999079,-5.31699031529599,4.36067932134695,-2.42824869895856,-8.39951532448619,-0.372578792875229,3.46846702973493,2.32888635816393,0.701447072566518
-10.6930139839959,-21.4173836822849,-3.18628852784045,-5.28320956815663,4.37558253179339,-2.43868102760685,-8.40100565719717,-0.382017455619681,3.43816389433764,2.33286056698781,0.689524459414182
-10.6930139839959,-21.4014869402579,-3.15946289965759,-5.25638368074876,4.38651155278022,-2.45209402157459,-8.40895409831303,-0.400398009381069,3.44114453059903,2.32441537324279,0.687040581675207
-10.6612205863193,-21.4049643525787,-3.15747581608746,-5.219622279451,4.3964470264027,-2.46302312777994,-8.43130908895964,-0.408346356956038,3.42077684946335,2.30454432912096,0.65475017105841
-10.6512851495462,-21.387577290985,-3.15747581608746,-5.19975125173685,4.42227925782398,-2.46501023799736,-8.46807062913449,-0.428713997618671,3.39643498665655,2.30255722470906,0.676608295171456
-10.6726463386168,-21.3483322091375,-3.14306946021307,-5.1992544760435,4.42078893677993,-2.44414558069409,-8.48198040109321,-0.431694627958987,3.39295757768175,2.31944761220348,0.685053479484797
-10.651781921386,-21.3438612504463,-3.14555331467521,-5.16249307472295,4.44065988404185,-2.43271969693999,-8.49589017305292,-0.450075181715795,3.40090594104259,2.30951209014918,0.683563152842084
-10.632407819672,-21.3269709620457,-3.14058560575136,-5.12523489768915,4.47543404174926,-2.43271969693999,-8.520232273974,-0.452559040332199,3.40140271375339,2.32441537323404,0.683563152842084
-10.622969154728,-21.2966677976084,-3.14704362734418,-5.10536386994626,4.49331789429436,-2.42924225405961,-8.55053570571918,-0.458520301003769,3.40488012272391,2.33236379086905,0.691511561601116
-10.5767693736865,-21.3125645396152,-3.19075946583426,-5.05369919781341,4.52610495730454,-2.43222291938562,-8.5679229206566,-0.491307234709658,3.37855116905204,2.30851853795708,0.656240497711134
-10.5683242524249,-21.3200161374409,-3.17337248460955,-5.02438943189605,4.53305978884794,-2.42377770095921,-8.59027791128989,-0.488823376095607,3.35172544271243,2.32441537324397,0.658724375450109
-10.569317796103,-21.3195193642523,-3.18827561137487,-4.99806032011394,4.53057592043935,-2.43023580916778,-8.629026561738,-0.488326604372326,3.33185453428529,2.31398307508272,0.65922115099801
-10.5494469225462,-21.3090871272898,-3.20913998885351,-4.97918284376746,4.54100816775114,-2.41781637030901,-8.65485899534361,-0.491307234710413,3.31993198924296,2.31100241846754,0.647795313401863
-10.5494469225462,-21.2986548903256,-3.21063030153113,-4.94440854517788,4.56535007814934,-2.42576481118249,-8.6598267710396,-0.508197473296698,3.32937067074174,2.31696373170236,0.657234048808671
-10.5365308547372,-21.2912032924949,-3.20814644706972,-4.92106008758752,4.57627909914641,-2.41433892743006,-8.68019465137885,-0.513661962251424,3.3154610348682,2.31696373170236,0.619479107170707
-10.5012600541721,-21.2847452410438,-3.21460446866986,-4.87138251818795,4.61254357791991,-2.42725514385804,-8.70702064013017,-0.538500548403391,3.30602235336885,2.29212492656764,0.61053714730961
-10.4744343748582,-21.2544420765528,-3.24242363862494,-4.86144700430547,4.61999518314878,-2.43520358473103,-8.73185951860657,-0.551913384917933,3.29360303561922,2.28218940451747,0.588182247679433
-10.4664860254342,-21.2534485301758,-3.24987520201026,-4.85945990152831,4.61900163578478,-2.44563591337996,-8.72987240832837,-0.574764884174326,3.28863530851184,2.26927322584338,0.559369265896879
-10.4625118507202,-21.2132099019131,-3.22255280294959,-4.84555018209607,4.6224790515595,-2.44961013381464,-8.73881440457263,-0.576751971064453,3.28813853580172,2.26877644974112,0.551420857137847
-10.4699634283114,-21.1655196758523,-3.16790800482218,-4.8197178459776,4.60856938845698,-2.43669391739925,-8.7318595185994,-0.557377873881127,3.27075149094702,2.29113137434539,0.565330572468879
-10.4520796421041,-21.1297520062622,-3.15648227429493,-4.82269850014072,4.61353712527534,-2.44315202560795,-8.7502402886577,-0.555887558712547,3.27075149094702,2.29411203096286,0.554898285966822
-10.4585376760113,-21.1078939859537,-3.12965664610942,-4.82220172444638,4.64930483039215,-2.43321647451713,-8.75123384379645,-0.571287482128494,3.24889349170471,2.2951055831685,0.563840245830724
-10.494305248406,-21.0373521930076,-3.09637299631181,-4.82220172444638,4.64483386725779,-2.41086148455512,-8.75073706622742,-0.549429526305502,3.24144190105761,2.34031220853861,0.62096943386298
-10.4704602001308,-21.0179780386302,-3.09190205827864,-4.81475008902614,4.65725320931035,-2.39446782525068,-8.77607272225856,-0.562345591097122,3.21759681096579,2.33137023868695,0.630408169273304
-10.4327055403558,-21.0125135335525,-3.09388914184779,-4.78444677168575,4.67613060922999,-2.39496460280524,-8.76812428115293,-0.561848819374027,3.22256453806215,2.30553788134738,0.631898495915841
-10.4173056133381,-20.9841974617791,-3.06905059722057,-4.76805317375573,4.67314996713627,-2.38304194148736,-8.77060816899852,-0.57923582966199,3.20368717507959,2.30752498575721,0.646801762352756
-10.4009121426368,-20.9732684516228,-3.05017330332666,-4.74917569736488,4.70345316176541,-2.38552582925962,-8.7894857166208,-0.584203546887308,3.17537113064524,2.2787119718351,0.646801762352756
-10.4247571909038,-20.8922944217228,-3.00645746476014,-4.74222083764319,4.70146606703757,-2.36366761684712,-8.81432459508478,-0.548435982822235,3.15947440391164,2.31398307515393,0.698963194914174
-10.4192927006713,-20.8997460195557,-3.01390902814399,-4.69502714663741,4.72531120379657,-2.37310639037685,-8.82276981375639,-0.559364960714394,3.1247003142403,2.29361525496994,0.668659886543231
-10.40140891445,-20.885339597076,-3.01887673707078,-4.67863354869807,4.75660794579233,-2.37459672304052,-8.86350557442373,-0.587184177176868,3.11724872359388,2.28169262851173,0.672137315377182
-10.3924670213431,-20.8942815144799,-3.03626371830534,-4.63193663342267,4.7859175930485,-2.36515794950414,-8.88089278932883,-0.604571187470029,3.10333908773118,2.2533763906608,0.63835657816189
-10.3785574098492,-20.8704364013871,-3.03377986384192,-4.61753013828098,4.78492404568318,-2.3755902781494,-8.92311888268188,-0.601590557132387,3.11228099650864,2.24642152522221,0.614014576317553
-10.3293769977977,-20.9265717718517,-3.0516636159788,-4.55046541953179,4.82864012971123,-2.38850649457443,-8.95342231437148,-0.638351664639132,3.08992622458745,2.20767298918544,0.552911183905236
-10.3179512454937,-20.9315395037452,-3.04669590705189,-4.52960084033977,4.83758205599437,-2.40589370898788,-8.96931919657138,-0.649280642533197,3.10433263318049,2.1972406910294,0.553407959453245
-10.3080158087045,-20.9181266276385,-3.05861840846268,-4.49631686877973,4.85397558751957,-2.39893882322301,-9.00210651611259,-0.678093402452247,3.08495849751314,2.19823424323425,0.527575630994999
-10.3283834541137,-20.8982557000528,-3.05762486667695,-4.49681364447478,4.85894332434272,-2.42179059074374,-9.0239647291411,-0.664183794223089,3.09141654274159,2.19624713882442,0.527575630994999
-10.3313640851508,-20.8808686384274,-3.05365069953914,-4.47296841111248,4.86440783485504,-2.43570036226369,-9.05327460567867,-0.665177337668004,3.09688104254094,2.21810528731387,0.526085304353689
-10.2792030420471,-20.9280620914791,-3.07650216061983,-4.41832308464025,4.90663359786868,-2.44911335624645,-9.08258448222811,-0.725286716129554,3.0770101341454,2.17687287076321,0.451072196608711
-10.2995706874549,-20.8793783189172,-3.05514101224541,-4.44614252356294,4.90315618208936,-2.43321647451003,-9.14120423526626,-0.716841596849775,3.08346817936456,2.23151824202776,0.513169140030738
-10.3209318765516,-20.8699396283211,-3.06159903384841,-4.44663929925828,4.90216263472358,-2.43122936429178,-9.16753344638696,-0.720318998904855,3.07651336143092,2.25337639053903,0.520123997700071
-10.3348414880503,-20.8172816702148,-3.03179278029428,-4.43819411244104,4.88974329266006,-2.44265524804588,-9.17995288559602,-0.703925532057425,3.08148108852339,2.27225388243592,0.562846694774006
-10.2990739156138,-20.821752628922,-3.04272173993106,-4.38951009429615,4.90166586104745,-2.42278414586052,-9.19435943507339,-0.721809314076591,3.05813277117019,2.26182158428184,0.550427306086923
-10.2816869012366,-20.7939333303056,-3.02583152957998,-4.39348429985818,4.92203358205127,-2.42576481118839,-9.20330143130125,-0.730254433359106,3.06608113451649,2.26380868869245,0.54993053053946
-10.2613192558166,-20.7874752788438,-3.05116684509444,-4.34877448722761,4.94140775567997,-2.43271969695023,-9.23906941620673,-0.750622073963878,3.03478445379585,2.23996343578148,0.496775546957703
-10.2697643770877,-20.7541914751302,-3.01688965351942,-4.34877448722761,4.94885936092363,-2.43768747249678,-9.26589540488393,-0.742673726404162,3.03478445379585,2.23350534645068,0.516646568846325
-10.2538676782327,-20.7318366815711,-3.03030246762258,-4.3209550482848,4.97121417664475,-2.43222291939597,-9.29768916924815,-0.741183411236177,3.02137159063188,2.24145376409098,0.51465946665423
-10.2578418529485,-20.7139528467397,-3.02781861316106,-4.32194859967549,4.97717546084189,-2.42675836629982,-9.30812149817531,-0.739196324346297,3.01093936374377,2.2583441515738,0.538007917378165
-10.2469128724795,-20.6985528778622,-3.04719267797005,-4.32393570245902,4.97916255557438,-2.42477125608062,-9.34239915035885,-0.748138215341621,3.01839095438931,2.24542797290993,0.530556284170589
-10.2210807368384,-20.6806690430119,-3.0630893465299,-4.29065173088607,5.00598833446079,-2.41880992542674,-9.34687014846517,-0.746151128451741,3.01093936375204,2.23350534644154,0.505220731236029
-10.2036937224583,-20.6414239610088,-3.04917976153626,-4.25935486205478,5.02188509231984,-2.40738404166863,-9.37270258198526,-0.740189867785519,3.00795872749566,2.21512463064663,0.484356158233755
-10.1868034799235,-20.6344691363422,-3.05812163760713,-4.25786453496901,5.04423990804034,-2.39645493546917,-9.4015156809218,-0.754596247743069,3.00001036414841,2.22953113763062,0.498265873575694
-10.2290290862685,-20.55995315775,-3.01589611170497,-4.29214205796142,5.0268528291447,-2.38602260681526,-9.42188356120041,-0.732738291939687,3.00448131853265,2.28318295675734,0.570795103594279
-10.1997195477288,-20.570385394736,-3.04421205257965,-4.26332906761811,5.03678830281346,-2.41533248251952,-9.45963865634246,-0.74565435671779,2.97616527412887,2.25436994281965,0.553904734986303
-10.1783583586179,-20.5639273432719,-3.03328309294987,-4.2459419182337,5.0626205343508,-2.404900153876,-9.46261932174848,-0.751118845656995,2.96722336536241,2.24691830128985,0.539498244128204
-10.1634552034324,-20.5539918794654,-3.04172819812593,-4.22756121749674,5.08348502904944,-2.43868102756519,-9.48149686931546,-0.765525225606648,2.94884277513484,2.25933770385062,0.539995019675619
-10.1346424367405,-20.5624370237019,-3.0596119502496,-4.19328369445827,5.1202462816289,-2.44315202555685,-9.49391630850707,-0.79185412689132,2.93642345740011,2.22903436161116,0.495285220394672
-10.1296747183457,-20.5534951062798,-3.0596119502496,-4.17142556385131,5.14260109738576,-2.4366939173507,-9.52571007282434,-0.794337985503639,2.94685568428821,2.23598922704874,0.481872280614463
-10.0958942332394,-20.5375983641995,-3.05464424132599,-4.14410290055978,5.1714139710315,-2.43868102756989,-9.53812951200738,-0.796821844112739,2.9230105942343,2.21512463076032,0.487833587180348
-10.0645976073427,-20.5251790344323,-3.04917976150996,-4.12572219981569,5.17787202891753,-2.45159724398475,-9.53465206903588,-0.812718539226231,2.91456545818279,2.20220845209295,0.503730404704956
-10.0541653987107,-20.5182242097649,-3.03527017650672,-4.09889631220546,5.19327201310686,-2.46501023796112,-9.53713595687266,-0.826628147444645,2.91903641256756,2.20369878040012,0.491807791568511
-10.0457202774405,-20.494875869794,-3.02533475864996,-4.07852850868824,5.20469780781916,-2.46650057062497,-9.5560135044302,-0.824144288832017,2.89916550421612,2.20518910870931,0.49379489376084
-9.98759797222375,-20.5316370859364,-3.04868299063032,-4.0228896307566,5.24990421298271,-2.48239745238149,-9.56992327631636,-0.872827917634069,2.90463000402071,2.13862111092194,0.429214072501286
-9.99256569062194,-20.4938823234836,-3.03825080189163,-4.00848313556876,5.25834936560546,-2.47991356461134,-9.58631693602782,-0.877795634854189,2.91903641257097,2.14259531973886,0.454052849869852
-10.0039914429386,-20.439734045736,-3.01341225725646,-4.02587028495317,5.2563622708705,-2.49233300347216,-9.61662036763154,-0.865376341808377,2.92201704882592,2.17488576638477,0.506214282325952
-10.0129333360506,-20.421850210871,-3.0183799661819,-4.01146378976867,5.26729129191276,-2.47097156864482,-9.63549791518144,-0.877298863138149,2.90810741299159,2.16395669213095,0.4962787713795
-9.99952049637611,-20.393037365813,-2.99304465066869,-4.00401215431744,5.25089776034779,-2.47345545641761,-9.66282068137696,-0.868853743861947,2.90214614048222,2.18680839283255,0.524594977581608
-9.97766253543105,-20.3716761186208,-2.97118673139404,-3.98662500495325,5.25735581823827,-2.46302312777321,-9.68120145135079,-0.896672960298775,2.88724295921551,2.17339543806189,0.533536937434292
-9.99355923430842,-20.3299471705959,-2.94088370693353,-3.9891088834359,5.26679451823569,-2.47047479109373,-9.70057577646156,-0.897169732020558,2.89668164069108,2.20121489978384,0.547943428307637
-9.99157214694901,-20.3135536552907,-2.92299995479797,-3.97420561254942,5.27822031296279,-2.47345545641924,-9.73336309588409,-0.891208471354483,2.88823650464387,2.18730516891911,0.537014366258398
-9.96673355495643,-20.3016310987121,-2.93541922712274,-3.96774752848951,5.28517514453648,-2.46302312777161,-9.76018908450252,-0.885247210690638,2.87681073232963,2.18978904943126,0.556885388155588
-9.93941110377493,-20.3190181603954,-2.94783849944293,-3.94042486520081,5.32094284976964,-2.47295867886161,-9.78751185067398,-0.910582568524924,2.87383009607897,2.16495024429034,0.545459550551825
-9.92748857961674,-20.3080891501984,-2.94783849944293,-3.91310220187185,5.33584606028797,-2.47047479108785,-9.82029917008324,-0.916543829186395,2.85445596041626,2.15153728953475,0.560362816981729
-9.9101015652202,-20.3190181603899,-2.95479329193598,-3.89571505249283,5.36763957607971,-2.46699734820919,-9.82824761115082,-0.928963122231279,2.83458505207435,2.12669848443982,0.538007917348924
-9.87830816746081,-20.3393858612124,-2.96870287693545,-3.85398589394381,5.40340728134246,-2.44265524803592,-9.83917671762005,-0.951317849708171,2.8311076431103,2.08944027677534,0.51962722209024
-9.85098571627859,-20.3373987684486,-2.97267704407493,-3.82219224936051,5.42228468134016,-2.44265524803592,-9.86997692674376,-0.964730686195644,2.83508182477606,2.07751765032233,0.544962775011392
-9.84452768235953,-20.3418697271674,-2.95280620835602,-3.79785024019968,5.44960723395673,-2.45805535222143,-9.87693181267873,-0.976156435803769,2.81819155267784,2.05963371064096,0.557382163706508
-9.8465147697187,-20.3195149335681,-2.94436110317538,-3.78245019360684,5.47047172869563,-2.46103601754886,-9.89481580507016,-0.969698403420108,2.82017864351262,2.04373687536698,0.587685472119621
-9.81968909035922,-20.3354116756838,-2.95529006282212,-3.74072103505566,5.48040720238247,-2.46252635021269,-9.91170624233154,-0.982614468182122,2.81223028016442,2.03032392060414,0.594143554237917
-9.81174074092053,-20.3284568510045,-2.95379975014345,-3.72730809124795,5.50872330238956,-2.45110046646286,-9.92859667958971,-1.00993691288699,2.81272705287296,2.01194320483102,0.602588738548278
-9.81968909035996,-20.294179500799,-2.95181266657199,-3.71886290439711,5.524123286598,-2.4456359133599,-9.94548711685029,-1.03129809692419,2.79881741702278,1.99058183243494,0.610040371763741
-9.79981821676087,-20.2787795318804,-2.94585141585926,-3.68408860560986,5.5400200445022,-2.44414558069666,-9.9544291130441,-1.04620124857638,2.80577223494182,1.95282684867022,0.583214492192544
-9.80180530412083,-20.2757988927347,-2.94982558300216,-3.6532885123561,5.56585227609652,-2.44861657868925,-9.97330666055939,-1.04967865062808,2.80428191681486,1.95531072917995,0.57924028781038
-9.80627625068072,-20.231586078739,-2.94634818675593,-3.64434654981219,5.57231033399857,-2.4431520255932,-10.006590757497,-1.05017542234972,2.80130128056563,1.99008505632008,0.615504902780215
-9.81223751276266,-20.1992958213272,-2.93740631068595,-3.64335299841706,5.58373612875025,-2.4520940215781,-10.0388812993045,-1.04769156374241,2.80477868952969,1.99356248903298,0.638853353516507
-9.79186986732292,-20.1963151821811,-2.91356130783736,-3.62994005459271,5.60559417087756,-2.44364880315273,-10.0572620692438,-1.06706566087506,2.80378514411316,1.99008505631864,0.644317884542036
-9.79385695468275,-20.1809152132564,-2.91505162051695,-3.6185142135474,5.61950383404373,-2.4178163703198,-10.0930300540156,-1.08395589941421,2.80080450786232,1.9950528173399,0.634879149133193
-9.79832790124049,-20.1729668421925,-2.91852901676823,-3.5762882792779,5.62943930773742,-2.42576481119115,-10.1193592650084,-1.09885905106565,2.7958367807758,1.98859472801286,0.607556494005009
-9.81323105644258,-20.138192718797,-2.91107745337337,-3.55790757845876,5.63092962879092,-2.41086148454873,-10.1302883714643,-1.07650432358765,2.80825609850904,1.99902702616109,0.601098411886713
-9.80925688172261,-20.1570701000633,-2.91505162051627,-3.51270099000086,5.65030380250562,-2.42427447851537,-10.1586046927194,-1.09687196416147,2.79782387163282,2.02187872685413,0.571291879039175
-9.78690214891992,-20.189360357505,-2.93194183086735,-3.47544281267343,5.68259409201767,-2.43570036227467,-10.1700305767409,-1.12816858259326,2.79086905371211,2.02038839854814,0.52707885532616
-9.79783112940072,-20.1804184400625,-2.93293537265293,-3.48090734534417,5.69302633939992,-2.44762302357797,-10.2117598922613,-1.12667826742854,2.76702396371612,2.07354344149718,0.549433754966852
-9.78839246443997,-20.1689926566662,-2.92896120551003,-3.47693313975944,5.69302633939992,-2.45308757667889,-10.2405729910675,-1.15300716865746,2.75112723703687,2.10384678373664,0.528569181970713
-9.79087632363967,-20.1694894298577,-2.91703870408985,-3.4466298222186,5.70991664469316,-2.46004246243728,-10.2505085423819,-1.15698134243009,2.75460464599436,2.09738869440678,0.50422718013592
-9.75957969769884,-20.1913474502656,-2.93492245622585,-3.39645547669781,5.74270370793386,-2.47892000950554,-10.28776685979,-1.18678764569735,2.75261755515767,2.09093060508324,0.455046400950495
-9.74318622697099,-20.1878700379278,-2.95479329193497,-3.37310701890716,5.74816821846983,-2.49928788923223,-10.300186298929,-1.18529733053397,2.74466919182758,2.09540159000177,0.417788234890707
-9.73076693097032,-20.1729668421822,-2.95280620836215,-3.37062314041815,5.75561982374184,-2.51369443831556,-10.3086315175467,-1.21063268831587,2.75857882766942,2.10782099255944,0.407355948390287
-9.70543156713603,-20.1694894298406,-2.96969641871698,-3.37757800018657,5.77549077114565,-2.5241267669552,-10.3160831810292,-1.20814882970807,2.74069501017028,2.12570493223858,0.393446233063617
-9.69251549929456,-20.1774378009081,-2.99453496335582,-3.36267472923922,5.80579396592685,-2.54449464669751,-10.3439027247095,-1.24292285021859,2.71635314742187,2.11278875357954,0.383013946568308
-9.69301227113458,-20.1560765536843,-3.018876737089,-3.36019085074944,5.81771653437703,-2.5529398651171,-10.3786771542685,-1.23398095923752,2.70542414784431,2.11875006680741,0.380033293285482
-9.68357360616943,-20.1128572860191,-3.02483798779777,-3.35870052365484,5.82069717648875,-2.57281096729421,-10.403019254989,-1.22404552482005,2.7113854203476,2.13663400648543,0.389968804225509
-9.67463171304901,-20.1029218221892,-3.04172819814511,-3.32839720609755,5.83758748178711,-2.5812561857138,-10.405503142815,-1.23050355719969,2.70641769326942,2.10384678371783,0.376059088891205
-9.67065753832798,-20.0850379872939,-3.0357669474293,-3.31945524352891,5.85199391865388,-2.58423685104105,-10.4144451389881,-1.22354875310486,2.70840478410349,2.09490481387268,0.38351072210214
-9.66370273256839,-20.0691412451581,-3.04272173992526,-3.30802940247651,5.85845197656431,-2.56188186109619,-10.4382904621233,-1.24590348056115,2.69101773932335,2.10682744032916,0.36463325130758
-9.69052841194784,-20.0269155238928,-3.00397361027721,-3.32144234634143,5.85000682390569,-2.54896564468267,-10.4328259089077,-1.22801969860614,2.6840629213968,2.144085647989,0.387484926472777
-9.6949993585107,-19.9985994519757,-2.99850913045915,-3.3065390753964,5.87434873449517,-2.55790764065478,-10.4651164506344,-1.24689702400075,2.68654678493704,2.13166624543959,0.376555864438961
-9.67810911594316,-20.0065478230415,-3.02483798778314,-3.27971318769464,5.90514870298551,-2.55194631000065,-10.4849875532509,-1.24987765432591,2.66617910388689,2.11278875355449,0.356188066998134
-9.67214785386201,-19.9856833489788,-3.03328309295525,-3.24444211312883,5.91756804512402,-2.5593979733119,-10.5068457661176,-1.25832277359118,2.66617910388689,2.09887902269178,0.369104231229789
-9.65873501417576,-19.9871736685536,-3.03129600938527,-3.2350033748562,5.94041963466488,-2.5593979733119,-10.5450976386174,-1.28067750103021,2.668662967431,2.09043382895696,0.384504273200564
-9.65476083945541,-19.9658124213055,-3.00993486100875,-3.22308075810079,5.94737446626446,-2.54449464668709,-10.5515557469577,-1.28713553340582,2.68704355763377,2.0641046955451,0.41331725494923
-9.65476083945541,-19.9533930914983,-2.97019318958366,-3.20320973016174,5.9697292821181,-2.53306876293726,-10.58533662138,-1.2906129354525,2.69201128472148,2.04671753196907,0.431201174651093
-9.63886414056938,-19.9365028029754,-2.94485787405734,-3.20271295446369,5.97618734003048,-2.52213965674664,-10.6022270585887,-1.3214127821574,2.69697901179966,2.03727878602917,0.437659256769641
-9.62495452904244,-19.9151415557171,-2.95727714637998,-3.20320973016205,6.00748408222903,-2.52959132006314,-10.622098161182,-1.34078687927267,2.69002419388145,2.04274332315636,0.45504640093701
-9.63439319400156,-19.8937803084509,-2.93690953977788,-3.21314524412104,5.9990389295774,-2.53604942827157,-10.6449499291611,-1.34128365099364,2.70443060241227,2.05665305402978,0.512175588911029
-9.66370273256081,-19.841122350034,-2.92051610028899,-3.23202272065581,5.97519379268033,-2.51866221385776,-10.6598532561096,-1.32737404279532,2.69548869365386,2.09440803785105,0.587685472212128
-9.67115431016438,-19.8257223810787,-2.93243860170829,-3.23202272065581,5.99307764537928,-2.50673955256088,-10.6782340259933,-1.31892892354205,2.68754033032639,2.10533711209418,0.634879149210093
-9.67661880040765,-19.7899547112561,-2.92995474724523,-3.22755173936855,6.00549698752738,-2.51468799343272,-10.7025761266727,-1.3000515981418,2.6820758305367,2.12322105177444,0.663692130960453
-9.65575438311612,-19.7929353504093,-2.91356130779026,-3.22556463657418,6.0204001981049,-2.50425566479633,-10.7125116779682,-1.32240632559141,2.67363069450215,2.10931132091983,0.675117968555481
-9.63339965029501,-19.7820063401915,-2.89915495190203,-3.2032097301205,6.04623242979469,-2.5216428791968,-10.7130084555327,-1.3402901075246,2.66717264928822,2.09043382905279,0.656737273301121
-9.62594807269322,-19.7651160516526,-2.88325828332808,-3.21165491698968,6.04821952453792,-2.5216428791968,-10.7353634459259,-1.33780624891884,2.65574687699762,2.11775651466943,0.679092172956274
-9.63141256293649,-19.7492193094873,-2.8867356795809,-3.20668716000171,6.06063886669083,-2.50872666277739,-10.7512603279881,-1.34575459645183,2.64581142282369,2.13663400655257,0.708898705820755
-9.62296744165053,-19.7367999796814,-2.9056129735055,-3.17141608540672,6.07305820883653,-2.52015254652201,-10.76666043249,-1.36661900870877,2.65077914990336,2.11378230587142,0.690518010564593
-9.6736381693309,-19.6617872274888,-2.84301984092155,-3.1917838890287,6.04027114558227,-2.47593934414355,-10.7805702042941,-1.30303222836252,2.65624364969599,2.16495024448674,0.781924711526439
-9.63936091236268,-19.6394324338121,-2.84351661181453,-3.16098379573911,6.08050981413436,-2.48736522789267,-10.810873635706,-1.314954749662,2.65624364969599,2.14011143936132,0.77795050714147
-9.63141256292516,-19.6210518256507,-2.84351661181453,-3.12670627254382,6.09491625100589,-2.48537811767315,-10.8272672953371,-1.30949026072429,2.65475333157005,2.14955018532597,0.798815080198564
-9.63190933476534,-19.5887615681228,-2.81818129629008,-3.12471916975027,6.09193560888817,-2.48537811767315,-10.8352157363628,-1.31346443449098,2.652269468031,2.17190510992978,0.823157082052922
-9.61402554851166,-19.5743551455361,-2.81321358736304,-3.10236426329833,6.09590979837737,-2.46997801348157,-10.8655191677812,-1.33830302054023,2.67710810345317,2.16942122941783,0.853460390480888
-9.61054814562861,-19.5415681148246,-2.81470390004132,-3.09540940351643,6.09789689312197,-2.47693289923967,-10.9032742626609,-1.33383207505231,2.66568233117799,2.20568588487717,0.871344310205186
-9.64234154341463,-19.4754972801906,-2.77744608304129,-3.10087393620751,6.05318726137461,-2.43669391732225,-10.9320873613801,-1.29508388084347,2.65226946804941,2.27821519581623,0.954802602278096
-9.62892870372766,-19.4422134762605,-2.77247837410936,-3.07156416999856,6.06163241403579,-2.43023580911529,-10.9405325799668,-1.32389664065127,2.62941792349184,2.2881507178664,0.967718766532285
-9.60458688354693,-19.4307876928209,-2.78489764643597,-3.04920926353679,6.06510982984014,-2.43619713977127,-10.9564294620169,-1.32687727097532,2.62246310557363,2.26778289767733,0.974673624205709
-9.59912239330206,-19.40048452806,-2.76651712340436,-3.03778342245692,6.09342592996437,-2.43371325200116,-11.0001458876379,-1.29657419602354,2.60706315163151,2.2896410461545,1.0159059946638
-9.55391615586504,-19.4134006311079,-2.80278139865525,-3.00102202078204,6.12372912478819,-2.468487680845,-11.0229976555816,-1.34178042269679,2.60855346975708,2.2543699428254,0.971692970787805
-9.556896786907,-19.3960135693409,-2.80427171133411,-2.98760907691469,6.1192581616113,-2.44513913578664,-11.0488300888817,-1.34774168334386,2.59116642498007,2.28169262846478,0.994544646009892
-9.53205819490385,-19.3855813322684,-2.82414254707651,-2.97568646013678,6.14906458276141,-2.44712624600617,-11.077643187596,-1.37754798662225,2.58669547060307,2.25983447992075,0.958776806493967
-9.53702591330534,-19.3577620334306,-2.80427171134879,-2.98363487130972,6.14509039327188,-2.44464235823524,-11.1153982824272,-1.37009641080906,2.5797406526957,2.28914426998857,0.959273582042258
-9.51417440863539,-19.3781297343258,-2.81967160901862,-2.94886057233277,6.18731615664882,-2.45706179710018,-11.1253338337024,-1.4028833443467,2.56185683518798,2.262318360476,0.917544436019714
-9.5082131465494,-19.3686910436558,-2.80178785687204,-2.92352501167741,6.20569678304677,-2.4515972440047,-11.1402371606098,-1.42474130005588,2.5643406987254,2.25784737555338,0.925989620338353
-9.54348394718661,-19.3175234046442,-2.7898653554175,-2.93594440415135,6.21513548307308,-2.41284859468702,-11.1700438144153,-1.39642531193259,2.56980519851721,2.33186701502662,0.979144604123357
-9.48238101077393,-19.3552781673066,-2.83656181932932,-2.86540225478716,6.27872251500206,-2.4426552479354,-11.1794825881259,-1.4366638212497,2.57775356183801,2.25089251043819,0.879789494645185
-9.49231644758431,-19.3244782293044,-2.81818129628322,-2.86391192768878,6.30356119933835,-2.43073258662196,-11.1899149169647,-1.44560571221919,2.58023742537989,2.28616361370344,0.87929271909702
-9.46449722450711,-19.3249750024976,-2.82662640146199,-2.83261505860912,6.32144505207134,-2.41582925999592,-11.1988569131032,-1.48435390641162,2.58123097079508,2.27722164386945,0.852963615061825
-9.44164571984781,-19.3393814251174,-2.83656181932756,-2.79982786246138,6.35174824694615,-2.39893882313522,-11.2132634624462,-1.53154721986229,2.5598697443413,2.23251179465393,0.817692551126203
-9.45555533137382,-19.286723466525,-2.79781368964133,-2.81224725493147,6.36416758910693,-2.41334537221646,-11.2038246887441,-1.50422477521527,2.56334715329524,2.25089251046529,0.855944268391916
-9.45058761297121,-19.2842396005545,-2.77992993747405,-2.80628594653974,6.36367081542069,-2.41086148444203,-11.2222054585928,-1.509192492424,2.53403756352036,2.25138928656834,0.870350759301978
-9.35520741954717,-19.3537878475717,-2.83109733943322,-2.73325991876462,6.43520622636645,-2.43321647437113,-11.2162441278346,-1.58321147871159,2.50770861004034,2.15253084224629,0.797821529354484
-9.36663317188389,-19.3026202086955,-2.82563285961624,-2.7576019280551,6.4098707683284,-2.41384214973901,-11.2584702207012,-1.5608567513054,2.50522474649913,2.20171167637569,0.843028104215343
-9.32043339068522,-19.3110653529793,-2.84947786247482,-2.73773090006673,6.45209653174612,-2.42824869880622,-11.2798316559166,-1.57526313119154,2.50721183732933,2.15551149889095,0.803286060387465
-9.19077594029165,-19.4054522597854,-2.93094828894041,-2.64930482547731,6.53605128482943,-2.51270088313601,-11.2843026539838,-1.68852708344355,2.47939256568068,1.9781624302013,0.645311436007445
-9.23548540596928,-19.3359040127167,-2.87878734520204,-2.71537599355146,6.51866420576404,-2.48885556054027,-11.3101350872752,-1.64530794380342,2.4634958390429,2.05665305427679,0.743176218840567
-9.27174975030473,-19.2708267241909,-2.84053598637671,-2.74319543270208,6.49531584248696,-2.48289422988133,-11.3459030718257,-1.61351455367147,2.45405715758573,2.12322105213066,0.81669900007496
-9.26727880373682,-19.234562281053,-2.84103275726947,-2.75660837659961,6.5037609951726,-2.48041034210942,-11.3652773967793,-1.61301778195154,2.45008297592533,2.14507920061965,0.851473288429125
-9.33782040503141,-19.1540850235177,-2.79234920968139,-2.79734398392626,6.46749651606612,-2.45755857457305,-11.3995550486244,-1.5385020238205,2.47144420237911,2.25238283887758,0.9617574603348
-9.2772142404873,-19.2067429821101,-2.85891650935285,-2.75760192799371,6.49829648466182,-2.46302312767056,-11.4422779190313,-1.59513399995637,2.45207006678786,2.20320200471134,0.898666965654749
-9.22952414378861,-19.2415171056674,-2.90412266063396,-2.7123953392962,6.54797385335359,-2.465507015445,-11.4646329093661,-1.63835313962016,2.4664764753148,2.16693734921578,0.859421697332785
-9.25684659505477,-19.205252662612,-2.91703870382644,-2.68855010567685,6.54896740072984,-2.4481198010575,-11.4919556753276,-1.63239187898972,2.4783990202817,2.18482128886182,0.876808841479366
-9.27820778419665,-19.1630269411043,-2.86040682199965,-2.68755655427784,6.54946417441652,-2.45110046638654,-11.4869878997006,-1.6269273900644,2.47293452049234,2.20022134805448,0.935925131803743
-9.26827234737226,-19.1670011266483,-2.87232932341837,-2.65973711505959,6.55641900604776,-2.44315202552294,-11.5073557797694,-1.66418526903204,2.45654102115032,2.15998248386638,0.896679863584867
-9.33434300222676,-19.0646658487212,-2.80725233645097,-2.70593725520484,6.53704483222456,-2.39893882317564,-11.5202719964025,-1.61351455363037,2.45654102115032,2.24691830168689,1.00547370857116
-9.28714967734325,-19.0944722403536,-2.83209088110511,-2.65377580674414,6.55790932710504,-2.40639048648936,-11.546104429662,-1.6577272367094,2.45703779385752,2.19575036317803,0.982125257810155
-9.20071137708836,-19.1848849617559,-2.88872276297654,-2.56684005926466,6.60559960106493,-2.42775192134371,-11.548091539913,-1.73770748366349,2.43766365825175,2.09738869477289,0.896679863422724
-9.193756571315,-19.1530914773034,-2.86438098921698,-2.5757820218578,6.59318025888153,-2.42328092335363,-11.5540528706643,-1.72975913614277,2.41630243184343,2.11477585835797,0.924996069689228
-9.08247967907131,-19.2286010029021,-2.92846443448703,-2.47791720898849,6.66719953823125,-2.47196512373096,-11.5530593155392,-1.81570064382929,2.3805347968666,2.00101413077583,0.806266713468225
-9.06707975199934,-19.218665539028,-2.90163880628765,-2.43966548007576,6.67912210673405,-2.48339100747629,-11.5495818726024,-1.80973938319098,2.39096702372061,1.97567854957821,0.811234468949145
-9.04273793178591,-19.1903494669933,-2.89021307575364,-2.4178073492388,6.69253499630433,-2.49481689123536,-11.5769046385346,-1.81967481758321,2.36612838833716,1.96375592312595,0.815208673333413
-9.0278347765523,-19.1764398175836,-2.87580671988457,-2.39545244269377,6.69750273318639,-2.48388778504247,-11.5962789634675,-1.80377812255999,2.3606638885596,1.97269789295398,0.822163530995384
-9.00200264084429,-19.1724656320251,-2.88027765792931,-2.38750403149987,6.72134787016305,-2.48637167281639,-11.6111822903447,-1.81868127417098,2.36265097939189,1.97518177346986,0.812724795556185
-9.03329926683216,-19.1108657559978,-2.85245848794134,-2.39743954551101,6.70346401740243,-2.46898445841808,-11.6176403986551,-1.77943630832311,2.34973488901262,2.07602732211858,0.910589578443018
-8.96077057803824,-19.1704785393241,-2.89965172278596,-2.33434903152147,6.73575430711935,-2.48736522794315,-11.6240985069686,-1.81818450246537,2.34178652569302,1.99853025021756,0.843028103876017
-8.99057688849792,-19.1208012199105,-2.88574213778341,-2.32441351751289,6.74072204399922,-2.46699734821351,-11.6196275089068,-1.79930717711777,2.33085752613806,2.03827233837028,0.8619055747024
-8.9806414516742,-19.0855303231515,-2.89021307581911,-2.32391674181188,6.75264461250893,-2.47444901153031,-11.6439696094664,-1.79433945992499,2.33532848050661,2.01989162260213,0.859918472510773
-8.99951878162747,-19.0929819210749,-2.86934869828753,-2.29957473252077,6.77549620213299,-2.45507468689698,-11.6668213773307,-1.80427489432539,2.34079298028286,2.048704636571,0.875318514528652
-9.02386060183411,-19.0343626841234,-2.83606504844402,-2.31298767644606,6.7720187863178,-2.43768747248786,-11.6941441432552,-1.78887497100995,2.34526393465074,2.10782099275781,0.925989620462844
-9.01342839316884,-18.9976014677436,-2.81321358735714,-2.31348445214671,6.77599297582049,-2.40639048656377,-11.7060668047505,-1.79632654680756,2.33135429884685,2.14507920041067,0.962254235503066
-8.99206720398887,-18.9926337358033,-2.82761994324678,-2.29361342409152,6.78940586540076,-2.41036470700042,-11.6916602554452,-1.82116513276651,2.33284461696881,2.13166624565898,0.946357417969733
-8.99256397583009,-18.9777305399958,-2.79234920986874,-2.2941101997928,6.80430907605517,-2.41930670297679,-11.7030861393715,-1.85246175108141,2.33433493508978,2.12073717142517,0.959273582204172
-8.96623506826315,-18.9956143750027,-2.8291102559768,-2.23946487274564,6.8341154973204,-2.41831314786726,-11.716499133552,-1.86339072892239,2.29856730014512,2.07304666556552,0.920525089385374
-8.92947395202073,-19.0005821069479,-2.8256328597256,-2.22654870453015,6.87981867663285,-2.42824869895355,-11.7418347892117,-1.90859695539863,2.30403179991973,2.01393030940945,0.890221780938396
-8.9712027866865,-18.9310338597154,-2.77645254130616,-2.26032945220387,6.86839288180332,-2.41980348052486,-11.7656801121984,-1.87133907641707,2.29409634577558,2.08894350079692,0.954305826662993
-8.93692552965582,-18.9518983338851,-2.79582660612852,-2.23648421856232,6.89372833991197,-2.44861657867392,-11.7989642088581,-1.91853238975259,2.28714152788073,2.06211759128659,0.940396111315873
-8.92848040835357,-18.9330209524939,-2.78092347933897,-2.23052291014915,6.90714122949483,-2.4292422540454,-11.8163514235262,-1.90959049880247,2.28217380080463,2.09192415740422,0.974176848594737
-8.85148077295788,-18.9682918492912,-2.8246393179518,-2.17587758305675,6.94837344562903,-2.47047479106677,-11.8421838567341,-1.9498290080735,2.28763830058268,1.9970399218794,0.87929271889149
-8.78193271518252,-19.0189627151414,-2.88425182509531,-2.12321935870369,7.00748951457858,-2.50624277498039,-11.8491387426,-2.01788673360357,2.26925771041133,1.89023305996786,0.793847324629717
-8.76404892889243,-19.0358530037572,-2.8926969302826,-2.10533543347206,7.05368946761172,-2.51965576895287,-11.8749711758165,-2.0625961883308,2.26329643792752,1.8644007026557,0.755098831848914
-8.78739720543735,-19.0234336739007,-2.86636807295927,-2.10483865777042,7.06014752556134,-2.52064932406193,-11.9167004910184,-2.065080046925,2.24292875693904,1.8644007026557,0.770995649382246
-8.76057152600222,-18.9851821379405,-2.88375505420967,-2.10483865777042,7.06610880982656,-2.52661065471098,-11.9330941505539,-2.04222854784276,2.22057398513849,1.87880720960132,0.778944058145173
-8.73275230289244,-18.9548789730577,-2.85593588418812,-2.08198697550459,7.08945717318546,-2.52462354449179,-11.9425329242313,-2.05663492771491,2.21709657618966,1.87682010519256,0.763544016143905
-8.74864900181253,-18.9260661277573,-2.84301984096415,-2.05814174185317,7.09194104162967,-2.51766865873182,-11.9559459183917,-2.0293124831536,2.2081546674685,1.91109765622321,0.784408589169085
-8.7208297787072,-18.9360015916635,-2.87978088706677,-2.0119416016374,7.11926359449496,-2.52213965672385,-12.0011526764792,-2.09737020870739,2.20914821288265,1.89569759704497,0.749137525223089
-8.7079137108324,-18.9280532205539,-2.84947786259282,-2.01045127453382,7.12373455769431,-2.49630722390216,-12.0170495584472,-2.08892508948713,2.20318694040366,1.9031492385726,0.759073036184538
-8.69400409927158,-18.9290467669434,-2.85494234241694,-1.99058024647658,7.16148935805528,-2.5141912158675,-12.0269851096796,-2.11922816435743,2.18033539587281,1.8812910900827,0.734731034317294
-8.76007475416917,-18.8510533753453,-2.82265223435979,-2.01641258293963,7.15105711059072,-2.47693289928502,-12.0423852140768,-2.085447687444,2.15947094218448,1.95083974435718,0.83011193956966
-8.80975193830765,-18.7646148394008,-2.7436656623567,-2.05764496617175,7.11479263129612,-2.43619713982361,-12.0557982082404,-2.01937704879401,2.14357421556623,2.06112403899016,0.938409009089819
-8.80130681700102,-18.7382858600812,-2.76154941450636,-2.05466431196486,7.11479263129612,-2.42526803362439,-12.0697079799591,-2.01540287504454,2.12569039812767,2.05864015848085,0.944867091215838
-8.76355215704874,-18.7069891488063,-2.75409785110672,-2.04820622784233,7.13565712622612,-2.41582926008664,-12.087095194602,-2.01291901645034,2.1361226249723,2.07702087425358,0.95380905108272
-8.77249405019592,-18.6831440354411,-2.7292593064587,-2.04522557363444,7.14211518418233,-2.40490015389557,-12.1000114111967,-2.02086736396017,2.13214844332203,2.07503376984677,0.983118808417559
-8.79931972962356,-18.6682408395791,-2.72131097215978,-2.06708370449797,7.14658614738217,-2.40390659878591,-12.1367729507417,-2.00497066892824,2.13463230685684,2.11875006687751,1.02782860780194
-8.76355215704386,-18.6891053137665,-2.75558816377447,-2.03926426520056,7.18930868467638,-2.42228736829002,-12.1462117244049,-2.05762847114025,2.12867103437875,2.08546606804996,0.985105910673574
-8.77994562780486,-18.6602924684242,-2.71485295052161,-2.04721267642839,7.19377964787647,-2.4019194885418,-12.1332955078185,-2.02186090737449,2.10880012610713,2.09242093348407,1.02137052571735
-8.77547468123177,-18.6344602622949,-2.72776899374558,-2.01939323714033,7.22209574816478,-2.40986792941298,-12.1481988346525,-2.04173177612237,2.09190985409498,2.08248541144775,1.00597048372877
-8.77646822491486,-18.6111119221282,-2.73174316088946,-2.00896094740204,7.20768931117559,-2.38304194145997,-12.1631021614923,-2.02881571142918,2.09240662680184,2.10036935111982,1.03329313888748
-8.69251378370909,-18.6588021488764,-2.77843962483235,-1.94288977907153,7.25836022748869,-2.4327196968904,-12.1695602697845,-2.0715380792807,2.07352926396361,2.02287227922685,0.963744562105515
-8.69201701186803,-18.6612860148573,-2.77297514499679,-1.94487688187566,7.26779892757203,-2.43222291933557,-12.185457151745,-2.0824670571176,2.08048408185721,2.02485938363933,0.979641379688727
-8.68704929345147,-18.6448924994133,-2.75906555999287,-1.89470253599023,7.28766987514964,-2.44811980107825,-12.195392702967,-2.09737020867406,2.07005185502696,2.01889807041803,0.952815500099124
-8.70443630790792,-18.6369441282875,-2.75558816373876,-1.88526379765339,7.29214083835207,-2.45706179706147,-12.207315364428,-2.10184115414339,2.04819385593146,2.02088517482674,0.961757459969162
-8.68953315266142,-18.6369441282875,-2.77049129053125,-1.85843790976153,7.3149924280619,-2.44513913575644,-12.2256961341837,-2.11873139259127,2.03726485639812,2.02138195092843,0.948344520167656
-8.64084951220441,-18.6414150870474,-2.79185243895249,-1.80876033958115,7.3547343232204,-2.46699734815942,-12.2386123507652,-2.17238273827329,2.01391653918561,1.97468499728487,0.901647618590241
-8.65028817719405,-18.6006796850408,-2.75409785108377,-1.80279903115503,7.32989563873468,-2.45706179707787,-12.2530189000325,-2.15201509781153,1.99503917635247,2.00647866780572,0.946357417912382
-8.60855934251551,-18.6091248293699,-2.77694931218698,-1.76355375068561,7.34479884940966,-2.45408113174741,-12.2694125595447,-2.1733762817349,1.99354885823305,1.99306571304176,0.911086353965002
-8.61700446381978,-18.5793184376381,-2.77098806146925,-1.76256019928172,7.35125690737639,-2.46351990527851,-12.2922643273363,-2.1405893482903,1.98709081305649,2.0114464288122,0.955796153312565
-8.58372075042195,-18.5852797159813,-2.7704912905763,-1.72828267581601,7.39994072897242,-2.49531366877508,-12.3091547644085,-2.18728588983386,1.95629090525948,1.98014953439487,0.922015416029727
-8.63488825011423,-18.5127508294204,-2.70392399088025,-1.75113435812146,7.39248912362331,-2.44414558068014,-12.3205806483052,-2.15946667356884,1.94188449679213,2.03628523388197,0.972686521951997
-8.60160453674831,-18.5122540562242,-2.72280128485134,-1.69648903093293,7.41583748700863,-2.46004246242974,-12.3474066365861,-2.20318258485659,1.91505877064715,1.99902702617563,0.921021864843039
-8.6150173764715,-18.4834412108636,-2.70740138715724,-1.70394066646876,7.41285684487059,-2.44464235824167,-12.359826075607,-2.20020195454619,1.91952972500217,1.99256893685424,0.947350968884428
-8.59812713385677,-18.4655573758184,-2.70690461626375,-1.68655351688876,7.44564390838902,-2.42973903160111,-12.3578389653639,-2.20765353032618,1.91207813440802,1.98064631040445,0.930460600243672
-8.584217522288,-18.4630735098411,-2.70144013644111,-1.66419861028358,7.46551485598637,-2.43321647448236,-12.3891359516675,-2.22553731219659,1.89419431700536,1.97319466888024,0.917047660449265
-8.5762691728196,-18.4456864479913,-2.70144013644111,-1.64780501209584,7.47048259288736,-2.42675836627446,-12.4085102765248,-2.22702762735237,1.89220722618028,1.97021401226779,0.930957375803749
-8.56235956125508,-18.4427058088166,-2.70889169984185,-1.63637917094061,7.50625029855765,-2.40291304366192,-12.4189426052984,-2.2290147142276,1.89121368076861,1.95680105751165,0.918041211547027
-8.55838538652136,-18.4317767985077,-2.71137555430803,-1.63637917094061,7.52810834090327,-2.41036470698738,-12.4263942687088,-2.24441463750701,1.89518786242067,1.9458719832651,0.938409009031776
-8.52857907602716,-18.4248219737635,-2.71087878341481,-1.61203716152923,7.53655349363249,-2.37360316795056,-12.4249039360275,-2.27422094064069,1.90760718007015,1.92600093918957,0.921021864831681
-8.55192735259292,-18.3796156129469,-2.67064034104586,-1.63290174103738,7.50525675116278,-2.33237063090783,-12.427387823831,-2.24391786582168,1.91356845254252,1.95680105750472,0.977157501811752
-8.51367592079075,-18.4094220047181,-2.69746596930802,-1.61203716154218,7.52413415138651,-2.35720950863747,-12.4378201526009,-2.28117574473924,1.92002649771599,1.93543968511797,0.967718766387178
-8.47790834818533,-18.4114090975027,-2.72180774308677,-1.586701600702,7.57977280468213,-2.36217728418205,-12.4408008179633,-2.29409180941957,1.92201358854006,1.89917502967296,0.947847744450253
-8.46896645503707,-18.3930284892323,-2.71882711772526,-1.56683057260003,7.60014052596857,-2.37310639038105,-12.4547105896579,-2.29210472254572,1.9110845890077,1.8887427315421,0.95678970431959
-8.45555361530816,-18.3542801799091,-2.71882711772526,-1.54695954448931,7.60659858394137,-2.35969339639662,-12.4701106940365,-2.29260149426429,1.91356845253871,1.89271694035803,1.00000917704045
-8.46747613951029,-18.3075834994749,-2.68951763501496,-1.52957239488951,7.61603728405779,-2.35323528818819,-12.4666332511162,-2.3010466134753,1.92946517911789,1.91308476052973,1.02782860773306
-8.49380504711788,-18.2569126334207,-2.64133085831173,-1.53155949770089,7.60063729966921,-2.31995119201219,-12.4591815877116,-2.27819511440786,1.9165490887607,1.94587198328709,1.06608032499727
-8.4808889792319,-18.2300868808273,-2.63884700384512,-1.50622393685415,7.60063729966921,-2.31895763690282,-12.4701106940402,-2.30104661345881,1.92698131558626,1.93394935684351,1.07999004035093
-8.45257298424185,-18.2112094993696,-2.62493741883058,-1.46896575911907,7.63392113692831,-2.33088029821873,-12.4820333554913,-2.31942716703481,1.90959427086553,1.8947040448176,1.05862869176979
-8.41531509609061,-18.2161772313301,-2.6239438770441,-1.43369468420292,7.66968884264896,-2.34926106774419,-12.5098528988581,-2.34923347012398,1.88823304451419,1.88675562719202,1.05167383409309
-8.36166373715174,-18.236048159175,-2.64083408743097,-1.38153323539002,7.71737911691025,-2.36913216994232,-12.537175664678,-2.39493646819404,1.87581372686583,1.83409736041924,1.00845436136291
-8.35868310610058,-18.199783715847,-2.63586637849622,-1.35768800165345,7.72731459072017,-2.35422884330762,-12.5391627749193,-2.38897520757191,1.85643959135296,1.82614894279184,1.0034866058777
-8.35520570320655,-18.1918353447073,-2.6164923136543,-1.34725571188601,7.71886943797672,-2.34329973710817,-12.5495951036844,-2.3859945772618,1.8425299555895,1.82912959940168,1.00845436136047
-8.32440584901281,-18.2077320869963,-2.6254341897375,-1.31546206688006,7.73874038559546,-2.33733840645479,-12.5640016529297,-2.39096229444605,1.82514291089378,1.83509091261876,1.01143501465095
-8.34179286347528,-18.2047514478143,-2.61102783382088,-1.29360393593452,7.73923715928578,-2.34628040244524,-12.583375977777,-2.39195583788315,1.81272359324244,1.83012315159895,0.996531748187152
-8.32341230532875,-18.196306303468,-2.60556335398883,-1.28565552468365,7.73725006452401,-2.34280295956306,-12.5957954167754,-2.40238804396241,1.81471068406591,1.81621342074811,1.00298983031659
-8.28863827640912,-18.2151836849552,-2.63536960763328,-1.2568425338985,7.78195969665631,-2.34677718000441,-12.6121890762619,-2.44163300973604,1.80924618430244,1.77994876527669,0.973680072927148
-8.27373512115051,-18.2151836849552,-2.60606012490421,-1.24193926279656,7.80729515488245,-2.35323528821459,-12.6260988479446,-2.44610395519947,1.77298177679422,1.76802613883906,0.963247786411183
-8.2637996843068,-18.213196592169,-2.59066022719834,-1.22951987020213,7.81822417608543,-2.34926106777661,-12.6355376215885,-2.45355553096871,1.7565882775028,1.7913746156062,0.963247786411184
-8.27770929588762,-18.1719644168576,-2.56482814073258,-1.2285263187951,7.80729515488547,-2.34081584934775,-12.6290795133103,-2.45057490066179,1.7486399142163,1.80627789865634,0.980138155057902
-8.3099994656286,-18.1009258497152,-2.54098313782936,-1.23746828145881,7.81126934441295,-2.32293185737017,-12.63454406647,-2.42623308648533,1.73622059657725,1.85794261322478,1.01441566790683
-8.30304465984161,-18.0914871589745,-2.53353157442495,-1.20070687939024,7.81872094977399,-2.32293185737017,-12.6663378303048,-2.44312332491009,1.73771091469282,1.86738135915761,1.02534472997556
-8.3095026937874,-18.0433001588683,-2.52359615655007,-1.17835197272663,7.82170159191828,-2.30306075517658,-12.675776603945,-2.44163300975487,1.72628514246728,1.89768470137879,1.04471897636768
-8.29410276668099,-18.0249195505954,-2.50819625884876,-1.16493902872395,7.84206931325027,-2.30306075517658,-12.6896863756208,-2.46100710676163,1.72429805164608,1.90116213408944,1.02335762779365
-8.24591589800794,-18.0125002206653,-2.51068011331788,-1.1341389350766,7.86839831885637,-2.31299630627317,-12.6842218224605,-2.50223915935754,1.70343359801277,1.88327819442667,0.992060768248207
-8.22902565537882,-18.0134937670591,-2.50422209169627,-1.11426790693503,7.90317247721893,-2.31597697160079,-12.6926670409753,-2.51068427856057,1.66567887240757,1.88079431391844,0.998022074830688
-8.21163864090685,-18.0025647567268,-2.49627375739539,-1.10433239286116,7.9086369878205,-2.33485451868822,-12.7055832575313,-2.53005837555961,1.65922082723488,1.86539425476231,0.986596237213485
-8.2121354127489,-17.9747454577005,-2.49329313203072,-1.09837108441714,7.91559181949666,-2.32392541248537,-12.7155188087276,-2.5519163311442,1.651272463956,1.88029753781028,0.997028523729449
-8.21561281564449,-17.9389777875143,-2.48633833951454,-1.07949360765822,7.94043050407358,-2.31895763693697,-12.7314156906446,-2.56234853721645,1.64332410066903,1.87831043340367,1.00845436134038
-8.21909021853889,-17.9439455194843,-2.49229959024035,-1.06160968232293,7.96129499909746,-2.33088029824744,-12.7542674583895,-2.57675491702908,1.63636928279647,1.85843938933889,1.00050595256405
-8.21859344669693,-17.9484164782635,-2.48186740146132,-1.02882248586896,7.96576596231692,-2.33932551668296,-12.7562545686291,-2.58370972108253,1.62792414680722,1.84900064339977,1.00547370805325
-8.19474839827457,-17.9245713647921,-2.47590615073581,-1.02484828023571,7.99308851533381,-2.33088029825252,-12.749796460354,-2.59563224231494,1.61451128377191,1.84154900187354,0.982125257275761
-8.17835492748694,-17.9374874679255,-2.47540937984194,-1.01590631756298,8.02885622110383,-2.37211283528585,-12.7622158993477,-2.63090303429194,1.61451128377191,1.80876177914414,0.972686521852114
-8.18282587406687,-17.9225842720154,-2.48286094324726,-1.00845468200188,8.05319813199426,-2.37062250262228,-12.7776160036923,-2.65474807673599,1.59861455721083,1.79137461559595,0.990570441587281
-8.19872257301744,-17.902216570912,-2.46448042016856,-1.01938374749531,8.07654649548851,-2.35770628619591,-12.7999709938841,-2.640341696923,1.5876855576991,1.80478757034177,1.00795758577442
-8.19524517012226,-17.8763843646542,-2.48037708877188,-0.998519167924511,8.08101745871143,-2.36615150462214,-12.8143775431072,-2.62891594741216,1.58669201228959,1.80876177915506,0.999015625901225
-8.19623871380659,-17.8709198594856,-2.4962737573705,-0.988583653845494,8.11479806973977,-2.37211283527824,-12.8312679801301,-2.63736106661099,1.57675655818267,1.78789718289485,0.99404787041709
-8.16394854405959,-17.8704230862883,-2.52359615653011,-0.961757765824511,8.12821095940853,-2.36615150462004,-12.8546165254227,-2.65226421813221,1.5792404217069,1.76752936273162,0.967221990813288
-8.15500665089883,-17.8858230554046,-2.54197667960338,-0.939402859112291,8.13764965955676,-2.38403549658946,-12.8625649663767,-2.67014799995769,1.56880819489854,1.73623246834944,0.938905784569548
-8.11973585009779,-17.8495586119931,-2.54942824300816,-0.934435102071754,8.140630301705,-2.38254516392597,-12.8630617439361,-2.67163831511012,1.55787919539041,1.74716154258302,0.939899335666453
-8.10681978220459,-17.8465779728071,-2.56582168251564,-0.941389961930306,8.15652705982765,-2.37956449859613,-12.8898877321514,-2.66716736964747,1.54545987776698,1.71884530478805,0.928473498042751
-8.09887143272708,-17.8585005295466,-2.55638303552997,-0.927977017912002,8.17093349688962,-2.38403549658909,-12.890384509711,-2.69448981411155,1.530059923925,1.6940064997174,0.943873540042509
-8.07403284061086,-17.8619779419271,-2.57178293323432,-0.899660802754186,8.17689478119154,-2.36615150463153,-12.9042942813752,-2.71833485653958,1.51416319736344,1.67065802295269,0.92102186482087
-8.07353606876867,-17.8426037872263,-2.54942824301007,-0.886247858736924,8.18931412349526,-2.36565472707699,-12.9137330550001,-2.70740587875626,1.50224065245263,1.68556130599322,0.929963824693188
-8.05912968534501,-17.8495586119957,-2.56184751536238,-0.870847811903485,8.19378508672102,-2.37459672306522,-12.9331073798138,-2.73472832322033,1.48038265345078,1.67661933616184,0.931950926886763
-8.03528463691217,-17.844590880019,-2.57327324591328,-0.858925194995703,8.2101786185479,-2.36764183730265,-12.9246621613049,-2.76900557173322,1.45951819986498,1.66569026192689,0.921518640372026
-8.02336211269845,-17.8132941685684,-2.5414799087035,-0.84253159675408,8.19875282363415,-2.36913216996644,-12.913236277438,-2.76602494142816,1.44759565494452,1.67165157514223,0.915557333792351
-8.01988470980095,-17.7934232406666,-2.51018334239032,-0.825641222795704,8.21166893962093,-2.37757738839846,-12.9102556120829,-2.76751525657967,1.42722797405674,1.65376763550104,0.910589578313282
-8.01988470980095,-17.7511975188659,-2.49080927752883,-0.836073512597981,8.19229476563782,-2.35224173310451,-12.9191976081526,-2.75857336566894,1.41679574725494,1.68059354496897,0.94933807107585
-8.03776849612677,-17.7531846116574,-2.48087385965518,-0.816202484422973,8.21862377130208,-2.34180940445753,-12.9276428266605,-2.77496683233841,1.40934415668535,1.66916769463397,0.942383213398336
-8.01541376322411,-17.7273524053591,-2.46597073283075,-0.78440883933473,8.24395922958908,-2.33833196157224,-12.9127394998784,-2.81868274348583,1.4098409293901,1.67612256005419,0.96374456200336
-8.01789762243601,-17.6886040959282,-2.46050625299493,-0.792357250605967,8.24743664543336,-2.32392541248084,-12.9430429309972,-2.80526990711723,1.41977638348007,1.70940655885474,0.970202644135077
-8.02932337481153,-17.6672428484375,-2.43020322846872,-0.781428185095283,8.25389470342934,-2.31597697160653,-12.969372141622,-2.79036675560305,1.39990547529955,1.73275503561945,0.973680072971822
-8.01044604480346,-17.6483654669148,-2.41977103968892,-0.766028138249087,8.254888250814,-2.3085253082871,-12.9668882538263,-2.80874730914429,1.39295065743886,1.71685820037655,0.964241337551135
-8.00895572927655,-17.6250171266071,-2.41033239270186,-0.746157110058646,8.26681081942146,-2.29262842652794,-12.9639075884716,-2.81669565661773,1.40139579341343,1.70791623054852,0.959273582067489
-8.00448478269369,-17.6081268378763,-2.38549384801774,-0.72727963327284,8.29065595665086,-2.27275732433806,-12.984275468399,-2.80676022227223,1.39245388474184,1.69698715631857,0.963744562001851
-8.01591053506525,-17.5743462603789,-2.37406811744573,-0.720324773408527,8.29512691987712,-2.24841522415116,-13.0091143463625,-2.80526990711953,1.36463461329411,1.73424536394818,1.02236407676291
-8.02683951559916,-17.5465269612811,-2.37555843012841,-0.713866689244042,8.30158497787398,-2.24940877926061,-13.0215337853391,-2.80626345055381,1.35618947732359,1.7357356922511,1.04769962971635
-8.0034912390026,-17.5177141157625,-2.35519082345907,-0.69002145540193,8.32443656770242,-2.23798289549183,-13.0394177774669,-2.80874730914052,1.3407895234853,1.71884530480481,1.04521575197338
-7.98461390899176,-17.4998302806315,-2.34525540558053,-0.656737483162691,8.35126234709809,-2.2374861179371,-13.0558114369137,-2.81421179802736,1.3164476609813,1.72679372242858,1.06160934507343
-7.98560745267661,-17.5028109198216,-2.33382967500767,-0.64282776342002,8.36368168940868,-2.24295067104232,-13.0781664270827,-2.81967628691406,1.30005416173212,1.71884530480564,1.01590599459162
-7.98511068083424,-17.4953593218449,-2.33879738394939,-0.628918043693193,8.3631849157166,-2.24195711593225,-13.0856180904659,-2.83507621015131,1.2742219811106,1.69748393243577,1.02683505666443
-7.98113650609533,-17.4695271155446,-2.34674571825575,-0.622956735230196,8.38454618448903,-2.21960212595912,-13.0712115412602,-2.83706329702051,1.25137043673243,1.69301294752162,1.05763514066787
-7.98411713714987,-17.4412110432249,-2.32786842425954,-0.601098604201469,8.40243003742244,-2.21960212595912,-13.0756825392921,-2.85146967681129,1.2344801647972,1.6935097236228,1.05862869176462
-7.97070429740505,-17.4347529916453,-2.31743623547922,-0.59066631439325,8.42826226943238,-2.21314401774145,-13.0955536416492,-2.84848904650912,1.20020284822122,1.69052906701419,1.05962224286127
-8.02286534083834,-17.3726563417689,-2.25981081169419,-0.620969632382495,8.39100424252532,-2.21215046263153,-13.11145052353,-2.80526990704864,1.19622866659095,1.7506389753408,1.12668694197139
-7.99206548661136,-17.3860692181355,-2.27223008405477,-0.5986147256587,8.42677194837536,-2.20420202174881,-13.126353850294,-2.82961172119543,1.18579643981009,1.70592912619224,1.08297069366214
-7.98858808371456,-17.3850756717384,-2.26179789527369,-0.58669210873394,8.44415902760921,-2.19774391353663,-13.1382765117046,-2.82712786260964,1.1768545311401,1.71934208092272,1.09886751121449
-7.98709776818662,-17.3811014861461,-2.26378497885209,-0.587188884439287,8.46154610684595,-2.19774391353663,-13.13579262391,-2.83855361210456,1.16244812272368,1.72480661803639,1.09638363347176
-7.99454934582362,-17.3552692798157,-2.24341737218576,-0.589175987261161,8.46502352269647,-2.18582125221998,-13.1298312932035,-2.82166337372224,1.13065466971102,1.71139366329782,1.10780947109323
-7.98560745265904,-17.3388757642644,-2.26279143706635,-0.56682108051074,8.47694609132269,-2.17191148067697,-13.1447346199696,-2.8181859717036,1.10631280721942,1.71089688719648,1.12668694193441
-8.00796218555902,-17.2961532691409,-2.21361111848938,-0.570298510443392,8.47992673347538,-2.17389859089707,-13.1472185077634,-2.81222471109704,1.09786767125572,1.76057449738841,1.14357731060167
-8.01789762240551,-17.2762823411934,-2.1927467409285,-0.569304959032711,8.4819138282462,-2.17886636644845,-13.172057385698,-2.82166337372304,1.0948870350348,1.76355515399775,1.15897735261743
-7.99852352054672,-17.2867145783688,-2.18678549018918,-0.571788837559958,8.49383639687835,-2.17191148068156,-13.1849736022292,-2.8047731353466,1.08445480825987,1.76454870620014,1.1559966993273
-8.00001383607416,-17.255417866836,-2.15846954918683,-0.572782388970508,8.477939638714,-2.19128580532935,-13.1780187164064,-2.78788289695924,1.09339671692503,1.7774648848401,1.19375164102893
-7.93742058394546,-17.2877081247974,-2.20764986777228,-0.514162855767729,8.53457183964322,-2.19376969310409,-13.1770251612892,-2.85693416570776,1.07849353582,1.6954968280686,1.11277722657006
-7.93891089947316,-17.2668436504453,-2.16741142529625,-0.505717668776405,8.5375524818006,-2.20817624220207,-13.1720573857024,-2.85395353540566,1.08197094474622,1.71735497653077,1.14755151499173
-7.92102711314161,-17.239521124504,-2.16244371635098,-0.510685425829289,8.54301699242043,-2.21165368508577,-13.1834832695478,-2.88177275154886,1.05961617309235,1.70046458909362,1.13811277956882
-7.89519497731458,-17.2678371968304,-2.18281132301831,-0.465478836590103,8.57580405616972,-2.23748611794654,-13.1839800471068,-2.908101652534,1.04471299198508,1.65575474001851,1.08495779593288
-7.89072403073256,-17.263863011238,-2.18777903196321,-0.456040098184369,8.59567500389986,-2.24891200170845,-13.2008704841039,-2.9215144888976,1.05762908226412,1.63737402427789,1.05018350753576
-7.87234347255419,-17.2464759492739,-2.17933392676114,-0.447098135476906,8.59666855128573,-2.27722832234108,-13.2058382596902,-2.94188212928384,1.03378399251106,1.63190948716377,1.02534473011606
-7.83359526885237,-17.2663468772505,-2.20814663866928,-0.408349630477456,8.63094593607714,-2.27722832234108,-13.2212383640051,-2.95678528079691,1.02583562925504,1.57179957884466,0.992060768341361
-7.78491162827927,-17.2896952175867,-2.23099809980626,-0.345259115793922,8.65379752595733,-2.29560909187225,-13.2058382596892,-2.98410772521545,1.01440985707982,1.5156638794311,0.929963824786641
-7.75262145849225,-17.3016177743514,-2.28067518924673,-0.308000937851468,8.68062330540857,-2.29560909187225,-13.2262061395876,-3.04521064633317,1.00497117571767,1.46052173226083,0.872834636793584
-7.74715696822468,-17.3036048671487,-2.28961706535703,-0.295084769510292,8.70099102680918,-2.28169932033183,-13.2430965765819,-3.06657183017362,0.986590585688954,1.45307009073692,0.865383003558542
-7.75013759928081,-17.28274039278,-2.26875268778998,-0.279187946915954,8.70943617959461,-2.27971221011206,-13.2386255785539,-3.07104277562393,0.982616404063205,1.46101850835093,0.885750801036102
-7.75709240507595,-17.2862178051736,-2.29210091985376,-0.253355610213535,8.70397166897312,-2.263318550793,-13.2510450175187,-3.0755137210769,0.966719677549261,1.45605074733505,0.863892676879765
-7.75758917691861,-17.3244693414802,-2.31246852652159,-0.201690936800667,8.72483616408227,-2.26828632634026,-13.2515417950771,-3.08793301398546,0.964235814034023,1.42922483790058,0.82911838850992
-7.78342131274564,-17.2802565267764,-2.28166873106546,-0.193245749788129,8.70993295327973,-2.26033788546299,-13.2654515667228,-3.08644269883629,0.956287450782288,1.44859910582285,0.87978949440338
-7.75212468665648,-17.2499533616062,-2.26080435348864,-0.181323132847933,8.69950070571867,-2.23450545260221,-13.2679354545153,-3.10780388265601,0.94138426969198,1.46101850834875,0.90015729188733
-7.73523444399808,-17.2549210935976,-2.25732695722793,-0.15499402040731,8.72235229560896,-2.19675035841794,-13.2609805686941,-3.11724254526699,0.93591976996173,1.43916035990476,0.903634720724622
-7.72579577898769,-17.2410114440163,-2.24341737217398,-0.118729393862568,8.73626195902121,-2.18482769709486,-13.2679354545101,-3.1381069573666,0.922010134272859,1.41233445045579,0.874821738925119
-7.73076349741643,-17.1933212169156,-2.19970153345451,-0.158471450380319,8.74570065919758,-2.16495659489838,-13.2917807773171,-3.13711341393386,0.919526270757548,1.44909588191525,0.897673414135557
-7.75957626430466,-17.1694761033786,-2.16890173801584,-0.14654883342345,8.72533293775872,-2.16445981734353,-13.3042002162698,-3.10333293724147,0.909590816697937,1.48585731334797,0.940396111231264
-7.73225381295479,-17.1520890413952,-2.16989527980563,-0.110284206880586,8.74619743287594,-2.17538892355454,-13.3116518796453,-3.12916506650637,0.904126316963596,1.45952817998211,0.912079904958098
-7.71933774504316,-17.1366890722034,-2.15548892385387,-0.122703599533538,8.75812000152094,-2.16793726022893,-13.3275487615182,-3.119229632171,0.884255408849135,1.47939922402871,0.912576680506536
-7.67810568209589,-17.1163213710315,-2.17287590516039,-0.0983615899167301,8.78047481771024,-2.16744048267363,-13.3250648737258,-3.15002947859764,0.85544259208144,1.44363134474483,0.884757249789386
-7.67810568209589,-17.0586956799424,-2.1222052738999,-0.0933938328504669,8.7784877229369,-2.15303393358372,-13.3126454347634,-3.13611987053953,0.828616866140572,1.46499271706983,0.919531538159231
-7.63935747834862,-17.0656505047342,-2.12419235747913,-0.0745163559854669,8.80481672869642,-2.1525371560288,-13.3056905489417,-3.14605530486526,0.825636229922153,1.46151528436468,0.887737903076982
-7.63289944439045,-17.0924762575103,-2.14505673505595,-0.0228516824923179,8.83164250815138,-2.18135025421788,-13.3111551020843,-3.16542940179828,0.808745958035987,1.4173022114019,0.841537777100353
-7.63886070650605,-17.0800569275294,-2.14157933879465,-0.0392452808086499,8.84505539788311,-2.21264724019063,-13.3305294268661,-3.15350688060473,0.808249185333326,1.41432155479745,0.836570021618655
-7.61898983279215,-17.0656505047378,-2.13909548431972,-0.0372581779822989,8.85697796653074,-2.21165368508011,-13.317613210349,-3.13910050082399,0.791855686143559,1.43419259883083,0.857931370191006
-7.61153825514879,-17.0711150099326,-2.15002444400847,-0.00397420565428597,8.87883600906348,-2.22755056683861,-13.2858194466003,-3.14853916343309,0.775462186951828,1.41084412208651,0.847002308131269
-7.62644141042706,-17.03634088597,-2.12270204478962,-0.00447098136097002,8.90367469374811,-2.22456990150926,-13.2947614426416,-3.13711341395068,0.7560880515527,1.42376030071143,0.870847534448566
-7.62197046384063,-17.0408118447673,-2.12965683731677,0.00695485989276601,8.93546821016375,-2.22208601373447,-13.2863162241492,-3.14853916342258,0.749133233711598,1.4043860327815,0.867866881158495
-7.61501565804021,-17.0502505355638,-2.13661162984649,0.0581227576746119,8.95285528945188,-2.22506667906499,-13.2932711099648,-3.18082932499447,0.735223598045635,1.36613427300651,0.828621612861923
-7.63389298806992,-17.0353473395703,-2.09239902020906,0.0511678977809433,8.97719720044517,-2.23947322816446,-13.3022131060159,-3.17685515126467,0.73174618912878,1.354708422691,0.850976512542936
-7.61153825514372,-17.0313731539715,-2.10978600153829,0.0735228045950493,8.99607460080079,-2.22556345662115,-13.3007227733399,-3.18281641186219,0.743171961283477,1.35172776608636,0.830111939515302
-7.60309313380884,-17.0393215251589,-2.11028277243307,0.0710389260591191,9.00998426423648,-2.21811179329616,-13.3131422123056,-3.19523570476241,0.720320416960057,1.32986961766555,0.820673204107939
-7.61600920172408,-17.0050441743826,-2.0844506859062,0.0571292062588111,9.01395845378876,-2.20569235442581,-13.3340068697459,-3.18430672700763,0.711378508321401,1.34377934847648,0.850479736986444
-7.64382842491761,-16.9742442359945,-2.04470901430584,0.0645808418554072,8.99458427973502,-2.18681480733602,-13.3354972024207,-3.18132609670813,0.696475327248495,1.36961170572739,0.8951895363568
-7.65078323071867,-16.9667926379945,-2.04917995236049,0.0849486458373723,9.00451975361409,-2.19178258288823,-13.3340068697452,-3.20467436738203,0.682565691585031,1.34874710949278,0.888234678680103
-7.63339621621171,-16.9603345864005,-2.04619932699142,0.102832571291205,9.00451975361409,-2.1992342462089,-13.3717619641914,-3.21113239969095,0.664185101601444,1.34626322898941,0.890221780872432
-7.6030931338063,-16.9503991223994,-2.05017349415283,0.116742291083226,9.01693909596927,-2.18234380933559,-13.343942420939,-3.24441610468672,0.671139919434425,1.30006305163245,0.861905574623141
-7.61302857066431,-16.9434442976032,-2.03378005462071,0.121213272445237,9.01644232227484,-2.18333736444554,-13.3588457476881,-3.23895161580967,0.656236738356165,1.30254693213541,0.851970063658769
-7.62048014830757,-16.9245669160055,-2.0223543240349,0.113761636837447,9.01445522749821,-2.16545337245684,-13.3732522968702,-3.22752586633635,0.646798057018046,1.29459851452751,0.874324963313922
-7.60309313380686,-16.9041992147952,-2.03328328372958,0.139097197890808,9.02041651182812,-2.13713705180484,-13.3712651866369,-3.22653232290378,0.644810966208741,1.29459851452751,0.863395901245186
-7.60408667749275,-16.8793605547831,-2.01142536434183,0.133135889404498,9.03730681742626,-2.12819505580846,-13.3995815074625,-3.22951295320187,0.628417467032718,1.28118555981125,0.874324963305137
-7.61104148329809,-16.8346509668099,-1.98807713227403,0.155987571947189,9.04177778067573,-2.12322728025718,-13.4120009464209,-3.23398389864406,0.605069150039121,1.29857272332618,0.8837636987125
-7.61700274541131,-16.7998768427699,-1.95777410765223,0.16095532901757,9.02389392769737,-2.09093673916413,-13.3995815074708,-3.22454523603285,0.603578831933147,1.32291475226479,0.8882346786473
-7.57279005139758,-16.8003736159701,-1.97317400540667,0.212123226859055,9.04376487544507,-2.09292384938481,-13.3975943972377,-3.24391933297165,0.595630468699738,1.27174681389107,0.841537777084537
-7.57229327955469,-16.7755349559487,-1.95032254422801,0.226529722371554,9.04575197022154,-2.07205919205861,-13.420942942476,-3.22901618148082,0.593643377891623,1.26379839628268,0.842034552632809
-7.58868675037576,-16.7203931307094,-1.91902597782614,0.22354906812809,9.03035198570707,-2.04175576120678,-13.4090202810793,-3.21460980171191,0.587682105468886,1.25684353087461,0.854453941338395
-7.58625808803106,-16.7088017560289,-1.90969772434635,0.234257344486285,9.02085808844183,-2.03756075073733,-13.420390967412,-3.20141775280442,0.572282151701367,1.27627299613439,0.867480500156415
-7.57577068245707,-16.676925475678,-1.89741644387771,0.251989477370218,9.00712781550628,-2.01368782933361,-13.4197009985798,-3.19610505528122,0.55613703888211,1.2713742318121,0.873207218283124
-7.56228687529051,-16.6558126146557,-1.88517458966907,0.266981458539266,9.00437781827456,-2.01492977321994,-13.4010718401535,-3.20133890014649,0.560217671792185,1.27926942341242,0.881279820943345
-7.56417933945165,-16.6483610166408,-1.86222850545585,0.276207293109246,8.99408750604311,-2.02983309988196,-13.4118353539146,-3.20334964280349,0.541647835071721,1.27820490320156,0.861408799012322
