0,0,0,0,0,0,0,0,0,0,0
-0.0158968156164896,-0.0561357050922544,-0.00976986223721225,-0.025666541081082,0.0240109161798959,0.01390977304757,0.0342773878486273,0.0384173199717292,-0.0134128154841129,-0.020864475925453,0.0115913423719987
0.0174581100831865,-0.0628776671297047,-0.01178060869978,-0.00638706552933768,0.028387290068785,0.0238453252244057,0.0360515797807974,0.00979357786379745,-0.0258320890840445,-0.039316053277531,0.000709674023844808
0.0747647110981964,-0.0387485397870024,-0.0219821900346288,-0.00745157644658056,0.0304276265451934,0.0399905975049056,0.00943870101516198,-0.0185048944541275,-0.00347739659238488,-0.0158967435631354,-0.0285643794220043
0.0580675349613484,-0.0470281422972694,-0.0128056951326687,-0.0231826822697986,0.0391902310140617,0.0404045788488278,0.0146824238035152,-0.0228516817297655,-0.00872108988656156,-0.0269361488137581,-0.0353259958046679
0.0268258764374494,-0.0586195858186191,-0.0109289984290868,-0.0312966210610824,0.0432196491331769,0.0238453252252664,0.023845139401629,-0.00745163535388894,-0.0253353181351464,-0.0223547956285992,-0.0377546580147101
0.108297056595282,-0.00397420924019309,-0.0253354054574697,-0.0144063811377984,0.0342776527613953,0.0447099847911664,-0.00993547471384054,-0.032787195511871,0.0298062566773366,-0.00645805206190309,-0.0809738060122009
0.113761586981069,-0.0168903891748939,-0.00943868046416383,-0.00397417411885837,0.0476906473144244,0.0163936610709885,-0.0153999858144376,-0.00198710277198672,0.0193740668427339,-0.0322902603681692,-0.0774964033011107
0.127671300667351,-0.00943874690606017,-0.026328950777054,0.0144063810994246,0.0447099818579466,0.0352712102024391,-0.0218580443952464,-0.0144064950075736,0.0193740668427338,-0.015399970325386,-0.112767202240678
0.110780934043132,-0.0183807176268591,-0.0074515898424722,0.0114257505231487,0.0462003145860967,0.0551423145400159,-0.0144064383381843,-0.0213613546585151,-0.00596125131435188,-0.016890290034784,-0.133631618519249
0.0874324860994014,-0.056135705073836,0.00149031797606059,0.0273224469135138,0.0640843073394796,0.0437164295494044,0.000993547528523153,-0.00347742982519431,-0.0208643796288273,-0.030799940638871,-0.134625162151407
0.100845424303166,-0.0268259121398049,0.00496772657086926,0.0501739480029095,0.0466970921764851,0.0412325415066573,-0.0293096504174496,-0.0288129899746777,-0.0213611505732828,-0.0188773829616129,-0.143567054837357
0.130651953599582,-0.00248388074170425,0.0158967250070035,0.0606061550113232,0.0263292115467662,0.0511680936750264,-0.0526580160642133,-0.0104322894574716,-0.00447093846750368,-0.0049677323370263,-0.139592880309547
0.115251913465012,0.00496776151827905,0.0228515421973417,0.0978640371823503,0.0308002097313228,0.0755101964728967,-0.0586193009147625,-0.000993551349169786,-0.0034773965797979,0.00894191826519686,-0.137109021228523
0.137606810465731,0.0099355230303606,0.0233483148534341,0.133631604092251,0.0198711030573102,0.0948845232006034,-0.0740192867625929,-0.00149032703879837,-0.000993541858080482,0.0377547659705679,-0.128167128540951
0.149032646720809,0.022354926811224,0.0139096343818104,0.137605778195657,0.0263292115447264,0.13562028710037,-0.073522513025926,-0.00298065410626119,0.00149031286518952,0.042722498333164,-0.113263974063982
0.109290607651325,-0.0372582112806528,0.0158967250071505,0.118231679458903,0.0367615406447646,0.140588063184765,-0.0650773594910597,0.0119226165789426,-0.0337804241593981,0.0298063941862616,-0.067064195171908
0.120716443908806,-0.0447098535539139,0.0114257711043057,0.0988575807050436,0.0357679854929849,0.198711043415709,-0.0914063675446788,-0.0114258408161284,-0.0432190721097097,0.0442128180538117,-0.0700448260671089
0.14257456540078,-0.0392453158916088,0.0119225437608099,0.106309157140001,0.0546455333768008,0.24093714010233,-0.148038573661188,-0.0243420087496379,-0.0352707370017035,0.0536515095416057,-0.0690512824345639
0.181323053522404,-0.033284002077363,1.51245734686389e-11,0.143567039311028,0.0561358661048439,0.268259908539121,-0.186290151453811,-0.0342775225410557,-0.0129160445084811,0.0849482234137988,-0.0611029333747219
0.134129382082752,-0.0650776757641311,0.0178838156378897,0.123199397058561,0.0804779673278066,0.289621345690976,-0.204174006009942,-0.0129161679008072,-0.0342771951120479,0.08196758399728,-0.0223547317396229
0.12121321936814,-0.090413259484617,0.0263289507937095,0.120715538245781,0.102336180673223,0.30452467394353,-0.218083670658124,-0.00198710273419589,-0.0258320890579973,0.072528892503416,-0.0129160672378481
0.0596130587845423,-0.116245619336484,0.0303031320414474,0.104322070087221,0.116245952812751,0.306015006768424,-0.235967525216747,-0.00794841100812363,-0.0407352173858807,0.0601095615891056,-0.0203676444778289
-0.0278194273136938,-0.171387772116502,0.0243418601641911,0.0675609596789384,0.116742730388753,0.290614900919633,-0.230503014103667,0.00397420554311602,-0.0596125132607898,0.0327870336105698,0.00993543629770199
-0.0422259164897332,-0.165426458303395,0.0223547695397336,0.0586190679575537,0.129658947366515,0.313963448493384,-0.256335248458926,-0.000496775664118071,-0.0611028260937828,0.0258322083064766,0.00149031542616118
-0.090909914481049,-0.185794280507468,0.0362644039171147,0.0625932420601575,0.124691171607142,0.299060120245546,-0.28614167268344,0.00496775691601502,-0.0586189713708238,0.0223547956527999,0.00943866447817587
-0.12916162714281,-0.173374876725815,0.0481869476642124,0.0735222208370798,0.125684726759254,0.308995672411191,-0.301541658544141,-0.004967756872839,-0.0367610498270856,0.027322528018058,-0.00894189270877588
-0.141581014379438,-0.150026397610857,0.0397418125111438,0.0829608843349311,0.126678281911033,0.309989227627566,-0.313464228241585,0.0139097193211125,-0.0248385471537528,0.0248386618347971,-0.00546448999773097
-0.190265012273048,-0.145058636100777,0.0645804453175975,0.0809737972858848,0.122704061305337,0.301544008296299,-0.280180387782897,0.0377549524223614,-0.0198708377128631,0.0139096506379648,0.00745157722300616
-0.267265213084216,-0.170394219821801,0.0645804453175975,0.0377546539609517,0.123200838881328,0.290614900925386,-0.257825569582438,0.0620969612022271,-0.0382513626498971,-0.0129161041063939,0.0506707252070571
-0.290116885601579,-0.174368429035682,0.069548171876093,0.00645803289781353,0.109291066757407,0.267266353339815,-0.221561086751195,0.0591163070678013,-0.0546448038263448,-0.056632148937068,0.042722376156896
-0.294091089515058,-0.129161799279091,0.0447095390527204,0.0114257505230604,0.0814715224956196,0.269253463772776,-0.227522371603737,0.0491807932802292,-0.0556383457148708,-0.0303031674135472,0.0119225235635769
-0.278691049355473,-0.105813320180974,0.02285154217851,0.0178837834356371,0.0630907521664123,0.281176126368532,-0.21361270694548,0.029806541377215,-0.0134128154815539,-0.0129161041358432,-0.00496771818574193
-0.257329703292955,-0.077497079547989,0.0248386328044976,0.0238450445875876,0.0789876345922328,0.281672903976715,-0.229012692813904,0.0303033170666899,-0.0109289607601464,-0.00496773235611614,-0.0163934699507529
-0.275213620901904,-0.0745164226420041,0.00248386326313133,0.0134128375741738,0.0829618551991621,0.247395249020064,-0.22851591907595,0.0327871955152815,0.0283159438047381,-0.0134128773717372,-0.0367611144132989
-0.268755539530462,-0.076006751096656,-0.00645804454957525,0.00894189170868801,0.0869360758067556,0.24491136097784,-0.230006240288483,0.0188774762173464,0.0526577200733108,-0.00496773235679626,-0.061599705206316
-0.259316805232069,-0.0809745126085271,-0.0213612242347714,0.00546448937123438,0.0854457430785701,0.245904916194174,-0.221064313012908,0.0258323358700826,0.047690010633663,0.00894191825884483,-0.062096477022302
-0.427723696746942,-0.173374876901866,-0.0263289507973863,-0.0556384375634541,0.104323290953374,0.188278713575081,-0.159464369661908,0.0541485501263057,0.0248385471701575,-0.0119225576936921,-0.018380557253205
-0.465478633951705,-0.195729803705523,-0.0457030843832645,-0.0591158398997677,0.094884517011804,0.152510725785551,-0.156483727235803,0.0253355601252454,0.0402384464290255,-0.0208644759504382,-0.0327869399227694
-0.463491531992419,-0.163439353869797,-0.0625933547041583,-0.0437159152558684,0.0988587376193024,0.144562284058065,-0.1390966464326,-0.0074516353813573,0.0814704347775905,-0.00993546475360607,-0.084451208782957
-0.478394796688481,-0.144561860109869,-0.079980397665329,-0.0178837835811223,0.104820068530693,0.138104175147331,-0.16095469087,-0.0402388308904982,0.122205652221394,0.0278193012425929,-0.105315625047471
-0.550427242725653,-0.192252370624846,-0.0640836726541333,-0.0397417411415835,0.125187949154576,0.129162178197685,-0.135122456523377,-0.0427227093381924,0.132141071104415,0.0243418885906859,-0.0809738060603782
-0.632395198518745,-0.222555715841796,-0.0606062640586037,-0.0536513504943807,0.157478491614013,0.112271739518583,-0.136116003998607,-0.0342775226088401,0.113263775246489,0.0149031970990989,-0.0551416716232549
-0.661704952422964,-0.226529925051378,-0.077496534387001,-0.0491804046316022,0.133633167970729,0.126181512543444,-0.126180529243263,-0.0581227557180885,0.137108780556204,0.0352708997690958,-0.0611029334150459
-0.687537277879841,-0.212620192828466,-0.0834578062697306,-0.0268256753239107,0.118729840690831,0.153007503383328,-0.133632135314027,-0.0635872883054131,0.11624440092376,0.0591160150974148,-0.0551416716200099
-0.643821034792285,-0.171884548435442,-0.0899158508040943,0.00298063042682026,0.119226618266727,0.178839939009644,-0.152012763612182,-0.0963744838331681,0.14803774131129,0.0670643868726699,-0.0914060142067163
-0.663195278882166,-0.158471592355808,-0.093393259399212,-0.00397417424992927,0.124691171602885,0.179833494225936,-0.177844997976078,-0.11624551141908,0.161947327739176,0.0685547065808689,-0.109289799586495
-0.490317407961423,-0.0462001820255211,-0.0899158508052271,0.0824641125776742,0.105316846152197,0.248388804222397,-0.243915904965675,-0.176852145491995,0.219572757292386,0.117735257002857,-0.204173216421366
-0.494788387370883,-0.0308001213362712,-0.0879287601800047,0.0715351338024065,0.119226618275122,0.266769575732135,-0.232986882740886,-0.177348921182047,0.202682545201381,0.126677175259603,-0.164431471139149
-0.514162631480394,-0.0447098535677402,-0.0690513992342415,0.0685545032271079,0.114755620091633,0.267763130948218,-0.239941715060133,-0.148535931188422,0.180327852733858,0.114754617590012,-0.122702638592822
-0.504723897171896,-0.0372582112982731,-0.0740191257978861,0.0690512749897515,0.105813623723907,0.287634235283279,-0.247393321124461,-0.130652006358332,0.178340768958049,0.119722349952208,-0.107799484117011
-0.524594916803506,-0.0466969581825432,-0.0740191257978861,0.0571287526738183,0.119723395845836,0.266769575720901,-0.246399773650338,-0.111774530163894,0.153998992685826,0.0874320895819238,-0.0859415242234032
-0.500252917783413,-0.0412324205175725,-0.0675610812652437,0.0640835573514449,0.126181504331711,0.277201905494717,-0.250373963551811,-0.103329343438246,0.151515137966343,0.109290111976173,-0.0933931014630953
-0.517640059945609,-0.0546453766048882,-0.0546449921890566,0.066070644401243,0.14555582979396,0.249879137045246,-0.23894816759001,-0.0630905125835225,0.14157971909077,0.0675611601404318,-0.0943866450951512
-0.524098141313841,-0.0740196464890623,-0.0283160413896536,0.058619067968165,0.143568719489167,0.239943584885889,-0.218083670599717,-0.0611034098243159,0.146050657585281,0.0521611898277339,-0.0690512824765892
-0.567814384401397,-0.0889229310148751,-0.0193741335735044,0.0461997739108431,0.152013938277582,0.23447903119807,-0.196722399876619,-0.0278194386071758,0.110283149645735,0.0571289221855369,-0.0317933962578529
-0.590169281446132,-0.0779938556964082,-0.0263289507659024,0.0372578821799847,0.160955934642747,0.231995143157261,-0.192748209972046,-0.0139097192948836,0.0829607477245964,0.0511676433520198,0.0119225235446561
-0.540491732543773,-0.0501743912730042,-0.0342773132674984,0.0556384373760128,0.125684726724673,0.255343690719193,-0.201193363514677,-0.0228516817152363,0.0809736639496808,0.064580520717191,0.0129160671776514
-0.513169080609089,-0.032787225990859,-0.0327869952987359,0.0635867855768091,0.106807178841308,0.251369469853438,-0.22007076554352,-0.0223549060251846,0.0809736639496808,0.101341740171834,-0.0188773290448265
-0.535027202185884,-0.0322904498395931,-0.0402385851432099,0.0730254490637074,0.10034907035235,0.223053146178663,-0.22007076554352,-0.041232382223033,0.0834575186695361,0.105812699298829,-0.0397417453123126
-0.551420793355471,-0.0452066297748419,-0.0322902226420847,0.0834576560763316,0.110284621871808,0.209640150754336,-0.223548181707939,-0.047690466187538,0.0769994963967832,0.0943869148637868,-0.0660706515568343
-0.533040100195704,-0.0253355837071221,-0.0293095867041628,0.0983608089701203,0.0958780721739239,0.233982253575313,-0.229509466553506,-0.0457033634313053,0.0914058537859849,0.118728803455835,-0.0814705778442166
-0.559865976668109,-0.040238868250956,-0.0263289507668588,0.0740189925876799,0.0799811897435498,0.217588592500098,-0.20665787463213,-0.044709812052061,0.0735220997965472,0.0839546769074144,-0.0650771079188064
-0.536517528624411,-0.0178839414430298,-0.015399952325546,0.0725286773003501,0.0715359709545303,0.229014477491915,-0.214606254430869,-0.0665679423824636,0.0740188707404439,0.107799792253624,-0.0765028596892943
-0.533536875685028,-0.00943874687616297,-0.00546449920443577,0.0670641879143016,0.0933941842968161,0.228517699883837,-0.215103028168449,-0.0571292042790335,0.0814704348957265,0.109786885197916,-0.110780115000758
-0.545459487448946,-0.0278194644710612,-0.0158967249904066,0.0471933174062953,0.0899167412667075,0.219078925329163,-0.223051407969403,-0.0695485965175045,0.0864381443356227,0.0953804613566196,-0.134625162176577
-0.563343405098584,-0.040735644393433,-0.0178838156173359,0.07401899258669,0.0680585279228562,0.222059590978102,-0.230006240302989,-0.0894196241095703,0.0963735632203823,0.0933933684116877,-0.168405645655958
-0.662698502998268,-0.110781081665504,-0.0218579968695463,0.0422255998043554,0.110781399477944,0.183807715173048,-0.200696589789829,-0.0983615865340769,0.0680576194062492,0.0645805207263896,-0.143070283023277
-0.707408297088165,-0.144065083788334,-0.0392450398466795,0.0258321316366977,0.130155724936956,0.203182041887268,-0.178838545337207,-0.0864389699766836,0.0596125133553648,0.0342773533433809,-0.117734920406356
-0.695485685316724,-0.145058636090877,-0.0422256757853958,0.0268256751613707,0.149033272822124,0.210136928407033,-0.188277246346237,-0.103329343432555,0.0566318876915014,0.054148282783647,-0.12419295401526
-0.671640461800743,-0.113264962416924,-0.0407353578168542,0.0437159150748556,0.140091276454825,0.23596936403226,-0.199206268581683,-0.122703595339069,0.0665673065717907,0.063090201037757,-0.126180041279731
-0.651769442183194,-0.105316543994558,-0.0298063593823382,0.0625932420574613,0.149530050395944,0.249879137061521,-0.220567539294664,-0.14853593118609,0.0750124126226751,0.0670643869273009,-0.142573511205353
-0.645808136298045,-0.0869358263918611,-0.0422256757912659,0.0923995478277426,0.168904375856344,0.273724462258062,-0.236961072626595,-0.15052303394463,0.077993038288699,0.0680579334010181,-0.147044457547951
-0.653756544140351,-0.0879293786939834,-0.0506708109498369,0.0844511996267457,0.170394708584067,0.272730907041603,-0.232490108989368,-0.155490790841365,0.0620963680778522,0.0700450263451509,-0.135618705777463
-0.669156584330846,-0.11028430549527,-0.0710384898544463,0.0993543524942167,0.166917265553876,0.280679348769591,-0.232490108989368,-0.166916631704001,0.0457029269325437,0.0601095616215579,-0.0859415241766219
-0.666175931389353,-0.10730364858701,-0.0581224007870577,0.11475427713967,0.158472046764049,0.306015006776219,-0.22305140797613,-0.169400510152657,0.033283653330475,0.0571289222047189,-0.054148127945493
-0.660711400995101,-0.12121338081907,-0.0307999046874166,0.108793015991629,0.185794813440276,0.312969893288943,-0.236464298912849,-0.144561725665779,0.0417287593786151,0.049180550422862,-0.0288127653331682
-0.620969361789642,-0.0953810209496682,-0.0153999523403464,0.111276874804597,0.183807703137334,0.350228213879067,-0.284651351476941,-0.1167422870254,0.0635866809229,0.063090201035148,-0.019374100827235
-0.632395198069406,-0.0909100355871351,-0.0104322257736121,0.121709081821958,0.188278701317622,0.357183100387977,-0.32588357171679,-0.113264857197551,0.0660705356441209,0.042722498340046,-0.0223547317224742
-0.657730748090259,-0.110781081646845,0.00546449922675518,0.105812385421168,0.198214252829253,0.395434976209974,-0.371089981881947,-0.0884260727087511,0.038251362759842,0.0124193309351139,-0.00546448997840709
-0.685550175527697,-0.133136008444339,0.0158967250028397,0.0809737973080893,0.202188473437416,0.411828637265134,-0.385496420293453,-0.071038923560982,0.0178837540499034,0.00496773239032189,0.000993543630747773
-0.711879276524223,-0.146052188382054,0.00347740859942905,0.0909092325548243,0.199207807982788,0.431699741578399,-0.410335107201192,-0.058619531322511,-0.0109289607267004,-0.00496773233513514,0.0278192216872077
-0.698963113777755,-0.161452249075226,0.0347740859323171,0.100844667801559,0.198214252831411,0.438654628089509,-0.443618947648751,-0.0616001854607055,-0.0278191728400783,0.00844514505483573,0.042225604344825
-0.71138250103623,-0.175858757460722,0.0521611289012114,0.113263961864207,0.208149804346838,0.472435505425624,-0.475909240609468,-0.060606634081256,-0.0382513626728561,-0.00596127879495412,0.0501739534005479
-0.684556624581265,-0.169897443644959,0.0645804453094033,0.133134832336627,0.204672361316065,0.500751829059785,-0.536018862958857,-0.0586195313220494,-0.0278191728515501,-0.0168902899970582,0.022354731712007
-0.675117890268797,-0.167413562888365,0.0645804453094034,0.160954051020467,0.217091800711682,0.498764718628877,-0.571786572088063,-0.0660711666699393,-0.0253353181305156,-0.0153999702885792,-0.00149031545886813
-0.645808136355612,-0.168903891342289,0.0645804453094034,0.159463735733175,0.217588578287281,0.506216382747373,-0.559864002366037,-0.047193690481346,-0.0337804241786557,-0.0129161041063821,-0.00645803361682806
-0.665679155950744,-0.177845862063088,0.0491804929623331,0.154992789869607,0.193743254637166,0.48982272169498,-0.54148337405303,-0.0317936441084236,-0.0387481336184277,-0.0124193308704219,0.0129160672038602
-0.60854997460218,-0.177349085911748,0.0650772179659959,0.169895942741965,0.160459157049762,0.476906503891085,-0.541980147791441,-0.0288129899707675,-0.0303030275685987,0.014406423894064,0.0218579598888831
-0.57625956771718,-0.180826518973931,0.0660707632780186,0.174366888605984,0.148536495235235,0.456041844359515,-0.51217372349385,-0.0248387844555335,-0.021361150565834,0.0327870336373921,0.02781922167913
-0.585698302033078,-0.197716908123967,0.0625933546867113,0.171883029792954,0.136117055832207,0.418286746154754,-0.460012481024658,-0.00447098118812005,-0.0392449045722574,0.0238451153796879,0.066567423311219
-0.533536875556464,-0.16095547293534,0.0690513992176324,0.164431453358372,0.137110610983797,0.400402752273569,-0.439644757757759,0.00745163535327469,-0.018877295846538,0.0322902603966657,0.0591158460751959
-0.511181978510447,-0.148039292998446,0.0417289031366017,0.155489561636537,0.124691171587587,0.380034870342376,-0.41728993953986,0.0203678032821178,-0.000993541844585055,0.0526579630813979,0.0422256043381319
-0.548440140321498,-0.1639361298479,0.0352708586074019,0.139096093472187,0.115749175223917,0.347247548222721,-0.388477062741334,0.0516646717085285,-0.00645802223536868,0.0611031080981499,0.0640835642328721
-0.563343405015281,-0.147045740711479,0.0278192687635902,0.083954427861847,0.12767183704129,0.330357109567845,-0.336812593932928,0.0665679423960398,-0.0347739660487939,0.073025665772853,0.0859415241327102
-0.386491331162762,-0.0273226885559361,0.0188773609487651,0.172379801274593,0.10034907036115,0.396428531305649,-0.380528682966074,0.00894196227493802,0.0685543900712762,0.155490022788688,0.0158966979824575
-0.375065494900477,-0.00745164251140218,-0.0039741812406164,0.170889485987188,0.0804779673279258,0.37009931807641,-0.370096434465841,-0.00596130839872906,0.0606060549638657,0.161948074860842,0.00546448984864756
-0.394439739020363,-0.0158968370841801,0.0213612242260931,0.161450822494099,0.0978651824921654,0.348241103322136,-0.354696448596559,0.00447098107270326,0.0337804239676404,0.13512232009995,0.0104322080062216
-0.423749492913934,-0.000496776397869159,0.0233483148504916,0.140089636706883,0.110284621896676,0.334828107902902,-0.319922286941227,0.0079484108993854,0.026825630750395,0.123696535667969,-1.26508581388407e-10
-0.4769044704229,-0.00943874713156911,0.0228515421944875,0.127670342637656,0.103329735835048,0.308002117049436,-0.30203843238659,0.0233484572631681,-0.00298062594113335,0.110780431525914,0.0134128388981585
-0.484852878270527,0.00894197047229772,0.00844513516567786,0.132638060263404,0.106310401292451,0.304027896182257,-0.32886421420883,0.0218581301955514,0.0248385469507946,0.144064238352184,-0.0144063827824534
-0.509194877279914,-0.0129161801734432,0.00099354532208672,0.150521843701663,0.103826513413387,0.304027896182257,-0.317438418240025,-0.00149032720494183,0.0327868820576088,0.144561011588356,-0.0437159199248607
-0.550427242957548,-0.0248388078072463,0.0213612242230769,0.144063810788923,0.102336180685344,0.290118123145953,-0.306012622272812,0.000993551241919174,0.0496770941557894,0.132141680685695,-0.0447094635566845
-0.551420793939908,-0.0337807785398072,0.0153999523477627,0.127670342610925,0.105813623716117,0.269750241200152,-0.287631993994628,-0.00844518684957675,0.0546448036020185,0.122206215959704,-0.0581223025815256
-0.655743647035809,-0.0968713497880909,0.0357676312463404,0.111773646190082,0.0765037467361642,0.214111149074888,-0.258322343487185,0.0139097191600587,0.0139095861154487,0.0765030781650327,-0.0392449735871467
-0.810240823846156,-0.19423947514614,0.0422256757797478,0.0298063056804653,0.0765037467361642,0.124194402153118,-0.194735304928955,0.0804776616982824,-0.0809736639554257,-0.00248386619815122,0.0332837116440967
-0.857434495396773,-0.195729803598894,0.0516643562530485,0.0442126867873223,0.073523081279544,0.127671845411497,-0.176851450371329,0.0844518672123883,-0.0760059545129218,-0.0149031971081353,0.035767570723833
-0.862402250301634,-0.20417499817472,0.0347740859461606,0.0546448938057363,0.0685553055198152,0.128168623019774,-0.165922428149585,0.0854454185903252,-0.0750124126235271,-0.0139096506348171,0.0427223761433551
-0.829118292492836,-0.196723355910786,0.0337805406339908,0.0864382865968922,0.0491809800455405,0.1455558393025,-0.181819187755035,0.0735228020390855,-0.0591157424162559,-0.012419330925898,0.040238517063715
-0.780931069886642,-0.165426458357778,0.0228515421981803,0.118231679398474,0.0476906473177463,0.181323827100329,-0.193741757456133,0.0700453722160823,-0.0322901113918685,-0.0188773830003008,0.025832134407404
-0.72429866402536,-0.175361981385104,0.0392450398506823,0.128663886408467,0.0556390885353996,0.199704598605415,-0.18529660391515,0.0645808396338342,-0.0198708377919727,-0.049180550406857,0.026825678039202
-0.753608417964887,-0.198710460506502,0.0576256281255529,0.0953801783298056,0.048684202472443,0.189272268835119,-0.177348224115082,0.0849486428996711,-0.0506706363485832,-0.0710385728110643,0.0760060878077859
-0.696976012111185,-0.182316847511588,0.033780540629239,0.108296244153168,0.040238983678182,0.222059590978979,-0.183806282704346,0.086935745656929,-0.0432190721921831,-0.0561353757288683,0.0784899468872968
-0.682569522870689,-0.147045740752983,0.0486837203135525,0.137109006396319,0.024838878823206,0.236466141625394,-0.186786925126548,0.0983615865039396,-0.0541480329755255,-0.0407354054058531,0.100347906777225
-0.578246669774788,-0.0715357657356901,0.029806359384002,0.184302323858193,0.035271207922497,0.285647124850004,-0.207154648355427,0.0556388772184813,0.00397416755915536,0.0208644759431611,0.0760060878090549
-0.59811768936688,-0.0889229310207853,0.0377547218832441,0.183308780334773,0.0462003145988578,0.302040785916574,-0.19721917360119,0.0596130827358687,0.00745156416660514,0.0149031971096438,0.0948834168193311
-0.532046549220018,-0.0834583933611461,0.0457030843829568,0.190263585003277,0.0501745352075898,0.328866776749667,-0.210135290779899,0.049180793259591,0.0392449045692304,0.045703137751135,0.0923995577395949
-0.560362752195875,-0.0770003033911242,0.0461998570392846,0.182812008562117,0.056632643695006,0.319428002190613,-0.203677232197471,0.0496775689485402,0.0457029268490861,0.041232178620785,0.0879286113986182
-0.648292013962338,-0.100845558644059,0.0586191734371785,0.160954051023711,0.0784908570492931,0.285150347220947,-0.190761115016962,0.0616001854997798,0.00347739658305435,0.0486837771635797,0.117238148528114
-0.689524379692014,-0.0914068117712044,0.0611030367186699,0.137109006427337,0.0715359709848425,0.266769575720514,-0.169896618045272,0.0452065877543045,0.0139095864160927,0.0501740968732569,0.136115477524938
-0.747150336534421,-0.0779938556853104,0.0506708109416586,0.129160658229748,0.0854457431084314,0.265279242896312,-0.191257888774321,0.0571292042953915,-1.63125624119687e-11,0.0516644165829339,0.168902417359829
-0.766027805190951,-0.0650776757429363,0.0541482195319362,0.143070267582897,0.0943877394746629,0.269750241369861,-0.20417400595123,0.0471936905098704,0.015399899267959,0.0635869742611508,0.158966981048027
-0.851473189508835,-0.0889229310120592,0.0625933546907573,0.119721994742174,0.105316846148936,0.251369469870592,-0.198212721099519,0.0576259799821104,-0.00894187698662174,0.0312967139012508,0.180824940940785
-0.8708474336617,-0.107303648612027,0.0516643562568887,0.113263961829271,0.111774954637894,0.272730907019743,-0.21212238574305,0.0407356065536976,0.0253353181773635,0.0288128477209846,0.139592880228915
-0.919034656230109,-0.1485360691505,0.0755094437433167,0.105812385395442,0.111278177061856,0.259814689213124,-0.222057860497287,0.077000231883483,0.0139095864617466,-0.00844514500597127,0.158470209225983
-0.989080000413453,-0.179336190544358,0.0909093960748812,0.0407352845022383,0.115252397670019,0.241930695321754,-0.200696589794424,0.0919035025663794,-0.0303030275925611,-0.0303031674119352,0.182812028199199
-0.92052498299501,-0.137606993912791,0.0869352148254956,0.0799802536570601,0.0938909618891605,0.267763130909931,-0.234477203998361,0.0665679423861684,-0.00198708383927981,-0.0104322379929647,0.132638074754064
-0.939402451662734,-0.155987711524457,0.0799803976355692,0.0829608842338627,0.0859425206735942,0.266272798084471,-0.246399773690823,0.0506711203334365,-0.00447093856205288,-0.00149031973334268,0.102831765800897
-0.864886128112598,-0.148536069255307,0.076999761700913,0.102334982962308,0.0784908570326666,0.302537563485631,-0.251864284804512,0.0322904198138589,0.0332836532094687,0.0188773829350162,0.0402385169887036
-0.862402250657151,-0.18380717601017,0.0789868523258412,0.0755093077568726,0.0919038515834548,0.288131012840129,-0.240935262590988,0.0452065877357029,0.0322901113208439,0.0208644758810661,0.0258321343340722
-0.877305515378578,-0.203678222066086,0.0844513515431801,0.0705415901317506,0.0710391933945852,0.266769575682867,-0.195232078736776,0.0347742982626555,0.0312965694324426,0.0352708997351034,-0.00347740278972886
-0.880286168325599,-0.202684669763122,0.0486837202944715,0.0809737971401643,0.0506713127770221,0.261305021992857,-0.172380486814764,0.0317936441259992,0.0461996977606988,0.0402386320987642,-0.0317933962924848
-0.874324862433836,-0.214110521254849,0.0511675835756685,0.0884253735817004,0.0377550957977185,0.247395248956847,-0.172380486814764,0.00894196241753165,0.0486835524819197,0.0476902306483484,-0.0680577388486456
-0.916550779227348,-0.225039596591399,0.0596127187297377,0.0466965454780384,0.0298066545802547,0.2200724805068,-0.161948238331098,0.00993551379608384,-0.000496771032672982,0.0198709294066302,-0.0382514298958656
-0.923008860609289,-0.234975119623573,0.0253354054573388,0.0322901643646398,0.0198711030570019,0.219078925290613,-0.14207728882816,-0.00496775687912136,0.0084451059627163,0.0307999406142985,-0.0571287588929337
-0.973183185282296,-0.237459000382908,0.000496772657505081,0.0303030773110819,0.0362647630576508,0.181323827030898,-0.126180529251938,0.00695485965888946,0.0278191728076092,0.0417289518205024,-0.0824641214980377
-1.16146109587245,-0.310485094536941,-0.00844513515705523,-0.0551416657591222,0.0635875297501838,0.107303963442902,-0.0596128483818545,0.0412323822476846,-0.0357675079579197,-0.0144064238429868,-0.0208644162874487
-1.06359632424385,-0.232491238824546,-0.0158967250066049,-0.00149031545381727,0.0407357612385192,0.137110619934177,-0.0804773453628459,0.00645808396156888,0.0357675079336898,0.0317934870963485,-0.0695480542941296
-1.12867391346581,-0.230504134219839,-0.0218579968775056,-0.0129160659836715,0.0471938697274773,0.105813630618668,-0.0506709211267073,0.0288129899965856,0.0208643796113935,0.00447095912147333,-0.0362643426114317
-1.1227126075737,-0.217587954275273,-0.0134128617241867,0.0173870115605332,0.0312969872959651,0.103826520184114,-0.049677373653083,0.0342775225762956,0.00844510599939186,-0.000993546480676732,-0.0397417453219806
-1.04273175366889,-0.182813623688486,-0.0307999046946258,0.0382514255776239,0.0134129945459978,0.116742738002449,-0.0879289514361154,0.0288129899929195,0.06010928413042,0.00943869147560217,-0.0695480542844156
-1.03776399875738,-0.159465144580957,-0.000496772659534393,0.0188773268433142,0.00645810847689832,0.108297518660849,-0.0740192868022711,0.0422259336042383,0.0531544909119579,-0.0158967435929858,-0.0695480542844158
-1.00895102029981,-0.1063100963842,-0.00596127187865329,0.0362643385292671,0.0168904375761894,0.105316853009207,-0.0650773595284406,0.0452065877416636,0.0760059543326262,-0.00645805210114481,-0.0630900206760134
-1.00696391833152,-0.092897140290054,-0.00347740859885379,0.0655738725637014,0.0154001048475771,0.0789876397455314,-0.0501741474195052,0.0635872882356293,0.114257317076715,0.0153999703065764,-0.0601093897820104
-1.03925432526531,-0.097368125655908,0.0034774085925144,0.0784899383899955,0.018380770305051,0.0581229801959175,-0.0481870524704294,0.0611034097886402,0.109289607635329,0.00695482528303537,-0.0531545843609564
-0.997028408454829,-0.0576260335381731,0.0134128617168611,0.116741364135761,0.00149033272842336,0.09190385758904,-0.0556386585200194,0.0511678960074772,0.144063573719819,0.0149031970653182,-0.0347740271751944
-0.886744249579527,0.0104322991159997,0.0288128140611949,0.179831377950144,-0.0223549909285221,0.145059061665709,-0.104819258541848,0.0119226165166914,0.193243897142227,0.0730256656695336,-0.0620964770547705
-0.961260573121113,-0.0258323598772001,0.0457030843820887,0.13313483232229,0.00397422061532643,0.143568728842041,-0.0943870100482997,0.0561356528981996,0.128166903529181,0.035270899749213,0.0168902417207673
-0.934931472118546,-0.0223549268193701,0.0352708586029148,0.144063811090115,0.00149033273519522,0.177846383804476,-0.142077288850037,0.0462001391080637,0.136612009579854,0.0491805503596363,-0.00347740273834685
-0.931454043682116,-0.0124194037899363,0.0382514945383651,0.165921768634035,-0.00248388787458037,0.198711043358932,-0.167909523182267,0.0387485037717109,0.143566802803531,0.0665676136336133,-0.0119225236081366
-0.932447594660789,0.0188774936940277,0.0461998570413735,0.177844290919592,0.00645810850232451,0.217091814857426,-0.18281273532774,0.0258323358412012,0.124192736020129,0.0814708107038302,0.01539992627498
-0.963744450619191,-0.013909732293365,0.0496772656320631,0.153999246297351,0.019871103062078,0.197717488121136,-0.20814819591893,0.0571292042312732,0.0998509597363468,0.090412728967286,0.0516642688273832
-0.914066901629464,0.00844519448231695,0.0466966296936114,0.174366888538516,0.00745166365756711,0.231498365484327,-0.248386868686483,0.0496775688868446,0.102334814454402,0.105315926049881,0.0397417452417912
-0.894195881954894,-0.0119226277377453,0.0461998570376808,0.17834106264152,0.0198711030594094,0.259317911573368,-0.279683614129634,0.0437162606204541,0.100347730677301,0.0844514501157976,0.0278192216643862
-0.873828086807364,0.017387165200639,0.0615998093797342,0.167908855628633,0.0139097721440346,0.283163236771418,-0.298064242417035,0.0606066340536609,0.0958767921789917,0.102832059867991,0.00745157721345224
-0.891712004506946,-0.0193742700059261,0.0760062163995849,0.152012159223832,0.00496777577438792,0.271737351776227,-0.316941644423264,0.0849486428084031,0.0655737645944869,0.101838513395392,-0.000993543654588036
-1.00298971436524,-0.076503527330041,0.0620965820246755,0.104322070059953,0.014903327301436,0.221562813351892,-0.302535206018983,0.126181025056088,0.0208643796700537,0.0685547066101451,0.0139096108275942
-1.03180269285863,-0.103826215649681,0.080973942951431,0.105812385347659,0.0149033273014359,0.196227155335111,-0.307006169658328,0.134626211769096,0.016890212114263,0.0799804910415121,0.00347740269675612
-1.04471885561127,-0.0963745733846411,0.0824642609202817,0.107799472395703,-0.00695488605650421,0.183310937529036,-0.302535206015247,0.14605205262731,0.0149031283379568,0.0824643572208461,0.00943866449078712
-1.07452538508149,-0.0993552302930281,0.0695481718628384,0.0789867101736304,0.000496777586202174,0.184304492745454,-0.322902929265121,0.138103641598688,0.0223546925034814,0.0829611304570061,0.00099354361913595
-1.1435771781924,-0.151019949971559,0.0650772179553596,0.0263289033579636,0.0104323291115897,0.18678838078469,-0.318431965620171,0.166916631585621,-0.0168902120643456,0.045703137759002,-0.0233482753666949
-1.10085448594112,-0.115748843229417,0.0630901273321966,0.0347740233316431,-0.001987110295293,0.220569258160709,-0.345257747461842,0.137110090262897,-0.00149031277930473,0.068057933398769,-0.0730254569540192
-1.18381599280711,-0.134626336949702,0.0874319874807191,0.00347740231824295,0.00695488607670181,0.221066035768629,-0.331348082791183,0.15499401508468,-0.0307997984721309,0.059612788386769,-0.0690512824250771
-1.18033856436562,-0.120219828548312,0.0779933070152452,0.00546448936944478,-0.00447099817272031,0.241433917705837,-0.332341630266469,0.149032706816444,-0.0407352173606146,0.0660708404641142,-0.0933931014071221
-1.16444174865182,-0.120716604699505,0.0740191257670365,0.0149031528575334,0.0049677757758346,0.262298577234326,-0.341780331286281,0.140587520101692,-0.0601092841982429,0.0566321489720198,-0.0953801886712082
-1.15102881037598,-0.100348782483332,0.0794836249782263,0.0134128375689252,0.00198711031843166,0.286143902435394,-0.354696448459952,0.129161679261462,-0.0576254294764634,0.0601095616258829,-0.098360819566254
-1.12519648483067,-0.115252067025585,0.100348076536265,0.0144063810943507,-0.000496777562885603,0.32290544544983,-0.365128696958441,0.146052052686824,-0.0715350159179072,0.0481870039569319,-0.0869350678005041
-1.12271260737309,-0.100348782483648,0.0884255327955228,0.0178837834318917,0.00695488607555161,0.337311996090166,-0.363638375745201,0.13860041735201,-0.0804768929213425,0.0253354350871551,-0.0928963295908281
-1.17934501336434,-0.12717469464889,0.0943868046696013,0.000993543517129136,0.0422260939826789,0.332344220009021,-0.353702900986812,0.161948874736839,-0.102831585418476,0.00596127887952114,-0.072528685134879
-1.25336456169674,-0.154497382993456,0.109786757006182,-0.0248385881660896,0.0466970921670221,0.315950558932768,-0.325883571675724,0.19274896745447,-0.136612009657898,-0.0352708997670401,-0.042225604368771
-1.28168076468018,-0.142574755365218,0.12916089059665,-0.00894189175406992,0.0437164267099041,0.295582677003293,-0.318928739341363,0.178342472466394,-0.133134613047494,-0.0228515688593862,-0.0144063826719398
-1.28168076468018,-0.145058636119967,0.116244801540354,0.0342772515839458,0.0571294212690172,0.308995672418567,-0.311973907008166,0.179336023844562,-0.115250859054033,-0.00397418589568499,-0.01241929540721
-1.25535166367006,-0.177349085939938,0.113264165605698,0.0596126114557708,0.0546455333882931,0.304524673946903,-0.312967454484281,0.192748967449997,-0.0993541888423915,-0.0104322379662802,0.000496771809008978
-1.26479039801232,-0.176852309788324,0.127670572629815,0.0650771008455413,0.0650778624858405,0.290614900918522,-0.314457775697313,0.198710275718233,-0.10382512734383,-0.00645805207364725,0.0457030070490809
-1.27671300979676,-0.179336190544444,0.128167345285893,0.0665674161327204,0.0541487558081749,0.258324356402314,-0.294090052450276,0.204174808298789,-0.0859413733391943,0.0134128773778008,0.0670641951325976
-1.26379684701916,-0.171387772123427,0.117735119517531,0.0740189925746327,0.0606068642986747,0.232988698375378,-0.282664256488474,0.195232845897358,-0.0869349152278691,0.026825754750879,0.0784899468956841
-1.24293227640518,-0.15002639761581,0.125683482009006,0.0988575806939761,0.0471938697344381,0.227524144687674,-0.26527717566105,0.195729621586115,-0.0760059544516292,0.0327870335863127,0.0740190005529699
-1.27224203041984,-0.172381324432272,0.144064070272446,0.0809737972372216,0.0263292115400899,0.184801270349265,-0.240935262529106,0.212619995007555,-0.0586189713930886,0.0586192418718108,0.0909092422898148
-1.31943570217358,-0.212620192737764,0.151515660112065,0.054644893811788,0.0213614357821396,0.151517170578558,-0.218580444342972,0.221065181714244,-0.0591157423377549,0.0442128180119838,0.130650987538566
-1.25584843916385,-0.200200788940827,0.147541478865268,0.0849479713598153,0.0193743254781058,0.153504281012651,-0.227522371616803,0.201690929849224,-0.0153998992153117,0.0725288925140661,0.118231692145516
-1.22554513421782,-0.178342638304822,0.140089889025429,0.114257505335835,0.0298066545761514,0.172381830118615,-0.22404495545064,0.200697378470339,-0.00993541882876259,0.0660708404431249,0.10779948401157
-1.26280329606094,-0.199207236655124,0.149528569490623,0.10034789599602,0.0476906473081874,0.13512350950177,-0.201690137255164,0.190265088997022,-0.00943864788472948,0.0486837771877842,0.121709094861787
-1.28615174412518,-0.184800728268406,0.159960795259603,0.0769996231741433,0.0427228715458492,0.120220181256762,-0.199703042302988,0.178342472459319,-0.0238450052634896,0.0516644166052611,0.103825309484326
-1.29260982551923,-0.178342638298384,0.158470477292165,0.0784899384619994,0.0466970921530634,0.123200846906392,-0.186290151390186,0.178839248148255,-0.0278191728211681,0.0640837475142457,0.067560966933331
-1.3080098657489,-0.199207236660194,0.162444658540256,0.0496771762232094,0.0422260939650914,0.107800741044608,-0.174367581695399,0.193245743125923,-0.0392449045444953,0.0357676730394831,0.0531545842736612
-1.33036476286803,-0.217091178111277,0.16592206713043,0.049180404460503,0.0412325388128372,0.100845854522641,-0.185296603919579,0.196723172949196,-0.0526577200464631,0.0139096506487479,0.0412320606947121
-1.34973900700904,-0.239942881073641,0.141580206988395,0.0293095339675344,0.047193869731343,0.090910302359931,-0.178341771593358,0.189271537616496,-0.0486835524929567,-0.0064580520469002,0.022354731686393
-1.29857113137786,-0.229013805738482,0.114754483570135,0.0432191433241917,0.0536519782223051,0.138600952779171,-0.187283698862456,0.175361818329328,-0.0481867815486502,-0.0238451153120252,-0.0069548054499371
-1.12072550563746,-0.130155351630211,0.122702846062081,0.10084466775671,0.0218582133433418,0.197220710552766,-0.238451393863172,0.119226165444753,0.0332836532106882,0.0427224982914669,-0.107799484099002
-1.13066101547246,-0.119226276294356,0.146051160873529,0.0998511242312849,0.0144065497015246,0.19622715533574,-0.220567539319994,0.137110090243925,0.0168902120510405,0.0437160447644382,-0.108296255914807
-1.18282244204086,-0.171387772164026,0.162941431172414,0.0506707197382351,-0.000496777582998792,0.144065506453451,-0.201193363549502,0.169400510031455,-0.00695479328310916,0.0253354350117512,-0.0943866450701765
-1.14705460667043,-0.158471592230695,0.160457567892615,0.0367611103885958,-0.024342101229129,0.162446277965128,-0.198212721125555,0.182813453638966,-0.0183805249990119,0.0233483420672451,-0.0938898732541904
-1.11228032232709,-0.152013502267111,0.134625389786142,0.0486836326840762,-0.0183807703144658,0.154001058622103,-0.192748210008213,0.188277986219663,-0.0153998993335841,0.0173870632318114,-0.0968705041512454
-1.10383513896596,-0.138103770030036,0.138102798376626,0.0332837080374576,-0.0372583182054917,0.14654939449732,-0.178341771631627,0.187781210530727,-0.0203676087817998,0.00397418584974707,-0.0705415979121806
-1.1152609752713,-0.122206933181256,0.143070524935416,0.0730254490454508,-0.0322905424411376,0.165923721225026,-0.183309509003486,0.18231667795426,-0.0124192736692246,0.0208644758925303,-0.0630900206737435
-1.09886738404872,-0.103329439427736,0.138102798377803,0.089915688970439,-0.0322905424411376,0.180330271875392,-0.186290151429425,0.17337471555029,0.00298062561004281,0.0332838067995183,-0.0665674233849696
-1.12768036254156,-0.096871349457851,0.152509205404906,0.093393091308156,-0.0317937648646724,0.156981724276523,-0.19572885244424,0.169400510038338,-0.00298062572051466,0.0536515094951662,-0.0521610407198865
-1.20468056377242,-0.119723052437184,0.173373656956148,0.0750125360847722,-0.0263292115277312,0.126678290167152,-0.190761115071966,0.177845696749603,-0.0307997986207867,0.0387483123977943,-0.0049677182232406
-1.31099051867752,-0.16989744366611,0.151018887437953,0.0581222961823635,0.00844521880614452,0.113762072365164,-0.154993405929806,0.215600649150171,-0.0705414740714362,-0.00397418585757103,0.0536513560976588
-1.33284864032792,-0.186787832823672,0.13959311636407,0.0253353598152012,0.0129162169915551,0.102336187366357,-0.164928880673802,0.204174808308172,-0.0799801220179732,-0.00248386614821317,0.062096476965479
-1.31595827361811,-0.152510278381943,0.116244801534646,0.0586190679198909,0.0228517685157565,0.120220181281872,-0.181819187754593,0.186290883509462,-0.055638345739666,0.026825754800134,0.0432191479608279
-1.36613259824887,-0.170394219829991,0.108296439036817,0.0407352844559176,0.0248388788206445,0.0983619665096156,-0.186290151390699,0.203181256927851,-0.0755091835220969,0.0158967436015451,0.078986718694896
-1.41581014732505,-0.163936129868189,0.119225437471333,0.0352707950713849,0.016890437600714,0.0953813008584132,-0.179832092799634,0.206161911062123,-0.0804768929647246,0.0208644759645398,0.125683269388795
-1.41680369830857,-0.18331039977209,0.114257710913278,0.0576255243931741,0.0144065497190411,0.0899167471654066,-0.177348224115192,0.203181256928236,-0.0730253287928667,0.0129161041779968,0.105315624941291
-1.42971986109457,-0.198213684317505,0.117735119503556,0.0362643386113468,0.0317937648849411,0.0784908621740721,-0.179335319064324,0.203181256928236,-0.0973671050851679,0.00496773239507498,0.11823169215115
-1.42922308560313,-0.196226579712756,0.119722210126777,0.0461997738545731,0.0452067594363696,0.074516641305886,-0.179335319064324,0.217587751910364,-0.093392937531165,-0.00298063938443915,0.119722007598857
-1.3427841502205,-0.161452249136295,0.123199618717673,0.062096470247745,0.0486842024712929,0.0973684112965097,-0.196225626155938,0.185794107785211,-0.056631887687874,0.014903197110363,0.1033285376692
-1.30105500887995,-0.145555412278746,0.106806121072453,0.0765028513702291,0.0606068642923656,0.0958780784704525,-0.183806282731306,0.170394061426594,-0.0422255302882286,0.0288128477349501,0.050670725195505
-1.27273880589542,-0.121213380877031,0.12618025465661,0.0640835573151003,0.0457035370135344,0.0779940845790828,-0.192748210010119,0.165426304536012,-0.0581222004907329,0.0288128477349501,0.0218579598625381
-1.23498386851085,-0.094884244842609,0.115748028886704,0.0834576560841136,0.0462003145896317,0.0909103024034121,-0.189270793849091,0.176852145378011,-0.0457029268778001,0.0258322083161149,0.00347740267725305
-1.24988713325423,-0.107303648620048,0.14207697964946,0.0740189925974534,0.0308002097250973,0.0889231919690256,-0.176851450405776,0.182813453646094,-0.0541480329301625,0.0303031674397558,0.00546448994133897
-1.28068721376868,-0.115252067045787,0.151018887459253,0.0884253737224819,0.0442132042781263,0.0849489710991628,-0.163438559500822,0.183807005023185,-0.0586189714339477,0.0347741265672299,-0.0283159935288508
-1.32390668154226,-0.141581203055074,0.152509205427044,0.0914060042960513,0.0640843073222602,0.0690520876197111,-0.176354676685289,0.183310229334172,-0.0466964687737266,0.041232178637133,-0.0491804097893089
-1.34179059925211,-0.152013502240738,0.153999523394615,0.0745157643663766,0.0884264085498715,0.0635875339254365,-0.185793377688009,0.169400510036596,-0.0457029268843566,0.0745159854705379,-0.0486836379733881
-1.33086153843277,-0.134626336938676,0.150522114804338,0.0779931667045324,0.0849489655178537,0.0586197578405183,-0.187283698900003,0.145555276957498,-0.0288127147600015,0.0894191825607209,-0.074515772397457
-1.40041010732571,-0.16940066754612,0.141083434341938,0.0546448938749998,0.0710391933902804,0.0332840997900639,-0.160457917084489,0.144561725579766,-0.0357675079800282,0.0953804613956759,-0.0680577387913981
-1.4972813280326,-0.211626640395683,0.141580206997722,0.0243418163644321,0.0914070740117332,-0.0144065506503047,-0.126677302917259,0.177845696771998,-0.0715350159347687,0.0720321193017988,-0.0511674970458
-1.52758463304705,-0.208645983486094,0.14406407027833,0.00943866347891558,0.0804779673426774,-0.00844521934664197,-0.128664397864619,0.192252191753011,-0.0765027253817425,0.0635869742809729,-0.0158966981167441
-1.57130087626418,-0.24192998561316,0.142076979655344,0.00844511995416658,0.0879296309834272,-0.0337808773826643,-0.109786995836828,0.189271537618047,-0.075012412549718,0.0660708404613048,0.00496771816101504
-1.60259773225014,-0.258820374763913,0.152012432769687,0.0273224469415351,0.0948845170475458,-0.0596133130384084,-0.0923999150418587,0.172877939886107,-0.0804768929384522,0.0879288628549688,0.0019870872652743
-1.53901046940465,-0.233981567215622,0.135618935129807,0.0710383619996034,0.114258842520433,-0.0298066565402173,-0.101838616057989,0.138600417319425,-0.0317933404505811,0.110780431692294,-0.0357675707699576
-1.51864267422165,-0.23447834336732,0.131147981225506,0.0769996231517042,0.117736285551288,-0.0139097730647902,-0.101838616057989,0.104819670469572,-0.00596125133148329,0.110780431692294,-0.0268256780837757
-1.49380389963034,-0.217587954225883,0.131644753881407,0.0591158397035213,0.106807178879363,-0.0203678819813831,-0.0794837978600219,0.0909099511719964,-0.00894187699586818,0.104322379622391,-0.0288127653472687
-1.51665557227753,-0.220071834985059,0.119225437480939,0.0596126114663654,0.127671837051798,-0.0372583206807951,-0.0660709069629139,0.113264857181055,0.0109289607810997,0.0789869445755293,-0.0342772553227584
-1.52609430662123,-0.221562163439016,0.112767392954225,0.0690512749525489,0.129162169779877,-0.0501745385064871,-0.0611031695900856,0.127174576480784,0.0173869830601475,0.0586192418826113,-0.0387482016671528
-1.49380389961205,-0.19374269894893,0.111773847642085,0.0804770254896085,0.148039717665044,-0.0377550982822697,-0.0596128483792958,0.123200370969345,0.0298062566656309,0.0586192418826113,-0.0461997789050097
-1.52261687814845,-0.185297504372926,0.107799666395406,0.089418917218888,0.135123500687899,-0.0178839939203774,-0.0516644685845423,0.1157487356328,0.0188772958888447,0.0665676136625513,-0.0342772553243607
-1.51168781731949,-0.182316847463716,0.129657663248903,0.0909092325079472,0.140588054023145,-0.0332840997912589,-0.0546451110059972,0.105316446164867,0.0327868823372423,0.0814708107555302,-0.0471933225340526
-1.56732667242958,-0.197716908165383,0.141083434327861,0.0581222961631192,0.145555829782162,-0.0462003176240362,-0.021361270637255,0.106309997543239,-0.00397416755198665,0.0700450263232444,-0.0124192954296838
-1.57626863128964,-0.206658878897185,0.132141526525217,0.0427223715168888,0.133633167956536,-0.0466970952330783,-0.00397418985923742,0.127174576472376,0.0139095864419208,0.0591160151296335,-3.22897264481981e-11
-1.66270756675825,-0.247394523290209,0.129160890588972,-0.0273224469752475,0.127671837043722,-0.113265294797668,0.0452064101173768,0.169400510060297,-0.0422255302127786,0.030303167460547,0.0506707252169842
-1.64780430200032,-0.233484791046641,0.12667702730829,-0.0228515011123558,0.105316846120939,-0.132639621534776,0.0501741474870225,0.171387612817811,-0.0422255302127786,0.0452063645443408,0.0258321344168859
-1.63886234315327,-0.240936433313421,0.124193164028637,-0.0173870117236879,0.0998522927828242,-0.112768517181688,0.0561354323350806,0.19672317295945,-0.0307997985017306,0.055638602502297,0.0298063089437688
-1.64830107751341,-0.245407418680604,0.13015443590201,-0.0233482728786464,0.0889231861236811,-0.123200846972672,0.0725289656400686,0.19970382709203,-0.0263288600046506,0.0611031081035689,0.0546448997351778
-1.61650744605357,-0.208149207360142,0.127173799965765,-0.0153999246832631,0.0859425206674169,-0.108297518712887,0.0904128201707913,0.192252191754139,0.0178837540032471,0.0854449966851789,0.062096476975545
-1.61650744605357,-0.215104073479565,0.135618935117083,-0.0303030775590045,0.0804779673339977,-0.117239515673663,0.100348294906207,0.176852145389562,0.00149031284237061,0.0680579334112019,0.073522228739666
-1.59514609989421,-0.213613745025292,0.137109253084698,-0.0213611858337853,0.0953812946146076,-0.13214284394351,0.111277317118208,0.196723172947273,0.0223546925019292,0.0466966842448859,0.0596126178952161
-1.64383009816772,-0.233981567245786,0.128167345284437,-0.0322901646228392,0.0963748497663164,-0.134626731988144,0.120716018117773,0.213613546368713,0.0198708377797151,0.0322902603885329,0.0536513561046599
-1.65923013844249,-0.229013805728013,0.115748028893898,-0.0183805552577599,0.083955410366549,-0.140588063297969,0.122703113063196,0.218581303259807,0.0342771951768393,0.0173870632923598,0.0581223024443629
-1.68357213757714,-0.231994462639373,0.127670572629698,-0.0059612611872795,0.0933941843124,-0.133633176772334,0.12021924438166,0.198710275708761,0.0168902121274244,0.0119225576931388,0.0755093159939559
-1.71834642204225,-0.241433209521039,0.142076979649975,0.00894189170425276,0.111774954621423,-0.129658955897524,0.112270864596648,0.187284434864698,0.0342771951790122,-0.0029806393946481,0.0869350677565981
-1.76603686929773,-0.259317150978573,0.153502750738067,0.00745157641673497,0.129162169785663,-0.13909773046753,0.120716018121869,0.199207051405478,0.0422255302858264,-0.015896743533244,0.12170909487223
-1.75610135947128,-0.246400971050996,0.153005978082093,0.0298063057182234,0.135620278276008,-0.143071951336807,0.120716018121869,0.164929528852948,0.0496770944416675,-0.0208644758934431,0.10829625584235
-1.7377206662468,-0.220071835012103,0.152509205426059,0.0620964702859957,0.117736285548668,-0.116245960455044,0.103825711080131,0.159961771965058,0.0481867816094194,0.00198709296714883,0.0874318395786471
-1.77448205262576,-0.261304255543579,0.15151566011386,0.0546448938529177,0.111774954634859,-0.13313639915018,0.0928966888690428,0.145058501280623,0.0238450053700466,0.00844514503445692,0.0914060141062509
-1.79236597034895,-0.272233330878274,0.169896248369681,0.0526578068019667,0.114258842513864,-0.112768517188909,0.0884257252387906,0.14406494990184,0.0243417763145141,0.035270899793193,0.067560966942483
-1.7958433987923,-0.281672077756937,0.159960795249747,0.0457030021271469,0.0943877394706783,-0.103826520225869,0.0779934767638436,0.125187473722502,0.0248385472585222,0.053651509542431,0.0745157723653391
-1.75709491036311,-0.277697868541791,0.153005978068471,0.0591158397310492,0.108297511589619,-0.109787851534059,0.0909095939130485,0.101342240652633,0.0188772959239418,0.0889224093088268,0.0695480542058349
-1.70890768759833,-0.25733004632994,0.159464022592699,0.062096470308002,0.107800734013474,-0.10332974261515,0.0755096080802321,0.0953809323831658,0.0337804242548051,0.110283658476288,0.0158966980950002
-1.70443670816372,-0.245407418686778,0.138599571049488,0.0615996985453331,0.119226618257987,-0.106310408268742,0.0630902646673621,0.105316446161252,0.0253353181967441,0.118728803492587,-0.00794834906073572
-1.65823658738453,-0.237459000259859,0.132141526524687,0.0864382866728222,0.103826513405584,-0.0859425262958682,0.0447096364009547,0.104322894783187,0.0243417763084916,0.118728803492587,-0.0506707252341367
-1.67065597470503,-0.239446104867095,0.132638299180514,0.0725286773172179,0.111278177042954,-0.0725295308554113,0.0506709212398796,0.106309997539266,0.00347739664632574,0.10730301905479,-0.0750125442117675
-1.69748185124517,-0.267762345486863,0.133135071836489,0.0531545785907272,0.104323290976345,-0.0779940845517611,0.0615999434561437,0.118729389775494,-0.00745156411653064,0.108296565526936,-0.0804770341882506
-1.7004625041996,-0.265278464730006,0.134128617148541,0.0293095339919469,0.0993555152160231,-0.0755101965086993,0.0630902646663523,0.0889228484212375,-0.0238450052786368,0.0998514205165202,-0.100844678647102
-1.74020454358677,-0.282665630036126,0.142573752300359,0.0288127622296416,0.104820068553747,-0.0948845232621578,0.0700450969832746,0.0973680351438337,-0.0372578207702122,0.0819675840169261,-0.116741376759989
-1.76554009371573,-0.283659182339533,0.125683482011977,0.0437159151068866,0.0948845170359489,-0.11574918283246,0.0670644545624837,0.0973680351438337,-0.0337804241592864,0.0675611601698378,-0.114754289495775
-1.83359833620079,-0.301543123804276,0.141580207001046,0.0253353598830394,0.116245952806608,-0.119723403704503,0.0750128343534733,0.10730354892474,-0.052160949095861,0.0630902010433219,-0.0968705041285101
-1.90612755817957,-0.319427065277748,0.1405866616892,0.0153999246217671,0.101342625535959,-0.140588063295056,0.0660709070973277,0.122703595285741,-0.0591157423217984,0.0303031674598537,-0.0581223025014421
-1.91109531309964,-0.345259425159206,0.139096343722291,0.0283159904500162,0.106310401296874,-0.117239515679931,0.0546451111482578,0.124193922353281,-0.0412319883395119,0.0248386618612189,-0.0461997789147692
-1.88029523257104,-0.346252977462572,0.146051160906244,0.0332837080761409,0.095878072204307,-0.103329742633063,0.0461999576225667,0.102335792034723,-0.0228514633942085,0.0367612195247398,-0.0556384434180113
-1.8912242933931,-0.352711067434239,0.152509205431046,0.00943866347435285,0.109291066753814,-0.111278184376479,0.0561354323635179,0.0983615865219497,-0.0442126140036483,0.0566321489724608,-0.0342772553253603
-1.87781135508722,-0.355194948193521,0.158470477299828,0.0163934681533832,0.101839403116444,-0.105316853072062,0.0606063959914036,0.108793875987999,-0.0402384464472615,0.0655740672287268,-0.00248385911276827
-1.92649535332346,-0.380033755782915,0.167909157760551,-0.0228515011202268,0.105316846150039,-0.109291073942931,0.0591160747804889,0.13114878199302,-0.0725285578271676,0.038748312462084,0.0377546579685339
-1.95133412795708,-0.399904801845154,0.166915612448499,-0.0342772516673748,0.118729840700187,-0.117239515681651,0.0794837979741913,0.146052052675916,-0.0690511612158941,0.0273225280301039,0.069548054192248
-1.93345021022533,-0.401395130300565,0.150522114796968,-0.0447094586786835,0.144065497065431,-0.0988587441459303,0.0601096222274473,0.147542379744225,-0.0695479321602005,0.0153999703541239,0.10134145041143
-1.88228233450014,-0.382020860391731,0.143070524958452,-0.0407352845799893,0.152013938280049,-0.0894199695761227,0.0471935050649305,0.148535931123008,-0.0506706362829325,0.0551418292154895,0.09538018861848
-1.84949515196681,-0.367614351988507,0.130651208562029,-0.0193740987809185,0.16493015524702,-0.0804779726149692,0.0193741757809674,0.141084295787809,-0.0337804241784197,0.0675611601198154,0.095876960434119
-1.80230148010827,-0.335323902115785,0.123199618721307,0.00993543522541539,0.174368929186337,-0.0417293191043729,0.0208644969906365,0.130652006318799,0.00397416759027086,0.0834579036826775,0.065573879677826
-1.83856609105357,-0.341781992090603,0.116244801540648,-0.00993543528309225,0.184801258280398,-0.0596133130202654,0.0362644828333194,0.143568174232644,-0.0124192735595438,0.0700450262973786,0.109289799463911
-1.87433392650955,-0.342278768242301,0.118728664819933,-0.0149031529092169,0.195730364948671,-0.0765037517211028,0.0273225555664636,0.15251013663869,-0.0109289607268859,0.0630902009945895,0.140586423860478
-1.93146310815431,-0.336814230573851,0.0993545312380706,-0.0114257505696577,0.173872151604298,-0.067064977151096,0.0268257818295475,0.164432753174548,0.0238450053697717,0.0630902009945895,0.152508947441899
-1.92450825125769,-0.316446408355518,0.0889223054663111,-0.00447094589308371,0.17933670493863,-0.0690520875857341,0.00745160610061393,0.155490790775423,0.0312965695358551,0.0874320895592415,0.127173584837123
-1.98213420847169,-0.346749753650269,0.0923997140557651,-0.0109289788190216,0.19821425282515,-0.1132652948194,0.0357677090866896,0.179336023818838,0.00894187701134119,0.0819675839538696,0.131644531176883
-1.95133412792954,-0.342278768284795,0.100844849206333,0.00645803288052834,0.20318202858227,-0.0948845233026823,0.00794837984069902,0.17685214537249,0.0218579215621736,0.106806245753536,0.098857591320753
-1.95828898482375,-0.337311006767127,0.11276739295449,0.000993543491447181,0.199704585553572,-0.0983619665650962,0.026329008113763,0.188277986225692,0.0228514634507742,0.129657814625762,0.0894189268209349
-1.99952135069149,-0.354201395917522,0.11276739295449,-0.0183805552472611,0.211627247369807,-0.105316853089851,0.041728993960307,0.203181256901282,0.0129160445702368,0.0948836881267259,0.094883416797841
-1.98312775944036,-0.353207843614178,0.110283529674102,-0.0263289034488596,0.195233587371897,-0.118233070923718,0.0765031555584796,0.198710275698778,-0.0173869830392612,0.0735224389661338,0.0720319132718168
-1.95878576030477,-0.364633695102512,0.120715755450186,-0.0134128376294077,0.196227142523156,-0.139594508107569,0.0750128343488105,0.207155462412221,-0.0268256309747104,0.0710385727853358,0.0581223024248434
-1.93245665920246,-0.340291663668263,0.128664117942132,0.0163934681258349,0.192749699492383,-0.134626732018459,0.0720321919286837,0.19026508898468,-0.0198708377579865,0.0789869445703877,0.0168902417188481
-1.93245665920246,-0.349730410552533,0.129160890597945,0.00745157639565308,0.211130469785173,-0.126181512666526,0.0943870100874165,0.193245743119106,-0.0298062566444836,0.0760063051541091,-0.00298063091093215
-1.89768237470807,-0.366124023561708,0.141083434343277,0.00794834815839725,0.232491905553792,-0.142575173764222,0.0938902363504866,0.187781210541088,-0.0591157423504947,0.056632148942841,-0.00844512088529004
-1.93543731216924,-0.383511188868933,0.148038251525171,-0.00248385885738485,0.247892010397373,-0.179833494444736,0.105316032295738,0.179336023826991,-0.0740188706854557,0.0153999703349541,0.017387013535098
-1.87483070199938,-0.322904498318657,0.13661248044283,0.0342772516158163,0.239943569184083,-0.138104175255704,0.0779934767836189,0.14257462287273,-0.0332836532151787,0.0362644462740709,-1.13420384195706e-11
-1.89817915014896,-0.306510885319222,0.13462538981955,0.0347740233784353,0.230504795244541,-0.156484946772421,0.08643863030931,0.154994015101266,-0.0392449045452892,0.0248386618503571,0.042225604343628
-1.88377266087014,-0.287136615410388,0.133631844507527,0.0213611857806245,0.217091800699836,-0.162446278080612,0.0745160606208327,0.162445650436658,-0.0352707369913859,0.0109290112358351,0.050670725211996
-1.87433392650909,-0.289123720017118,0.152509205425339,0.0263289034077515,0.215104690397604,-0.170394719825704,0.0899160464540779,0.178839248166482,-0.0611028261040273,0.00794837181859709,0.0501739533959462
-1.8673790696178,-0.281672077743383,0.153005978081446,0.0332837080843255,0.215104690397604,-0.154994613947674,0.0804773454555647,0.177845696788007,-0.043219072099392,0.0243418886184568,0.0471933225002432
-1.89619204818894,-0.294091481541374,0.168405930405714,-0.0193740987711923,0.201691695851619,-0.161452722867538,0.0968708787550734,0.196226397269168,-0.0819672057761024,0.00149031973949398,0.0710383696633941
-1.86787584514645,-0.289123720027289,0.169896248372535,-0.0347740234057681,0.203182028579164,-0.16592372134769,0.0993547474385468,0.189271537618227,-0.0884252280486938,0.00645805210342099,0.0824641214297372
-1.86936617162485,-0.299556019219594,0.159464022597377,-0.0442126869031431,0.176356039497758,-0.187285158537851,0.109786995903033,0.185794107794685,-0.107799294891649,-0.020864475901472,0.0958769604559668
-1.82664347930981,-0.270246226271883,0.159464022597377,-0.0412320563269424,0.182814147981629,-0.182814160055529,0.114754733271709,0.17238116418752,-0.102831585446911,-0.00745159852228405,0.109289799482546
-1.77398527707645,-0.249878404056143,0.158470477285854,-0.0362643386996902,0.15847204677203,-0.169897942212941,0.109290222168372,0.16343920178032,-0.0899155408892988,0.004470959156891,0.0839544368780991
-1.78690143988766,-0.278194644703547,0.164431749155872,-0.0402385128015925,0.16642048798532,-0.194736822673692,0.0993547474263138,0.173374715558663,-0.0854446023915483,-0.0208644759150922,0.100347906793527
-1.83310156075618,-0.320420617604174,0.171883338991961,-0.0526578068708202,0.170394708591965,-0.235969364236365,0.108296674684452,0.185297332090521,-0.107799294895387,-0.0432192715470723,0.106805940396657
-1.87632102861661,-0.351220739005221,0.187780063977264,-0.034277251646509,0.167910820712367,-0.247395249247949,0.134128908999411,0.187284434846138,-0.112270233393584,-0.0471934574388522,0.109786571290931
-1.87532747763144,-0.346252977488713,0.178838156176738,-0.0307998493082657,0.161452712228805,-0.243421028375067,0.11276763832392,0.165923080225732,-0.0819672057840861,-0.0293096209426122,0.128167128480503
-1.91109531309221,-0.347743305943271,0.188276836639975,-0.0362643386967956,0.164930155259743,-0.264782465563425,0.112270864587018,0.183310229341646,-0.0804768929510931,-0.0322902603596902,0.148534772929854
-1.9115920885851,-0.334330349841725,0.172876884315707,-0.010928978777035,0.19175614434307,-0.275214795360793,0.090909593921047,0.168903734371412,-0.0511674072143141,-0.0079483717722082,0.159463752874675
-1.90712110916016,-0.31048509458879,0.151515660111962,-0.000993543527542842,0.188775478887873,-0.289124568415585,0.0571289797961669,0.172381164197196,-0.0337804241775009,0.00248386618770469,0.151018632004229
-1.90265012972521,-0.294588257726182,0.169399475722546,0.0149031528864822,0.184304480704277,-0.282169681886428,0.0392451252818832,0.173374715575415,-0.00695479316920666,0.0223547956498029,0.152508947451299
-1.95977931132513,-0.309988318422946,0.16492852181904,0.0124192940730126,0.195730364940063,-0.29607945494533,0.0173870808493555,0.189271537627327,-0.00645802222480157,0.00745159856121713,0.150521860188398
-2.05217955305067,-0.361156262071757,0.169399475720428,-0.0193740987630588,0.229511240080418,-0.322408668247338,0.0387483515165167,0.230007144115381,-0.00695479316916986,0.00099354648594896,0.172876591899073
-2.04522469615152,-0.34873685827482,0.171386566343297,-0.0293095340213231,0.242427457045539,-0.315453781715686,0.0769999292430728,0.223549060160041,-0.0278191728339433,0.018877383010943,0.146547685667853
-2.00746975866143,-0.313465751493764,0.162444658539593,-0.00149031531713172,0.253356563709899,-0.286640680375135,0.0591160747223137,0.208645789494065,5.58980084441885e-11,0.0392450856989499,0.116244604905279
-2.01790204401784,-0.294588257727025,0.145057615586146,-0.0213611858306527,0.259814672196236,-0.294589122125594,0.0541483373569586,0.207155462427371,0.00347739666569408,0.039741858935469,0.12319941032435
-2.08844416405971,-0.310485094583562,0.13363184450076,-0.0496771763170635,0.260808227347684,-0.314460226496711,0.0650773595662202,0.224045835850118,-0.0163934411058108,0.00943869152891308,0.144560598398459
-2.08347640913166,-0.309988318432032,0.120218982788254,-0.0447094586910645,0.251866230981239,-0.324892556293418,0.0665676807768854,0.217090976205637,-0.0312965694407718,0.00645805211135597,0.144560598398459
-2.03330208439815,-0.270246226324417,0.108793211699823,-0.00695480475347162,0.222556354018077,-0.301047231049084,0.0298064242220531,0.194736070196001,0.0129160445549721,0.0303031674313694,0.108793027658367
-2.09738612289586,-0.306510885364539,0.120715755444802,-0.0183805552908199,0.243421012195492,-0.297073010175448,0.0700450969223448,0.218581303270177,-0.0203676087002367,0.0253354350702384,0.135618705711003
-2.16494758999504,-0.314956079946455,0.110780302330165,-0.0427223716800164,0.266769558254793,-0.336815218941164,0.0784902504452131,0.244413639085871,-0.0332836532552662,0.0223547956522814,0.122702638501144
-2.17388954886554,-0.316943184553227,0.106309348425466,-0.0352707952405477,0.247395232807805,-0.353705657666594,0.096870878719813,0.254845928550305,-0.009935418882209,0.0397418589211334,0.112767202185096
-2.07155379729663,-0.249878404065417,0.104322257802774,0.0372578820917251,0.214111135243441,-0.314460226529082,0.0670644545260198,0.216097424819765,0.0253353181370902,0.0844514501653273,0.0750125441772631
-2.08397318461784,-0.26180103171035,0.0943868046860773,0.0481868608755401,0.20119491827832,-0.334828108520437,0.0561354323268039,0.21411032206384,0.0437158430810151,0.0988578740201362,0.0894189268343213
-2.08596028658964,-0.266768793225594,0.0968706679653618,0.0263289033255555,0.201691695853836,-0.359666988984333,0.0680580020093029,0.213116770685699,0.0317933404187082,0.10382560637967,0.0943866449937611
-2.01293428918286,-0.256833270196582,0.0928964867163294,0.0660706443325461,0.208646581913804,-0.358673433765379,0.0760063817932069,0.206658686728692,0.0357675079720162,0.119722349941255,0.0655738796779672
-1.98064388209763,-0.263291360172634,0.10531580311312,0.0680577313855527,0.232988683109459,-0.377550982933477,0.0879289514683996,0.209142565171964,0.0228514634098844,0.129161041433853,0.0511674970246419
-1.97666967815587,-0.27372365935697,0.0993545312374527,0.0685545031480835,0.259317894621882,-0.379041315761955,0.0909095938893563,0.227523265655497,0.0422255302431548,0.127173948488548,0.041728832525068
-2.08347640914078,-0.333833573695885,0.107302893734576,0.0064580328176093,0.29756976793847,-0.420273857345509,0.146051478693188,0.265278218012227,-0.0134128154753455,0.101341740223816,0.0700448260303919
-2.12222489761152,-0.337807782909176,0.103825485143166,-0.00645803301520144,0.309492429744745,-0.442628849768441,0.153006311002554,0.275213731784417,2.22636353797157e-11,0.0958772346250341,0.076006087817319
-2.10036677588371,-0.318433512990477,0.10879321170122,0.0168902398484942,0.320421536401801,-0.426235188644453,0.154496632212057,0.251865274414046,0.00645802230082743,0.106309472585786,0.0755093160014679
-2.12023779560696,-0.31296897532226,0.129160890590751,0.019870870423492,0.341782972150025,-0.431699742352333,0.162941785737278,0.238949106504866,-0.00248385468986878,0.105812699349759,0.082464121422972
-2.18779926261689,-0.339298111342718,0.118231892161737,-0.00745157648538812,0.376557402439906,-0.4704483958801,0.18231596146891,0.26527821802257,-0.0303030275449467,0.0829611305050859,0.110283343116559
-2.16941856938361,-0.290117272346499,0.119722210129617,0.00794834815423743,0.36662185092282,-0.448590181060801,0.167412749368277,0.263787890955492,-0.0223546924393247,0.0928965952260177,0.101838222249285
-2.17438632431376,-0.278691420863014,0.122702846064273,0.040735284470117,0.368112183649297,-0.441635294528269,0.161948238264788,0.266271769400751,0.00993541892121325,0.104322379647895,0.096870504089845
-2.221083220591,-0.288130167740475,0.126677027313305,0.0337804797996832,0.373576736980499,-0.44213207213774,0.153999858480884,0.269252423535023,0.0412319883757455,0.107303019064174,0.102334994065194
-2.22952840397864,-0.28962049619674,0.12121252809985,0.0501739479793352,0.354202411541372,-0.436170740819864,0.146548252434823,0.252858825803506,0.0650769937146636,0.119225576732167,0.0968705040918272
-2.2325090569349,-0.281672077770158,0.153999523389805,0.0476900891665553,0.333337753364455,-0.442628849744361,0.158470822113669,0.237458779453631,0.0765027254279959,0.133135227344826,0.0834576650621202
-2.26976721900984,-0.297568914645924,0.162941431194568,0.0377546538955061,0.335821641239725,-0.473429061576794,0.171883712986119,0.21808452759561,0.0615995970840943,0.125683628800234,0.100347906792183
-2.23052195504626,-0.292601153129416,0.170889793688161,0.0457030021013154,0.329363532762174,-0.480383948112702,0.166419201886131,0.195729621600971,0.0521609491422759,0.118728803490364,0.0889221550330932
-2.18779926263145,-0.279684973192522,0.170889793688161,0.0601093832161674,0.31247309519885,-0.472932283969209,0.153999858469802,0.195729621600971,0.0625931389724461,0.13412877380265,0.0844512086901472
-2.16842501840109,-0.2717365547683,0.174367202276585,0.0476900891507,0.295085880056607,-0.467467730261328,0.154496632206456,0.195232845911983,0.0611028261402722,0.130651361150091,0.0938898731887421
-2.22008966976268,-0.325388379203518,0.188773609295156,-0.00298063067156325,0.275214777040932,-0.479390392898088,0.175857902860527,0.222555508769648,0.0258320890716074,0.0998514204887921,0.142573511103962
-2.20121220105016,-0.316943184638801,0.173870429610401,0.00993543514593405,0.302537543701506,-0.488332389867166,0.168903070542636,0.210136116539509,0.0536512619162572,0.114257844324686,0.120715551203558
-2.214128363873,-0.303033452405561,0.167909157740559,-0.00645803300518235,0.29160843703819,-0.488332389867166,0.177348224065505,0.202684481202771,0.0561351166341256,0.106309472553691,0.141083195653173
-2.25635428079179,-0.337807783039568,0.168405930396622,-0.0193740988282182,0.296576212792583,-0.529564931489878,0.198212720990699,0.218581303244429,0.0114257316839951,0.0983611007758809,0.168902417333785
-2.30652860568093,-0.331846469215077,0.158967249932825,-0.0347740234814423,0.302040766123394,-0.546952147837906,0.203677232091448,0.247394293187499,-0.0149031283793722,0.0730256657222308,0.205166759869748
-2.27374142318087,-0.302039900139423,0.124689936673622,0.00149031515404727,0.310485984911808,-0.538506928475459,0.191754662412602,0.217090976140486,0.0114257316306959,0.0889224092667769,0.199702269893338
-2.21760579234172,-0.264781688728846,0.118231892148438,0.035270795055158,0.292105214627792,-0.505719606203608,0.173870807913761,0.219574854584912,0.0407352173630796,0.0829611304289459,0.167908873689396
-2.22257354727054,-0.274220435611112,0.106309348406637,0.0397417409195159,0.286640661299069,-0.523106822552369,0.173374034177315,0.253355601411232,0.0466964686952758,0.081967583955894,0.150025088320508
-2.27970272900389,-0.312968975443169,0.096373895289057,0.000496771650856388,0.308002097038625,-0.546455370209865,0.205664327041783,0.263291115189319,0.0357675079206753,0.055638602446483,0.149528316504593
-2.27523174956817,-0.319923841564216,0.0765029890597818,0.00149031517638219,0.32936353278277,-0.549436035868551,0.204670779568463,0.264781442256244,0.0238450052592621,0.0501740968482869,0.115251061209118
-2.21661224130037,-0.27620754016328,0.0630901273532337,0.044212686799854,0.34178297216979,-0.544468259769167,0.193244983640397,0.232491022511202,0.0745156415917991,0.0889224092848409,0.04967718155377
-2.26082526014864,-0.322407722231034,0.0690513992287244,0.00993543518867502,0.336318418840545,-0.576758804408008,0.23745784618652,0.255342704208466,0.0253353181435826,0.0347741265332708,0.0869350677401579
-2.26032848465534,-0.357182052829624,0.0670643086049732,-0.00695480473886982,0.353705633984033,-0.606068683380455,0.257328795636319,0.273226629011791,-0.0114257317125704,0.0248386618147349,0.0650771078425849
-2.31000603405957,-0.358672381286522,0.0919029413893609,-0.053651350477455,0.350724968531539,-0.613520347536845,0.27322555518199,0.308497702869856,-0.0278191728861498,-0.0149031971254372,0.099354363099879
-2.27920595342305,-0.335323902155217,0.109786757000475,-0.0491804046091493,0.353208856408706,-0.621468789300221,0.283657803642408,0.303033170297759,-0.000993541878526072,-0.00248386621245911,0.080477034112834
-2.2732446475184,-0.315452856125856,0.116244801532926,-0.0611029268929013,0.356686299438234,-0.629914008662669,0.27819329253694,0.322904197874954,0.00248385472397061,-0.0203677027010321,0.0745157723194969
-2.30404472814076,-0.323401274555137,0.130651208547231,-0.0745157644937574,0.373079959422057,-0.649288335454151,0.285148124844176,0.349730085054333,0.00397416755666569,0.000496773222987912,0.118728463908447
-2.3204383194126,-0.299059243129668,0.134128617139465,-0.0635867857184897,0.374073514572841,-0.644320559353194,0.276702971322483,0.3338332630258,0.0258320890927567,0.0303031673913738,0.124689725699003
-2.277218851481,-0.238452552651406,0.138599571043104,-0.0139096094422061,0.360163742465852,-0.638359228034185,0.226032050185975,0.332342935959413,0.0382513626997919,0.0705417994944368,0.128663900226144
-2.27175432106061,-0.228020253470611,0.149528569472118,-0.0109289788659302,0.352712078836664,-0.649288335452599,0.231496561288551,0.35519461763781,0.0481867815847997,0.0740192121480208,0.167908873677841
-2.27374142303362,-0.200200788985246,0.149031796816114,0.00298063047984965,0.347744303082745,-0.654256111551983,0.193244983563061,0.368607561230787,0.0397416755383473,0.0640837474284199,0.180824940891549
-2.3030511771431,-0.179832966772098,0.166915612429876,0.0218579574615033,0.354202411562608,-0.671643327914323,0.167909523016331,0.395930224094091,0.0432190721497947,0.0750127586387248,0.184302343600433
-2.30652860559644,-0.175361981406529,0.159960795244893,0.0362643385770822,0.361157297615937,-0.680585324896234,0.146051478620334,0.402388308046765,0.0501738653710384,0.0909095021858268,0.20566353168229
-2.26877366804055,-0.139594098467176,0.135122162460505,0.0635867855652288,0.366621850945182,-0.681578880117264,0.0958773312560975,0.369601112631523,0.0765027254311148,0.111773978140042,0.169399189162764
-2.29659309571064,-0.141581203073189,0.117238346849391,0.0516642632474908,0.38848006425147,-0.697972541262705,0.0635870383826357,0.384504383279044,0.0670640774881165,0.103825606356694,0.179831397288332
-2.35123839988788,-0.157974816046195,0.119722210130441,0.0412320562432873,0.434183601156982,-0.723308199368227,0.0367612565678692,0.387485037413854,0.0486835525823169,0.101341740176362,0.204173216271955
-2.35074162439368,-0.144561859948349,0.0879287601513612,0.0675609596733702,0.461506367767999,-0.73821152768022,-0.00993547468988673,0.384504383284657,0.0397416755844695,0.111277204893833,0.175857222788271
-2.37011586863739,-0.131148903867577,0.0769997617161979,0.0710383620096838,0.485351691372582,-0.760069742532273,-0.0412322201286774,0.386491486038942,0.0337804242588285,0.105812699299883,0.169399189181794
-2.42674827490723,-0.16691678675381,0.0829610335858631,0.0298063057092104,0.524597119793418,-0.800308728964887,-0.0417289938660226,0.402885083762845,0.00596125136829145,0.056135375703209,0.180824940945027
-2.47394194675765,-0.174865205176851,0.0869352148310121,0.0392449691977753,0.585203983900111,-0.835579939304388,-0.0899160463737311,0.39692377550153,-0.0104321897946341,0.0466966842133918,0.160457296500426
-2.47245162027787,-0.163936129852357,0.103328712471378,0.0367611103867496,0.657236732215906,-0.841044493014922,-0.140586967642929,0.382517280530924,-0.0203676086774066,0.0486837771577378,0.150521860182575
-2.44214831518221,-0.157974816037227,0.0928964866990004,0.0417288280104929,0.70144993637039,-0.837567049741427,-0.211625612112968,0.35867204748874,3.45679596058801e-11,0.0700450263229091,0.104818853126382
-2.46698708986244,-0.165923234465496,0.106806121066083,0.0263289033693136,0.786895679121673,-0.847999379557951,-0.279186840415431,0.33929779562422,0.00397416758847124,0.0650772939659039,0.0799802623323991
-2.46748386535624,-0.166420010617057,0.120715755429871,0.0561352091313235,0.875322087340977,-0.858431709381301,-0.341780331384567,0.336317141492793,-0.00745156413142894,0.089915955785538,0.0461997788587092
-2.39992239820919,-0.141581203054012,0.120218982773735,0.131644517021753,0.931457953226975,-0.844521936287465,-0.44014153157485,0.316942889648768,0.0134128155260438,0.123696535841232,-0.021857959916368
-2.44612251910336,-0.173374876731337,0.125186709334731,0.132141288783983,1.01094236499762,-0.859425264597571,-0.499257606457274,0.317936441026935,-0.0149031282810126,0.123199762605125,-0.038748201658465
-2.42923215230625,-0.14605218840764,0.126180254647489,0.127670342920979,1.0944009973329,-0.841541270624312,-0.576754309665567,0.291607329532328,-0.0139095863921641,0.116741710539375,-0.0521610406843489
-2.41383211200878,-0.155987711429697,0.123696391365778,0.154992789827791,1.20518239622107,-0.838560604961473,-0.677102604935022,0.25484592854487,-0.0208643796076716,0.114257844359774,-0.0571287588439178
-2.44016121321143,-0.168407115222417,0.118231892151999,0.169399170954637,1.31596379503525,-0.838560604961473,-0.740689643429465,0.258323358363298,-0.0258320890565079,0.119722349961924,-0.0496771816088599
-2.43419990728875,-0.158471592194038,0.109289984349089,0.178837834438678,1.38849332070157,-0.835083161686215,-0.828121821507946,0.245903966146297,-0.0193740667785901,0.124690082325585,-0.059115846111246
-2.44562574363585,-0.152013502231962,0.0899158507723907,0.188773269680902,1.47294550806486,-0.842038048228729,-0.911579809794719,0.235471676678095,-0.00894187695180965,0.128167494977678,-0.054148127951998
-2.52461304715605,-0.184800728233962,0.0953803499873021,0.179831377957262,1.60061734425375,-0.878302813820448,-0.989076513175784,0.248884620267957,-0.0630899099150279,0.102335286681797,-0.00248385910988191
-2.52709692462539,-0.170890995986263,0.0993545312329218,0.211127998989608,1.68655986422558,-0.89171580930563,-1.08396029747404,0.260310461113493,-0.0938897084785666,0.093890141671833,0.0188773289739119
-2.52113561870042,-0.15946514450302,0.0779933070266463,0.244908478798686,1.79535415247472,-0.882277034703352,-1.20169567394009,0.225536162879423,-0.103825127370776,0.110283658454562,0.0218579598698461
-2.56584541311627,-0.179336190551348,0.0755094437457434,0.227521467139046,1.9210388782019,-0.893702919744115,-1.2791923775026,0.184800556374552,-0.138102322533904,0.100844966974609,0.0362643425403431
-2.53653565899107,-0.140587650762861,0.070541717184747,0.256831001088452,2.01343950650408,-0.891715809302222,-1.3934503379151,0.163935977422266,-0.130650758370242,0.0904127290132979,0.0526578124666019
-2.52510982263456,-0.140587650762861,0.0665675359333604,0.286637306822642,2.10882080019216,-0.904632027170434,-1.50721152464535,0.120219716747923,-0.134624925925933,0.0894191825414437,0.0392449734360261
-2.57478737201405,-0.164432906032995,0.0789868523382422,0.2712373822071,2.22059575363031,-0.922019243542317,-1.60706304673669,0.107800324506568,-0.159960244088718,0.0735224389841198,0.0496771815703769
-2.56783251508999,-0.134626336941533,0.0859416695191065,0.301540459715374,2.32789970887083,-0.913574024161866,-1.75957258530026,0.0606066340600462,-0.167411808264301,0.0834579037111749,0.0312966243879491
-2.56038088268857,-0.124690813917369,0.0884255327981703,0.35121763587262,2.46053932022406,-0.891715809300585,-1.89966278061578,0.00596130821006654,-0.156979618435173,0.0978643275582629,0.0153999262734141
-2.55094214831451,-0.127671470822722,0.0919029413905074,0.389965833269408,2.59268215388227,-0.896683585403639,-2.0387594286291,-0.0303033171281412,-0.168902121094799,0.094883688142223,-0.0124192954266611
-2.47543227324611,-0.0864390502518839,0.0769997617092835,0.455042934054277,2.72134754442532,-0.847005824333249,-2.20120444257934,-0.114258408640715,-0.130650758344016,0.117238483784986,-0.0606061615560662
-2.49927749696379,-0.0740196464662779,0.0655739906255894,0.476900891571182,2.87832925629152,-0.83657349451078,-2.36017204044187,-0.156484342234083,-0.108792836777878,0.109786885243589,-0.102831765919243
-2.5022581499261,-0.066568004197602,0.0640836726566947,0.498758849063834,3.00500753641406,-0.817199167707439,-2.52311382856456,-0.201690930032284,-0.101341272608255,0.0859417699184637,-0.128663900358375
-2.51120010881852,-0.0581228096250033,0.0700449445302436,0.538500589977604,3.14956980894185,-0.813721724433576,-2.68903625912051,-0.210632892447329,-0.10084450166344,0.078490171378264,-0.133134846703812
-2.51914851671361,-0.0784906318135221,0.0700449445302436,0.577745559095811,3.31251285140166,-0.821670166202154,-2.87781028227739,-0.250374947657102,-0.109289607715802,0.0963740078797748,-0.164431471114571
-2.55541312777557,-0.0894197071391754,0.0809739429692908,0.603080918934408,3.4923463310226,-0.839057382574404,-3.05664883057118,-0.252858826107489,-0.139592635354083,0.0774966249044411,-0.168902417459139
-2.5136839862904,-0.0516647196393423,0.0938900320206145,0.668158019647068,3.63740538081347,-0.803786172233415,-3.25486155518733,-0.277200834923789,-0.142076490077663,0.0879288628654729,-0.213611880912062
-2.57429059669129,-0.0963745732907655,0.0834578062482371,0.694486923018044,3.83065185436818,-0.827134719939702,-3.41979043875188,-0.291110554235363,-0.176850456267333,0.0556386024830737,-0.211128021832841
-2.58869708600266,-0.0770003034057685,0.0824642609366558,0.719822282810007,3.99955622715498,-0.829618607991097,-3.6254547700416,-0.321413871364491,-0.201192232543815,0.0347741265629669,-0.225534404504832
-2.65178757372609,-0.118232723968732,0.0869352148400299,0.736712522677065,4.17789937350927,-0.84452193630655,-3.80379654533418,-0.346252655882138,-0.232985573004448,0.00149031971796787,-0.220069914526439
-2.75511687650669,-0.157478039932081,0.092399714058016,0.722802913367066,4.35276507675901,-0.897677140655795,-3.97369316701456,-0.343768777429764,-0.300546421549162,-0.0342773533233931,-0.213611880917953
-2.80032344653165,-0.178342638295663,0.100844849207584,0.732738348594005,4.53061144510456,-0.897180363045316,-4.15402203755822,-0.377052748680405,-0.359662164022092,-0.0660708404670103,-0.182315256503137
-2.80578797696345,-0.181323295202849,0.117735119513971,0.780925209344428,4.73677413464019,-0.906122360029492,-4.35670572730475,-0.400401206156222,-0.371584666694829,-0.062593427813519,-0.186786202850138
-2.82615577222991,-0.194736251290165,0.137606025743835,0.798312220968993,4.95386593033531,-0.908606248082199,-4.5852216521594,-0.470943354242786,-0.406358632861895,-0.0899159558198761,-0.173870135631409
-2.82764609871051,-0.177349086006177,0.151515660110918,0.83407978769219,5.15903506430624,-0.883767367564307,-4.78840211616314,-0.511182185226289,-0.427719783480945,-0.110780431739983,-0.184302343774007
-2.80876862993221,-0.155987711510795,0.153999523391526,0.899156888304763,5.36966875117413,-0.844025158732326,-5.04324705058738,-0.577253352124239,-0.422255303083742,-0.100844967013727,-0.18976683375141
-2.80876862993221,-0.15499415920899,0.154993068702755,0.951814694830979,5.60414776103352,-0.847502602003032,-5.28368554656939,-0.661208443992183,-0.416790822692276,-0.122702989415005,-0.179334625607729
-2.69749091914095,-0.0933939164225781,0.155986614014689,1.05365290565165,5.818258890313,-0.781927957439949,-5.59565946303548,-0.767518441919812,-0.372081437602449,-0.0919030487413248,-0.210631250017677
-2.71487806142393,-0.102335887136739,0.145554388239531,1.1152526038335,6.07310577960873,-0.76652785152552,-5.87782695524449,-0.824150870780856,-0.370591124768339,-0.104322379657299,-0.191257149184185
-2.71636838790744,-0.0750131988037681,0.147044706207058,1.17486521501328,6.34384955041166,-0.735230862073968,-6.18532990904371,-0.889725262061479,-0.381023314618067,-0.0904127290282402,-0.18579265920657
-2.63738108430251,-0.0243420313697811,0.163934976505943,1.27272925173587,6.62850309262799,-0.681578880114549,-6.55045861902501,-0.976164232392635,-0.340784868030684,-0.0720321192622542,-0.201689357321722
-2.62744557440016,-0.009935522973892,0.163438203850204,1.35618690744438,6.94047939992439,-0.658727110043878,-6.91459378192369,-1.09439684715142,-0.320914030205034,-0.0432192715360351,-0.210631250009062
-2.62744557440016,0.0168903891771239,0.14356729760563,1.40238668104292,7.26139770296209,-0.618984901251322,-7.2732644346383,-1.17835193916026,-0.343268722735695,-0.0665676136505582,-0.192250692808057
-2.68209087885265,-0.00943874686847201,0.151515660090985,1.45007676999156,7.57834178507715,-0.596629908786399,-7.61355445861636,-1.23697147086555,-0.362642789626603,-0.0869353163724083,-0.189270061912045
-2.66122630813204,0.00149032844628594,0.146051160876721,1.52657962082054,7.90720852830735,-0.558874810449407,-8.04127666549337,-1.33483628237419,-0.349229974118935,-0.0725288925203011,-0.206657075489354
-2.65476822671104,0.0104322991594981,0.151515660092765,1.60606310219328,8.25048182004824,-0.511184159939604,-8.44465695903245,-1.43270109391063,-0.343268722778246,-0.0854449966654722,-0.238450471736966
-2.70692965357798,0.010929075310385,0.147541478847499,1.64381775584248,8.62008432177714,-0.472435506380765,-8.84605015792259,-1.49926903683556,-0.398410297706512,-0.092896595217254,-0.232489209941854
-2.76008463144102,0.017387165270544,0.148535024159374,1.68952075760072,8.99713848610938,-0.445112737866731,-9.26830785613406,-1.57676604504084,-0.422752074020719,-0.0978643275805149,-0.248882679881072
-2.77846532472428,0.00496776149521283,0.168902703047699,1.7511204555901,9.40300574783941,-0.425241633475905,-9.68857846023639,-1.66668244559253,-0.447093850325189,-0.0928965952131271,-0.284153478841667
-2.7680330393415,0.0198710460270328,0.172876884293789,1.83954582850813,9.77707924559008,-0.359170211437059,-10.1371651697561,-1.79087636908505,-0.445106766543866,-0.0894191825574933,-0.326379083234395
-2.75014912157756,0.0581228096055648,0.17486397491607,1.95380333269652,10.1526430754714,-0.28216968198679,-10.5951905825563,-1.9145735169587,-0.4381519733148,-0.083457903718384,-0.357675707667871
-2.74369104014307,0.08196806486204,0.185296200683504,2.05216414075652,10.5237359062829,-0.228517700168923,-11.0149644153579,-1.99405762812942,-0.45404864357373,-0.105315926127277,-0.386488473007933
-2.72431679589007,0.11574884308258,0.189767154590586,2.1823183410651,10.9037707324684,-0.167910831889445,-11.4710027349572,-2.1242128602522,-0.438648744272135,-0.073025665763915,-0.431197936485195
-2.68606508276124,0.171884548200668,0.1877800639696,2.31197576981107,11.303179882412,-0.100845854622063,-11.9608216714412,-2.24791000825047,-0.424739157784442,-0.051664416568401,-0.458023614557644
-2.68407798078872,0.220568610904461,0.198709062396349,2.43616870883667,11.7314021294565,-0.0198711044455785,-12.4188470890811,-2.38700720312989,-0.424739157784442,-0.043219271556854,-0.476900943593369
-2.65178757370782,0.267762345167645,0.20566387957783,2.56980031117271,12.1506823797594,0.0427228742019454,-12.8932660421167,-2.52411729525722,-0.436164889522336,-0.0139096506250007,-0.495281500811054
-2.66172308359914,0.274220435128214,0.224541240484463,2.68604490221774,12.563007743623,0.0899167470400324,-13.3781172449729,-2.635395051109,-0.44510676655215,-0.0119225576775659,-0.507204024402208
-2.70593610265234,0.26974944977137,0.237457329533492,2.78987019929672,12.9847718798834,0.138104175069331,-13.8262071898406,-2.74220182574993,-0.476403336142808,-0.033283806854759,-0.483855749036349
-2.71040708210159,0.313465751031327,0.230005739699168,2.91555345346882,13.3966004642373,0.21212403877756,-14.2971487296838,-2.8812990208019,-0.491803235452873,-0.0268257547791442,-0.470939681807575
-2.74021361177781,0.329362587854816,0.234973466255457,3.02832064195218,13.8506551391348,0.240937140059753,-14.7760386513846,-2.982144487268,-0.526577201654716,-0.0422257251161899,-0.439146285554605
-2.78293630423435,0.31396252720084,0.239444420154727,3.116249242551,14.2952710401617,0.261305022001257,-15.237541492531,-3.12322878541275,-0.572776899579138,-0.045703137772104,-0.416294781997487
-2.8465235676594,0.309491541842101,0.248386327950223,3.22106808292368,14.7483321580447,0.287137457647736,-15.7308378555096,-3.2325194388091,-0.63139587126888,-0.0700450263941619,-0.380527211233758
-2.86142683246811,0.317936736389626,0.280179777921771,3.34923519536587,15.1864899491123,0.32836999909298,-16.2271148637158,-3.35323593351227,-0.681072965833004,-0.08941918260543,-0.373572405800535
-2.88725915821127,0.31992384099311,0.282663641197967,3.46498301417791,15.6360736224898,0.353208879513903,-16.7065015641694,-3.48786214770012,-0.722801725325302,-0.092896595263487,-0.344759640464208
-2.87533654637937,0.338304558518237,0.291605548996375,3.57129216936314,16.0757217440781,0.384009091164389,-17.2072495397559,-3.62397868937825,-0.769001423223158,-0.115748164127141,-0.326379083245093
-2.91011083092969,0.321414169424443,0.315450636453854,3.67014974820433,16.5317635234206,0.406860861105366,-17.6896168862015,-3.76158555818529,-0.819672059705172,-0.138599732985284,-0.311972700560213
-2.89023981115087,0.360162709150469,0.316940954419262,3.81272324141457,16.9798568614879,0.452067623419477,-18.206758398979,-3.94290868852062,-0.828613936739012,-0.136115866801291,-0.296076002439498
-2.84105903715259,0.385995068978228,0.336811860629122,3.95231610409068,17.423479200632,0.49280338724363,-18.7040289608441,-4.10833499646183,-0.841529981346354,-0.140586825934517,-0.319921049621807
-2.83658805770334,0.411827428775311,0.36562467463683,4.08644447722584,17.8854823073837,0.548939256880659,-19.2296156308848,-4.28419359450465,-0.879284573253795,-0.143567465353752,-0.321411365071058
-2.81572348692638,0.440640445490386,0.387482671467028,4.20765678483335,18.3276143118216,0.608055792159638,-19.7348345768704,-4.47843289347539,-0.895678014484345,-0.138102959748819,-0.335320975928487
-2.81820736439695,0.461008267643485,0.412321304219057,4.356191538628,18.8010433000236,0.671146548305692,-20.2291245008337,-4.63789789368227,-0.92200687463987,-0.151019063905067,-0.353204761319854
-2.70245867405999,0.541982780119545,0.421263212009787,4.53751322800643,19.2367171947611,0.775469845820543,-20.7800466385098,-4.87734378193331,-0.88971676309446,-0.112767524656186,-0.425236674697557
-2.72282646931241,0.535524690171712,0.443121208830278,4.654254589391,19.6987202979214,0.81322494394807,-21.2524785181385,-5.08002826857356,-0.935916461150584,-0.121709442914369,-0.411823835651336
-2.67712312378434,0.585202305204025,0.469450159535346,4.80974414750005,20.1567491796105,0.885257697020617,-21.7512394099396,-5.30506766192466,-0.945355109143142,-0.13164490765527,-0.470442909979073
-2.75014912134072,0.563344154631982,0.509191971915062,4.92549196534566,20.6063328424876,0.9056255788964,-22.2077745310157,-5.49086177511578,-1.01341272882278,-0.157973889207014,-0.465971963629812
-2.7844266304431,0.569802244581047,0.538501558535123,5.05763325086349,21.066348832139,0.952322673924254,-22.6628193313047,-5.68162364541817,-1.06656722017323,-0.1882770566493,-0.479384802681076
-2.76902659012499,0.593150723615788,0.562346645963657,5.19871642780099,21.5372939266343,0.99752943615161,-23.1183609069922,-5.87089518877295,-1.10779920877023,-0.204670573469809,-0.525584581612673
-2.73375553004224,0.653757413869112,0.583707870113011,5.37507039881116,21.9958195820404,1.06360085781419,-23.6255669590617,-6.10189589143614,-1.14157963316761,-0.203180253758614,-0.559365065146345
-2.70047157194428,0.667667146055744,0.618481955918497,5.5191342059795,22.4295063601457,1.09340751420426,-24.1009794897869,-6.30209650077371,-1.18032776704197,-0.229509235316004,-0.58768105869314
-2.66967149130422,0.695486610436677,0.636862544140034,5.69548817678587,22.8855481258116,1.115762506498,-24.5828500810628,-6.51421972721484,-1.22255329754661,-0.227025369132477,-0.623448629492572
-2.67066504229251,0.729267388602781,0.661204404201352,5.85594545137026,23.3405963353212,1.15451115979529,-25.0850883999139,-6.72038164533403,-1.26726268279632,-0.234476967688252,-0.654745253947553
-2.72083936722491,0.723306074810406,0.698462353278106,6.00249311691296,23.8254511950733,1.15749182543178,-25.5431138512048,-6.89773057279031,-1.33134613499159,-0.258818856292042,-0.647790448512076
-2.69997479647873,0.788383750357173,0.712371987603594,6.18033740229342,24.2790090703956,1.21809869335211,-26.0637328036849,-7.1078666972295,-1.33581707351885,-0.263786588659565,-0.670641952075118
-2.70047157197317,0.824151633115218,0.719326804764074,6.35569782898134,24.742005717291,1.26628612114667,-26.5689517692441,-7.29018338207855,-1.35866853709836,-0.245902752129777,-0.669648408441697
-2.70593610241082,0.859422739710014,0.743668664800174,6.53801306000814,25.2397767892416,1.32391232343157,-27.0547965574525,-7.49485497409415,-1.38350708448478,-0.25037371126492,-0.675609670240829
-2.73077487715101,0.878797009546529,0.759565389725238,6.71088962769854,25.7176767592607,1.35769320062808,-27.5545510132463,-7.70548787475697,-1.41877782181455,-0.250870484502092,-0.64480981761158
-2.74071038703261,0.925493967546223,0.786391113041841,6.89817257581124,26.1960735059155,1.41680973571761,-28.0647377210653,-7.93847568265886,-1.45752595575482,-0.240438246523727,-0.643319502161304
-2.79436214041693,0.920029429906861,0.820668426154915,7.05763630599106,26.684405801892,1.43568728473004,-28.5530663824681,-8.13619241532035,-1.50422242486934,-0.256831763353464,-0.620964770407747
-2.81522671115991,0.9513263272966,0.84451351352275,7.22405484055229,27.1965834172914,1.48536504529639,-29.0374208548884,-8.35874793386133,-1.55191243589543,-0.235967287399249,-0.591655233228111
-2.86490426059745,0.970700597113812,0.888726279702919,7.40189912501334,27.6948512611506,1.53057180742558,-29.516807590242,-8.57484536836342,-1.60755078210924,-0.252360804216682,-0.56781018602478
-2.87235589301086,0.992061971517248,0.924990683402265,7.57427892009893,28.1821899987114,1.59763678413574,-29.9788072434005,-8.80187186871275,-1.64431183227886,-0.255341443639831,-0.55191348788572
-2.8594397301477,1.02733307810008,0.96075831443814,7.76255541084802,28.6630706273509,1.6597339848103,-30.4726004222656,-9.01945963069066,-1.68455027911183,-0.26030917601188,-0.542474823368164
-2.89520756572286,1.01739755512753,1.01043557979221,7.92698685764168,29.2050548884291,1.67215342493867,-30.9629161864672,-9.23506029031151,-1.76154977612824,-0.274218826648023,-0.527571668868981
-2.9488593191781,1.02087498817054,1.07650634267304,8.07651515225919,29.7172324978501,1.69748908281175,-31.4537287254309,-9.47102875420371,-1.8484846921602,-0.303528447636431,-0.509191111655348
-2.94488511522333,1.04521701945148,1.10134497532655,8.25734006638797,30.2085454506343,1.72729573911073,-31.9897476842566,-9.71196497576174,-1.91952293785691,-0.3109800461974,-0.511674970738593
-2.92451731993462,1.10433338116135,1.14108678757334,8.45902939345292,30.7311553847479,1.77548316679256,-32.5322247040646,-9.95240442180172,-1.96870326184387,-0.299057488508958,-0.558371521508757
-2.95829805356056,1.11575923257264,1.18082859981543,8.65227360065743,31.2532685404008,1.82367059444494,-33.085133976706,-10.1784373724745,-2.01838035674973,-0.306012313827215,-0.574268219648021
-2.95730450257095,1.14904323453809,1.23646713689345,8.82813079693753,31.7937624622331,1.88427746222476,-33.6320819645675,-10.4332833148203,-2.0789864125728,-0.302038127927765,-0.602087441387767
-2.96773678794873,1.17884980344185,1.28316376622402,9.04820067780802,32.3233272775951,1.93494877789459,-34.2192686352246,-10.6772001919063,-2.12816673656345,-0.328863882730355,-0.647790448525115
-2.93643993179199,1.21809511917636,1.31893139720591,9.24939323232735,32.8747503015577,2.00946541857766,-34.8248359393452,-10.9390009951334,-2.15797299352785,-0.329857429204605,-0.698461173849938
-2.93196895234369,1.26181142022039,1.34426680248363,9.44412775407882,33.4455476466469,2.04175596285155,-35.4453064604342,-11.2003050229379,-2.22454030076502,-0.341283213664451,-0.725783623780521
-2.94091091124827,1.28466312304854,1.37506670692568,9.63041715609423,34.032241869974,2.08596916963215,-36.045906029739,-11.4859510612524,-2.2911076080505,-0.368108968496522,-0.757080248242402
-2.92799474839599,1.33036652868741,1.41133111054133,9.84700963377768,34.6070134314982,2.13813081809986,-36.6648862339329,-11.743777659702,-2.34028793210763,-0.373573474106434,-0.812221919918344
-2.86589781153661,1.38799256189646,1.42971169866495,10.1107954265165,35.2185465261317,2.21115712593465,-37.3236083473194,-12.0373721104172,-2.38400377574187,-0.365625102308387,-0.876305484295999
-2.88775593329541,1.40637327937757,1.48087928181537,10.3209298713586,35.8494539413057,2.28070599048574,-37.9624595096727,-12.2922180552842,-2.435171183639,-0.387979898009271,-0.903131162405314
-2.90961405506928,1.42177333996659,1.52509204782939,10.5246062833084,36.4594966999032,2.33982252534233,-38.6345945218227,-12.5644511507289,-2.5037255748545,-0.434676582332812,-0.90015053150339
-2.94140768675743,1.42922498218834,1.56433708732614,10.7262956081005,37.1261720903504,2.38006151124464,-39.2764263319243,-12.8361874707874,-2.58271215601087,-0.477399080773657,-0.876802256113615
-2.9518399721502,1.46399931254954,1.58669185663593,10.9637524977793,37.780924819232,2.4312296044129,-39.9599871473374,-13.1218335115656,-2.65325363105444,-0.506211928563977,-0.89120863880821
-2.9419044622665,1.49877364288936,1.60358212678734,11.1942545825756,38.4659809727121,2.49481713764844,-40.6629221470288,-13.4129440858465,-2.71286614514591,-0.502734515902192,-0.899156987881142
-2.93544638084204,1.53503830167425,1.64481425685249,11.4327050149207,39.1545145664297,2.54946267399971,-41.3772829478539,-13.7129966237449,-2.78986564251118,-0.519624805972589,-0.906608565140447
-2.94289801325631,1.56782552740378,1.70144633909976,11.6681748167319,39.8654031446063,2.61006954159441,-42.0995921330649,-13.9897007027088,-2.86736191091936,-0.51863125949754,-0.905615021506267
-2.96326580855048,1.611045052257,1.76453646576438,11.9016575314563,40.5693368358494,2.6517988602776,-42.8412755006609,-14.245043425789,-2.95131620176954,-0.534031229881647,-0.907105336957471
-2.93743348286523,1.65078714404448,1.80030409665104,12.1614691472129,41.2841996293652,2.7332703871773,-43.606307244031,-14.5624831153627,-2.99354173262293,-0.554895705861588,-0.905615021505726
-2.92302699353511,1.66966463765113,1.85892326945146,12.3954486327554,42.0293658461577,2.8003353635611,-44.3738228599907,-14.8327291112093,-3.06209612397061,-0.572282769174243,-0.894189269709607
-2.89669789232792,1.71636159551131,1.89568444559922,12.6622150524379,42.7804933902151,2.8515034566356,-45.1830674841451,-15.1491752502098,-3.12518603486041,-0.564334397366394,-0.908098880588501
-2.86192360769633,1.79137479371967,1.94784557389307,12.9399104497571,43.555466250675,2.93148465061753,-45.982376634307,-15.4820149889627,-3.15996000150956,-0.562844077652123,-0.934924558714169
-2.86291715868721,1.84055563232387,2.01391633638298,13.2210832488838,44.3239810006672,2.98165918849833,-46.8085115763614,-15.7949836987562,-3.23447564439824,-0.568805356512165,-0.941879364147933
-2.85198809779965,1.88576226171633,2.05316137576598,13.5052366779927,45.1227991739266,3.06164038245163,-47.6728981109837,-16.1263331114118,-3.27769471726015,-0.552908612898172,-0.930950384172226
-2.82118801718436,1.95630447453304,2.11724504765658,13.8052868016124,45.9072107977833,3.13317635713675,-48.5258588518849,-16.4859987417385,-3.32786858342598,-0.565327943836116,-0.957279290488097
-2.86192360773485,1.99952399931302,2.168909403258,14.078511251826,46.7278871735666,3.17639600852494,-49.3584518667419,-16.8034384351462,-3.42374537733734,-0.575760181828464,-0.927969753276528
-2.80976218087989,2.07304686896416,2.22405116736794,14.4217805148735,47.546576436402,3.22905443434147,-50.2456900128456,-17.1953944892338,-3.47689986930522,-0.593147245149509,-0.950324485051833
-2.78045242668114,2.12868579739358,2.27124456904876,14.7402111916012,48.3811625753949,3.29810652104795,-51.1324313880007,-17.5828795619127,-3.52856404846661,-0.579734367717471,-0.953305115954415
-2.79088471205093,2.18035051661665,2.34228305794505,15.0313194224347,49.222703595815,3.32095829073758,-52.0052630999457,-17.9360871100404,-3.63636334528829,-0.586689193049338,-0.94833739778235
-2.8276460986333,2.25635726703707,2.41083768350302,15.3293824573584,50.0478509564292,3.34480361562811,-52.8552432164483,-18.3240689600358,-3.7218079493288,-0.618979453530411,-0.937408417806644
-2.80976218084743,2.32640270365304,2.49131485262678,15.6478131324105,50.8665402074002,3.38454582376475,-53.6982685034199,-18.7130443625783,-3.800794530962,-0.628418145052611,-0.93641487417227
-2.8271493231574,2.35024795866241,2.55589529695671,15.9692244371735,51.6936746719339,3.41385570223684,-54.547751854348,-19.0647615853646,-3.89617455408416,-0.640837476008535,-0.933434243268489
-2.78194275311077,2.41234497695477,2.62097251389205,16.297093773898,52.5352156789533,3.43770102713289,-55.3977319830761,-19.4840403093934,-3.98360624209734,-0.671637416815977,-0.967214726821877
-2.79833634444385,2.46152581542565,2.7034367735627,16.626453425293,53.3544016977863,3.4391913599369,-56.2079702049041,-19.8913964168036,-4.11972148368039,-0.726779246285415,-0.988575914959122
-2.88427850496174,2.47642909979641,2.76006885549515,16.9438905544693,54.1919684793638,3.40888792624259,-56.9888987709144,-20.2704363080446,-4.25037224468824,-0.767514651820298,-0.949330941400575
-2.89520756585202,2.54150677488964,2.83408798007037,17.3090177684529,54.9987350556573,3.42975258550511,-57.7901950693795,-20.7125667192568,-4.33929424567339,-0.804275871459196,-0.964234095912129
-2.95283352314548,2.55839716383101,2.89817165164647,17.6418548195994,55.7886111960942,3.42677191989599,-58.5507559127436,-21.1388003081415,-4.45057093960041,-0.835572585478194,-0.949827713210992
-2.96127870655528,2.61055865911377,2.96324886848372,18.0238722706174,56.5809712208502,3.42528158709151,-59.3167812716772,-21.5878855817245,-4.56135086267931,-0.86786284597918,-0.967711498631353
-2.93892380933943,2.69252672303239,3.02484867679405,18.4282444476961,57.3499827031984,3.46502379519469,-60.0847937307487,-22.088138758851,-4.61748598061121,-0.873327351598908,-1.01540159310978
-2.95780127814523,2.73723657610587,3.07999044062689,18.8495068627942,58.1150199630743,3.47545612482672,-60.8249868527505,-22.5804435248373,-4.69696933353777,-0.879785403701876,-1.04520790214179
-2.95581417616978,2.80678523636881,3.13165479591066,19.2782208525387,58.8780701108618,3.49979822727737,-61.5557412743893,-23.1005677345308,-4.78390425079356,-0.89419182761345,-1.08047870117786
-2.97220776750129,2.86292094077438,3.21213196465149,19.6771285388884,59.6162813840673,3.47893356802979,-62.2318505677147,-23.6241693748469,-4.90610990608977,-0.929959500813026,-1.0904141375247
-3.00549172565983,2.91855986902476,3.2911188154025,20.0675911056002,60.3207117886713,3.49830789449008,-62.8826243940993,-24.145287138328,-5.0322897292436,-0.949830430393394,-1.07650452664617
-2.9553174007034,2.99804405219418,3.37407984731356,20.5201501350845,61.0152066427413,3.51221766732298,-63.5338949972376,-24.7116114972758,-5.10680537284211,-0.951320750111061,-1.09389154025505
-2.89073658641481,3.09342507194299,3.47591823978226,20.9602898707947,61.6789012936764,3.55692765144847,-64.1518817500612,-25.2774390816173,-5.19572737417289,-0.959765895172185,-1.13363328563105
-2.88278817849414,3.14210913410851,3.56185990750436,21.3929780300221,62.3465701617316,3.57431486748648,-64.7485072264359,-25.8661183529601,-5.28763000130884,-0.962746534605563,-1.15598801740926
-2.88527205596657,3.19228352471562,3.66071766395283,21.8500080016744,62.9869162695957,3.59269563873672,-65.3029069217405,-26.4597653837163,-5.37804231558479,-0.97715295853684,-1.18678787008725
-2.91358825918421,3.24841922903329,3.77100119114775,22.2975993101635,63.600933171734,3.62796684841753,-65.8111066436006,-27.0901738221793,-5.48335775872759,-0.993049702188769,-1.19324590371332
-3.02287886797821,3.26431606563893,3.88128471836548,22.7183649452041,64.2045177463862,3.61157318758307,-66.2462806006509,-27.6858079598988,-5.67958228726179,-1.05464958383174,-1.13114942653954
-2.99953041972043,3.33982603952526,3.97368443032868,23.1927819232894,64.7375599251875,3.6537992836656,-66.6874158455092,-28.3380745363139,-5.82165878141276,-1.09339789649683,-1.13810423198368
-3.02436919442444,3.36118741370753,4.09191631970779,23.6632247265009,65.2681182153029,3.65230895086322,-67.0604930638718,-28.9982895278917,-5.97714809151342,-1.13264298238174,-1.11823335928331
-3.00251107265141,3.43073607384687,4.18978053055895,24.1654609180647,65.7534697588132,3.6885737157341,-67.4276089954518,-29.7315305589231,-6.09985051852497,-1.15301068520681,-1.12121399018786
-2.95829805361431,3.51320091368975,4.28665119606795,24.7173742786414,66.1871564493307,3.72235459260119,-67.7589572050412,-30.4593070590549,-6.20268210728056,-1.15499777816602,-1.14704612468058
-2.99555621570138,3.56337530417692,4.39842504081012,25.2086814900794,66.6089204808068,3.74172891903335,-68.0028732038549,-31.1945351994215,-6.34525537281414,-1.19523641058839,-1.15151707103843
-3.01691756194827,3.60361417176727,4.50225052322887,25.7377433492233,67.0058456403859,3.75563869185512,-68.2174795412094,-31.977453816328,-6.4853447835422,-1.22951376411131,-1.15896864830102
-3.01592401095835,3.67117572725832,4.62793400182387,26.2747535545244,67.3371961796666,3.78246468228864,-68.3724730072287,-32.773785382963,-6.63636315554635,-1.26279757114994,-1.18231692372775
-3.03281437777715,3.72184689390126,4.7436820274801,26.8142476163608,67.6417207379444,3.79339378951172,-68.4549374795599,-33.5820395710764,-6.81619424341084,-1.33184905152785,-1.19324590371623
-3.00946592950773,3.78940844936231,4.85495909923245,27.3845415221507,67.9025288828971,3.8048196743266,-68.505111646461,-34.4310293767791,-6.95777396738691,-1.34824256843319,-1.2156006355072
-2.93842703373923,3.86193776623899,4.97815871436867,27.9806675543406,68.1072011793192,3.81922622475749,-68.4976600375149,-35.3450968139214,-7.07252805965922,-1.36463608535657,-1.26577458905579
-2.92799474835425,3.90863472365249,5.12719050678862,28.5499679132547,68.337209123842,3.79836156552615,-68.4176794348495,-36.2576739277429,-7.2409334159357,-1.40189407838022,-1.28266483085396
-2.90663340210737,4.00004153388745,5.24691271325468,29.1460939416343,68.4961778973973,3.79090990151284,-68.2835504739216,-37.1945930599638,-7.40387429172941,-1.44511335027375,-1.32638075080842
-2.89520756573334,4.07058374610417,5.39246709686917,29.7620908360165,68.6695532158534,3.72384492533801,-68.0734151021136,-38.1548606592201,-7.56830548053747,-1.48485520950911,-1.37605793258516
-2.87036879102647,4.14162273441144,5.5564020679991,30.3860360751007,68.8230574375825,3.66224450277936,-67.8091313722113,-39.1787155645659,-7.74018823395068,-1.52757770818369,-1.44312212798419
-2.81721381313187,4.21911981257712,5.70195645137314,31.0611487960265,68.9273806949961,3.60014730262009,-67.4991444415234,-40.2179705253408,-7.90312911010467,-1.534035760309,-1.49428962522785
-2.74369104007698,4.30357175667848,5.85794306011923,31.7461969479179,68.985006875262,3.52910810562293,-67.1295446399651,-41.2835546088007,-8.06209581851563,-1.56284860824691,-1.54347003519736
-2.68457475624575,4.39001080533232,6.0139296686123,32.4471417919474,69.0406459458334,3.40640403802039,-66.6749964983813,-42.3660290755145,-8.24888170127408,-1.58818404349552,-1.56284413609419
-2.59863259578218,4.50625642251206,6.18382591083846,33.1570285235033,69.0684654811253,3.28717741349497,-66.2030612704965,-43.4907294908314,-8.43219018754863,-1.58818404349552,-1.59314721698764
-2.5509421483185,4.58971481428401,6.35421892553442,33.8713861980684,69.093304351911,3.15056357295476,-65.6680357557251,-44.6343073937512,-8.63835013830941,-1.62395171679391,-1.62593415697136
-2.53504533250884,4.67168287760808,6.54100543708664,34.5902148151228,69.0977753486561,3.0084851786658,-65.0813457548169,-45.7823562866431,-8.85941321837438,-1.67064840144307,-1.66468235876677
-2.55193569932472,4.74520574653916,6.7123919967395,35.3065595720225,69.0659815940497,2.86441967394598,-64.4519331989725,-46.9438181318758,-9.09239880213784,-1.70790639454171,-1.67263070785084
-2.54746471987992,4.82121249608343,6.89719141749817,36.0278720428324,68.999413420264,2.71538639318564,-63.7822819578097,-48.1470091538043,-9.31346188272547,-1.75509985247171,-1.65971464058637
-2.52163239418329,4.90367733544866,7.07751988419134,36.7755134095738,68.8632964081823,2.60708887570087,-63.0704049371308,-49.3626195787379,-9.54793777970706,-1.79186107234037,-1.63984376786794
-2.48983876259321,4.98415507019478,7.24592580741869,37.5226580017396,68.6879339800352,2.50127524625298,-62.306366658057,-50.61499142385,-9.76005898323521,-1.81123522874854,-1.61699226423729
-2.49281941555637,5.05966504354638,7.45407354118579,38.2539058977315,68.4633905872709,2.39446806159675,-61.4851993830216,-51.851466449739,-10.0193734291545,-1.8594222331393,-1.60407619696544
-2.52660014909626,5.11580074739886,7.66917609164286,38.9677667826083,68.2005953329289,2.28964798731521,-60.5944837647618,-53.1112899477019,-10.2990554848705,-1.9066156910655,-1.58420532424288
-2.44562574373096,5.21714307989872,7.87831737019189,39.7382596341957,67.8538446943821,2.25735744310322,-59.7092326643716,-54.4053909869457,-10.526079818155,-1.92300920800955,-1.63288896243719
-2.44463219274461,5.29215627700449,8.08944573899368,40.4625527188525,67.4718228584393,2.19774413061453,-58.7425106483778,-55.6989952583553,-10.7685040519393,-1.94437045738724,-1.64034053970975
-2.41681276509795,5.38654374353252,8.3129934233013,41.1942973760843,67.0277038445329,2.15253736866156,-57.6883564328637,-57.0050189349073,-11.0422248573607,-1.98411231668872,-1.64481148607334
-2.36514811378385,5.4615569406272,8.54597978720495,41.9185904558204,66.5204940968358,2.10534349624337,-56.5979377288091,-58.3249523445015,-11.2945845113378,-2.00497679284663,-1.64878566061868
-2.25685105615522,5.54849276508019,8.79535964770529,42.6707027461821,65.9253547442608,2.07851750561216,-55.4429384258879,-59.6756858643015,-11.5305507237103,-2.00895097878158,-1.71485631244395
-2.20816705780621,5.62598984279401,9.05219109738694,43.4014538526682,65.2820279796852,2.04622696132331,-54.2144165946529,-61.0125096710904,-11.8052650722516,-2.03180254792777,-1.77397215880548
-2.17786375269488,5.70050626365852,9.30703545612139,44.1133276334346,64.5929976901833,2.033807521213,-52.9203206202132,-62.3592690041811,-12.0834568180481,-2.07502182002891,-1.82315256880245
-2.15848950846377,5.77353235606026,9.57877008386197,44.8038402307637,63.875651085592,2.01443319464295,-51.560650502169,-63.6856605382903,-12.3879774256961,-2.14506684721227,-1.8837587306354
-2.1873024871254,5.81377122333941,9.84752407521551,45.4590820391421,63.1334656072317,1.95879410290948,-50.1339159220894,-65.0244714763529,-12.7113753314199,-2.21362155470605,-1.91654567064168
-2.17140567133645,5.88481021120849,10.1252199734843,46.1277366796453,62.3460733800925,1.9289874466306,-48.6823426590233,-66.3697405106269,-13.0213604208984,-2.27273757059393,-1.96870671156044
-2.242941342321,5.91461677950773,10.3924836463391,46.7536689554095,61.5368229428964,1.87781935340414,-47.1557565522185,-67.6916610892371,-13.3785387536121,-2.37656317824338,-1.97566151702183
-2.23101873048773,5.98664931954979,10.6781279058106,47.4148720163809,60.68932064056,1.87930968621819,-45.588435001472,-69.029478504434,-13.7123688509167,-2.45604689707462,-2.0283193297893
-2.25685105615863,6.00850746963913,10.9940752945864,48.0109979906313,59.8224440157545,1.84602558670292,-43.9997521905962,-70.3489152217224,-14.0620956205453,-2.57129828953155,-2.06309335707953
-2.24542521982421,6.08252711422001,11.2871711422683,48.6260012850534,58.9396705089806,1.85596113879881,-42.3976564967018,-71.6708358286349,-14.416790100301,-2.65028523519962,-2.12618337804211
-2.30205762605068,6.13319828032444,11.6021249847323,49.1853661540923,58.0519292241144,1.81870281842705,-40.7255157063432,-72.9684144256317,-14.8176842823301,-2.7710011333804,-2.14058976078609
-2.26976721903284,6.20771470096247,11.9210530077242,49.768079288239,57.1547491639196,1.81572215279816,-39.0662910497251,-74.2769221023407,-15.1659207405101,-2.838065521255,-2.1669186671782
-2.23797358747867,6.3025989431885,12.239981030201,50.3254570671647,56.2466399963202,1.80479304549567,-37.3956406115089,-75.585926564448,-15.5250861609863,-2.88078802021282,-2.20666041267651
-2.24939942381834,6.37761213990951,12.5633800056041,50.844583428926,55.3027628489464,1.77597994441334,-35.7080998781692,-76.8497244290821,-15.9284641999045,-2.93642662355455,-2.22206033905921
-2.20816705781244,6.47050927768628,12.9061531122236,51.3582453019276,54.3713051344015,1.77448961159725,-33.9907527337508,-78.0886835058397,-16.3084940037467,-2.99603941288608,-2.25633759455039
-2.19177346654028,6.57334193806805,13.2489262182899,51.8455782765142,53.4125246552242,1.76256694907514,-32.2599927106587,-79.3167135220463,-16.7446589295863,-3.0770134517618,-2.28564713185977
-2.13911526426861,6.67816170295403,13.6046154120458,52.3040984949434,52.4611958337936,1.73673451361766,-30.5267488350906,-80.54325321894,-17.1530046809137,-3.14556815952437,-2.32340179010083
-2.13365073384686,6.7422458245993,13.9603046049253,52.706980289466,51.511854118159,1.69252130676067,-28.7860533694185,-81.7275669714113,-17.607550135017,-3.23846475634123,-2.34327266286212
-2.09639257182972,6.84259460429446,14.3140067061182,53.1361909801792,50.5346928611146,1.68606319789405,-27.0344288989741,-82.896480678066,-18.0650762166118,-3.30304527829056,-2.40387882478643
-2.06459894031695,6.9379756224717,14.6965216183421,53.5226793092298,49.5674671486169,1.65973398483079,-25.2649205851017,-84.0072716107256,-18.5290603216434,-3.37855481157163,-2.43269159030005
-2.01939237042446,7.03435019299683,15.077546211727,53.8803548835598,48.6057059841255,1.62694666285492,-23.5162767919673,-85.1001786162073,-18.9970185965177,-3.45356757174348,-2.45305923487839
-2.01442461550221,7.11333759861572,15.484402980005,54.1943145534036,47.6548739195698,1.59217223048999,-21.7442846448712,-86.1225434487344,-19.5201184518642,-3.56236091259067,-2.47094302036263
-1.96325673980151,7.2022605268471,15.9031822901215,54.5013194198181,46.7050354058448,1.55789457573569,-20.0065699063584,-87.0927468159446,-20.0382505983728,-3.65525750950238,-2.51118153772177
-1.90910821110592,7.30509318686453,16.3279228705616,54.7790147600939,45.7686098793951,1.5067264823475,-18.2564358404131,-88.0475501343945,-20.5792342128439,-3.75113474601085,-2.54049107504792
-1.8435338460267,7.43028077302154,16.7616053563971,55.0507488405136,44.8048615884317,1.4933134869984,-16.5400824111888,-88.9670823659626,-21.111772721594,-3.82664427944004,-2.58967148515418
-1.79832727620865,7.51473271599453,17.2032362031292,55.2519413495828,43.8883071526839,1.46002938742562,-14.842606399987,-89.8071304541987,-21.6472918579288,-3.93345052757929,-2.61898102248605
-1.76504331822413,7.61408794294409,17.6587766820031,55.4034566957833,42.975230155598,1.42475817742834,-13.1615239389397,-90.5895525393101,-22.234971950496,-4.03777290944489,-2.65425182166601
-1.72927548276472,7.74076585731146,18.1138203871607,55.5475204674918,42.0691080394782,1.40190640755963,-11.5137253359496,-91.307393756121,-22.8474905954864,-4.12570177424172,-2.68256781536871
-1.62843005784003,7.90023099644287,18.5693608633708,55.6841326646216,41.1739150238293,1.39048052263744,-9.91461057839017,-91.9775444867663,-23.4262288138951,-4.1733920059799,-2.71734184274574
-1.65277205696351,7.9926313574339,19.0452690148593,55.7243711663285,40.3050512111115,1.32490587865392,-8.31648938157003,-92.5632433106048,-24.0844503950305,-4.30354659696486,-2.71535475546824
-1.63141071077798,8.12626413756139,19.5430351591801,55.7685838410563,39.4252582899963,1.28913789099187,-6.76109074385577,-93.0818773850635,-24.7476396890949,-4.40985607216708,-2.73373531277997
-1.62445585388842,8.23803876770181,20.0328529405418,55.7487129760185,38.5419879227245,1.22455680217802,-5.23301467539786,-93.530466054052,-25.4192740917693,-4.53355261116876,-2.76354162193896
-1.62892683331456,8.34732951702392,20.5534706212913,55.6846294363204,37.6800789839911,1.15997571337506,-3.72083537903722,-93.8916221593063,-26.1535016440731,-4.67712008004175,-2.76950288377355
-1.60110740577176,8.45214928112111,21.0716044377977,55.5991847166352,36.8136990440672,1.13215616740864,-2.26528830282728,-94.1663392523376,-26.8703422141307,-4.81124885733922,-2.80576722659804
-1.56434601936044,8.58031752340269,21.5981833862598,55.4963529900982,35.9622224251762,1.10284628865627,-0.866870219148997,-94.38442388885,-27.6204664441681,-4.92699702431327,-2.83756062306408
-1.52062977609479,8.71941484058113,22.1272461965527,55.358250477912,35.0923650355209,1.05068463997749,0.507702715181072,-94.5274953589277,-28.4033775641536,-5.03877100558542,-2.86637338859868
-1.51317814371604,8.83665400784318,22.6970443574324,55.1853739516655,34.224494752463,0.99852299129321,1.85197244103537,-94.5518373798893,-29.2101336963663,-5.19227393997327,-2.88525071775063
-1.46151349258391,8.97128033962108,23.2792618314454,54.9782201830633,33.3387404757623,0.950335563453953,3.17388733895196,-94.5453792926922,-30.0203672295342,-5.33484786287814,-2.92250860423354
-1.4833716142092,9.06964201368786,23.8669438018381,54.70201515811,32.4738508506802,0.889728695513185,4.45059581824641,-94.4102562375418,-30.8966713113795,-5.51219591323492,-2.9448633361355
-1.41431982083677,9.21022965901746,24.4680386297082,54.4099134402257,31.5905804548229,0.865386592775891,5.69551076992306,-94.2284362444216,-31.7704915428591,-5.65924079575675,-3.00497272632559
-1.34874545591194,9.34286888612765,25.0760882713094,54.083534479601,30.7515232534847,0.83905737960107,6.88528382978654,-93.9477578402329,-32.6443117782685,-5.8152275969279,-3.06806274743583
-1.28813884595321,9.50829533776359,25.6925830450915,53.7477168575556,29.9199177111765,0.824650828995372,8.02686983189723,-93.5930598219839,-33.5668155776847,-5.9543241076387,-3.12171410398064
-1.18729342130637,9.6801798788553,26.2902004586523,53.3691768747961,29.0734088406126,0.80627005753448,9.1192752294126,-93.1762648125643,-34.4605066614637,-6.10534317644703,-3.19722342063268
-1.16891272812481,9.82027074768,26.9245790409472,52.9409597277632,28.2795583830906,0.751127743111103,10.192803218823,-92.6730307917609,-35.4148038161623,-6.26580093723519,-3.26329407271655
-1.10532546526594,9.9777487808482,27.5634285735972,52.4372332917802,27.4862046999688,0.688036987028909,11.2280796266209,-92.0704415860378,-36.3879782742843,-6.48040698264399,-3.31595188567167
-1.02931881521791,10.1560914113171,28.2256264154033,51.9374810276883,26.7330899923821,0.655249664943138,12.195794805766,-91.4127102536715,-37.3591656528698,-6.67116791224559,-3.38251930957615
-0.958776695471718,10.3046274740883,28.8932887523612,51.4069289208049,26.0092851556841,0.600604128102401,13.1068777776168,-90.6834431907302,-38.3487335652415,-6.86987721432078,-3.42524168611241
-0.84551188373398,10.5043314777473,29.5599575421056,50.8753832699804,25.359003388957,0.528571374963011,13.9200963265968,-89.8796597404394,-39.3258822060303,-7.0740510222113,-3.48882847912725
-0.752614866953526,10.69409995888,30.2410327335839,50.2931669102356,24.7678381453633,0.414312525142436,14.6697278387652,-89.0132825281485,-40.3258823205831,-7.29809576053355,-3.51714447288853
-0.670646911030349,10.8878426489521,30.9285659653555,49.6890925961028,24.221382876447,0.289124567810399,15.3383852352094,-88.0594727577184,-41.3199211878013,-7.52760500519124,-3.55390558759688
-0.609543525681258,11.1044370406843,31.6081508333499,49.0497474937899,23.6858567116657,0.153504280613421,15.948920106675,-87.0520111936437,-42.3353212152452,-7.76704971528904,-3.58073126589583
-0.560362752130177,11.3190443275669,32.2991614679935,48.4009637291034,23.1880856367028,0.0243421023755497,16.4938808488158,-85.9963623703905,-43.3268762365968,-8.01096538481914,-3.62444718609922
-0.56533050702972,11.5122902407695,33.0055720496572,47.7233672070631,22.7534053056533,-0.107800741522329,16.9792287462477,-84.8652036142298,-44.3318440805009,-8.26431974645388,-3.65375672352415
-0.477898020722531,11.7696202742481,33.688137545809,47.0532222571297,22.2869312119324,-0.208149818552015,17.4029767040371,-83.6918189124953,-45.3129669200925,-8.52611925389659,-3.66468570357912
-0.470943163856788,11.9817436800432,34.3637482231847,46.3492968322295,21.8308894445094,-0.349731437146962,17.7969182389321,-82.4538533515564,-46.315947691617,-8.78295102911744,-3.668163106324
-0.473427041305825,12.2072800408823,35.0398556707047,45.6101006180248,21.3932284444873,-0.477403282673492,18.1610533518804,-81.1662102071142,-47.3149542992696,-9.04176989769796,-3.68555012004953
-0.420768839366645,12.5008747307717,35.6896341701287,44.8843172360284,20.9371866746843,-0.602094462666738,18.4909110794846,-79.8547218288392,-48.2940900697366,-9.30406617971951,-3.74317565126725
-0.470943163803582,12.7100174790644,36.3617674319485,44.0725923556622,20.4587899152819,-0.712379092038164,18.8346784697038,-78.4498395909271,-49.309986904341,-9.60809141610131,-3.76105943682177
-0.431697900129836,12.9698313918631,37.0175071969191,43.2787512513846,19.9322057348083,-0.794844175296647,19.1625491013879,-77.0360153974444,-50.2732260105887,-9.89224572228444,-3.83110426358474
-0.434678553067965,13.2192130059788,37.6608276453856,42.4615618752766,19.41754421408,-0.856941376601209,19.5152584163959,-75.5516490404711,-51.2727294110686,-10.1848451747094,-3.8738266401822
-0.274716845761279,13.5162851271943,38.294709413256,41.6786497413476,18.8705921523718,-0.875818925796799,19.8068645682003,-74.0846698496583,-52.2126202865602,-10.4585672433879,-3.97814872263524
-0.158471381374174,13.7860345614184,38.9410104921443,40.8088025634995,18.3112206509441,-0.929470907734699,20.126786819347,-72.5387033055596,-53.2071559855742,-10.7730247202817,-4.06856119412399
-0.0347742846581065,14.0503194581542,39.5748922552312,39.90815553855,17.7155843884967,-1.00498110458082,20.4665800171331,-70.9758463942327,-54.2270270148367,-11.129707925516,-4.13413507454612
0.113264810805052,14.334972175327,40.1983417932126,39.0035343369115,17.1338578950901,-1.0660847507045,20.7586829411995,-69.3826861670751,-55.1997047959078,-11.469500840163,-4.23448298247006
0.258323253580571,14.6141603552333,40.811855878024,38.0859970669119,16.5898864929535,-1.08794296558101,21.0060762336154,-67.7865452993889,-56.1684084139949,-11.8251904999705,-4.34277923954073
0.476407692701606,14.9216647732699,41.3920862012582,37.1908145188509,16.0220697676995,-1.10234951628701,21.2147211790551,-66.1620882196192,-57.0889252397438,-12.1883317593413,-4.48684306785732
0.620969359740938,15.2227111012565,41.9653617071775,36.2568837769906,15.5074082378613,-1.1043366267305,21.4208822557417,-64.527198860039,-58.0139130099823,-12.5534601127054,-4.59762318414994
0.771989108248306,15.5600220857065,42.5182695370693,35.3641850798019,14.9823143783334,-1.10582695956338,21.5892885326615,-62.8903224124591,-58.8882301332548,-12.899214309213,-4.7208225959758
0.847498982491873,15.8605716371118,43.0388871509087,34.468008977347,14.4820593946952,-1.12371095356118,21.7586883566951,-61.2330781683666,-59.7605601753562,-13.2752716757257,-4.82166727586777
0.967718650725324,16.2023536059806,43.5326790464445,33.5847489338113,13.9654107512018,-1.14258850279025,21.8585398657469,-59.6096146984076,-60.594142077113,-13.6667290149528,-4.94486668771934
0.921518530393097,16.4914773056638,44.0200128976191,32.6165409294156,13.4721106506645,-1.19127270868034,21.9886945691186,-57.9235574851316,-61.4416335720971,-14.0959411236008,-5.00795670915097
0.963247671328372,16.8272979598221,44.4417727738821,31.7278163898939,12.9971913180689,-1.20865992507535,22.0622170732384,-56.2702874929061,-62.2031836703073,-14.5152177678387,-5.08942728803893
0.998518730926742,17.1824928821887,44.8406811128734,30.8400853889735,12.5381688657811,-1.19077593106358,22.1004686462725,-54.6060884469251,-62.8971729015699,-14.9056815631328,-5.19623322987725
1.0705511764011,17.543152340929,45.221705640158,29.976199426099,12.1024949571085,-1.16544027289549,22.1178557249368,-52.9557991380927,-63.5548978439148,-15.3209840229142,-5.29509082259551
1.21262896545861,17.9395796797093,45.5585174118791,29.1272166091336,11.6643371599493,-1.15401438784387,22.1233202353735,-51.311471154122,-64.1629456785394,-15.7561574149659,-5.42921921480723
1.2697581462474,18.3176263012733,45.897316273126,28.2613435518281,11.2400891329938,-1.18630493256178,22.1561072980089,-49.6601883227,-64.7789418522547,-16.1923243543321,-5.5181413711782
1.37606810018987,18.6966664744843,46.2008442846029,27.388018914772,10.807395887247,-1.18680171017268,22.1526298822771,-47.9905248006835,-65.3318480972454,-16.6245171085299,-5.61501187672073
1.5246039703995,19.0642807967082,46.4646304937207,26.519165219985,10.3836446362598,-1.19822759522791,22.1541202033047,-46.3362613438849,-65.8584254749333,-17.1227807106625,-5.70194694578941
1.75063681633193,19.5054179826314,46.7005974414037,25.6806145958148,9.96734504794054,-1.19425337433834,22.1213331407127,-44.723727067577,-66.3601642985647,-17.601173382257,-5.81123674695928
1.87532746337548,19.9127743925968,46.9022870848273,24.8440510543154,9.57638111407677,-1.19872437284218,22.1198428196861,-43.1022508416298,-66.7943422523139,-18.0840370152685,-5.91953300448074
2.13017328741242,20.3693116363145,47.0458543431609,24.0675968847829,9.18690751190578,-1.18481459972044,22.0448299945751,-41.5071037475078,-67.1336369235436,-18.5559716370875,-6.06906132340977
2.28019948403176,20.7761712686553,47.1958796441389,23.2459364874475,8.82276956446435,-1.19027915344724,22.0254558212212,-39.9045050300714,-67.5082023450667,-19.0840416422565,-6.18083498375337
2.40240625353802,21.185018004899,47.3146082762628,22.4496114432049,8.47701238597734,-1.19176948628104,21.954417185522,-38.3187967033313,-67.8435228488452,-19.6319825802435,-6.30304085245719
2.50970975815098,21.6281422910777,47.3811757938599,21.6647121462965,8.12082287808958,-1.19176948628104,21.8600301868573,-36.7708433474436,-68.115256649642,-20.2062525042852,-6.43667247317327
2.65476819932604,22.1030602471433,47.4184337328077,20.9180642676628,7.77407214323306,-1.18580815495196,21.7661399618504,-35.2477287934003,-68.3184360366256,-20.7427676594313,-6.5668266912534
2.82665251642206,22.5725136650459,47.3930983343218,20.1729067013542,7.4412311793038,-1.16544027289396,21.6603271685857,-33.7464723859868,-68.4823705055748,-21.3155472664627,-6.7327484807925
2.9821432426686,23.0439541866172,47.3568339404313,19.4535812607064,7.10839021495565,-1.18431782211586,21.5510369595303,-32.2611128166976,-68.634879239055,-21.9449590313861,-6.88327034374085
3.12471780625369,23.5158914838642,47.2818212900357,18.7029591990419,6.79492357476886,-1.21114381313691,21.444727392581,-30.7782371388104,-68.7645365012727,-22.574370799484,-7.04025024039151
3.17340180358237,23.9500737962746,47.1874345113477,17.9051438214269,6.49636026110435,-1.26479579520282,21.3483532991625,-29.2744968889791,-68.852961760673,-23.2663760049908,-7.16891414308075
3.34826677372935,24.422011091804,47.0513188409201,17.156012069327,6.19879050222789,-1.28516367728662,21.2162115009846,-27.7990728706384,-68.8594197852316,-23.983716652124,-7.31744891880721
3.47593807255327,24.9053742358633,46.8759581411339,16.4391704772341,5.90916918366921,-1.2866540101207,21.1243083704565,-26.3852490561945,-68.8628971830648,-24.6955927942544,-7.48287393678009
3.74121617969338,25.4697118829196,46.6529072792766,15.7496513269387,5.60712842573037,-1.26877001611044,20.9320569568175,-25.021102827843,-68.7088981361858,-25.3776625413604,-7.69002778815354
4.02984273466641,26.0419979466845,46.3692501693811,15.0973900537138,5.32793943548274,-1.28566045490005,20.7686184162794,-23.7066341840889,-68.5211186533402,-26.075132263242,-7.91158802266053
4.07703640553682,26.4647544048731,46.1029800974594,14.3358389975498,5.07756354346201,-1.40339674897127,20.7085088010829,-22.3156620852403,-68.4068612960412,-26.8739437448086,-8.05763893952023
4.28220467883473,27.0166726453109,45.7900134078101,13.6840744925136,4.8058262157084,-1.44910028919945,20.5505347706031,-21.0111289735732,-68.1594692799043,-27.6513939745478,-8.26976050963848
4.45756642314395,27.5526940498293,45.4522080911269,13.028335811146,4.57482464807482,-1.48586183243888,20.3890833242845,-19.7388862938523,-67.847497018999,-28.455669966646,-8.44859836743968
4.52165046020891,28.0355604121341,45.0796286974483,12.3224231815254,4.36419096043532,-1.5573978085751,20.2937027776586,-18.469624279126,-67.5196280820871,-29.2972039626418,-8.60706858023213
4.82667060407776,28.7042210299883,44.6370043762539,11.7908774291699,4.13269261458414,-1.54299125783777,20.0785997734562,-17.3344917195474,-66.9890765319462,-30.0354091107071,-8.85942866861512
5.19974898875471,29.3872881531461,44.1471866638596,11.3164604242221,3.87585861256,-1.49381027427268,19.8307097060595,-16.2296624872973,-66.3715900381068,-30.7646723421781,-9.14656278507191
5.52960790652295,30.0788004683314,43.626072280697,10.8470111355004,3.64237315604939,-1.47095850413109,19.5783486752695,-15.189910882543,-65.7257875931131,-31.4835033376601,-9.44561942559172
5.74371813777886,30.6898350558147,43.109428848911,10.2965880521167,3.44316535141584,-1.50523615934095,19.3587747074622,-14.1153849828057,-65.0735271249732,-32.2599600409371,-9.68754730603012
5.90169273962635,31.2506952570282,42.55205006797,9.78789379335289,3.27028675773474,-1.5643526951489,19.1615555549063,-13.0637107722484,-64.419776346311,-33.0721844273048,-9.91854620637988
6.05320926032242,31.8145361137914,41.9842390616949,9.24442551127914,3.0750531733682,-1.62644989668554,18.9916589549644,-11.9976300718497,-63.7451611825045,-33.9340861506278,-10.1137775351703
6.58972677579817,32.5984487744877,41.3384347657646,8.91158844560673,2.84901937938087,-1.54348803540104,18.6826657232693,-11.0959821405664,-62.8301088066436,-34.6310591325519,-10.4868531790952
6.79191439463848,33.1776896864555,40.6990885107444,8.42475213978734,2.68806344683071,-1.58223668914231,18.4998530070231,-10.1471405198144,-62.018384824487,-35.4542125431869,-10.7198391673172
7.02440531729031,33.7772984167279,40.0363939438485,7.97865111539189,2.51021707688875,-1.6239660085648,18.2892209641127,-9.2027698858033,-61.1897706276828,-36.2882949717831,-10.9866056401091
7.57781319672245,34.541340027802,39.2942157677154,7.68108484105696,2.29908660954993,-1.56534625032596,17.9767503156402,-8.39004482008841,-60.1609576820083,-37.0096098566801,-11.3805457017473
7.88978819361108,35.1424390814811,38.5768762152415,7.25833208766534,2.11825957366421,-1.58372702195791,17.7546924771988,-7.52317120403213,-59.2141119747556,-37.8282923172667,-11.7118925132663
8.10439519809662,35.6720023796183,37.8645043856146,6.79136664763101,1.96872952460723,-1.65874044137615,17.5922474812831,-6.65679436872802,-58.3075047292378,-38.7125488636079,-11.9910782825712
8.40842178729427,36.2457787467536,37.1223261997962,6.37854932741383,1.81274136709877,-1.69053420853572,17.3950283268066,-5.82866926576445,-57.3397946449259,-39.5600441860162,-12.2970897311362
8.73132584503694,36.8200518896394,36.3428900700786,6.00149957103969,1.64632088047187,-1.73723130411939,17.1992994935182,-5.02538295293755,-56.3060140095907,-40.4085330593051,-12.6140301600114
9.13570107938227,37.4380413256399,35.5420927169203,5.66518509787014,1.47244873020869,-1.74319263546961,16.9832029384894,-4.30406463312996,-55.2200724161155,-41.2147962019772,-12.9871058063585
9.50232137828778,38.0257274204583,34.7407985878909,5.33036093860209,1.33931234083894,-1.74617330114749,16.7601515519214,-3.60162379399121,-54.1033310191483,-42.0116206560869,-13.3572008217242
9.71643160592947,38.5145550743061,33.9370205919256,4.90909849522161,1.23002127473512,-1.80379950416437,16.5833001178899,-2.86788608727089,-53.063589149072,-42.8760062877006,-13.633902733118
10.0760970468859,39.0923056441786,33.0681653868118,4.60507418388222,1.10930432450672,-1.82118672060749,16.3408745565261,-2.20419375636798,-51.8936932623517,-43.6748178410954,-14.0333072877075
10.4461947720621,39.6626045718303,32.1898714987266,4.31943042690054,0.972690491816643,-1.82516094150873,16.1039135053054,-1.588688670638,-50.6661719372582,-44.4294165695184,-14.4227764059399
10.6776921400612,40.1355353879029,31.3359194612812,3.9667224832441,0.858928427351849,-1.87334836988081,15.9007330648348,-0.951822231212063,-49.5096888852018,-45.2346861825315,-14.7625683413576
10.8823636328179,40.5612724772104,30.455638473726,3.62941446318845,0.770998796697371,-1.93345846099368,15.718417119368,-0.329362289212512,-48.3402897919328,-46.0339945189532,-15.0750378259582
11.2226548284575,41.0605324240263,29.5410801749715,3.34625456332871,0.653262511468557,-1.94091012518736,15.4759915569864,0.231000688958169,-47.0735235754851,-46.7627610424249,-15.457055367742
11.5594685947272,41.5051470021893,28.646392774473,3.06458497888377,0.547448888035069,-1.98065233419725,15.2529401680839,0.780931376485039,-45.8161960183166,-47.4850695141138,-15.8405632256301
11.9419857041371,41.961187429478,27.7392860550522,2.8077539812922,0.461009589978761,-1.98164588942345,15.0125016999114,1.27671351199235,-44.5325396029048,-48.2073779894156,-16.2444387289946
12.3046317935181,42.393879380504,26.8301922403488,2.54148432048358,0.360660519737612,-1.99009110883885,14.7810051576207,1.78590859060563,-43.2275220418079,-48.9118026255888,-16.627946587691
12.6578391498106,42.8166358101367,25.902717835942,2.3224079758134,0.247395232588792,-2.00201377155416,14.5589473156841,2.263310023218,-41.92101417308,-49.5740015287118,-17.0437446160165
13.0706595605893,43.2334309259042,24.9742498814388,2.13264116465729,0.150523605335341,-2.01294287903881,14.3214894886028,2.69500809216247,-40.5737710881455,-50.2078843517606,-17.4923295862213
13.446221811355,43.5945871220888,24.0810527750017,1.89518426463625,0.0322905422932792,-2.03430431640081,14.1267541992384,3.13316424418493,-39.2891211644706,-50.8521994180229,-17.9091211595396
13.8436421815747,43.9458077964689,23.1813976200593,1.66269508198978,-0.055142311098832,-2.06162708511502,13.9181092458923,3.53555254625393,-37.9915552028747,-51.4855854720655,-18.3472739223891
14.2201979818172,44.2394024476073,22.2852198688273,1.48037984667135,-0.139097721517428,-2.09689829563552,13.7154255768265,3.92701178250162,-36.672131324368,-52.0668103232524,-18.7869170012993
14.737341236755,44.6258942211654,21.3880485673697,1.34277406952915,-0.23050479558592,-2.08994340905262,13.4471677790439,4.25687083379583,-35.3030303518951,-52.5983578383756,-19.3070371189717
15.082103407113,44.8772629069186,20.5137288008941,1.14754276778483,-0.296079435748986,-2.11676940016943,13.2633615103048,4.6200138543886,-34.0173869198924,-53.1636859459261,-19.7715187907639
15.5028722211567,45.1465155301837,19.624505852221,0.9736726519226,-0.395434951199775,-2.12968561811211,13.0432907608567,4.93894383942478,-32.6905115027359,-53.684801223231,-20.2777292983272
15.8992990377645,45.3680776518975,18.7412441699924,0.810731514385615,-0.47044836532123,-2.16346649582761,12.8276909746769,5.26234480471485,-31.3770489119289,-54.1716391391822,-20.7730108256315
16.3240420539054,45.5608267619287,17.8649372994482,0.65871935567019,-0.548442445001317,-2.18681504363893,12.6284847202319,5.58226833991254,-30.0839539428519,-54.6321480665921,-21.3040599266259
16.8709918325652,45.7813953309912,16.9891271968841,0.5141587731601,-0.637365631396665,-2.1873118212522,12.3696656213562,5.84059169082252,-28.7128659319425,-55.0295667749557,-21.8803152662543
17.3334897820804,45.9284410435494,16.1386524932304,0.367114331845847,-0.721321042047818,-2.20171837203518,12.1674787242749,6.12623770351374,-27.4068549333595,-55.4319532182195,-22.4322287862796
17.8322523396333,46.0739964278403,15.2702939710624,0.252856826632293,-0.783418239292797,-2.22556369748545,11.9518789371585,6.38406427811561,-26.0546442392774,-55.7821784567706,-22.9950712878026
18.312137428685,46.1509967164536,14.4138579869672,0.135121918989642,-0.856941320838757,-2.23847991543413,11.7675758930195,6.65977477654199,-24.7496267994047,-56.0951456917935,-23.5757975766679
18.8864098524729,46.267739089441,13.5638800428868,0.0307998489752165,-0.927980514534527,-2.22407336465176,11.5415438574168,6.88630448323188,-23.4470932239651,-56.368867829141,-24.2086849106856
19.4035530972723,46.2910875639966,12.7516568138232,-0.0978640373807874,-0.995542265191129,-2.23897669304621,11.3602214547933,7.15406657042468,-22.1897658191446,-56.6440802871365,-24.7998434104756
20.0637676731758,46.3680878525911,11.9394335813275,-0.178837834855172,-1.047207133344,-2.22854436316381,11.1262410397029,7.35426716572494,-20.8763032969018,-56.8348412694868,-25.4625370570729
20.665362742764,46.3596426596557,11.1227393907624,-0.286140535695884,-1.08347189660177,-2.22705403032391,10.9195831777192,7.56788070415937,-19.6040727776244,-57.0072216362658,-26.108340462416
21.3469386591601,46.3626233159879,10.3527418237255,-0.352707952028717,-1.16394986437064,-2.20022803919293,10.7054737100788,7.74572639397786,-18.3437647695824,-57.109060181595,-26.8038210535432
21.9435659720565,46.2960553245517,9.58969906961044,-0.428217260062023,-1.20269851553066,-2.20122159441945,10.4958352055067,7.91910110260924,-17.0899147929032,-57.1840729637811,-27.4600566696785
22.466173742724,46.1559644768653,8.8524884887286,-0.538500591762736,-1.23647939090899,-2.2265572527101,10.3388547137748,8.12426945385231,-15.9274706850284,-57.2729954009944,-28.1048665344782
23.0280267725514,46.0218349417971,8.10832308798024,-0.635371085796051,-1.27373770935389,-2.21612492283189,10.1441194200829,8.2976441621051,-14.7237945926993,-57.2680276670714,-28.7978632701992
23.5685184577648,45.8285890559793,7.39644790469471,-0.737706069289327,-1.314970248427,-2.20966681385338,9.94690025770965,8.45313494628146,-13.5737697738488,-57.2337503029934,-29.4993051287506
24.0970875312844,45.6338528417249,6.70444362367724,-0.801292855144405,-1.372099670078,-2.18582148841521,9.72732627812331,8.57534176054234,-12.4088418317982,-57.1497955997238,-30.207205022734
24.4353916090149,45.3034967635229,6.02287156515945,-0.933434144622936,-1.41432576434784,-2.2230798094222,9.56190063267915,8.74275516049119,-11.2906103682243,-57.0464667343131,-30.8798341164677
24.7374310787311,44.9453212258552,5.35073818460215,-1.05216259648509,-1.4600293016812,-2.24344769157656,9.38256532307545,8.85602001258463,-10.1743659952696,-56.864150899749,-31.6026371690064
25.0076769199499,44.5573391240699,4.69847570721901,-1.13611702489315,-1.52461038705283,-2.24990580055083,9.1868364809308,8.97276229424719,-9.07302475739346,-56.6192416180945,-32.3328918008747
25.215825830194,44.1355762496257,4.05863254246653,-1.24838744399166,-1.58571402939738,-2.27772534691124,9.02290115602833,9.0900013515478,-8.00148978408943,-56.3609194552467,-33.0497335940763
25.4180134346752,43.7138133749919,3.41729905818349,-1.34178053594266,-1.62595301339864,-2.29859000667714,8.82766908701831,9.18935648481258,-6.96423201221328,-56.0434812597811,-33.7958849286113
25.625168793299,43.2458503255724,2.79136552315847,-1.45653481383747,-1.71785686579775,-2.32889344110641,8.6383983023483,9.28473741268065,-5.96919977767554,-55.6887850607131,-34.584758644675
25.8258660713128,42.7500678155728,2.18977384598905,-1.52409577410361,-1.77945728574663,-2.34926132328143,8.4381984960246,9.36968605142031,-4.95976118916293,-55.2590760805355,-35.3795936245788
26.0056987803798,42.1996399379844,1.61401434447519,-1.59910831083653,-1.84602548153443,-2.3994358622619,8.25687609055716,9.43873786888776,-3.97863855162189,-54.7935994181106,-36.1729382908008
26.1979508753153,41.6015215567131,1.04918383917624,-1.69001754419209,-1.91160012215652,-2.44066840423207,8.08052142211333,9.53908655321985,-3.05365103533607,-54.2963292597213,-36.9469088556954
26.4557773274718,41.0128419199439,0.495779102932411,-1.77546228800845,-1.97568443010843,-2.49730105218723,7.91211513277938,9.62850617292171,-2.13462477556306,-53.7414333906855,-37.7636018030318
26.7771910360958,40.4032976856553,-0.0337805476099922,-1.8524619119861,-2.03579451739348,-2.52859804187874,7.74023142748677,9.71891934380507,-1.25086925668008,-53.1626924008068,-38.5892366454965
27.1448048597364,39.7743791836998,-0.546449929117141,-1.92499059004528,-2.11527893038655,-2.563372474866,7.56983804301453,9.83218419523557,-0.401887708542728,-52.5655707976898,-39.4218262962572
27.5531542690114,39.1206218765116,-1.04719676823282,-1.9895709198338,-2.18284068145166,-2.60808246012115,7.40292207441995,9.93501675764857,0.429706852681231,-51.9157912188884,-40.2693191050409
28.0052199157199,38.4325870184725,-1.52459529445934,-2.03129974833467,-2.23400877233368,-2.64434722596184,7.23302546339233,10.0050621262901,1.22950806991416,-51.2133536642591,-41.1262505811171
28.4309564636204,37.653145361582,-1.99205836853968,-2.10035102405168,-2.30703507683131,-2.67564421564541,7.08399334821185,10.0934881944667,2.02483834579544,-50.4980000050848,-41.9494015717804
29.0206289024857,36.9631233964245,-2.4386569923244,-2.10482196995724,-2.37708071595984,-2.65477955587025,6.87832902874328,10.1327334719426,2.87332310748193,-49.6882594090287,-42.8271974711751
29.5029978491451,36.1374815586367,-2.88475884448524,-2.17039584337872,-2.42675847411614,-2.67912165898062,6.73823884035698,10.2132111293521,3.60009898859134,-48.8939187897209,-43.640413027987
30.0668379650051,35.3207816883119,-3.32986715255987,-2.21758916133746,-2.4878621167061,-2.6895539888811,6.55790998049557,10.2936887868091,4.3109781959526,-48.0762298262444,-44.4814478120605
30.6187554701464,34.4762623540132,-3.75262069184579,-2.25285995690552,-2.55194642478673,-2.68905721126657,6.38155531031464,10.3691986875477,5.00447041945449,-47.2232699564834,-45.3234761411593
31.1587503628244,33.5905106034863,-4.15699364352963,-2.29558232895292,-2.58672085554104,-2.70545087254221,6.20172322378994,10.4337795237421,5.6597112781931,-46.3519294771714,-46.1312272130307
31.7494163489375,32.6958168788332,-4.54149568921617,-2.32439509155113,-2.64136638958746,-2.70793476061475,6.03381370662151,10.4824635386583,6.2911071307697,-45.4353826260048,-46.9270557613275
32.3356113545299,31.7688327062598,-4.93891382521368,-2.34873690822001,-2.67961826344877,-2.71041864868724,5.87832353220364,10.5167410593553,6.9125675623091,-44.4815777772426,-47.7129488740977
32.958070965157,30.8194936062919,-5.31993846382018,-2.37109163781161,-2.71041847356607,-2.70892831584403,5.71339465694424,10.5162442836928,7.52607965661175,-43.510385866727,-48.5107645141521
33.5765563705029,29.8487931305703,-5.65824065350043,-2.38102707318202,-2.75959945424137,-2.71339931437621,5.56138189834183,10.5485347017756,8.08842434417073,-42.5377036407387,-49.2797673865437
34.2054740589478,28.8612022633033,-6.02038793240923,-2.40983983578314,-2.78642544371313,-2.7392317503369,5.41980138777067,10.5733734848986,8.63834975685168,-41.5451504859992,-50.0373445068232
34.7673270614675,27.7931336677226,-6.35769657829997,-2.45902024081134,-2.79983843846682,-2.7759932937627,5.32342728556365,10.6364639940918,9.10283056837155,-40.5848876057383,-50.7253735657484
35.3798511593479,26.7042004664573,-6.67066336364501,-2.51863285320255,-2.84752908640864,-2.80232250735945,5.19476289171777,10.6717350660609,9.57078877719558,-39.6117086210847,-51.4362541316993
36.0629173630781,25.6336479788256,-6.97965596840707,-2.52161348381427,-2.88180673964757,-2.79288373268739,5.04225335868062,10.6652769824502,10.0561339657279,-38.5714652427041,-52.137696034014
36.7698287864222,24.5476954264677,-7.26828089385054,-2.54049081104572,-2.92701349973037,-2.78195462517041,4.89967930010843,10.6548446935499,10.5196212334834,-37.5133380290596,-52.8172799742082
37.4886628170896,23.4269685432672,-7.55342841111817,-2.55936813825903,-2.98265258905838,-2.7879159565462,4.76753748952068,10.639941423678,10.969695685037,-36.4636559684589,-53.4864317062055
38.1439095938401,22.2709705497364,-7.82764692972735,-2.55986491002833,-2.99507202863443,-2.7953676207654,4.65228598569993,10.6250381538187,11.3934412775093,-35.4065223141721,-54.1198158630862
38.8244919147531,21.0990757164419,-8.07404617879486,-2.57029711718137,-3.03133679223035,-2.79636117599446,4.52809255468261,10.61063165962,11.7620452973225,-34.3498854392275,-54.7184259890093
39.4548999174867,19.8879355645745,-8.30603902037932,-2.59563247741592,-3.05468533864003,-2.81871616865252,4.4183055615733,10.6285155834627,12.0819657665638,-33.2997066241303,-55.2589138050931
40.1076628117575,18.6564275859862,-8.56088340567892,-2.63189681656052,-3.06660800063946,-2.80778706113092,4.28218956094378,10.6324897887614,12.4212603009718,-32.2331342947404,-55.7869823245997
40.7887419032365,17.4492616313933,-8.77052147744475,-2.64183225195001,-3.09244043497836,-2.77798040425572,4.14855742888504,10.6285155834639,12.7367098307861,-31.1566265055279,-56.3239927389445
41.42908540814,16.1983793735727,-8.99108854854782,-2.66567729685646,-3.10237598665334,-2.79338051030254,4.02784141353193,10.6111284352816,13.0223531052487,-30.0845896825272,-56.8331839282886
42.0575063050666,14.9554455218864,-9.18383634942737,-2.67114178633471,-3.12622131066532,-2.79139339984137,3.91557055173627,10.5803283442698,13.3099834638443,-29.0051012632459,-57.2971688755572
42.6645658548359,13.7149955491227,-9.36217774288396,-2.69747069009124,-3.13317619683665,-2.78692240131383,3.80876420046319,10.5669154013791,13.5712849627303,-27.9405160531238,-57.7477409829901
43.2219478635121,12.4482164340975,-9.53952559111585,-2.70392872309563,-3.11479542624166,-2.79735473121629,3.72033847715368,10.5465475992242,13.8296058361409,-26.8779179417534,-58.1844034777285
43.7440588163892,11.1551081782935,-9.70197025905651,-2.73522534456818,-3.11280831590595,-2.79039984461134,3.62843533763504,10.5485347018745,14.0506688908744,-25.830223035234,-58.5684081521871
44.3829119889812,9.93601955860886,-9.88329228923715,-2.71634801734341,-3.1431117485027,-2.75661896683659,3.45704840169966,10.4963732572766,14.3030285126169,-24.7646442967348,-58.9658256681516
44.9348294643357,8.68811791750296,-10.054678865837,-2.71783833265144,-3.14460208125457,-2.74320597124771,3.32937755371421,10.4551408772696,14.5469430287414,-23.7109881231314,-59.3235014328558
45.5180437894292,7.48095191291446,-10.2305363967271,-2.68753525472767,-3.16844740527454,-2.69303143220044,3.17736479291085,10.3975149003843,14.7938381699938,-22.6553448627162,-59.6717385319554
45.9974320540761,6.25093419871317,-10.3716198397774,-2.69001911357564,-3.18335073278345,-2.68359265752678,3.05416490823542,10.3706890146018,14.9721789258957,-21.6309983249875,-59.9583759160145
46.3953491520788,4.96825820742607,-10.5042581472096,-2.70045132074001,-3.19477661721283,-2.70097987403272,2.95182952018386,10.334424391224,15.1276682198694,-20.6573226684299,-60.1898716198047
46.7967436764999,3.72085331647397,-10.6224900468859,-2.70740612550984,-3.19626694996449,-2.68607654560016,2.82515221924488,10.3090888324161,15.3094863715841,-19.6458922483455,-60.401496447968
47.2363899079396,2.55541647998922,-10.7595993086627,-2.66219989441736,-3.1893120637915,-2.64136656026846,2.68605557533385,10.2703403307511,15.5106785888768,-18.6131005809008,-60.6101406446519
47.5409132285041,1.32043097973171,-10.8793215265112,-2.66170312264804,-3.18782173104031,-2.65428277823925,2.60259758877833,10.2494757529026,15.6308971480586,-17.6443926743135,-60.7248949529741
47.8494107524261,0.130155325652545,-10.9861276545087,-2.65623863318265,-3.20669927921917,-2.65328922301024,2.48734608358307,10.2221530914416,15.7516124781477,-16.6682331736026,-60.8163009821337
48.1062436342036,-1.0278298842002,-11.0825015561153,-2.6378580777086,-3.2042153912998,-2.66173444245937,2.37358489941588,10.1839013653885,15.8802761425914,-15.6885962647391,-60.8903199948953
48.2895537563672,-2.20022160742071,-11.1729141856007,-2.65226445901007,-3.21067349989171,-2.68160554702688,2.29708174487325,10.1764497304345,15.9781400107997,-14.7760237535409,-60.9166489054857
48.4793219586129,-3.32989058651563,-11.2747525870246,-2.65276123077944,-3.22259616191053,-2.69054754408528,2.18133346556068,10.1496238445996,16.0819651297993,-13.8579867409538,-60.9186359930775
48.5319801508899,-4.4913532454345,-11.3393330366878,-2.69498683117784,-3.20868638956223,-2.73724463982879,2.12172061783362,10.1416754339813,16.1346228456497,-12.9588271178183,-60.8441202083883
48.6149416424589,-5.57333172428685,-11.4337198478468,-2.68405785224913,-3.20620250164333,-2.74469630404452,2.04819810560621,10.1029269322298,16.2285125465886,-12.0507255794903,-60.767617336159
48.6546836743974,-6.60563259246131,-11.5017777063777,-2.68703848286854,-3.19775728271666,-2.7332704189106,1.97119817731673,10.0795784760466,16.2940863059868,-11.1426240444546,-60.6473985370058
48.4077863005512,-7.7680888231183,-11.5320808404635,-2.76999936852706,-3.16496996220489,-2.81821939110279,1.95530141791975,10.1049140348545,16.2384479646531,-10.3701416148777,-60.396031957216
48.3804636536077,-8.75816372602672,-11.5897064725619,-2.76006393313606,-3.18235717764174,-2.79884506415213,1.83657249600999,10.0562300198322,16.2831573460002,-9.5146980556113,-60.206761864458
48.2662053118724,-9.71594818147921,-11.6468353320047,-2.75211558482869,-3.19129917415051,-2.79586439846594,1.72529517999578,10.0145008640677,16.3392924580991,-8.67813188411948,-59.9732790730259
48.075940333766,-10.6568422515012,-11.701977100681,-2.76155424845169,-3.1853378431448,-2.80530317314318,1.62693398100797,9.96879750299231,16.3934404865867,-7.86491405981066,-59.6767062510152
47.8330171632497,-11.5510393640961,-11.748673733619,-2.75161881306747,-3.18732495348028,-2.78791595663357,1.53652116163319,9.91812638524709,16.4421240350803,-7.06759298341001,-59.3488367996911
47.4693775701044,-12.4541784521289,-11.7690414139555,-2.76056070491507,-3.15106018987482,-2.80182572984082,1.46647606530339,9.89279082638196,16.4386466387562,-6.26729127027478,-58.9578773180345
47.0486088057385,-13.3046592676326,-11.7740091408702,-2.75211558483753,-3.12423420034208,-2.81325161497595,1.40686321729594,9.87093269715573,16.4287112206933,-5.51617011224727,-58.5236986818797
46.6089625746219,-14.115397992916,-11.8023251842631,-2.72429636574133,-3.12075675725646,-2.81424517020554,1.31794071906642,9.8451003626236,16.4505691404398,-4.7710102368619,-58.058223417073
46.0451224921813,-14.9196786303566,-11.8077896838729,-2.73174794228297,-3.09492432291757,-2.81921294635067,1.22951499449988,9.8287067657054,16.4470917441165,-4.06658577025322,-57.5485354543629
45.454456536479,-15.6867010568293,-11.8380928180529,-2.70740612557103,-3.0800209954083,-2.85349060176911,1.1475473285364,9.79293891788066,16.4426208059826,-3.37010967798281,-57.0219572480047
45.030210339534,-16.2535226844395,-11.8862797690899,-2.60258728207275,-3.11678253659167,-2.76307707582068,0.985599091372801,9.67222243149847,16.5509168630794,-2.59017568225073,-56.5584690729493
44.2458019727795,-16.9390738211058,-11.9001894044539,-2.59165830314846,-3.07604677473397,-2.80381284019698,0.925489469518995,9.65980303989153,16.5444588413354,-1.95082851839105,-55.9375042087934
43.4350645079842,-17.569979578425,-11.8847894510196,-2.5837099548443,-3.05766600413679,-2.80381284019698,0.85445082545061,9.62304164069115,16.5196202961782,-1.3169458626301,-55.3026297326299
42.5572623592585,-18.1854852763812,-11.87833140603,-2.56930357352681,-3.01842057505862,-2.80629672827057,0.783412181400029,9.60317061410298,16.4644787258822,-0.734727625562685,-54.6384457164477
41.6690279257609,-18.7433649369014,-11.8713765883501,-2.54794238746775,-2.99904624929587,-2.80480639542749,0.695483230249958,9.56839631753441,16.4182790319063,-0.177348052399775,-53.9285586875161
40.701309421769,-19.2545476376688,-11.8594540437599,-2.52409734254985,-2.99457525104753,-2.8281549433296,0.603580089258345,9.5420672073061,16.3859889231537,0.361650909298476,-53.1893621189603
39.6506294206972,-19.7836142822551,-11.8490218172408,-2.52012316839696,-2.96824603913243,-2.84007760608522,0.515651138083788,9.51176389174709,16.3457504799488,0.884753126332457,-52.4208560105257
38.5592138306365,-20.2565452184743,-11.811763865418,-2.49876198233197,-2.93545871863949,-2.84256149415939,0.436664114145124,9.49238964082536,16.3030281822404,1.37208766860527,-51.6270145377396
37.4300433040533,-20.6788049837477,-11.785434912769,-2.46796213264479,-2.92900061005979,-2.84901960314963,0.365128696197568,9.44817660664341,16.2473898409866,1.85544802405072,-50.813798963216
36.2318209890728,-21.0851679117283,-11.7536414605161,-2.45057512072614,-2.89223906891599,-2.84554215984403,0.27918683996481,9.4208539450661,16.1862870197225,2.30701489156187,-49.9469320272378
34.9476565230885,-21.464704925205,-11.7109190090741,-2.4560396101838,-2.82815476067901,-2.87584559432645,0.233980429941963,9.4188668424033,16.0978617988339,2.71436893997409,-49.0249234139434
33.732047058314,-21.7900933341598,-11.6716739664699,-2.41232369454739,-2.79884488329425,-2.85349060167218,0.136116003845812,9.35329245458659,16.0471911666168,3.1778583619937,-48.1312308004032
32.4086373205393,-22.1234301625166,-11.6373966508124,-2.39096250849589,-2.76357367489657,-2.87385848386872,0.0650773594945114,9.31851815798142,15.9860883453995,3.55441246855912,-47.171964301079
31.058401701214,-22.4026183860571,-11.6085838347357,-2.35966588704945,-2.74022512851816,-2.88379403616571,-0.00844515352708999,9.27728577774588,15.9354177131023,3.9632568340102,-46.1918333857271
29.6306691105188,-22.6897550287048,-11.5708291102383,-2.33482729863787,-2.69154092539924,-2.89025214515308,-0.0675612282728048,9.24797601344669,15.8658697864868,4.35471413563774,-45.1883541945791
28.1771041871343,-22.9475818762541,-11.5251260227215,-2.30949193844429,-2.64931483087903,-2.87932303762154,-0.142077288883915,9.19631134421534,15.8057605069784,4.7099069912453,-44.1560622379046
26.7265199097833,-23.1413245942143,-11.4754487536727,-2.25981476160105,-2.62050173108568,-2.87733592716185,-0.211128838415285,9.14166602095619,15.7486318529072,5.07354499098701,-43.0830349905482
25.236193588245,-23.3042671879358,-11.4416682107588,-2.24590515208284,-2.59814673987017,-2.86988426294014,-0.279683614192786,9.08254971674181,15.6676581953735,5.40290563770043,-42.0214334989518
23.7379188518376,-23.4433645240755,-11.389010305586,-2.20715695415784,-2.53455920934647,-2.86740037486676,-0.355689996076468,9.02393018812011,15.6150004794021,5.73325983023349,-40.9364837323465
22.2262311694745,-23.5382487784642,-11.3343653096681,-2.16542812561584,-2.51270099572424,-2.85647126733823,-0.449083458810541,8.96580743518186,15.5752588069355,6.07752367235394,-39.839114672519
20.6261174484022,-23.6778428910172,-11.2727654961542,-2.13760890657449,-2.48041045288906,-2.86342615394627,-0.508696307367523,8.91463954154459,15.5086915055605,6.37260696526535,-38.694055516927
18.9897391109638,-23.7871336553633,-11.2305398175062,-2.13363473243054,-2.44563602214722,-2.90118125266363,-0.565825287316609,8.8659555262036,15.4123179498146,6.6135419764378,-37.547506048434
17.3896253722391,-23.8467467995431,-11.1863270481392,-2.08644141449207,-2.40241637250215,-2.90465869596725,-0.643321990568092,8.8272070241985,15.3412797102796,6.91061236120098,-36.4262919486282
15.7527502374909,-23.890959881518,-11.1311852795798,-2.05663510839893,-2.37956460373167,-2.91161358257763,-0.703928386665194,8.77603913053101,15.2627899070571,7.13962481471659,-35.296632730877
14.1044492594474,-23.9287148728596,-11.064120966539,-2.04421581420491,-2.3567128349601,-2.93645246331484,-0.772979936406288,8.7432519365166,15.1644292675758,7.36317276246142,-34.1689606036488
12.4735354106196,-23.9336826348832,-11.0248759240977,-2.03229329177217,-2.3189577387559,-2.94489768277058,-0.828121821459017,8.71990348018409,15.0794814425093,7.5931787618492,-33.0338369026582
10.8495764111352,-23.9113277058044,-10.9682438375629,-2.01391273637199,-2.285176863187,-2.93496213047465,-0.905121751107972,8.6722130161227,14.9746627811388,7.81374606970899,-31.9136163610499
9.20972058474108,-23.8984115245526,-10.9145923871935,-1.98410643029467,-2.22606033097747,-2.94589123800063,-0.961753957383866,8.61707091707084,14.8758053705786,8.03331983094983,-30.7824668413355
7.57085830039926,-23.8889727767165,-10.8569667553085,-1.96970004903433,-2.20569245014775,-2.9617881216748,-1.02087003240632,8.58229662034691,14.7645286873171,8.22755815796077,-29.6597624464876
5.9270282508434,-23.8705920572493,-10.8067927137601,-1.95181626540059,-2.14309847490224,-2.96874300828328,-1.06458612151379,8.54801909930147,14.6651745058065,8.39248686506429,-28.5584192448376
4.37857908373498,-23.7856433267335,-10.764070262586,-1.87829404383793,-2.0968981598561,-2.95930423360144,-1.15450216846436,8.48393503814739,14.5861879315008,8.57629295424746,-27.4978113387553
2.777471704632,-23.731494720697,-10.6865737232283,-1.86140380373512,-2.0417558483705,-2.96526556498341,-1.20616663744555,8.47449630046506,14.4724273934531,8.72234427909207,-26.3825585322826
1.21262892873587,-23.6430685568858,-10.625470682611,-1.83110072596066,-1.97916187318186,-2.93694924095467,-1.27571496116325,8.41985097699262,14.3636345645873,8.85696981979272,-25.2851895151764
-0.321910554575707,-23.5650746932346,-10.5320774173595,-1.81917820353606,-1.92004534104441,-2.92204591250636,-1.3497342484794,8.37365083987561,14.2449063173577,8.99805341231575,-24.1714270310413
-1.85247584150027,-23.4513129431961,-10.4848840120484,-1.77993323393451,-1.84453514876057,-2.91409747066759,-1.4143148348103,8.3339087864503,14.1376038010103,9.14211764388741,-23.0839934573722
-3.37757660863793,-23.3405318503255,-10.4034132913262,-1.75559141732345,-1.78591539426366,-2.91409747066759,-1.47740509989972,8.28820542503701,14.0168884700345,9.25190452380486,-22.0119598147346
-4.87833538235443,-23.2352152958471,-10.3467812049841,-1.72230770893981,-1.7213343087701,-2.90465869599035,-1.53701794888869,8.25790210927024,13.9413792918361,9.34231724834533,-20.9578099613813
-6.35524894296845,-23.1383439366901,-10.2971039362777,-1.69597880527576,-1.67414043863952,-2.8922392556203,-1.61054046256797,8.21816005580206,13.8415283389671,9.43869125133207,-19.886769868326
-7.81924634824035,-23.0066982435905,-10.228052532816,-1.65822415098841,-1.60161091194458,-2.88876181231566,-1.67959201263242,8.17345024563656,13.7411806151399,9.52065883117775,-18.8172200937416
-9.25294045643384,-22.8685944599563,-10.1540334024911,-1.6313984755683,-1.54100404720397,-2.8842908137814,-1.7491403364335,8.11781137076681,13.6348716403791,9.6041167306026,-17.7402187445946
-10.6692474271105,-22.7131035095915,-10.0765368634317,-1.61997272494472,-1.48635851341101,-2.89422636607817,-1.79981125811934,8.08452740093633,13.5260788111096,9.67813593897873,-16.6711657476573
-12.0850576337864,-22.5640706495997,-9.98463391658398,-1.59314704951715,-1.44562275186696,-2.891245700387,-1.83011445634146,8.04279824481188,13.4053634796376,9.72334230119906,-15.6388738701692
-13.4934162129748,-22.4274571949422,-9.91309864980473,-1.58370838595759,-1.40240310244196,-2.92850402148454,-1.8658821657877,8.0139852560097,13.285641690113,9.78047122039123,-14.5951562428812
-14.8913425163207,-22.2754436780133,-9.85646656368389,-1.55886979759622,-1.32788646553347,-2.95930423362147,-1.89817245900852,7.97623030516546,13.1778424022709,9.83412272712724,-13.587206191114
-16.2544945392626,-22.146778642622,-9.7615829807788,-1.56284397172952,-1.28715070402057,-2.98116244868454,-1.92102405115091,7.93052694362538,13.0576238416077,9.84405819133259,-12.5628626709996
-17.5485947723534,-21.9719134208814,-9.702467031236,-1.52757317628533,-1.25386660620184,-3.00649810706996,-1.97616593656949,7.88233970375745,12.9617470555826,9.88578714099619,-11.5534223089712
-18.8282885193568,-21.7920804374624,-9.61255117524626,-1.50025072914683,-1.1917694088011,-3.03431765349799,-2.02733363211078,7.82968148280389,12.8335801603586,9.93794832803198,-10.5494464394519
-20.1323242765651,-21.6241700825572,-9.51170632022803,-1.49677332677874,-1.12917543384582,-3.05617586855366,-2.03826265444036,7.80633302635324,12.6964713884452,9.95583216358307,-9.55292215026784
-21.4035728546034,-21.4681823566149,-9.42477110044953,-1.51068293624459,-1.09589133606368,-3.0745566403126,-2.06608198403836,7.79043620493615,12.5668141801826,9.9622902153132,-8.5762687366215
-22.6281245384893,-21.2992784497004,-9.34230683483722,-1.50521844681165,-1.03925869212147,-3.10535685245474,-2.09936582481065,7.78546844824357,12.4441117646881,9.95483861716543,-7.62793131956055
-23.8462181443972,-21.1452778289694,-9.24841679761359,-1.49925718561937,-0.980142160270817,-3.10833751814459,-2.14109481924839,7.75615868371854,12.3074997636282,9.9657676277733,-6.70095509305553
-24.917762973898,-20.9083155835704,-9.20768143755136,-1.44560583487399,-0.927483736929715,-3.10187940914834,-2.23647537792332,7.67369392254112,12.2667645487289,10.0382965163817,-5.80726258092811
-25.931681843782,-20.7021534626228,-9.13366230766562,-1.41828338775343,-0.886251197906847,-3.11976340329615,-2.30055919086079,7.62451313121061,12.1758554715586,10.0387932895913,-4.89568628558687
-26.9316910053416,-20.4845654891584,-9.07206249491061,-1.36860621112479,-0.842037993467367,-3.12324084660446,-2.37259138364122,7.59271948833723,12.103823689037,10.0596577643915,-4.02385173807211
-27.9063646173723,-20.2635000825404,-8.99307563834935,-1.33432895925147,-0.78739245985589,-3.12671828991183,-2.45406227760483,7.54850645370109,12.0104307571152,10.0859867445101,-3.16741711885199
-28.8090057784989,-20.0290217191093,-8.90713396417801,-1.29508398974705,-0.728275928040544,-3.0884664135365,-2.52361060179964,7.48442239224738,11.9388957454818,10.1182770031144,-2.34575652904194
-29.7225760044079,-19.8387564370764,-8.84056642469704,-1.2752131191247,-0.690024054533983,-3.10386651960903,-2.5673266913106,7.44815776829973,11.8499737518024,10.1023802604142,-1.53055397465317
-30.5487137396212,-19.5858973546334,-8.76803761309075,-1.22951011662982,-0.653759291352445,-3.1182730704523,-2.66419757134316,7.41189314439494,11.7834064491585,10.1033738068332,-0.737706154054763
-31.3092771044792,-19.3593674105606,-8.70047652831889,-1.1753619941217,-0.6085525317635,-3.11181496145427,-2.73573299050898,7.34135099919892,11.7088908118464,10.123741508429,0.0273224434082364
-32.0569243076115,-19.1283664810507,-8.61751549043387,-1.11376229516441,-0.572287768618337,-3.12125373615107,-2.80329421973057,7.28471857281324,11.6289106944599,10.1366576118832,0.807254193558659
-32.7449584460495,-18.8928945661814,-8.56833499495636,-1.06209803157369,-0.527577786658013,-3.12522795707146,-2.85793933164213,7.22907969766043,11.5628401627042,10.1416253439756,1.54893451291114
-33.472734630958,-18.6976615230612,-8.47345141275835,-1.05762708568485,-0.473429030719881,-3.1629830558439,-2.87930060266538,7.21467320320177,11.4351700374223,10.0775415999456,2.32042113942049
-34.2104463280396,-18.5193188705246,-8.3924774656759,-1.07451732571854,-0.395434951104985,-3.16497016630561,-2.8927134937745,7.19033119532523,11.3233965813199,10.050219073398,3.03477900582032
-34.8577448773954,-18.341969770385,-8.29262615677428,-1.07402055395289,-0.338802307353485,-3.17838316192823,-2.91357799104807,7.16002787941286,11.1902619757018,9.99855465956451,3.77049805868282
-35.4081721937207,-18.1199108135121,-8.23549729848833,-1.03676267154962,-0.274717999937465,-3.1888154918534,-2.95083602194832,7.11084708795723,11.1192237346401,9.97321922586612,4.45504961411525
-35.9536317552241,-17.9137486950923,-8.16843298658144,-1.0069563656492,-0.211627247681207,-3.21564148307114,-2.99951984904632,7.07507923961161,11.0134115294641,9.95632893675699,5.13662053741821
-36.4851816027657,-17.6986446052851,-8.08944613037789,-0.982614549164171,-0.135620278454825,-3.22110603684124,-3.03826820120257,7.02639522379408,10.9175347425409,9.9399354208332,5.81272696946737
-36.9938797766627,-17.507385772666,-8.01045927426139,-0.978640375039199,-0.0536519783459095,-3.24743525047417,-3.06956494717188,6.99410480519147,10.8052645151925,9.88529036770957,6.47343347415098
-37.4529003946143,-17.3002301020735,-7.92700146403876,-0.951814699723408,0.020864658124746,-3.25886113562572,-3.10284878813171,6.96578859190657,10.7113748117847,9.86392911969391,7.11575942119074
-37.9129145651471,-17.1288423171578,-7.8420533358536,-0.977646831520724,0.0879296308979014,-3.27177735363801,-3.12868102290183,6.9479046677503,10.5866853113711,9.81921953077577,7.74467252797288
-38.3232511793776,-16.9693771609845,-7.76356325246266,-1.0019886480033,0.161452712134876,-3.31946800473512,-3.15202938895154,6.92554976250987,10.4540474762863,9.75016805457335,8.36712760079032
-38.6501294999748,-16.7627182672673,-7.69997634951164,-0.981124233868793,0.218582133384717,-3.32493255850984,-3.19822934729878,6.86543990620442,10.3522094380267,9.7481809617317,8.92748619685883
-38.9536593694809,-16.545130297515,-7.62645399299204,-0.945356666755787,0.283163218194913,-3.33933910936225,-3.23846802068676,6.80930425527021,10.2662680691326,9.72880680651916,9.49181896654438
-39.1727373934023,-16.2997228614738,-7.56584772618904,-0.888724685553575,0.336318418768823,-3.33387455558914,-3.31497117756573,6.73776855850173,10.2215586864504,9.72980035294038,9.99157140095467
-39.4484478316381,-16.1094575824515,-7.49530600579287,-0.867860271438559,0.402389836285697,-3.35921021399814,-3.35918404100185,6.70051038307323,10.1371076303148,9.68856817645582,10.5151688814825
-39.6883904293705,-15.9340955891958,-7.40141596957617,-0.872827989085493,0.451074038683398,-3.38007487385533,-3.38153885961186,6.66821996437102,10.0163922969666,9.61256187527577,11.0064761941242
-39.8379198744846,-15.7423399819572,-7.33683552138577,-0.856434520857438,0.492306577428624,-3.38603620524234,-3.42922913930458,6.6299682375712,9.93442509534697,9.57480711127535,11.442145064372
-39.9169071895172,-15.5247520132665,-7.27672602735901,-0.801292854956286,0.535029448872562,-3.37808776338778,-3.47195168151022,6.54998735433857,9.86537393750583,9.57927807017329,11.8415495925757
-40.0217268339674,-15.3265383158054,-7.22903585027637,-0.78937033260545,0.598616978449885,-3.39497820231765,-3.51517099747631,6.49037427360314,9.77992933931286,9.53407170801309,12.2493992409823
-40.0490494901491,-15.0856018666968,-7.17737149182555,-0.722306144355754,0.649288291068513,-3.37461032007073,-3.58620964328742,6.40939983902184,9.72429099624824,9.50774272782234,12.6035975343992
-40.0733914928983,-14.840194432243,-7.11130072571308,-0.65126778205211,0.691514384904775,-3.33933910935417,-3.66867408532512,6.35326418797073,9.67411713330916,9.50873627424432,12.9369314120751
-40.1166109672161,-14.6648324397446,-7.02684937060586,-0.616990530307733,0.769508464097061,-3.3457972183623,-3.71487404379226,6.31650278815459,9.61500139378906,9.46253636561632,13.2911297048971
-40.1305206830913,-14.4537025623762,-6.96673987666498,-0.586687452665643,0.816205556065782,-3.32642289135594,-3.77895785715349,6.27278652890702,9.53253742097729,9.44514930322898,13.6031023944885
-40.1235658251598,-14.2703921513242,-6.90464329205412,-0.571287527980943,0.874328532238923,-3.35026821692063,-3.80578363951359,6.23155414801042,9.43566709148993,9.4024268070687,13.922029889043
-40.1171077427881,-14.0860881880195,-6.83757898068637,-0.542474765667996,0.917051403604369,-3.3537456602338,-3.86887390550587,6.18585078605333,9.34326770025104,9.37659460006814,14.2002220959507
-40.0907786377492,-13.8963196869006,-6.77399207815176,-0.502733024527633,0.976664712507722,-3.35275210500208,-3.91358354281014,6.13716677006182,9.29160352443915,9.35622689839218,14.4734465846316
-40.1195916206308,-13.7333770996153,-6.70146326740506,-0.485346012785526,1.04919423829515,-3.37510709771685,-3.949848026412,6.10239247290536,9.18231392175741,9.31847213431544,14.7476646167755
-40.1096561092923,-13.5838474693498,-6.64036022824435,-0.479881523380312,1.11476887801531,-3.38305553957141,-3.99108024747516,6.07308270815957,9.08792744662503,9.2573690292843,14.9846247640404
-40.0783592485813,-13.3970596256771,-6.56087660007609,-0.445107499898292,1.16047241477906,-3.38702976049785,-4.0362866585405,6.03185032720995,9.00049576437542,9.21464653307629,15.2012172674319
-39.9049845762229,-13.179471659359,-6.5062316057348,-0.369101420158182,1.20120817581443,-3.3686489887292,-4.11328658963505,5.96130818146986,8.97814107292196,9.22408522409233,15.3596874706003
-39.8374230992627,-13.0110645347916,-6.44761243000431,-0.349230549629621,1.24989237801349,-3.39398464712587,-4.15004784705211,5.91461126808181,8.90908991480995,9.18036918147483,15.5390220891578
-39.7003130430623,-12.8098701824281,-6.38700616366125,-0.310482352077417,1.28665391842322,-3.38206198434303,-4.21959617185248,5.85946916822642,8.83904521481632,9.14410473698783,15.6627182664005
-39.6317580148945,-12.6891535710566,-6.30205803622954,-0.275708328611193,1.35173178046031,-3.42826230261533,-4.26579613046535,5.82916585209903,8.75707801258821,9.0800209926204,15.818207838469
-39.5622094356844,-12.5336626273179,-6.22505827163282,-0.274714785083562,1.39197076386977,-3.4416752982561,-4.31050576782204,5.80879804945498,8.64629809675328,9.02040820711711,15.9453814181276
-39.5070673478097,-12.4382816010624,-6.15054237042902,-0.322901646216861,1.45804218104144,-3.46005607006284,-4.2916283653757,5.8048238440623,8.52657630424438,8.93595676090429,16.1028580772335
-39.3972799478501,-12.3006745999144,-6.09391028556299,-0.313462982707816,1.52262326549418,-3.48141750755397,-4.32491220655292,5.77849473332189,8.42076409759765,8.88677621286342,16.1927737721827
-39.2626537694968,-12.1402158946529,-6.02684597453643,-0.306011406251615,1.56932035730585,-3.50079183459065,-4.3611766902287,5.73179781989901,8.36115158679226,8.83411825231309,16.2727540311966
-39.0872919950183,-11.9772733086184,-5.94090430194892,-0.269250295746877,1.61999166967549,-3.51519838545889,-4.40638310138364,5.68162347675638,8.30253261780157,8.79238930242082,16.3532310620172
-38.97005296159,-11.8659954450185,-5.87632385434077,-0.276701872202138,1.69947608119971,-3.5569277052271,-4.42774437258634,5.65976534706064,8.21907510257032,8.72929910435344,16.4217855697221
-38.8945430760079,-11.7418014012318,-5.80727245265614,-0.301043688557559,1.77697338246169,-3.60809579964581,-4.43867339509129,5.63989432004509,8.12220477264993,8.63987992611515,16.4923271646568
-38.8115815567534,-11.6533752419193,-5.72480818884123,-0.3159468414521,1.83807702383623,-3.63293468045339,-4.4476153225826,5.63542333897009,8.01142485661957,8.56387362450238,16.5618752159543
-38.6809295836054,-11.5232198840364,-5.67463414883835,-0.330849994347768,1.88874833618654,-3.68112210923793,-4.46102821382537,5.62250717141364,7.90710296255717,8.50873179781865,16.6170168852018
-38.5174904230023,-11.3523288797127,-5.61402788274763,-0.334327396691626,1.91905176805811,-3.68907055110039,-4.49580237630128,5.56438441739689,7.84202597145795,8.47793185858703,16.6204942877649
-38.4136643301107,-11.2480058829006,-5.53255716446399,-0.350720864903958,1.98711029537623,-3.73924509041713,-4.51318945752589,5.53805530663007,7.76502647802715,8.39844814428644,16.6468231928772
-38.249231618337,-11.0771148785074,-5.4734412164121,-0.292598568500111,2.0318202768021,-3.75861941747225,-4.56535070117641,5.49185516888012,7.71634292734127,8.37162239070357,16.6160233416191
-38.1011925005977,-10.936030444965,-5.42227363112806,-0.280179274416157,2.08596903207358,-3.79885840442691,-4.59267325741321,5.47099059053204,7.67362062778528,8.30058382108241,16.6150297980296
-37.8850951309457,-10.7790491740185,-5.35669963838462,-0.254347142723161,2.12720157050114,-3.80481973582602,-4.63738289492345,5.4347259662002,7.61251780402524,8.24643554073893,16.5946621544453
-37.7246366244903,-10.6573390114163,-5.32937714141184,-0.250869740381672,2.16942766404838,-3.82171017478625,-4.67861511618692,5.41535171485281,7.54396341634346,8.18483566215598,16.5862170339348
-37.5289070529495,-10.5152610256314,-5.25585478597719,-0.226031152208436,2.20519564913537,-3.83760705852697,-4.73326022868264,5.36964835268177,7.49378955285217,8.13168092818562,16.5693267929172
-37.4494229631076,-10.4452155852289,-5.18680338457795,-0.243914935672409,2.23798296881329,-3.89920748302358,-4.74866021495101,5.37014512835741,7.35320338090187,8.02487468695058,16.5926750672691
-37.2010351825424,-10.2738278054983,-5.14706157083658,-0.208147368744462,2.27077028850137,-3.92553669670829,-4.80181500624213,5.29860943101676,7.30998431035579,7.98910701549627,16.5176625262216
-37.0351121453768,-10.1521176432528,-5.08695207756616,-0.165921768902697,2.32144160072847,-3.9419303580699,-4.85099560755215,5.26681578776406,7.25732659219366,7.9280039100618,16.4659982595415
-36.8324277166793,-10.0448139900182,-5.0347909470903,-0.146547670137595,2.37310646808004,-3.96875634937556,-4.87434397382412,5.25837060126844,7.1723787637987,7.83759118492692,16.4048953287437
-36.5865238141694,-9.88584561482505,-5.00697167752343,-0.105812385513956,2.41731967183915,-3.94689813421449,-4.92501489634704,5.219125322889,7.14008865356198,7.81573316343489,16.3199473518088
-36.3460844429946,-9.74724506276732,-4.9543137743928,-0.0809737973595222,2.46451354101797,-3.94590457898051,-4.98065355640951,5.17689939044021,7.07997937142901,7.76704938831558,16.2464251261273
-36.1121031546497,-9.61311549646205,-4.88426882780166,-0.0427223716301616,2.49332664009591,-3.94391746851199,-5.02337609897298,5.12076373905845,7.00943789986916,7.73724299538699,16.1753867594148
-35.9874124893257,-9.52518611414869,-4.82564965268819,-0.0402385128153132,2.53604951115167,-3.96825957174075,-5.03182125273753,5.11380887958977,6.90461923428457,7.65974637370451,16.0993806747263
-35.8060894105045,-9.39155332410778,-4.76156597814547,-0.0273224469808732,2.57231427377691,-4.00949211395939,-5.06808573657838,5.08648621740015,6.82960682430525,7.59764972170129,15.9866134771477
-35.6034049826935,-9.24599790600579,-4.72430802787975,0.0173870116519912,2.60112737283013,-3.99707267353603,-5.1182598854723,5.04028607944337,6.76403306192864,7.56585623588962,15.876826910356
-35.2944105858128,-9.08156499355003,-4.66767594349185,0.059612611471386,2.64832124197296,-3.97670479122491,-5.15849855933323,4.97272458743926,6.75608472708918,7.5688368751882,15.7109051306177
-35.1106036297694,-8.96531936975674,-4.5996180876792,0.0675609596687739,2.7153862139016,-3.98067901216102,-5.19625336445892,4.97024070905462,6.68007877521235,7.50773376962842,15.6299313278691
-34.9108998559453,-8.86844801658842,-4.53454086793589,0.0481868609290882,2.73724442698114,-3.99260167497665,-5.23102752708344,4.96030519552741,6.59612448842146,7.45259194260109,15.5454801225725
-34.6987766933416,-8.73729910775227,-4.47145073891112,0.0943866348304856,2.77052852414943,-3.97869190170322,-5.3035564948472,4.92056314138076,6.55836989790773,7.42427586925443,15.4361903274121
-34.5149697374754,-8.63446644062852,-4.39792838385007,0.107302700669162,2.79487062505544,-4.00154367209937,-5.3487629062395,4.90615664676576,6.4739188401187,7.38652110479876,15.3303779348324
-34.2968852684946,-8.50431108425162,-4.34079952686763,0.147541213412857,2.83858705114683,-4.01247277967551,-5.40042737645336,4.86939524667632,6.42076435080905,7.35174697963573,15.2022108113553
-34.0812846777569,-8.40893005979431,-4.28466421527238,0.146050898126091,2.88180669968908,-4.03035677389819,-5.45109829916169,4.85200809798515,6.36115183943746,7.2881600078955,15.0800049494369
-33.8060710202176,-8.27082628485487,-4.25833526380524,0.193740987310419,2.93496189960135,-4.0412858814785,-5.5241240407048,4.8053111843448,6.34177777322651,7.27027617207689,14.9597861746614
-33.5710961830246,-8.13570316708146,-4.18679999948952,0.221560206001979,2.96228466592116,-4.0487375457426,-5.57280786844305,4.78096917617967,6.267758904825,7.24345041834753,14.8490060639489
-33.3465536325452,-8.04926411375934,-4.12072923455579,0.218579575429613,3.00997531254246,-4.06413765186854,-5.60311106734854,4.79487889514603,6.20566253873954,7.18383763230453,14.7357420942669
-33.2223597441887,-7.97673479322697,-4.07055519503902,0.196224846124742,3.02338830691093,-4.0979185298576,-5.62049814867464,4.82220155738205,6.09488262158516,7.08895394773264,14.6617230964924
-33.040043116137,-7.89973448718809,-4.00796183884271,0.205166737842968,3.04872396291672,-4.13269296307721,-5.65328521634884,4.8008402032609,6.01887666941899,7.03629598668309,14.5499494421165
-32.7956295443508,-7.77156623592392,-3.96772325271592,0.257824544629414,3.07902739464819,-4.12722840928596,-5.69799485410886,4.76109814910096,5.97714791135608,7.00052831501059,14.4004211311154
-32.569099892576,-7.66972712161803,-3.93791689262952,0.265276121054973,3.119266377721,-4.14809306919919,-5.72780127930303,4.74321422470827,5.91654185801368,6.94190907531416,14.2767249534978
-32.336112158548,-7.57484287361243,-3.87929771787997,0.295579198566306,3.16000213835729,-4.15057695728707,-5.77151736954994,4.71440123544601,5.88127112200778,6.8624253604207,14.1609771246678
-32.1329309579331,-7.48939737287546,-3.82167208842581,0.295082426804539,3.17192480000267,-4.16200284248574,-5.79238186717886,4.69999474079727,5.83209079999711,6.79536097599453,14.0606292214975
-31.9794273126527,-7.38457760165722,-3.76951095835129,0.311475894952761,3.21415089331951,-4.17491906054393,-5.83113021993562,4.68459469480058,5.75807193146296,6.75114815957857,13.9528297413586
-31.8294010962665,-7.31055795283645,-3.6915176495315,0.313462981999603,3.25886087444924,-4.17740294863107,-5.84901407505312,4.6761495082791,5.68355629201481,6.69948374489507,13.8370819124036
-31.6465876937869,-7.2499512605606,-3.64631133682307,0.30899203614111,3.31052574157432,-4.19826760858315,-5.89273016538066,4.64385908923716,5.6691499350457,6.63440645328008,13.7302759757695
-31.455329107008,-7.13519596612904,-3.61004693212074,0.317437156094976,3.3269194013252,-4.21019027139727,-5.94042044572998,4.59368474577564,5.62692440599723,6.60211619409385,13.5877024696071
-31.2680447245195,-7.04776336085625,-3.5727889820819,0.34326928773388,3.37808749087384,-4.22111937899237,-5.9925816898103,4.55394269160137,5.57128606172358,6.57926462600959,13.4704643251946
-31.0782764645639,-6.95436944161548,-3.52907298741702,0.367611104057376,3.40690058982342,-4.21515804757963,-6.03679455389094,4.52612325364072,5.53452501285962,6.51518088075801,13.3482584627115
-30.9391793109427,-6.87885946445688,-3.46101513208951,0.360656299395537,3.46055256720721,-4.2568873674723,-6.05418163527243,4.52214904822022,5.46398354069768,6.43967135144617,13.2508911901244
-30.8115079949366,-6.80136238264943,-3.39544114008636,0.352211179446357,3.49930121750026,-4.29861668735438,-6.06660097911808,4.5057554508457,5.39294529761122,6.3944649885035,13.1465691123114
-30.6361462263896,-6.69952326872818,-3.35718964480967,0.345256374775747,3.53059820427653,-4.32991367728415,-6.10584610568132,4.47942633993051,5.3268747637986,6.34975539872693,13.0452276653291
-30.526358830159,-6.63841980037023,-3.30999624152521,0.35668212529321,3.57779207322264,-4.37263655242411,-6.1336654358913,4.46253596688037,5.25832037533906,6.29908453033376,12.940408815703
-30.3748422879954,-6.56489692794897,-3.25584802095319,0.353204722959879,3.60064384133493,-4.40592065283758,-6.1396267209383,4.45508433171627,5.20317880195729,6.22605886703494,12.8251577582671
-30.1875579065353,-6.46802557582085,-3.21610620768166,0.361153071145239,3.61554716835688,-4.43473375466762,-6.17241378870045,4.42180036127207,5.16095327281316,6.17091703966663,12.6969906339598
-30.0896931236849,-6.39847691274784,-3.16344830512032,0.372082049908652,3.63641182619804,-4.46354685653669,-6.19029764386543,4.43074232347371,5.08395377849149,6.10385265494007,12.599623361239
-29.972950870127,-6.35227672943506,-3.11526135652787,0.384998115713445,3.68062502970438,-4.48639862694733,-6.19625892891809,4.45707143441532,5.01937355742098,6.01393670214201,12.5047399474419
-29.7772213047618,-6.27577320009064,-3.04819704666699,0.404868986181855,3.72831567616099,-4.50130195549431,-6.24842017315148,4.44365849111304,5.01043168064825,5.97518839097855,12.372101876856
-29.6798532975877,-6.20175355159671,-2.99007464484621,0.394933550951409,3.76607077127607,-4.54203772017816,-6.26133629076883,4.45458755603093,4.95876750375195,5.95034972996905,12.2797023220418
-29.5303238582962,-6.11034673746903,-2.94089415102268,0.404868986181855,3.78594187397579,-4.55644427111071,-6.32442655763876,4.43322620188175,4.93690958274975,5.90762723298598,12.152031969353
-29.410600951653,-6.06215944955209,-2.88525561255482,0.409339932037755,3.82220663636435,-4.58078637440951,-6.37410393310816,4.43918751001955,4.90064530471297,5.86291764315456,12.0685743069019
-29.2700134723624,-5.98168171106093,-2.83259771010913,0.435668835420683,3.84853584742549,-4.60512847771706,-6.42129743984959,4.45309722899809,4.86289071386465,5.84404026077223,11.9483555312191
-29.0946517047089,-5.89623621086167,-2.79583653290606,0.448584901215052,3.87188439307515,-4.59817359106107,-6.47594255288883,4.43074232346781,4.82811674861394,5.80578872277628,11.8102529706184
-28.927735121603,-5.81377136774629,-2.75410762909851,0.481371837476354,3.90765237789632,-4.61407047485729,-6.52909734464628,4.40938096931478,4.80874268225443,5.77598232951081,11.696989000048
-28.8209283794799,-5.750184018876,-2.69499168203167,0.475907348099263,3.934478366509,-4.65579979481178,-6.57430375635692,4.42180036127828,4.75161402503479,5.73077596641141,11.6100539348713
-28.6485472654284,-5.68908055077603,-2.62295964577734,0.486836326856613,3.98216901292474,-4.67169667861675,-6.60709082420612,4.41136807204263,4.71087880856375,5.71636954299419,11.4933125616459
-28.5521728097047,-5.60264149837231,-2.54496633752475,0.480378293955276,3.99011745399459,-4.72832932712161,-6.65229723592055,4.39447769898988,4.65076952568714,5.68407928359613,11.4068742682476
-28.455301578674,-5.51371856522915,-2.50870193304523,0.458520336438921,3.99458845209431,-4.75714242900592,-6.66769722234253,4.41732938016596,4.56482815427803,5.63688582758303,11.3124876259829
-28.2943463023281,-5.42727951292307,-2.47442461924552,0.473423489282712,4.00452400342903,-4.7770135337554,-6.73128426305712,4.40689709092629,4.52260262498455,5.58919559835191,11.1942559372454
-28.1641911100408,-5.3622018356919,-2.42623767089187,0.474913804566847,4.02439510610982,-4.80135563707532,-6.77947131743149,4.42130358558763,4.47391907357535,5.56783434982362,11.0998692949109
-27.9957842008225,-5.28222087349297,-2.39444422042182,0.491804044457755,4.02936288177458,-4.82967196135262,-6.81523902785544,4.41981325855335,4.43417739893877,5.53604086365597,10.972198941887
-27.9073581541765,-5.21167865850081,-2.36215399730591,0.504223338494091,4.04476298634211,-4.87239483660651,-6.83014224053667,4.42825844507115,4.38300999280655,5.47394421094751,10.8743348969458
-27.7464028784165,-5.11927829235874,-2.29409614242678,0.509191056105055,4.06364053386954,-4.90816282514498,-6.86938736727762,4.44415526678423,4.35171342402907,5.43122171387211,10.7819353417383
-27.6102863799104,-5.03929733033872,-2.24044469482701,0.510184599627272,4.06264697873645,-4.95138247802039,-6.91956151665249,4.46104563983742,4.28912028643123,5.40986046533584,10.671652001656
-27.4746666568388,-4.98316162405829,-2.19225774653197,0.533036100648656,4.07407286276471,-4.96827291707067,-6.97669049864912,4.47346503179293,4.24888184081306,5.36018314312201,10.5598783461437
-27.3315953008203,-4.88529672019929,-2.17934165730533,0.535023187694795,4.06860830953511,-5.0070215713904,-7.02587110053636,4.491845731871,4.21261756266516,5.30305422256467,10.4644981600999
-27.159214187629,-4.80481898204251,-2.15201916086964,0.550423112302182,4.08996974489535,-5.0457702257093,-7.07852911872235,4.50972965627934,4.18877255783746,5.27622846856061,10.3576922225899
-27.0072008719871,-4.71539927307845,-2.08545162408422,0.580726189761541,4.08549874679563,-5.08004788144533,-7.14708389714993,4.49432961027234,4.18877255783746,5.24989948778553,10.2409508489461
-26.8631359650119,-4.65479258142274,-2.0233550412924,0.587680994418118,4.10785373728145,-5.11134487145988,-7.18483870268188,4.52065872119973,4.15399859246979,5.22357050701185,10.1440803474019
-26.8000454712806,-4.62051502631291,-1.97417454775483,0.56731335219185,4.11828606618129,-5.17890662774542,-7.19079998776821,4.5673556348557,4.08544420354914,5.16445449351507,10.0665839461562
-26.7071484451395,-4.54450827366999,-1.91952955490045,0.578739102698076,4.11182795781688,-5.19877773252182,-7.23749672093007,4.59815572687405,4.02781877518537,5.11378362482316,9.9871004576808
-26.5695416203531,-4.4754563873702,-1.86438778941566,0.567810123946514,4.11083440268383,-5.22212628065856,-7.29015473917053,4.60809124041966,3.99254803884301,5.08099659210952,9.88476546626087
-26.5114188821347,-4.40441739644533,-1.82464597647545,0.570790754512491,4.10189240648876,-5.27826215166913,-7.33138696102973,4.63889133245149,3.94038709077136,5.05019665229667,9.8023013469118
-26.398154059116,-4.33437195788283,-1.78242030024463,0.563339178094636,4.10735695972019,-5.32446247034811,-7.37808369423861,4.67018820012863,3.91753562778984,5.01045479448955,9.71188887868324
-26.270482745384,-4.23750060665462,-1.73671721539185,0.54744248173474,4.0999052962242,-5.36817890088766,-7.40838689345921,4.70396894620718,3.8758068692852,4.98909354589684,9.62495381306275
-26.1666566576665,-4.16447451114912,-1.67362708738948,0.561352091052104,4.09543429812619,-5.42282443913963,-7.45955459051672,4.7437110003702,3.84600061322383,4.97319680275404,9.52410913693911
-26.0583595900348,-4.10933235738715,-1.61649823134976,0.552906971107608,4.08698907949801,-5.46852798021341,-7.48439327839448,4.79090468970154,3.79980091628898,4.93842267713568,9.42872895063579
-25.9376431341432,-4.04475145668176,-1.56930482856512,0.563835949852005,4.0919568551643,-5.53509618135107,-7.51867066770748,4.84853066824533,3.74465934253077,4.89719049962062,9.35172932101928
-25.8452428838922,-3.97520279431999,-1.51267274525965,0.563339178090903,4.07258253007797,-5.61358704538073,-7.55195450949299,4.88628561970117,3.6979628746559,4.84651963085702,9.2742329196102
-25.6842876092553,-3.8862798617336,-1.4401439368717,0.582713276794427,4.08102774870736,-5.65680669840073,-7.61057381294843,4.91162117919065,3.66964693133725,4.81820355709877,9.17587210242203
-25.5486678872094,-3.78791818221023,-1.37357640036263,0.587184222642885,4.05469853766251,-5.73281367432576,-7.65925764126917,4.95136323333525,3.63338265305738,4.7933648959249,9.09539507017511
-25.386222286344,-3.67514999423177,-1.32837008825372,0.623945332964948,4.02985965932098,-5.78348499163863,-7.71638662349905,4.99607304422723,3.60705379349352,4.77150687408372,8.9910729912658
-25.2376864003895,-3.59765291346938,-1.24838968999727,0.60606154956232,4.01843377528837,-5.85700807953705,-7.75861239297213,5.07953135787292,3.55687992902912,4.72431341781996,8.91307981798549
-25.0886537392909,-3.50227189108391,-1.18678988015727,0.628416278807432,3.98415612317665,-5.90320839830703,-7.81623814901615,5.14013799037327,3.51018346111583,4.69550057085673,8.82713829579297
-24.9594920995915,-3.40987152567158,-1.13562229617651,0.640835572839696,3.95236235889722,-5.97027337713401,-7.88032196393165,5.20074462289545,3.48385460153818,4.66817804355124,8.7431838608091
-24.8059884587183,-3.30654208480234,-1.07799666765751,0.663190302079171,3.91858148434791,-6.00951880922988,-7.9309928873766,5.25091896615942,3.43268719519555,4.65377162006636,8.67164872093708
-24.5580974661951,-3.13664463889499,-1.02533876574121,0.732738348573054,3.86840695007473,-6.02690602596611,-8.04475407830063,5.278738404027,3.45305480353487,4.67662318833717,8.53404293090959
-24.4105551319939,-3.03778618354574,-0.958274456749536,0.72031905454486,3.83611640822267,-6.09099033918012,-8.09294113295397,5.35375153101168,3.42523563113048,4.63489423750601,8.47194645530121
-24.2535740624443,-2.92154056263213,-0.896177874397686,0.722306141589196,3.77699987771986,-6.150106876186,-8.15404430534945,5.44317115258626,3.37655207939973,4.60012011180409,8.39345651012667
-24.0608251546503,-2.7620754162163,-0.861403788295593,0.745157642599631,3.70745101831722,-6.20972019082704,-8.21763134660466,5.50477133630437,3.35519092915025,4.58919110086833,8.29906986713607
-23.9033473098113,-2.65328143783205,-0.787881434846555,0.733731892095998,3.66224425965329,-6.27877228027967,-8.27724419779141,5.59518450917861,3.32935884047228,4.55292665549492,8.2116380294442
-23.7875986101328,-2.58323599975828,-0.687036585196784,0.713364249899005,3.62399238694951,-6.35925025506043,-8.33586350148791,5.69404286845002,3.28713331091043,4.51020415818574,8.15500604363316
-23.5898819472301,-2.45606130367971,-0.63437868344745,0.758073708375138,3.55344997234871,-6.40892801728445,-8.41186988679249,5.75216562238305,3.27868820499805,4.51517189042967,8.05366459531505
-23.4398557359381,-2.34279634010271,-0.561353102720679,0.761054338939236,3.50079155015433,-6.47996721729115,-8.46055371532025,5.84456589779621,3.26378507691758,4.47741712537582,7.98958103240022
-23.271945605308,-2.24294433272923,-0.482366250086143,0.769499458876704,3.44316535227438,-6.55498063828043,-8.50774722257645,5.94839201372413,3.21063058672083,4.43370108160358,7.92698778489761
-23.1184419653598,-2.12123417459914,-0.417785804567466,0.768009143594861,3.37659715814948,-6.62204561733047,-8.56388265754214,6.03383742967562,3.18330818522191,4.39346245043153,7.84353012154688
-23.070751514169,-2.04920163211655,-0.333831225439193,0.717338424030734,3.33486784242443,-6.74673680058809,-8.57630200157361,6.17343139408467,3.07650243394257,4.29857876460164,7.8321043700064
-22.9222156297586,-1.94289153487095,-0.297566821429524,0.733235120385419,3.26680931558795,-6.79840167338429,-8.63194066277933,6.25390905317475,3.04421232306733,4.29559812525298,7.74964025024481
-22.7344344782133,-1.82118137684172,-0.242921829150124,0.732241576863276,3.22259611199316,-6.85354398954936,-8.72384380864824,6.3398512446313,3.02632856934044,4.27821106237764,7.66320195600808
-22.5998083089433,-1.73275522135416,-0.161947886077571,0.719325511078026,3.16198924861036,-6.92855741068807,-8.7804760174579,6.43324507118404,2.98658689439674,4.24641757598255,7.61253123178152
-22.4224594438385,-1.61799992963456,-0.0988577587127402,0.725783543972198,3.12324059824902,-6.98220939400031,-8.85052111785813,6.51819371124621,2.95777418006257,4.23946275083436,7.54844766880265
-22.2580267426237,-1.49132201024688,-0.0596127188651771,0.729260946300004,3.05915629187378,-7.03089360110057,-8.92702427721084,6.61705207001173,2.93293563321966,4.23300469890699,7.47542221329263
-22.1268780022476,-1.37954737559275,-0.00397418134741124,0.700944955943567,3.02736252746868,-7.10093924601532,-8.99607583015531,6.73180725034039,2.88226499767024,4.18481769608492,7.43269983794189
-21.9952324864436,-1.28963089174026,0.0586191733081734,0.692003064249919,2.95980077804344,-7.16899778048942,-9.06612093061828,6.84010434676752,2.83308467492558,4.16544354030385,7.36265501323939
-21.8412320717489,-1.17437882405818,0.122702845927004,0.69796432538007,2.91459401925031,-7.21718520999327,-9.14957892270482,6.91611102458111,2.82612988180523,4.1599790348251,7.29062310130575
-21.7264769240415,-1.0879397733627,0.196225198984038,0.676106367900094,2.84653549220146,-7.28325663398579,-9.20869500042699,7.05322110985315,2.78191726839122,4.13563714678988,7.22952016909574
-21.6122185517597,-1.02385564954742,0.275212051153035,0.654248410400829,2.77549629976317,-7.33343117404953,-9.25638528158859,7.1580407764155,2.74565298991962,4.11477267130687,7.1823268474798
-21.505411812668,-0.949339226532495,0.379037536171812,0.637358170523551,2.70594743999279,-7.41241881633313,-9.33040457221298,7.27627338607575,2.69845975085394,4.07701790618244,7.12321100248249
-21.4234438501252,-0.857932414388177,0.456534070371915,0.620964702400962,2.62695980637101,-7.48594190475507,-9.35474648660393,7.39251889298691,2.66666641085537,4.06757921490045,7.08297248613411
-21.3230951930502,-0.77993855842092,0.526579014677689,0.61202281069852,2.56535938767027,-7.54257455398577,-9.41286901688597,7.50578374586016,2.62394411020244,4.05466311103691,7.03428884906969
-21.2123142499266,-0.672634909529977,0.595630413647587,0.591655168486634,2.47693298016575,-7.60765242279788,-9.47744960615242,7.60563565563127,2.58867337363317,4.03578572847873,6.96672788333378
-21.0752042038022,-0.583215202139837,0.682565628172892,0.589171309681121,2.38701623988083,-7.67670451263397,-9.53060439888388,7.70648111656458,2.55886711738079,4.02187607816602,6.90264432022178
-20.9952233435248,-0.519627854663759,0.770494387981029,0.568306895708232,2.28070583979915,-7.74525982488096,-9.55196567071248,7.82024274487593,2.50620939794773,4.02286962461722,6.84601233421911
-20.8566229710156,-0.412324205877559,0.841036104852708,0.556881145204887,2.19426654242112,-7.78400847963337,-9.61058497485855,7.91164946799365,2.48037730918471,4.03528895524843,6.77596750938992
-20.7557775386704,-0.336317454656426,0.909590731104224,0.536513503002758,2.0988852488217,-7.8461056827484,-9.64883655469606,8.03832726368549,2.42473896413446,4.02982444976807,6.72529678505288
-20.6822547603238,-0.258323598843099,0.996525945451983,0.496274990305749,2.03132349912276,-7.91615132793643,-9.6945397409692,8.137682397333,2.36462968057143,3.99902450975947,6.6925098457785
-20.5809125522932,-0.164432906128281,1.05315802791037,0.485346011547021,1.95233586528826,-7.96384197997783,-9.76408806789295,8.23057944731847,2.33084925673024,4.00200514911562,6.62594242361194
-20.4592025478262,-0.053651824351254,1.12419651728996,0.464481597560978,1.87384500898295,-8.00060352427612,-9.81773963444459,8.32248294592471,2.3070042516861,4.00995352072713,6.57179429660242
-20.336498992269,0.0442130773859126,1.20119627848053,0.464978369322469,1.81075425738449,-8.04133928958221,-9.89821698430135,8.38805733413038,2.26775934755535,3.99554709718223,6.4997623845163
-20.251053601407,0.145555412139965,1.28564762938253,0.43517206361835,1.73276017860703,-8.07313305763139,-9.94541049193538,8.48840601901642,2.22255319211348,3.97816003427484,6.44064653942721
-20.194917966734,0.19672335565092,1.35320871011412,0.427223715432389,1.65228221190039,-8.1153591558123,-9.97074595394258,8.58825792827189,2.17287609824796,3.98014712717661,6.38898227143196
-20.1278532705281,0.279684972757528,1.42375042671234,0.415797964922994,1.58024946387842,-8.16255303027781,-10.0124749502172,8.67469689436762,2.12369577533399,3.95779233200937,6.35669210393223
-20.0359497978477,0.39046605427608,1.50025341509729,0.395430322690048,1.53553948237366,-8.18788868920248,-10.0790426346852,8.75070357142544,2.08892180959428,3.95580523910692,6.31794390293529
-19.9813044898966,0.468459909798261,1.58669185649367,0.389469061555238,1.48337783723067,-8.21819212437403,-10.1232554998049,8.8172715108154,2.0556381567156,3.92649561880395,6.27969247371972
-19.8874139153122,0.564834482887389,1.65723357306893,0.384501343941768,1.42227419578911,-8.24402456091837,-10.1759135189369,8.87688459085386,2.05116721826731,3.9230182062247,6.2106411924085
-19.7756394216096,0.647299323783329,1.70840115616032,0.391456148611325,1.35570600101852,-8.25197300293876,-10.227081216752,8.91911052249952,2.04470919605552,3.94239236204252,6.16891236056457
-19.6519423152934,0.744667449164087,1.77794932733912,0.389965833325574,1.2975830249868,-8.2499858924351,-10.2966295439484,8.95984612716527,2.04967690544753,3.96276006429675,6.12072549519345
-19.5496065568839,0.82812584226443,1.82762659246096,0.396423866228377,1.22753738714817,-8.26687633172663,-10.3681649662697,9.00306561014265,2.02533512943551,3.97617294138347,6.05912579098039
-19.5004257797207,0.881280890244757,1.87432322165615,0.354198266456912,1.16991118867081,-8.27879899475645,-10.3939972021036,9.07708518444107,1.98211605770833,3.97219875557602,6.02683562344997
-19.3911351639181,0.941390804279019,1.91803921489743,0.368107875791114,1.11129143500255,-8.28476032627048,-10.4670229457427,9.10689172440595,1.98211605770833,3.9826309933224,5.97566812720749
-19.2982381404381,1.03031373496912,1.97864547826361,0.360656299363863,1.06707823093879,-8.28972810253206,-10.5306099878025,9.13669826438232,1.96373553294667,3.99107613815252,5.9220167719086
-19.2401154038686,1.08744299208732,2.02633565269736,0.327869363082716,1.0318070231958,-8.27283766323874,-10.5778034956123,9.17793064462528,1.92349708683576,4.01740511912445,5.88823628895696
-19.1720571567453,1.12519797939102,2.09091609716667,0.305017862015803,0.95430972169354,-8.27482477374379,-10.6180421706731,9.20873073589703,1.91505198086124,4.00697288138309,5.84750100068756
-19.1015150321082,1.20517893924295,2.11178054847156,0.281172817458521,0.91705140365428,-8.28923132490467,-10.6672227735762,9.23009208953332,1.89667145611334,4.02684381040709,5.79037224269774
-19.1099602160515,1.24392747882687,2.16990294852573,0.246895565891435,0.883767306208255,-8.29966365505566,-10.705971127377,9.26685348879882,1.85146530063536,4.0382695945936,5.77646263205898
-19.0751859292214,1.28615345146245,2.22156730411034,0.220069890723898,0.85247031904109,-8.3006572103084,-10.7566420515724,9.30162778537899,1.8301041502276,4.06012761651767,5.7193338741044
-19.045876173194,1.3368246185924,2.25783170753936,0.208644140196061,0.809250670091832,-8.29568943404998,-10.8043323332361,9.32199558767971,1.81371070922928,4.07006308102384,5.65972125706733
-19.0274954787658,1.39991518936985,2.31396701695023,0.188276497956951,0.803289339201071,-8.25694077922278,-10.8381129494326,9.33987951164211,1.80725268701701,4.065592121996,5.628921404924
-18.9663920890887,1.4620122078858,2.3576830101217,0.21162477078295,0.786398901686111,-8.2186889020236,-10.8912677425169,9.34236338996936,1.81520102205434,4.10384366035751,5.57924422405531
-19.021534172458,1.49380588136226,2.38152809729627,0.181321693292255,0.788882789556758,-8.1660304737022,-10.8977258014927,9.33044077398892,1.78837539130402,4.13762423968658,5.53403798945463
-19.1283409107127,1.47989614920953,2.40437963916446,0.154496018130808,0.831108883327536,-8.09300416276304,-10.9012032178619,9.30510521501193,1.76552392806315,4.16842417962278,5.50671553996824
-19.179508789908,1.49181877676446,2.41282477420633,0.186289410889085,0.872341421950766,-7.98222275240581,-10.9310096439118,9.19333069005318,1.78837539129661,4.23300469883005,5.42574173512573
-19.2878058547588,1.48685101528061,2.39841836738468,0.220566662479513,0.96275494034203,-7.81580224819158,-10.9454160831533,9.07162065167724,1.78191736907837,4.32043678638622,5.35818076912086
-19.4621740646029,1.39643775629744,2.39444418618575,0.203676422567307,1.04919423809106,-7.65583985304016,-10.9131257883025,8.96233000491761,1.74465954859136,4.34825608698416,5.35967108454776
-19.5714646805902,1.33682461844949,2.38500550584875,0.241431076463952,1.14507230969449,-7.46805791103326,-10.9101451456995,8.79342627798577,1.72528548192651,4.41184305972002,5.3114842190819
-19.7617297076819,1.2305145224922,2.37507005286404,0.252856827002741,1.2583375963623,-7.29915351867315,-10.8867967786503,8.62949030784628,1.67262776221876,4.43668172096619,5.28068436693222
-19.9351043667052,1.13364317347183,2.34178628533626,0.286140535043625,1.41134508879091,-7.13919112371505,-10.8410935920533,8.44021877832307,1.64133119300264,4.48536549696968,5.26429089723091
-20.1273564955675,1.00597170329751,2.30452833663316,0.303527546712473,1.55888802783581,-6.96631251065144,-10.8093000709254,8.22759879236646,1.6209635844733,4.53504281944079,5.22703301154083
-20.3360022170182,0.870848590796318,2.26230266141259,0.323895188942337,1.72431495937783,-6.78945967662037,-10.7660807531718,8.00653361999214,1.60407337251518,4.5583911609994,5.19573638756076
-20.4646670786756,0.742183568180397,2.23746402893835,0.353701494671264,1.89818710958711,-6.63794250145012,-10.7481968975524,7.80335237152894,1.5961250374711,4.56981694517035,5.17586551519208
-20.5138478559756,0.630905710661365,2.18977385456948,0.40337867086735,2.05367848944049,-6.47400588588499,-10.7576355991295,7.57582911491492,1.58817670242465,4.5921717402534,5.13513022683105
-20.598299695648,0.504227792580068,2.17387712978126,0.404372214390219,2.21264731228431,-6.36868902988747,-10.7268356255455,7.41089959246257,1.56681555201156,4.59167496702958,5.11525935445112
-20.6315836560384,0.390466054311635,2.14506431610092,0.412817334338122,2.35969347322557,-6.31652737955611,-10.7223646616417,7.25242815359243,1.55091888192699,4.56186857359069,5.10234328740732
-20.6256223496993,0.325388378673812,2.14754817935036,0.447591357670996,2.49282986216051,-6.26337217395557,-10.7581323728645,7.09296316334863,1.54396408876168,4.56087502714148,5.05216933467027
-20.6191642678325,0.253355836905213,2.1410901349062,0.437655922442053,2.61603069963541,-6.24946240053343,-10.7655839793731,6.97920153467186,1.53700929559534,4.52361703533043,5.02435011334303
-20.4860284262723,0.261304255311225,2.12072245626919,0.492300816231562,2.73376698380855,-6.22909451800756,-10.802842011913,6.85103341159478,1.5891702443631,4.53504281949254,4.9652342680192
-20.3980991577955,0.227026700946561,2.14506431610942,0.494287903277,2.80977395203237,-6.23306873898708,-10.8415903657593,6.77154930415597,1.57774451273226,4.49430741509016,4.93443441583428
-20.270924622779,0.219078282546953,2.16692231269193,0.485842783325476,2.8733614809956,-6.28622394459213,-10.8709000180471,6.73478790447781,1.56333815546721,4.45059137132258,4.90015716096766
-20.1323242504826,0.212620192591725,2.20567057936893,0.476404119855719,2.92204568282094,-6.38657302441226,-10.9106419194257,6.72932337209498,1.53452544091733,4.40637855430381,4.88177660401516
-19.9197043250039,0.246400970798654,2.23348984773761,0.48832664213466,2.94539422859572,-6.48890921474773,-10.9637967125696,6.74571696923843,1.52955773151317,4.38650762530635,4.83508005390851
-19.7443425639532,0.303530228073094,2.30552188188842,0.469946086956711,2.93694900991143,-6.64837483169133,-11.008506351687,6.80930425519928,1.53253835715596,4.32888193125986,4.79881571179485
-19.5058903114782,0.363640142228417,2.35470237415325,0.460010651725763,2.90813591086095,-6.80585333824022,-11.0909707972095,6.9066722866967,1.52757064775429,4.26380463882531,4.76255136967512
-19.2291863435799,0.448588863869732,2.42723118090942,0.45156553177786,2.82964505481193,-7.01946771652348,-11.1784029804214,7.02639522339255,1.51664168706377,4.18779833533996,4.71833867860788
-18.7815915965871,0.555892512152982,2.51267607646673,0.427223715451294,2.69700544344923,-7.37168305307799,-11.315015767006,7.29813151438988,1.51018366483667,4.06112116263084,4.70989355784374
-18.2550095421642,0.742183567996992,2.64978532720986,0.385494887435006,2.4674942053097,-7.80288603300519,-11.4635511240644,7.67419069484545,1.4922999109692,3.90712146235324,4.68902914183516
-17.7249500604317,0.96821671528984,2.80378484799938,0.322901645445302,2.19376976302175,-8.24303101055757,-11.6125832550072,8.08403062030538,1.47988063746547,3.77398623776789,4.64084227625213
-17.2286713135065,1.23498550663115,2.96324886771343,0.26477934928342,1.91656787757298,-8.69410509611537,-11.7531702318533,8.5206964315152,1.47690001182156,3.67264449959925,4.57129422284093
-16.7915088542064,1.49827686468443,3.13165479497547,0.225037608286455,1.60210767385373,-9.13474685189798,-11.8997184940189,8.96232999870238,1.44361635879001,3.58173499916262,4.51615255190466
-16.3950819870514,1.75709723765077,3.29360267781249,0.168405627372921,1.28913780299163,-9.49789129781084,-12.0338474118297,9.3900538469085,1.40834562195663,3.51616093327828,4.45306253202816
-16.0885714901119,2.0278402376981,3.47740855694856,0.114257505298018,0.956296828836537,-9.85308730171677,-12.1495957002552,9.8138034894623,1.37307488515143,3.47343843586184,4.38003707589704
-15.8178288302263,2.27374443046408,3.64333062064577,0.0645803290555702,0.652765731499249,-10.1516506559854,-12.2653439887165,10.256927382698,1.31445591409453,3.42425788649129,4.31197933786569
-15.6141508663294,2.53604223588396,3.81471718347462,0.00198708698534762,0.359666963031749,-10.4392849025415,-12.3661890641842,10.6384510932307,1.26229496530202,3.40985146294446,4.24888931793233
-15.4839956795911,2.76952702477462,3.97020702156179,-0.0576255245146137,0.100845847002709,-10.6360088433352,-12.4506406051961,10.9866908343453,1.19374057537912,3.4386643100539,4.14953495579861
-15.5277119253457,2.99605694731584,4.09837436408352,-0.0695480468079889,-0.0993555155673965,-10.6608477248156,-12.4888921856286,11.1804333429636,1.13909577183513,3.5489479663434,4.02335491592617
-15.7045640103408,3.13614782033579,4.15053549179004,-0.105812385513006,-0.189769034316782,-10.5609954211533,-12.5231695758958,11.2624013271655,1.09687024180646,3.6865541502005,3.93244567461422
-15.9887196074317,3.19128997242182,4.21809657143324,-0.147044441853009,-0.236466126463809,-10.4541882305803,-12.5246598972115,11.3081046880122,1.00347730481004,3.78590879550369,3.87978786267115
-16.2420751226787,3.21016746592136,4.2528706565283,-0.162444366505844,-0.27819544287243,-10.2862773915486,-12.5360856939653,11.2817755779454,0.92300041225567,3.89023117302187,3.81818815811651
-16.4780434946699,3.22209009338593,4.26926415378232,-0.156979877114005,-0.255343674353673,-10.1193601076604,-12.552976002225,11.2221624985984,0.867362066765141,3.99107613796015,3.75956908442213
-16.6742698253894,3.23649660158615,4.29261246805044,-0.167908855905541,-0.240937124639282,-9.96138482133148,-12.5793050121368,11.1570848869955,0.82414299478544,4.05913406997192,3.69002103089538
-16.8536057883077,3.21314812280607,4.28317378781941,-0.176353975875598,-0.194240032422018,-9.78900298379759,-12.6061307958283,11.0582265304181,0.779433610012915,4.11129525866481,3.64282770883232
-16.979786770724,3.20967068979502,4.26528997264931,-0.172876573534548,-0.144065497205034,-9.62258247803665,-12.6473630189392,10.9116777103474,0.768007878346115,4.21760472885806,3.56135713176088
-17.0701999154735,3.20271582378005,4.24839970276694,-0.153502474777266,-0.0988587377316014,-9.42784564751205,-12.6712081600204,10.7656256657975,0.742672560311832,4.2926174858245,3.46995111844591
-17.1417355905455,3.18781253945218,4.23001911495296,-0.110780103183973,-0.0526584231181425,-9.25148958940052,-12.7268468225541,10.6215607237282,0.76701433647093,4.36961733563931,3.40487401110951
-17.2997102065073,3.08150244449682,4.23598038667439,-0.163934681829771,0.0193743254228665,-9.13524362429969,-12.7352919766867,10.5182313860397,0.718827555039385,4.37508184111412,3.39195794401266
-17.3712458816833,3.04176035294491,4.23796747725049,-0.145057354824303,0.0869360757342195,-9.02694610140649,-12.7526790587317,10.3711857898909,0.691008382265631,4.42078497776558,3.32290666221716
-17.3637942488523,3.0303345016224,4.22405784322848,-0.0978640373338541,0.149530050290373,-8.86797726052641,-12.8127886852384,10.2191724370921,0.704917968654593,4.49430741494822,3.24640380322827
-17.3767104124418,2.98910208159062,4.21958688943457,-0.0804770256299177,0.229511240000061,-8.76067329301892,-12.8574983247807,10.0929914185389,0.730253286716088,4.52659767453763,3.1713912596457
-17.3965814333402,2.96277294593163,4.22505138851569,-0.0650771009883492,0.28962132663611,-8.64194344002569,-12.8897886200279,9.97078460530391,0.747640269698598,4.56087502702759,3.08544973618679
-17.4119814745489,2.92551473505086,4.25386420182317,-0.0496771763292975,0.36413796293067,-8.52718780817248,-12.9017111905668,9.82572611147827,0.764033710805403,4.60111365824584,3.01689522615901
-17.47407841491,2.85596607471727,4.27373510756655,-0.0427223716478107,0.441635264677012,-8.44074850106871,-12.9071757020645,9.71891934375461,0.752111208182421,4.62893295882224,2.95877292417032
-17.5277301714013,2.79784326574205,4.29310924066663,-0.0471933175149885,0.50820345972869,-8.37219318859195,-12.9017111905624,9.60515771656214,0.714853387484206,4.61154589598172,2.90710865569426
-17.6633498891238,2.68656540922243,4.31894141812692,-0.076502851539809,0.599610533528817,-8.33642519948806,-12.8907821675628,9.52915103988091,0.668653689809184,4.5956491528088,2.89866353488791
-17.7194855231744,2.63042970483586,4.34427682294636,-0.0933930914609627,0.693501495169219,-8.27879899487203,-12.8813434658707,9.41787329079005,0.6373571204563,4.5946556063616,2.85743147445755
-17.7537630343136,2.58969406084686,4.33732200593782,-0.066567416238606,0.790373122124463,-8.18590157873213,-12.8704144428764,9.29516970156871,0.639344204228982,4.62545554628053,2.78092861541045
-17.7984728314001,2.51368731056644,4.35868322961605,-0.0377546540019965,0.875818864851284,-8.10095260470321,-12.883330560978,9.19283391440058,0.639840975171712,4.62595231950439,2.72628371606007
-17.8814343437081,2.41880306676034,4.38749604293459,-0.0417288281020936,0.982129265650316,-8.05972006177624,-12.862962836271,9.09149167853815,0.6045702382379,4.597139472535,2.67511621937879
-17.9027956911973,2.39545458791504,4.37954768063138,-0.0188773270288391,1.09241388698209,-7.97328075497503,-12.8570015509922,8.96481388349381,0.587183255257996,4.61750717470872,2.6045746219691
-17.9792991218002,2.30553810553621,4.38501217971072,-0.0327869363819874,1.19872428771519,-7.89975766639406,-12.8391176951557,8.83366510745633,0.557873769650121,4.61452653536428,2.55489744069147
-18.0279831231014,2.23350556433233,4.36017354755204,-0.00248385886224614,1.31546701737385,-7.83020879887794,-12.8460725279738,8.70301310694977,0.549428663627091,4.65327484682552,2.49478805136377
-18.0448734909057,2.18134406894688,4.35520582111839,0.012916065780876,1.44413240873886,-7.76463415232241,-12.8490531706096,8.56689657420574,0.538996473826118,4.66171999163513,2.40487235324254
-18.0404025111938,2.11278896073978,4.3393090965251,0.0526578067868639,1.58521723933903,-7.67074318121247,-12.8704144428548,8.41786387381485,0.560854395310868,4.72530696423006,2.33433075578822
-18.0364283070012,2.06112424146201,4.31248337377708,0.0809737972861335,1.72828918013382,-7.59970398079313,-12.8882982986758,8.27081827625067,0.572776897946956,4.74666821286555,2.23547316503487
-18.0895832880298,1.97071098278718,4.27919960665348,0.102334983066345,1.87632889656947,-7.53462611195756,-12.8843241084911,8.14861146177947,0.554396373065956,4.76107463634466,2.16294448031519
-18.0657380628846,1.93891730938077,4.28814151423536,0.145057354641316,1.99754262402254,-7.46855468786839,-12.9176079512676,7.97970773445285,0.588673568113452,4.78939071009611,2.06557720494438
-18.0667316139318,1.87930417173363,4.27174801699635,0.153999246361347,2.13216934586358,-7.4039735967075,-12.9235692365484,7.83117180939606,0.578738149256499,4.80628099969931,1.98162276851849
-18.1745319027816,1.78044571835467,4.25684483769982,0.128663886454371,2.2692799554389,-7.35827005523471,-12.8962466790515,7.72138438661263,0.545454496036224,4.80230681390692,1.94436488254271
-18.2545127621437,1.66171621918608,4.25535451976755,0.125186484118847,2.41781644901275,-7.31654073482413,-12.9056853807439,7.58576462864544,0.522106261725009,4.80081649423643,1.90710699653468
-18.2232159041421,1.60259985765533,4.23548361401595,0.164431453339986,2.57082394070452,-7.25841775279843,-12.9250595579009,7.46802879485421,0.538499702833043,4.82714547509585,1.84749437891682
-18.243086925108,1.53702540616014,4.21710302619492,0.168405627437476,2.71190877056818,-7.19930121557205,-12.9305240694027,7.3532736149739,0.527570742092033,4.82962934121241,1.76055931154114
-18.2594805173993,1.47244450695076,4.19723212044567,0.193244215546169,2.8440516041162,-7.12478457198174,-12.9498982465478,7.20821511917021,0.52806751303506,4.85595832206481,1.71187567379661
-18.344429132059,1.36762473966696,4.17587089674978,0.19572807435638,2.9737105497059,-7.09398435931864,-12.9285369743025,7.10488577955819,0.497764485515675,4.81571969099481,1.67064361325281
-18.3528743159689,1.29261154128221,4.17587089674978,0.238947217671502,3.10635016060719,-7.02890649059207,-12.9250595578915,6.9638014889522,0.498758027401694,4.83310675381954,1.6244438345724
-18.3638033775025,1.20915314834991,4.19176762135434,0.278688958596296,3.21663478089268,-6.96978995340956,-12.9225756890265,6.82073009541889,0.490809692312756,4.83956480572035,1.57327633773579
-18.38913892922,1.10234627643457,4.15649676364266,0.298559829064706,3.36566805138548,-6.92458318966641,-12.9225756890266,6.70696846647602,0.463984061411046,4.83509384670983,1.55588932425077
-18.4149712564621,1.0293201826103,4.1525225824914,0.337804798232394,3.51072710125235,-6.87093120637578,-12.9131369873328,6.55793576460295,0.469945312725813,4.8504938166288,1.50869600191903
-18.2808418648747,1.01690077889001,4.13761940318167,0.448088129354344,3.64336671183142,-6.79194356425796,-12.9538724367073,6.36419325228747,0.536015848168299,4.90414532475434,1.40039974647772
-18.2927644774718,0.954306984107209,4.12520008707427,0.484352467966053,3.77699987738682,-6.75170457678956,-12.9285369742811,6.25390905279932,0.529061054963914,4.92848721269077,1.34178067241863
-18.3071709676582,0.862900172707419,4.1162581794784,0.535023187604278,3.91311693074057,-6.71543981029955,-12.9330079382435,6.11630219129881,0.520119177997571,4.94339040938714,1.3084969608751
-18.3136290494754,0.776461122728958,4.11278077096946,0.588674537841927,4.05668564747434,-6.70103325923336,-12.9270466529688,5.96528238643507,0.497764485554068,4.955312966742,1.29856152459108
-18.3652937040379,0.661705832156373,4.1152646341894,0.609538951829023,4.21068669303424,-6.68712348578941,-12.9076724758238,5.85499818684198,0.491803234236918,4.92550657332142,1.28812931649494
-18.3320097438745,0.616499202519625,4.11427108890055,0.665674160856276,4.35872640770314,-6.65185227456364,-12.9220789152421,5.69851384935813,0.507203133473852,4.95978392571986,1.24192953776077
-18.310648396343,0.576757110562871,4.0909227746221,0.719822282806913,4.48490790942586,-6.60863262138707,-12.9384724497573,5.5484875955412,0.53353199343524,4.99555159776537,1.19970393354191
-18.3181000292094,0.524098838678864,4.06757446035398,0.745157642604625,4.64685739581566,-6.55696774867737,-12.9444337350338,5.4347259658991,0.535022306264658,4.99704191743447,1.17784597370743
-18.349396887248,0.456537282239214,4.0705550962198,0.771486545944394,4.77105178707998,-6.54256119761271,-12.9399627710751,5.31400947681221,0.516145010423241,4.99803546388134,1.14853643667202
-18.4323583999134,0.336317453815103,4.0491938725157,0.778938122359807,4.92008505644116,-6.53759342138831,-12.9146273086589,5.22608018216772,0.472925938350682,4.96822907047826,1.14406549034284
-18.4735907683636,0.245904194532971,4.00994883360358,0.786886470524925,5.05123433348835,-6.53063853467371,-12.9022079643275,5.13914443883041,0.44759062027463,4.94736459511449,1.13909777219601
-18.4626617068161,0.159961920471472,4.01094237889251,0.818183091464925,5.19679015968138,-6.51921264935576,-12.9091627971468,5.02190537922447,0.458519581023285,4.95084200767423,1.11376240965126
-18.5133328102948,0.0745164225361521,4.01541333269104,0.824144352590266,5.32793943652579,-6.51027065214767,-12.8878015248926,4.93049865479771,0.438648743305905,4.93295817163716,1.09438830888876
-18.5495974236065,-0.0203678223476458,3.9811360202073,0.840041048928919,5.45759838054774,-6.49288343535544,-12.8922724888484,4.83362739776662,0.449080933116,4.92948075907611,1.0720335772403
-18.5262489739355,-0.0879293789649986,3.95729093328074,0.873821528670699,5.58576699179293,-6.4710252199602,-12.9141305348597,4.72036254347488,0.438648743306686,4.9523323273695,1.03179506027151
-18.5262489739355,-0.158471592418611,3.94040066336147,0.919027758833031,5.7129420478517,-6.452644447934,-12.9116466659936,4.63541390259539,0.439145514249614,4.93544203778975,1.0074532413462
-18.5977846494599,-0.279684973303151,3.93245230104651,0.938898629236309,5.86098176149937,-6.46854133185175,-12.8828337871589,4.56487175635799,0.383507168629825,4.88576471548576,0.997517805052664
-18.6161653438731,-0.366620799785804,3.90860721410094,0.981124228826779,6.01200214031427,-6.48046399477466,-12.8932660363976,4.46551662075097,0.380029772027676,4.87582925102284,0.982614650612936
-18.5967910984162,-0.434679132572806,3.90214916972434,1.02583368724768,6.14811919229184,-6.45959933462774,-12.8927692626244,4.36715503649243,0.39046196183699,4.87334538490555,0.9433696772593
-18.5585393829622,-0.467466358613766,3.89718144327764,1.07302700447986,6.27529424797273,-6.43575400876527,-12.9190982725871,4.25190307906368,0.408345715809445,4.8892421280598,0.890711864898778
-18.6012620780529,-0.536518243685181,3.90413626030671,1.09587850543671,6.39700475055648,-6.42134745772015,-12.9270466529582,4.15006406494196,0.409836028638342,4.88973890128302,0.882763515862507
-18.6156685682757,-0.607060457312416,3.89320726212527,1.15002662726313,6.50331514856872,-6.3845859136915,-12.9498982465264,4.03779276143145,0.408842486752348,4.87086151880801,0.875311938640281
-18.6126879151271,-0.666176819438528,3.87085249312073,1.18380710693934,6.61658043245375,-6.37166969550806,-12.9702659712333,3.92800533641188,0.421261760328039,4.88079698327518,0.850473347904829
-18.5699652199982,-0.679092999400088,3.87979440073192,1.2424261745773,6.7422651552015,-6.34782436964255,-12.9911304697087,3.80977272460727,0.43765520144713,4.89371308707007,0.799305850971587
-18.5570490563596,-0.70691246394626,3.87880085544258,1.30452264453981,6.86496921251769,-6.34534048153074,-13.0119949681992,3.71836599960644,0.43467457578632,4.89669372641062,0.762047964851774
-18.5491006479688,-0.758080407640677,3.87731053750771,1.33681280887799,6.98320227175328,-6.33043715287143,-13.0447820372594,3.61553343383089,0.439642285214921,4.91110014987666,0.73124811231191
-18.5093586059861,-0.794841842950999,3.86638153931852,1.37903840841844,7.09199655728909,-6.29069494309726,-13.093962640816,3.51568152216664,0.46845499993032,4.92302270724172,0.695480541633881
-18.5143263612352,-0.851971100529672,3.8733363563478,1.40834794219864,7.17992618524135,-6.29715305218303,-13.0815432964849,3.41334573195652,0.465474374270851,4.91457756244406,0.662693601846112
-18.5252554227732,-0.890719640453007,3.8539622232031,1.4545477157937,7.27530747660997,-6.28870783260504,-13.1148271393146,3.31100994174113,0.463984061441284,4.91308724277353,0.621461541190841
-18.5053844017807,-0.94735212190467,3.84352999766025,1.49627654356801,7.3652242147301,-6.28274650114321,-13.1237690672353,3.22755162731117,0.467958228988533,4.92948075913713,0.603080984029121
-18.4735907682181,-0.982623228746358,3.8385622712112,1.55688269815138,7.48246371858988,-6.2892046102313,-13.1346980902514,3.12769971538205,0.459513122956642,4.93544203781472,0.569300500606611
-18.4562036248468,-1.01491367871709,3.83955581650072,1.59364380829739,7.60119355498347,-6.31006927034859,-13.1416529230823,3.05268658745113,0.447590620320851,4.92600334657003,0.535520017181039
-18.4358358283407,-1.04869445714191,3.83061390889059,1.63437909253581,7.73234283029457,-6.30708860461496,-13.1342013164795,2.96873149730869,0.430700408256013,4.91457756243234,0.508694339168697
-18.4353390528164,-1.10483016244228,3.82117522863419,1.70094650811673,7.83616933982094,-6.29615949693471,-13.1476142083695,2.89421514495864,0.434177804855295,4.91408078920962,0.487333151108421
-18.496442442395,-1.20219828861436,3.82216877392353,1.71336580208575,7.94247973707572,-6.32546937667079,-13.1207884246005,2.83311173615675,0.412816654273083,4.8683776526021,0.510681426414401
-18.5451264438275,-1.27373405474362,3.83111068153076,1.76006234734283,8.06170635075432,-6.32397904380538,-13.1212851983746,2.7576018324362,0.409836028616072,4.84999704335037,0.53005552720849
-18.5436361172544,-1.31645680396061,3.81521395687925,1.8152040124889,8.15808119682947,-6.35179859064023,-13.1202916508266,2.68308548011112,0.407352173900872,4.84552608433937,0.524591037240855
-18.5625135872097,-1.37855382322608,3.79236241520081,1.83060393700002,8.28227558596306,-6.36570836406178,-13.1391690542133,2.62049174408386,0.383010397665149,4.84155189855091,0.531545842652722
-18.5570490564401,-1.42227012475509,3.7973301416503,1.86488118830704,8.41143775066506,-6.38657302420117,-13.1431432444061,2.55640768100255,0.390958732754881,4.82366806249521,0.532042614468109
-18.5292296270765,-1.43767018552442,3.76503991969096,1.93591954967208,8.52221914571832,-6.39203757804113,-13.1744399921643,2.46947193642055,0.390958732754881,4.82019064993445,0.517139460006197
-18.521777994216,-1.47095418780407,3.74814964975323,1.97317743149562,8.62058110183975,-6.39203757804113,-13.198781907088,2.41482661126529,0.38152008483264,4.81422937125685,0.502733077361081
-18.5471135459895,-1.5241092363145,3.72380779014319,1.99950633466618,8.71993661294858,-6.38607624657715,-13.198781907088,2.3482586696782,0.367113727471521,4.80479068000738,0.528565211748017
-18.5545651788557,-1.55093514862778,3.70393688432587,2.07203501127264,8.8153179035678,-6.39601179902406,-13.2380270352314,2.26678745759284,0.379036230107014,4.81124873191216,0.51415882910402
-18.5615200361973,-1.58769658403021,3.71784651838608,2.08048013114371,8.9201379676869,-6.41836679201184,-13.2454786418414,2.205187272766,0.371087895022048,4.78094556530147,0.528565211750629
-18.4939585648018,-1.57776106093285,3.70244656639472,2.17685385207753,9.00757081736104,-6.37614069409861,-13.3085689111405,2.10682568745864,0.424739156905896,4.81224227842525,0.484849292017193
-18.4631584822521,-1.59465145018974,3.67760793414068,2.22653102776156,9.08655844854921,-6.39998601995654,-13.3239688981447,2.03578676460941,0.397913525972686,4.80677777296853,0.45703007036108
-18.4611713801547,-1.61303216790013,3.68555629646831,2.25037607210131,9.19286884525157,-6.40445701855807,-13.3319172785299,1.96127041199629,0.394932900314036,4.80081649428553,0.43964305682252
-18.4249067668318,-1.62197413868794,3.679595024721,2.33880144486788,9.26539836816489,-6.39203757800273,-13.3776204657599,1.88973471343053,0.425732698811377,4.80330036040341,0.40884320427468
-18.4914746871954,-1.69350990500257,3.6602208915597,2.38251735949184,9.37121198711557,-6.41737323676839,-13.3786140133082,1.83807004226413,0.386487794274932,4.79733908171436,0.434675338665963
-18.5063779529221,-1.7183487127164,3.67065311712258,2.44262674198552,9.46261905703217,-6.41787001439026,-13.3989817380694,1.78789569806977,0.407352173884959,4.78342943146479,0.429210848695144
-18.5272425249371,-1.7839231651074,3.67214343505894,2.48882651534898,9.55154223918877,-6.44568956125163,-13.414878498854,1.71785032650781,0.417287592750352,4.7620681828544,0.437159197741394
-18.51184248366,-1.80329743515526,3.67214343505894,2.55489715899959,9.63052987018402,-6.47798010669964,-13.4382268662351,1.65177916037685,0.432190721054772,4.75362303804818,0.406856117016493
-18.4855133808759,-1.86241379758389,3.67562084357867,2.59016795369129,9.70951750114931,-6.47450266334275,-13.4571042696768,1.57527570481242,0.427223011624185,4.72282309817449,0.422256043290912
-18.4939585647932,-1.9031494422865,3.64382739428129,2.66070954306137,9.79446646268098,-6.49288343537089,-13.4839300534985,1.51516584684801,0.405861861067592,4.72133277850384,0.430701164150202
-18.5560555054074,-1.95928514784201,3.63885966782946,2.6636901735982,9.89878974874656,-6.53063853467795,-13.4635623287395,1.46300439989041,0.350223515407488,4.69401025117646,0.46547519121494
-18.5813910571795,-1.9915755979259,3.63538225931096,2.70094805527914,9.99119037353216,-6.53908375425845,-13.4675365189364,1.4158107097409,0.34525580597144,4.67413932222941,0.473920312076964
-18.5967910984383,-2.05466616963632,3.62246617052666,2.76801224233016,10.0806103329576,-6.56143874727892,-13.4983364929625,1.3542105246965,0.335320387106047,4.65178452715113,0.493791184691818
-18.5828813837528,-2.0755307681545,3.62892421491948,2.81768941786786,10.1749980678798,-6.58975507175471,-13.5047945520371,1.29608776941627,0.329359135787705,4.64482970202022,0.489817010167716
-18.5803975061241,-2.10533733751687,3.63488548666379,2.85097312552797,10.2430565924625,-6.60217451233612,-13.5306267883135,1.25485538752062,0.332339761451419,4.61750717467096,0.484849292016897
-18.5565522809656,-2.12322127908716,3.62246617051678,2.89468903995383,10.3101215619846,-6.61409717526433,-13.5614267623872,1.17636482901388,0.330849448622858,4.59217174026109,0.476404171151374
-18.5799007306215,-2.12024062215631,3.62793066961565,2.93741141092485,10.3925866356027,-6.62254239485377,-13.5947106053261,1.1276808117499,0.316443091266418,4.56633953260647,0.466965506658768
-18.5818878327213,-2.13315680219714,3.61104039966145,3.00248851084565,10.4735613765027,-6.62552306058968,-13.6349492810976,1.05713866420208,0.303030275792943,4.56137180036572,0.460010701243118
-18.5848684858653,-2.11576963676144,3.61948553463494,3.06905592600752,10.537645680652,-6.64141994451114,-13.6597879698674,0.989080395035497,0.306507672394484,4.580249182875,0.430204392319292
-18.5818878327177,-2.1207373983154,3.62594357902833,3.10780412287816,10.6151429785911,-6.65185227458758,-13.681149242199,0.909596285042503,0.316939862204059,4.56683630583377,0.412320606968007
-18.5724490977346,-2.13911811609295,3.60805976378958,3.15152003736674,10.6851886132296,-6.67818148861401,-13.7109556686834,0.874821986992318,0.310978610874098,4.56683630583377,0.41281737878299
-18.5570490564584,-2.15700205769707,3.61104039966261,3.1907650059946,10.767653686619,-6.69109770680184,-13.7551685346831,0.812228250405126,0.315449549366596,4.5529266555582,0.410830291521504
-18.5302231781425,-2.13911811609257,3.61104039966261,3.22851965934529,10.8188217743409,-6.71047203410349,-13.7770265807987,0.768511989931532,0.320914029743177,4.5529266555582,0.399404539769221
-18.5530748522728,-2.14458265380279,3.60408558262409,3.27024848670033,10.8709834171419,-6.71742692082207,-13.829187827257,0.701447272082562,0.328862364833903,4.54795892332025,0.396920680691447
-18.4949521158319,-2.11527286059616,3.60160171939755,3.33929976062213,10.9276160578672,-6.70749136835642,-13.8833361688048,0.62593736765933,0.348236431637154,4.55541052169221,0.390959418909615
-18.4755778704069,-2.12371805523133,3.6189887620008,3.39444142527124,11.0041198006157,-6.74524646766908,-13.8977426083092,0.568311387792516,0.355687995778844,4.56286212005163,0.387482016199741
-18.4522294207509,-2.1604794907384,3.62047907993654,3.45455080752739,11.0850945412625,-6.74673680053812,-13.9091684051534,0.523104800222925,0.359165392383079,4.56882339874434,0.396423908877005
-18.4452745634025,-2.18680862699758,3.6378661225362,3.49230546081822,11.1437142921483,-6.76909179356949,-13.9240716184254,0.491807931861921,0.354197682946162,4.54746215009403,0.39443682161516
-18.4214293382601,-2.21661519632384,3.62942098756272,3.53155042935326,11.2117728164956,-6.79194356422547,-13.9568586876549,0.479885315340828,0.355687995775208,4.53255895337777,0.40635934518747
-18.428384195605,-2.25387340801214,3.62942098756272,3.56185350634012,11.2549924632988,-6.81032433627621,-13.9747425435801,0.46647237174716,0.331346219544351,4.52063639599967,0.410333519710698
-18.3767195410226,-2.21760874862705,3.64134353105733,3.64729824801553,11.2992056651842,-6.80535656004254,-14.0259102424955,0.394936672703645,0.359165392402209,4.53106863371122,0.390462647106392
-18.3568485200347,-2.2205894055624,3.6458144848659,3.69995605389998,11.3434188670486,-6.83565999504961,-14.0601876330656,0.358175271756023,0.367113727497503,4.52610090146742,0.393443277998582
-18.3583388466071,-2.23698301869933,3.64978866603136,3.74565905522789,11.3980643974876,-6.84360843702415,-14.0984392138328,0.308994478604613,0.354197682968619,4.51765575665309,0.39443682162935
-18.3255516619917,-2.24244755641082,3.65227252925973,3.79682654579289,11.457677703387,-6.86198920907605,-14.0974456662798,0.268258872093436,0.350223515423654,4.50523642605239,0.394933593444917
-18.2530224355071,-2.22456361481127,3.64879512074196,3.86985199349062,11.5078522358316,-6.87788609302312,-14.117813391125,0.223549060124344,0.364133101834856,4.50871383862495,0.379533667170898
-18.3151193760236,-2.29013806737642,3.65127898396953,3.88376160256697,11.569452651868,-6.90868630566532,-14.1222843551116,0.213116770647258,0.322404342605418,4.46400424842363,0.411823835179026
-18.2823321914363,-2.29212517200007,3.63587903196042,3.93691618011212,11.602736747626,-6.92905418821839,-14.1640133523444,0.161452099009204,0.321410800718555,4.45704942328195,0.401888398870827
-18.2569966396829,-2.28367997734767,3.6393564404782,3.99056752940125,11.6474467270051,-6.93451874207375,-14.2032584806871,0.100348689205385,0.329855906760575,4.47344293969019,0.393443278006834
-18.2545127620652,-2.28864773890574,3.66071766422645,4.02583832384088,11.6981180369596,-6.95091240364502,-14.2161745988851,0.0491807932185315,0.300546421102173,4.4669848877761,0.395927137083931
-18.243583700524,-2.28517030581232,3.66618216332662,4.07203809686251,11.75127323463,-6.98071906105524,-14.2534326321209,0.0233484573821755,0.300546421102173,4.46102360908419,0.392946506191549
-18.217254597748,-2.30802200897993,3.66618216332662,4.09538636923276,11.7865444405617,-7.0055579422341,-14.284729380074,-0.0119226165495991,0.295081940722452,4.44115268010476,0.383507841700899
-18.22719010824,-2.32292529366238,3.65773702835388,4.13612165293384,11.827776977048,-7.01648704995118,-14.2921809867285,-0.0521614473970543,0.266765996930964,4.4441333194512,0.371088546315248
-18.2053319851873,-2.30454457590357,3.6622079821639,4.18331496941146,11.8849063950819,-7.03337748915603,-14.315032580473,-0.1018390163644,0.265275684100168,4.43668172108242,0.367611143607446
-18.2033448830908,-2.32342206982584,3.69400143145471,4.21510836154042,11.9321002621322,-7.05920992557768,-14.3368906266524,-0.136116538983272,0.259811203724542,4.4073721008319,0.388475559855474
-18.1988739033827,-2.34776410145082,3.704930429651,4.25137269941244,11.9768102414373,-7.07759069765491,-14.3393744955375,-0.180329575365921,0.243914533539517,4.41383015275065,0.393443278009059
-18.1551576572433,-2.31448009898946,3.70393688436002,4.29061766782508,12.0081072269348,-7.08653269488119,-14.3801099452446,-0.233981349908809,0.260804745619126,4.43171398884407,0.39046264711714
-18.1183962685135,-2.30206069509442,3.71983360901434,4.33383681020964,12.0458623205666,-7.09497791448156,-14.3940196110108,-0.278194386324547,0.285643292775781,4.43966236043435,0.378540123543904
-18.0970349209762,-2.30802200896638,3.73672387894759,4.36761728931693,12.0915658549445,-7.11037802080805,-14.4114066932157,-0.314459011746988,0.293094856927526,4.43519140141535,0.389965875300627
-18.0801445531821,-2.29212517198427,3.73672387894759,4.40487517069885,12.1362758342146,-7.12577812714303,-14.4412131198625,-0.36910433770838,0.323894655414862,4.43221076206963,0.399901311607411
-18.0503380217298,-2.28069932039525,3.74020128746495,4.4585265198787,12.1899278092968,-7.14117823348649,-14.4670453562853,-0.437659382980628,0.347739660702529,4.42376561725282,0.388475559851132
-18.0523251238251,-2.29311872430006,3.76503991971825,4.49975857527365,12.257986333251,-7.1531008964617,-14.4561163331843,-0.48833050339009,0.347739660702529,4.40786887405399,0.390462647112514
-18.0016540203562,-2.29113161967518,3.77795600849836,4.53900354363794,12.3007092022959,-7.16055256081717,-14.483935664722,-0.547943586281682,0.363636330906226,4.36812701606225,0.402881942498165
-17.9966862651196,-2.31994463670893,3.78838823405045,4.58719040350404,12.3498901794354,-7.17595266716162,-14.4993356518273,-0.586692090165217,0.375558833549464,4.34477867448742,0.417785096957955
-18.0220218168621,-2.35521574381509,3.76553669237876,4.60010646904182,12.4080131523937,-7.20575932460659,-14.5107614487046,-0.61252442609224,0.35668153769484,4.31646260064221,0.424739902371444
-18.0279831231398,-2.35173831072426,3.75709155740952,4.6383578938484,12.4562005744269,-7.22364331907395,-14.5649097904879,-0.671143957632568,0.363139559959039,4.30801745582493,0.42175927147937
-18.0001636938172,-2.36316416231013,3.76156251121848,4.69697696044617,12.4964395557123,-7.23506920442362,-14.6001807287247,-0.703434377568438,0.379036230138504,4.28963684650645,0.425733446001878
-18.0329508783575,-2.37011902849054,3.77348505469936,4.7223123197311,12.5560528613084,-7.27332108147516,-14.605148466501,-0.739699003018962,0.344759035054183,4.23399824530314,0.441630144098702
-18.0235121434048,-2.37309968542709,3.76752378296016,4.74864122252468,12.59380795485,-7.30014707316482,-14.6190581322773,-0.788383020816816,0.340288096563472,4.21114667696704,0.448584949514171
-18.0254992454977,-2.401415926309,3.77398182734382,4.81719572408388,12.6439824870286,-7.31356006901321,-14.6548258443196,-0.834086384467321,0.335817158076335,4.19972089280403,0.42424313055798
-18.020531490259,-2.42575795796192,3.77596891792485,4.86091163812273,12.673292362247,-7.3289601753668,-14.6692322838795,-0.870847785655923,0.316939862225957,4.1788564173578,0.449081721328156
-18.0329508783584,-2.45854518430233,3.77894955379278,4.90959526968313,12.7175055638216,-7.35131516846166,-14.7015225794248,-0.89171236468683,0.317933404113291,4.16047580801723,0.474913855716764
-18.0672283895176,-2.4515903181166,3.79534305107633,4.95182086846906,12.7676800959611,-7.38757993502547,-14.7238773994421,-0.918538252048293,0.333830074304275,4.17686932444911,0.477397714793411
-18.0682219405649,-2.44264834730922,3.80229786810746,5.00348513046303,12.8138804077144,-7.38211538116016,-14.7750450986304,-0.959770634471586,0.340288096566377,4.18680478895262,0.455042983101555
-18.0712025937127,-2.42228052488931,3.80974945778643,5.05514939252972,12.8665388275207,-7.37466371679536,-14.8073353941929,-1.0005062411962,0.365623414682941,4.19574670701366,0.444114003165508
-18.0965381454081,-2.4302289433834,3.82564618243089,5.08694278452042,12.9062810311762,-7.37913471541433,-14.8063418466357,-1.02037726887751,0.38201685580572,4.17786287091737,0.445107546796225
-18.1337963096862,-2.44463545191268,3.82216877391291,5.11426523075659,12.9564555632883,-7.3920509336424,-14.8127999057571,-1.05664189440855,0.37605560448991,4.19028220153996,0.434675338673764
-18.1745319026584,-2.47543557359367,3.82167200126804,5.14556185100491,12.9912299914746,-7.41788337012812,-14.8440966537797,-1.09390007131246,0.392945816567831,4.21363054313662,0.445107546796225
-18.2018545564782,-2.47493879743755,3.82862681829691,5.19374871074384,13.0597852927317,-7.41887692537648,-14.8699288902503,-1.11079044486295,0.395926442228417,4.20965635733617,0.451565580395174
-18.2341449655086,-2.47990655899932,3.83011713623125,5.21858729820662,13.094559720904,-7.43427703173039,-14.8729095329238,-1.1217195100998,0.378539459213327,4.17140481900021,0.464978419413762
-18.2386159452234,-2.47891300668646,3.85197513260706,5.23746462469351,13.143243920329,-7.42483825686731,-14.9086772449852,-1.15798413566549,0.404371548267221,4.16594031352233,0.463488103968005
-18.2147707200778,-2.43271282412913,3.85346545054083,5.29807077810116,13.1660956873985,-7.4238447016182,-14.9523933375097,-1.20120362087291,0.424242386003468,4.16494676707097,0.43864951321005
-18.2102997403588,-2.4411580187835,3.83905904383795,5.3427802355409,13.206831446077,-7.41192203863212,-14.9787223477886,-1.25038441446607,0.411823112417849,4.15948226159528,0.431694707795031
-18.2569966396231,-2.48040333513022,3.83806549854797,5.33483188755062,13.2440897619332,-7.46159980109096,-14.9623288130811,-1.26379735816499,0.390958732794267,4.13116618774629,0.455539754932547
-18.2460675780828,-2.49878405292301,3.84154290706369,5.3676188230229,13.2654511963452,-7.47749668507206,-14.97623847888,-1.31496525453884,0.370094353171208,4.13712746645126,0.455042983117198
-18.277364436094,-2.54001647390452,3.85445899582625,5.38947677998685,13.2972449592155,-7.50829689780373,-14.9851804068964,-1.34129436624819,0.321410800706452,4.09390819581424,0.477894486616587
-18.2569966396153,-2.50871957607637,3.87184603840895,5.43965072661313,13.3215870589099,-7.51227111879841,-15.0134965123026,-1.38004287031581,0.307004443352532,4.08049531874149,0.467959050306844
-18.2222223529277,-2.48735820135782,3.87234281105382,5.48932790150873,13.3707680358179,-7.51227111879841,-15.0487674506166,-1.41928815006595,0.286636834668552,4.07950177229116,0.452559124029833
-18.1874480662529,-2.47990655901731,3.87681376485658,5.53205027190071,13.3961036905737,-7.52568411465533,-15.081057746258,-1.44462371041949,0.275211102967212,4.07205017391303,0.43815274138453
-18.1278350034593,-2.44364189964069,3.88376858188175,5.57228878352419,13.4120005720047,-7.53363255664841,-15.1267609339806,-1.48138511171631,0.279682041458258,4.07751467939442,0.425733445997109
-18.099022023089,-2.40638368793893,3.87830408279046,5.64779808929154,13.4428007797459,-7.56294243649881,-15.1615350985541,-1.51119165332833,0.263785371275219,4.08645659744829,0.399901311594788
-18.050338021819,-2.39297073172971,3.88923308096739,5.65922383950332,13.4830397608296,-7.56890376799412,-15.1873673350966,-1.5563982414078,0.24937901391842,4.08993401002782,0.379036895345678
-18.0200347148551,-2.37955777551536,3.9081104414721,5.69995912286041,13.5088721931214,-7.58132320860475,-15.1963092631248,-1.58421768026366,0.259811203730862,4.09291464937839,0.364630512696271
-17.9643958561668,-2.35322863922485,3.91903943965871,5.77596520038673,13.5222851868135,-7.57536187710413,-15.2479737361938,-1.64780496903762,0.264282142223473,4.09589528873295,0.356682163652079
-17.9425377331001,-2.32093818905793,3.93145875578041,5.83210040796306,13.5486143966403,-7.60367820172218,-15.2946704714559,-1.65625015583086,0.270740164490093,4.09490174228225,0.360159566359386
-17.8560987920193,-2.26331215493531,3.91854266701785,5.91555806160321,13.5724597187614,-7.60616208984747,-15.3607413841613,-1.71188903352389,0.301043192058694,4.11675976422617,0.327372626551669
-17.8118857704504,-2.26182182646835,3.93195552842651,5.95480302966772,13.6176664752619,-7.62503963958143,-15.3935284536357,-1.74765688350174,0.291107773187839,4.11278557842498,0.31793396205503
-17.7959889536947,-2.25387340797341,3.96076834180376,5.98510610629277,13.6256149159635,-7.63994296833614,-15.3999865127712,-1.77199889250093,0.270740164482991,4.10781784617257,0.319921049316927
-17.7944986271239,-2.25834439337743,3.97467797584917,6.02931879183381,13.6365440219272,-7.68018195595298,-15.4292961657891,-1.81770225636034,0.259811203719043,4.10483720682048,0.318927505686017
-17.7612146671246,-2.27126057342292,3.98461342873729,6.08247336879121,13.6906927742113,-7.71495638970439,-15.4427090578605,-1.85744431189539,0.255837036171495,4.09788238166207,0.314953331161194
-17.7497888300902,-2.28169287269343,4.00150369865008,6.09936360819972,13.7016218801731,-7.71197572395522,-15.4730122584732,-1.88625730216426,0.245901617300641,4.07055985426173,0.305514666663699
-17.7761731301041,-2.28748859451281,3.99394171506132,6.13623511124741,13.7060928780646,-7.72974932342589,-15.4818989894361,-1.91115128417099,0.240768317547055,4.07530679841442,0.311310337843625
-17.7439517177018,-2.28355578328043,3.99877144910224,6.15996976139836,13.7116816254288,-7.75879701510268,-15.5178460921272,-1.92053482506737,0.224416273986702,4.05578085080722,0.318554926818533
-17.7202661704554,-2.26501538746044,4.00994883360119,6.18125997913581,13.7323511196596,-7.7670470720933,-15.5250315700274,-1.92408322288916,0.217585673507489,4.06615986283995,0.297353415408521
-17.6398358476252,-2.24609058152171,4.02485201293311,6.22123827689807,13.7317597178192,-7.76314381932828,-15.5462035954309,-1.96358871857176,0.204338448339067,4.05764375040094,0.268256780502986
